2025-02-19 16:00:22.687 DEBUG [com.zaxxer.hikari.pool.HikariPool:421] HikariPool-1 - Pool stats (total=10, active=0, idle=10, waiting=0) 
2025-02-19 16:00:22.704 DEBUG [com.zaxxer.hikari.pool.HikariPool:518] HikariPool-1 - Fill pool skipped, pool is at sufficient level. 
2025-02-19 16:00:52.717 DEBUG [com.zaxxer.hikari.pool.HikariPool:421] HikariPool-1 - Pool stats (total=10, active=0, idle=10, waiting=0) 
2025-02-19 16:00:52.718 DEBUG [com.zaxxer.hikari.pool.HikariPool:518] HikariPool-1 - Fill pool skipped, pool is at sufficient level. 
2025-02-19 16:00:55.777 DEBUG [org.apache.catalina.session.ManagerBase:173] Start expire sessions StandardManager at 1739973655777 sessioncount 0 
2025-02-19 16:00:55.779 DEBUG [org.apache.catalina.session.ManagerBase:173] End expire sessions StandardManager processingTime 2 expired sessions: 0 
2025-02-19 16:01:22.729 DEBUG [com.zaxxer.hikari.pool.HikariPool:421] HikariPool-1 - Pool stats (total=10, active=0, idle=10, waiting=0) 
2025-02-19 16:01:22.730 DEBUG [com.zaxxer.hikari.pool.HikariPool:518] HikariPool-1 - Fill pool skipped, pool is at sufficient level. 
2025-02-19 16:01:52.737 DEBUG [com.zaxxer.hikari.pool.HikariPool:421] HikariPool-1 - Pool stats (total=10, active=0, idle=10, waiting=0) 
2025-02-19 16:01:52.738 DEBUG [com.zaxxer.hikari.pool.HikariPool:518] HikariPool-1 - Fill pool skipped, pool is at sufficient level. 
2025-02-19 16:01:55.829 DEBUG [org.apache.catalina.session.ManagerBase:173] Start expire sessions StandardManager at 1739973715828 sessioncount 0 
2025-02-19 16:01:55.830 DEBUG [org.apache.catalina.session.ManagerBase:173] End expire sessions StandardManager processingTime 2 expired sessions: 0 
2025-02-19 16:02:22.749 DEBUG [com.zaxxer.hikari.pool.HikariPool:421] HikariPool-1 - Pool stats (total=10, active=0, idle=10, waiting=0) 
2025-02-19 16:02:22.751 DEBUG [com.zaxxer.hikari.pool.HikariPool:518] HikariPool-1 - Fill pool skipped, pool is at sufficient level. 
2025-02-19 16:02:52.759 DEBUG [com.zaxxer.hikari.pool.HikariPool:421] HikariPool-1 - Pool stats (total=10, active=0, idle=10, waiting=0) 
2025-02-19 16:02:52.760 DEBUG [com.zaxxer.hikari.pool.HikariPool:518] HikariPool-1 - Fill pool skipped, pool is at sufficient level. 
2025-02-19 16:02:55.877 DEBUG [org.apache.catalina.session.ManagerBase:173] Start expire sessions StandardManager at 1739973775877 sessioncount 0 
2025-02-19 16:02:55.877 DEBUG [org.apache.catalina.session.ManagerBase:173] End expire sessions StandardManager processingTime 0 expired sessions: 0 
2025-02-19 16:03:22.764 DEBUG [com.zaxxer.hikari.pool.HikariPool:421] HikariPool-1 - Pool stats (total=10, active=0, idle=10, waiting=0) 
2025-02-19 16:03:22.764 DEBUG [com.zaxxer.hikari.pool.HikariPool:518] HikariPool-1 - Fill pool skipped, pool is at sufficient level. 
2025-02-19 16:03:52.773 DEBUG [com.zaxxer.hikari.pool.HikariPool:421] HikariPool-1 - Pool stats (total=10, active=0, idle=10, waiting=0) 
2025-02-19 16:03:52.774 DEBUG [com.zaxxer.hikari.pool.HikariPool:518] HikariPool-1 - Fill pool skipped, pool is at sufficient level. 
2025-02-19 16:03:55.922 DEBUG [org.apache.catalina.session.ManagerBase:173] Start expire sessions StandardManager at 1739973835922 sessioncount 0 
2025-02-19 16:03:55.923 DEBUG [org.apache.catalina.session.ManagerBase:173] End expire sessions StandardManager processingTime 1 expired sessions: 0 
2025-02-19 16:04:22.786 DEBUG [com.zaxxer.hikari.pool.HikariPool:421] HikariPool-1 - Pool stats (total=10, active=0, idle=10, waiting=0) 
2025-02-19 16:04:22.787 DEBUG [com.zaxxer.hikari.pool.HikariPool:518] HikariPool-1 - Fill pool skipped, pool is at sufficient level. 
2025-02-19 16:04:52.792 DEBUG [com.zaxxer.hikari.pool.HikariPool:421] HikariPool-1 - Pool stats (total=10, active=0, idle=10, waiting=0) 
2025-02-19 16:04:52.794 DEBUG [com.zaxxer.hikari.pool.HikariPool:518] HikariPool-1 - Fill pool skipped, pool is at sufficient level. 
2025-02-19 16:04:55.957 DEBUG [org.apache.catalina.session.ManagerBase:173] Start expire sessions StandardManager at 1739973895957 sessioncount 0 
2025-02-19 16:04:55.959 DEBUG [org.apache.catalina.session.ManagerBase:173] End expire sessions StandardManager processingTime 2 expired sessions: 0 
2025-02-19 16:05:22.806 DEBUG [com.zaxxer.hikari.pool.HikariPool:421] HikariPool-1 - Pool stats (total=10, active=0, idle=10, waiting=0) 
2025-02-19 16:05:22.807 DEBUG [com.zaxxer.hikari.pool.HikariPool:518] HikariPool-1 - Fill pool skipped, pool is at sufficient level. 
2025-02-19 16:05:52.811 DEBUG [com.zaxxer.hikari.pool.HikariPool:421] HikariPool-1 - Pool stats (total=10, active=0, idle=10, waiting=0) 
2025-02-19 16:05:52.813 DEBUG [com.zaxxer.hikari.pool.HikariPool:518] HikariPool-1 - Fill pool skipped, pool is at sufficient level. 
2025-02-19 16:05:56.024 DEBUG [org.apache.catalina.session.ManagerBase:173] Start expire sessions StandardManager at 1739973956024 sessioncount 0 
2025-02-19 16:05:56.025 DEBUG [org.apache.catalina.session.ManagerBase:173] End expire sessions StandardManager processingTime 1 expired sessions: 0 
2025-02-19 16:06:22.815 DEBUG [com.zaxxer.hikari.pool.HikariPool:421] HikariPool-1 - Pool stats (total=10, active=0, idle=10, waiting=0) 
2025-02-19 16:06:22.817 DEBUG [com.zaxxer.hikari.pool.HikariPool:518] HikariPool-1 - Fill pool skipped, pool is at sufficient level. 
2025-02-19 16:06:52.822 DEBUG [com.zaxxer.hikari.pool.HikariPool:421] HikariPool-1 - Pool stats (total=10, active=0, idle=10, waiting=0) 
2025-02-19 16:06:52.824 DEBUG [com.zaxxer.hikari.pool.HikariPool:518] HikariPool-1 - Fill pool skipped, pool is at sufficient level. 
2025-02-19 16:06:56.100 DEBUG [org.apache.catalina.session.ManagerBase:173] Start expire sessions StandardManager at 1739974016100 sessioncount 0 
2025-02-19 16:06:56.102 DEBUG [org.apache.catalina.session.ManagerBase:173] End expire sessions StandardManager processingTime 1 expired sessions: 0 
2025-02-19 16:07:22.841 DEBUG [com.zaxxer.hikari.pool.HikariPool:421] HikariPool-1 - Pool stats (total=10, active=0, idle=10, waiting=0) 
2025-02-19 16:07:22.843 DEBUG [com.zaxxer.hikari.pool.HikariPool:518] HikariPool-1 - Fill pool skipped, pool is at sufficient level. 
2025-02-19 16:07:52.855 DEBUG [com.zaxxer.hikari.pool.HikariPool:421] HikariPool-1 - Pool stats (total=10, active=0, idle=10, waiting=0) 
2025-02-19 16:07:52.857 DEBUG [com.zaxxer.hikari.pool.HikariPool:518] HikariPool-1 - Fill pool skipped, pool is at sufficient level. 
2025-02-19 16:07:56.141 DEBUG [org.apache.catalina.session.ManagerBase:173] Start expire sessions StandardManager at 1739974076140 sessioncount 0 
2025-02-19 16:07:56.142 DEBUG [org.apache.catalina.session.ManagerBase:173] End expire sessions StandardManager processingTime 2 expired sessions: 0 
2025-02-19 16:08:22.873 DEBUG [com.zaxxer.hikari.pool.HikariPool:421] HikariPool-1 - Pool stats (total=10, active=0, idle=10, waiting=0) 
2025-02-19 16:08:22.874 DEBUG [com.zaxxer.hikari.pool.HikariPool:518] HikariPool-1 - Fill pool skipped, pool is at sufficient level. 
2025-02-19 16:08:52.883 DEBUG [com.zaxxer.hikari.pool.HikariPool:421] HikariPool-1 - Pool stats (total=10, active=0, idle=10, waiting=0) 
2025-02-19 16:08:52.884 DEBUG [com.zaxxer.hikari.pool.HikariPool:518] HikariPool-1 - Fill pool skipped, pool is at sufficient level. 
2025-02-19 16:08:56.193 DEBUG [org.apache.catalina.session.ManagerBase:173] Start expire sessions StandardManager at 1739974136193 sessioncount 0 
2025-02-19 16:08:56.194 DEBUG [org.apache.catalina.session.ManagerBase:173] End expire sessions StandardManager processingTime 1 expired sessions: 0 
2025-02-19 16:09:22.888 DEBUG [com.zaxxer.hikari.pool.HikariPool:421] HikariPool-1 - Pool stats (total=10, active=0, idle=10, waiting=0) 
2025-02-19 16:09:22.890 DEBUG [com.zaxxer.hikari.pool.HikariPool:518] HikariPool-1 - Fill pool skipped, pool is at sufficient level. 
2025-02-19 16:09:52.898 DEBUG [com.zaxxer.hikari.pool.HikariPool:421] HikariPool-1 - Pool stats (total=10, active=0, idle=10, waiting=0) 
2025-02-19 16:09:52.898 DEBUG [com.zaxxer.hikari.pool.HikariPool:518] HikariPool-1 - Fill pool skipped, pool is at sufficient level. 
2025-02-19 16:09:56.242 DEBUG [org.apache.catalina.session.ManagerBase:173] Start expire sessions StandardManager at 1739974196242 sessioncount 0 
2025-02-19 16:09:56.243 DEBUG [org.apache.catalina.session.ManagerBase:173] End expire sessions StandardManager processingTime 0 expired sessions: 0 
2025-02-19 16:10:22.901 DEBUG [com.zaxxer.hikari.pool.HikariPool:421] HikariPool-1 - Pool stats (total=10, active=0, idle=10, waiting=0) 
2025-02-19 16:10:22.901 DEBUG [com.zaxxer.hikari.pool.HikariPool:518] HikariPool-1 - Fill pool skipped, pool is at sufficient level. 
2025-02-19 16:10:52.915 DEBUG [com.zaxxer.hikari.pool.HikariPool:421] HikariPool-1 - Pool stats (total=10, active=0, idle=10, waiting=0) 
2025-02-19 16:10:52.915 DEBUG [com.zaxxer.hikari.pool.HikariPool:518] HikariPool-1 - Fill pool skipped, pool is at sufficient level. 
2025-02-19 16:10:56.304 DEBUG [org.apache.catalina.session.ManagerBase:173] Start expire sessions StandardManager at 1739974256304 sessioncount 0 
2025-02-19 16:10:56.304 DEBUG [org.apache.catalina.session.ManagerBase:173] End expire sessions StandardManager processingTime 0 expired sessions: 0 
2025-02-19 16:11:22.919 DEBUG [com.zaxxer.hikari.pool.HikariPool:421] HikariPool-1 - Pool stats (total=10, active=0, idle=10, waiting=0) 
2025-02-19 16:11:22.919 DEBUG [com.zaxxer.hikari.pool.HikariPool:518] HikariPool-1 - Fill pool skipped, pool is at sufficient level. 
2025-02-19 16:11:52.923 DEBUG [com.zaxxer.hikari.pool.HikariPool:421] HikariPool-1 - Pool stats (total=10, active=0, idle=10, waiting=0) 
2025-02-19 16:11:52.923 DEBUG [com.zaxxer.hikari.pool.HikariPool:518] HikariPool-1 - Fill pool skipped, pool is at sufficient level. 
2025-02-19 16:11:56.336 DEBUG [org.apache.catalina.session.ManagerBase:173] Start expire sessions StandardManager at 1739974316336 sessioncount 0 
2025-02-19 16:11:56.336 DEBUG [org.apache.catalina.session.ManagerBase:173] End expire sessions StandardManager processingTime 0 expired sessions: 0 
2025-02-19 16:12:22.929 DEBUG [com.zaxxer.hikari.pool.HikariPool:421] HikariPool-1 - Pool stats (total=10, active=0, idle=10, waiting=0) 
2025-02-19 16:12:22.929 DEBUG [com.zaxxer.hikari.pool.HikariPool:518] HikariPool-1 - Fill pool skipped, pool is at sufficient level. 
2025-02-19 16:12:52.936 DEBUG [com.zaxxer.hikari.pool.HikariPool:421] HikariPool-1 - Pool stats (total=10, active=0, idle=10, waiting=0) 
2025-02-19 16:12:52.936 DEBUG [com.zaxxer.hikari.pool.HikariPool:518] HikariPool-1 - Fill pool skipped, pool is at sufficient level. 
2025-02-19 16:12:56.399 DEBUG [org.apache.catalina.session.ManagerBase:173] Start expire sessions StandardManager at 1739974376399 sessioncount 0 
2025-02-19 16:12:56.399 DEBUG [org.apache.catalina.session.ManagerBase:173] End expire sessions StandardManager processingTime 0 expired sessions: 0 
2025-02-19 16:13:22.950 DEBUG [com.zaxxer.hikari.pool.HikariPool:421] HikariPool-1 - Pool stats (total=10, active=0, idle=10, waiting=0) 
2025-02-19 16:13:22.954 DEBUG [com.zaxxer.hikari.pool.HikariPool:518] HikariPool-1 - Fill pool skipped, pool is at sufficient level. 
2025-02-19 16:13:52.960 DEBUG [com.zaxxer.hikari.pool.HikariPool:421] HikariPool-1 - Pool stats (total=10, active=0, idle=10, waiting=0) 
2025-02-19 16:13:52.961 DEBUG [com.zaxxer.hikari.pool.HikariPool:518] HikariPool-1 - Fill pool skipped, pool is at sufficient level. 
2025-02-19 16:13:56.444 DEBUG [org.apache.catalina.session.ManagerBase:173] Start expire sessions StandardManager at 1739974436443 sessioncount 0 
2025-02-19 16:13:56.445 DEBUG [org.apache.catalina.session.ManagerBase:173] End expire sessions StandardManager processingTime 2 expired sessions: 0 
2025-02-19 16:14:22.963 DEBUG [com.zaxxer.hikari.pool.HikariPool:421] HikariPool-1 - Pool stats (total=10, active=0, idle=10, waiting=0) 
2025-02-19 16:14:22.966 DEBUG [com.zaxxer.hikari.pool.HikariPool:518] HikariPool-1 - Fill pool skipped, pool is at sufficient level. 
2025-02-19 16:14:52.971 DEBUG [com.zaxxer.hikari.pool.HikariPool:421] HikariPool-1 - Pool stats (total=10, active=0, idle=10, waiting=0) 
2025-02-19 16:14:52.973 DEBUG [com.zaxxer.hikari.pool.HikariPool:518] HikariPool-1 - Fill pool skipped, pool is at sufficient level. 
2025-02-19 16:14:56.493 DEBUG [org.apache.catalina.session.ManagerBase:173] Start expire sessions StandardManager at 1739974496493 sessioncount 0 
2025-02-19 16:14:56.494 DEBUG [org.apache.catalina.session.ManagerBase:173] End expire sessions StandardManager processingTime 1 expired sessions: 0 
2025-02-19 16:15:22.988 DEBUG [com.zaxxer.hikari.pool.HikariPool:421] HikariPool-1 - Pool stats (total=10, active=0, idle=10, waiting=0) 
2025-02-19 16:15:22.989 DEBUG [com.zaxxer.hikari.pool.HikariPool:518] HikariPool-1 - Fill pool skipped, pool is at sufficient level. 
2025-02-19 16:15:52.994 DEBUG [com.zaxxer.hikari.pool.HikariPool:421] HikariPool-1 - Pool stats (total=10, active=0, idle=10, waiting=0) 
2025-02-19 16:15:52.995 DEBUG [com.zaxxer.hikari.pool.HikariPool:518] HikariPool-1 - Fill pool skipped, pool is at sufficient level. 
2025-02-19 16:15:56.552 DEBUG [org.apache.catalina.session.ManagerBase:173] Start expire sessions StandardManager at 1739974556551 sessioncount 0 
2025-02-19 16:15:56.553 DEBUG [org.apache.catalina.session.ManagerBase:173] End expire sessions StandardManager processingTime 2 expired sessions: 0 
2025-02-19 16:16:23.010 DEBUG [com.zaxxer.hikari.pool.HikariPool:421] HikariPool-1 - Pool stats (total=10, active=0, idle=10, waiting=0) 
2025-02-19 16:16:23.011 DEBUG [com.zaxxer.hikari.pool.HikariPool:518] HikariPool-1 - Fill pool skipped, pool is at sufficient level. 
2025-02-19 16:16:53.016 DEBUG [com.zaxxer.hikari.pool.HikariPool:421] HikariPool-1 - Pool stats (total=10, active=0, idle=10, waiting=0) 
2025-02-19 16:16:53.016 DEBUG [com.zaxxer.hikari.pool.HikariPool:518] HikariPool-1 - Fill pool skipped, pool is at sufficient level. 
2025-02-19 16:16:56.589 DEBUG [org.apache.catalina.session.ManagerBase:173] Start expire sessions StandardManager at 1739974616588 sessioncount 0 
2025-02-19 16:16:56.590 DEBUG [org.apache.catalina.session.ManagerBase:173] End expire sessions StandardManager processingTime 2 expired sessions: 0 
2025-02-19 16:17:23.030 DEBUG [com.zaxxer.hikari.pool.HikariPool:421] HikariPool-1 - Pool stats (total=10, active=0, idle=10, waiting=0) 
2025-02-19 16:17:23.030 DEBUG [com.zaxxer.hikari.pool.HikariPool:518] HikariPool-1 - Fill pool skipped, pool is at sufficient level. 
2025-02-19 16:17:53.034 DEBUG [com.zaxxer.hikari.pool.HikariPool:421] HikariPool-1 - Pool stats (total=10, active=0, idle=10, waiting=0) 
2025-02-19 16:17:53.034 DEBUG [com.zaxxer.hikari.pool.HikariPool:518] HikariPool-1 - Fill pool skipped, pool is at sufficient level. 
2025-02-19 16:17:56.647 DEBUG [org.apache.catalina.session.ManagerBase:173] Start expire sessions StandardManager at 1739974676647 sessioncount 0 
2025-02-19 16:17:56.647 DEBUG [org.apache.catalina.session.ManagerBase:173] End expire sessions StandardManager processingTime 0 expired sessions: 0 
2025-02-19 16:18:23.035 DEBUG [com.zaxxer.hikari.pool.HikariPool:421] HikariPool-1 - Pool stats (total=10, active=0, idle=10, waiting=0) 
2025-02-19 16:18:23.035 DEBUG [com.zaxxer.hikari.pool.HikariPool:518] HikariPool-1 - Fill pool skipped, pool is at sufficient level. 
2025-02-19 16:18:53.046 DEBUG [com.zaxxer.hikari.pool.HikariPool:421] HikariPool-1 - Pool stats (total=10, active=0, idle=10, waiting=0) 
2025-02-19 16:18:53.047 DEBUG [com.zaxxer.hikari.pool.HikariPool:518] HikariPool-1 - Fill pool skipped, pool is at sufficient level. 
2025-02-19 16:18:56.722 DEBUG [org.apache.catalina.session.ManagerBase:173] Start expire sessions StandardManager at 1739974736722 sessioncount 0 
2025-02-19 16:18:56.723 DEBUG [org.apache.catalina.session.ManagerBase:173] End expire sessions StandardManager processingTime 1 expired sessions: 0 
2025-02-19 16:19:23.056 DEBUG [com.zaxxer.hikari.pool.HikariPool:421] HikariPool-1 - Pool stats (total=10, active=0, idle=10, waiting=0) 
2025-02-19 16:19:23.057 DEBUG [com.zaxxer.hikari.pool.HikariPool:518] HikariPool-1 - Fill pool skipped, pool is at sufficient level. 
2025-02-19 16:19:53.061 DEBUG [com.zaxxer.hikari.pool.HikariPool:421] HikariPool-1 - Pool stats (total=10, active=0, idle=10, waiting=0) 
2025-02-19 16:19:53.062 DEBUG [com.zaxxer.hikari.pool.HikariPool:518] HikariPool-1 - Fill pool skipped, pool is at sufficient level. 
2025-02-19 16:19:56.781 DEBUG [org.apache.catalina.session.ManagerBase:173] Start expire sessions StandardManager at 1739974796781 sessioncount 0 
2025-02-19 16:19:56.781 DEBUG [org.apache.catalina.session.ManagerBase:173] End expire sessions StandardManager processingTime 0 expired sessions: 0 
2025-02-19 16:20:23.065 DEBUG [com.zaxxer.hikari.pool.HikariPool:421] HikariPool-1 - Pool stats (total=10, active=0, idle=10, waiting=0) 
2025-02-19 16:20:23.067 DEBUG [com.zaxxer.hikari.pool.HikariPool:518] HikariPool-1 - Fill pool skipped, pool is at sufficient level. 
2025-02-19 16:20:53.070 DEBUG [com.zaxxer.hikari.pool.HikariPool:421] HikariPool-1 - Pool stats (total=10, active=0, idle=10, waiting=0) 
2025-02-19 16:20:53.071 DEBUG [com.zaxxer.hikari.pool.HikariPool:518] HikariPool-1 - Fill pool skipped, pool is at sufficient level. 
2025-02-19 16:20:56.834 DEBUG [org.apache.catalina.session.ManagerBase:173] Start expire sessions StandardManager at 1739974856833 sessioncount 0 
2025-02-19 16:20:56.836 DEBUG [org.apache.catalina.session.ManagerBase:173] End expire sessions StandardManager processingTime 2 expired sessions: 0 
2025-02-19 16:21:23.084 DEBUG [com.zaxxer.hikari.pool.HikariPool:421] HikariPool-1 - Pool stats (total=10, active=0, idle=10, waiting=0) 
2025-02-19 16:21:23.085 DEBUG [com.zaxxer.hikari.pool.HikariPool:518] HikariPool-1 - Fill pool skipped, pool is at sufficient level. 
2025-02-19 16:21:53.091 DEBUG [com.zaxxer.hikari.pool.HikariPool:421] HikariPool-1 - Pool stats (total=10, active=0, idle=10, waiting=0) 
2025-02-19 16:21:53.093 DEBUG [com.zaxxer.hikari.pool.HikariPool:518] HikariPool-1 - Fill pool skipped, pool is at sufficient level. 
2025-02-19 16:21:56.880 DEBUG [org.apache.catalina.session.ManagerBase:173] Start expire sessions StandardManager at 1739974916880 sessioncount 0 
2025-02-19 16:21:56.881 DEBUG [org.apache.catalina.session.ManagerBase:173] End expire sessions StandardManager processingTime 1 expired sessions: 0 
2025-02-19 16:22:23.103 DEBUG [com.zaxxer.hikari.pool.HikariPool:421] HikariPool-1 - Pool stats (total=10, active=0, idle=10, waiting=0) 
2025-02-19 16:22:23.104 DEBUG [com.zaxxer.hikari.pool.HikariPool:518] HikariPool-1 - Fill pool skipped, pool is at sufficient level. 
2025-02-19 16:22:53.110 DEBUG [com.zaxxer.hikari.pool.HikariPool:421] HikariPool-1 - Pool stats (total=10, active=0, idle=10, waiting=0) 
2025-02-19 16:22:53.111 DEBUG [com.zaxxer.hikari.pool.HikariPool:518] HikariPool-1 - Fill pool skipped, pool is at sufficient level. 
2025-02-19 16:22:56.928 DEBUG [org.apache.catalina.session.ManagerBase:173] Start expire sessions StandardManager at 1739974976928 sessioncount 0 
2025-02-19 16:22:56.928 DEBUG [org.apache.catalina.session.ManagerBase:173] End expire sessions StandardManager processingTime 0 expired sessions: 0 
2025-02-19 16:23:13.115 DEBUG [com.zaxxer.hikari.pool.PoolBase:134] HikariPool-1 - Closing connection ConnectionID:3 ClientConnectionId: 0703b27d-e892-4c92-bcfa-c97253a51a34: (connection has passed maxLifetime) 
2025-02-19 16:23:13.116 DEBUG [com.microsoft.sqlserver.jdbc.Driver:1244] Microsoft JDBC Driver 12.8.1.0 for SQL Server 
2025-02-19 16:23:13.116 DEBUG [com.microsoft.sqlserver.jdbc.internals.SQLServerDriver:307] Property:serverName Value:C21SQL04 
2025-02-19 16:23:13.117 DEBUG [com.microsoft.sqlserver.jdbc.internals.SQLServerDriver:344] Property:instanceName Value:AMOS.1 
2025-02-19 16:23:13.117 DEBUG [com.zaxxer.hikari.pool.PoolBase:134] HikariPool-1 - Closing connection ConnectionID:7 ClientConnectionId: b07b4d5f-a935-48ba-97c1-77e744acfa92: (connection has passed maxLifetime) 
2025-02-19 16:23:13.117 DEBUG [com.microsoft.sqlserver.jdbc.internals.SQLServerDriver:328] Property:portNumber Value:1433 
2025-02-19 16:23:13.117 DEBUG [com.microsoft.sqlserver.jdbc.internals.SQLServerDriver:394] Property:databaseName Value:CS_Caissa_Central_Master_Data 
2025-02-19 16:23:13.117 DEBUG [com.zaxxer.hikari.pool.HikariPool:518] HikariPool-1 - Fill pool skipped, pool is at sufficient level. 
2025-02-19 16:23:13.117 DEBUG [com.microsoft.sqlserver.jdbc.internals.SQLServerDriver:394] Property:integratedSecurity Value:true 
2025-02-19 16:23:13.118 DEBUG [com.microsoft.sqlserver.jdbc.internals.SQLServerDriver:514] Property:encrypt Value:false 
2025-02-19 16:23:13.118 DEBUG [com.microsoft.sqlserver.jdbc.internals.SQLServerConnection:1777] ConnectionID:11 created by (SQLServerDriver:1) 
2025-02-19 16:23:13.118 DEBUG [com.microsoft.sqlserver.jdbc.internals.SQLServerConnection:3750] ConnectionID:11 Connecting with server: C21SQL04 port: 1433 Timeout slice: 3750 Timeout Full: 30 
2025-02-19 16:23:13.201 DEBUG [com.microsoft.sqlserver.jdbc.internals.SQLServerConnection:4137] ConnectionID:11 ClientConnectionId: 2ac682da-1fab-45f3-988c-45eca251b9e4 Server returned major version:13 
2025-02-19 16:23:13.261 DEBUG [com.microsoft.sqlserver.jdbc.internals.AuthenticationJNI:-2] C21SQL04 
2025-02-19 16:23:13.262 DEBUG [com.microsoft.sqlserver.jdbc.internals.AuthenticationJNI:-2] GetDnsName 
2025-02-19 16:23:13.322 DEBUG [com.microsoft.sqlserver.jdbc.internals.AuthenticationJNI:-2] GetDnsName success 
2025-02-19 16:23:13.322 DEBUG [com.microsoft.sqlserver.jdbc.internals.AuthenticationJNI:-2] AuthenticationJNI_SNISecGenClientContext called 
2025-02-19 16:23:13.323 DEBUG [com.microsoft.sqlserver.jdbc.internals.AuthenticationJNI:-2] C21SQL04.woolworths.co.za 
2025-02-19 16:23:13.340 DEBUG [com.microsoft.sqlserver.jdbc.internals.AuthenticationJNI:-2] MSSQLSvc/C21SQL04.woolworths.co.za:1433 
2025-02-19 16:23:13.340 DEBUG [com.microsoft.sqlserver.jdbc.internals.AuthenticationJNI:-2] MSSQLSvc/C21SQL04.woolworths.co.za:1433 
2025-02-19 16:23:13.340 DEBUG [com.microsoft.sqlserver.jdbc.internals.AuthenticationJNI:-2] Calling the SNISecGenClientContext
 
2025-02-19 16:23:13.340 DEBUG [com.microsoft.sqlserver.jdbc.internals.AuthenticationJNI:-2] SNISecGenClientContext called 
2025-02-19 16:23:13.340 DEBUG [com.microsoft.sqlserver.jdbc.internals.AuthenticationJNI:-2] negotiate 
2025-02-19 16:23:13.341 DEBUG [com.microsoft.sqlserver.jdbc.internals.AuthenticationJNI:-2] MSSQLSvc/C21SQL04.woolworths.co.za:1433 
2025-02-19 16:23:13.528 DEBUG [com.microsoft.sqlserver.jdbc.internals.AuthenticationJNI:-2] SEC Init succeeded 
2025-02-19 16:23:13.573 DEBUG [com.microsoft.sqlserver.jdbc.internals.AuthenticationJNI:-2] AuthenticationJNI_SNISecGenClientContext called 
2025-02-19 16:23:13.574 DEBUG [com.microsoft.sqlserver.jdbc.internals.AuthenticationJNI:-2] C21SQL04.woolworths.co.za 
2025-02-19 16:23:13.576 DEBUG [com.microsoft.sqlserver.jdbc.internals.AuthenticationJNI:-2] MSSQLSvc/C21SQL04.woolworths.co.za:1433 
2025-02-19 16:23:13.578 DEBUG [com.microsoft.sqlserver.jdbc.internals.AuthenticationJNI:-2] MSSQLSvc/C21SQL04.woolworths.co.za:1433 
2025-02-19 16:23:13.578 DEBUG [com.microsoft.sqlserver.jdbc.internals.AuthenticationJNI:-2] Calling the SNISecGenClientContext
 
2025-02-19 16:23:13.579 DEBUG [com.microsoft.sqlserver.jdbc.internals.AuthenticationJNI:-2] SNISecGenClientContext called 
2025-02-19 16:23:13.579 DEBUG [com.microsoft.sqlserver.jdbc.internals.AuthenticationJNI:-2] negotiate 
2025-02-19 16:23:13.580 DEBUG [com.microsoft.sqlserver.jdbc.internals.AuthenticationJNI:-2] MSSQLSvc/C21SQL04.woolworths.co.za:1433 
2025-02-19 16:23:13.581 DEBUG [com.microsoft.sqlserver.jdbc.internals.AuthenticationJNI:-2] SEC Init succeeded 
2025-02-19 16:23:13.665 DEBUG [com.zaxxer.hikari.pool.HikariPool:729] HikariPool-1 - Added connection ConnectionID:11 ClientConnectionId: 2ac682da-1fab-45f3-988c-45eca251b9e4 
2025-02-19 16:23:13.666 DEBUG [com.microsoft.sqlserver.jdbc.Driver:1244] Microsoft JDBC Driver 12.8.1.0 for SQL Server 
2025-02-19 16:23:13.667 DEBUG [com.microsoft.sqlserver.jdbc.internals.SQLServerDriver:307] Property:serverName Value:C21SQL04 
2025-02-19 16:23:13.667 DEBUG [com.microsoft.sqlserver.jdbc.internals.SQLServerDriver:344] Property:instanceName Value:AMOS.1 
2025-02-19 16:23:13.667 DEBUG [com.microsoft.sqlserver.jdbc.internals.SQLServerDriver:328] Property:portNumber Value:1433 
2025-02-19 16:23:13.668 DEBUG [com.microsoft.sqlserver.jdbc.internals.SQLServerDriver:394] Property:databaseName Value:CS_Caissa_Central_Master_Data 
2025-02-19 16:23:13.668 DEBUG [com.microsoft.sqlserver.jdbc.internals.SQLServerDriver:394] Property:integratedSecurity Value:true 
2025-02-19 16:23:13.668 DEBUG [com.microsoft.sqlserver.jdbc.internals.SQLServerDriver:514] Property:encrypt Value:false 
2025-02-19 16:23:13.668 DEBUG [com.microsoft.sqlserver.jdbc.internals.SQLServerConnection:1777] ConnectionID:12 created by (SQLServerDriver:1) 
2025-02-19 16:23:13.669 DEBUG [com.microsoft.sqlserver.jdbc.internals.SQLServerConnection:3750] ConnectionID:12 Connecting with server: C21SQL04 port: 1433 Timeout slice: 3750 Timeout Full: 30 
2025-02-19 16:23:13.780 DEBUG [com.microsoft.sqlserver.jdbc.internals.SQLServerConnection:4137] ConnectionID:12 ClientConnectionId: a29db622-e880-47db-889c-7096059834e0 Server returned major version:13 
2025-02-19 16:23:13.843 DEBUG [com.microsoft.sqlserver.jdbc.internals.AuthenticationJNI:-2] C21SQL04 
2025-02-19 16:23:13.843 DEBUG [com.microsoft.sqlserver.jdbc.internals.AuthenticationJNI:-2] GetDnsName 
2025-02-19 16:23:13.844 DEBUG [com.microsoft.sqlserver.jdbc.internals.AuthenticationJNI:-2] GetDnsName success 
2025-02-19 16:23:13.845 DEBUG [com.microsoft.sqlserver.jdbc.internals.AuthenticationJNI:-2] AuthenticationJNI_SNISecGenClientContext called 
2025-02-19 16:23:13.845 DEBUG [com.microsoft.sqlserver.jdbc.internals.AuthenticationJNI:-2] C21SQL04.woolworths.co.za 
2025-02-19 16:23:13.846 DEBUG [com.microsoft.sqlserver.jdbc.internals.AuthenticationJNI:-2] MSSQLSvc/C21SQL04.woolworths.co.za:1433 
2025-02-19 16:23:13.847 DEBUG [com.microsoft.sqlserver.jdbc.internals.AuthenticationJNI:-2] MSSQLSvc/C21SQL04.woolworths.co.za:1433 
2025-02-19 16:23:13.847 DEBUG [com.microsoft.sqlserver.jdbc.internals.AuthenticationJNI:-2] Calling the SNISecGenClientContext
 
2025-02-19 16:23:13.848 DEBUG [com.microsoft.sqlserver.jdbc.internals.AuthenticationJNI:-2] SNISecGenClientContext called 
2025-02-19 16:23:13.848 DEBUG [com.microsoft.sqlserver.jdbc.internals.AuthenticationJNI:-2] negotiate 
2025-02-19 16:23:13.849 DEBUG [com.microsoft.sqlserver.jdbc.internals.AuthenticationJNI:-2] MSSQLSvc/C21SQL04.woolworths.co.za:1433 
2025-02-19 16:23:13.850 DEBUG [com.microsoft.sqlserver.jdbc.internals.AuthenticationJNI:-2] SEC Init succeeded 
2025-02-19 16:23:13.902 DEBUG [com.microsoft.sqlserver.jdbc.internals.AuthenticationJNI:-2] AuthenticationJNI_SNISecGenClientContext called 
2025-02-19 16:23:13.903 DEBUG [com.microsoft.sqlserver.jdbc.internals.AuthenticationJNI:-2] C21SQL04.woolworths.co.za 
2025-02-19 16:23:13.903 DEBUG [com.microsoft.sqlserver.jdbc.internals.AuthenticationJNI:-2] MSSQLSvc/C21SQL04.woolworths.co.za:1433 
2025-02-19 16:23:13.904 DEBUG [com.microsoft.sqlserver.jdbc.internals.AuthenticationJNI:-2] MSSQLSvc/C21SQL04.woolworths.co.za:1433 
2025-02-19 16:23:13.904 DEBUG [com.microsoft.sqlserver.jdbc.internals.AuthenticationJNI:-2] Calling the SNISecGenClientContext
 
2025-02-19 16:23:13.904 DEBUG [com.microsoft.sqlserver.jdbc.internals.AuthenticationJNI:-2] SNISecGenClientContext called 
2025-02-19 16:23:13.904 DEBUG [com.microsoft.sqlserver.jdbc.internals.AuthenticationJNI:-2] negotiate 
2025-02-19 16:23:13.904 DEBUG [com.microsoft.sqlserver.jdbc.internals.AuthenticationJNI:-2] MSSQLSvc/C21SQL04.woolworths.co.za:1433 
2025-02-19 16:23:13.905 DEBUG [com.microsoft.sqlserver.jdbc.internals.AuthenticationJNI:-2] SEC Init succeeded 
2025-02-19 16:23:13.995 DEBUG [com.zaxxer.hikari.pool.HikariPool:729] HikariPool-1 - Added connection ConnectionID:12 ClientConnectionId: a29db622-e880-47db-889c-7096059834e0 
2025-02-19 16:23:15.639 DEBUG [com.zaxxer.hikari.pool.PoolBase:134] HikariPool-1 - Closing connection ConnectionID:2 ClientConnectionId: fb8b05c0-3f5a-4b4a-a457-1754a41a005e: (connection has passed maxLifetime) 
2025-02-19 16:23:15.640 DEBUG [com.microsoft.sqlserver.jdbc.Driver:1244] Microsoft JDBC Driver 12.8.1.0 for SQL Server 
2025-02-19 16:23:15.641 DEBUG [com.microsoft.sqlserver.jdbc.internals.SQLServerDriver:307] Property:serverName Value:C21SQL04 
2025-02-19 16:23:15.642 DEBUG [com.microsoft.sqlserver.jdbc.internals.SQLServerDriver:344] Property:instanceName Value:AMOS.1 
2025-02-19 16:23:15.643 DEBUG [com.microsoft.sqlserver.jdbc.internals.SQLServerDriver:328] Property:portNumber Value:1433 
2025-02-19 16:23:15.644 DEBUG [com.microsoft.sqlserver.jdbc.internals.SQLServerDriver:394] Property:databaseName Value:CS_Caissa_Central_Master_Data 
2025-02-19 16:23:15.644 DEBUG [com.microsoft.sqlserver.jdbc.internals.SQLServerDriver:394] Property:integratedSecurity Value:true 
2025-02-19 16:23:15.645 DEBUG [com.microsoft.sqlserver.jdbc.internals.SQLServerDriver:514] Property:encrypt Value:false 
2025-02-19 16:23:15.645 DEBUG [com.microsoft.sqlserver.jdbc.internals.SQLServerConnection:1777] ConnectionID:13 created by (SQLServerDriver:1) 
2025-02-19 16:23:15.646 DEBUG [com.microsoft.sqlserver.jdbc.internals.SQLServerConnection:3750] ConnectionID:13 Connecting with server: C21SQL04 port: 1433 Timeout slice: 3749 Timeout Full: 30 
2025-02-19 16:23:15.708 DEBUG [com.microsoft.sqlserver.jdbc.internals.SQLServerConnection:4137] ConnectionID:13 ClientConnectionId: 4d89c4b2-fb74-46f1-8fa5-4bb1939806c8 Server returned major version:13 
2025-02-19 16:23:15.769 DEBUG [com.microsoft.sqlserver.jdbc.internals.AuthenticationJNI:-2] C21SQL04 
2025-02-19 16:23:15.769 DEBUG [com.microsoft.sqlserver.jdbc.internals.AuthenticationJNI:-2] GetDnsName 
2025-02-19 16:23:15.771 DEBUG [com.microsoft.sqlserver.jdbc.internals.AuthenticationJNI:-2] GetDnsName success 
2025-02-19 16:23:15.771 DEBUG [com.microsoft.sqlserver.jdbc.internals.AuthenticationJNI:-2] AuthenticationJNI_SNISecGenClientContext called 
2025-02-19 16:23:15.772 DEBUG [com.microsoft.sqlserver.jdbc.internals.AuthenticationJNI:-2] C21SQL04.woolworths.co.za 
2025-02-19 16:23:15.773 DEBUG [com.microsoft.sqlserver.jdbc.internals.AuthenticationJNI:-2] MSSQLSvc/C21SQL04.woolworths.co.za:1433 
2025-02-19 16:23:15.774 DEBUG [com.microsoft.sqlserver.jdbc.internals.AuthenticationJNI:-2] MSSQLSvc/C21SQL04.woolworths.co.za:1433 
2025-02-19 16:23:15.774 DEBUG [com.microsoft.sqlserver.jdbc.internals.AuthenticationJNI:-2] Calling the SNISecGenClientContext
 
2025-02-19 16:23:15.774 DEBUG [com.microsoft.sqlserver.jdbc.internals.AuthenticationJNI:-2] SNISecGenClientContext called 
2025-02-19 16:23:15.775 DEBUG [com.microsoft.sqlserver.jdbc.internals.AuthenticationJNI:-2] negotiate 
2025-02-19 16:23:15.776 DEBUG [com.microsoft.sqlserver.jdbc.internals.AuthenticationJNI:-2] MSSQLSvc/C21SQL04.woolworths.co.za:1433 
2025-02-19 16:23:15.777 DEBUG [com.microsoft.sqlserver.jdbc.internals.AuthenticationJNI:-2] SEC Init succeeded 
2025-02-19 16:23:15.806 DEBUG [com.microsoft.sqlserver.jdbc.internals.AuthenticationJNI:-2] AuthenticationJNI_SNISecGenClientContext called 
2025-02-19 16:23:15.807 DEBUG [com.microsoft.sqlserver.jdbc.internals.AuthenticationJNI:-2] C21SQL04.woolworths.co.za 
2025-02-19 16:23:15.809 DEBUG [com.microsoft.sqlserver.jdbc.internals.AuthenticationJNI:-2] MSSQLSvc/C21SQL04.woolworths.co.za:1433 
2025-02-19 16:23:15.810 DEBUG [com.microsoft.sqlserver.jdbc.internals.AuthenticationJNI:-2] MSSQLSvc/C21SQL04.woolworths.co.za:1433 
2025-02-19 16:23:15.811 DEBUG [com.microsoft.sqlserver.jdbc.internals.AuthenticationJNI:-2] Calling the SNISecGenClientContext
 
2025-02-19 16:23:15.811 DEBUG [com.microsoft.sqlserver.jdbc.internals.AuthenticationJNI:-2] SNISecGenClientContext called 
2025-02-19 16:23:15.811 DEBUG [com.microsoft.sqlserver.jdbc.internals.AuthenticationJNI:-2] negotiate 
2025-02-19 16:23:15.812 DEBUG [com.microsoft.sqlserver.jdbc.internals.AuthenticationJNI:-2] MSSQLSvc/C21SQL04.woolworths.co.za:1433 
2025-02-19 16:23:15.813 DEBUG [com.microsoft.sqlserver.jdbc.internals.AuthenticationJNI:-2] SEC Init succeeded 
2025-02-19 16:23:15.864 DEBUG [com.zaxxer.hikari.pool.HikariPool:729] HikariPool-1 - Added connection ConnectionID:13 ClientConnectionId: 4d89c4b2-fb74-46f1-8fa5-4bb1939806c8 
2025-02-19 16:23:17.899 DEBUG [com.zaxxer.hikari.pool.PoolBase:134] HikariPool-1 - Closing connection ConnectionID:6 ClientConnectionId: 9d13d25a-4446-4fd0-8297-955ab1653015: (connection has passed maxLifetime) 
2025-02-19 16:23:17.899 DEBUG [com.microsoft.sqlserver.jdbc.Driver:1244] Microsoft JDBC Driver 12.8.1.0 for SQL Server 
2025-02-19 16:23:17.899 DEBUG [com.microsoft.sqlserver.jdbc.internals.SQLServerDriver:307] Property:serverName Value:C21SQL04 
2025-02-19 16:23:17.899 DEBUG [com.microsoft.sqlserver.jdbc.internals.SQLServerDriver:344] Property:instanceName Value:AMOS.1 
2025-02-19 16:23:17.899 DEBUG [com.microsoft.sqlserver.jdbc.internals.SQLServerDriver:328] Property:portNumber Value:1433 
2025-02-19 16:23:17.899 DEBUG [com.microsoft.sqlserver.jdbc.internals.SQLServerDriver:394] Property:databaseName Value:CS_Caissa_Central_Master_Data 
2025-02-19 16:23:17.900 DEBUG [com.microsoft.sqlserver.jdbc.internals.SQLServerDriver:394] Property:integratedSecurity Value:true 
2025-02-19 16:23:17.900 DEBUG [com.microsoft.sqlserver.jdbc.internals.SQLServerDriver:514] Property:encrypt Value:false 
2025-02-19 16:23:17.900 DEBUG [com.microsoft.sqlserver.jdbc.internals.SQLServerConnection:1777] ConnectionID:14 created by (SQLServerDriver:1) 
2025-02-19 16:23:17.900 DEBUG [com.microsoft.sqlserver.jdbc.internals.SQLServerConnection:3750] ConnectionID:14 Connecting with server: C21SQL04 port: 1433 Timeout slice: 3750 Timeout Full: 30 
2025-02-19 16:23:17.954 DEBUG [com.microsoft.sqlserver.jdbc.internals.SQLServerConnection:4137] ConnectionID:14 ClientConnectionId: 9f59a683-fd78-473f-a931-c34ba3da4939 Server returned major version:13 
2025-02-19 16:23:18.013 DEBUG [com.microsoft.sqlserver.jdbc.internals.AuthenticationJNI:-2] C21SQL04 
2025-02-19 16:23:18.013 DEBUG [com.microsoft.sqlserver.jdbc.internals.AuthenticationJNI:-2] GetDnsName 
2025-02-19 16:23:18.014 DEBUG [com.microsoft.sqlserver.jdbc.internals.AuthenticationJNI:-2] GetDnsName success 
2025-02-19 16:23:18.014 DEBUG [com.microsoft.sqlserver.jdbc.internals.AuthenticationJNI:-2] AuthenticationJNI_SNISecGenClientContext called 
2025-02-19 16:23:18.014 DEBUG [com.microsoft.sqlserver.jdbc.internals.AuthenticationJNI:-2] C21SQL04.woolworths.co.za 
2025-02-19 16:23:18.015 DEBUG [com.microsoft.sqlserver.jdbc.internals.AuthenticationJNI:-2] MSSQLSvc/C21SQL04.woolworths.co.za:1433 
2025-02-19 16:23:18.015 DEBUG [com.microsoft.sqlserver.jdbc.internals.AuthenticationJNI:-2] MSSQLSvc/C21SQL04.woolworths.co.za:1433 
2025-02-19 16:23:18.015 DEBUG [com.microsoft.sqlserver.jdbc.internals.AuthenticationJNI:-2] Calling the SNISecGenClientContext
 
2025-02-19 16:23:18.015 DEBUG [com.microsoft.sqlserver.jdbc.internals.AuthenticationJNI:-2] SNISecGenClientContext called 
2025-02-19 16:23:18.015 DEBUG [com.microsoft.sqlserver.jdbc.internals.AuthenticationJNI:-2] negotiate 
2025-02-19 16:23:18.015 DEBUG [com.microsoft.sqlserver.jdbc.internals.AuthenticationJNI:-2] MSSQLSvc/C21SQL04.woolworths.co.za:1433 
2025-02-19 16:23:18.016 DEBUG [com.microsoft.sqlserver.jdbc.internals.AuthenticationJNI:-2] SEC Init succeeded 
2025-02-19 16:23:18.038 DEBUG [com.microsoft.sqlserver.jdbc.internals.AuthenticationJNI:-2] AuthenticationJNI_SNISecGenClientContext called 
2025-02-19 16:23:18.038 DEBUG [com.microsoft.sqlserver.jdbc.internals.AuthenticationJNI:-2] C21SQL04.woolworths.co.za 
2025-02-19 16:23:18.039 DEBUG [com.microsoft.sqlserver.jdbc.internals.AuthenticationJNI:-2] MSSQLSvc/C21SQL04.woolworths.co.za:1433 
2025-02-19 16:23:18.039 DEBUG [com.microsoft.sqlserver.jdbc.internals.AuthenticationJNI:-2] MSSQLSvc/C21SQL04.woolworths.co.za:1433 
2025-02-19 16:23:18.039 DEBUG [com.microsoft.sqlserver.jdbc.internals.AuthenticationJNI:-2] Calling the SNISecGenClientContext
 
2025-02-19 16:23:18.039 DEBUG [com.microsoft.sqlserver.jdbc.internals.AuthenticationJNI:-2] SNISecGenClientContext called 
2025-02-19 16:23:18.039 DEBUG [com.microsoft.sqlserver.jdbc.internals.AuthenticationJNI:-2] negotiate 
2025-02-19 16:23:18.039 DEBUG [com.microsoft.sqlserver.jdbc.internals.AuthenticationJNI:-2] MSSQLSvc/C21SQL04.woolworths.co.za:1433 
2025-02-19 16:23:18.040 DEBUG [com.microsoft.sqlserver.jdbc.internals.AuthenticationJNI:-2] SEC Init succeeded 
2025-02-19 16:23:18.094 DEBUG [com.zaxxer.hikari.pool.HikariPool:729] HikariPool-1 - Added connection ConnectionID:14 ClientConnectionId: 9f59a683-fd78-473f-a931-c34ba3da4939 
2025-02-19 16:23:20.739 DEBUG [com.zaxxer.hikari.pool.PoolBase:134] HikariPool-1 - Closing connection ConnectionID:1 ClientConnectionId: ce21b7e8-0bc6-4b9d-bc18-1cb5af7e0d37: (connection has passed maxLifetime) 
2025-02-19 16:23:20.740 DEBUG [com.microsoft.sqlserver.jdbc.Driver:1244] Microsoft JDBC Driver 12.8.1.0 for SQL Server 
2025-02-19 16:23:20.741 DEBUG [com.microsoft.sqlserver.jdbc.internals.SQLServerDriver:307] Property:serverName Value:C21SQL04 
2025-02-19 16:23:20.742 DEBUG [com.microsoft.sqlserver.jdbc.internals.SQLServerDriver:344] Property:instanceName Value:AMOS.1 
2025-02-19 16:23:20.743 DEBUG [com.microsoft.sqlserver.jdbc.internals.SQLServerDriver:328] Property:portNumber Value:1433 
2025-02-19 16:23:20.743 DEBUG [com.microsoft.sqlserver.jdbc.internals.SQLServerDriver:394] Property:databaseName Value:CS_Caissa_Central_Master_Data 
2025-02-19 16:23:20.744 DEBUG [com.microsoft.sqlserver.jdbc.internals.SQLServerDriver:394] Property:integratedSecurity Value:true 
2025-02-19 16:23:20.744 DEBUG [com.microsoft.sqlserver.jdbc.internals.SQLServerDriver:514] Property:encrypt Value:false 
2025-02-19 16:23:20.745 DEBUG [com.microsoft.sqlserver.jdbc.internals.SQLServerConnection:1777] ConnectionID:15 created by (SQLServerDriver:1) 
2025-02-19 16:23:20.746 DEBUG [com.microsoft.sqlserver.jdbc.internals.SQLServerConnection:3750] ConnectionID:15 Connecting with server: C21SQL04 port: 1433 Timeout slice: 3750 Timeout Full: 30 
2025-02-19 16:23:20.818 DEBUG [com.microsoft.sqlserver.jdbc.internals.SQLServerConnection:4137] ConnectionID:15 ClientConnectionId: d7bc16df-dc48-48e1-9f98-17ac5e0acf69 Server returned major version:13 
2025-02-19 16:23:20.887 DEBUG [com.microsoft.sqlserver.jdbc.internals.AuthenticationJNI:-2] C21SQL04 
2025-02-19 16:23:20.887 DEBUG [com.microsoft.sqlserver.jdbc.internals.AuthenticationJNI:-2] GetDnsName 
2025-02-19 16:23:20.888 DEBUG [com.microsoft.sqlserver.jdbc.internals.AuthenticationJNI:-2] GetDnsName success 
2025-02-19 16:23:20.888 DEBUG [com.microsoft.sqlserver.jdbc.internals.AuthenticationJNI:-2] AuthenticationJNI_SNISecGenClientContext called 
2025-02-19 16:23:20.889 DEBUG [com.microsoft.sqlserver.jdbc.internals.AuthenticationJNI:-2] C21SQL04.woolworths.co.za 
2025-02-19 16:23:20.890 DEBUG [com.microsoft.sqlserver.jdbc.internals.AuthenticationJNI:-2] MSSQLSvc/C21SQL04.woolworths.co.za:1433 
2025-02-19 16:23:20.890 DEBUG [com.microsoft.sqlserver.jdbc.internals.AuthenticationJNI:-2] MSSQLSvc/C21SQL04.woolworths.co.za:1433 
2025-02-19 16:23:20.890 DEBUG [com.microsoft.sqlserver.jdbc.internals.AuthenticationJNI:-2] Calling the SNISecGenClientContext
 
2025-02-19 16:23:20.891 DEBUG [com.microsoft.sqlserver.jdbc.internals.AuthenticationJNI:-2] SNISecGenClientContext called 
2025-02-19 16:23:20.891 DEBUG [com.microsoft.sqlserver.jdbc.internals.AuthenticationJNI:-2] negotiate 
2025-02-19 16:23:20.891 DEBUG [com.microsoft.sqlserver.jdbc.internals.AuthenticationJNI:-2] MSSQLSvc/C21SQL04.woolworths.co.za:1433 
2025-02-19 16:23:20.892 DEBUG [com.microsoft.sqlserver.jdbc.internals.AuthenticationJNI:-2] SEC Init succeeded 
2025-02-19 16:23:20.911 DEBUG [com.microsoft.sqlserver.jdbc.internals.AuthenticationJNI:-2] AuthenticationJNI_SNISecGenClientContext called 
2025-02-19 16:23:20.912 DEBUG [com.microsoft.sqlserver.jdbc.internals.AuthenticationJNI:-2] C21SQL04.woolworths.co.za 
2025-02-19 16:23:20.912 DEBUG [com.microsoft.sqlserver.jdbc.internals.AuthenticationJNI:-2] MSSQLSvc/C21SQL04.woolworths.co.za:1433 
2025-02-19 16:23:20.913 DEBUG [com.microsoft.sqlserver.jdbc.internals.AuthenticationJNI:-2] MSSQLSvc/C21SQL04.woolworths.co.za:1433 
2025-02-19 16:23:20.913 DEBUG [com.microsoft.sqlserver.jdbc.internals.AuthenticationJNI:-2] Calling the SNISecGenClientContext
 
2025-02-19 16:23:20.913 DEBUG [com.microsoft.sqlserver.jdbc.internals.AuthenticationJNI:-2] SNISecGenClientContext called 
2025-02-19 16:23:20.913 DEBUG [com.microsoft.sqlserver.jdbc.internals.AuthenticationJNI:-2] negotiate 
2025-02-19 16:23:20.914 DEBUG [com.microsoft.sqlserver.jdbc.internals.AuthenticationJNI:-2] MSSQLSvc/C21SQL04.woolworths.co.za:1433 
2025-02-19 16:23:20.914 DEBUG [com.microsoft.sqlserver.jdbc.internals.AuthenticationJNI:-2] SEC Init succeeded 
2025-02-19 16:23:20.972 DEBUG [com.zaxxer.hikari.pool.HikariPool:729] HikariPool-1 - Added connection ConnectionID:15 ClientConnectionId: d7bc16df-dc48-48e1-9f98-17ac5e0acf69 
2025-02-19 16:23:23.116 DEBUG [com.zaxxer.hikari.pool.HikariPool:421] HikariPool-1 - Pool stats (total=10, active=0, idle=10, waiting=0) 
2025-02-19 16:23:23.117 DEBUG [com.zaxxer.hikari.pool.HikariPool:518] HikariPool-1 - Fill pool skipped, pool is at sufficient level. 
2025-02-19 16:23:23.676 DEBUG [com.zaxxer.hikari.pool.PoolBase:134] HikariPool-1 - Closing connection ConnectionID:5 ClientConnectionId: 7ef8036b-27db-4751-8dc9-b92bc1092330: (connection has passed maxLifetime) 
2025-02-19 16:23:23.677 DEBUG [com.microsoft.sqlserver.jdbc.Driver:1244] Microsoft JDBC Driver 12.8.1.0 for SQL Server 
2025-02-19 16:23:23.678 DEBUG [com.microsoft.sqlserver.jdbc.internals.SQLServerDriver:307] Property:serverName Value:C21SQL04 
2025-02-19 16:23:23.679 DEBUG [com.microsoft.sqlserver.jdbc.internals.SQLServerDriver:344] Property:instanceName Value:AMOS.1 
2025-02-19 16:23:23.679 DEBUG [com.microsoft.sqlserver.jdbc.internals.SQLServerDriver:328] Property:portNumber Value:1433 
2025-02-19 16:23:23.680 DEBUG [com.microsoft.sqlserver.jdbc.internals.SQLServerDriver:394] Property:databaseName Value:CS_Caissa_Central_Master_Data 
2025-02-19 16:23:23.680 DEBUG [com.microsoft.sqlserver.jdbc.internals.SQLServerDriver:394] Property:integratedSecurity Value:true 
2025-02-19 16:23:23.680 DEBUG [com.microsoft.sqlserver.jdbc.internals.SQLServerDriver:514] Property:encrypt Value:false 
2025-02-19 16:23:23.681 DEBUG [com.microsoft.sqlserver.jdbc.internals.SQLServerConnection:1777] ConnectionID:16 created by (SQLServerDriver:1) 
2025-02-19 16:23:23.681 DEBUG [com.microsoft.sqlserver.jdbc.internals.SQLServerConnection:3750] ConnectionID:16 Connecting with server: C21SQL04 port: 1433 Timeout slice: 3750 Timeout Full: 30 
2025-02-19 16:23:23.739 DEBUG [com.zaxxer.hikari.pool.HikariPool:342] HikariPool-1 - Add connection elided, waiting 0, queue 1 
2025-02-19 16:23:23.739 DEBUG [com.zaxxer.hikari.pool.PoolBase:134] HikariPool-1 - Closing connection ConnectionID:8 ClientConnectionId: e9d03a51-729e-48f9-813d-d2c78f87a84e: (connection has passed maxLifetime) 
2025-02-19 16:23:23.780 DEBUG [com.microsoft.sqlserver.jdbc.internals.SQLServerConnection:4137] ConnectionID:16 ClientConnectionId: 53350d51-7958-4b2e-9f73-c180e2df671e Server returned major version:13 
2025-02-19 16:23:24.336 DEBUG [com.microsoft.sqlserver.jdbc.internals.AuthenticationJNI:-2] C21SQL04 
2025-02-19 16:23:24.337 DEBUG [com.microsoft.sqlserver.jdbc.internals.AuthenticationJNI:-2] GetDnsName 
2025-02-19 16:23:24.338 DEBUG [com.microsoft.sqlserver.jdbc.internals.AuthenticationJNI:-2] GetDnsName success 
2025-02-19 16:23:24.339 DEBUG [com.microsoft.sqlserver.jdbc.internals.AuthenticationJNI:-2] AuthenticationJNI_SNISecGenClientContext called 
2025-02-19 16:23:24.340 DEBUG [com.microsoft.sqlserver.jdbc.internals.AuthenticationJNI:-2] C21SQL04.woolworths.co.za 
2025-02-19 16:23:24.341 DEBUG [com.microsoft.sqlserver.jdbc.internals.AuthenticationJNI:-2] MSSQLSvc/C21SQL04.woolworths.co.za:1433 
2025-02-19 16:23:24.341 DEBUG [com.microsoft.sqlserver.jdbc.internals.AuthenticationJNI:-2] MSSQLSvc/C21SQL04.woolworths.co.za:1433 
2025-02-19 16:23:24.342 DEBUG [com.microsoft.sqlserver.jdbc.internals.AuthenticationJNI:-2] Calling the SNISecGenClientContext
 
2025-02-19 16:23:24.342 DEBUG [com.microsoft.sqlserver.jdbc.internals.AuthenticationJNI:-2] SNISecGenClientContext called 
2025-02-19 16:23:24.343 DEBUG [com.microsoft.sqlserver.jdbc.internals.AuthenticationJNI:-2] negotiate 
2025-02-19 16:23:24.343 DEBUG [com.microsoft.sqlserver.jdbc.internals.AuthenticationJNI:-2] MSSQLSvc/C21SQL04.woolworths.co.za:1433 
2025-02-19 16:23:24.344 DEBUG [com.microsoft.sqlserver.jdbc.internals.AuthenticationJNI:-2] SEC Init succeeded 
2025-02-19 16:23:24.419 DEBUG [com.microsoft.sqlserver.jdbc.internals.AuthenticationJNI:-2] AuthenticationJNI_SNISecGenClientContext called 
2025-02-19 16:23:24.421 DEBUG [com.microsoft.sqlserver.jdbc.internals.AuthenticationJNI:-2] C21SQL04.woolworths.co.za 
2025-02-19 16:23:24.422 DEBUG [com.microsoft.sqlserver.jdbc.internals.AuthenticationJNI:-2] MSSQLSvc/C21SQL04.woolworths.co.za:1433 
2025-02-19 16:23:24.423 DEBUG [com.microsoft.sqlserver.jdbc.internals.AuthenticationJNI:-2] MSSQLSvc/C21SQL04.woolworths.co.za:1433 
2025-02-19 16:23:24.424 DEBUG [com.microsoft.sqlserver.jdbc.internals.AuthenticationJNI:-2] Calling the SNISecGenClientContext
 
2025-02-19 16:23:24.424 DEBUG [com.microsoft.sqlserver.jdbc.internals.AuthenticationJNI:-2] SNISecGenClientContext called 
2025-02-19 16:23:24.425 DEBUG [com.microsoft.sqlserver.jdbc.internals.AuthenticationJNI:-2] negotiate 
2025-02-19 16:23:24.425 DEBUG [com.microsoft.sqlserver.jdbc.internals.AuthenticationJNI:-2] MSSQLSvc/C21SQL04.woolworths.co.za:1433 
2025-02-19 16:23:24.426 DEBUG [com.microsoft.sqlserver.jdbc.internals.AuthenticationJNI:-2] SEC Init succeeded 
2025-02-19 16:23:24.527 DEBUG [com.zaxxer.hikari.pool.HikariPool:729] HikariPool-1 - Added connection ConnectionID:16 ClientConnectionId: 53350d51-7958-4b2e-9f73-c180e2df671e 
2025-02-19 16:23:24.527 DEBUG [com.microsoft.sqlserver.jdbc.Driver:1244] Microsoft JDBC Driver 12.8.1.0 for SQL Server 
2025-02-19 16:23:24.528 DEBUG [com.microsoft.sqlserver.jdbc.internals.SQLServerDriver:307] Property:serverName Value:C21SQL04 
2025-02-19 16:23:24.528 DEBUG [com.microsoft.sqlserver.jdbc.internals.SQLServerDriver:344] Property:instanceName Value:AMOS.1 
2025-02-19 16:23:24.528 DEBUG [com.microsoft.sqlserver.jdbc.internals.SQLServerDriver:328] Property:portNumber Value:1433 
2025-02-19 16:23:24.528 DEBUG [com.microsoft.sqlserver.jdbc.internals.SQLServerDriver:394] Property:databaseName Value:CS_Caissa_Central_Master_Data 
2025-02-19 16:23:24.528 DEBUG [com.microsoft.sqlserver.jdbc.internals.SQLServerDriver:394] Property:integratedSecurity Value:true 
2025-02-19 16:23:24.528 DEBUG [com.microsoft.sqlserver.jdbc.internals.SQLServerDriver:514] Property:encrypt Value:false 
2025-02-19 16:23:24.528 DEBUG [com.microsoft.sqlserver.jdbc.internals.SQLServerConnection:1777] ConnectionID:17 created by (SQLServerDriver:1) 
2025-02-19 16:23:24.528 DEBUG [com.microsoft.sqlserver.jdbc.internals.SQLServerConnection:3750] ConnectionID:17 Connecting with server: C21SQL04 port: 1433 Timeout slice: 3750 Timeout Full: 30 
2025-02-19 16:23:24.572 DEBUG [com.microsoft.sqlserver.jdbc.internals.SQLServerConnection:4137] ConnectionID:17 ClientConnectionId: 8469afa1-4184-4393-b2f5-6ded061c2913 Server returned major version:13 
2025-02-19 16:23:24.618 DEBUG [com.microsoft.sqlserver.jdbc.internals.AuthenticationJNI:-2] C21SQL04 
2025-02-19 16:23:24.619 DEBUG [com.microsoft.sqlserver.jdbc.internals.AuthenticationJNI:-2] GetDnsName 
2025-02-19 16:23:24.619 DEBUG [com.microsoft.sqlserver.jdbc.internals.AuthenticationJNI:-2] GetDnsName success 
2025-02-19 16:23:24.620 DEBUG [com.microsoft.sqlserver.jdbc.internals.AuthenticationJNI:-2] AuthenticationJNI_SNISecGenClientContext called 
2025-02-19 16:23:24.620 DEBUG [com.microsoft.sqlserver.jdbc.internals.AuthenticationJNI:-2] C21SQL04.woolworths.co.za 
2025-02-19 16:23:24.620 DEBUG [com.microsoft.sqlserver.jdbc.internals.AuthenticationJNI:-2] MSSQLSvc/C21SQL04.woolworths.co.za:1433 
2025-02-19 16:23:24.620 DEBUG [com.microsoft.sqlserver.jdbc.internals.AuthenticationJNI:-2] MSSQLSvc/C21SQL04.woolworths.co.za:1433 
2025-02-19 16:23:24.620 DEBUG [com.microsoft.sqlserver.jdbc.internals.AuthenticationJNI:-2] Calling the SNISecGenClientContext
 
2025-02-19 16:23:24.620 DEBUG [com.microsoft.sqlserver.jdbc.internals.AuthenticationJNI:-2] SNISecGenClientContext called 
2025-02-19 16:23:24.620 DEBUG [com.microsoft.sqlserver.jdbc.internals.AuthenticationJNI:-2] negotiate 
2025-02-19 16:23:24.621 DEBUG [com.microsoft.sqlserver.jdbc.internals.AuthenticationJNI:-2] MSSQLSvc/C21SQL04.woolworths.co.za:1433 
2025-02-19 16:23:24.621 DEBUG [com.microsoft.sqlserver.jdbc.internals.AuthenticationJNI:-2] SEC Init succeeded 
2025-02-19 16:23:24.649 DEBUG [com.microsoft.sqlserver.jdbc.internals.AuthenticationJNI:-2] AuthenticationJNI_SNISecGenClientContext called 
2025-02-19 16:23:24.650 DEBUG [com.microsoft.sqlserver.jdbc.internals.AuthenticationJNI:-2] C21SQL04.woolworths.co.za 
2025-02-19 16:23:24.652 DEBUG [com.microsoft.sqlserver.jdbc.internals.AuthenticationJNI:-2] MSSQLSvc/C21SQL04.woolworths.co.za:1433 
2025-02-19 16:23:24.652 DEBUG [com.microsoft.sqlserver.jdbc.internals.AuthenticationJNI:-2] MSSQLSvc/C21SQL04.woolworths.co.za:1433 
2025-02-19 16:23:24.653 DEBUG [com.microsoft.sqlserver.jdbc.internals.AuthenticationJNI:-2] Calling the SNISecGenClientContext
 
2025-02-19 16:23:24.653 DEBUG [com.microsoft.sqlserver.jdbc.internals.AuthenticationJNI:-2] SNISecGenClientContext called 
2025-02-19 16:23:24.653 DEBUG [com.microsoft.sqlserver.jdbc.internals.AuthenticationJNI:-2] negotiate 
2025-02-19 16:23:24.654 DEBUG [com.microsoft.sqlserver.jdbc.internals.AuthenticationJNI:-2] MSSQLSvc/C21SQL04.woolworths.co.za:1433 
2025-02-19 16:23:24.655 DEBUG [com.microsoft.sqlserver.jdbc.internals.AuthenticationJNI:-2] SEC Init succeeded 
2025-02-19 16:23:24.711 DEBUG [com.zaxxer.hikari.pool.HikariPool:729] HikariPool-1 - Added connection ConnectionID:17 ClientConnectionId: 8469afa1-4184-4393-b2f5-6ded061c2913 
2025-02-19 16:23:24.712 DEBUG [com.zaxxer.hikari.pool.HikariPool:421] HikariPool-1 - After adding stats (total=10, active=0, idle=10, waiting=0) 
2025-02-19 16:23:27.966 DEBUG [com.zaxxer.hikari.pool.PoolBase:134] HikariPool-1 - Closing connection ConnectionID:4 ClientConnectionId: 0f959335-9367-4672-b6fc-6cdcc8877b1a: (connection has passed maxLifetime) 
2025-02-19 16:23:27.966 DEBUG [com.microsoft.sqlserver.jdbc.Driver:1244] Microsoft JDBC Driver 12.8.1.0 for SQL Server 
2025-02-19 16:23:27.967 DEBUG [com.microsoft.sqlserver.jdbc.internals.SQLServerDriver:307] Property:serverName Value:C21SQL04 
2025-02-19 16:23:27.967 DEBUG [com.microsoft.sqlserver.jdbc.internals.SQLServerDriver:344] Property:instanceName Value:AMOS.1 
2025-02-19 16:23:27.967 DEBUG [com.microsoft.sqlserver.jdbc.internals.SQLServerDriver:328] Property:portNumber Value:1433 
2025-02-19 16:23:27.967 DEBUG [com.microsoft.sqlserver.jdbc.internals.SQLServerDriver:394] Property:databaseName Value:CS_Caissa_Central_Master_Data 
2025-02-19 16:23:27.967 DEBUG [com.microsoft.sqlserver.jdbc.internals.SQLServerDriver:394] Property:integratedSecurity Value:true 
2025-02-19 16:23:27.967 DEBUG [com.microsoft.sqlserver.jdbc.internals.SQLServerDriver:514] Property:encrypt Value:false 
2025-02-19 16:23:27.967 DEBUG [com.microsoft.sqlserver.jdbc.internals.SQLServerConnection:1777] ConnectionID:18 created by (SQLServerDriver:1) 
2025-02-19 16:23:27.967 DEBUG [com.microsoft.sqlserver.jdbc.internals.SQLServerConnection:3750] ConnectionID:18 Connecting with server: C21SQL04 port: 1433 Timeout slice: 3750 Timeout Full: 30 
2025-02-19 16:23:28.030 DEBUG [com.microsoft.sqlserver.jdbc.internals.SQLServerConnection:4137] ConnectionID:18 ClientConnectionId: 0c4947b0-6b23-4567-8633-dfd19f80a36b Server returned major version:13 
2025-02-19 16:23:28.075 DEBUG [com.microsoft.sqlserver.jdbc.internals.AuthenticationJNI:-2] C21SQL04 
2025-02-19 16:23:28.076 DEBUG [com.microsoft.sqlserver.jdbc.internals.AuthenticationJNI:-2] GetDnsName 
2025-02-19 16:23:28.076 DEBUG [com.microsoft.sqlserver.jdbc.internals.AuthenticationJNI:-2] GetDnsName success 
2025-02-19 16:23:28.076 DEBUG [com.microsoft.sqlserver.jdbc.internals.AuthenticationJNI:-2] AuthenticationJNI_SNISecGenClientContext called 
2025-02-19 16:23:28.077 DEBUG [com.microsoft.sqlserver.jdbc.internals.AuthenticationJNI:-2] C21SQL04.woolworths.co.za 
2025-02-19 16:23:28.077 DEBUG [com.microsoft.sqlserver.jdbc.internals.AuthenticationJNI:-2] MSSQLSvc/C21SQL04.woolworths.co.za:1433 
2025-02-19 16:23:28.077 DEBUG [com.microsoft.sqlserver.jdbc.internals.AuthenticationJNI:-2] MSSQLSvc/C21SQL04.woolworths.co.za:1433 
2025-02-19 16:23:28.077 DEBUG [com.microsoft.sqlserver.jdbc.internals.AuthenticationJNI:-2] Calling the SNISecGenClientContext
 
2025-02-19 16:23:28.077 DEBUG [com.microsoft.sqlserver.jdbc.internals.AuthenticationJNI:-2] SNISecGenClientContext called 
2025-02-19 16:23:28.077 DEBUG [com.microsoft.sqlserver.jdbc.internals.AuthenticationJNI:-2] negotiate 
2025-02-19 16:23:28.078 DEBUG [com.microsoft.sqlserver.jdbc.internals.AuthenticationJNI:-2] MSSQLSvc/C21SQL04.woolworths.co.za:1433 
2025-02-19 16:23:28.078 DEBUG [com.microsoft.sqlserver.jdbc.internals.AuthenticationJNI:-2] SEC Init succeeded 
2025-02-19 16:23:28.106 DEBUG [com.microsoft.sqlserver.jdbc.internals.AuthenticationJNI:-2] AuthenticationJNI_SNISecGenClientContext called 
2025-02-19 16:23:28.106 DEBUG [com.microsoft.sqlserver.jdbc.internals.AuthenticationJNI:-2] C21SQL04.woolworths.co.za 
2025-02-19 16:23:28.107 DEBUG [com.microsoft.sqlserver.jdbc.internals.AuthenticationJNI:-2] MSSQLSvc/C21SQL04.woolworths.co.za:1433 
2025-02-19 16:23:28.107 DEBUG [com.microsoft.sqlserver.jdbc.internals.AuthenticationJNI:-2] MSSQLSvc/C21SQL04.woolworths.co.za:1433 
2025-02-19 16:23:28.108 DEBUG [com.microsoft.sqlserver.jdbc.internals.AuthenticationJNI:-2] Calling the SNISecGenClientContext
 
2025-02-19 16:23:28.108 DEBUG [com.microsoft.sqlserver.jdbc.internals.AuthenticationJNI:-2] SNISecGenClientContext called 
2025-02-19 16:23:28.108 DEBUG [com.microsoft.sqlserver.jdbc.internals.AuthenticationJNI:-2] negotiate 
2025-02-19 16:23:28.108 DEBUG [com.microsoft.sqlserver.jdbc.internals.AuthenticationJNI:-2] MSSQLSvc/C21SQL04.woolworths.co.za:1433 
2025-02-19 16:23:28.109 DEBUG [com.microsoft.sqlserver.jdbc.internals.AuthenticationJNI:-2] SEC Init succeeded 
2025-02-19 16:23:28.166 DEBUG [com.zaxxer.hikari.pool.HikariPool:729] HikariPool-1 - Added connection ConnectionID:18 ClientConnectionId: 0c4947b0-6b23-4567-8633-dfd19f80a36b 
2025-02-19 16:23:40.528 DEBUG [com.zaxxer.hikari.pool.PoolBase:134] HikariPool-1 - Closing connection ConnectionID:9 ClientConnectionId: e2ea5f1b-57bc-41f5-ac9a-1a6daf7810d5: (connection has passed maxLifetime) 
2025-02-19 16:23:40.530 DEBUG [com.microsoft.sqlserver.jdbc.Driver:1244] Microsoft JDBC Driver 12.8.1.0 for SQL Server 
2025-02-19 16:23:40.531 DEBUG [com.microsoft.sqlserver.jdbc.internals.SQLServerDriver:307] Property:serverName Value:C21SQL04 
2025-02-19 16:23:40.531 DEBUG [com.microsoft.sqlserver.jdbc.internals.SQLServerDriver:344] Property:instanceName Value:AMOS.1 
2025-02-19 16:23:40.532 DEBUG [com.microsoft.sqlserver.jdbc.internals.SQLServerDriver:328] Property:portNumber Value:1433 
2025-02-19 16:23:40.532 DEBUG [com.microsoft.sqlserver.jdbc.internals.SQLServerDriver:394] Property:databaseName Value:CS_Caissa_Central_Master_Data 
2025-02-19 16:23:40.533 DEBUG [com.microsoft.sqlserver.jdbc.internals.SQLServerDriver:394] Property:integratedSecurity Value:true 
2025-02-19 16:23:40.533 DEBUG [com.microsoft.sqlserver.jdbc.internals.SQLServerDriver:514] Property:encrypt Value:false 
2025-02-19 16:23:40.534 DEBUG [com.microsoft.sqlserver.jdbc.internals.SQLServerConnection:1777] ConnectionID:19 created by (SQLServerDriver:1) 
2025-02-19 16:23:40.535 DEBUG [com.microsoft.sqlserver.jdbc.internals.SQLServerConnection:3750] ConnectionID:19 Connecting with server: C21SQL04 port: 1433 Timeout slice: 3750 Timeout Full: 30 
2025-02-19 16:23:40.587 DEBUG [com.microsoft.sqlserver.jdbc.internals.SQLServerConnection:4137] ConnectionID:19 ClientConnectionId: 53b4fb5a-b323-47bf-a716-d514045b70e7 Server returned major version:13 
2025-02-19 16:23:40.693 DEBUG [com.microsoft.sqlserver.jdbc.internals.AuthenticationJNI:-2] C21SQL04 
2025-02-19 16:23:40.693 DEBUG [com.microsoft.sqlserver.jdbc.internals.AuthenticationJNI:-2] GetDnsName 
2025-02-19 16:23:40.695 DEBUG [com.microsoft.sqlserver.jdbc.internals.AuthenticationJNI:-2] GetDnsName success 
2025-02-19 16:23:40.695 DEBUG [com.microsoft.sqlserver.jdbc.internals.AuthenticationJNI:-2] AuthenticationJNI_SNISecGenClientContext called 
2025-02-19 16:23:40.696 DEBUG [com.microsoft.sqlserver.jdbc.internals.AuthenticationJNI:-2] C21SQL04.woolworths.co.za 
2025-02-19 16:23:40.697 DEBUG [com.microsoft.sqlserver.jdbc.internals.AuthenticationJNI:-2] MSSQLSvc/C21SQL04.woolworths.co.za:1433 
2025-02-19 16:23:40.697 DEBUG [com.microsoft.sqlserver.jdbc.internals.AuthenticationJNI:-2] MSSQLSvc/C21SQL04.woolworths.co.za:1433 
2025-02-19 16:23:40.698 DEBUG [com.microsoft.sqlserver.jdbc.internals.AuthenticationJNI:-2] Calling the SNISecGenClientContext
 
2025-02-19 16:23:40.698 DEBUG [com.microsoft.sqlserver.jdbc.internals.AuthenticationJNI:-2] SNISecGenClientContext called 
2025-02-19 16:23:40.698 DEBUG [com.microsoft.sqlserver.jdbc.internals.AuthenticationJNI:-2] negotiate 
2025-02-19 16:23:40.699 DEBUG [com.microsoft.sqlserver.jdbc.internals.AuthenticationJNI:-2] MSSQLSvc/C21SQL04.woolworths.co.za:1433 
2025-02-19 16:23:40.700 DEBUG [com.microsoft.sqlserver.jdbc.internals.AuthenticationJNI:-2] SEC Init succeeded 
2025-02-19 16:23:40.772 DEBUG [com.microsoft.sqlserver.jdbc.internals.AuthenticationJNI:-2] AuthenticationJNI_SNISecGenClientContext called 
2025-02-19 16:23:40.773 DEBUG [com.microsoft.sqlserver.jdbc.internals.AuthenticationJNI:-2] C21SQL04.woolworths.co.za 
2025-02-19 16:23:40.774 DEBUG [com.microsoft.sqlserver.jdbc.internals.AuthenticationJNI:-2] MSSQLSvc/C21SQL04.woolworths.co.za:1433 
2025-02-19 16:23:40.775 DEBUG [com.microsoft.sqlserver.jdbc.internals.AuthenticationJNI:-2] MSSQLSvc/C21SQL04.woolworths.co.za:1433 
2025-02-19 16:23:40.775 DEBUG [com.microsoft.sqlserver.jdbc.internals.AuthenticationJNI:-2] Calling the SNISecGenClientContext
 
2025-02-19 16:23:40.776 DEBUG [com.microsoft.sqlserver.jdbc.internals.AuthenticationJNI:-2] SNISecGenClientContext called 
2025-02-19 16:23:40.776 DEBUG [com.microsoft.sqlserver.jdbc.internals.AuthenticationJNI:-2] negotiate 
2025-02-19 16:23:40.776 DEBUG [com.microsoft.sqlserver.jdbc.internals.AuthenticationJNI:-2] MSSQLSvc/C21SQL04.woolworths.co.za:1433 
2025-02-19 16:23:40.777 DEBUG [com.microsoft.sqlserver.jdbc.internals.AuthenticationJNI:-2] SEC Init succeeded 
2025-02-19 16:23:40.829 DEBUG [com.zaxxer.hikari.pool.HikariPool:729] HikariPool-1 - Added connection ConnectionID:19 ClientConnectionId: 53b4fb5a-b323-47bf-a716-d514045b70e7 
2025-02-19 16:23:53.133 DEBUG [com.zaxxer.hikari.pool.HikariPool:421] HikariPool-1 - Pool stats (total=10, active=0, idle=10, waiting=0) 
2025-02-19 16:23:53.134 DEBUG [com.zaxxer.hikari.pool.HikariPool:518] HikariPool-1 - Fill pool skipped, pool is at sufficient level. 
2025-02-19 16:23:53.150 DEBUG [com.microsoft.sqlserver.jdbc.Driver:1244] Microsoft JDBC Driver 12.8.1.0 for SQL Server 
2025-02-19 16:23:53.150 DEBUG [com.zaxxer.hikari.pool.PoolBase:134] HikariPool-1 - Closing connection ConnectionID:10 ClientConnectionId: 1c6dae2a-4105-4494-be8c-4c2d6b4a558e: (connection has passed maxLifetime) 
2025-02-19 16:23:53.151 DEBUG [com.microsoft.sqlserver.jdbc.internals.SQLServerDriver:307] Property:serverName Value:C21SQL04 
2025-02-19 16:23:53.152 DEBUG [com.microsoft.sqlserver.jdbc.internals.SQLServerDriver:344] Property:instanceName Value:AMOS.1 
2025-02-19 16:23:53.153 DEBUG [com.microsoft.sqlserver.jdbc.internals.SQLServerDriver:328] Property:portNumber Value:1433 
2025-02-19 16:23:53.153 DEBUG [com.microsoft.sqlserver.jdbc.internals.SQLServerDriver:394] Property:databaseName Value:CS_Caissa_Central_Master_Data 
2025-02-19 16:23:53.154 DEBUG [com.microsoft.sqlserver.jdbc.internals.SQLServerDriver:394] Property:integratedSecurity Value:true 
2025-02-19 16:23:53.154 DEBUG [com.microsoft.sqlserver.jdbc.internals.SQLServerDriver:514] Property:encrypt Value:false 
2025-02-19 16:23:53.155 DEBUG [com.microsoft.sqlserver.jdbc.internals.SQLServerConnection:1777] ConnectionID:20 created by (SQLServerDriver:1) 
2025-02-19 16:23:53.155 DEBUG [com.microsoft.sqlserver.jdbc.internals.SQLServerConnection:3750] ConnectionID:20 Connecting with server: C21SQL04 port: 1433 Timeout slice: 3750 Timeout Full: 30 
2025-02-19 16:23:53.239 DEBUG [com.microsoft.sqlserver.jdbc.internals.SQLServerConnection:4137] ConnectionID:20 ClientConnectionId: d2f8b868-7eba-447b-8ac1-0a035531085d Server returned major version:13 
2025-02-19 16:23:53.298 DEBUG [com.microsoft.sqlserver.jdbc.internals.AuthenticationJNI:-2] C21SQL04 
2025-02-19 16:23:53.298 DEBUG [com.microsoft.sqlserver.jdbc.internals.AuthenticationJNI:-2] GetDnsName 
2025-02-19 16:23:53.299 DEBUG [com.microsoft.sqlserver.jdbc.internals.AuthenticationJNI:-2] GetDnsName success 
2025-02-19 16:23:53.299 DEBUG [com.microsoft.sqlserver.jdbc.internals.AuthenticationJNI:-2] AuthenticationJNI_SNISecGenClientContext called 
2025-02-19 16:23:53.299 DEBUG [com.microsoft.sqlserver.jdbc.internals.AuthenticationJNI:-2] C21SQL04.woolworths.co.za 
2025-02-19 16:23:53.300 DEBUG [com.microsoft.sqlserver.jdbc.internals.AuthenticationJNI:-2] MSSQLSvc/C21SQL04.woolworths.co.za:1433 
2025-02-19 16:23:53.300 DEBUG [com.microsoft.sqlserver.jdbc.internals.AuthenticationJNI:-2] MSSQLSvc/C21SQL04.woolworths.co.za:1433 
2025-02-19 16:23:53.300 DEBUG [com.microsoft.sqlserver.jdbc.internals.AuthenticationJNI:-2] Calling the SNISecGenClientContext
 
2025-02-19 16:23:53.300 DEBUG [com.microsoft.sqlserver.jdbc.internals.AuthenticationJNI:-2] SNISecGenClientContext called 
2025-02-19 16:23:53.300 DEBUG [com.microsoft.sqlserver.jdbc.internals.AuthenticationJNI:-2] negotiate 
2025-02-19 16:23:53.300 DEBUG [com.microsoft.sqlserver.jdbc.internals.AuthenticationJNI:-2] MSSQLSvc/C21SQL04.woolworths.co.za:1433 
2025-02-19 16:23:53.301 DEBUG [com.microsoft.sqlserver.jdbc.internals.AuthenticationJNI:-2] SEC Init succeeded 
2025-02-19 16:23:53.327 DEBUG [com.microsoft.sqlserver.jdbc.internals.AuthenticationJNI:-2] AuthenticationJNI_SNISecGenClientContext called 
2025-02-19 16:23:53.327 DEBUG [com.microsoft.sqlserver.jdbc.internals.AuthenticationJNI:-2] C21SQL04.woolworths.co.za 
2025-02-19 16:23:53.329 DEBUG [com.microsoft.sqlserver.jdbc.internals.AuthenticationJNI:-2] MSSQLSvc/C21SQL04.woolworths.co.za:1433 
2025-02-19 16:23:53.329 DEBUG [com.microsoft.sqlserver.jdbc.internals.AuthenticationJNI:-2] MSSQLSvc/C21SQL04.woolworths.co.za:1433 
2025-02-19 16:23:53.329 DEBUG [com.microsoft.sqlserver.jdbc.internals.AuthenticationJNI:-2] Calling the SNISecGenClientContext
 
2025-02-19 16:23:53.330 DEBUG [com.microsoft.sqlserver.jdbc.internals.AuthenticationJNI:-2] SNISecGenClientContext called 
2025-02-19 16:23:53.330 DEBUG [com.microsoft.sqlserver.jdbc.internals.AuthenticationJNI:-2] negotiate 
2025-02-19 16:23:53.330 DEBUG [com.microsoft.sqlserver.jdbc.internals.AuthenticationJNI:-2] MSSQLSvc/C21SQL04.woolworths.co.za:1433 
2025-02-19 16:23:53.331 DEBUG [com.microsoft.sqlserver.jdbc.internals.AuthenticationJNI:-2] SEC Init succeeded 
2025-02-19 16:23:53.381 DEBUG [com.zaxxer.hikari.pool.HikariPool:729] HikariPool-1 - Added connection ConnectionID:20 ClientConnectionId: d2f8b868-7eba-447b-8ac1-0a035531085d 
2025-02-19 16:23:56.975 DEBUG [org.apache.catalina.session.ManagerBase:173] Start expire sessions StandardManager at 1739975036975 sessioncount 0 
2025-02-19 16:23:56.977 DEBUG [org.apache.catalina.session.ManagerBase:173] End expire sessions StandardManager processingTime 1 expired sessions: 0 
2025-02-19 16:24:23.137 DEBUG [com.zaxxer.hikari.pool.HikariPool:421] HikariPool-1 - Pool stats (total=10, active=0, idle=10, waiting=0) 
2025-02-19 16:24:23.137 DEBUG [com.zaxxer.hikari.pool.HikariPool:518] HikariPool-1 - Fill pool skipped, pool is at sufficient level. 
2025-02-19 16:24:53.144 DEBUG [com.zaxxer.hikari.pool.HikariPool:421] HikariPool-1 - Pool stats (total=10, active=0, idle=10, waiting=0) 
2025-02-19 16:24:53.145 DEBUG [com.zaxxer.hikari.pool.HikariPool:518] HikariPool-1 - Fill pool skipped, pool is at sufficient level. 
2025-02-19 16:24:57.025 DEBUG [org.apache.catalina.session.ManagerBase:173] Start expire sessions StandardManager at 1739975097024 sessioncount 0 
2025-02-19 16:24:57.026 DEBUG [org.apache.catalina.session.ManagerBase:173] End expire sessions StandardManager processingTime 2 expired sessions: 0 
2025-02-19 16:25:23.161 DEBUG [com.zaxxer.hikari.pool.HikariPool:421] HikariPool-1 - Pool stats (total=10, active=0, idle=10, waiting=0) 
2025-02-19 16:25:23.162 DEBUG [com.zaxxer.hikari.pool.HikariPool:518] HikariPool-1 - Fill pool skipped, pool is at sufficient level. 
2025-02-19 16:25:53.174 DEBUG [com.zaxxer.hikari.pool.HikariPool:421] HikariPool-1 - Pool stats (total=10, active=0, idle=10, waiting=0) 
2025-02-19 16:25:53.177 DEBUG [com.zaxxer.hikari.pool.HikariPool:518] HikariPool-1 - Fill pool skipped, pool is at sufficient level. 
2025-02-19 16:25:57.095 DEBUG [org.apache.catalina.session.ManagerBase:173] Start expire sessions StandardManager at 1739975157094 sessioncount 0 
2025-02-19 16:25:57.096 DEBUG [org.apache.catalina.session.ManagerBase:173] End expire sessions StandardManager processingTime 1 expired sessions: 0 
2025-02-19 16:26:23.180 DEBUG [com.zaxxer.hikari.pool.HikariPool:421] HikariPool-1 - Pool stats (total=10, active=0, idle=10, waiting=0) 
2025-02-19 16:26:23.182 DEBUG [com.zaxxer.hikari.pool.HikariPool:518] HikariPool-1 - Fill pool skipped, pool is at sufficient level. 
2025-02-19 16:26:53.192 DEBUG [com.zaxxer.hikari.pool.HikariPool:421] HikariPool-1 - Pool stats (total=10, active=0, idle=10, waiting=0) 
2025-02-19 16:26:53.193 DEBUG [com.zaxxer.hikari.pool.HikariPool:518] HikariPool-1 - Fill pool skipped, pool is at sufficient level. 
2025-02-19 16:26:57.150 DEBUG [org.apache.catalina.session.ManagerBase:173] Start expire sessions StandardManager at 1739975217150 sessioncount 0 
2025-02-19 16:26:57.150 DEBUG [org.apache.catalina.session.ManagerBase:173] End expire sessions StandardManager processingTime 0 expired sessions: 0 
2025-02-19 16:27:23.205 DEBUG [com.zaxxer.hikari.pool.HikariPool:421] HikariPool-1 - Pool stats (total=10, active=0, idle=10, waiting=0) 
2025-02-19 16:27:23.207 DEBUG [com.zaxxer.hikari.pool.HikariPool:518] HikariPool-1 - Fill pool skipped, pool is at sufficient level. 
2025-02-19 16:27:53.220 DEBUG [com.zaxxer.hikari.pool.HikariPool:421] HikariPool-1 - Pool stats (total=10, active=0, idle=10, waiting=0) 
2025-02-19 16:27:53.222 DEBUG [com.zaxxer.hikari.pool.HikariPool:518] HikariPool-1 - Fill pool skipped, pool is at sufficient level. 
2025-02-19 16:27:57.214 DEBUG [org.apache.catalina.session.ManagerBase:173] Start expire sessions StandardManager at 1739975277214 sessioncount 0 
2025-02-19 16:27:57.214 DEBUG [org.apache.catalina.session.ManagerBase:173] End expire sessions StandardManager processingTime 0 expired sessions: 0 
2025-02-19 16:28:23.234 DEBUG [com.zaxxer.hikari.pool.HikariPool:421] HikariPool-1 - Pool stats (total=10, active=0, idle=10, waiting=0) 
2025-02-19 16:28:23.235 DEBUG [com.zaxxer.hikari.pool.HikariPool:518] HikariPool-1 - Fill pool skipped, pool is at sufficient level. 
2025-02-19 16:28:53.237 DEBUG [com.zaxxer.hikari.pool.HikariPool:421] HikariPool-1 - Pool stats (total=10, active=0, idle=10, waiting=0) 
2025-02-19 16:28:53.237 DEBUG [com.zaxxer.hikari.pool.HikariPool:518] HikariPool-1 - Fill pool skipped, pool is at sufficient level. 
2025-02-19 16:28:57.286 DEBUG [org.apache.catalina.session.ManagerBase:173] Start expire sessions StandardManager at 1739975337286 sessioncount 0 
2025-02-19 16:28:57.286 DEBUG [org.apache.catalina.session.ManagerBase:173] End expire sessions StandardManager processingTime 0 expired sessions: 0 
2025-02-19 16:29:23.245 DEBUG [com.zaxxer.hikari.pool.HikariPool:421] HikariPool-1 - Pool stats (total=10, active=0, idle=10, waiting=0) 
2025-02-19 16:29:23.245 DEBUG [com.zaxxer.hikari.pool.HikariPool:518] HikariPool-1 - Fill pool skipped, pool is at sufficient level. 
2025-02-19 16:29:53.248 DEBUG [com.zaxxer.hikari.pool.HikariPool:421] HikariPool-1 - Pool stats (total=10, active=0, idle=10, waiting=0) 
2025-02-19 16:29:53.249 DEBUG [com.zaxxer.hikari.pool.HikariPool:518] HikariPool-1 - Fill pool skipped, pool is at sufficient level. 
2025-02-19 16:29:57.333 DEBUG [org.apache.catalina.session.ManagerBase:173] Start expire sessions StandardManager at 1739975397333 sessioncount 0 
2025-02-19 16:29:57.334 DEBUG [org.apache.catalina.session.ManagerBase:173] End expire sessions StandardManager processingTime 1 expired sessions: 0 
2025-02-19 16:30:23.258 DEBUG [com.zaxxer.hikari.pool.HikariPool:421] HikariPool-1 - Pool stats (total=10, active=0, idle=10, waiting=0) 
2025-02-19 16:30:23.259 DEBUG [com.zaxxer.hikari.pool.HikariPool:518] HikariPool-1 - Fill pool skipped, pool is at sufficient level. 
2025-02-19 16:30:53.261 DEBUG [com.zaxxer.hikari.pool.HikariPool:421] HikariPool-1 - Pool stats (total=10, active=0, idle=10, waiting=0) 
2025-02-19 16:30:53.262 DEBUG [com.zaxxer.hikari.pool.HikariPool:518] HikariPool-1 - Fill pool skipped, pool is at sufficient level. 
2025-02-19 16:30:57.394 DEBUG [org.apache.catalina.session.ManagerBase:173] Start expire sessions StandardManager at 1739975457393 sessioncount 0 
2025-02-19 16:30:57.394 DEBUG [org.apache.catalina.session.ManagerBase:173] End expire sessions StandardManager processingTime 1 expired sessions: 0 
2025-02-19 16:31:23.275 DEBUG [com.zaxxer.hikari.pool.HikariPool:421] HikariPool-1 - Pool stats (total=10, active=0, idle=10, waiting=0) 
2025-02-19 16:31:23.276 DEBUG [com.zaxxer.hikari.pool.HikariPool:518] HikariPool-1 - Fill pool skipped, pool is at sufficient level. 
2025-02-19 16:31:53.292 DEBUG [com.zaxxer.hikari.pool.HikariPool:421] HikariPool-1 - Pool stats (total=10, active=0, idle=10, waiting=0) 
2025-02-19 16:31:53.292 DEBUG [com.zaxxer.hikari.pool.HikariPool:518] HikariPool-1 - Fill pool skipped, pool is at sufficient level. 
2025-02-19 16:31:57.448 DEBUG [org.apache.catalina.session.ManagerBase:173] Start expire sessions StandardManager at 1739975517447 sessioncount 0 
2025-02-19 16:31:57.449 DEBUG [org.apache.catalina.session.ManagerBase:173] End expire sessions StandardManager processingTime 1 expired sessions: 0 
2025-02-19 16:32:23.304 DEBUG [com.zaxxer.hikari.pool.HikariPool:421] HikariPool-1 - Pool stats (total=10, active=0, idle=10, waiting=0) 
2025-02-19 16:32:23.305 DEBUG [com.zaxxer.hikari.pool.HikariPool:518] HikariPool-1 - Fill pool skipped, pool is at sufficient level. 
2025-02-19 16:32:53.310 DEBUG [com.zaxxer.hikari.pool.HikariPool:421] HikariPool-1 - Pool stats (total=10, active=0, idle=10, waiting=0) 
2025-02-19 16:32:53.311 DEBUG [com.zaxxer.hikari.pool.HikariPool:518] HikariPool-1 - Fill pool skipped, pool is at sufficient level. 
2025-02-19 16:32:57.506 DEBUG [org.apache.catalina.session.ManagerBase:173] Start expire sessions StandardManager at 1739975577506 sessioncount 0 
2025-02-19 16:32:57.508 DEBUG [org.apache.catalina.session.ManagerBase:173] End expire sessions StandardManager processingTime 2 expired sessions: 0 
2025-02-19 16:33:23.318 DEBUG [com.zaxxer.hikari.pool.HikariPool:421] HikariPool-1 - Pool stats (total=10, active=0, idle=10, waiting=0) 
2025-02-19 16:33:23.320 DEBUG [com.zaxxer.hikari.pool.HikariPool:518] HikariPool-1 - Fill pool skipped, pool is at sufficient level. 
2025-02-19 16:33:53.334 DEBUG [com.zaxxer.hikari.pool.HikariPool:421] HikariPool-1 - Pool stats (total=10, active=0, idle=10, waiting=0) 
2025-02-19 16:33:53.336 DEBUG [com.zaxxer.hikari.pool.HikariPool:518] HikariPool-1 - Fill pool skipped, pool is at sufficient level. 
2025-02-19 16:33:57.541 DEBUG [org.apache.catalina.session.ManagerBase:173] Start expire sessions StandardManager at 1739975637540 sessioncount 0 
2025-02-19 16:33:57.543 DEBUG [org.apache.catalina.session.ManagerBase:173] End expire sessions StandardManager processingTime 3 expired sessions: 0 
2025-02-19 16:34:23.338 DEBUG [com.zaxxer.hikari.pool.HikariPool:421] HikariPool-1 - Pool stats (total=10, active=0, idle=10, waiting=0) 
2025-02-19 16:34:23.339 DEBUG [com.zaxxer.hikari.pool.HikariPool:518] HikariPool-1 - Fill pool skipped, pool is at sufficient level. 
2025-02-19 16:34:53.346 DEBUG [com.zaxxer.hikari.pool.HikariPool:421] HikariPool-1 - Pool stats (total=10, active=0, idle=10, waiting=0) 
2025-02-19 16:34:53.347 DEBUG [com.zaxxer.hikari.pool.HikariPool:518] HikariPool-1 - Fill pool skipped, pool is at sufficient level. 
2025-02-19 16:34:57.583 DEBUG [org.apache.catalina.session.ManagerBase:173] Start expire sessions StandardManager at 1739975697583 sessioncount 0 
2025-02-19 16:34:57.584 DEBUG [org.apache.catalina.session.ManagerBase:173] End expire sessions StandardManager processingTime 1 expired sessions: 0 
2025-02-19 16:35:23.350 DEBUG [com.zaxxer.hikari.pool.HikariPool:421] HikariPool-1 - Pool stats (total=10, active=0, idle=10, waiting=0) 
2025-02-19 16:35:23.351 DEBUG [com.zaxxer.hikari.pool.HikariPool:518] HikariPool-1 - Fill pool skipped, pool is at sufficient level. 
2025-02-19 16:35:53.360 DEBUG [com.zaxxer.hikari.pool.HikariPool:421] HikariPool-1 - Pool stats (total=10, active=0, idle=10, waiting=0) 
2025-02-19 16:35:53.361 DEBUG [com.zaxxer.hikari.pool.HikariPool:518] HikariPool-1 - Fill pool skipped, pool is at sufficient level. 
2025-02-19 16:35:57.629 DEBUG [org.apache.catalina.session.ManagerBase:173] Start expire sessions StandardManager at 1739975757629 sessioncount 0 
2025-02-19 16:35:57.630 DEBUG [org.apache.catalina.session.ManagerBase:173] End expire sessions StandardManager processingTime 1 expired sessions: 0 
2025-02-19 16:36:23.377 DEBUG [com.zaxxer.hikari.pool.HikariPool:421] HikariPool-1 - Pool stats (total=10, active=0, idle=10, waiting=0) 
2025-02-19 16:36:23.377 DEBUG [com.zaxxer.hikari.pool.HikariPool:518] HikariPool-1 - Fill pool skipped, pool is at sufficient level. 
2025-02-19 16:36:53.385 DEBUG [com.zaxxer.hikari.pool.HikariPool:421] HikariPool-1 - Pool stats (total=10, active=0, idle=10, waiting=0) 
2025-02-19 16:36:53.386 DEBUG [com.zaxxer.hikari.pool.HikariPool:518] HikariPool-1 - Fill pool skipped, pool is at sufficient level. 
2025-02-19 16:36:57.680 DEBUG [org.apache.catalina.session.ManagerBase:173] Start expire sessions StandardManager at 1739975817680 sessioncount 0 
2025-02-19 16:36:57.681 DEBUG [org.apache.catalina.session.ManagerBase:173] End expire sessions StandardManager processingTime 0 expired sessions: 0 
2025-02-19 16:37:23.397 DEBUG [com.zaxxer.hikari.pool.HikariPool:421] HikariPool-1 - Pool stats (total=10, active=0, idle=10, waiting=0) 
2025-02-19 16:37:23.398 DEBUG [com.zaxxer.hikari.pool.HikariPool:518] HikariPool-1 - Fill pool skipped, pool is at sufficient level. 
2025-02-19 16:37:53.398 DEBUG [com.zaxxer.hikari.pool.HikariPool:421] HikariPool-1 - Pool stats (total=10, active=0, idle=10, waiting=0) 
2025-02-19 16:37:53.398 DEBUG [com.zaxxer.hikari.pool.HikariPool:518] HikariPool-1 - Fill pool skipped, pool is at sufficient level. 
2025-02-19 16:37:57.732 DEBUG [org.apache.catalina.session.ManagerBase:173] Start expire sessions StandardManager at 1739975877731 sessioncount 0 
2025-02-19 16:37:57.733 DEBUG [org.apache.catalina.session.ManagerBase:173] End expire sessions StandardManager processingTime 2 expired sessions: 0 
2025-02-19 16:38:23.410 DEBUG [com.zaxxer.hikari.pool.HikariPool:421] HikariPool-1 - Pool stats (total=10, active=0, idle=10, waiting=0) 
2025-02-19 16:38:23.411 DEBUG [com.zaxxer.hikari.pool.HikariPool:518] HikariPool-1 - Fill pool skipped, pool is at sufficient level. 
2025-02-19 16:38:53.421 DEBUG [com.zaxxer.hikari.pool.HikariPool:421] HikariPool-1 - Pool stats (total=10, active=0, idle=10, waiting=0) 
2025-02-19 16:38:53.422 DEBUG [com.zaxxer.hikari.pool.HikariPool:518] HikariPool-1 - Fill pool skipped, pool is at sufficient level. 
2025-02-19 16:38:57.795 DEBUG [org.apache.catalina.session.ManagerBase:173] Start expire sessions StandardManager at 1739975937794 sessioncount 0 
2025-02-19 16:38:57.796 DEBUG [org.apache.catalina.session.ManagerBase:173] End expire sessions StandardManager processingTime 2 expired sessions: 0 
2025-02-19 16:39:23.423 DEBUG [com.zaxxer.hikari.pool.HikariPool:421] HikariPool-1 - Pool stats (total=10, active=0, idle=10, waiting=0) 
2025-02-19 16:39:23.425 DEBUG [com.zaxxer.hikari.pool.HikariPool:518] HikariPool-1 - Fill pool skipped, pool is at sufficient level. 
2025-02-19 16:39:53.426 DEBUG [com.zaxxer.hikari.pool.HikariPool:421] HikariPool-1 - Pool stats (total=10, active=0, idle=10, waiting=0) 
2025-02-19 16:39:53.427 DEBUG [com.zaxxer.hikari.pool.HikariPool:518] HikariPool-1 - Fill pool skipped, pool is at sufficient level. 
2025-02-19 16:39:57.860 DEBUG [org.apache.catalina.session.ManagerBase:173] Start expire sessions StandardManager at 1739975997860 sessioncount 0 
2025-02-19 16:39:57.862 DEBUG [org.apache.catalina.session.ManagerBase:173] End expire sessions StandardManager processingTime 1 expired sessions: 0 
2025-02-19 16:40:23.428 DEBUG [com.zaxxer.hikari.pool.HikariPool:421] HikariPool-1 - Pool stats (total=10, active=0, idle=10, waiting=0) 
2025-02-19 16:40:23.431 DEBUG [com.zaxxer.hikari.pool.HikariPool:518] HikariPool-1 - Fill pool skipped, pool is at sufficient level. 
2025-02-19 16:40:53.439 DEBUG [com.zaxxer.hikari.pool.HikariPool:421] HikariPool-1 - Pool stats (total=10, active=0, idle=10, waiting=0) 
2025-02-19 16:40:53.440 DEBUG [com.zaxxer.hikari.pool.HikariPool:518] HikariPool-1 - Fill pool skipped, pool is at sufficient level. 
2025-02-19 16:40:57.893 DEBUG [org.apache.catalina.session.ManagerBase:173] Start expire sessions StandardManager at 1739976057892 sessioncount 0 
2025-02-19 16:40:57.894 DEBUG [org.apache.catalina.session.ManagerBase:173] End expire sessions StandardManager processingTime 2 expired sessions: 0 
2025-02-19 16:41:23.449 DEBUG [com.zaxxer.hikari.pool.HikariPool:421] HikariPool-1 - Pool stats (total=10, active=0, idle=10, waiting=0) 
2025-02-19 16:41:23.450 DEBUG [com.zaxxer.hikari.pool.HikariPool:518] HikariPool-1 - Fill pool skipped, pool is at sufficient level. 
2025-02-19 16:41:53.457 DEBUG [com.zaxxer.hikari.pool.HikariPool:421] HikariPool-1 - Pool stats (total=10, active=0, idle=10, waiting=0) 
2025-02-19 16:41:53.459 DEBUG [com.zaxxer.hikari.pool.HikariPool:518] HikariPool-1 - Fill pool skipped, pool is at sufficient level. 
2025-02-19 16:41:57.950 DEBUG [org.apache.catalina.session.ManagerBase:173] Start expire sessions StandardManager at 1739976117950 sessioncount 0 
2025-02-19 16:41:57.951 DEBUG [org.apache.catalina.session.ManagerBase:173] End expire sessions StandardManager processingTime 1 expired sessions: 0 
2025-02-19 16:42:23.463 DEBUG [com.zaxxer.hikari.pool.HikariPool:421] HikariPool-1 - Pool stats (total=10, active=0, idle=10, waiting=0) 
2025-02-19 16:42:23.464 DEBUG [com.zaxxer.hikari.pool.HikariPool:518] HikariPool-1 - Fill pool skipped, pool is at sufficient level. 
2025-02-19 16:42:53.478 DEBUG [com.zaxxer.hikari.pool.HikariPool:421] HikariPool-1 - Pool stats (total=10, active=0, idle=10, waiting=0) 
2025-02-19 16:42:53.480 DEBUG [com.zaxxer.hikari.pool.HikariPool:518] HikariPool-1 - Fill pool skipped, pool is at sufficient level. 
2025-02-19 16:42:57.973 DEBUG [org.apache.catalina.session.ManagerBase:173] Start expire sessions StandardManager at 1739976177973 sessioncount 0 
2025-02-19 16:42:57.975 DEBUG [org.apache.catalina.session.ManagerBase:173] End expire sessions StandardManager processingTime 2 expired sessions: 0 
2025-02-19 16:43:23.489 DEBUG [com.zaxxer.hikari.pool.HikariPool:421] HikariPool-1 - Pool stats (total=10, active=0, idle=10, waiting=0) 
2025-02-19 16:43:23.490 DEBUG [com.zaxxer.hikari.pool.HikariPool:518] HikariPool-1 - Fill pool skipped, pool is at sufficient level. 
2025-02-19 16:43:53.505 DEBUG [com.zaxxer.hikari.pool.HikariPool:421] HikariPool-1 - Pool stats (total=10, active=0, idle=10, waiting=0) 
2025-02-19 16:43:53.506 DEBUG [com.zaxxer.hikari.pool.HikariPool:518] HikariPool-1 - Fill pool skipped, pool is at sufficient level. 
2025-02-19 16:43:58.040 DEBUG [org.apache.catalina.session.ManagerBase:173] Start expire sessions StandardManager at 1739976238040 sessioncount 0 
2025-02-19 16:43:58.042 DEBUG [org.apache.catalina.session.ManagerBase:173] End expire sessions StandardManager processingTime 2 expired sessions: 0 
2025-02-19 16:44:23.509 DEBUG [com.zaxxer.hikari.pool.HikariPool:421] HikariPool-1 - Pool stats (total=10, active=0, idle=10, waiting=0) 
2025-02-19 16:44:23.510 DEBUG [com.zaxxer.hikari.pool.HikariPool:518] HikariPool-1 - Fill pool skipped, pool is at sufficient level. 
2025-02-19 16:44:53.520 DEBUG [com.zaxxer.hikari.pool.HikariPool:421] HikariPool-1 - Pool stats (total=10, active=0, idle=10, waiting=0) 
2025-02-19 16:44:53.521 DEBUG [com.zaxxer.hikari.pool.HikariPool:518] HikariPool-1 - Fill pool skipped, pool is at sufficient level. 
2025-02-19 16:44:58.085 DEBUG [org.apache.catalina.session.ManagerBase:173] Start expire sessions StandardManager at 1739976298085 sessioncount 0 
2025-02-19 16:44:58.086 DEBUG [org.apache.catalina.session.ManagerBase:173] End expire sessions StandardManager processingTime 1 expired sessions: 0 
2025-02-19 16:45:23.534 DEBUG [com.zaxxer.hikari.pool.HikariPool:421] HikariPool-1 - Pool stats (total=10, active=0, idle=10, waiting=0) 
2025-02-19 16:45:23.538 DEBUG [com.zaxxer.hikari.pool.HikariPool:518] HikariPool-1 - Fill pool skipped, pool is at sufficient level. 
2025-02-19 16:45:53.549 DEBUG [com.zaxxer.hikari.pool.HikariPool:421] HikariPool-1 - Pool stats (total=10, active=0, idle=10, waiting=0) 
2025-02-19 16:45:53.550 DEBUG [com.zaxxer.hikari.pool.HikariPool:518] HikariPool-1 - Fill pool skipped, pool is at sufficient level. 
2025-02-19 16:45:58.130 DEBUG [org.apache.catalina.session.ManagerBase:173] Start expire sessions StandardManager at 1739976358130 sessioncount 0 
2025-02-19 16:45:58.131 DEBUG [org.apache.catalina.session.ManagerBase:173] End expire sessions StandardManager processingTime 1 expired sessions: 0 
2025-02-19 16:46:23.561 DEBUG [com.zaxxer.hikari.pool.HikariPool:421] HikariPool-1 - Pool stats (total=10, active=0, idle=10, waiting=0) 
2025-02-19 16:46:23.563 DEBUG [com.zaxxer.hikari.pool.HikariPool:518] HikariPool-1 - Fill pool skipped, pool is at sufficient level. 
2025-02-19 16:46:53.573 DEBUG [com.zaxxer.hikari.pool.HikariPool:421] HikariPool-1 - Pool stats (total=10, active=0, idle=10, waiting=0) 
2025-02-19 16:46:53.575 DEBUG [com.zaxxer.hikari.pool.HikariPool:518] HikariPool-1 - Fill pool skipped, pool is at sufficient level. 
2025-02-19 16:46:58.188 DEBUG [org.apache.catalina.session.ManagerBase:173] Start expire sessions StandardManager at 1739976418188 sessioncount 0 
2025-02-19 16:46:58.189 DEBUG [org.apache.catalina.session.ManagerBase:173] End expire sessions StandardManager processingTime 1 expired sessions: 0 
2025-02-19 16:47:23.582 DEBUG [com.zaxxer.hikari.pool.HikariPool:421] HikariPool-1 - Pool stats (total=10, active=0, idle=10, waiting=0) 
2025-02-19 16:47:23.583 DEBUG [com.zaxxer.hikari.pool.HikariPool:518] HikariPool-1 - Fill pool skipped, pool is at sufficient level. 
2025-02-19 16:47:53.591 DEBUG [com.zaxxer.hikari.pool.HikariPool:421] HikariPool-1 - Pool stats (total=10, active=0, idle=10, waiting=0) 
2025-02-19 16:47:53.592 DEBUG [com.zaxxer.hikari.pool.HikariPool:518] HikariPool-1 - Fill pool skipped, pool is at sufficient level. 
2025-02-19 16:47:58.255 DEBUG [org.apache.catalina.session.ManagerBase:173] Start expire sessions StandardManager at 1739976478255 sessioncount 0 
2025-02-19 16:47:58.257 DEBUG [org.apache.catalina.session.ManagerBase:173] End expire sessions StandardManager processingTime 2 expired sessions: 0 
2025-02-19 16:48:23.605 DEBUG [com.zaxxer.hikari.pool.HikariPool:421] HikariPool-1 - Pool stats (total=10, active=0, idle=10, waiting=0) 
2025-02-19 16:48:23.605 DEBUG [com.zaxxer.hikari.pool.HikariPool:518] HikariPool-1 - Fill pool skipped, pool is at sufficient level. 
2025-02-19 16:48:53.618 DEBUG [com.zaxxer.hikari.pool.HikariPool:421] HikariPool-1 - Pool stats (total=10, active=0, idle=10, waiting=0) 
2025-02-19 16:48:53.619 DEBUG [com.zaxxer.hikari.pool.HikariPool:518] HikariPool-1 - Fill pool skipped, pool is at sufficient level. 
2025-02-19 16:48:58.320 DEBUG [org.apache.catalina.session.ManagerBase:173] Start expire sessions StandardManager at 1739976538320 sessioncount 0 
2025-02-19 16:48:58.322 DEBUG [org.apache.catalina.session.ManagerBase:173] End expire sessions StandardManager processingTime 1 expired sessions: 0 
2025-02-19 16:49:23.622 DEBUG [com.zaxxer.hikari.pool.HikariPool:421] HikariPool-1 - Pool stats (total=10, active=0, idle=10, waiting=0) 
2025-02-19 16:49:23.623 DEBUG [com.zaxxer.hikari.pool.HikariPool:518] HikariPool-1 - Fill pool skipped, pool is at sufficient level. 
2025-02-19 16:49:53.631 DEBUG [com.zaxxer.hikari.pool.HikariPool:421] HikariPool-1 - Pool stats (total=10, active=0, idle=10, waiting=0) 
2025-02-19 16:49:53.632 DEBUG [com.zaxxer.hikari.pool.HikariPool:518] HikariPool-1 - Fill pool skipped, pool is at sufficient level. 
2025-02-19 16:49:58.359 DEBUG [org.apache.catalina.session.ManagerBase:173] Start expire sessions StandardManager at 1739976598359 sessioncount 0 
2025-02-19 16:49:58.360 DEBUG [org.apache.catalina.session.ManagerBase:173] End expire sessions StandardManager processingTime 1 expired sessions: 0 
2025-02-19 16:50:23.639 DEBUG [com.zaxxer.hikari.pool.HikariPool:421] HikariPool-1 - Pool stats (total=10, active=0, idle=10, waiting=0) 
2025-02-19 16:50:23.640 DEBUG [com.zaxxer.hikari.pool.HikariPool:518] HikariPool-1 - Fill pool skipped, pool is at sufficient level. 
2025-02-19 16:50:53.645 DEBUG [com.zaxxer.hikari.pool.HikariPool:421] HikariPool-1 - Pool stats (total=10, active=0, idle=10, waiting=0) 
2025-02-19 16:50:53.646 DEBUG [com.zaxxer.hikari.pool.HikariPool:518] HikariPool-1 - Fill pool skipped, pool is at sufficient level. 
2025-02-19 16:50:58.427 DEBUG [org.apache.catalina.session.ManagerBase:173] Start expire sessions StandardManager at 1739976658427 sessioncount 0 
2025-02-19 16:50:58.428 DEBUG [org.apache.catalina.session.ManagerBase:173] End expire sessions StandardManager processingTime 1 expired sessions: 0 
2025-02-19 16:51:23.648 DEBUG [com.zaxxer.hikari.pool.HikariPool:421] HikariPool-1 - Pool stats (total=10, active=0, idle=10, waiting=0) 
2025-02-19 16:51:23.649 DEBUG [com.zaxxer.hikari.pool.HikariPool:518] HikariPool-1 - Fill pool skipped, pool is at sufficient level. 
2025-02-19 16:51:53.651 DEBUG [com.zaxxer.hikari.pool.HikariPool:421] HikariPool-1 - Pool stats (total=10, active=0, idle=10, waiting=0) 
2025-02-19 16:51:53.651 DEBUG [com.zaxxer.hikari.pool.HikariPool:518] HikariPool-1 - Fill pool skipped, pool is at sufficient level. 
2025-02-19 16:51:58.464 DEBUG [org.apache.catalina.session.ManagerBase:173] Start expire sessions StandardManager at 1739976718464 sessioncount 0 
2025-02-19 16:51:58.464 DEBUG [org.apache.catalina.session.ManagerBase:173] End expire sessions StandardManager processingTime 0 expired sessions: 0 
2025-02-19 16:52:23.664 DEBUG [com.zaxxer.hikari.pool.HikariPool:421] HikariPool-1 - Pool stats (total=10, active=0, idle=10, waiting=0) 
2025-02-19 16:52:23.665 DEBUG [com.zaxxer.hikari.pool.HikariPool:518] HikariPool-1 - Fill pool skipped, pool is at sufficient level. 
2025-02-19 16:52:42.358 DEBUG [com.zaxxer.hikari.pool.PoolBase:134] HikariPool-1 - Closing connection ConnectionID:16 ClientConnectionId: 53350d51-7958-4b2e-9f73-c180e2df671e: (connection has passed maxLifetime) 
2025-02-19 16:52:42.392 DEBUG [com.microsoft.sqlserver.jdbc.Driver:1244] Microsoft JDBC Driver 12.8.1.0 for SQL Server 
2025-02-19 16:52:42.393 DEBUG [com.microsoft.sqlserver.jdbc.internals.SQLServerDriver:307] Property:serverName Value:C21SQL04 
2025-02-19 16:52:42.393 DEBUG [com.microsoft.sqlserver.jdbc.internals.SQLServerDriver:344] Property:instanceName Value:AMOS.1 
2025-02-19 16:52:42.393 DEBUG [com.microsoft.sqlserver.jdbc.internals.SQLServerDriver:328] Property:portNumber Value:1433 
2025-02-19 16:52:42.393 DEBUG [com.microsoft.sqlserver.jdbc.internals.SQLServerDriver:394] Property:databaseName Value:CS_Caissa_Central_Master_Data 
2025-02-19 16:52:42.394 DEBUG [com.microsoft.sqlserver.jdbc.internals.SQLServerDriver:394] Property:integratedSecurity Value:true 
2025-02-19 16:52:42.394 DEBUG [com.microsoft.sqlserver.jdbc.internals.SQLServerDriver:514] Property:encrypt Value:false 
2025-02-19 16:52:42.394 DEBUG [com.microsoft.sqlserver.jdbc.internals.SQLServerConnection:1777] ConnectionID:21 created by (SQLServerDriver:1) 
2025-02-19 16:52:42.395 DEBUG [com.microsoft.sqlserver.jdbc.internals.SQLServerConnection:3750] ConnectionID:21 Connecting with server: C21SQL04 port: 1433 Timeout slice: 3750 Timeout Full: 30 
2025-02-19 16:52:42.529 DEBUG [com.microsoft.sqlserver.jdbc.internals.SQLServerConnection:4137] ConnectionID:21 ClientConnectionId: a7f16e51-2a85-42a8-9a55-67262b97e7ed Server returned major version:13 
2025-02-19 16:52:42.620 DEBUG [com.microsoft.sqlserver.jdbc.internals.AuthenticationJNI:-2] C21SQL04 
2025-02-19 16:52:42.621 DEBUG [com.microsoft.sqlserver.jdbc.internals.AuthenticationJNI:-2] GetDnsName 
2025-02-19 16:52:42.622 DEBUG [com.microsoft.sqlserver.jdbc.internals.AuthenticationJNI:-2] GetDnsName success 
2025-02-19 16:52:42.622 DEBUG [com.microsoft.sqlserver.jdbc.internals.AuthenticationJNI:-2] AuthenticationJNI_SNISecGenClientContext called 
2025-02-19 16:52:42.623 DEBUG [com.microsoft.sqlserver.jdbc.internals.AuthenticationJNI:-2] C21SQL04.woolworths.co.za 
2025-02-19 16:52:42.678 DEBUG [com.microsoft.sqlserver.jdbc.internals.AuthenticationJNI:-2] MSSQLSvc/C21SQL04.woolworths.co.za:1433 
2025-02-19 16:52:42.678 DEBUG [com.microsoft.sqlserver.jdbc.internals.AuthenticationJNI:-2] MSSQLSvc/C21SQL04.woolworths.co.za:1433 
2025-02-19 16:52:42.679 DEBUG [com.microsoft.sqlserver.jdbc.internals.AuthenticationJNI:-2] Calling the SNISecGenClientContext
 
2025-02-19 16:52:42.679 DEBUG [com.microsoft.sqlserver.jdbc.internals.AuthenticationJNI:-2] SNISecGenClientContext called 
2025-02-19 16:52:42.679 DEBUG [com.microsoft.sqlserver.jdbc.internals.AuthenticationJNI:-2] negotiate 
2025-02-19 16:52:42.679 DEBUG [com.microsoft.sqlserver.jdbc.internals.AuthenticationJNI:-2] MSSQLSvc/C21SQL04.woolworths.co.za:1433 
2025-02-19 16:52:42.806 DEBUG [com.microsoft.sqlserver.jdbc.internals.AuthenticationJNI:-2] SEC Init succeeded 
2025-02-19 16:52:42.858 DEBUG [com.microsoft.sqlserver.jdbc.internals.AuthenticationJNI:-2] AuthenticationJNI_SNISecGenClientContext called 
2025-02-19 16:52:42.859 DEBUG [com.microsoft.sqlserver.jdbc.internals.AuthenticationJNI:-2] C21SQL04.woolworths.co.za 
2025-02-19 16:52:42.860 DEBUG [com.microsoft.sqlserver.jdbc.internals.AuthenticationJNI:-2] MSSQLSvc/C21SQL04.woolworths.co.za:1433 
2025-02-19 16:52:42.860 DEBUG [com.microsoft.sqlserver.jdbc.internals.AuthenticationJNI:-2] MSSQLSvc/C21SQL04.woolworths.co.za:1433 
2025-02-19 16:52:42.860 DEBUG [com.microsoft.sqlserver.jdbc.internals.AuthenticationJNI:-2] Calling the SNISecGenClientContext
 
2025-02-19 16:52:42.860 DEBUG [com.microsoft.sqlserver.jdbc.internals.AuthenticationJNI:-2] SNISecGenClientContext called 
2025-02-19 16:52:42.861 DEBUG [com.microsoft.sqlserver.jdbc.internals.AuthenticationJNI:-2] negotiate 
2025-02-19 16:52:42.861 DEBUG [com.microsoft.sqlserver.jdbc.internals.AuthenticationJNI:-2] MSSQLSvc/C21SQL04.woolworths.co.za:1433 
2025-02-19 16:52:42.862 DEBUG [com.microsoft.sqlserver.jdbc.internals.AuthenticationJNI:-2] SEC Init succeeded 
2025-02-19 16:52:42.978 DEBUG [com.zaxxer.hikari.pool.HikariPool:729] HikariPool-1 - Added connection ConnectionID:21 ClientConnectionId: a7f16e51-2a85-42a8-9a55-67262b97e7ed 
2025-02-19 16:52:48.101 DEBUG [com.zaxxer.hikari.pool.PoolBase:134] HikariPool-1 - Closing connection ConnectionID:12 ClientConnectionId: a29db622-e880-47db-889c-7096059834e0: (connection has passed maxLifetime) 
2025-02-19 16:52:48.101 DEBUG [com.microsoft.sqlserver.jdbc.Driver:1244] Microsoft JDBC Driver 12.8.1.0 for SQL Server 
2025-02-19 16:52:48.103 DEBUG [com.microsoft.sqlserver.jdbc.internals.SQLServerDriver:307] Property:serverName Value:C21SQL04 
2025-02-19 16:52:48.103 DEBUG [com.microsoft.sqlserver.jdbc.internals.SQLServerDriver:344] Property:instanceName Value:AMOS.1 
2025-02-19 16:52:48.103 DEBUG [com.microsoft.sqlserver.jdbc.internals.SQLServerDriver:328] Property:portNumber Value:1433 
2025-02-19 16:52:48.104 DEBUG [com.microsoft.sqlserver.jdbc.internals.SQLServerDriver:394] Property:databaseName Value:CS_Caissa_Central_Master_Data 
2025-02-19 16:52:48.104 DEBUG [com.microsoft.sqlserver.jdbc.internals.SQLServerDriver:394] Property:integratedSecurity Value:true 
2025-02-19 16:52:48.105 DEBUG [com.microsoft.sqlserver.jdbc.internals.SQLServerDriver:514] Property:encrypt Value:false 
2025-02-19 16:52:48.105 DEBUG [com.microsoft.sqlserver.jdbc.internals.SQLServerConnection:1777] ConnectionID:22 created by (SQLServerDriver:1) 
2025-02-19 16:52:48.106 DEBUG [com.microsoft.sqlserver.jdbc.internals.SQLServerConnection:3750] ConnectionID:22 Connecting with server: C21SQL04 port: 1433 Timeout slice: 3750 Timeout Full: 30 
2025-02-19 16:52:48.196 DEBUG [com.microsoft.sqlserver.jdbc.internals.SQLServerConnection:4137] ConnectionID:22 ClientConnectionId: e8f01f44-7ef8-4db0-a37a-86d588f8f229 Server returned major version:13 
2025-02-19 16:52:48.302 DEBUG [com.microsoft.sqlserver.jdbc.internals.AuthenticationJNI:-2] C21SQL04 
2025-02-19 16:52:48.303 DEBUG [com.microsoft.sqlserver.jdbc.internals.AuthenticationJNI:-2] GetDnsName 
2025-02-19 16:52:48.304 DEBUG [com.microsoft.sqlserver.jdbc.internals.AuthenticationJNI:-2] GetDnsName success 
2025-02-19 16:52:48.305 DEBUG [com.microsoft.sqlserver.jdbc.internals.AuthenticationJNI:-2] AuthenticationJNI_SNISecGenClientContext called 
2025-02-19 16:52:48.305 DEBUG [com.microsoft.sqlserver.jdbc.internals.AuthenticationJNI:-2] C21SQL04.woolworths.co.za 
2025-02-19 16:52:48.306 DEBUG [com.microsoft.sqlserver.jdbc.internals.AuthenticationJNI:-2] MSSQLSvc/C21SQL04.woolworths.co.za:1433 
2025-02-19 16:52:48.307 DEBUG [com.microsoft.sqlserver.jdbc.internals.AuthenticationJNI:-2] MSSQLSvc/C21SQL04.woolworths.co.za:1433 
2025-02-19 16:52:48.307 DEBUG [com.microsoft.sqlserver.jdbc.internals.AuthenticationJNI:-2] Calling the SNISecGenClientContext
 
2025-02-19 16:52:48.307 DEBUG [com.microsoft.sqlserver.jdbc.internals.AuthenticationJNI:-2] SNISecGenClientContext called 
2025-02-19 16:52:48.307 DEBUG [com.microsoft.sqlserver.jdbc.internals.AuthenticationJNI:-2] negotiate 
2025-02-19 16:52:48.308 DEBUG [com.microsoft.sqlserver.jdbc.internals.AuthenticationJNI:-2] MSSQLSvc/C21SQL04.woolworths.co.za:1433 
2025-02-19 16:52:48.309 DEBUG [com.microsoft.sqlserver.jdbc.internals.AuthenticationJNI:-2] SEC Init succeeded 
2025-02-19 16:52:48.336 DEBUG [com.microsoft.sqlserver.jdbc.internals.AuthenticationJNI:-2] AuthenticationJNI_SNISecGenClientContext called 
2025-02-19 16:52:48.336 DEBUG [com.microsoft.sqlserver.jdbc.internals.AuthenticationJNI:-2] C21SQL04.woolworths.co.za 
2025-02-19 16:52:48.337 DEBUG [com.microsoft.sqlserver.jdbc.internals.AuthenticationJNI:-2] MSSQLSvc/C21SQL04.woolworths.co.za:1433 
2025-02-19 16:52:48.338 DEBUG [com.microsoft.sqlserver.jdbc.internals.AuthenticationJNI:-2] MSSQLSvc/C21SQL04.woolworths.co.za:1433 
2025-02-19 16:52:48.338 DEBUG [com.microsoft.sqlserver.jdbc.internals.AuthenticationJNI:-2] Calling the SNISecGenClientContext
 
2025-02-19 16:52:48.338 DEBUG [com.microsoft.sqlserver.jdbc.internals.AuthenticationJNI:-2] SNISecGenClientContext called 
2025-02-19 16:52:48.339 DEBUG [com.microsoft.sqlserver.jdbc.internals.AuthenticationJNI:-2] negotiate 
2025-02-19 16:52:48.339 DEBUG [com.microsoft.sqlserver.jdbc.internals.AuthenticationJNI:-2] MSSQLSvc/C21SQL04.woolworths.co.za:1433 
2025-02-19 16:52:48.340 DEBUG [com.microsoft.sqlserver.jdbc.internals.AuthenticationJNI:-2] SEC Init succeeded 
2025-02-19 16:52:48.403 DEBUG [com.zaxxer.hikari.pool.HikariPool:729] HikariPool-1 - Added connection ConnectionID:22 ClientConnectionId: e8f01f44-7ef8-4db0-a37a-86d588f8f229 
2025-02-19 16:52:50.324 DEBUG [com.zaxxer.hikari.pool.PoolBase:134] HikariPool-1 - Closing connection ConnectionID:14 ClientConnectionId: 9f59a683-fd78-473f-a931-c34ba3da4939: (connection has passed maxLifetime) 
2025-02-19 16:52:50.324 DEBUG [com.microsoft.sqlserver.jdbc.Driver:1244] Microsoft JDBC Driver 12.8.1.0 for SQL Server 
2025-02-19 16:52:50.325 DEBUG [com.microsoft.sqlserver.jdbc.internals.SQLServerDriver:307] Property:serverName Value:C21SQL04 
2025-02-19 16:52:50.325 DEBUG [com.microsoft.sqlserver.jdbc.internals.SQLServerDriver:344] Property:instanceName Value:AMOS.1 
2025-02-19 16:52:50.325 DEBUG [com.microsoft.sqlserver.jdbc.internals.SQLServerDriver:328] Property:portNumber Value:1433 
2025-02-19 16:52:50.325 DEBUG [com.microsoft.sqlserver.jdbc.internals.SQLServerDriver:394] Property:databaseName Value:CS_Caissa_Central_Master_Data 
2025-02-19 16:52:50.326 DEBUG [com.microsoft.sqlserver.jdbc.internals.SQLServerDriver:394] Property:integratedSecurity Value:true 
2025-02-19 16:52:50.326 DEBUG [com.microsoft.sqlserver.jdbc.internals.SQLServerDriver:514] Property:encrypt Value:false 
2025-02-19 16:52:50.326 DEBUG [com.microsoft.sqlserver.jdbc.internals.SQLServerConnection:1777] ConnectionID:23 created by (SQLServerDriver:1) 
2025-02-19 16:52:50.327 DEBUG [com.microsoft.sqlserver.jdbc.internals.SQLServerConnection:3750] ConnectionID:23 Connecting with server: C21SQL04 port: 1433 Timeout slice: 3750 Timeout Full: 30 
2025-02-19 16:52:50.402 DEBUG [com.microsoft.sqlserver.jdbc.internals.SQLServerConnection:4137] ConnectionID:23 ClientConnectionId: 749527a7-9a17-4fee-aec1-f32a1ff1105e Server returned major version:13 
2025-02-19 16:52:50.470 DEBUG [com.microsoft.sqlserver.jdbc.internals.AuthenticationJNI:-2] C21SQL04 
2025-02-19 16:52:50.470 DEBUG [com.microsoft.sqlserver.jdbc.internals.AuthenticationJNI:-2] GetDnsName 
2025-02-19 16:52:50.471 DEBUG [com.microsoft.sqlserver.jdbc.internals.AuthenticationJNI:-2] GetDnsName success 
2025-02-19 16:52:50.472 DEBUG [com.microsoft.sqlserver.jdbc.internals.AuthenticationJNI:-2] AuthenticationJNI_SNISecGenClientContext called 
2025-02-19 16:52:50.472 DEBUG [com.microsoft.sqlserver.jdbc.internals.AuthenticationJNI:-2] C21SQL04.woolworths.co.za 
2025-02-19 16:52:50.473 DEBUG [com.microsoft.sqlserver.jdbc.internals.AuthenticationJNI:-2] MSSQLSvc/C21SQL04.woolworths.co.za:1433 
2025-02-19 16:52:50.473 DEBUG [com.microsoft.sqlserver.jdbc.internals.AuthenticationJNI:-2] MSSQLSvc/C21SQL04.woolworths.co.za:1433 
2025-02-19 16:52:50.473 DEBUG [com.microsoft.sqlserver.jdbc.internals.AuthenticationJNI:-2] Calling the SNISecGenClientContext
 
2025-02-19 16:52:50.474 DEBUG [com.microsoft.sqlserver.jdbc.internals.AuthenticationJNI:-2] SNISecGenClientContext called 
2025-02-19 16:52:50.474 DEBUG [com.microsoft.sqlserver.jdbc.internals.AuthenticationJNI:-2] negotiate 
2025-02-19 16:52:50.474 DEBUG [com.microsoft.sqlserver.jdbc.internals.AuthenticationJNI:-2] MSSQLSvc/C21SQL04.woolworths.co.za:1433 
2025-02-19 16:52:50.476 DEBUG [com.microsoft.sqlserver.jdbc.internals.AuthenticationJNI:-2] SEC Init succeeded 
2025-02-19 16:52:50.505 DEBUG [com.microsoft.sqlserver.jdbc.internals.AuthenticationJNI:-2] AuthenticationJNI_SNISecGenClientContext called 
2025-02-19 16:52:50.505 DEBUG [com.microsoft.sqlserver.jdbc.internals.AuthenticationJNI:-2] C21SQL04.woolworths.co.za 
2025-02-19 16:52:50.506 DEBUG [com.microsoft.sqlserver.jdbc.internals.AuthenticationJNI:-2] MSSQLSvc/C21SQL04.woolworths.co.za:1433 
2025-02-19 16:52:50.507 DEBUG [com.microsoft.sqlserver.jdbc.internals.AuthenticationJNI:-2] MSSQLSvc/C21SQL04.woolworths.co.za:1433 
2025-02-19 16:52:50.507 DEBUG [com.microsoft.sqlserver.jdbc.internals.AuthenticationJNI:-2] Calling the SNISecGenClientContext
 
2025-02-19 16:52:50.507 DEBUG [com.microsoft.sqlserver.jdbc.internals.AuthenticationJNI:-2] SNISecGenClientContext called 
2025-02-19 16:52:50.507 DEBUG [com.microsoft.sqlserver.jdbc.internals.AuthenticationJNI:-2] negotiate 
2025-02-19 16:52:50.508 DEBUG [com.microsoft.sqlserver.jdbc.internals.AuthenticationJNI:-2] MSSQLSvc/C21SQL04.woolworths.co.za:1433 
2025-02-19 16:52:50.508 DEBUG [com.microsoft.sqlserver.jdbc.internals.AuthenticationJNI:-2] SEC Init succeeded 
2025-02-19 16:52:50.573 DEBUG [com.zaxxer.hikari.pool.HikariPool:729] HikariPool-1 - Added connection ConnectionID:23 ClientConnectionId: 749527a7-9a17-4fee-aec1-f32a1ff1105e 
2025-02-19 16:52:53.668 DEBUG [com.zaxxer.hikari.pool.HikariPool:421] HikariPool-1 - Pool stats (total=10, active=0, idle=10, waiting=0) 
2025-02-19 16:52:53.668 DEBUG [com.zaxxer.hikari.pool.HikariPool:518] HikariPool-1 - Fill pool skipped, pool is at sufficient level. 
2025-02-19 16:52:54.751 DEBUG [com.zaxxer.hikari.pool.PoolBase:134] HikariPool-1 - Closing connection ConnectionID:13 ClientConnectionId: 4d89c4b2-fb74-46f1-8fa5-4bb1939806c8: (connection has passed maxLifetime) 
2025-02-19 16:52:54.751 DEBUG [com.microsoft.sqlserver.jdbc.Driver:1244] Microsoft JDBC Driver 12.8.1.0 for SQL Server 
2025-02-19 16:52:54.752 DEBUG [com.microsoft.sqlserver.jdbc.internals.SQLServerDriver:307] Property:serverName Value:C21SQL04 
2025-02-19 16:52:54.753 DEBUG [com.microsoft.sqlserver.jdbc.internals.SQLServerDriver:344] Property:instanceName Value:AMOS.1 
2025-02-19 16:52:54.753 DEBUG [com.microsoft.sqlserver.jdbc.internals.SQLServerDriver:328] Property:portNumber Value:1433 
2025-02-19 16:52:54.754 DEBUG [com.microsoft.sqlserver.jdbc.internals.SQLServerDriver:394] Property:databaseName Value:CS_Caissa_Central_Master_Data 
2025-02-19 16:52:54.754 DEBUG [com.microsoft.sqlserver.jdbc.internals.SQLServerDriver:394] Property:integratedSecurity Value:true 
2025-02-19 16:52:54.755 DEBUG [com.microsoft.sqlserver.jdbc.internals.SQLServerDriver:514] Property:encrypt Value:false 
2025-02-19 16:52:54.755 DEBUG [com.microsoft.sqlserver.jdbc.internals.SQLServerConnection:1777] ConnectionID:24 created by (SQLServerDriver:1) 
2025-02-19 16:52:54.756 DEBUG [com.microsoft.sqlserver.jdbc.internals.SQLServerConnection:3750] ConnectionID:24 Connecting with server: C21SQL04 port: 1433 Timeout slice: 3750 Timeout Full: 30 
2025-02-19 16:52:54.833 DEBUG [com.microsoft.sqlserver.jdbc.internals.SQLServerConnection:4137] ConnectionID:24 ClientConnectionId: 49684f32-368d-4702-94bd-3b28cb4d35a3 Server returned major version:13 
2025-02-19 16:52:54.925 DEBUG [com.microsoft.sqlserver.jdbc.internals.AuthenticationJNI:-2] C21SQL04 
2025-02-19 16:52:54.925 DEBUG [com.microsoft.sqlserver.jdbc.internals.AuthenticationJNI:-2] GetDnsName 
2025-02-19 16:52:54.926 DEBUG [com.microsoft.sqlserver.jdbc.internals.AuthenticationJNI:-2] GetDnsName success 
2025-02-19 16:52:54.927 DEBUG [com.microsoft.sqlserver.jdbc.internals.AuthenticationJNI:-2] AuthenticationJNI_SNISecGenClientContext called 
2025-02-19 16:52:54.927 DEBUG [com.microsoft.sqlserver.jdbc.internals.AuthenticationJNI:-2] C21SQL04.woolworths.co.za 
2025-02-19 16:52:54.928 DEBUG [com.microsoft.sqlserver.jdbc.internals.AuthenticationJNI:-2] MSSQLSvc/C21SQL04.woolworths.co.za:1433 
2025-02-19 16:52:54.928 DEBUG [com.microsoft.sqlserver.jdbc.internals.AuthenticationJNI:-2] MSSQLSvc/C21SQL04.woolworths.co.za:1433 
2025-02-19 16:52:54.928 DEBUG [com.microsoft.sqlserver.jdbc.internals.AuthenticationJNI:-2] Calling the SNISecGenClientContext
 
2025-02-19 16:52:54.929 DEBUG [com.microsoft.sqlserver.jdbc.internals.AuthenticationJNI:-2] SNISecGenClientContext called 
2025-02-19 16:52:54.929 DEBUG [com.microsoft.sqlserver.jdbc.internals.AuthenticationJNI:-2] negotiate 
2025-02-19 16:52:54.930 DEBUG [com.microsoft.sqlserver.jdbc.internals.AuthenticationJNI:-2] MSSQLSvc/C21SQL04.woolworths.co.za:1433 
2025-02-19 16:52:54.931 DEBUG [com.microsoft.sqlserver.jdbc.internals.AuthenticationJNI:-2] SEC Init succeeded 
2025-02-19 16:52:54.973 DEBUG [com.microsoft.sqlserver.jdbc.internals.AuthenticationJNI:-2] AuthenticationJNI_SNISecGenClientContext called 
2025-02-19 16:52:54.973 DEBUG [com.microsoft.sqlserver.jdbc.internals.AuthenticationJNI:-2] C21SQL04.woolworths.co.za 
2025-02-19 16:52:54.974 DEBUG [com.microsoft.sqlserver.jdbc.internals.AuthenticationJNI:-2] MSSQLSvc/C21SQL04.woolworths.co.za:1433 
2025-02-19 16:52:54.975 DEBUG [com.microsoft.sqlserver.jdbc.internals.AuthenticationJNI:-2] MSSQLSvc/C21SQL04.woolworths.co.za:1433 
2025-02-19 16:52:54.975 DEBUG [com.microsoft.sqlserver.jdbc.internals.AuthenticationJNI:-2] Calling the SNISecGenClientContext
 
2025-02-19 16:52:54.975 DEBUG [com.microsoft.sqlserver.jdbc.internals.AuthenticationJNI:-2] SNISecGenClientContext called 
2025-02-19 16:52:54.976 DEBUG [com.microsoft.sqlserver.jdbc.internals.AuthenticationJNI:-2] negotiate 
2025-02-19 16:52:54.976 DEBUG [com.microsoft.sqlserver.jdbc.internals.AuthenticationJNI:-2] MSSQLSvc/C21SQL04.woolworths.co.za:1433 
2025-02-19 16:52:54.977 DEBUG [com.microsoft.sqlserver.jdbc.internals.AuthenticationJNI:-2] SEC Init succeeded 
2025-02-19 16:52:55.144 DEBUG [com.zaxxer.hikari.pool.HikariPool:729] HikariPool-1 - Added connection ConnectionID:24 ClientConnectionId: 49684f32-368d-4702-94bd-3b28cb4d35a3 
2025-02-19 16:52:55.283 DEBUG [com.zaxxer.hikari.pool.PoolBase:134] HikariPool-1 - Closing connection ConnectionID:17 ClientConnectionId: 8469afa1-4184-4393-b2f5-6ded061c2913: (connection has passed maxLifetime) 
2025-02-19 16:52:55.283 DEBUG [com.microsoft.sqlserver.jdbc.Driver:1244] Microsoft JDBC Driver 12.8.1.0 for SQL Server 
2025-02-19 16:52:55.283 DEBUG [com.microsoft.sqlserver.jdbc.internals.SQLServerDriver:307] Property:serverName Value:C21SQL04 
2025-02-19 16:52:55.284 DEBUG [com.microsoft.sqlserver.jdbc.internals.SQLServerDriver:344] Property:instanceName Value:AMOS.1 
2025-02-19 16:52:55.284 DEBUG [com.microsoft.sqlserver.jdbc.internals.SQLServerDriver:328] Property:portNumber Value:1433 
2025-02-19 16:52:55.284 DEBUG [com.microsoft.sqlserver.jdbc.internals.SQLServerDriver:394] Property:databaseName Value:CS_Caissa_Central_Master_Data 
2025-02-19 16:52:55.285 DEBUG [com.microsoft.sqlserver.jdbc.internals.SQLServerDriver:394] Property:integratedSecurity Value:true 
2025-02-19 16:52:55.285 DEBUG [com.microsoft.sqlserver.jdbc.internals.SQLServerDriver:514] Property:encrypt Value:false 
2025-02-19 16:52:55.285 DEBUG [com.microsoft.sqlserver.jdbc.internals.SQLServerConnection:1777] ConnectionID:25 created by (SQLServerDriver:1) 
2025-02-19 16:52:55.286 DEBUG [com.microsoft.sqlserver.jdbc.internals.SQLServerConnection:3750] ConnectionID:25 Connecting with server: C21SQL04 port: 1433 Timeout slice: 3750 Timeout Full: 30 
2025-02-19 16:52:55.350 DEBUG [com.microsoft.sqlserver.jdbc.internals.SQLServerConnection:4137] ConnectionID:25 ClientConnectionId: f19c1aec-edc9-49ee-9539-f6c65da4eab6 Server returned major version:13 
2025-02-19 16:52:55.464 DEBUG [com.microsoft.sqlserver.jdbc.internals.AuthenticationJNI:-2] C21SQL04 
2025-02-19 16:52:55.465 DEBUG [com.microsoft.sqlserver.jdbc.internals.AuthenticationJNI:-2] GetDnsName 
2025-02-19 16:52:55.465 DEBUG [com.microsoft.sqlserver.jdbc.internals.AuthenticationJNI:-2] GetDnsName success 
2025-02-19 16:52:55.466 DEBUG [com.microsoft.sqlserver.jdbc.internals.AuthenticationJNI:-2] AuthenticationJNI_SNISecGenClientContext called 
2025-02-19 16:52:55.466 DEBUG [com.microsoft.sqlserver.jdbc.internals.AuthenticationJNI:-2] C21SQL04.woolworths.co.za 
2025-02-19 16:52:55.467 DEBUG [com.microsoft.sqlserver.jdbc.internals.AuthenticationJNI:-2] MSSQLSvc/C21SQL04.woolworths.co.za:1433 
2025-02-19 16:52:55.467 DEBUG [com.microsoft.sqlserver.jdbc.internals.AuthenticationJNI:-2] MSSQLSvc/C21SQL04.woolworths.co.za:1433 
2025-02-19 16:52:55.468 DEBUG [com.microsoft.sqlserver.jdbc.internals.AuthenticationJNI:-2] Calling the SNISecGenClientContext
 
2025-02-19 16:52:55.468 DEBUG [com.microsoft.sqlserver.jdbc.internals.AuthenticationJNI:-2] SNISecGenClientContext called 
2025-02-19 16:52:55.468 DEBUG [com.microsoft.sqlserver.jdbc.internals.AuthenticationJNI:-2] negotiate 
2025-02-19 16:52:55.469 DEBUG [com.microsoft.sqlserver.jdbc.internals.AuthenticationJNI:-2] MSSQLSvc/C21SQL04.woolworths.co.za:1433 
2025-02-19 16:52:55.469 DEBUG [com.microsoft.sqlserver.jdbc.internals.AuthenticationJNI:-2] SEC Init succeeded 
2025-02-19 16:52:55.508 DEBUG [com.microsoft.sqlserver.jdbc.internals.AuthenticationJNI:-2] AuthenticationJNI_SNISecGenClientContext called 
2025-02-19 16:52:55.508 DEBUG [com.microsoft.sqlserver.jdbc.internals.AuthenticationJNI:-2] C21SQL04.woolworths.co.za 
2025-02-19 16:52:55.509 DEBUG [com.microsoft.sqlserver.jdbc.internals.AuthenticationJNI:-2] MSSQLSvc/C21SQL04.woolworths.co.za:1433 
2025-02-19 16:52:55.510 DEBUG [com.microsoft.sqlserver.jdbc.internals.AuthenticationJNI:-2] MSSQLSvc/C21SQL04.woolworths.co.za:1433 
2025-02-19 16:52:55.510 DEBUG [com.microsoft.sqlserver.jdbc.internals.AuthenticationJNI:-2] Calling the SNISecGenClientContext
 
2025-02-19 16:52:55.510 DEBUG [com.microsoft.sqlserver.jdbc.internals.AuthenticationJNI:-2] SNISecGenClientContext called 
2025-02-19 16:52:55.510 DEBUG [com.microsoft.sqlserver.jdbc.internals.AuthenticationJNI:-2] negotiate 
2025-02-19 16:52:55.511 DEBUG [com.microsoft.sqlserver.jdbc.internals.AuthenticationJNI:-2] MSSQLSvc/C21SQL04.woolworths.co.za:1433 
2025-02-19 16:52:55.511 DEBUG [com.microsoft.sqlserver.jdbc.internals.AuthenticationJNI:-2] SEC Init succeeded 
2025-02-19 16:52:55.569 DEBUG [com.zaxxer.hikari.pool.HikariPool:729] HikariPool-1 - Added connection ConnectionID:25 ClientConnectionId: f19c1aec-edc9-49ee-9539-f6c65da4eab6 
2025-02-19 16:52:58.236 DEBUG [com.zaxxer.hikari.pool.PoolBase:134] HikariPool-1 - Closing connection ConnectionID:15 ClientConnectionId: d7bc16df-dc48-48e1-9f98-17ac5e0acf69: (connection has passed maxLifetime) 
2025-02-19 16:52:58.237 DEBUG [com.zaxxer.hikari.pool.HikariPool:342] HikariPool-1 - Add connection elided, waiting 0, queue 1 
2025-02-19 16:52:58.237 DEBUG [com.microsoft.sqlserver.jdbc.Driver:1244] Microsoft JDBC Driver 12.8.1.0 for SQL Server 
2025-02-19 16:52:58.238 DEBUG [com.microsoft.sqlserver.jdbc.internals.SQLServerDriver:307] Property:serverName Value:C21SQL04 
2025-02-19 16:52:58.238 DEBUG [com.microsoft.sqlserver.jdbc.internals.SQLServerDriver:344] Property:instanceName Value:AMOS.1 
2025-02-19 16:52:58.238 DEBUG [com.microsoft.sqlserver.jdbc.internals.SQLServerDriver:328] Property:portNumber Value:1433 
2025-02-19 16:52:58.238 DEBUG [com.microsoft.sqlserver.jdbc.internals.SQLServerDriver:394] Property:databaseName Value:CS_Caissa_Central_Master_Data 
2025-02-19 16:52:58.239 DEBUG [com.microsoft.sqlserver.jdbc.internals.SQLServerDriver:394] Property:integratedSecurity Value:true 
2025-02-19 16:52:58.239 DEBUG [com.microsoft.sqlserver.jdbc.internals.SQLServerDriver:514] Property:encrypt Value:false 
2025-02-19 16:52:58.239 DEBUG [com.microsoft.sqlserver.jdbc.internals.SQLServerConnection:1777] ConnectionID:26 created by (SQLServerDriver:1) 
2025-02-19 16:52:58.240 DEBUG [com.microsoft.sqlserver.jdbc.internals.SQLServerConnection:3750] ConnectionID:26 Connecting with server: C21SQL04 port: 1433 Timeout slice: 3750 Timeout Full: 30 
2025-02-19 16:52:58.331 DEBUG [com.microsoft.sqlserver.jdbc.internals.SQLServerConnection:4137] ConnectionID:26 ClientConnectionId: bd07b7ca-23e4-442b-bfe3-8f6648fec3e0 Server returned major version:13 
2025-02-19 16:52:58.451 DEBUG [com.microsoft.sqlserver.jdbc.internals.AuthenticationJNI:-2] C21SQL04 
2025-02-19 16:52:58.452 DEBUG [com.microsoft.sqlserver.jdbc.internals.AuthenticationJNI:-2] GetDnsName 
2025-02-19 16:52:58.453 DEBUG [com.microsoft.sqlserver.jdbc.internals.AuthenticationJNI:-2] GetDnsName success 
2025-02-19 16:52:58.453 DEBUG [com.microsoft.sqlserver.jdbc.internals.AuthenticationJNI:-2] AuthenticationJNI_SNISecGenClientContext called 
2025-02-19 16:52:58.453 DEBUG [com.microsoft.sqlserver.jdbc.internals.AuthenticationJNI:-2] C21SQL04.woolworths.co.za 
2025-02-19 16:52:58.454 DEBUG [com.microsoft.sqlserver.jdbc.internals.AuthenticationJNI:-2] MSSQLSvc/C21SQL04.woolworths.co.za:1433 
2025-02-19 16:52:58.454 DEBUG [com.microsoft.sqlserver.jdbc.internals.AuthenticationJNI:-2] MSSQLSvc/C21SQL04.woolworths.co.za:1433 
2025-02-19 16:52:58.455 DEBUG [com.microsoft.sqlserver.jdbc.internals.AuthenticationJNI:-2] Calling the SNISecGenClientContext
 
2025-02-19 16:52:58.455 DEBUG [com.microsoft.sqlserver.jdbc.internals.AuthenticationJNI:-2] SNISecGenClientContext called 
2025-02-19 16:52:58.455 DEBUG [com.microsoft.sqlserver.jdbc.internals.AuthenticationJNI:-2] negotiate 
2025-02-19 16:52:58.456 DEBUG [com.microsoft.sqlserver.jdbc.internals.AuthenticationJNI:-2] MSSQLSvc/C21SQL04.woolworths.co.za:1433 
2025-02-19 16:52:58.456 DEBUG [com.microsoft.sqlserver.jdbc.internals.AuthenticationJNI:-2] SEC Init succeeded 
2025-02-19 16:52:58.500 DEBUG [org.apache.catalina.session.ManagerBase:173] Start expire sessions StandardManager at 1739976778500 sessioncount 0 
2025-02-19 16:52:58.500 DEBUG [com.microsoft.sqlserver.jdbc.internals.AuthenticationJNI:-2] AuthenticationJNI_SNISecGenClientContext called 
2025-02-19 16:52:58.500 DEBUG [org.apache.catalina.session.ManagerBase:173] End expire sessions StandardManager processingTime 0 expired sessions: 0 
2025-02-19 16:52:58.500 DEBUG [com.microsoft.sqlserver.jdbc.internals.AuthenticationJNI:-2] C21SQL04.woolworths.co.za 
2025-02-19 16:52:58.501 DEBUG [com.microsoft.sqlserver.jdbc.internals.AuthenticationJNI:-2] MSSQLSvc/C21SQL04.woolworths.co.za:1433 
2025-02-19 16:52:58.502 DEBUG [com.microsoft.sqlserver.jdbc.internals.AuthenticationJNI:-2] MSSQLSvc/C21SQL04.woolworths.co.za:1433 
2025-02-19 16:52:58.502 DEBUG [com.microsoft.sqlserver.jdbc.internals.AuthenticationJNI:-2] Calling the SNISecGenClientContext
 
2025-02-19 16:52:58.502 DEBUG [com.microsoft.sqlserver.jdbc.internals.AuthenticationJNI:-2] SNISecGenClientContext called 
2025-02-19 16:52:58.502 DEBUG [com.microsoft.sqlserver.jdbc.internals.AuthenticationJNI:-2] negotiate 
2025-02-19 16:52:58.502 DEBUG [com.microsoft.sqlserver.jdbc.internals.AuthenticationJNI:-2] MSSQLSvc/C21SQL04.woolworths.co.za:1433 
2025-02-19 16:52:58.503 DEBUG [com.microsoft.sqlserver.jdbc.internals.AuthenticationJNI:-2] SEC Init succeeded 
2025-02-19 16:52:58.563 DEBUG [com.zaxxer.hikari.pool.HikariPool:729] HikariPool-1 - Added connection ConnectionID:26 ClientConnectionId: bd07b7ca-23e4-442b-bfe3-8f6648fec3e0 
2025-02-19 16:52:58.563 DEBUG [com.zaxxer.hikari.pool.HikariPool:421] HikariPool-1 - After adding stats (total=10, active=0, idle=10, waiting=0) 
2025-02-19 16:52:58.671 DEBUG [com.zaxxer.hikari.pool.PoolBase:134] HikariPool-1 - Closing connection ConnectionID:11 ClientConnectionId: 2ac682da-1fab-45f3-988c-45eca251b9e4: (connection has passed maxLifetime) 
2025-02-19 16:52:58.671 DEBUG [com.microsoft.sqlserver.jdbc.Driver:1244] Microsoft JDBC Driver 12.8.1.0 for SQL Server 
2025-02-19 16:52:58.672 DEBUG [com.microsoft.sqlserver.jdbc.internals.SQLServerDriver:307] Property:serverName Value:C21SQL04 
2025-02-19 16:52:58.672 DEBUG [com.microsoft.sqlserver.jdbc.internals.SQLServerDriver:344] Property:instanceName Value:AMOS.1 
2025-02-19 16:52:58.672 DEBUG [com.microsoft.sqlserver.jdbc.internals.SQLServerDriver:328] Property:portNumber Value:1433 
2025-02-19 16:52:58.672 DEBUG [com.microsoft.sqlserver.jdbc.internals.SQLServerDriver:394] Property:databaseName Value:CS_Caissa_Central_Master_Data 
2025-02-19 16:52:58.673 DEBUG [com.microsoft.sqlserver.jdbc.internals.SQLServerDriver:394] Property:integratedSecurity Value:true 
2025-02-19 16:52:58.673 DEBUG [com.microsoft.sqlserver.jdbc.internals.SQLServerDriver:514] Property:encrypt Value:false 
2025-02-19 16:52:58.673 DEBUG [com.microsoft.sqlserver.jdbc.internals.SQLServerConnection:1777] ConnectionID:27 created by (SQLServerDriver:1) 
2025-02-19 16:52:58.673 DEBUG [com.microsoft.sqlserver.jdbc.internals.SQLServerConnection:3750] ConnectionID:27 Connecting with server: C21SQL04 port: 1433 Timeout slice: 3750 Timeout Full: 30 
2025-02-19 16:52:58.734 DEBUG [com.microsoft.sqlserver.jdbc.internals.SQLServerConnection:4137] ConnectionID:27 ClientConnectionId: 85151025-daf5-41d8-94eb-acbecd3484c9 Server returned major version:13 
2025-02-19 16:52:58.815 DEBUG [com.microsoft.sqlserver.jdbc.internals.AuthenticationJNI:-2] C21SQL04 
2025-02-19 16:52:58.815 DEBUG [com.microsoft.sqlserver.jdbc.internals.AuthenticationJNI:-2] GetDnsName 
2025-02-19 16:52:58.817 DEBUG [com.microsoft.sqlserver.jdbc.internals.AuthenticationJNI:-2] GetDnsName success 
2025-02-19 16:52:58.817 DEBUG [com.microsoft.sqlserver.jdbc.internals.AuthenticationJNI:-2] AuthenticationJNI_SNISecGenClientContext called 
2025-02-19 16:52:58.817 DEBUG [com.microsoft.sqlserver.jdbc.internals.AuthenticationJNI:-2] C21SQL04.woolworths.co.za 
2025-02-19 16:52:58.819 DEBUG [com.microsoft.sqlserver.jdbc.internals.AuthenticationJNI:-2] MSSQLSvc/C21SQL04.woolworths.co.za:1433 
2025-02-19 16:52:58.819 DEBUG [com.microsoft.sqlserver.jdbc.internals.AuthenticationJNI:-2] MSSQLSvc/C21SQL04.woolworths.co.za:1433 
2025-02-19 16:52:58.819 DEBUG [com.microsoft.sqlserver.jdbc.internals.AuthenticationJNI:-2] Calling the SNISecGenClientContext
 
2025-02-19 16:52:58.820 DEBUG [com.microsoft.sqlserver.jdbc.internals.AuthenticationJNI:-2] SNISecGenClientContext called 
2025-02-19 16:52:58.820 DEBUG [com.microsoft.sqlserver.jdbc.internals.AuthenticationJNI:-2] negotiate 
2025-02-19 16:52:58.820 DEBUG [com.microsoft.sqlserver.jdbc.internals.AuthenticationJNI:-2] MSSQLSvc/C21SQL04.woolworths.co.za:1433 
2025-02-19 16:52:58.821 DEBUG [com.microsoft.sqlserver.jdbc.internals.AuthenticationJNI:-2] SEC Init succeeded 
2025-02-19 16:52:58.858 DEBUG [com.microsoft.sqlserver.jdbc.internals.AuthenticationJNI:-2] AuthenticationJNI_SNISecGenClientContext called 
2025-02-19 16:52:58.859 DEBUG [com.microsoft.sqlserver.jdbc.internals.AuthenticationJNI:-2] C21SQL04.woolworths.co.za 
2025-02-19 16:52:58.860 DEBUG [com.microsoft.sqlserver.jdbc.internals.AuthenticationJNI:-2] MSSQLSvc/C21SQL04.woolworths.co.za:1433 
2025-02-19 16:52:58.860 DEBUG [com.microsoft.sqlserver.jdbc.internals.AuthenticationJNI:-2] MSSQLSvc/C21SQL04.woolworths.co.za:1433 
2025-02-19 16:52:58.861 DEBUG [com.microsoft.sqlserver.jdbc.internals.AuthenticationJNI:-2] Calling the SNISecGenClientContext
 
2025-02-19 16:52:58.861 DEBUG [com.microsoft.sqlserver.jdbc.internals.AuthenticationJNI:-2] SNISecGenClientContext called 
2025-02-19 16:52:58.861 DEBUG [com.microsoft.sqlserver.jdbc.internals.AuthenticationJNI:-2] negotiate 
2025-02-19 16:52:58.861 DEBUG [com.microsoft.sqlserver.jdbc.internals.AuthenticationJNI:-2] MSSQLSvc/C21SQL04.woolworths.co.za:1433 
2025-02-19 16:52:58.862 DEBUG [com.microsoft.sqlserver.jdbc.internals.AuthenticationJNI:-2] SEC Init succeeded 
2025-02-19 16:52:58.984 DEBUG [com.zaxxer.hikari.pool.HikariPool:729] HikariPool-1 - Added connection ConnectionID:27 ClientConnectionId: 85151025-daf5-41d8-94eb-acbecd3484c9 
2025-02-19 16:53:12.262 DEBUG [com.zaxxer.hikari.pool.PoolBase:134] HikariPool-1 - Closing connection ConnectionID:20 ClientConnectionId: d2f8b868-7eba-447b-8ac1-0a035531085d: (connection has passed maxLifetime) 
2025-02-19 16:53:12.263 DEBUG [com.microsoft.sqlserver.jdbc.Driver:1244] Microsoft JDBC Driver 12.8.1.0 for SQL Server 
2025-02-19 16:53:12.264 DEBUG [com.microsoft.sqlserver.jdbc.internals.SQLServerDriver:307] Property:serverName Value:C21SQL04 
2025-02-19 16:53:12.265 DEBUG [com.microsoft.sqlserver.jdbc.internals.SQLServerDriver:344] Property:instanceName Value:AMOS.1 
2025-02-19 16:53:12.266 DEBUG [com.microsoft.sqlserver.jdbc.internals.SQLServerDriver:328] Property:portNumber Value:1433 
2025-02-19 16:53:12.266 DEBUG [com.microsoft.sqlserver.jdbc.internals.SQLServerDriver:394] Property:databaseName Value:CS_Caissa_Central_Master_Data 
2025-02-19 16:53:12.266 DEBUG [com.microsoft.sqlserver.jdbc.internals.SQLServerDriver:394] Property:integratedSecurity Value:true 
2025-02-19 16:53:12.267 DEBUG [com.microsoft.sqlserver.jdbc.internals.SQLServerDriver:514] Property:encrypt Value:false 
2025-02-19 16:53:12.267 DEBUG [com.microsoft.sqlserver.jdbc.internals.SQLServerConnection:1777] ConnectionID:28 created by (SQLServerDriver:1) 
2025-02-19 16:53:12.268 DEBUG [com.microsoft.sqlserver.jdbc.internals.SQLServerConnection:3750] ConnectionID:28 Connecting with server: C21SQL04 port: 1433 Timeout slice: 3750 Timeout Full: 30 
2025-02-19 16:53:12.505 DEBUG [com.microsoft.sqlserver.jdbc.internals.SQLServerConnection:4137] ConnectionID:28 ClientConnectionId: c2be63ea-0321-480b-ba81-63ddae752714 Server returned major version:13 
2025-02-19 16:53:12.608 DEBUG [com.microsoft.sqlserver.jdbc.internals.AuthenticationJNI:-2] C21SQL04 
2025-02-19 16:53:12.609 DEBUG [com.microsoft.sqlserver.jdbc.internals.AuthenticationJNI:-2] GetDnsName 
2025-02-19 16:53:12.610 DEBUG [com.microsoft.sqlserver.jdbc.internals.AuthenticationJNI:-2] GetDnsName success 
2025-02-19 16:53:12.611 DEBUG [com.microsoft.sqlserver.jdbc.internals.AuthenticationJNI:-2] AuthenticationJNI_SNISecGenClientContext called 
2025-02-19 16:53:12.611 DEBUG [com.microsoft.sqlserver.jdbc.internals.AuthenticationJNI:-2] C21SQL04.woolworths.co.za 
2025-02-19 16:53:12.613 DEBUG [com.microsoft.sqlserver.jdbc.internals.AuthenticationJNI:-2] MSSQLSvc/C21SQL04.woolworths.co.za:1433 
2025-02-19 16:53:12.613 DEBUG [com.microsoft.sqlserver.jdbc.internals.AuthenticationJNI:-2] MSSQLSvc/C21SQL04.woolworths.co.za:1433 
2025-02-19 16:53:12.613 DEBUG [com.microsoft.sqlserver.jdbc.internals.AuthenticationJNI:-2] Calling the SNISecGenClientContext
 
2025-02-19 16:53:12.614 DEBUG [com.microsoft.sqlserver.jdbc.internals.AuthenticationJNI:-2] SNISecGenClientContext called 
2025-02-19 16:53:12.614 DEBUG [com.microsoft.sqlserver.jdbc.internals.AuthenticationJNI:-2] negotiate 
2025-02-19 16:53:12.615 DEBUG [com.microsoft.sqlserver.jdbc.internals.AuthenticationJNI:-2] MSSQLSvc/C21SQL04.woolworths.co.za:1433 
2025-02-19 16:53:12.616 DEBUG [com.microsoft.sqlserver.jdbc.internals.AuthenticationJNI:-2] SEC Init succeeded 
2025-02-19 16:53:12.698 DEBUG [com.microsoft.sqlserver.jdbc.internals.AuthenticationJNI:-2] AuthenticationJNI_SNISecGenClientContext called 
2025-02-19 16:53:12.699 DEBUG [com.microsoft.sqlserver.jdbc.internals.AuthenticationJNI:-2] C21SQL04.woolworths.co.za 
2025-02-19 16:53:12.700 DEBUG [com.microsoft.sqlserver.jdbc.internals.AuthenticationJNI:-2] MSSQLSvc/C21SQL04.woolworths.co.za:1433 
2025-02-19 16:53:12.701 DEBUG [com.microsoft.sqlserver.jdbc.internals.AuthenticationJNI:-2] MSSQLSvc/C21SQL04.woolworths.co.za:1433 
2025-02-19 16:53:12.701 DEBUG [com.microsoft.sqlserver.jdbc.internals.AuthenticationJNI:-2] Calling the SNISecGenClientContext
 
2025-02-19 16:53:12.702 DEBUG [com.microsoft.sqlserver.jdbc.internals.AuthenticationJNI:-2] SNISecGenClientContext called 
2025-02-19 16:53:12.702 DEBUG [com.microsoft.sqlserver.jdbc.internals.AuthenticationJNI:-2] negotiate 
2025-02-19 16:53:12.702 DEBUG [com.microsoft.sqlserver.jdbc.internals.AuthenticationJNI:-2] MSSQLSvc/C21SQL04.woolworths.co.za:1433 
2025-02-19 16:53:12.703 DEBUG [com.microsoft.sqlserver.jdbc.internals.AuthenticationJNI:-2] SEC Init succeeded 
2025-02-19 16:53:12.806 DEBUG [com.zaxxer.hikari.pool.HikariPool:729] HikariPool-1 - Added connection ConnectionID:28 ClientConnectionId: c2be63ea-0321-480b-ba81-63ddae752714 
2025-02-19 16:53:23.677 DEBUG [com.zaxxer.hikari.pool.HikariPool:421] HikariPool-1 - Pool stats (total=10, active=0, idle=10, waiting=0) 
2025-02-19 16:53:23.678 DEBUG [com.zaxxer.hikari.pool.HikariPool:518] HikariPool-1 - Fill pool skipped, pool is at sufficient level. 
2025-02-19 16:53:25.931 DEBUG [com.zaxxer.hikari.pool.PoolBase:134] HikariPool-1 - Closing connection ConnectionID:18 ClientConnectionId: 0c4947b0-6b23-4567-8633-dfd19f80a36b: (connection has passed maxLifetime) 
2025-02-19 16:53:25.932 DEBUG [com.microsoft.sqlserver.jdbc.Driver:1244] Microsoft JDBC Driver 12.8.1.0 for SQL Server 
2025-02-19 16:53:25.932 DEBUG [com.microsoft.sqlserver.jdbc.internals.SQLServerDriver:307] Property:serverName Value:C21SQL04 
2025-02-19 16:53:25.933 DEBUG [com.microsoft.sqlserver.jdbc.internals.SQLServerDriver:344] Property:instanceName Value:AMOS.1 
2025-02-19 16:53:25.933 DEBUG [com.microsoft.sqlserver.jdbc.internals.SQLServerDriver:328] Property:portNumber Value:1433 
2025-02-19 16:53:25.933 DEBUG [com.microsoft.sqlserver.jdbc.internals.SQLServerDriver:394] Property:databaseName Value:CS_Caissa_Central_Master_Data 
2025-02-19 16:53:25.933 DEBUG [com.microsoft.sqlserver.jdbc.internals.SQLServerDriver:394] Property:integratedSecurity Value:true 
2025-02-19 16:53:25.934 DEBUG [com.microsoft.sqlserver.jdbc.internals.SQLServerDriver:514] Property:encrypt Value:false 
2025-02-19 16:53:25.934 DEBUG [com.microsoft.sqlserver.jdbc.internals.SQLServerConnection:1777] ConnectionID:29 created by (SQLServerDriver:1) 
2025-02-19 16:53:25.934 DEBUG [com.microsoft.sqlserver.jdbc.internals.SQLServerConnection:3750] ConnectionID:29 Connecting with server: C21SQL04 port: 1433 Timeout slice: 3750 Timeout Full: 30 
2025-02-19 16:53:26.030 DEBUG [com.microsoft.sqlserver.jdbc.internals.SQLServerConnection:4137] ConnectionID:29 ClientConnectionId: 08ef6ff6-9a98-4805-a68d-faa45ccebdc8 Server returned major version:13 
2025-02-19 16:53:26.122 DEBUG [com.microsoft.sqlserver.jdbc.internals.AuthenticationJNI:-2] C21SQL04 
2025-02-19 16:53:26.122 DEBUG [com.microsoft.sqlserver.jdbc.internals.AuthenticationJNI:-2] GetDnsName 
2025-02-19 16:53:26.123 DEBUG [com.microsoft.sqlserver.jdbc.internals.AuthenticationJNI:-2] GetDnsName success 
2025-02-19 16:53:26.124 DEBUG [com.microsoft.sqlserver.jdbc.internals.AuthenticationJNI:-2] AuthenticationJNI_SNISecGenClientContext called 
2025-02-19 16:53:26.124 DEBUG [com.microsoft.sqlserver.jdbc.internals.AuthenticationJNI:-2] C21SQL04.woolworths.co.za 
2025-02-19 16:53:26.124 DEBUG [com.microsoft.sqlserver.jdbc.internals.AuthenticationJNI:-2] MSSQLSvc/C21SQL04.woolworths.co.za:1433 
2025-02-19 16:53:26.125 DEBUG [com.microsoft.sqlserver.jdbc.internals.AuthenticationJNI:-2] MSSQLSvc/C21SQL04.woolworths.co.za:1433 
2025-02-19 16:53:26.125 DEBUG [com.microsoft.sqlserver.jdbc.internals.AuthenticationJNI:-2] Calling the SNISecGenClientContext
 
2025-02-19 16:53:26.125 DEBUG [com.microsoft.sqlserver.jdbc.internals.AuthenticationJNI:-2] SNISecGenClientContext called 
2025-02-19 16:53:26.126 DEBUG [com.microsoft.sqlserver.jdbc.internals.AuthenticationJNI:-2] negotiate 
2025-02-19 16:53:26.126 DEBUG [com.microsoft.sqlserver.jdbc.internals.AuthenticationJNI:-2] MSSQLSvc/C21SQL04.woolworths.co.za:1433 
2025-02-19 16:53:26.127 DEBUG [com.microsoft.sqlserver.jdbc.internals.AuthenticationJNI:-2] SEC Init succeeded 
2025-02-19 16:53:26.163 DEBUG [com.microsoft.sqlserver.jdbc.internals.AuthenticationJNI:-2] AuthenticationJNI_SNISecGenClientContext called 
2025-02-19 16:53:26.164 DEBUG [com.microsoft.sqlserver.jdbc.internals.AuthenticationJNI:-2] C21SQL04.woolworths.co.za 
2025-02-19 16:53:26.165 DEBUG [com.microsoft.sqlserver.jdbc.internals.AuthenticationJNI:-2] MSSQLSvc/C21SQL04.woolworths.co.za:1433 
2025-02-19 16:53:26.166 DEBUG [com.microsoft.sqlserver.jdbc.internals.AuthenticationJNI:-2] MSSQLSvc/C21SQL04.woolworths.co.za:1433 
2025-02-19 16:53:26.166 DEBUG [com.microsoft.sqlserver.jdbc.internals.AuthenticationJNI:-2] Calling the SNISecGenClientContext
 
2025-02-19 16:53:26.166 DEBUG [com.microsoft.sqlserver.jdbc.internals.AuthenticationJNI:-2] SNISecGenClientContext called 
2025-02-19 16:53:26.166 DEBUG [com.microsoft.sqlserver.jdbc.internals.AuthenticationJNI:-2] negotiate 
2025-02-19 16:53:26.167 DEBUG [com.microsoft.sqlserver.jdbc.internals.AuthenticationJNI:-2] MSSQLSvc/C21SQL04.woolworths.co.za:1433 
2025-02-19 16:53:26.167 DEBUG [com.microsoft.sqlserver.jdbc.internals.AuthenticationJNI:-2] SEC Init succeeded 
2025-02-19 16:53:26.257 DEBUG [com.zaxxer.hikari.pool.HikariPool:729] HikariPool-1 - Added connection ConnectionID:29 ClientConnectionId: 08ef6ff6-9a98-4805-a68d-faa45ccebdc8 
2025-02-19 16:53:32.867 DEBUG [com.zaxxer.hikari.pool.PoolBase:134] HikariPool-1 - Closing connection ConnectionID:19 ClientConnectionId: 53b4fb5a-b323-47bf-a716-d514045b70e7: (connection has passed maxLifetime) 
2025-02-19 16:53:32.867 DEBUG [com.microsoft.sqlserver.jdbc.Driver:1244] Microsoft JDBC Driver 12.8.1.0 for SQL Server 
2025-02-19 16:53:32.869 DEBUG [com.microsoft.sqlserver.jdbc.internals.SQLServerDriver:307] Property:serverName Value:C21SQL04 
2025-02-19 16:53:32.869 DEBUG [com.microsoft.sqlserver.jdbc.internals.SQLServerDriver:344] Property:instanceName Value:AMOS.1 
2025-02-19 16:53:32.870 DEBUG [com.microsoft.sqlserver.jdbc.internals.SQLServerDriver:328] Property:portNumber Value:1433 
2025-02-19 16:53:32.870 DEBUG [com.microsoft.sqlserver.jdbc.internals.SQLServerDriver:394] Property:databaseName Value:CS_Caissa_Central_Master_Data 
2025-02-19 16:53:32.871 DEBUG [com.microsoft.sqlserver.jdbc.internals.SQLServerDriver:394] Property:integratedSecurity Value:true 
2025-02-19 16:53:32.871 DEBUG [com.microsoft.sqlserver.jdbc.internals.SQLServerDriver:514] Property:encrypt Value:false 
2025-02-19 16:53:32.872 DEBUG [com.microsoft.sqlserver.jdbc.internals.SQLServerConnection:1777] ConnectionID:30 created by (SQLServerDriver:1) 
2025-02-19 16:53:32.872 DEBUG [com.microsoft.sqlserver.jdbc.internals.SQLServerConnection:3750] ConnectionID:30 Connecting with server: C21SQL04 port: 1433 Timeout slice: 3750 Timeout Full: 30 
2025-02-19 16:53:32.938 DEBUG [com.microsoft.sqlserver.jdbc.internals.SQLServerConnection:4137] ConnectionID:30 ClientConnectionId: 14748a67-1870-48e0-bd78-801fc57d78a9 Server returned major version:13 
2025-02-19 16:53:33.021 DEBUG [com.microsoft.sqlserver.jdbc.internals.AuthenticationJNI:-2] C21SQL04 
2025-02-19 16:53:33.021 DEBUG [com.microsoft.sqlserver.jdbc.internals.AuthenticationJNI:-2] GetDnsName 
2025-02-19 16:53:33.023 DEBUG [com.microsoft.sqlserver.jdbc.internals.AuthenticationJNI:-2] GetDnsName success 
2025-02-19 16:53:33.025 DEBUG [com.microsoft.sqlserver.jdbc.internals.AuthenticationJNI:-2] AuthenticationJNI_SNISecGenClientContext called 
2025-02-19 16:53:33.025 DEBUG [com.microsoft.sqlserver.jdbc.internals.AuthenticationJNI:-2] C21SQL04.woolworths.co.za 
2025-02-19 16:53:33.025 DEBUG [com.microsoft.sqlserver.jdbc.internals.AuthenticationJNI:-2] MSSQLSvc/C21SQL04.woolworths.co.za:1433 
2025-02-19 16:53:33.027 DEBUG [com.microsoft.sqlserver.jdbc.internals.AuthenticationJNI:-2] MSSQLSvc/C21SQL04.woolworths.co.za:1433 
2025-02-19 16:53:33.027 DEBUG [com.microsoft.sqlserver.jdbc.internals.AuthenticationJNI:-2] Calling the SNISecGenClientContext
 
2025-02-19 16:53:33.027 DEBUG [com.microsoft.sqlserver.jdbc.internals.AuthenticationJNI:-2] SNISecGenClientContext called 
2025-02-19 16:53:33.027 DEBUG [com.microsoft.sqlserver.jdbc.internals.AuthenticationJNI:-2] negotiate 
2025-02-19 16:53:33.029 DEBUG [com.microsoft.sqlserver.jdbc.internals.AuthenticationJNI:-2] MSSQLSvc/C21SQL04.woolworths.co.za:1433 
2025-02-19 16:53:33.030 DEBUG [com.microsoft.sqlserver.jdbc.internals.AuthenticationJNI:-2] SEC Init succeeded 
2025-02-19 16:53:33.084 DEBUG [com.microsoft.sqlserver.jdbc.internals.AuthenticationJNI:-2] AuthenticationJNI_SNISecGenClientContext called 
2025-02-19 16:53:33.085 DEBUG [com.microsoft.sqlserver.jdbc.internals.AuthenticationJNI:-2] C21SQL04.woolworths.co.za 
2025-02-19 16:53:33.087 DEBUG [com.microsoft.sqlserver.jdbc.internals.AuthenticationJNI:-2] MSSQLSvc/C21SQL04.woolworths.co.za:1433 
2025-02-19 16:53:33.088 DEBUG [com.microsoft.sqlserver.jdbc.internals.AuthenticationJNI:-2] MSSQLSvc/C21SQL04.woolworths.co.za:1433 
2025-02-19 16:53:33.088 DEBUG [com.microsoft.sqlserver.jdbc.internals.AuthenticationJNI:-2] Calling the SNISecGenClientContext
 
2025-02-19 16:53:33.089 DEBUG [com.microsoft.sqlserver.jdbc.internals.AuthenticationJNI:-2] SNISecGenClientContext called 
2025-02-19 16:53:33.089 DEBUG [com.microsoft.sqlserver.jdbc.internals.AuthenticationJNI:-2] negotiate 
2025-02-19 16:53:33.090 DEBUG [com.microsoft.sqlserver.jdbc.internals.AuthenticationJNI:-2] MSSQLSvc/C21SQL04.woolworths.co.za:1433 
2025-02-19 16:53:33.091 DEBUG [com.microsoft.sqlserver.jdbc.internals.AuthenticationJNI:-2] SEC Init succeeded 
2025-02-19 16:53:33.242 DEBUG [com.zaxxer.hikari.pool.HikariPool:729] HikariPool-1 - Added connection ConnectionID:30 ClientConnectionId: 14748a67-1870-48e0-bd78-801fc57d78a9 
2025-02-19 16:53:53.686 DEBUG [com.zaxxer.hikari.pool.HikariPool:421] HikariPool-1 - Pool stats (total=10, active=0, idle=10, waiting=0) 
2025-02-19 16:53:53.688 DEBUG [com.zaxxer.hikari.pool.HikariPool:518] HikariPool-1 - Fill pool skipped, pool is at sufficient level. 
2025-02-19 16:53:58.553 DEBUG [org.apache.catalina.session.ManagerBase:173] Start expire sessions StandardManager at 1739976838553 sessioncount 0 
2025-02-19 16:53:58.554 DEBUG [org.apache.catalina.session.ManagerBase:173] End expire sessions StandardManager processingTime 0 expired sessions: 0 
2025-02-19 16:54:23.701 DEBUG [com.zaxxer.hikari.pool.HikariPool:421] HikariPool-1 - Pool stats (total=10, active=0, idle=10, waiting=0) 
2025-02-19 16:54:23.702 DEBUG [com.zaxxer.hikari.pool.HikariPool:518] HikariPool-1 - Fill pool skipped, pool is at sufficient level. 
2025-02-19 16:54:53.706 DEBUG [com.zaxxer.hikari.pool.HikariPool:421] HikariPool-1 - Pool stats (total=10, active=0, idle=10, waiting=0) 
2025-02-19 16:54:53.707 DEBUG [com.zaxxer.hikari.pool.HikariPool:518] HikariPool-1 - Fill pool skipped, pool is at sufficient level. 
2025-02-19 16:54:58.609 DEBUG [org.apache.catalina.session.ManagerBase:173] Start expire sessions StandardManager at 1739976898609 sessioncount 0 
2025-02-19 16:54:58.610 DEBUG [org.apache.catalina.session.ManagerBase:173] End expire sessions StandardManager processingTime 1 expired sessions: 0 
2025-02-19 16:55:23.714 DEBUG [com.zaxxer.hikari.pool.HikariPool:421] HikariPool-1 - Pool stats (total=10, active=0, idle=10, waiting=0) 
2025-02-19 16:55:23.715 DEBUG [com.zaxxer.hikari.pool.HikariPool:518] HikariPool-1 - Fill pool skipped, pool is at sufficient level. 
2025-02-19 16:55:30.525  WARN [org.apache.kafka.clients.NetworkClient:814] [Consumer clientId=consumer-item_group-2, groupId=item_group] Connection to node 0 (W49204302.woolworths.co.za/172.18.65.175:9092) could not be established. Broker may not be available. 
2025-02-19 16:55:30.525  WARN [org.apache.kafka.clients.NetworkClient:814] [Consumer clientId=consumer-item_group-3, groupId=item_group] Connection to node 0 (W49204302.woolworths.co.za/172.18.65.175:9092) could not be established. Broker may not be available. 
2025-02-19 16:55:30.525  WARN [org.apache.kafka.clients.NetworkClient:814] [Consumer clientId=consumer-item_group-1, groupId=item_group] Connection to node 0 (W49204302.woolworths.co.za/172.18.65.175:9092) could not be established. Broker may not be available. 
2025-02-19 16:55:32.687  WARN [org.apache.kafka.clients.NetworkClient:814] [Consumer clientId=consumer-item_group-2, groupId=item_group] Connection to node 0 (W49204302.woolworths.co.za/172.23.224.1:9092) could not be established. Broker may not be available. 
2025-02-19 16:55:32.687  WARN [org.apache.kafka.clients.NetworkClient:814] [Consumer clientId=consumer-item_group-3, groupId=item_group] Connection to node 0 (W49204302.woolworths.co.za/172.23.224.1:9092) could not be established. Broker may not be available. 
2025-02-19 16:55:32.749  WARN [org.apache.kafka.clients.NetworkClient:814] [Consumer clientId=consumer-item_group-1, groupId=item_group] Connection to node 0 (W49204302.woolworths.co.za/172.23.224.1:9092) could not be established. Broker may not be available. 
2025-02-19 16:55:34.937  WARN [org.apache.kafka.clients.NetworkClient:814] [Consumer clientId=consumer-item_group-3, groupId=item_group] Connection to node 0 (W49204302.woolworths.co.za/192.168.144.46:9092) could not be established. Broker may not be available. 
2025-02-19 16:55:34.937  WARN [org.apache.kafka.clients.NetworkClient:814] [Consumer clientId=consumer-item_group-2, groupId=item_group] Connection to node 0 (W49204302.woolworths.co.za/192.168.144.46:9092) could not be established. Broker may not be available. 
2025-02-19 16:55:35.029  WARN [org.apache.kafka.clients.NetworkClient:814] [Consumer clientId=consumer-item_group-1, groupId=item_group] Connection to node 0 (W49204302.woolworths.co.za/192.168.144.46:9092) could not be established. Broker may not be available. 
2025-02-19 16:55:37.399  WARN [org.apache.kafka.clients.NetworkClient:814] [Consumer clientId=consumer-item_group-2, groupId=item_group] Connection to node 0 (W49204302.woolworths.co.za/172.18.65.175:9092) could not be established. Broker may not be available. 
2025-02-19 16:55:37.461  WARN [org.apache.kafka.clients.NetworkClient:814] [Consumer clientId=consumer-item_group-3, groupId=item_group] Connection to node 0 (W49204302.woolworths.co.za/172.18.65.175:9092) could not be established. Broker may not be available. 
2025-02-19 16:55:37.476  WARN [org.apache.kafka.clients.NetworkClient:814] [Consumer clientId=consumer-item_group-1, groupId=item_group] Connection to node 0 (W49204302.woolworths.co.za/172.18.65.175:9092) could not be established. Broker may not be available. 
2025-02-19 16:55:40.300  WARN [org.apache.kafka.clients.NetworkClient:814] [Consumer clientId=consumer-item_group-2, groupId=item_group] Connection to node 0 (W49204302.woolworths.co.za/172.23.224.1:9092) could not be established. Broker may not be available. 
2025-02-19 16:55:40.455  WARN [org.apache.kafka.clients.NetworkClient:814] [Consumer clientId=consumer-item_group-1, groupId=item_group] Connection to node 0 (W49204302.woolworths.co.za/172.23.224.1:9092) could not be established. Broker may not be available. 
2025-02-19 16:55:40.501  WARN [org.apache.kafka.clients.NetworkClient:814] [Consumer clientId=consumer-item_group-3, groupId=item_group] Connection to node 0 (W49204302.woolworths.co.za/172.23.224.1:9092) could not be established. Broker may not be available. 
2025-02-19 16:55:43.316  WARN [org.apache.kafka.clients.NetworkClient:814] [Consumer clientId=consumer-item_group-1, groupId=item_group] Connection to node 0 (W49204302.woolworths.co.za/192.168.144.46:9092) could not be established. Broker may not be available. 
2025-02-19 16:55:43.439  WARN [org.apache.kafka.clients.NetworkClient:814] [Consumer clientId=consumer-item_group-2, groupId=item_group] Connection to node 0 (W49204302.woolworths.co.za/192.168.144.46:9092) could not be established. Broker may not be available. 
2025-02-19 16:55:43.580  WARN [org.apache.kafka.clients.NetworkClient:814] [Consumer clientId=consumer-item_group-3, groupId=item_group] Connection to node 0 (W49204302.woolworths.co.za/192.168.144.46:9092) could not be established. Broker may not be available. 
2025-02-19 16:55:46.308  WARN [org.apache.kafka.clients.NetworkClient:814] [Consumer clientId=consumer-item_group-1, groupId=item_group] Connection to node 0 (W49204302.woolworths.co.za/172.18.65.175:9092) could not be established. Broker may not be available. 
2025-02-19 16:55:46.450  WARN [org.apache.kafka.clients.NetworkClient:814] [Consumer clientId=consumer-item_group-2, groupId=item_group] Connection to node 0 (W49204302.woolworths.co.za/172.18.65.175:9092) could not be established. Broker may not be available. 
2025-02-19 16:55:46.655  WARN [org.apache.kafka.clients.NetworkClient:814] [Consumer clientId=consumer-item_group-3, groupId=item_group] Connection to node 0 (W49204302.woolworths.co.za/172.18.65.175:9092) could not be established. Broker may not be available. 
2025-02-19 16:55:49.273  WARN [org.apache.kafka.clients.NetworkClient:814] [Consumer clientId=consumer-item_group-1, groupId=item_group] Connection to node 0 (W49204302.woolworths.co.za/172.23.224.1:9092) could not be established. Broker may not be available. 
2025-02-19 16:55:49.665  WARN [org.apache.kafka.clients.NetworkClient:814] [Consumer clientId=consumer-item_group-2, groupId=item_group] Connection to node 0 (W49204302.woolworths.co.za/172.23.224.1:9092) could not be established. Broker may not be available. 
2025-02-19 16:55:49.806  WARN [org.apache.kafka.clients.NetworkClient:814] [Consumer clientId=consumer-item_group-3, groupId=item_group] Connection to node 0 (W49204302.woolworths.co.za/172.23.224.1:9092) could not be established. Broker may not be available. 
2025-02-19 16:55:52.298  WARN [org.apache.kafka.clients.NetworkClient:814] [Consumer clientId=consumer-item_group-1, groupId=item_group] Connection to node 0 (W49204302.woolworths.co.za/192.168.144.46:9092) could not be established. Broker may not be available. 
2025-02-19 16:55:52.686  WARN [org.apache.kafka.clients.NetworkClient:814] [Consumer clientId=consumer-item_group-2, groupId=item_group] Connection to node 0 (W49204302.woolworths.co.za/192.168.144.46:9092) could not be established. Broker may not be available. 
2025-02-19 16:55:52.825  WARN [org.apache.kafka.clients.NetworkClient:814] [Consumer clientId=consumer-item_group-3, groupId=item_group] Connection to node 0 (W49204302.woolworths.co.za/192.168.144.46:9092) could not be established. Broker may not be available. 
2025-02-19 16:55:53.720 DEBUG [com.zaxxer.hikari.pool.HikariPool:421] HikariPool-1 - Pool stats (total=10, active=0, idle=10, waiting=0) 
2025-02-19 16:55:53.720 DEBUG [com.zaxxer.hikari.pool.HikariPool:518] HikariPool-1 - Fill pool skipped, pool is at sufficient level. 
2025-02-19 16:55:55.166  WARN [org.apache.kafka.clients.NetworkClient:814] [Consumer clientId=consumer-item_group-1, groupId=item_group] Connection to node 0 (W49204302.woolworths.co.za/172.18.65.175:9092) could not be established. Broker may not be available. 
2025-02-19 16:55:55.573  WARN [org.apache.kafka.clients.NetworkClient:814] [Consumer clientId=consumer-item_group-2, groupId=item_group] Connection to node 0 (W49204302.woolworths.co.za/172.18.65.175:9092) could not be established. Broker may not be available. 
2025-02-19 16:55:55.890  WARN [org.apache.kafka.clients.NetworkClient:814] [Consumer clientId=consumer-item_group-3, groupId=item_group] Connection to node 0 (W49204302.woolworths.co.za/172.18.65.175:9092) could not be established. Broker may not be available. 
2025-02-19 16:55:58.121  WARN [org.apache.kafka.clients.NetworkClient:814] [Consumer clientId=consumer-item_group-1, groupId=item_group] Connection to node 0 (W49204302.woolworths.co.za/172.23.224.1:9092) could not be established. Broker may not be available. 
2025-02-19 16:55:58.669 DEBUG [org.apache.catalina.session.ManagerBase:173] Start expire sessions StandardManager at 1739976958669 sessioncount 0 
2025-02-19 16:55:58.671 DEBUG [org.apache.catalina.session.ManagerBase:173] End expire sessions StandardManager processingTime 1 expired sessions: 0 
2025-02-19 16:55:58.830  WARN [org.apache.kafka.clients.NetworkClient:814] [Consumer clientId=consumer-item_group-2, groupId=item_group] Connection to node 0 (W49204302.woolworths.co.za/172.23.224.1:9092) could not be established. Broker may not be available. 
2025-02-19 16:55:58.859  WARN [org.apache.kafka.clients.NetworkClient:814] [Consumer clientId=consumer-item_group-3, groupId=item_group] Connection to node 0 (W49204302.woolworths.co.za/172.23.224.1:9092) could not be established. Broker may not be available. 
2025-02-19 16:56:01.201  WARN [org.apache.kafka.clients.NetworkClient:814] [Consumer clientId=consumer-item_group-1, groupId=item_group] Connection to node 0 (W49204302.woolworths.co.za/192.168.144.46:9092) could not be established. Broker may not be available. 
2025-02-19 16:56:01.841  WARN [org.apache.kafka.clients.NetworkClient:814] [Consumer clientId=consumer-item_group-2, groupId=item_group] Connection to node 0 (W49204302.woolworths.co.za/192.168.144.46:9092) could not be established. Broker may not be available. 
2025-02-19 16:56:01.889  WARN [org.apache.kafka.clients.NetworkClient:814] [Consumer clientId=consumer-item_group-3, groupId=item_group] Connection to node 0 (W49204302.woolworths.co.za/192.168.144.46:9092) could not be established. Broker may not be available. 
2025-02-19 16:56:04.417  WARN [org.apache.kafka.clients.NetworkClient:814] [Consumer clientId=consumer-item_group-1, groupId=item_group] Connection to node 0 (W49204302.woolworths.co.za/172.18.65.175:9092) could not be established. Broker may not be available. 
2025-02-19 16:56:04.946  WARN [org.apache.kafka.clients.NetworkClient:814] [Consumer clientId=consumer-item_group-3, groupId=item_group] Connection to node 0 (W49204302.woolworths.co.za/172.18.65.175:9092) could not be established. Broker may not be available. 
2025-02-19 16:56:05.007  WARN [org.apache.kafka.clients.NetworkClient:814] [Consumer clientId=consumer-item_group-2, groupId=item_group] Connection to node 0 (W49204302.woolworths.co.za/172.18.65.175:9092) could not be established. Broker may not be available. 
2025-02-19 16:56:07.611  WARN [org.apache.kafka.clients.NetworkClient:814] [Consumer clientId=consumer-item_group-1, groupId=item_group] Connection to node 0 (W49204302.woolworths.co.za/172.23.224.1:9092) could not be established. Broker may not be available. 
2025-02-19 16:56:08.044  WARN [org.apache.kafka.clients.NetworkClient:814] [Consumer clientId=consumer-item_group-3, groupId=item_group] Connection to node 0 (W49204302.woolworths.co.za/172.23.224.1:9092) could not be established. Broker may not be available. 
2025-02-19 16:56:08.044  WARN [org.apache.kafka.clients.NetworkClient:814] [Consumer clientId=consumer-item_group-2, groupId=item_group] Connection to node 0 (W49204302.woolworths.co.za/172.23.224.1:9092) could not be established. Broker may not be available. 
2025-02-19 16:56:10.611  WARN [org.apache.kafka.clients.NetworkClient:814] [Consumer clientId=consumer-item_group-1, groupId=item_group] Connection to node 0 (W49204302.woolworths.co.za/192.168.144.46:9092) could not be established. Broker may not be available. 
2025-02-19 16:56:11.036  WARN [org.apache.kafka.clients.NetworkClient:814] [Consumer clientId=consumer-item_group-3, groupId=item_group] Connection to node 0 (W49204302.woolworths.co.za/192.168.144.46:9092) could not be established. Broker may not be available. 
2025-02-19 16:56:11.113  WARN [org.apache.kafka.clients.NetworkClient:814] [Consumer clientId=consumer-item_group-2, groupId=item_group] Connection to node 0 (W49204302.woolworths.co.za/192.168.144.46:9092) could not be established. Broker may not be available. 
2025-02-19 16:56:13.562  WARN [org.apache.kafka.clients.NetworkClient:814] [Consumer clientId=consumer-item_group-1, groupId=item_group] Connection to node 0 (W49204302.woolworths.co.za/172.18.65.175:9092) could not be established. Broker may not be available. 
2025-02-19 16:56:14.253  WARN [org.apache.kafka.clients.NetworkClient:814] [Consumer clientId=consumer-item_group-3, groupId=item_group] Connection to node 0 (W49204302.woolworths.co.za/172.18.65.175:9092) could not be established. Broker may not be available. 
2025-02-19 16:56:14.347  WARN [org.apache.kafka.clients.NetworkClient:814] [Consumer clientId=consumer-item_group-2, groupId=item_group] Connection to node 0 (W49204302.woolworths.co.za/172.18.65.175:9092) could not be established. Broker may not be available. 
2025-02-19 16:56:16.586  WARN [org.apache.kafka.clients.NetworkClient:814] [Consumer clientId=consumer-item_group-1, groupId=item_group] Connection to node 0 (W49204302.woolworths.co.za/172.23.224.1:9092) could not be established. Broker may not be available. 
2025-02-19 16:56:17.289  WARN [org.apache.kafka.clients.NetworkClient:814] [Consumer clientId=consumer-item_group-3, groupId=item_group] Connection to node 0 (W49204302.woolworths.co.za/172.23.224.1:9092) could not be established. Broker may not be available. 
2025-02-19 16:56:17.367  WARN [org.apache.kafka.clients.NetworkClient:814] [Consumer clientId=consumer-item_group-2, groupId=item_group] Connection to node 0 (W49204302.woolworths.co.za/172.23.224.1:9092) could not be established. Broker may not be available. 
2025-02-19 16:56:19.544  WARN [org.apache.kafka.clients.NetworkClient:814] [Consumer clientId=consumer-item_group-1, groupId=item_group] Connection to node 0 (W49204302.woolworths.co.za/192.168.144.46:9092) could not be established. Broker may not be available. 
2025-02-19 16:56:19.707  INFO [org.apache.flink.runtime.state.TaskExecutorLocalStateStoresManager:319] Shutting down TaskExecutorLocalStateStoresManager. 
2025-02-19 16:56:19.708 DEBUG [org.apache.flink.runtime.io.disk.iomanager.IOManager:144] Shutting down I/O manager. 
2025-02-19 16:56:19.708  INFO [org.apache.flink.runtime.state.TaskExecutorStateChangelogStoragesManager:234] Shutting down TaskExecutorStateChangelogStoragesManager. 
2025-02-19 16:56:19.707  INFO [org.apache.flink.runtime.state.TaskExecutorFileMergingManager:216] Shutting down TaskExecutorFileMergingManager. 
2025-02-19 16:56:19.710  INFO [org.apache.flink.runtime.filecache.FileCache:160] removed file cache directory C:\Users\w7178930\AppData\Local\Temp\flink-dist-cache-5d5940e5-95c2-4af4-aba4-cd26ae9e66a1 
2025-02-19 16:56:19.711  INFO [org.apache.flink.runtime.io.disk.FileChannelManagerImpl:149] FileChannelManager removed spill file directory C:\Users\w7178930\AppData\Local\Temp\flink-netty-shuffle-867c811e-7b84-49ab-aad9-82427ddc7d1f 
2025-02-19 16:56:19.712 DEBUG [org.springframework.boot.availability.ApplicationAvailabilityBean:77] Application availability state ReadinessState changed from ACCEPTING_TRAFFIC to REFUSING_TRAFFIC 
2025-02-19 16:56:19.712  INFO [org.apache.flink.runtime.io.disk.FileChannelManagerImpl:149] FileChannelManager removed spill file directory C:\Users\w7178930\AppData\Local\Temp\flink-io-12cb0d25-ce6a-42f2-850c-b7b51de0edc7 
2025-02-19 16:56:19.713 DEBUG [org.springframework.boot.web.servlet.context.AnnotationConfigServletWebServerApplicationContext:1049] Closing org.springframework.boot.web.servlet.context.AnnotationConfigServletWebServerApplicationContext@1a6f2363, started on Wed Feb 19 15:53:47 CAT 2025 
2025-02-19 16:56:19.722 DEBUG [org.springframework.context.support.DefaultLifecycleProcessor:365] Stopping beans in phase 2147483647 
2025-02-19 16:56:19.724 DEBUG [org.springframework.context.support.DefaultLifecycleProcessor:238] Bean 'webServerGracefulShutdown' completed its stop procedure 
2025-02-19 16:56:19.724 DEBUG [org.springframework.context.support.DefaultLifecycleProcessor:365] Stopping beans in phase 2147483646 
2025-02-19 16:56:20.303  WARN [org.apache.kafka.clients.NetworkClient:814] [Consumer clientId=consumer-item_group-3, groupId=item_group] Connection to node 0 (W49204302.woolworths.co.za/192.168.144.46:9092) could not be established. Broker may not be available. 
2025-02-19 16:56:20.383  WARN [org.apache.kafka.clients.NetworkClient:814] [Consumer clientId=consumer-item_group-2, groupId=item_group] Connection to node 0 (W49204302.woolworths.co.za/192.168.144.46:9092) could not be established. Broker may not be available. 
2025-02-19 16:56:20.434 DEBUG [org.springframework.context.support.DefaultLifecycleProcessor:238] Bean 'webServerStartStop' completed its stop procedure 
2025-02-19 16:56:20.435 DEBUG [org.springframework.context.support.DefaultLifecycleProcessor:365] Stopping beans in phase 2147483547 
2025-02-19 16:56:20.441 DEBUG [org.springframework.scheduling.concurrent.ThreadPoolTaskScheduler:218] Shutting down ExecutorService 
2025-02-19 16:56:20.441 DEBUG [org.springframework.scheduling.concurrent.ThreadPoolTaskScheduler:218] Shutting down ExecutorService 
2025-02-19 16:56:20.442 DEBUG [org.springframework.scheduling.concurrent.ThreadPoolTaskScheduler:218] Shutting down ExecutorService 
2025-02-19 16:56:20.461 DEBUG [org.springframework.context.support.DefaultLifecycleProcessor:238] Bean 'org.springframework.kafka.config.internalKafkaListenerEndpointRegistry' completed its stop procedure 
2025-02-19 16:56:20.465 DEBUG [org.springframework.scheduling.concurrent.ThreadPoolTaskExecutor:218] Shutting down ExecutorService 'applicationTaskExecutor' 
2025-02-19 16:56:20.468  INFO [org.springframework.orm.jpa.LocalContainerEntityManagerFactoryBean:651] Closing JPA EntityManagerFactory for persistence unit 'default' 
2025-02-19 16:56:20.469 DEBUG [org.hibernate.internal.SessionFactoryImpl:821] HHH000031: Closing 
2025-02-19 16:56:20.470 DEBUG [org.hibernate.type.spi.TypeConfiguration$Scope:345] Un-scoping TypeConfiguration [org.hibernate.type.spi.TypeConfiguration$Scope@71e652f] from SessionFactory [org.hibernate.internal.SessionFactoryImpl@65b19e5c] 
2025-02-19 16:56:20.471 DEBUG [org.hibernate.service.internal.AbstractServiceRegistryImpl:419] Implicitly destroying ServiceRegistry on de-registration of all child ServiceRegistries 
2025-02-19 16:56:20.474 DEBUG [org.hibernate.boot.registry.internal.BootstrapServiceRegistryImpl:295] Implicitly destroying Boot-strap registry on de-registration of all child ServiceRegistries 
2025-02-19 16:56:20.477  INFO [com.zaxxer.hikari.HikariDataSource:350] HikariPool-1 - Shutdown initiated... 
2025-02-19 16:56:20.477 DEBUG [com.zaxxer.hikari.pool.HikariPool:421] HikariPool-1 - Before shutdown stats (total=10, active=0, idle=10, waiting=0) 
2025-02-19 16:56:20.478 DEBUG [com.zaxxer.hikari.pool.PoolBase:134] HikariPool-1 - Closing connection ConnectionID:21 ClientConnectionId: a7f16e51-2a85-42a8-9a55-67262b97e7ed: (connection evicted) 
2025-02-19 16:56:20.479 DEBUG [com.zaxxer.hikari.pool.PoolBase:134] HikariPool-1 - Closing connection ConnectionID:22 ClientConnectionId: e8f01f44-7ef8-4db0-a37a-86d588f8f229: (connection evicted) 
2025-02-19 16:56:20.480 DEBUG [com.zaxxer.hikari.pool.PoolBase:134] HikariPool-1 - Closing connection ConnectionID:23 ClientConnectionId: 749527a7-9a17-4fee-aec1-f32a1ff1105e: (connection evicted) 
2025-02-19 16:56:20.481 DEBUG [com.zaxxer.hikari.pool.PoolBase:134] HikariPool-1 - Closing connection ConnectionID:24 ClientConnectionId: 49684f32-368d-4702-94bd-3b28cb4d35a3: (connection evicted) 
2025-02-19 16:56:20.482 DEBUG [com.zaxxer.hikari.pool.PoolBase:134] HikariPool-1 - Closing connection ConnectionID:25 ClientConnectionId: f19c1aec-edc9-49ee-9539-f6c65da4eab6: (connection evicted) 
2025-02-19 16:56:20.483 DEBUG [com.zaxxer.hikari.pool.PoolBase:134] HikariPool-1 - Closing connection ConnectionID:26 ClientConnectionId: bd07b7ca-23e4-442b-bfe3-8f6648fec3e0: (connection evicted) 
2025-02-19 16:56:20.484 DEBUG [com.zaxxer.hikari.pool.PoolBase:134] HikariPool-1 - Closing connection ConnectionID:27 ClientConnectionId: 85151025-daf5-41d8-94eb-acbecd3484c9: (connection evicted) 
2025-02-19 16:56:20.485 DEBUG [com.zaxxer.hikari.pool.PoolBase:134] HikariPool-1 - Closing connection ConnectionID:28 ClientConnectionId: c2be63ea-0321-480b-ba81-63ddae752714: (connection evicted) 
2025-02-19 16:56:20.486 DEBUG [com.zaxxer.hikari.pool.PoolBase:134] HikariPool-1 - Closing connection ConnectionID:29 ClientConnectionId: 08ef6ff6-9a98-4805-a68d-faa45ccebdc8: (connection evicted) 
2025-02-19 16:56:20.487 DEBUG [com.zaxxer.hikari.pool.PoolBase:134] HikariPool-1 - Closing connection ConnectionID:30 ClientConnectionId: 14748a67-1870-48e0-bd78-801fc57d78a9: (connection evicted) 
2025-02-19 16:56:20.488 DEBUG [com.zaxxer.hikari.pool.HikariPool:421] HikariPool-1 - After shutdown stats (total=0, active=0, idle=0, waiting=0) 
2025-02-19 16:56:20.488  INFO [com.zaxxer.hikari.HikariDataSource:352] HikariPool-1 - Shutdown completed. 
