2025-01-24 16:21:04.681  INFO [za.co.woolworths.itemkafka_poc.KafkaItemProducerPocApplication:55] Starting KafkaItemProducerPocApplication using Java 15.0.2 on W49204302 with PID 21280 (C:\Workspaces\Item-Kafka-Producer-POC\Item-Kafka-Producer-POC\target\classes started by W7178930 in C:\Workspaces\Item-Kafka-Producer-POC\Item-Kafka-Producer-POC) 
2025-01-24 16:21:04.684  INFO [za.co.woolworths.itemkafka_poc.KafkaItemProducerPocApplication:640] The following 2 profiles are active: "swagger", "dev" 
2025-01-24 16:21:05.708  INFO [org.springframework.data.repository.config.RepositoryConfigurationDelegate:132] Bootstrapping Spring Data JPA repositories in DEFAULT mode. 
2025-01-24 16:21:05.775  INFO [org.springframework.data.repository.config.RepositoryConfigurationDelegate:201] Finished Spring Data repository scanning in 55 ms. Found 1 JPA repository interfaces. 
2025-01-24 16:21:06.745  INFO [org.springframework.boot.web.embedded.tomcat.TomcatWebServer:108] Tomcat initialized with port(s): 8081 (http) 
2025-01-24 16:21:06.753  INFO [org.apache.coyote.http11.Http11NioProtocol:173] Initializing ProtocolHandler ["http-nio-8081"] 
2025-01-24 16:21:06.754  INFO [org.apache.catalina.core.StandardService:173] Starting service [Tomcat] 
2025-01-24 16:21:06.754  INFO [org.apache.catalina.core.StandardEngine:173] Starting Servlet engine: [Apache Tomcat/9.0.64] 
2025-01-24 16:21:06.898  INFO [org.apache.catalina.core.ContainerBase.[Tomcat].[localhost].[/]:173] Initializing Spring embedded WebApplicationContext 
2025-01-24 16:21:06.899  INFO [org.springframework.boot.web.servlet.context.ServletWebServerApplicationContext:292] Root WebApplicationContext: initialization completed in 2170 ms 
2025-01-24 16:21:07.359  INFO [com.zaxxer.hikari.HikariDataSource:110] HikariPool-1 - Starting... 
2025-01-24 16:21:16.510 ERROR [com.zaxxer.hikari.pool.HikariPool:594] HikariPool-1 - Exception during pool initialization. com.microsoft.sqlserver.jdbc.SQLServerException: The TCP/IP connection to the host C14SQL02, port 1433 has failed. Error: "Connect timed out. Verify the connection properties. Make sure that an instance of SQL Server is running on the host and accepting TCP/IP connections at the port. Make sure that TCP connections to the port are not blocked by a firewall.".
	at com.microsoft.sqlserver.jdbc.SQLServerException.makeFromDriverError(SQLServerException.java:242)
	at com.microsoft.sqlserver.jdbc.SQLServerException.convertConnectExceptionToSQLServerException(SQLServerException.java:308)
	at com.microsoft.sqlserver.jdbc.SocketFinder.findSocket(IOBuffer.java:2593)
	at com.microsoft.sqlserver.jdbc.TDSChannel.open(IOBuffer.java:721)
	at com.microsoft.sqlserver.jdbc.SQLServerConnection.connectHelper(SQLServerConnection.java:3768)
	at com.microsoft.sqlserver.jdbc.SQLServerConnection.login(SQLServerConnection.java:3385)
	at com.microsoft.sqlserver.jdbc.SQLServerConnection.connectInternal(SQLServerConnection.java:3194)
	at com.microsoft.sqlserver.jdbc.SQLServerConnection.connect(SQLServerConnection.java:1971)
	at com.microsoft.sqlserver.jdbc.SQLServerDriver.connect(SQLServerDriver.java:1263)
	at com.zaxxer.hikari.util.DriverDataSource.getConnection(DriverDataSource.java:121)
	at com.zaxxer.hikari.pool.PoolBase.newConnection(PoolBase.java:364)
	at com.zaxxer.hikari.pool.PoolBase.newPoolEntry(PoolBase.java:206)
	at com.zaxxer.hikari.pool.HikariPool.createPoolEntry(HikariPool.java:476)
	at com.zaxxer.hikari.pool.HikariPool.checkFailFast(HikariPool.java:561)
	at com.zaxxer.hikari.pool.HikariPool.<init>(HikariPool.java:115)
	at com.zaxxer.hikari.HikariDataSource.getConnection(HikariDataSource.java:112)
	at org.springframework.jdbc.datasource.DataSourceUtils.fetchConnection(DataSourceUtils.java:159)
	at org.springframework.jdbc.datasource.DataSourceUtils.doGetConnection(DataSourceUtils.java:117)
	at org.springframework.jdbc.datasource.DataSourceUtils.getConnection(DataSourceUtils.java:80)
	at org.springframework.jdbc.core.JdbcTemplate.execute(JdbcTemplate.java:330)
	at org.springframework.boot.jdbc.EmbeddedDatabaseConnection.isEmbedded(EmbeddedDatabaseConnection.java:162)
	at org.springframework.boot.autoconfigure.orm.jpa.HibernateDefaultDdlAutoProvider.getDefaultDdlAuto(HibernateDefaultDdlAutoProvider.java:42)
	at org.springframework.boot.autoconfigure.orm.jpa.HibernateJpaConfiguration.lambda$getVendorProperties$1(HibernateJpaConfiguration.java:130)
	at org.springframework.boot.autoconfigure.orm.jpa.HibernateSettings.getDdlAuto(HibernateSettings.java:41)
	at org.springframework.boot.autoconfigure.orm.jpa.HibernateProperties.determineDdlAuto(HibernateProperties.java:143)
	at org.springframework.boot.autoconfigure.orm.jpa.HibernateProperties.getAdditionalProperties(HibernateProperties.java:103)
	at org.springframework.boot.autoconfigure.orm.jpa.HibernateProperties.determineHibernateProperties(HibernateProperties.java:95)
	at org.springframework.boot.autoconfigure.orm.jpa.HibernateJpaConfiguration.getVendorProperties(HibernateJpaConfiguration.java:132)
	at org.springframework.boot.autoconfigure.orm.jpa.JpaBaseConfiguration.entityManagerFactory(JpaBaseConfiguration.java:132)
	at java.base/jdk.internal.reflect.NativeMethodAccessorImpl.invoke0(Native Method)
	at java.base/jdk.internal.reflect.NativeMethodAccessorImpl.invoke(NativeMethodAccessorImpl.java:64)
	at java.base/jdk.internal.reflect.DelegatingMethodAccessorImpl.invoke(DelegatingMethodAccessorImpl.java:43)
	at java.base/java.lang.reflect.Method.invoke(Method.java:564)
	at org.springframework.beans.factory.support.SimpleInstantiationStrategy.instantiate(SimpleInstantiationStrategy.java:154)
	at org.springframework.beans.factory.support.ConstructorResolver.instantiate(ConstructorResolver.java:653)
	at org.springframework.beans.factory.support.ConstructorResolver.instantiateUsingFactoryMethod(ConstructorResolver.java:638)
	at org.springframework.beans.factory.support.AbstractAutowireCapableBeanFactory.instantiateUsingFactoryMethod(AbstractAutowireCapableBeanFactory.java:1352)
	at org.springframework.beans.factory.support.AbstractAutowireCapableBeanFactory.createBeanInstance(AbstractAutowireCapableBeanFactory.java:1195)
	at org.springframework.beans.factory.support.AbstractAutowireCapableBeanFactory.doCreateBean(AbstractAutowireCapableBeanFactory.java:582)
	at org.springframework.beans.factory.support.AbstractAutowireCapableBeanFactory.createBean(AbstractAutowireCapableBeanFactory.java:542)
	at org.springframework.beans.factory.support.AbstractBeanFactory.lambda$doGetBean$0(AbstractBeanFactory.java:335)
	at org.springframework.beans.factory.support.DefaultSingletonBeanRegistry.getSingleton(DefaultSingletonBeanRegistry.java:234)
	at org.springframework.beans.factory.support.AbstractBeanFactory.doGetBean(AbstractBeanFactory.java:333)
	at org.springframework.beans.factory.support.AbstractBeanFactory.getBean(AbstractBeanFactory.java:208)
	at org.springframework.context.support.AbstractApplicationContext.getBean(AbstractApplicationContext.java:1154)
	at org.springframework.context.support.AbstractApplicationContext.finishBeanFactoryInitialization(AbstractApplicationContext.java:908)
	at org.springframework.context.support.AbstractApplicationContext.refresh(AbstractApplicationContext.java:583)
	at org.springframework.boot.web.servlet.context.ServletWebServerApplicationContext.refresh(ServletWebServerApplicationContext.java:147)
	at org.springframework.boot.SpringApplication.refresh(SpringApplication.java:734)
	at org.springframework.boot.SpringApplication.refreshContext(SpringApplication.java:408)
	at org.springframework.boot.SpringApplication.run(SpringApplication.java:308)
	at org.springframework.boot.SpringApplication.run(SpringApplication.java:1306)
	at org.springframework.boot.SpringApplication.run(SpringApplication.java:1295)
	at za.co.woolworths.itemkafka_poc.KafkaItemProducerPocApplication.main(KafkaItemProducerPocApplication.java:10)

2025-01-24 16:21:16.573  INFO [org.hibernate.jpa.internal.util.LogHelper:31] HHH000204: Processing PersistenceUnitInfo [name: default] 
2025-01-24 16:21:16.629  INFO [org.hibernate.Version:44] HHH000412: Hibernate ORM core version 5.6.9.Final 
2025-01-24 16:21:16.816  INFO [org.hibernate.annotations.common.Version:56] HCANN000001: Hibernate Commons Annotations {5.1.2.Final} 
2025-01-24 16:21:16.934  INFO [com.zaxxer.hikari.HikariDataSource:110] HikariPool-1 - Starting... 
2025-01-24 16:21:25.972 ERROR [com.zaxxer.hikari.pool.HikariPool:594] HikariPool-1 - Exception during pool initialization. com.microsoft.sqlserver.jdbc.SQLServerException: The TCP/IP connection to the host C14SQL02, port 1433 has failed. Error: "Connect timed out. Verify the connection properties. Make sure that an instance of SQL Server is running on the host and accepting TCP/IP connections at the port. Make sure that TCP connections to the port are not blocked by a firewall.".
	at com.microsoft.sqlserver.jdbc.SQLServerException.makeFromDriverError(SQLServerException.java:242)
	at com.microsoft.sqlserver.jdbc.SQLServerException.convertConnectExceptionToSQLServerException(SQLServerException.java:308)
	at com.microsoft.sqlserver.jdbc.SocketFinder.findSocket(IOBuffer.java:2593)
	at com.microsoft.sqlserver.jdbc.TDSChannel.open(IOBuffer.java:721)
	at com.microsoft.sqlserver.jdbc.SQLServerConnection.connectHelper(SQLServerConnection.java:3768)
	at com.microsoft.sqlserver.jdbc.SQLServerConnection.login(SQLServerConnection.java:3385)
	at com.microsoft.sqlserver.jdbc.SQLServerConnection.connectInternal(SQLServerConnection.java:3194)
	at com.microsoft.sqlserver.jdbc.SQLServerConnection.connect(SQLServerConnection.java:1971)
	at com.microsoft.sqlserver.jdbc.SQLServerDriver.connect(SQLServerDriver.java:1263)
	at com.zaxxer.hikari.util.DriverDataSource.getConnection(DriverDataSource.java:121)
	at com.zaxxer.hikari.pool.PoolBase.newConnection(PoolBase.java:364)
	at com.zaxxer.hikari.pool.PoolBase.newPoolEntry(PoolBase.java:206)
	at com.zaxxer.hikari.pool.HikariPool.createPoolEntry(HikariPool.java:476)
	at com.zaxxer.hikari.pool.HikariPool.checkFailFast(HikariPool.java:561)
	at com.zaxxer.hikari.pool.HikariPool.<init>(HikariPool.java:115)
	at com.zaxxer.hikari.HikariDataSource.getConnection(HikariDataSource.java:112)
	at org.hibernate.engine.jdbc.connections.internal.DatasourceConnectionProviderImpl.getConnection(DatasourceConnectionProviderImpl.java:122)
	at org.hibernate.engine.jdbc.env.internal.JdbcEnvironmentInitiator$ConnectionProviderJdbcConnectionAccess.obtainConnection(JdbcEnvironmentInitiator.java:181)
	at org.hibernate.engine.jdbc.env.internal.JdbcEnvironmentInitiator.initiateService(JdbcEnvironmentInitiator.java:68)
	at org.hibernate.engine.jdbc.env.internal.JdbcEnvironmentInitiator.initiateService(JdbcEnvironmentInitiator.java:35)
	at org.hibernate.boot.registry.internal.StandardServiceRegistryImpl.initiateService(StandardServiceRegistryImpl.java:101)
	at org.hibernate.service.internal.AbstractServiceRegistryImpl.createService(AbstractServiceRegistryImpl.java:263)
	at org.hibernate.service.internal.AbstractServiceRegistryImpl.initializeService(AbstractServiceRegistryImpl.java:237)
	at org.hibernate.service.internal.AbstractServiceRegistryImpl.getService(AbstractServiceRegistryImpl.java:214)
	at org.hibernate.id.factory.internal.DefaultIdentifierGeneratorFactory.injectServices(DefaultIdentifierGeneratorFactory.java:175)
	at org.hibernate.service.internal.AbstractServiceRegistryImpl.injectDependencies(AbstractServiceRegistryImpl.java:286)
	at org.hibernate.service.internal.AbstractServiceRegistryImpl.initializeService(AbstractServiceRegistryImpl.java:243)
	at org.hibernate.service.internal.AbstractServiceRegistryImpl.getService(AbstractServiceRegistryImpl.java:214)
	at org.hibernate.boot.internal.InFlightMetadataCollectorImpl.<init>(InFlightMetadataCollectorImpl.java:173)
	at org.hibernate.boot.model.process.spi.MetadataBuildingProcess.complete(MetadataBuildingProcess.java:127)
	at org.hibernate.jpa.boot.internal.EntityManagerFactoryBuilderImpl.metadata(EntityManagerFactoryBuilderImpl.java:1460)
	at org.hibernate.jpa.boot.internal.EntityManagerFactoryBuilderImpl.build(EntityManagerFactoryBuilderImpl.java:1494)
	at org.springframework.orm.jpa.vendor.SpringHibernateJpaPersistenceProvider.createContainerEntityManagerFactory(SpringHibernateJpaPersistenceProvider.java:58)
	at org.springframework.orm.jpa.LocalContainerEntityManagerFactoryBean.createNativeEntityManagerFactory(LocalContainerEntityManagerFactoryBean.java:365)
	at org.springframework.orm.jpa.AbstractEntityManagerFactoryBean.buildNativeEntityManagerFactory(AbstractEntityManagerFactoryBean.java:409)
	at org.springframework.orm.jpa.AbstractEntityManagerFactoryBean.afterPropertiesSet(AbstractEntityManagerFactoryBean.java:396)
	at org.springframework.orm.jpa.LocalContainerEntityManagerFactoryBean.afterPropertiesSet(LocalContainerEntityManagerFactoryBean.java:341)
	at org.springframework.beans.factory.support.AbstractAutowireCapableBeanFactory.invokeInitMethods(AbstractAutowireCapableBeanFactory.java:1863)
	at org.springframework.beans.factory.support.AbstractAutowireCapableBeanFactory.initializeBean(AbstractAutowireCapableBeanFactory.java:1800)
	at org.springframework.beans.factory.support.AbstractAutowireCapableBeanFactory.doCreateBean(AbstractAutowireCapableBeanFactory.java:620)
	at org.springframework.beans.factory.support.AbstractAutowireCapableBeanFactory.createBean(AbstractAutowireCapableBeanFactory.java:542)
	at org.springframework.beans.factory.support.AbstractBeanFactory.lambda$doGetBean$0(AbstractBeanFactory.java:335)
	at org.springframework.beans.factory.support.DefaultSingletonBeanRegistry.getSingleton(DefaultSingletonBeanRegistry.java:234)
	at org.springframework.beans.factory.support.AbstractBeanFactory.doGetBean(AbstractBeanFactory.java:333)
	at org.springframework.beans.factory.support.AbstractBeanFactory.getBean(AbstractBeanFactory.java:208)
	at org.springframework.context.support.AbstractApplicationContext.getBean(AbstractApplicationContext.java:1154)
	at org.springframework.context.support.AbstractApplicationContext.finishBeanFactoryInitialization(AbstractApplicationContext.java:908)
	at org.springframework.context.support.AbstractApplicationContext.refresh(AbstractApplicationContext.java:583)
	at org.springframework.boot.web.servlet.context.ServletWebServerApplicationContext.refresh(ServletWebServerApplicationContext.java:147)
	at org.springframework.boot.SpringApplication.refresh(SpringApplication.java:734)
	at org.springframework.boot.SpringApplication.refreshContext(SpringApplication.java:408)
	at org.springframework.boot.SpringApplication.run(SpringApplication.java:308)
	at org.springframework.boot.SpringApplication.run(SpringApplication.java:1306)
	at org.springframework.boot.SpringApplication.run(SpringApplication.java:1295)
	at za.co.woolworths.itemkafka_poc.KafkaItemProducerPocApplication.main(KafkaItemProducerPocApplication.java:10)

2025-01-24 16:21:25.974  WARN [org.hibernate.engine.jdbc.env.internal.JdbcEnvironmentInitiator:133] HHH000342: Could not obtain connection to query metadata com.microsoft.sqlserver.jdbc.SQLServerException: The TCP/IP connection to the host C14SQL02, port 1433 has failed. Error: "Connect timed out. Verify the connection properties. Make sure that an instance of SQL Server is running on the host and accepting TCP/IP connections at the port. Make sure that TCP connections to the port are not blocked by a firewall.".
	at com.microsoft.sqlserver.jdbc.SQLServerException.makeFromDriverError(SQLServerException.java:242)
	at com.microsoft.sqlserver.jdbc.SQLServerException.convertConnectExceptionToSQLServerException(SQLServerException.java:308)
	at com.microsoft.sqlserver.jdbc.SocketFinder.findSocket(IOBuffer.java:2593)
	at com.microsoft.sqlserver.jdbc.TDSChannel.open(IOBuffer.java:721)
	at com.microsoft.sqlserver.jdbc.SQLServerConnection.connectHelper(SQLServerConnection.java:3768)
	at com.microsoft.sqlserver.jdbc.SQLServerConnection.login(SQLServerConnection.java:3385)
	at com.microsoft.sqlserver.jdbc.SQLServerConnection.connectInternal(SQLServerConnection.java:3194)
	at com.microsoft.sqlserver.jdbc.SQLServerConnection.connect(SQLServerConnection.java:1971)
	at com.microsoft.sqlserver.jdbc.SQLServerDriver.connect(SQLServerDriver.java:1263)
	at com.zaxxer.hikari.util.DriverDataSource.getConnection(DriverDataSource.java:121)
	at com.zaxxer.hikari.pool.PoolBase.newConnection(PoolBase.java:364)
	at com.zaxxer.hikari.pool.PoolBase.newPoolEntry(PoolBase.java:206)
	at com.zaxxer.hikari.pool.HikariPool.createPoolEntry(HikariPool.java:476)
	at com.zaxxer.hikari.pool.HikariPool.checkFailFast(HikariPool.java:561)
	at com.zaxxer.hikari.pool.HikariPool.<init>(HikariPool.java:115)
	at com.zaxxer.hikari.HikariDataSource.getConnection(HikariDataSource.java:112)
	at org.hibernate.engine.jdbc.connections.internal.DatasourceConnectionProviderImpl.getConnection(DatasourceConnectionProviderImpl.java:122)
	at org.hibernate.engine.jdbc.env.internal.JdbcEnvironmentInitiator$ConnectionProviderJdbcConnectionAccess.obtainConnection(JdbcEnvironmentInitiator.java:181)
	at org.hibernate.engine.jdbc.env.internal.JdbcEnvironmentInitiator.initiateService(JdbcEnvironmentInitiator.java:68)
	at org.hibernate.engine.jdbc.env.internal.JdbcEnvironmentInitiator.initiateService(JdbcEnvironmentInitiator.java:35)
	at org.hibernate.boot.registry.internal.StandardServiceRegistryImpl.initiateService(StandardServiceRegistryImpl.java:101)
	at org.hibernate.service.internal.AbstractServiceRegistryImpl.createService(AbstractServiceRegistryImpl.java:263)
	at org.hibernate.service.internal.AbstractServiceRegistryImpl.initializeService(AbstractServiceRegistryImpl.java:237)
	at org.hibernate.service.internal.AbstractServiceRegistryImpl.getService(AbstractServiceRegistryImpl.java:214)
	at org.hibernate.id.factory.internal.DefaultIdentifierGeneratorFactory.injectServices(DefaultIdentifierGeneratorFactory.java:175)
	at org.hibernate.service.internal.AbstractServiceRegistryImpl.injectDependencies(AbstractServiceRegistryImpl.java:286)
	at org.hibernate.service.internal.AbstractServiceRegistryImpl.initializeService(AbstractServiceRegistryImpl.java:243)
	at org.hibernate.service.internal.AbstractServiceRegistryImpl.getService(AbstractServiceRegistryImpl.java:214)
	at org.hibernate.boot.internal.InFlightMetadataCollectorImpl.<init>(InFlightMetadataCollectorImpl.java:173)
	at org.hibernate.boot.model.process.spi.MetadataBuildingProcess.complete(MetadataBuildingProcess.java:127)
	at org.hibernate.jpa.boot.internal.EntityManagerFactoryBuilderImpl.metadata(EntityManagerFactoryBuilderImpl.java:1460)
	at org.hibernate.jpa.boot.internal.EntityManagerFactoryBuilderImpl.build(EntityManagerFactoryBuilderImpl.java:1494)
	at org.springframework.orm.jpa.vendor.SpringHibernateJpaPersistenceProvider.createContainerEntityManagerFactory(SpringHibernateJpaPersistenceProvider.java:58)
	at org.springframework.orm.jpa.LocalContainerEntityManagerFactoryBean.createNativeEntityManagerFactory(LocalContainerEntityManagerFactoryBean.java:365)
	at org.springframework.orm.jpa.AbstractEntityManagerFactoryBean.buildNativeEntityManagerFactory(AbstractEntityManagerFactoryBean.java:409)
	at org.springframework.orm.jpa.AbstractEntityManagerFactoryBean.afterPropertiesSet(AbstractEntityManagerFactoryBean.java:396)
	at org.springframework.orm.jpa.LocalContainerEntityManagerFactoryBean.afterPropertiesSet(LocalContainerEntityManagerFactoryBean.java:341)
	at org.springframework.beans.factory.support.AbstractAutowireCapableBeanFactory.invokeInitMethods(AbstractAutowireCapableBeanFactory.java:1863)
	at org.springframework.beans.factory.support.AbstractAutowireCapableBeanFactory.initializeBean(AbstractAutowireCapableBeanFactory.java:1800)
	at org.springframework.beans.factory.support.AbstractAutowireCapableBeanFactory.doCreateBean(AbstractAutowireCapableBeanFactory.java:620)
	at org.springframework.beans.factory.support.AbstractAutowireCapableBeanFactory.createBean(AbstractAutowireCapableBeanFactory.java:542)
	at org.springframework.beans.factory.support.AbstractBeanFactory.lambda$doGetBean$0(AbstractBeanFactory.java:335)
	at org.springframework.beans.factory.support.DefaultSingletonBeanRegistry.getSingleton(DefaultSingletonBeanRegistry.java:234)
	at org.springframework.beans.factory.support.AbstractBeanFactory.doGetBean(AbstractBeanFactory.java:333)
	at org.springframework.beans.factory.support.AbstractBeanFactory.getBean(AbstractBeanFactory.java:208)
	at org.springframework.context.support.AbstractApplicationContext.getBean(AbstractApplicationContext.java:1154)
	at org.springframework.context.support.AbstractApplicationContext.finishBeanFactoryInitialization(AbstractApplicationContext.java:908)
	at org.springframework.context.support.AbstractApplicationContext.refresh(AbstractApplicationContext.java:583)
	at org.springframework.boot.web.servlet.context.ServletWebServerApplicationContext.refresh(ServletWebServerApplicationContext.java:147)
	at org.springframework.boot.SpringApplication.refresh(SpringApplication.java:734)
	at org.springframework.boot.SpringApplication.refreshContext(SpringApplication.java:408)
	at org.springframework.boot.SpringApplication.run(SpringApplication.java:308)
	at org.springframework.boot.SpringApplication.run(SpringApplication.java:1306)
	at org.springframework.boot.SpringApplication.run(SpringApplication.java:1295)
	at za.co.woolworths.itemkafka_poc.KafkaItemProducerPocApplication.main(KafkaItemProducerPocApplication.java:10)

2025-01-24 16:21:25.984 ERROR [org.springframework.orm.jpa.LocalContainerEntityManagerFactoryBean:426] Failed to initialize JPA EntityManagerFactory: Unable to create requested service [org.hibernate.engine.jdbc.env.spi.JdbcEnvironment] 
2025-01-24 16:21:25.986  WARN [org.springframework.boot.web.servlet.context.AnnotationConfigServletWebServerApplicationContext:591] Exception encountered during context initialization - cancelling refresh attempt: org.springframework.beans.factory.BeanCreationException: Error creating bean with name 'entityManagerFactory' defined in class path resource [org/springframework/boot/autoconfigure/orm/jpa/HibernateJpaConfiguration.class]: Invocation of init method failed; nested exception is org.hibernate.service.spi.ServiceException: Unable to create requested service [org.hibernate.engine.jdbc.env.spi.JdbcEnvironment] 
2025-01-24 16:21:25.994  INFO [org.apache.catalina.core.StandardService:173] Stopping service [Tomcat] 
2025-01-24 16:21:26.014  INFO [org.springframework.boot.autoconfigure.logging.ConditionEvaluationReportLoggingListener:136] 

Error starting ApplicationContext. To display the conditions report re-run your application with 'debug' enabled. 
2025-01-24 16:21:26.027 ERROR [org.springframework.boot.SpringApplication:824] Application run failed org.springframework.beans.factory.BeanCreationException: Error creating bean with name 'entityManagerFactory' defined in class path resource [org/springframework/boot/autoconfigure/orm/jpa/HibernateJpaConfiguration.class]: Invocation of init method failed; nested exception is org.hibernate.service.spi.ServiceException: Unable to create requested service [org.hibernate.engine.jdbc.env.spi.JdbcEnvironment]
	at org.springframework.beans.factory.support.AbstractAutowireCapableBeanFactory.initializeBean(AbstractAutowireCapableBeanFactory.java:1804)
	at org.springframework.beans.factory.support.AbstractAutowireCapableBeanFactory.doCreateBean(AbstractAutowireCapableBeanFactory.java:620)
	at org.springframework.beans.factory.support.AbstractAutowireCapableBeanFactory.createBean(AbstractAutowireCapableBeanFactory.java:542)
	at org.springframework.beans.factory.support.AbstractBeanFactory.lambda$doGetBean$0(AbstractBeanFactory.java:335)
	at org.springframework.beans.factory.support.DefaultSingletonBeanRegistry.getSingleton(DefaultSingletonBeanRegistry.java:234)
	at org.springframework.beans.factory.support.AbstractBeanFactory.doGetBean(AbstractBeanFactory.java:333)
	at org.springframework.beans.factory.support.AbstractBeanFactory.getBean(AbstractBeanFactory.java:208)
	at org.springframework.context.support.AbstractApplicationContext.getBean(AbstractApplicationContext.java:1154)
	at org.springframework.context.support.AbstractApplicationContext.finishBeanFactoryInitialization(AbstractApplicationContext.java:908)
	at org.springframework.context.support.AbstractApplicationContext.refresh(AbstractApplicationContext.java:583)
	at org.springframework.boot.web.servlet.context.ServletWebServerApplicationContext.refresh(ServletWebServerApplicationContext.java:147)
	at org.springframework.boot.SpringApplication.refresh(SpringApplication.java:734)
	at org.springframework.boot.SpringApplication.refreshContext(SpringApplication.java:408)
	at org.springframework.boot.SpringApplication.run(SpringApplication.java:308)
	at org.springframework.boot.SpringApplication.run(SpringApplication.java:1306)
	at org.springframework.boot.SpringApplication.run(SpringApplication.java:1295)
	at za.co.woolworths.itemkafka_poc.KafkaItemProducerPocApplication.main(KafkaItemProducerPocApplication.java:10)
Caused by: org.hibernate.service.spi.ServiceException: Unable to create requested service [org.hibernate.engine.jdbc.env.spi.JdbcEnvironment]
	at org.hibernate.service.internal.AbstractServiceRegistryImpl.createService(AbstractServiceRegistryImpl.java:275)
	at org.hibernate.service.internal.AbstractServiceRegistryImpl.initializeService(AbstractServiceRegistryImpl.java:237)
	at org.hibernate.service.internal.AbstractServiceRegistryImpl.getService(AbstractServiceRegistryImpl.java:214)
	at org.hibernate.id.factory.internal.DefaultIdentifierGeneratorFactory.injectServices(DefaultIdentifierGeneratorFactory.java:175)
	at org.hibernate.service.internal.AbstractServiceRegistryImpl.injectDependencies(AbstractServiceRegistryImpl.java:286)
	at org.hibernate.service.internal.AbstractServiceRegistryImpl.initializeService(AbstractServiceRegistryImpl.java:243)
	at org.hibernate.service.internal.AbstractServiceRegistryImpl.getService(AbstractServiceRegistryImpl.java:214)
	at org.hibernate.boot.internal.InFlightMetadataCollectorImpl.<init>(InFlightMetadataCollectorImpl.java:173)
	at org.hibernate.boot.model.process.spi.MetadataBuildingProcess.complete(MetadataBuildingProcess.java:127)
	at org.hibernate.jpa.boot.internal.EntityManagerFactoryBuilderImpl.metadata(EntityManagerFactoryBuilderImpl.java:1460)
	at org.hibernate.jpa.boot.internal.EntityManagerFactoryBuilderImpl.build(EntityManagerFactoryBuilderImpl.java:1494)
	at org.springframework.orm.jpa.vendor.SpringHibernateJpaPersistenceProvider.createContainerEntityManagerFactory(SpringHibernateJpaPersistenceProvider.java:58)
	at org.springframework.orm.jpa.LocalContainerEntityManagerFactoryBean.createNativeEntityManagerFactory(LocalContainerEntityManagerFactoryBean.java:365)
	at org.springframework.orm.jpa.AbstractEntityManagerFactoryBean.buildNativeEntityManagerFactory(AbstractEntityManagerFactoryBean.java:409)
	at org.springframework.orm.jpa.AbstractEntityManagerFactoryBean.afterPropertiesSet(AbstractEntityManagerFactoryBean.java:396)
	at org.springframework.orm.jpa.LocalContainerEntityManagerFactoryBean.afterPropertiesSet(LocalContainerEntityManagerFactoryBean.java:341)
	at org.springframework.beans.factory.support.AbstractAutowireCapableBeanFactory.invokeInitMethods(AbstractAutowireCapableBeanFactory.java:1863)
	at org.springframework.beans.factory.support.AbstractAutowireCapableBeanFactory.initializeBean(AbstractAutowireCapableBeanFactory.java:1800)
	... 16 common frames omitted
Caused by: org.hibernate.HibernateException: Access to DialectResolutionInfo cannot be null when 'hibernate.dialect' not set
	at org.hibernate.engine.jdbc.dialect.internal.DialectFactoryImpl.determineDialect(DialectFactoryImpl.java:100)
	at org.hibernate.engine.jdbc.dialect.internal.DialectFactoryImpl.buildDialect(DialectFactoryImpl.java:54)
	at org.hibernate.engine.jdbc.env.internal.JdbcEnvironmentInitiator.initiateService(JdbcEnvironmentInitiator.java:138)
	at org.hibernate.engine.jdbc.env.internal.JdbcEnvironmentInitiator.initiateService(JdbcEnvironmentInitiator.java:35)
	at org.hibernate.boot.registry.internal.StandardServiceRegistryImpl.initiateService(StandardServiceRegistryImpl.java:101)
	at org.hibernate.service.internal.AbstractServiceRegistryImpl.createService(AbstractServiceRegistryImpl.java:263)
	... 33 common frames omitted

2025-01-24 16:27:49.069  INFO [za.co.woolworths.itemkafka_poc.KafkaItemProducerPocApplication:55] Starting KafkaItemProducerPocApplication using Java 15.0.2 on W49204302 with PID 23388 (C:\Workspaces\Item-Kafka-Producer-POC\Item-Kafka-Producer-POC\target\classes started by W7178930 in C:\Workspaces\Item-Kafka-Producer-POC\Item-Kafka-Producer-POC) 
2025-01-24 16:27:49.073  INFO [za.co.woolworths.itemkafka_poc.KafkaItemProducerPocApplication:640] The following 2 profiles are active: "swagger", "dev" 
2025-01-24 16:27:49.920  INFO [org.springframework.data.repository.config.RepositoryConfigurationDelegate:132] Bootstrapping Spring Data JPA repositories in DEFAULT mode. 
2025-01-24 16:27:49.999  INFO [org.springframework.data.repository.config.RepositoryConfigurationDelegate:201] Finished Spring Data repository scanning in 66 ms. Found 1 JPA repository interfaces. 
2025-01-24 16:27:50.773  INFO [org.springframework.boot.web.embedded.tomcat.TomcatWebServer:108] Tomcat initialized with port(s): 8081 (http) 
2025-01-24 16:27:50.780  INFO [org.apache.coyote.http11.Http11NioProtocol:173] Initializing ProtocolHandler ["http-nio-8081"] 
2025-01-24 16:27:50.780  INFO [org.apache.catalina.core.StandardService:173] Starting service [Tomcat] 
2025-01-24 16:27:50.780  INFO [org.apache.catalina.core.StandardEngine:173] Starting Servlet engine: [Apache Tomcat/9.0.64] 
2025-01-24 16:27:50.922  INFO [org.apache.catalina.core.ContainerBase.[Tomcat].[localhost].[/]:173] Initializing Spring embedded WebApplicationContext 
2025-01-24 16:27:50.922  INFO [org.springframework.boot.web.servlet.context.ServletWebServerApplicationContext:292] Root WebApplicationContext: initialization completed in 1795 ms 
2025-01-24 16:27:51.410  INFO [com.zaxxer.hikari.HikariDataSource:110] HikariPool-1 - Starting... 
2025-01-24 16:28:00.561 ERROR [com.zaxxer.hikari.pool.HikariPool:594] HikariPool-1 - Exception during pool initialization. com.microsoft.sqlserver.jdbc.SQLServerException: The TCP/IP connection to the host C14SQL02, port 1433 has failed. Error: "Connect timed out. Verify the connection properties. Make sure that an instance of SQL Server is running on the host and accepting TCP/IP connections at the port. Make sure that TCP connections to the port are not blocked by a firewall.".
	at com.microsoft.sqlserver.jdbc.SQLServerException.makeFromDriverError(SQLServerException.java:242)
	at com.microsoft.sqlserver.jdbc.SQLServerException.convertConnectExceptionToSQLServerException(SQLServerException.java:308)
	at com.microsoft.sqlserver.jdbc.SocketFinder.findSocket(IOBuffer.java:2593)
	at com.microsoft.sqlserver.jdbc.TDSChannel.open(IOBuffer.java:721)
	at com.microsoft.sqlserver.jdbc.SQLServerConnection.connectHelper(SQLServerConnection.java:3768)
	at com.microsoft.sqlserver.jdbc.SQLServerConnection.login(SQLServerConnection.java:3385)
	at com.microsoft.sqlserver.jdbc.SQLServerConnection.connectInternal(SQLServerConnection.java:3194)
	at com.microsoft.sqlserver.jdbc.SQLServerConnection.connect(SQLServerConnection.java:1971)
	at com.microsoft.sqlserver.jdbc.SQLServerDriver.connect(SQLServerDriver.java:1263)
	at com.zaxxer.hikari.util.DriverDataSource.getConnection(DriverDataSource.java:121)
	at com.zaxxer.hikari.pool.PoolBase.newConnection(PoolBase.java:364)
	at com.zaxxer.hikari.pool.PoolBase.newPoolEntry(PoolBase.java:206)
	at com.zaxxer.hikari.pool.HikariPool.createPoolEntry(HikariPool.java:476)
	at com.zaxxer.hikari.pool.HikariPool.checkFailFast(HikariPool.java:561)
	at com.zaxxer.hikari.pool.HikariPool.<init>(HikariPool.java:115)
	at com.zaxxer.hikari.HikariDataSource.getConnection(HikariDataSource.java:112)
	at org.springframework.jdbc.datasource.DataSourceUtils.fetchConnection(DataSourceUtils.java:159)
	at org.springframework.jdbc.datasource.DataSourceUtils.doGetConnection(DataSourceUtils.java:117)
	at org.springframework.jdbc.datasource.DataSourceUtils.getConnection(DataSourceUtils.java:80)
	at org.springframework.jdbc.core.JdbcTemplate.execute(JdbcTemplate.java:330)
	at org.springframework.boot.jdbc.EmbeddedDatabaseConnection.isEmbedded(EmbeddedDatabaseConnection.java:162)
	at org.springframework.boot.autoconfigure.orm.jpa.HibernateDefaultDdlAutoProvider.getDefaultDdlAuto(HibernateDefaultDdlAutoProvider.java:42)
	at org.springframework.boot.autoconfigure.orm.jpa.HibernateJpaConfiguration.lambda$getVendorProperties$1(HibernateJpaConfiguration.java:130)
	at org.springframework.boot.autoconfigure.orm.jpa.HibernateSettings.getDdlAuto(HibernateSettings.java:41)
	at org.springframework.boot.autoconfigure.orm.jpa.HibernateProperties.determineDdlAuto(HibernateProperties.java:143)
	at org.springframework.boot.autoconfigure.orm.jpa.HibernateProperties.getAdditionalProperties(HibernateProperties.java:103)
	at org.springframework.boot.autoconfigure.orm.jpa.HibernateProperties.determineHibernateProperties(HibernateProperties.java:95)
	at org.springframework.boot.autoconfigure.orm.jpa.HibernateJpaConfiguration.getVendorProperties(HibernateJpaConfiguration.java:132)
	at org.springframework.boot.autoconfigure.orm.jpa.JpaBaseConfiguration.entityManagerFactory(JpaBaseConfiguration.java:132)
	at java.base/jdk.internal.reflect.NativeMethodAccessorImpl.invoke0(Native Method)
	at java.base/jdk.internal.reflect.NativeMethodAccessorImpl.invoke(NativeMethodAccessorImpl.java:64)
	at java.base/jdk.internal.reflect.DelegatingMethodAccessorImpl.invoke(DelegatingMethodAccessorImpl.java:43)
	at java.base/java.lang.reflect.Method.invoke(Method.java:564)
	at org.springframework.beans.factory.support.SimpleInstantiationStrategy.instantiate(SimpleInstantiationStrategy.java:154)
	at org.springframework.beans.factory.support.ConstructorResolver.instantiate(ConstructorResolver.java:653)
	at org.springframework.beans.factory.support.ConstructorResolver.instantiateUsingFactoryMethod(ConstructorResolver.java:638)
	at org.springframework.beans.factory.support.AbstractAutowireCapableBeanFactory.instantiateUsingFactoryMethod(AbstractAutowireCapableBeanFactory.java:1352)
	at org.springframework.beans.factory.support.AbstractAutowireCapableBeanFactory.createBeanInstance(AbstractAutowireCapableBeanFactory.java:1195)
	at org.springframework.beans.factory.support.AbstractAutowireCapableBeanFactory.doCreateBean(AbstractAutowireCapableBeanFactory.java:582)
	at org.springframework.beans.factory.support.AbstractAutowireCapableBeanFactory.createBean(AbstractAutowireCapableBeanFactory.java:542)
	at org.springframework.beans.factory.support.AbstractBeanFactory.lambda$doGetBean$0(AbstractBeanFactory.java:335)
	at org.springframework.beans.factory.support.DefaultSingletonBeanRegistry.getSingleton(DefaultSingletonBeanRegistry.java:234)
	at org.springframework.beans.factory.support.AbstractBeanFactory.doGetBean(AbstractBeanFactory.java:333)
	at org.springframework.beans.factory.support.AbstractBeanFactory.getBean(AbstractBeanFactory.java:208)
	at org.springframework.context.support.AbstractApplicationContext.getBean(AbstractApplicationContext.java:1154)
	at org.springframework.context.support.AbstractApplicationContext.finishBeanFactoryInitialization(AbstractApplicationContext.java:908)
	at org.springframework.context.support.AbstractApplicationContext.refresh(AbstractApplicationContext.java:583)
	at org.springframework.boot.web.servlet.context.ServletWebServerApplicationContext.refresh(ServletWebServerApplicationContext.java:147)
	at org.springframework.boot.SpringApplication.refresh(SpringApplication.java:734)
	at org.springframework.boot.SpringApplication.refreshContext(SpringApplication.java:408)
	at org.springframework.boot.SpringApplication.run(SpringApplication.java:308)
	at org.springframework.boot.SpringApplication.run(SpringApplication.java:1306)
	at org.springframework.boot.SpringApplication.run(SpringApplication.java:1295)
	at za.co.woolworths.itemkafka_poc.KafkaItemProducerPocApplication.main(KafkaItemProducerPocApplication.java:10)

2025-01-24 16:28:00.617  INFO [org.hibernate.jpa.internal.util.LogHelper:31] HHH000204: Processing PersistenceUnitInfo [name: default] 
2025-01-24 16:28:00.649  INFO [org.hibernate.Version:44] HHH000412: Hibernate ORM core version 5.6.9.Final 
2025-01-24 16:28:00.754  INFO [org.hibernate.annotations.common.Version:56] HCANN000001: Hibernate Commons Annotations {5.1.2.Final} 
2025-01-24 16:28:00.876  INFO [com.zaxxer.hikari.HikariDataSource:110] HikariPool-1 - Starting... 
2025-01-24 16:28:09.907 ERROR [com.zaxxer.hikari.pool.HikariPool:594] HikariPool-1 - Exception during pool initialization. com.microsoft.sqlserver.jdbc.SQLServerException: The TCP/IP connection to the host C14SQL02, port 1433 has failed. Error: "Connect timed out. Verify the connection properties. Make sure that an instance of SQL Server is running on the host and accepting TCP/IP connections at the port. Make sure that TCP connections to the port are not blocked by a firewall.".
	at com.microsoft.sqlserver.jdbc.SQLServerException.makeFromDriverError(SQLServerException.java:242)
	at com.microsoft.sqlserver.jdbc.SQLServerException.convertConnectExceptionToSQLServerException(SQLServerException.java:308)
	at com.microsoft.sqlserver.jdbc.SocketFinder.findSocket(IOBuffer.java:2593)
	at com.microsoft.sqlserver.jdbc.TDSChannel.open(IOBuffer.java:721)
	at com.microsoft.sqlserver.jdbc.SQLServerConnection.connectHelper(SQLServerConnection.java:3768)
	at com.microsoft.sqlserver.jdbc.SQLServerConnection.login(SQLServerConnection.java:3385)
	at com.microsoft.sqlserver.jdbc.SQLServerConnection.connectInternal(SQLServerConnection.java:3194)
	at com.microsoft.sqlserver.jdbc.SQLServerConnection.connect(SQLServerConnection.java:1971)
	at com.microsoft.sqlserver.jdbc.SQLServerDriver.connect(SQLServerDriver.java:1263)
	at com.zaxxer.hikari.util.DriverDataSource.getConnection(DriverDataSource.java:121)
	at com.zaxxer.hikari.pool.PoolBase.newConnection(PoolBase.java:364)
	at com.zaxxer.hikari.pool.PoolBase.newPoolEntry(PoolBase.java:206)
	at com.zaxxer.hikari.pool.HikariPool.createPoolEntry(HikariPool.java:476)
	at com.zaxxer.hikari.pool.HikariPool.checkFailFast(HikariPool.java:561)
	at com.zaxxer.hikari.pool.HikariPool.<init>(HikariPool.java:115)
	at com.zaxxer.hikari.HikariDataSource.getConnection(HikariDataSource.java:112)
	at org.hibernate.engine.jdbc.connections.internal.DatasourceConnectionProviderImpl.getConnection(DatasourceConnectionProviderImpl.java:122)
	at org.hibernate.engine.jdbc.env.internal.JdbcEnvironmentInitiator$ConnectionProviderJdbcConnectionAccess.obtainConnection(JdbcEnvironmentInitiator.java:181)
	at org.hibernate.engine.jdbc.env.internal.JdbcEnvironmentInitiator.initiateService(JdbcEnvironmentInitiator.java:68)
	at org.hibernate.engine.jdbc.env.internal.JdbcEnvironmentInitiator.initiateService(JdbcEnvironmentInitiator.java:35)
	at org.hibernate.boot.registry.internal.StandardServiceRegistryImpl.initiateService(StandardServiceRegistryImpl.java:101)
	at org.hibernate.service.internal.AbstractServiceRegistryImpl.createService(AbstractServiceRegistryImpl.java:263)
	at org.hibernate.service.internal.AbstractServiceRegistryImpl.initializeService(AbstractServiceRegistryImpl.java:237)
	at org.hibernate.service.internal.AbstractServiceRegistryImpl.getService(AbstractServiceRegistryImpl.java:214)
	at org.hibernate.id.factory.internal.DefaultIdentifierGeneratorFactory.injectServices(DefaultIdentifierGeneratorFactory.java:175)
	at org.hibernate.service.internal.AbstractServiceRegistryImpl.injectDependencies(AbstractServiceRegistryImpl.java:286)
	at org.hibernate.service.internal.AbstractServiceRegistryImpl.initializeService(AbstractServiceRegistryImpl.java:243)
	at org.hibernate.service.internal.AbstractServiceRegistryImpl.getService(AbstractServiceRegistryImpl.java:214)
	at org.hibernate.boot.internal.InFlightMetadataCollectorImpl.<init>(InFlightMetadataCollectorImpl.java:173)
	at org.hibernate.boot.model.process.spi.MetadataBuildingProcess.complete(MetadataBuildingProcess.java:127)
	at org.hibernate.jpa.boot.internal.EntityManagerFactoryBuilderImpl.metadata(EntityManagerFactoryBuilderImpl.java:1460)
	at org.hibernate.jpa.boot.internal.EntityManagerFactoryBuilderImpl.build(EntityManagerFactoryBuilderImpl.java:1494)
	at org.springframework.orm.jpa.vendor.SpringHibernateJpaPersistenceProvider.createContainerEntityManagerFactory(SpringHibernateJpaPersistenceProvider.java:58)
	at org.springframework.orm.jpa.LocalContainerEntityManagerFactoryBean.createNativeEntityManagerFactory(LocalContainerEntityManagerFactoryBean.java:365)
	at org.springframework.orm.jpa.AbstractEntityManagerFactoryBean.buildNativeEntityManagerFactory(AbstractEntityManagerFactoryBean.java:409)
	at org.springframework.orm.jpa.AbstractEntityManagerFactoryBean.afterPropertiesSet(AbstractEntityManagerFactoryBean.java:396)
	at org.springframework.orm.jpa.LocalContainerEntityManagerFactoryBean.afterPropertiesSet(LocalContainerEntityManagerFactoryBean.java:341)
	at org.springframework.beans.factory.support.AbstractAutowireCapableBeanFactory.invokeInitMethods(AbstractAutowireCapableBeanFactory.java:1863)
	at org.springframework.beans.factory.support.AbstractAutowireCapableBeanFactory.initializeBean(AbstractAutowireCapableBeanFactory.java:1800)
	at org.springframework.beans.factory.support.AbstractAutowireCapableBeanFactory.doCreateBean(AbstractAutowireCapableBeanFactory.java:620)
	at org.springframework.beans.factory.support.AbstractAutowireCapableBeanFactory.createBean(AbstractAutowireCapableBeanFactory.java:542)
	at org.springframework.beans.factory.support.AbstractBeanFactory.lambda$doGetBean$0(AbstractBeanFactory.java:335)
	at org.springframework.beans.factory.support.DefaultSingletonBeanRegistry.getSingleton(DefaultSingletonBeanRegistry.java:234)
	at org.springframework.beans.factory.support.AbstractBeanFactory.doGetBean(AbstractBeanFactory.java:333)
	at org.springframework.beans.factory.support.AbstractBeanFactory.getBean(AbstractBeanFactory.java:208)
	at org.springframework.context.support.AbstractApplicationContext.getBean(AbstractApplicationContext.java:1154)
	at org.springframework.context.support.AbstractApplicationContext.finishBeanFactoryInitialization(AbstractApplicationContext.java:908)
	at org.springframework.context.support.AbstractApplicationContext.refresh(AbstractApplicationContext.java:583)
	at org.springframework.boot.web.servlet.context.ServletWebServerApplicationContext.refresh(ServletWebServerApplicationContext.java:147)
	at org.springframework.boot.SpringApplication.refresh(SpringApplication.java:734)
	at org.springframework.boot.SpringApplication.refreshContext(SpringApplication.java:408)
	at org.springframework.boot.SpringApplication.run(SpringApplication.java:308)
	at org.springframework.boot.SpringApplication.run(SpringApplication.java:1306)
	at org.springframework.boot.SpringApplication.run(SpringApplication.java:1295)
	at za.co.woolworths.itemkafka_poc.KafkaItemProducerPocApplication.main(KafkaItemProducerPocApplication.java:10)

2025-01-24 16:28:09.910  WARN [org.hibernate.engine.jdbc.env.internal.JdbcEnvironmentInitiator:133] HHH000342: Could not obtain connection to query metadata com.microsoft.sqlserver.jdbc.SQLServerException: The TCP/IP connection to the host C14SQL02, port 1433 has failed. Error: "Connect timed out. Verify the connection properties. Make sure that an instance of SQL Server is running on the host and accepting TCP/IP connections at the port. Make sure that TCP connections to the port are not blocked by a firewall.".
	at com.microsoft.sqlserver.jdbc.SQLServerException.makeFromDriverError(SQLServerException.java:242)
	at com.microsoft.sqlserver.jdbc.SQLServerException.convertConnectExceptionToSQLServerException(SQLServerException.java:308)
	at com.microsoft.sqlserver.jdbc.SocketFinder.findSocket(IOBuffer.java:2593)
	at com.microsoft.sqlserver.jdbc.TDSChannel.open(IOBuffer.java:721)
	at com.microsoft.sqlserver.jdbc.SQLServerConnection.connectHelper(SQLServerConnection.java:3768)
	at com.microsoft.sqlserver.jdbc.SQLServerConnection.login(SQLServerConnection.java:3385)
	at com.microsoft.sqlserver.jdbc.SQLServerConnection.connectInternal(SQLServerConnection.java:3194)
	at com.microsoft.sqlserver.jdbc.SQLServerConnection.connect(SQLServerConnection.java:1971)
	at com.microsoft.sqlserver.jdbc.SQLServerDriver.connect(SQLServerDriver.java:1263)
	at com.zaxxer.hikari.util.DriverDataSource.getConnection(DriverDataSource.java:121)
	at com.zaxxer.hikari.pool.PoolBase.newConnection(PoolBase.java:364)
	at com.zaxxer.hikari.pool.PoolBase.newPoolEntry(PoolBase.java:206)
	at com.zaxxer.hikari.pool.HikariPool.createPoolEntry(HikariPool.java:476)
	at com.zaxxer.hikari.pool.HikariPool.checkFailFast(HikariPool.java:561)
	at com.zaxxer.hikari.pool.HikariPool.<init>(HikariPool.java:115)
	at com.zaxxer.hikari.HikariDataSource.getConnection(HikariDataSource.java:112)
	at org.hibernate.engine.jdbc.connections.internal.DatasourceConnectionProviderImpl.getConnection(DatasourceConnectionProviderImpl.java:122)
	at org.hibernate.engine.jdbc.env.internal.JdbcEnvironmentInitiator$ConnectionProviderJdbcConnectionAccess.obtainConnection(JdbcEnvironmentInitiator.java:181)
	at org.hibernate.engine.jdbc.env.internal.JdbcEnvironmentInitiator.initiateService(JdbcEnvironmentInitiator.java:68)
	at org.hibernate.engine.jdbc.env.internal.JdbcEnvironmentInitiator.initiateService(JdbcEnvironmentInitiator.java:35)
	at org.hibernate.boot.registry.internal.StandardServiceRegistryImpl.initiateService(StandardServiceRegistryImpl.java:101)
	at org.hibernate.service.internal.AbstractServiceRegistryImpl.createService(AbstractServiceRegistryImpl.java:263)
	at org.hibernate.service.internal.AbstractServiceRegistryImpl.initializeService(AbstractServiceRegistryImpl.java:237)
	at org.hibernate.service.internal.AbstractServiceRegistryImpl.getService(AbstractServiceRegistryImpl.java:214)
	at org.hibernate.id.factory.internal.DefaultIdentifierGeneratorFactory.injectServices(DefaultIdentifierGeneratorFactory.java:175)
	at org.hibernate.service.internal.AbstractServiceRegistryImpl.injectDependencies(AbstractServiceRegistryImpl.java:286)
	at org.hibernate.service.internal.AbstractServiceRegistryImpl.initializeService(AbstractServiceRegistryImpl.java:243)
	at org.hibernate.service.internal.AbstractServiceRegistryImpl.getService(AbstractServiceRegistryImpl.java:214)
	at org.hibernate.boot.internal.InFlightMetadataCollectorImpl.<init>(InFlightMetadataCollectorImpl.java:173)
	at org.hibernate.boot.model.process.spi.MetadataBuildingProcess.complete(MetadataBuildingProcess.java:127)
	at org.hibernate.jpa.boot.internal.EntityManagerFactoryBuilderImpl.metadata(EntityManagerFactoryBuilderImpl.java:1460)
	at org.hibernate.jpa.boot.internal.EntityManagerFactoryBuilderImpl.build(EntityManagerFactoryBuilderImpl.java:1494)
	at org.springframework.orm.jpa.vendor.SpringHibernateJpaPersistenceProvider.createContainerEntityManagerFactory(SpringHibernateJpaPersistenceProvider.java:58)
	at org.springframework.orm.jpa.LocalContainerEntityManagerFactoryBean.createNativeEntityManagerFactory(LocalContainerEntityManagerFactoryBean.java:365)
	at org.springframework.orm.jpa.AbstractEntityManagerFactoryBean.buildNativeEntityManagerFactory(AbstractEntityManagerFactoryBean.java:409)
	at org.springframework.orm.jpa.AbstractEntityManagerFactoryBean.afterPropertiesSet(AbstractEntityManagerFactoryBean.java:396)
	at org.springframework.orm.jpa.LocalContainerEntityManagerFactoryBean.afterPropertiesSet(LocalContainerEntityManagerFactoryBean.java:341)
	at org.springframework.beans.factory.support.AbstractAutowireCapableBeanFactory.invokeInitMethods(AbstractAutowireCapableBeanFactory.java:1863)
	at org.springframework.beans.factory.support.AbstractAutowireCapableBeanFactory.initializeBean(AbstractAutowireCapableBeanFactory.java:1800)
	at org.springframework.beans.factory.support.AbstractAutowireCapableBeanFactory.doCreateBean(AbstractAutowireCapableBeanFactory.java:620)
	at org.springframework.beans.factory.support.AbstractAutowireCapableBeanFactory.createBean(AbstractAutowireCapableBeanFactory.java:542)
	at org.springframework.beans.factory.support.AbstractBeanFactory.lambda$doGetBean$0(AbstractBeanFactory.java:335)
	at org.springframework.beans.factory.support.DefaultSingletonBeanRegistry.getSingleton(DefaultSingletonBeanRegistry.java:234)
	at org.springframework.beans.factory.support.AbstractBeanFactory.doGetBean(AbstractBeanFactory.java:333)
	at org.springframework.beans.factory.support.AbstractBeanFactory.getBean(AbstractBeanFactory.java:208)
	at org.springframework.context.support.AbstractApplicationContext.getBean(AbstractApplicationContext.java:1154)
	at org.springframework.context.support.AbstractApplicationContext.finishBeanFactoryInitialization(AbstractApplicationContext.java:908)
	at org.springframework.context.support.AbstractApplicationContext.refresh(AbstractApplicationContext.java:583)
	at org.springframework.boot.web.servlet.context.ServletWebServerApplicationContext.refresh(ServletWebServerApplicationContext.java:147)
	at org.springframework.boot.SpringApplication.refresh(SpringApplication.java:734)
	at org.springframework.boot.SpringApplication.refreshContext(SpringApplication.java:408)
	at org.springframework.boot.SpringApplication.run(SpringApplication.java:308)
	at org.springframework.boot.SpringApplication.run(SpringApplication.java:1306)
	at org.springframework.boot.SpringApplication.run(SpringApplication.java:1295)
	at za.co.woolworths.itemkafka_poc.KafkaItemProducerPocApplication.main(KafkaItemProducerPocApplication.java:10)

2025-01-24 16:28:09.916 ERROR [org.springframework.orm.jpa.LocalContainerEntityManagerFactoryBean:426] Failed to initialize JPA EntityManagerFactory: Unable to create requested service [org.hibernate.engine.jdbc.env.spi.JdbcEnvironment] 
2025-01-24 16:28:09.917  WARN [org.springframework.boot.web.servlet.context.AnnotationConfigServletWebServerApplicationContext:591] Exception encountered during context initialization - cancelling refresh attempt: org.springframework.beans.factory.BeanCreationException: Error creating bean with name 'entityManagerFactory' defined in class path resource [org/springframework/boot/autoconfigure/orm/jpa/HibernateJpaConfiguration.class]: Invocation of init method failed; nested exception is org.hibernate.service.spi.ServiceException: Unable to create requested service [org.hibernate.engine.jdbc.env.spi.JdbcEnvironment] 
2025-01-24 16:28:09.925  INFO [org.apache.catalina.core.StandardService:173] Stopping service [Tomcat] 
2025-01-24 16:28:09.941  INFO [org.springframework.boot.autoconfigure.logging.ConditionEvaluationReportLoggingListener:136] 

Error starting ApplicationContext. To display the conditions report re-run your application with 'debug' enabled. 
2025-01-24 16:28:09.952 ERROR [org.springframework.boot.SpringApplication:824] Application run failed org.springframework.beans.factory.BeanCreationException: Error creating bean with name 'entityManagerFactory' defined in class path resource [org/springframework/boot/autoconfigure/orm/jpa/HibernateJpaConfiguration.class]: Invocation of init method failed; nested exception is org.hibernate.service.spi.ServiceException: Unable to create requested service [org.hibernate.engine.jdbc.env.spi.JdbcEnvironment]
	at org.springframework.beans.factory.support.AbstractAutowireCapableBeanFactory.initializeBean(AbstractAutowireCapableBeanFactory.java:1804)
	at org.springframework.beans.factory.support.AbstractAutowireCapableBeanFactory.doCreateBean(AbstractAutowireCapableBeanFactory.java:620)
	at org.springframework.beans.factory.support.AbstractAutowireCapableBeanFactory.createBean(AbstractAutowireCapableBeanFactory.java:542)
	at org.springframework.beans.factory.support.AbstractBeanFactory.lambda$doGetBean$0(AbstractBeanFactory.java:335)
	at org.springframework.beans.factory.support.DefaultSingletonBeanRegistry.getSingleton(DefaultSingletonBeanRegistry.java:234)
	at org.springframework.beans.factory.support.AbstractBeanFactory.doGetBean(AbstractBeanFactory.java:333)
	at org.springframework.beans.factory.support.AbstractBeanFactory.getBean(AbstractBeanFactory.java:208)
	at org.springframework.context.support.AbstractApplicationContext.getBean(AbstractApplicationContext.java:1154)
	at org.springframework.context.support.AbstractApplicationContext.finishBeanFactoryInitialization(AbstractApplicationContext.java:908)
	at org.springframework.context.support.AbstractApplicationContext.refresh(AbstractApplicationContext.java:583)
	at org.springframework.boot.web.servlet.context.ServletWebServerApplicationContext.refresh(ServletWebServerApplicationContext.java:147)
	at org.springframework.boot.SpringApplication.refresh(SpringApplication.java:734)
	at org.springframework.boot.SpringApplication.refreshContext(SpringApplication.java:408)
	at org.springframework.boot.SpringApplication.run(SpringApplication.java:308)
	at org.springframework.boot.SpringApplication.run(SpringApplication.java:1306)
	at org.springframework.boot.SpringApplication.run(SpringApplication.java:1295)
	at za.co.woolworths.itemkafka_poc.KafkaItemProducerPocApplication.main(KafkaItemProducerPocApplication.java:10)
Caused by: org.hibernate.service.spi.ServiceException: Unable to create requested service [org.hibernate.engine.jdbc.env.spi.JdbcEnvironment]
	at org.hibernate.service.internal.AbstractServiceRegistryImpl.createService(AbstractServiceRegistryImpl.java:275)
	at org.hibernate.service.internal.AbstractServiceRegistryImpl.initializeService(AbstractServiceRegistryImpl.java:237)
	at org.hibernate.service.internal.AbstractServiceRegistryImpl.getService(AbstractServiceRegistryImpl.java:214)
	at org.hibernate.id.factory.internal.DefaultIdentifierGeneratorFactory.injectServices(DefaultIdentifierGeneratorFactory.java:175)
	at org.hibernate.service.internal.AbstractServiceRegistryImpl.injectDependencies(AbstractServiceRegistryImpl.java:286)
	at org.hibernate.service.internal.AbstractServiceRegistryImpl.initializeService(AbstractServiceRegistryImpl.java:243)
	at org.hibernate.service.internal.AbstractServiceRegistryImpl.getService(AbstractServiceRegistryImpl.java:214)
	at org.hibernate.boot.internal.InFlightMetadataCollectorImpl.<init>(InFlightMetadataCollectorImpl.java:173)
	at org.hibernate.boot.model.process.spi.MetadataBuildingProcess.complete(MetadataBuildingProcess.java:127)
	at org.hibernate.jpa.boot.internal.EntityManagerFactoryBuilderImpl.metadata(EntityManagerFactoryBuilderImpl.java:1460)
	at org.hibernate.jpa.boot.internal.EntityManagerFactoryBuilderImpl.build(EntityManagerFactoryBuilderImpl.java:1494)
	at org.springframework.orm.jpa.vendor.SpringHibernateJpaPersistenceProvider.createContainerEntityManagerFactory(SpringHibernateJpaPersistenceProvider.java:58)
	at org.springframework.orm.jpa.LocalContainerEntityManagerFactoryBean.createNativeEntityManagerFactory(LocalContainerEntityManagerFactoryBean.java:365)
	at org.springframework.orm.jpa.AbstractEntityManagerFactoryBean.buildNativeEntityManagerFactory(AbstractEntityManagerFactoryBean.java:409)
	at org.springframework.orm.jpa.AbstractEntityManagerFactoryBean.afterPropertiesSet(AbstractEntityManagerFactoryBean.java:396)
	at org.springframework.orm.jpa.LocalContainerEntityManagerFactoryBean.afterPropertiesSet(LocalContainerEntityManagerFactoryBean.java:341)
	at org.springframework.beans.factory.support.AbstractAutowireCapableBeanFactory.invokeInitMethods(AbstractAutowireCapableBeanFactory.java:1863)
	at org.springframework.beans.factory.support.AbstractAutowireCapableBeanFactory.initializeBean(AbstractAutowireCapableBeanFactory.java:1800)
	... 16 common frames omitted
Caused by: org.hibernate.HibernateException: Access to DialectResolutionInfo cannot be null when 'hibernate.dialect' not set
	at org.hibernate.engine.jdbc.dialect.internal.DialectFactoryImpl.determineDialect(DialectFactoryImpl.java:100)
	at org.hibernate.engine.jdbc.dialect.internal.DialectFactoryImpl.buildDialect(DialectFactoryImpl.java:54)
	at org.hibernate.engine.jdbc.env.internal.JdbcEnvironmentInitiator.initiateService(JdbcEnvironmentInitiator.java:138)
	at org.hibernate.engine.jdbc.env.internal.JdbcEnvironmentInitiator.initiateService(JdbcEnvironmentInitiator.java:35)
	at org.hibernate.boot.registry.internal.StandardServiceRegistryImpl.initiateService(StandardServiceRegistryImpl.java:101)
	at org.hibernate.service.internal.AbstractServiceRegistryImpl.createService(AbstractServiceRegistryImpl.java:263)
	... 33 common frames omitted

2025-01-24 16:51:14.868  INFO [za.co.woolworths.itemkafka_poc.KafkaItemProducerPocApplication:55] Starting KafkaItemProducerPocApplication using Java 15.0.2 on W49204302 with PID 22092 (C:\Workspaces\Item-Kafka-Producer-POC\Item-Kafka-Producer-POC\target\classes started by W7178930 in C:\Workspaces\Item-Kafka-Producer-POC\Item-Kafka-Producer-POC) 
2025-01-24 16:51:14.873  INFO [za.co.woolworths.itemkafka_poc.KafkaItemProducerPocApplication:640] The following 2 profiles are active: "swagger", "dev" 
2025-01-24 16:51:15.770  INFO [org.springframework.data.repository.config.RepositoryConfigurationDelegate:132] Bootstrapping Spring Data JPA repositories in DEFAULT mode. 
2025-01-24 16:51:15.826  INFO [org.springframework.data.repository.config.RepositoryConfigurationDelegate:201] Finished Spring Data repository scanning in 46 ms. Found 1 JPA repository interfaces. 
2025-01-24 16:51:16.534  INFO [org.springframework.boot.web.embedded.tomcat.TomcatWebServer:108] Tomcat initialized with port(s): 8081 (http) 
2025-01-24 16:51:16.541  INFO [org.apache.coyote.http11.Http11NioProtocol:173] Initializing ProtocolHandler ["http-nio-8081"] 
2025-01-24 16:51:16.542  INFO [org.apache.catalina.core.StandardService:173] Starting service [Tomcat] 
2025-01-24 16:51:16.542  INFO [org.apache.catalina.core.StandardEngine:173] Starting Servlet engine: [Apache Tomcat/9.0.64] 
2025-01-24 16:51:16.681  INFO [org.apache.catalina.core.ContainerBase.[Tomcat].[localhost].[/]:173] Initializing Spring embedded WebApplicationContext 
2025-01-24 16:51:16.681  INFO [org.springframework.boot.web.servlet.context.ServletWebServerApplicationContext:292] Root WebApplicationContext: initialization completed in 1755 ms 
2025-01-24 16:51:17.076  INFO [com.zaxxer.hikari.HikariDataSource:110] HikariPool-1 - Starting... 
2025-01-24 16:51:17.818  INFO [com.zaxxer.hikari.HikariDataSource:123] HikariPool-1 - Start completed. 
2025-01-24 16:51:17.860  INFO [org.hibernate.jpa.internal.util.LogHelper:31] HHH000204: Processing PersistenceUnitInfo [name: default] 
2025-01-24 16:51:17.909  INFO [org.hibernate.Version:44] HHH000412: Hibernate ORM core version 5.6.9.Final 
2025-01-24 16:51:18.083  INFO [org.hibernate.annotations.common.Version:56] HCANN000001: Hibernate Commons Annotations {5.1.2.Final} 
2025-01-24 16:51:18.233  INFO [org.hibernate.dialect.Dialect:175] HHH000400: Using dialect: org.hibernate.dialect.SQLServer2016Dialect 
2025-01-24 16:51:18.753  INFO [org.hibernate.engine.transaction.jta.platform.internal.JtaPlatformInitiator:52] HHH000490: Using JtaPlatform implementation: [org.hibernate.engine.transaction.jta.platform.internal.NoJtaPlatform] 
2025-01-24 16:51:18.759  INFO [org.springframework.orm.jpa.LocalContainerEntityManagerFactoryBean:437] Initialized JPA EntityManagerFactory for persistence unit 'default' 
2025-01-24 16:51:19.495  WARN [org.springframework.boot.autoconfigure.orm.jpa.JpaBaseConfiguration$JpaWebConfiguration:219] spring.jpa.open-in-view is enabled by default. Therefore, database queries may be performed during view rendering. Explicitly configure spring.jpa.open-in-view to disable this warning 
2025-01-24 16:51:19.588 DEBUG [org.springframework.web.servlet.mvc.method.annotation.RequestMappingHandlerMapping:367] 11 mappings in 'requestMappingHandlerMapping' 
2025-01-24 16:51:19.875 DEBUG [org.springframework.web.servlet.handler.SimpleUrlHandlerMapping:188] Patterns [/agent/swagger-ui*/**] in 'resourceHandlerMapping' 
2025-01-24 16:51:19.928 DEBUG [org.springframework.web.servlet.mvc.method.annotation.RequestMappingHandlerAdapter:625] ControllerAdvice beans: 0 @ModelAttribute, 0 @InitBinder, 1 RequestBodyAdvice, 1 ResponseBodyAdvice 
2025-01-24 16:51:19.973 DEBUG [org.springframework.web.servlet.mvc.method.annotation.ExceptionHandlerExceptionResolver:307] ControllerAdvice beans: 1 @ExceptionHandler, 1 ResponseBodyAdvice 
2025-01-24 16:51:20.420  INFO [org.springframework.boot.actuate.endpoint.web.EndpointLinksResolver:58] Exposing 1 endpoint(s) beneath base path '/actuator' 
2025-01-24 16:51:20.585  INFO [org.apache.kafka.clients.consumer.ConsumerConfig:376] ConsumerConfig values: 
	allow.auto.create.topics = true
	auto.commit.interval.ms = 5000
	auto.offset.reset = latest
	bootstrap.servers = [localhost:9092]
	check.crcs = true
	client.dns.lookup = use_all_dns_ips
	client.id = consumer-item_group-1
	client.rack = 
	connections.max.idle.ms = 540000
	default.api.timeout.ms = 60000
	enable.auto.commit = false
	exclude.internal.topics = true
	fetch.max.bytes = 52428800
	fetch.max.wait.ms = 500
	fetch.min.bytes = 1
	group.id = item_group
	group.instance.id = null
	heartbeat.interval.ms = 3000
	interceptor.classes = []
	internal.leave.group.on.close = true
	internal.throw.on.fetch.stable.offset.unsupported = false
	isolation.level = read_uncommitted
	key.deserializer = class org.apache.kafka.common.serialization.StringDeserializer
	max.partition.fetch.bytes = 1048576
	max.poll.interval.ms = 300000
	max.poll.records = 500
	metadata.max.age.ms = 300000
	metric.reporters = []
	metrics.num.samples = 2
	metrics.recording.level = INFO
	metrics.sample.window.ms = 30000
	partition.assignment.strategy = [class org.apache.kafka.clients.consumer.RangeAssignor, class org.apache.kafka.clients.consumer.CooperativeStickyAssignor]
	receive.buffer.bytes = 65536
	reconnect.backoff.max.ms = 1000
	reconnect.backoff.ms = 50
	request.timeout.ms = 30000
	retry.backoff.ms = 100
	sasl.client.callback.handler.class = null
	sasl.jaas.config = null
	sasl.kerberos.kinit.cmd = /usr/bin/kinit
	sasl.kerberos.min.time.before.relogin = 60000
	sasl.kerberos.service.name = null
	sasl.kerberos.ticket.renew.jitter = 0.05
	sasl.kerberos.ticket.renew.window.factor = 0.8
	sasl.login.callback.handler.class = null
	sasl.login.class = null
	sasl.login.connect.timeout.ms = null
	sasl.login.read.timeout.ms = null
	sasl.login.refresh.buffer.seconds = 300
	sasl.login.refresh.min.period.seconds = 60
	sasl.login.refresh.window.factor = 0.8
	sasl.login.refresh.window.jitter = 0.05
	sasl.login.retry.backoff.max.ms = 10000
	sasl.login.retry.backoff.ms = 100
	sasl.mechanism = GSSAPI
	sasl.oauthbearer.clock.skew.seconds = 30
	sasl.oauthbearer.expected.audience = null
	sasl.oauthbearer.expected.issuer = null
	sasl.oauthbearer.jwks.endpoint.refresh.ms = 3600000
	sasl.oauthbearer.jwks.endpoint.retry.backoff.max.ms = 10000
	sasl.oauthbearer.jwks.endpoint.retry.backoff.ms = 100
	sasl.oauthbearer.jwks.endpoint.url = null
	sasl.oauthbearer.scope.claim.name = scope
	sasl.oauthbearer.sub.claim.name = sub
	sasl.oauthbearer.token.endpoint.url = null
	security.protocol = PLAINTEXT
	security.providers = null
	send.buffer.bytes = 131072
	session.timeout.ms = 45000
	socket.connection.setup.timeout.max.ms = 30000
	socket.connection.setup.timeout.ms = 10000
	ssl.cipher.suites = null
	ssl.enabled.protocols = [TLSv1.2, TLSv1.3]
	ssl.endpoint.identification.algorithm = https
	ssl.engine.factory.class = null
	ssl.key.password = null
	ssl.keymanager.algorithm = SunX509
	ssl.keystore.certificate.chain = null
	ssl.keystore.key = null
	ssl.keystore.location = null
	ssl.keystore.password = null
	ssl.keystore.type = JKS
	ssl.protocol = TLSv1.3
	ssl.provider = null
	ssl.secure.random.implementation = null
	ssl.trustmanager.algorithm = PKIX
	ssl.truststore.certificates = null
	ssl.truststore.location = null
	ssl.truststore.password = null
	ssl.truststore.type = JKS
	value.deserializer = class org.apache.kafka.common.serialization.StringDeserializer
 
2025-01-24 16:51:20.817  INFO [org.apache.kafka.common.utils.AppInfoParser:119] Kafka version: 3.1.1 
2025-01-24 16:51:20.818  INFO [org.apache.kafka.common.utils.AppInfoParser:120] Kafka commitId: 97671528ba54a138 
2025-01-24 16:51:20.818  INFO [org.apache.kafka.common.utils.AppInfoParser:121] Kafka startTimeMs: 1737730280815 
2025-01-24 16:51:20.822  INFO [org.apache.kafka.clients.consumer.KafkaConsumer:966] [Consumer clientId=consumer-item_group-1, groupId=item_group] Subscribed to topic(s): Item_Topic 
2025-01-24 16:51:20.835  INFO [org.apache.kafka.clients.consumer.ConsumerConfig:376] ConsumerConfig values: 
	allow.auto.create.topics = true
	auto.commit.interval.ms = 5000
	auto.offset.reset = latest
	bootstrap.servers = [localhost:9092]
	check.crcs = true
	client.dns.lookup = use_all_dns_ips
	client.id = consumer-item_group-2
	client.rack = 
	connections.max.idle.ms = 540000
	default.api.timeout.ms = 60000
	enable.auto.commit = false
	exclude.internal.topics = true
	fetch.max.bytes = 52428800
	fetch.max.wait.ms = 500
	fetch.min.bytes = 1
	group.id = item_group
	group.instance.id = null
	heartbeat.interval.ms = 3000
	interceptor.classes = []
	internal.leave.group.on.close = true
	internal.throw.on.fetch.stable.offset.unsupported = false
	isolation.level = read_uncommitted
	key.deserializer = class org.apache.kafka.common.serialization.StringDeserializer
	max.partition.fetch.bytes = 1048576
	max.poll.interval.ms = 300000
	max.poll.records = 500
	metadata.max.age.ms = 300000
	metric.reporters = []
	metrics.num.samples = 2
	metrics.recording.level = INFO
	metrics.sample.window.ms = 30000
	partition.assignment.strategy = [class org.apache.kafka.clients.consumer.RangeAssignor, class org.apache.kafka.clients.consumer.CooperativeStickyAssignor]
	receive.buffer.bytes = 65536
	reconnect.backoff.max.ms = 1000
	reconnect.backoff.ms = 50
	request.timeout.ms = 30000
	retry.backoff.ms = 100
	sasl.client.callback.handler.class = null
	sasl.jaas.config = null
	sasl.kerberos.kinit.cmd = /usr/bin/kinit
	sasl.kerberos.min.time.before.relogin = 60000
	sasl.kerberos.service.name = null
	sasl.kerberos.ticket.renew.jitter = 0.05
	sasl.kerberos.ticket.renew.window.factor = 0.8
	sasl.login.callback.handler.class = null
	sasl.login.class = null
	sasl.login.connect.timeout.ms = null
	sasl.login.read.timeout.ms = null
	sasl.login.refresh.buffer.seconds = 300
	sasl.login.refresh.min.period.seconds = 60
	sasl.login.refresh.window.factor = 0.8
	sasl.login.refresh.window.jitter = 0.05
	sasl.login.retry.backoff.max.ms = 10000
	sasl.login.retry.backoff.ms = 100
	sasl.mechanism = GSSAPI
	sasl.oauthbearer.clock.skew.seconds = 30
	sasl.oauthbearer.expected.audience = null
	sasl.oauthbearer.expected.issuer = null
	sasl.oauthbearer.jwks.endpoint.refresh.ms = 3600000
	sasl.oauthbearer.jwks.endpoint.retry.backoff.max.ms = 10000
	sasl.oauthbearer.jwks.endpoint.retry.backoff.ms = 100
	sasl.oauthbearer.jwks.endpoint.url = null
	sasl.oauthbearer.scope.claim.name = scope
	sasl.oauthbearer.sub.claim.name = sub
	sasl.oauthbearer.token.endpoint.url = null
	security.protocol = PLAINTEXT
	security.providers = null
	send.buffer.bytes = 131072
	session.timeout.ms = 45000
	socket.connection.setup.timeout.max.ms = 30000
	socket.connection.setup.timeout.ms = 10000
	ssl.cipher.suites = null
	ssl.enabled.protocols = [TLSv1.2, TLSv1.3]
	ssl.endpoint.identification.algorithm = https
	ssl.engine.factory.class = null
	ssl.key.password = null
	ssl.keymanager.algorithm = SunX509
	ssl.keystore.certificate.chain = null
	ssl.keystore.key = null
	ssl.keystore.location = null
	ssl.keystore.password = null
	ssl.keystore.type = JKS
	ssl.protocol = TLSv1.3
	ssl.provider = null
	ssl.secure.random.implementation = null
	ssl.trustmanager.algorithm = PKIX
	ssl.truststore.certificates = null
	ssl.truststore.location = null
	ssl.truststore.password = null
	ssl.truststore.type = JKS
	value.deserializer = class org.apache.kafka.common.serialization.StringDeserializer
 
2025-01-24 16:51:20.842  INFO [org.apache.kafka.common.utils.AppInfoParser:119] Kafka version: 3.1.1 
2025-01-24 16:51:20.843  INFO [org.apache.kafka.common.utils.AppInfoParser:120] Kafka commitId: 97671528ba54a138 
2025-01-24 16:51:20.843  INFO [org.apache.kafka.common.utils.AppInfoParser:121] Kafka startTimeMs: 1737730280842 
2025-01-24 16:51:20.843  INFO [org.apache.kafka.clients.consumer.KafkaConsumer:966] [Consumer clientId=consumer-item_group-2, groupId=item_group] Subscribed to topic(s): Item_Topic 
2025-01-24 16:51:20.847  INFO [org.apache.kafka.clients.consumer.ConsumerConfig:376] ConsumerConfig values: 
	allow.auto.create.topics = true
	auto.commit.interval.ms = 5000
	auto.offset.reset = latest
	bootstrap.servers = [localhost:9092]
	check.crcs = true
	client.dns.lookup = use_all_dns_ips
	client.id = consumer-item_group-3
	client.rack = 
	connections.max.idle.ms = 540000
	default.api.timeout.ms = 60000
	enable.auto.commit = false
	exclude.internal.topics = true
	fetch.max.bytes = 52428800
	fetch.max.wait.ms = 500
	fetch.min.bytes = 1
	group.id = item_group
	group.instance.id = null
	heartbeat.interval.ms = 3000
	interceptor.classes = []
	internal.leave.group.on.close = true
	internal.throw.on.fetch.stable.offset.unsupported = false
	isolation.level = read_uncommitted
	key.deserializer = class org.apache.kafka.common.serialization.StringDeserializer
	max.partition.fetch.bytes = 1048576
	max.poll.interval.ms = 300000
	max.poll.records = 500
	metadata.max.age.ms = 300000
	metric.reporters = []
	metrics.num.samples = 2
	metrics.recording.level = INFO
	metrics.sample.window.ms = 30000
	partition.assignment.strategy = [class org.apache.kafka.clients.consumer.RangeAssignor, class org.apache.kafka.clients.consumer.CooperativeStickyAssignor]
	receive.buffer.bytes = 65536
	reconnect.backoff.max.ms = 1000
	reconnect.backoff.ms = 50
	request.timeout.ms = 30000
	retry.backoff.ms = 100
	sasl.client.callback.handler.class = null
	sasl.jaas.config = null
	sasl.kerberos.kinit.cmd = /usr/bin/kinit
	sasl.kerberos.min.time.before.relogin = 60000
	sasl.kerberos.service.name = null
	sasl.kerberos.ticket.renew.jitter = 0.05
	sasl.kerberos.ticket.renew.window.factor = 0.8
	sasl.login.callback.handler.class = null
	sasl.login.class = null
	sasl.login.connect.timeout.ms = null
	sasl.login.read.timeout.ms = null
	sasl.login.refresh.buffer.seconds = 300
	sasl.login.refresh.min.period.seconds = 60
	sasl.login.refresh.window.factor = 0.8
	sasl.login.refresh.window.jitter = 0.05
	sasl.login.retry.backoff.max.ms = 10000
	sasl.login.retry.backoff.ms = 100
	sasl.mechanism = GSSAPI
	sasl.oauthbearer.clock.skew.seconds = 30
	sasl.oauthbearer.expected.audience = null
	sasl.oauthbearer.expected.issuer = null
	sasl.oauthbearer.jwks.endpoint.refresh.ms = 3600000
	sasl.oauthbearer.jwks.endpoint.retry.backoff.max.ms = 10000
	sasl.oauthbearer.jwks.endpoint.retry.backoff.ms = 100
	sasl.oauthbearer.jwks.endpoint.url = null
	sasl.oauthbearer.scope.claim.name = scope
	sasl.oauthbearer.sub.claim.name = sub
	sasl.oauthbearer.token.endpoint.url = null
	security.protocol = PLAINTEXT
	security.providers = null
	send.buffer.bytes = 131072
	session.timeout.ms = 45000
	socket.connection.setup.timeout.max.ms = 30000
	socket.connection.setup.timeout.ms = 10000
	ssl.cipher.suites = null
	ssl.enabled.protocols = [TLSv1.2, TLSv1.3]
	ssl.endpoint.identification.algorithm = https
	ssl.engine.factory.class = null
	ssl.key.password = null
	ssl.keymanager.algorithm = SunX509
	ssl.keystore.certificate.chain = null
	ssl.keystore.key = null
	ssl.keystore.location = null
	ssl.keystore.password = null
	ssl.keystore.type = JKS
	ssl.protocol = TLSv1.3
	ssl.provider = null
	ssl.secure.random.implementation = null
	ssl.trustmanager.algorithm = PKIX
	ssl.truststore.certificates = null
	ssl.truststore.location = null
	ssl.truststore.password = null
	ssl.truststore.type = JKS
	value.deserializer = class org.apache.kafka.common.serialization.StringDeserializer
 
2025-01-24 16:51:20.860  INFO [org.apache.kafka.common.utils.AppInfoParser:119] Kafka version: 3.1.1 
2025-01-24 16:51:20.861  INFO [org.apache.kafka.common.utils.AppInfoParser:120] Kafka commitId: 97671528ba54a138 
2025-01-24 16:51:20.861  INFO [org.apache.kafka.common.utils.AppInfoParser:121] Kafka startTimeMs: 1737730280860 
2025-01-24 16:51:20.862  INFO [org.apache.kafka.clients.consumer.KafkaConsumer:966] [Consumer clientId=consumer-item_group-3, groupId=item_group] Subscribed to topic(s): Item_Topic 
2025-01-24 16:51:20.865  INFO [org.apache.coyote.http11.Http11NioProtocol:173] Starting ProtocolHandler ["http-nio-8081"] 
2025-01-24 16:51:20.883  INFO [org.springframework.boot.web.embedded.tomcat.TomcatWebServer:220] Tomcat started on port(s): 8081 (http) with context path '' 
2025-01-24 16:51:20.914  INFO [za.co.woolworths.itemkafka_poc.KafkaItemProducerPocApplication:61] Started KafkaItemProducerPocApplication in 6.464 seconds (JVM running for 6.885) 
2025-01-24 16:51:23.134  INFO [org.apache.kafka.clients.NetworkClient:935] [Consumer clientId=consumer-item_group-1, groupId=item_group] Node -1 disconnected. 
2025-01-24 16:51:23.135  INFO [org.apache.kafka.clients.NetworkClient:935] [Consumer clientId=consumer-item_group-2, groupId=item_group] Node -1 disconnected. 
2025-01-24 16:51:23.136  INFO [org.apache.kafka.clients.NetworkClient:935] [Consumer clientId=consumer-item_group-3, groupId=item_group] Node -1 disconnected. 
2025-01-24 16:51:23.138  WARN [org.apache.kafka.clients.NetworkClient:775] [Consumer clientId=consumer-item_group-1, groupId=item_group] Connection to node -1 (localhost/127.0.0.1:9092) could not be established. Broker may not be available. 
2025-01-24 16:51:23.138  WARN [org.apache.kafka.clients.NetworkClient:775] [Consumer clientId=consumer-item_group-2, groupId=item_group] Connection to node -1 (localhost/127.0.0.1:9092) could not be established. Broker may not be available. 
2025-01-24 16:51:23.139  WARN [org.apache.kafka.clients.NetworkClient:775] [Consumer clientId=consumer-item_group-3, groupId=item_group] Connection to node -1 (localhost/127.0.0.1:9092) could not be established. Broker may not be available. 
2025-01-24 16:51:23.139  WARN [org.apache.kafka.clients.NetworkClient:1063] [Consumer clientId=consumer-item_group-1, groupId=item_group] Bootstrap broker localhost:9092 (id: -1 rack: null) disconnected 
2025-01-24 16:51:23.140  WARN [org.apache.kafka.clients.NetworkClient:1063] [Consumer clientId=consumer-item_group-3, groupId=item_group] Bootstrap broker localhost:9092 (id: -1 rack: null) disconnected 
2025-01-24 16:51:23.139  WARN [org.apache.kafka.clients.NetworkClient:1063] [Consumer clientId=consumer-item_group-2, groupId=item_group] Bootstrap broker localhost:9092 (id: -1 rack: null) disconnected 
2025-01-24 16:51:25.286  INFO [org.apache.kafka.clients.NetworkClient:935] [Consumer clientId=consumer-item_group-1, groupId=item_group] Node -1 disconnected. 
2025-01-24 16:51:25.286  INFO [org.apache.kafka.clients.NetworkClient:935] [Consumer clientId=consumer-item_group-3, groupId=item_group] Node -1 disconnected. 
2025-01-24 16:51:25.286  INFO [org.apache.kafka.clients.NetworkClient:935] [Consumer clientId=consumer-item_group-2, groupId=item_group] Node -1 disconnected. 
2025-01-24 16:51:25.287  WARN [org.apache.kafka.clients.NetworkClient:775] [Consumer clientId=consumer-item_group-1, groupId=item_group] Connection to node -1 (localhost/127.0.0.1:9092) could not be established. Broker may not be available. 
2025-01-24 16:51:25.287  WARN [org.apache.kafka.clients.NetworkClient:775] [Consumer clientId=consumer-item_group-3, groupId=item_group] Connection to node -1 (localhost/127.0.0.1:9092) could not be established. Broker may not be available. 
2025-01-24 16:51:25.288  WARN [org.apache.kafka.clients.NetworkClient:775] [Consumer clientId=consumer-item_group-2, groupId=item_group] Connection to node -1 (localhost/127.0.0.1:9092) could not be established. Broker may not be available. 
2025-01-24 16:51:25.288  WARN [org.apache.kafka.clients.NetworkClient:1063] [Consumer clientId=consumer-item_group-1, groupId=item_group] Bootstrap broker localhost:9092 (id: -1 rack: null) disconnected 
2025-01-24 16:51:25.288  WARN [org.apache.kafka.clients.NetworkClient:1063] [Consumer clientId=consumer-item_group-3, groupId=item_group] Bootstrap broker localhost:9092 (id: -1 rack: null) disconnected 
2025-01-24 16:51:25.288  WARN [org.apache.kafka.clients.NetworkClient:1063] [Consumer clientId=consumer-item_group-2, groupId=item_group] Bootstrap broker localhost:9092 (id: -1 rack: null) disconnected 
2025-01-24 16:51:27.436  INFO [org.apache.kafka.clients.NetworkClient:935] [Consumer clientId=consumer-item_group-3, groupId=item_group] Node -1 disconnected. 
2025-01-24 16:51:27.436  INFO [org.apache.kafka.clients.NetworkClient:935] [Consumer clientId=consumer-item_group-1, groupId=item_group] Node -1 disconnected. 
2025-01-24 16:51:27.437  INFO [org.apache.kafka.clients.NetworkClient:935] [Consumer clientId=consumer-item_group-2, groupId=item_group] Node -1 disconnected. 
2025-01-24 16:51:27.438  WARN [org.apache.kafka.clients.NetworkClient:775] [Consumer clientId=consumer-item_group-1, groupId=item_group] Connection to node -1 (localhost/127.0.0.1:9092) could not be established. Broker may not be available. 
2025-01-24 16:51:27.438  WARN [org.apache.kafka.clients.NetworkClient:775] [Consumer clientId=consumer-item_group-2, groupId=item_group] Connection to node -1 (localhost/127.0.0.1:9092) could not be established. Broker may not be available. 
2025-01-24 16:51:27.439  WARN [org.apache.kafka.clients.NetworkClient:1063] [Consumer clientId=consumer-item_group-1, groupId=item_group] Bootstrap broker localhost:9092 (id: -1 rack: null) disconnected 
2025-01-24 16:51:27.438  WARN [org.apache.kafka.clients.NetworkClient:775] [Consumer clientId=consumer-item_group-3, groupId=item_group] Connection to node -1 (localhost/127.0.0.1:9092) could not be established. Broker may not be available. 
2025-01-24 16:51:27.440  WARN [org.apache.kafka.clients.NetworkClient:1063] [Consumer clientId=consumer-item_group-3, groupId=item_group] Bootstrap broker localhost:9092 (id: -1 rack: null) disconnected 
2025-01-24 16:51:27.439  WARN [org.apache.kafka.clients.NetworkClient:1063] [Consumer clientId=consumer-item_group-2, groupId=item_group] Bootstrap broker localhost:9092 (id: -1 rack: null) disconnected 
2025-01-24 16:51:29.714  INFO [org.apache.kafka.clients.NetworkClient:935] [Consumer clientId=consumer-item_group-3, groupId=item_group] Node -1 disconnected. 
2025-01-24 16:51:29.715  WARN [org.apache.kafka.clients.NetworkClient:775] [Consumer clientId=consumer-item_group-3, groupId=item_group] Connection to node -1 (localhost/127.0.0.1:9092) could not be established. Broker may not be available. 
2025-01-24 16:51:29.716  WARN [org.apache.kafka.clients.NetworkClient:1063] [Consumer clientId=consumer-item_group-3, groupId=item_group] Bootstrap broker localhost:9092 (id: -1 rack: null) disconnected 
2025-01-24 16:51:29.729  INFO [org.apache.kafka.clients.NetworkClient:935] [Consumer clientId=consumer-item_group-1, groupId=item_group] Node -1 disconnected. 
2025-01-24 16:51:29.729  INFO [org.apache.kafka.clients.NetworkClient:935] [Consumer clientId=consumer-item_group-2, groupId=item_group] Node -1 disconnected. 
2025-01-24 16:51:29.731  WARN [org.apache.kafka.clients.NetworkClient:775] [Consumer clientId=consumer-item_group-1, groupId=item_group] Connection to node -1 (localhost/127.0.0.1:9092) could not be established. Broker may not be available. 
2025-01-24 16:51:29.731  WARN [org.apache.kafka.clients.NetworkClient:775] [Consumer clientId=consumer-item_group-2, groupId=item_group] Connection to node -1 (localhost/127.0.0.1:9092) could not be established. Broker may not be available. 
2025-01-24 16:51:29.731  WARN [org.apache.kafka.clients.NetworkClient:1063] [Consumer clientId=consumer-item_group-1, groupId=item_group] Bootstrap broker localhost:9092 (id: -1 rack: null) disconnected 
2025-01-24 16:51:29.732  WARN [org.apache.kafka.clients.NetworkClient:1063] [Consumer clientId=consumer-item_group-2, groupId=item_group] Bootstrap broker localhost:9092 (id: -1 rack: null) disconnected 
2025-01-24 16:51:30.034  INFO [org.apache.catalina.core.ContainerBase.[Tomcat].[localhost].[/]:173] Initializing Spring DispatcherServlet 'dispatcherServlet' 
2025-01-24 16:51:30.034  INFO [org.springframework.web.servlet.DispatcherServlet:525] Initializing Servlet 'dispatcherServlet' 
2025-01-24 16:51:30.034 DEBUG [org.springframework.web.servlet.DispatcherServlet:520] Detected StandardServletMultipartResolver 
2025-01-24 16:51:30.034 DEBUG [org.springframework.web.servlet.DispatcherServlet:544] Detected AcceptHeaderLocaleResolver 
2025-01-24 16:51:30.035 DEBUG [org.springframework.web.servlet.DispatcherServlet:569] Detected FixedThemeResolver 
2025-01-24 16:51:30.036 DEBUG [org.springframework.web.servlet.DispatcherServlet:719] Detected org.springframework.web.servlet.view.DefaultRequestToViewNameTranslator@74159dc9 
2025-01-24 16:51:30.036 DEBUG [org.springframework.web.servlet.DispatcherServlet:783] Detected org.springframework.web.servlet.support.SessionFlashMapManager@706c2726 
2025-01-24 16:51:30.036 DEBUG [org.springframework.web.servlet.DispatcherServlet:542] enableLoggingRequestDetails='false': request parameters and headers will be masked to prevent unsafe logging of potentially sensitive data 
2025-01-24 16:51:30.036  INFO [org.springframework.web.servlet.DispatcherServlet:547] Completed initialization in 2 ms 
2025-01-24 16:51:30.043 DEBUG [org.springframework.web.servlet.DispatcherServlet:119] POST "/item-kafka/app/publish-items/v1", parameters={} 
2025-01-24 16:51:30.051 DEBUG [org.springframework.web.servlet.mvc.method.annotation.RequestMappingHandlerMapping:522] Mapped to za.co.woolworths.itemkafka_poc.controller.ItemProducerController#createItemKafkaTopic() 
2025-01-24 16:51:43.757  INFO [org.apache.kafka.clients.NetworkClient:935] [Consumer clientId=consumer-item_group-3, groupId=item_group] Node -1 disconnected. 
2025-01-24 16:51:57.207  WARN [org.apache.kafka.clients.NetworkClient:775] [Consumer clientId=consumer-item_group-3, groupId=item_group] Connection to node -1 (localhost/127.0.0.1:9092) could not be established. Broker may not be available. 
2025-01-24 16:51:57.208  WARN [org.apache.kafka.clients.NetworkClient:1063] [Consumer clientId=consumer-item_group-3, groupId=item_group] Bootstrap broker localhost:9092 (id: -1 rack: null) disconnected 
2025-01-24 16:51:43.757  INFO [org.apache.kafka.clients.NetworkClient:935] [Consumer clientId=consumer-item_group-1, groupId=item_group] Node -1 disconnected. 
2025-01-24 16:51:57.214  WARN [org.apache.kafka.clients.NetworkClient:775] [Consumer clientId=consumer-item_group-1, groupId=item_group] Connection to node -1 (localhost/127.0.0.1:9092) could not be established. Broker may not be available. 
2025-01-24 16:51:43.757  INFO [org.apache.kafka.clients.NetworkClient:935] [Consumer clientId=consumer-item_group-2, groupId=item_group] Node -1 disconnected. 
2025-01-24 16:51:57.215  WARN [org.apache.kafka.clients.NetworkClient:1063] [Consumer clientId=consumer-item_group-1, groupId=item_group] Bootstrap broker localhost:9092 (id: -1 rack: null) disconnected 
2025-01-24 16:51:57.219  WARN [org.apache.kafka.clients.NetworkClient:775] [Consumer clientId=consumer-item_group-2, groupId=item_group] Connection to node -1 (localhost/127.0.0.1:9092) could not be established. Broker may not be available. 
2025-01-24 16:51:57.220  WARN [org.apache.kafka.clients.NetworkClient:1063] [Consumer clientId=consumer-item_group-2, groupId=item_group] Bootstrap broker localhost:9092 (id: -1 rack: null) disconnected 
2025-01-24 16:51:57.230  INFO [org.apache.kafka.clients.producer.ProducerConfig:376] ProducerConfig values: 
	acks = -1
	batch.size = 16384
	bootstrap.servers = [localhost:9092]
	buffer.memory = 33554432
	client.dns.lookup = use_all_dns_ips
	client.id = producer-1
	compression.type = none
	connections.max.idle.ms = 540000
	delivery.timeout.ms = 120000
	enable.idempotence = true
	interceptor.classes = []
	key.serializer = class org.apache.kafka.common.serialization.StringSerializer
	linger.ms = 0
	max.block.ms = 60000
	max.in.flight.requests.per.connection = 5
	max.request.size = 1048576
	metadata.max.age.ms = 300000
	metadata.max.idle.ms = 300000
	metric.reporters = []
	metrics.num.samples = 2
	metrics.recording.level = INFO
	metrics.sample.window.ms = 30000
	partitioner.class = class org.apache.kafka.clients.producer.internals.DefaultPartitioner
	receive.buffer.bytes = 32768
	reconnect.backoff.max.ms = 1000
	reconnect.backoff.ms = 50
	request.timeout.ms = 120000
	retries = 3
	retry.backoff.ms = 100
	sasl.client.callback.handler.class = null
	sasl.jaas.config = null
	sasl.kerberos.kinit.cmd = /usr/bin/kinit
	sasl.kerberos.min.time.before.relogin = 60000
	sasl.kerberos.service.name = null
	sasl.kerberos.ticket.renew.jitter = 0.05
	sasl.kerberos.ticket.renew.window.factor = 0.8
	sasl.login.callback.handler.class = null
	sasl.login.class = null
	sasl.login.connect.timeout.ms = null
	sasl.login.read.timeout.ms = null
	sasl.login.refresh.buffer.seconds = 300
	sasl.login.refresh.min.period.seconds = 60
	sasl.login.refresh.window.factor = 0.8
	sasl.login.refresh.window.jitter = 0.05
	sasl.login.retry.backoff.max.ms = 10000
	sasl.login.retry.backoff.ms = 100
	sasl.mechanism = GSSAPI
	sasl.oauthbearer.clock.skew.seconds = 30
	sasl.oauthbearer.expected.audience = null
	sasl.oauthbearer.expected.issuer = null
	sasl.oauthbearer.jwks.endpoint.refresh.ms = 3600000
	sasl.oauthbearer.jwks.endpoint.retry.backoff.max.ms = 10000
	sasl.oauthbearer.jwks.endpoint.retry.backoff.ms = 100
	sasl.oauthbearer.jwks.endpoint.url = null
	sasl.oauthbearer.scope.claim.name = scope
	sasl.oauthbearer.sub.claim.name = sub
	sasl.oauthbearer.token.endpoint.url = null
	security.protocol = PLAINTEXT
	security.providers = null
	send.buffer.bytes = 131072
	socket.connection.setup.timeout.max.ms = 30000
	socket.connection.setup.timeout.ms = 10000
	ssl.cipher.suites = null
	ssl.enabled.protocols = [TLSv1.2, TLSv1.3]
	ssl.endpoint.identification.algorithm = https
	ssl.engine.factory.class = null
	ssl.key.password = null
	ssl.keymanager.algorithm = SunX509
	ssl.keystore.certificate.chain = null
	ssl.keystore.key = null
	ssl.keystore.location = null
	ssl.keystore.password = null
	ssl.keystore.type = JKS
	ssl.protocol = TLSv1.3
	ssl.provider = null
	ssl.secure.random.implementation = null
	ssl.trustmanager.algorithm = PKIX
	ssl.truststore.certificates = null
	ssl.truststore.location = null
	ssl.truststore.password = null
	ssl.truststore.type = JKS
	transaction.timeout.ms = 60000
	transactional.id = null
	value.serializer = class org.apache.kafka.common.serialization.StringSerializer
 
2025-01-24 16:51:57.240  INFO [org.apache.kafka.clients.producer.KafkaProducer:572] [Producer clientId=producer-1] Instantiated an idempotent producer. 
2025-01-24 16:51:57.251  INFO [org.apache.kafka.common.utils.AppInfoParser:119] Kafka version: 3.1.1 
2025-01-24 16:51:57.252  INFO [org.apache.kafka.common.utils.AppInfoParser:120] Kafka commitId: 97671528ba54a138 
2025-01-24 16:51:57.252  INFO [org.apache.kafka.common.utils.AppInfoParser:121] Kafka startTimeMs: 1737730317251 
2025-01-24 16:51:59.239  INFO [org.apache.kafka.clients.NetworkClient:935] [Consumer clientId=consumer-item_group-3, groupId=item_group] Node -1 disconnected. 
2025-01-24 16:51:59.239  INFO [org.apache.kafka.clients.NetworkClient:935] [Consumer clientId=consumer-item_group-1, groupId=item_group] Node -1 disconnected. 
2025-01-24 16:51:59.239  INFO [org.apache.kafka.clients.NetworkClient:935] [Consumer clientId=consumer-item_group-2, groupId=item_group] Node -1 disconnected. 
2025-01-24 16:51:59.241  WARN [org.apache.kafka.clients.NetworkClient:775] [Consumer clientId=consumer-item_group-3, groupId=item_group] Connection to node -1 (localhost/127.0.0.1:9092) could not be established. Broker may not be available. 
2025-01-24 16:51:59.242  WARN [org.apache.kafka.clients.NetworkClient:775] [Consumer clientId=consumer-item_group-2, groupId=item_group] Connection to node -1 (localhost/127.0.0.1:9092) could not be established. Broker may not be available. 
2025-01-24 16:51:59.241  WARN [org.apache.kafka.clients.NetworkClient:775] [Consumer clientId=consumer-item_group-1, groupId=item_group] Connection to node -1 (localhost/127.0.0.1:9092) could not be established. Broker may not be available. 
2025-01-24 16:51:59.242  WARN [org.apache.kafka.clients.NetworkClient:1063] [Consumer clientId=consumer-item_group-3, groupId=item_group] Bootstrap broker localhost:9092 (id: -1 rack: null) disconnected 
2025-01-24 16:51:59.243  WARN [org.apache.kafka.clients.NetworkClient:1063] [Consumer clientId=consumer-item_group-1, groupId=item_group] Bootstrap broker localhost:9092 (id: -1 rack: null) disconnected 
2025-01-24 16:51:59.243  WARN [org.apache.kafka.clients.NetworkClient:1063] [Consumer clientId=consumer-item_group-2, groupId=item_group] Bootstrap broker localhost:9092 (id: -1 rack: null) disconnected 
2025-01-24 16:51:59.288  INFO [org.apache.kafka.clients.NetworkClient:935] [Producer clientId=producer-1] Node -1 disconnected. 
2025-01-24 16:51:59.289  WARN [org.apache.kafka.clients.NetworkClient:775] [Producer clientId=producer-1] Connection to node -1 (localhost/127.0.0.1:9092) could not be established. Broker may not be available. 
2025-01-24 16:51:59.290  WARN [org.apache.kafka.clients.NetworkClient:1063] [Producer clientId=producer-1] Bootstrap broker localhost:9092 (id: -1 rack: null) disconnected 
2025-01-24 16:52:01.452  INFO [org.apache.kafka.clients.NetworkClient:935] [Producer clientId=producer-1] Node -1 disconnected. 
2025-01-24 16:52:01.454  WARN [org.apache.kafka.clients.NetworkClient:775] [Producer clientId=producer-1] Connection to node -1 (localhost/127.0.0.1:9092) could not be established. Broker may not be available. 
2025-01-24 16:52:01.455  WARN [org.apache.kafka.clients.NetworkClient:1063] [Producer clientId=producer-1] Bootstrap broker localhost:9092 (id: -1 rack: null) disconnected 
2025-01-24 16:52:02.272  INFO [org.apache.kafka.clients.NetworkClient:935] [Consumer clientId=consumer-item_group-3, groupId=item_group] Node -1 disconnected. 
2025-01-24 16:52:02.274  WARN [org.apache.kafka.clients.NetworkClient:775] [Consumer clientId=consumer-item_group-3, groupId=item_group] Connection to node -1 (localhost/127.0.0.1:9092) could not be established. Broker may not be available. 
2025-01-24 16:52:02.274  WARN [org.apache.kafka.clients.NetworkClient:1063] [Consumer clientId=consumer-item_group-3, groupId=item_group] Bootstrap broker localhost:9092 (id: -1 rack: null) disconnected 
2025-01-24 16:52:02.381  INFO [org.apache.kafka.clients.NetworkClient:935] [Consumer clientId=consumer-item_group-1, groupId=item_group] Node -1 disconnected. 
2025-01-24 16:52:02.382  WARN [org.apache.kafka.clients.NetworkClient:775] [Consumer clientId=consumer-item_group-1, groupId=item_group] Connection to node -1 (localhost/127.0.0.1:9092) could not be established. Broker may not be available. 
2025-01-24 16:52:02.383  WARN [org.apache.kafka.clients.NetworkClient:1063] [Consumer clientId=consumer-item_group-1, groupId=item_group] Bootstrap broker localhost:9092 (id: -1 rack: null) disconnected 
2025-01-24 16:52:02.443  INFO [org.apache.kafka.clients.NetworkClient:935] [Consumer clientId=consumer-item_group-2, groupId=item_group] Node -1 disconnected. 
2025-01-24 16:52:02.444  WARN [org.apache.kafka.clients.NetworkClient:775] [Consumer clientId=consumer-item_group-2, groupId=item_group] Connection to node -1 (localhost/127.0.0.1:9092) could not be established. Broker may not be available. 
2025-01-24 16:52:02.445  WARN [org.apache.kafka.clients.NetworkClient:1063] [Consumer clientId=consumer-item_group-2, groupId=item_group] Bootstrap broker localhost:9092 (id: -1 rack: null) disconnected 
2025-01-24 16:52:03.589  INFO [org.apache.kafka.clients.NetworkClient:935] [Producer clientId=producer-1] Node -1 disconnected. 
2025-01-24 16:52:03.591  WARN [org.apache.kafka.clients.NetworkClient:775] [Producer clientId=producer-1] Connection to node -1 (localhost/127.0.0.1:9092) could not be established. Broker may not be available. 
2025-01-24 16:52:03.591  WARN [org.apache.kafka.clients.NetworkClient:1063] [Producer clientId=producer-1] Bootstrap broker localhost:9092 (id: -1 rack: null) disconnected 
2025-01-24 16:52:05.440  INFO [org.apache.kafka.clients.NetworkClient:935] [Consumer clientId=consumer-item_group-3, groupId=item_group] Node -1 disconnected. 
2025-01-24 16:52:05.441  WARN [org.apache.kafka.clients.NetworkClient:775] [Consumer clientId=consumer-item_group-3, groupId=item_group] Connection to node -1 (localhost/127.0.0.1:9092) could not be established. Broker may not be available. 
2025-01-24 16:52:05.442  WARN [org.apache.kafka.clients.NetworkClient:1063] [Consumer clientId=consumer-item_group-3, groupId=item_group] Bootstrap broker localhost:9092 (id: -1 rack: null) disconnected 
2025-01-24 16:52:05.548  INFO [org.apache.kafka.clients.NetworkClient:935] [Consumer clientId=consumer-item_group-2, groupId=item_group] Node -1 disconnected. 
2025-01-24 16:52:05.548  INFO [org.apache.kafka.clients.NetworkClient:935] [Consumer clientId=consumer-item_group-1, groupId=item_group] Node -1 disconnected. 
2025-01-24 16:52:05.550  WARN [org.apache.kafka.clients.NetworkClient:775] [Consumer clientId=consumer-item_group-2, groupId=item_group] Connection to node -1 (localhost/127.0.0.1:9092) could not be established. Broker may not be available. 
2025-01-24 16:52:05.550  WARN [org.apache.kafka.clients.NetworkClient:775] [Consumer clientId=consumer-item_group-1, groupId=item_group] Connection to node -1 (localhost/127.0.0.1:9092) could not be established. Broker may not be available. 
2025-01-24 16:52:05.551  WARN [org.apache.kafka.clients.NetworkClient:1063] [Consumer clientId=consumer-item_group-2, groupId=item_group] Bootstrap broker localhost:9092 (id: -1 rack: null) disconnected 
2025-01-24 16:52:05.551  WARN [org.apache.kafka.clients.NetworkClient:1063] [Consumer clientId=consumer-item_group-1, groupId=item_group] Bootstrap broker localhost:9092 (id: -1 rack: null) disconnected 
2025-01-24 16:52:05.873  INFO [org.apache.kafka.clients.NetworkClient:935] [Producer clientId=producer-1] Node -1 disconnected. 
2025-01-24 16:52:05.874  WARN [org.apache.kafka.clients.NetworkClient:775] [Producer clientId=producer-1] Connection to node -1 (localhost/127.0.0.1:9092) could not be established. Broker may not be available. 
2025-01-24 16:52:05.874  WARN [org.apache.kafka.clients.NetworkClient:1063] [Producer clientId=producer-1] Bootstrap broker localhost:9092 (id: -1 rack: null) disconnected 
2025-01-24 16:52:08.334  INFO [org.apache.kafka.clients.NetworkClient:935] [Producer clientId=producer-1] Node -1 disconnected. 
2025-01-24 16:52:08.336  WARN [org.apache.kafka.clients.NetworkClient:775] [Producer clientId=producer-1] Connection to node -1 (localhost/127.0.0.1:9092) could not be established. Broker may not be available. 
2025-01-24 16:52:08.337  WARN [org.apache.kafka.clients.NetworkClient:1063] [Producer clientId=producer-1] Bootstrap broker localhost:9092 (id: -1 rack: null) disconnected 
2025-01-24 16:52:08.584  INFO [org.apache.kafka.clients.NetworkClient:935] [Consumer clientId=consumer-item_group-3, groupId=item_group] Node -1 disconnected. 
2025-01-24 16:52:08.585  WARN [org.apache.kafka.clients.NetworkClient:775] [Consumer clientId=consumer-item_group-3, groupId=item_group] Connection to node -1 (localhost/127.0.0.1:9092) could not be established. Broker may not be available. 
2025-01-24 16:52:08.586  WARN [org.apache.kafka.clients.NetworkClient:1063] [Consumer clientId=consumer-item_group-3, groupId=item_group] Bootstrap broker localhost:9092 (id: -1 rack: null) disconnected 
2025-01-24 16:52:08.632  INFO [org.apache.kafka.clients.NetworkClient:935] [Consumer clientId=consumer-item_group-2, groupId=item_group] Node -1 disconnected. 
2025-01-24 16:52:08.633  WARN [org.apache.kafka.clients.NetworkClient:775] [Consumer clientId=consumer-item_group-2, groupId=item_group] Connection to node -1 (localhost/127.0.0.1:9092) could not be established. Broker may not be available. 
2025-01-24 16:52:08.634  WARN [org.apache.kafka.clients.NetworkClient:1063] [Consumer clientId=consumer-item_group-2, groupId=item_group] Bootstrap broker localhost:9092 (id: -1 rack: null) disconnected 
2025-01-24 16:52:08.694  INFO [org.apache.kafka.clients.NetworkClient:935] [Consumer clientId=consumer-item_group-1, groupId=item_group] Node -1 disconnected. 
2025-01-24 16:52:08.696  WARN [org.apache.kafka.clients.NetworkClient:775] [Consumer clientId=consumer-item_group-1, groupId=item_group] Connection to node -1 (localhost/127.0.0.1:9092) could not be established. Broker may not be available. 
2025-01-24 16:52:08.697  WARN [org.apache.kafka.clients.NetworkClient:1063] [Consumer clientId=consumer-item_group-1, groupId=item_group] Bootstrap broker localhost:9092 (id: -1 rack: null) disconnected 
2025-01-24 16:52:11.064  INFO [org.apache.kafka.clients.NetworkClient:935] [Producer clientId=producer-1] Node -1 disconnected. 
2025-01-24 16:52:11.065  WARN [org.apache.kafka.clients.NetworkClient:775] [Producer clientId=producer-1] Connection to node -1 (localhost/127.0.0.1:9092) could not be established. Broker may not be available. 
2025-01-24 16:52:11.066  WARN [org.apache.kafka.clients.NetworkClient:1063] [Producer clientId=producer-1] Bootstrap broker localhost:9092 (id: -1 rack: null) disconnected 
2025-01-24 16:52:11.551  INFO [org.apache.kafka.clients.NetworkClient:935] [Consumer clientId=consumer-item_group-3, groupId=item_group] Node -1 disconnected. 
2025-01-24 16:52:11.553  WARN [org.apache.kafka.clients.NetworkClient:775] [Consumer clientId=consumer-item_group-3, groupId=item_group] Connection to node -1 (localhost/127.0.0.1:9092) could not be established. Broker may not be available. 
2025-01-24 16:52:11.553  WARN [org.apache.kafka.clients.NetworkClient:1063] [Consumer clientId=consumer-item_group-3, groupId=item_group] Bootstrap broker localhost:9092 (id: -1 rack: null) disconnected 
2025-01-24 16:52:11.660  INFO [org.apache.kafka.clients.NetworkClient:935] [Consumer clientId=consumer-item_group-2, groupId=item_group] Node -1 disconnected. 
2025-01-24 16:52:11.662  WARN [org.apache.kafka.clients.NetworkClient:775] [Consumer clientId=consumer-item_group-2, groupId=item_group] Connection to node -1 (localhost/127.0.0.1:9092) could not be established. Broker may not be available. 
2025-01-24 16:52:11.662  WARN [org.apache.kafka.clients.NetworkClient:1063] [Consumer clientId=consumer-item_group-2, groupId=item_group] Bootstrap broker localhost:9092 (id: -1 rack: null) disconnected 
2025-01-24 16:52:11.895  INFO [org.apache.kafka.clients.NetworkClient:935] [Consumer clientId=consumer-item_group-1, groupId=item_group] Node -1 disconnected. 
2025-01-24 16:52:11.897  WARN [org.apache.kafka.clients.NetworkClient:775] [Consumer clientId=consumer-item_group-1, groupId=item_group] Connection to node -1 (localhost/127.0.0.1:9092) could not be established. Broker may not be available. 
2025-01-24 16:52:11.897  WARN [org.apache.kafka.clients.NetworkClient:1063] [Consumer clientId=consumer-item_group-1, groupId=item_group] Bootstrap broker localhost:9092 (id: -1 rack: null) disconnected 
2025-01-24 16:52:14.196  INFO [org.apache.kafka.clients.NetworkClient:935] [Producer clientId=producer-1] Node -1 disconnected. 
2025-01-24 16:52:14.197  WARN [org.apache.kafka.clients.NetworkClient:775] [Producer clientId=producer-1] Connection to node -1 (localhost/127.0.0.1:9092) could not be established. Broker may not be available. 
2025-01-24 16:52:14.198  WARN [org.apache.kafka.clients.NetworkClient:1063] [Producer clientId=producer-1] Bootstrap broker localhost:9092 (id: -1 rack: null) disconnected 
2025-01-24 16:52:14.509  INFO [org.apache.kafka.clients.NetworkClient:935] [Consumer clientId=consumer-item_group-3, groupId=item_group] Node -1 disconnected. 
2025-01-24 16:52:14.510  WARN [org.apache.kafka.clients.NetworkClient:775] [Consumer clientId=consumer-item_group-3, groupId=item_group] Connection to node -1 (localhost/127.0.0.1:9092) could not be established. Broker may not be available. 
2025-01-24 16:52:14.511  WARN [org.apache.kafka.clients.NetworkClient:1063] [Consumer clientId=consumer-item_group-3, groupId=item_group] Bootstrap broker localhost:9092 (id: -1 rack: null) disconnected 
2025-01-24 16:52:14.773  INFO [org.apache.kafka.clients.NetworkClient:935] [Consumer clientId=consumer-item_group-2, groupId=item_group] Node -1 disconnected. 
2025-01-24 16:52:14.774  WARN [org.apache.kafka.clients.NetworkClient:775] [Consumer clientId=consumer-item_group-2, groupId=item_group] Connection to node -1 (localhost/127.0.0.1:9092) could not be established. Broker may not be available. 
2025-01-24 16:52:14.775  WARN [org.apache.kafka.clients.NetworkClient:1063] [Consumer clientId=consumer-item_group-2, groupId=item_group] Bootstrap broker localhost:9092 (id: -1 rack: null) disconnected 
2025-01-24 16:52:14.788  INFO [org.apache.kafka.clients.NetworkClient:935] [Consumer clientId=consumer-item_group-1, groupId=item_group] Node -1 disconnected. 
2025-01-24 16:52:14.789  WARN [org.apache.kafka.clients.NetworkClient:775] [Consumer clientId=consumer-item_group-1, groupId=item_group] Connection to node -1 (localhost/127.0.0.1:9092) could not be established. Broker may not be available. 
2025-01-24 16:52:14.789  WARN [org.apache.kafka.clients.NetworkClient:1063] [Consumer clientId=consumer-item_group-1, groupId=item_group] Bootstrap broker localhost:9092 (id: -1 rack: null) disconnected 
2025-01-24 16:52:17.357  INFO [org.apache.kafka.clients.NetworkClient:935] [Producer clientId=producer-1] Node -1 disconnected. 
2025-01-24 16:52:17.358  WARN [org.apache.kafka.clients.NetworkClient:775] [Producer clientId=producer-1] Connection to node -1 (localhost/127.0.0.1:9092) could not be established. Broker may not be available. 
2025-01-24 16:52:17.359  WARN [org.apache.kafka.clients.NetworkClient:1063] [Producer clientId=producer-1] Bootstrap broker localhost:9092 (id: -1 rack: null) disconnected 
2025-01-24 16:52:17.529  INFO [org.apache.kafka.clients.NetworkClient:935] [Consumer clientId=consumer-item_group-3, groupId=item_group] Node -1 disconnected. 
2025-01-24 16:52:17.530  WARN [org.apache.kafka.clients.NetworkClient:775] [Consumer clientId=consumer-item_group-3, groupId=item_group] Connection to node -1 (localhost/127.0.0.1:9092) could not be established. Broker may not be available. 
2025-01-24 16:52:17.531  WARN [org.apache.kafka.clients.NetworkClient:1063] [Consumer clientId=consumer-item_group-3, groupId=item_group] Bootstrap broker localhost:9092 (id: -1 rack: null) disconnected 
2025-01-24 16:52:17.826  INFO [org.apache.kafka.clients.NetworkClient:935] [Consumer clientId=consumer-item_group-1, groupId=item_group] Node -1 disconnected. 
2025-01-24 16:52:17.827  WARN [org.apache.kafka.clients.NetworkClient:775] [Consumer clientId=consumer-item_group-1, groupId=item_group] Connection to node -1 (localhost/127.0.0.1:9092) could not be established. Broker may not be available. 
2025-01-24 16:52:17.828  WARN [org.apache.kafka.clients.NetworkClient:1063] [Consumer clientId=consumer-item_group-1, groupId=item_group] Bootstrap broker localhost:9092 (id: -1 rack: null) disconnected 
2025-01-24 16:52:17.983  INFO [org.apache.kafka.clients.NetworkClient:935] [Consumer clientId=consumer-item_group-2, groupId=item_group] Node -1 disconnected. 
2025-01-24 16:52:17.985  WARN [org.apache.kafka.clients.NetworkClient:775] [Consumer clientId=consumer-item_group-2, groupId=item_group] Connection to node -1 (localhost/127.0.0.1:9092) could not be established. Broker may not be available. 
2025-01-24 16:52:17.986  WARN [org.apache.kafka.clients.NetworkClient:1063] [Consumer clientId=consumer-item_group-2, groupId=item_group] Bootstrap broker localhost:9092 (id: -1 rack: null) disconnected 
2025-01-24 16:52:20.569  INFO [org.apache.kafka.clients.NetworkClient:935] [Producer clientId=producer-1] Node -1 disconnected. 
2025-01-24 16:52:20.571  WARN [org.apache.kafka.clients.NetworkClient:775] [Producer clientId=producer-1] Connection to node -1 (localhost/127.0.0.1:9092) could not be established. Broker may not be available. 
2025-01-24 16:52:20.572  WARN [org.apache.kafka.clients.NetworkClient:1063] [Producer clientId=producer-1] Bootstrap broker localhost:9092 (id: -1 rack: null) disconnected 
2025-01-24 16:52:20.677  INFO [org.apache.kafka.clients.NetworkClient:935] [Consumer clientId=consumer-item_group-3, groupId=item_group] Node -1 disconnected. 
2025-01-24 16:52:20.679  WARN [org.apache.kafka.clients.NetworkClient:775] [Consumer clientId=consumer-item_group-3, groupId=item_group] Connection to node -1 (localhost/127.0.0.1:9092) could not be established. Broker may not be available. 
2025-01-24 16:52:20.680  WARN [org.apache.kafka.clients.NetworkClient:1063] [Consumer clientId=consumer-item_group-3, groupId=item_group] Bootstrap broker localhost:9092 (id: -1 rack: null) disconnected 
2025-01-24 16:52:21.101  INFO [org.apache.kafka.clients.NetworkClient:935] [Consumer clientId=consumer-item_group-1, groupId=item_group] Node -1 disconnected. 
2025-01-24 16:52:21.103  WARN [org.apache.kafka.clients.NetworkClient:775] [Consumer clientId=consumer-item_group-1, groupId=item_group] Connection to node -1 (localhost/127.0.0.1:9092) could not be established. Broker may not be available. 
2025-01-24 16:52:21.104  WARN [org.apache.kafka.clients.NetworkClient:1063] [Consumer clientId=consumer-item_group-1, groupId=item_group] Bootstrap broker localhost:9092 (id: -1 rack: null) disconnected 
2025-01-24 16:52:21.147  INFO [org.apache.kafka.clients.NetworkClient:935] [Consumer clientId=consumer-item_group-2, groupId=item_group] Node -1 disconnected. 
2025-01-24 16:52:21.149  WARN [org.apache.kafka.clients.NetworkClient:775] [Consumer clientId=consumer-item_group-2, groupId=item_group] Connection to node -1 (localhost/127.0.0.1:9092) could not be established. Broker may not be available. 
2025-01-24 16:52:21.150  WARN [org.apache.kafka.clients.NetworkClient:1063] [Consumer clientId=consumer-item_group-2, groupId=item_group] Bootstrap broker localhost:9092 (id: -1 rack: null) disconnected 
2025-01-24 16:52:23.535  INFO [org.apache.kafka.clients.NetworkClient:935] [Producer clientId=producer-1] Node -1 disconnected. 
2025-01-24 16:52:23.536  WARN [org.apache.kafka.clients.NetworkClient:775] [Producer clientId=producer-1] Connection to node -1 (localhost/127.0.0.1:9092) could not be established. Broker may not be available. 
2025-01-24 16:52:23.537  WARN [org.apache.kafka.clients.NetworkClient:1063] [Producer clientId=producer-1] Bootstrap broker localhost:9092 (id: -1 rack: null) disconnected 
2025-01-24 16:52:23.597  INFO [org.apache.kafka.clients.NetworkClient:935] [Consumer clientId=consumer-item_group-3, groupId=item_group] Node -1 disconnected. 
2025-01-24 16:52:23.598  WARN [org.apache.kafka.clients.NetworkClient:775] [Consumer clientId=consumer-item_group-3, groupId=item_group] Connection to node -1 (localhost/127.0.0.1:9092) could not be established. Broker may not be available. 
2025-01-24 16:52:23.599  WARN [org.apache.kafka.clients.NetworkClient:1063] [Consumer clientId=consumer-item_group-3, groupId=item_group] Bootstrap broker localhost:9092 (id: -1 rack: null) disconnected 
2025-01-24 16:52:24.066  INFO [org.apache.kafka.clients.NetworkClient:935] [Consumer clientId=consumer-item_group-1, groupId=item_group] Node -1 disconnected. 
2025-01-24 16:52:24.068  WARN [org.apache.kafka.clients.NetworkClient:775] [Consumer clientId=consumer-item_group-1, groupId=item_group] Connection to node -1 (localhost/127.0.0.1:9092) could not be established. Broker may not be available. 
2025-01-24 16:52:24.069  WARN [org.apache.kafka.clients.NetworkClient:1063] [Consumer clientId=consumer-item_group-1, groupId=item_group] Bootstrap broker localhost:9092 (id: -1 rack: null) disconnected 
2025-01-24 16:52:24.365  INFO [org.apache.kafka.clients.NetworkClient:935] [Consumer clientId=consumer-item_group-2, groupId=item_group] Node -1 disconnected. 
2025-01-24 16:52:24.366  WARN [org.apache.kafka.clients.NetworkClient:775] [Consumer clientId=consumer-item_group-2, groupId=item_group] Connection to node -1 (localhost/127.0.0.1:9092) could not be established. Broker may not be available. 
2025-01-24 16:52:24.367  WARN [org.apache.kafka.clients.NetworkClient:1063] [Consumer clientId=consumer-item_group-2, groupId=item_group] Bootstrap broker localhost:9092 (id: -1 rack: null) disconnected 
2025-01-24 16:52:26.678  INFO [org.apache.kafka.clients.NetworkClient:935] [Producer clientId=producer-1] Node -1 disconnected. 
2025-01-24 16:52:26.679  WARN [org.apache.kafka.clients.NetworkClient:775] [Producer clientId=producer-1] Connection to node -1 (localhost/127.0.0.1:9092) could not be established. Broker may not be available. 
2025-01-24 16:52:26.679  WARN [org.apache.kafka.clients.NetworkClient:1063] [Producer clientId=producer-1] Bootstrap broker localhost:9092 (id: -1 rack: null) disconnected 
2025-01-24 16:52:26.820  INFO [org.apache.kafka.clients.NetworkClient:935] [Consumer clientId=consumer-item_group-3, groupId=item_group] Node -1 disconnected. 
2025-01-24 16:52:26.821  WARN [org.apache.kafka.clients.NetworkClient:775] [Consumer clientId=consumer-item_group-3, groupId=item_group] Connection to node -1 (localhost/127.0.0.1:9092) could not be established. Broker may not be available. 
2025-01-24 16:52:26.821  WARN [org.apache.kafka.clients.NetworkClient:1063] [Consumer clientId=consumer-item_group-3, groupId=item_group] Bootstrap broker localhost:9092 (id: -1 rack: null) disconnected 
2025-01-24 16:52:27.351  INFO [org.apache.kafka.clients.NetworkClient:935] [Consumer clientId=consumer-item_group-1, groupId=item_group] Node -1 disconnected. 
2025-01-24 16:52:27.352  WARN [org.apache.kafka.clients.NetworkClient:775] [Consumer clientId=consumer-item_group-1, groupId=item_group] Connection to node -1 (localhost/127.0.0.1:9092) could not be established. Broker may not be available. 
2025-01-24 16:52:27.353  WARN [org.apache.kafka.clients.NetworkClient:1063] [Consumer clientId=consumer-item_group-1, groupId=item_group] Bootstrap broker localhost:9092 (id: -1 rack: null) disconnected 
2025-01-24 16:52:27.524  INFO [org.apache.kafka.clients.NetworkClient:935] [Consumer clientId=consumer-item_group-2, groupId=item_group] Node -1 disconnected. 
2025-01-24 16:52:27.526  WARN [org.apache.kafka.clients.NetworkClient:775] [Consumer clientId=consumer-item_group-2, groupId=item_group] Connection to node -1 (localhost/127.0.0.1:9092) could not be established. Broker may not be available. 
2025-01-24 16:52:27.527  WARN [org.apache.kafka.clients.NetworkClient:1063] [Consumer clientId=consumer-item_group-2, groupId=item_group] Bootstrap broker localhost:9092 (id: -1 rack: null) disconnected 
2025-01-24 16:52:29.761  INFO [org.apache.kafka.clients.NetworkClient:935] [Producer clientId=producer-1] Node -1 disconnected. 
2025-01-24 16:52:29.762  WARN [org.apache.kafka.clients.NetworkClient:775] [Producer clientId=producer-1] Connection to node -1 (localhost/127.0.0.1:9092) could not be established. Broker may not be available. 
2025-01-24 16:52:29.763  WARN [org.apache.kafka.clients.NetworkClient:1063] [Producer clientId=producer-1] Bootstrap broker localhost:9092 (id: -1 rack: null) disconnected 
2025-01-24 16:52:29.933  INFO [org.apache.kafka.clients.NetworkClient:935] [Consumer clientId=consumer-item_group-3, groupId=item_group] Node -1 disconnected. 
2025-01-24 16:52:29.935  WARN [org.apache.kafka.clients.NetworkClient:775] [Consumer clientId=consumer-item_group-3, groupId=item_group] Connection to node -1 (localhost/127.0.0.1:9092) could not be established. Broker may not be available. 
2025-01-24 16:52:29.935  WARN [org.apache.kafka.clients.NetworkClient:1063] [Consumer clientId=consumer-item_group-3, groupId=item_group] Bootstrap broker localhost:9092 (id: -1 rack: null) disconnected 
2025-01-24 16:52:30.307  INFO [org.apache.kafka.clients.NetworkClient:935] [Consumer clientId=consumer-item_group-1, groupId=item_group] Node -1 disconnected. 
2025-01-24 16:52:30.308  WARN [org.apache.kafka.clients.NetworkClient:775] [Consumer clientId=consumer-item_group-1, groupId=item_group] Connection to node -1 (localhost/127.0.0.1:9092) could not be established. Broker may not be available. 
2025-01-24 16:52:30.309  WARN [org.apache.kafka.clients.NetworkClient:1063] [Consumer clientId=consumer-item_group-1, groupId=item_group] Bootstrap broker localhost:9092 (id: -1 rack: null) disconnected 
2025-01-24 16:52:30.541  INFO [org.apache.kafka.clients.NetworkClient:935] [Consumer clientId=consumer-item_group-2, groupId=item_group] Node -1 disconnected. 
2025-01-24 16:52:30.542  WARN [org.apache.kafka.clients.NetworkClient:775] [Consumer clientId=consumer-item_group-2, groupId=item_group] Connection to node -1 (localhost/127.0.0.1:9092) could not be established. Broker may not be available. 
2025-01-24 16:52:30.543  WARN [org.apache.kafka.clients.NetworkClient:1063] [Consumer clientId=consumer-item_group-2, groupId=item_group] Bootstrap broker localhost:9092 (id: -1 rack: null) disconnected 
2025-01-24 16:52:32.818  INFO [org.apache.kafka.clients.NetworkClient:935] [Consumer clientId=consumer-item_group-3, groupId=item_group] Node -1 disconnected. 
2025-01-24 16:52:32.819  WARN [org.apache.kafka.clients.NetworkClient:775] [Consumer clientId=consumer-item_group-3, groupId=item_group] Connection to node -1 (localhost/127.0.0.1:9092) could not be established. Broker may not be available. 
2025-01-24 16:52:32.820  WARN [org.apache.kafka.clients.NetworkClient:1063] [Consumer clientId=consumer-item_group-3, groupId=item_group] Bootstrap broker localhost:9092 (id: -1 rack: null) disconnected 
2025-01-24 16:52:32.832  INFO [org.apache.kafka.clients.NetworkClient:935] [Producer clientId=producer-1] Node -1 disconnected. 
2025-01-24 16:52:32.832  WARN [org.apache.kafka.clients.NetworkClient:775] [Producer clientId=producer-1] Connection to node -1 (localhost/127.0.0.1:9092) could not be established. Broker may not be available. 
2025-01-24 16:52:32.833  WARN [org.apache.kafka.clients.NetworkClient:1063] [Producer clientId=producer-1] Bootstrap broker localhost:9092 (id: -1 rack: null) disconnected 
2025-01-24 16:52:33.270  INFO [org.apache.kafka.clients.NetworkClient:935] [Consumer clientId=consumer-item_group-1, groupId=item_group] Node -1 disconnected. 
2025-01-24 16:52:33.271  WARN [org.apache.kafka.clients.NetworkClient:775] [Consumer clientId=consumer-item_group-1, groupId=item_group] Connection to node -1 (localhost/127.0.0.1:9092) could not be established. Broker may not be available. 
2025-01-24 16:52:33.272  WARN [org.apache.kafka.clients.NetworkClient:1063] [Consumer clientId=consumer-item_group-1, groupId=item_group] Bootstrap broker localhost:9092 (id: -1 rack: null) disconnected 
2025-01-24 16:52:33.706  INFO [org.apache.kafka.clients.NetworkClient:935] [Consumer clientId=consumer-item_group-2, groupId=item_group] Node -1 disconnected. 
2025-01-24 16:52:33.707  WARN [org.apache.kafka.clients.NetworkClient:775] [Consumer clientId=consumer-item_group-2, groupId=item_group] Connection to node -1 (localhost/127.0.0.1:9092) could not be established. Broker may not be available. 
2025-01-24 16:52:33.707  WARN [org.apache.kafka.clients.NetworkClient:1063] [Consumer clientId=consumer-item_group-2, groupId=item_group] Bootstrap broker localhost:9092 (id: -1 rack: null) disconnected 
2025-01-24 16:52:35.727  INFO [org.apache.kafka.clients.NetworkClient:935] [Consumer clientId=consumer-item_group-3, groupId=item_group] Node -1 disconnected. 
2025-01-24 16:52:35.729  WARN [org.apache.kafka.clients.NetworkClient:775] [Consumer clientId=consumer-item_group-3, groupId=item_group] Connection to node -1 (localhost/127.0.0.1:9092) could not be established. Broker may not be available. 
2025-01-24 16:52:35.730  WARN [org.apache.kafka.clients.NetworkClient:1063] [Consumer clientId=consumer-item_group-3, groupId=item_group] Bootstrap broker localhost:9092 (id: -1 rack: null) disconnected 
2025-01-24 16:52:35.899  INFO [org.apache.kafka.clients.NetworkClient:935] [Producer clientId=producer-1] Node -1 disconnected. 
2025-01-24 16:52:35.900  WARN [org.apache.kafka.clients.NetworkClient:775] [Producer clientId=producer-1] Connection to node -1 (localhost/127.0.0.1:9092) could not be established. Broker may not be available. 
2025-01-24 16:52:35.900  WARN [org.apache.kafka.clients.NetworkClient:1063] [Producer clientId=producer-1] Bootstrap broker localhost:9092 (id: -1 rack: null) disconnected 
2025-01-24 16:52:36.292  INFO [org.apache.kafka.clients.NetworkClient:935] [Consumer clientId=consumer-item_group-1, groupId=item_group] Node -1 disconnected. 
2025-01-24 16:52:36.294  WARN [org.apache.kafka.clients.NetworkClient:775] [Consumer clientId=consumer-item_group-1, groupId=item_group] Connection to node -1 (localhost/127.0.0.1:9092) could not be established. Broker may not be available. 
2025-01-24 16:52:36.295  WARN [org.apache.kafka.clients.NetworkClient:1063] [Consumer clientId=consumer-item_group-1, groupId=item_group] Bootstrap broker localhost:9092 (id: -1 rack: null) disconnected 
2025-01-24 16:52:36.992  INFO [org.apache.kafka.clients.NetworkClient:935] [Consumer clientId=consumer-item_group-2, groupId=item_group] Node -1 disconnected. 
2025-01-24 16:52:36.993  WARN [org.apache.kafka.clients.NetworkClient:775] [Consumer clientId=consumer-item_group-2, groupId=item_group] Connection to node -1 (localhost/127.0.0.1:9092) could not be established. Broker may not be available. 
2025-01-24 16:52:36.993  WARN [org.apache.kafka.clients.NetworkClient:1063] [Consumer clientId=consumer-item_group-2, groupId=item_group] Bootstrap broker localhost:9092 (id: -1 rack: null) disconnected 
2025-01-24 16:52:38.681  INFO [org.apache.kafka.clients.NetworkClient:935] [Consumer clientId=consumer-item_group-3, groupId=item_group] Node -1 disconnected. 
2025-01-24 16:52:38.681  WARN [org.apache.kafka.clients.NetworkClient:775] [Consumer clientId=consumer-item_group-3, groupId=item_group] Connection to node -1 (localhost/127.0.0.1:9092) could not be established. Broker may not be available. 
2025-01-24 16:52:38.682  WARN [org.apache.kafka.clients.NetworkClient:1063] [Consumer clientId=consumer-item_group-3, groupId=item_group] Bootstrap broker localhost:9092 (id: -1 rack: null) disconnected 
2025-01-24 16:52:38.854  INFO [org.apache.kafka.clients.NetworkClient:935] [Producer clientId=producer-1] Node -1 disconnected. 
2025-01-24 16:52:38.855  WARN [org.apache.kafka.clients.NetworkClient:775] [Producer clientId=producer-1] Connection to node -1 (localhost/127.0.0.1:9092) could not be established. Broker may not be available. 
2025-01-24 16:52:38.855  WARN [org.apache.kafka.clients.NetworkClient:1063] [Producer clientId=producer-1] Bootstrap broker localhost:9092 (id: -1 rack: null) disconnected 
2025-01-24 16:52:39.436  INFO [org.apache.kafka.clients.NetworkClient:935] [Consumer clientId=consumer-item_group-1, groupId=item_group] Node -1 disconnected. 
2025-01-24 16:52:39.437  WARN [org.apache.kafka.clients.NetworkClient:775] [Consumer clientId=consumer-item_group-1, groupId=item_group] Connection to node -1 (localhost/127.0.0.1:9092) could not be established. Broker may not be available. 
2025-01-24 16:52:39.437  WARN [org.apache.kafka.clients.NetworkClient:1063] [Consumer clientId=consumer-item_group-1, groupId=item_group] Bootstrap broker localhost:9092 (id: -1 rack: null) disconnected 
2025-01-24 16:52:40.137  INFO [org.apache.kafka.clients.NetworkClient:935] [Consumer clientId=consumer-item_group-2, groupId=item_group] Node -1 disconnected. 
2025-01-24 16:52:40.138  WARN [org.apache.kafka.clients.NetworkClient:775] [Consumer clientId=consumer-item_group-2, groupId=item_group] Connection to node -1 (localhost/127.0.0.1:9092) could not be established. Broker may not be available. 
2025-01-24 16:52:40.139  WARN [org.apache.kafka.clients.NetworkClient:1063] [Consumer clientId=consumer-item_group-2, groupId=item_group] Bootstrap broker localhost:9092 (id: -1 rack: null) disconnected 
2025-01-24 16:52:41.573  INFO [org.apache.kafka.clients.NetworkClient:935] [Consumer clientId=consumer-item_group-3, groupId=item_group] Node -1 disconnected. 
2025-01-24 16:52:41.574  WARN [org.apache.kafka.clients.NetworkClient:775] [Consumer clientId=consumer-item_group-3, groupId=item_group] Connection to node -1 (localhost/127.0.0.1:9092) could not be established. Broker may not be available. 
2025-01-24 16:52:41.575  WARN [org.apache.kafka.clients.NetworkClient:1063] [Consumer clientId=consumer-item_group-3, groupId=item_group] Bootstrap broker localhost:9092 (id: -1 rack: null) disconnected 
2025-01-24 16:52:41.743  INFO [org.apache.kafka.clients.NetworkClient:935] [Producer clientId=producer-1] Node -1 disconnected. 
2025-01-24 16:52:41.744  WARN [org.apache.kafka.clients.NetworkClient:775] [Producer clientId=producer-1] Connection to node -1 (localhost/127.0.0.1:9092) could not be established. Broker may not be available. 
2025-01-24 16:52:41.745  WARN [org.apache.kafka.clients.NetworkClient:1063] [Producer clientId=producer-1] Bootstrap broker localhost:9092 (id: -1 rack: null) disconnected 
2025-01-24 16:52:42.462  INFO [org.apache.kafka.clients.NetworkClient:935] [Consumer clientId=consumer-item_group-1, groupId=item_group] Node -1 disconnected. 
2025-01-24 16:52:42.463  WARN [org.apache.kafka.clients.NetworkClient:775] [Consumer clientId=consumer-item_group-1, groupId=item_group] Connection to node -1 (localhost/127.0.0.1:9092) could not be established. Broker may not be available. 
2025-01-24 16:52:42.464  WARN [org.apache.kafka.clients.NetworkClient:1063] [Consumer clientId=consumer-item_group-1, groupId=item_group] Bootstrap broker localhost:9092 (id: -1 rack: null) disconnected 
2025-01-24 16:52:43.154  INFO [org.apache.kafka.clients.NetworkClient:935] [Consumer clientId=consumer-item_group-2, groupId=item_group] Node -1 disconnected. 
2025-01-24 16:52:43.155  WARN [org.apache.kafka.clients.NetworkClient:775] [Consumer clientId=consumer-item_group-2, groupId=item_group] Connection to node -1 (localhost/127.0.0.1:9092) could not be established. Broker may not be available. 
2025-01-24 16:52:43.156  WARN [org.apache.kafka.clients.NetworkClient:1063] [Consumer clientId=consumer-item_group-2, groupId=item_group] Bootstrap broker localhost:9092 (id: -1 rack: null) disconnected 
2025-01-24 16:52:44.563  INFO [org.apache.kafka.clients.NetworkClient:935] [Consumer clientId=consumer-item_group-3, groupId=item_group] Node -1 disconnected. 
2025-01-24 16:52:44.564  WARN [org.apache.kafka.clients.NetworkClient:775] [Consumer clientId=consumer-item_group-3, groupId=item_group] Connection to node -1 (localhost/127.0.0.1:9092) could not be established. Broker may not be available. 
2025-01-24 16:52:44.565  WARN [org.apache.kafka.clients.NetworkClient:1063] [Consumer clientId=consumer-item_group-3, groupId=item_group] Bootstrap broker localhost:9092 (id: -1 rack: null) disconnected 
2025-01-24 16:52:44.624  INFO [org.apache.kafka.clients.NetworkClient:935] [Producer clientId=producer-1] Node -1 disconnected. 
2025-01-24 16:52:44.625  WARN [org.apache.kafka.clients.NetworkClient:775] [Producer clientId=producer-1] Connection to node -1 (localhost/127.0.0.1:9092) could not be established. Broker may not be available. 
2025-01-24 16:52:44.627  WARN [org.apache.kafka.clients.NetworkClient:1063] [Producer clientId=producer-1] Bootstrap broker localhost:9092 (id: -1 rack: null) disconnected 
2025-01-24 16:52:45.687  INFO [org.apache.kafka.clients.NetworkClient:935] [Consumer clientId=consumer-item_group-1, groupId=item_group] Node -1 disconnected. 
2025-01-24 16:52:45.688  WARN [org.apache.kafka.clients.NetworkClient:775] [Consumer clientId=consumer-item_group-1, groupId=item_group] Connection to node -1 (localhost/127.0.0.1:9092) could not be established. Broker may not be available. 
2025-01-24 16:52:45.689  WARN [org.apache.kafka.clients.NetworkClient:1063] [Consumer clientId=consumer-item_group-1, groupId=item_group] Bootstrap broker localhost:9092 (id: -1 rack: null) disconnected 
2025-01-24 16:52:46.108  INFO [org.apache.kafka.clients.NetworkClient:935] [Consumer clientId=consumer-item_group-2, groupId=item_group] Node -1 disconnected. 
2025-01-24 16:52:46.110  WARN [org.apache.kafka.clients.NetworkClient:775] [Consumer clientId=consumer-item_group-2, groupId=item_group] Connection to node -1 (localhost/127.0.0.1:9092) could not be established. Broker may not be available. 
2025-01-24 16:52:46.110  WARN [org.apache.kafka.clients.NetworkClient:1063] [Consumer clientId=consumer-item_group-2, groupId=item_group] Bootstrap broker localhost:9092 (id: -1 rack: null) disconnected 
2025-01-24 16:52:47.462  INFO [org.apache.kafka.clients.NetworkClient:935] [Consumer clientId=consumer-item_group-3, groupId=item_group] Node -1 disconnected. 
2025-01-24 16:52:47.464  WARN [org.apache.kafka.clients.NetworkClient:775] [Consumer clientId=consumer-item_group-3, groupId=item_group] Connection to node -1 (localhost/127.0.0.1:9092) could not be established. Broker may not be available. 
2025-01-24 16:52:47.465  WARN [org.apache.kafka.clients.NetworkClient:1063] [Consumer clientId=consumer-item_group-3, groupId=item_group] Bootstrap broker localhost:9092 (id: -1 rack: null) disconnected 
2025-01-24 16:52:47.711  INFO [org.apache.kafka.clients.NetworkClient:935] [Producer clientId=producer-1] Node -1 disconnected. 
2025-01-24 16:52:47.712  WARN [org.apache.kafka.clients.NetworkClient:775] [Producer clientId=producer-1] Connection to node -1 (localhost/127.0.0.1:9092) could not be established. Broker may not be available. 
2025-01-24 16:52:47.713  WARN [org.apache.kafka.clients.NetworkClient:1063] [Producer clientId=producer-1] Bootstrap broker localhost:9092 (id: -1 rack: null) disconnected 
2025-01-24 16:52:48.722  INFO [org.apache.kafka.clients.NetworkClient:935] [Consumer clientId=consumer-item_group-1, groupId=item_group] Node -1 disconnected. 
2025-01-24 16:52:48.723  WARN [org.apache.kafka.clients.NetworkClient:775] [Consumer clientId=consumer-item_group-1, groupId=item_group] Connection to node -1 (localhost/127.0.0.1:9092) could not be established. Broker may not be available. 
2025-01-24 16:52:48.723  WARN [org.apache.kafka.clients.NetworkClient:1063] [Consumer clientId=consumer-item_group-1, groupId=item_group] Bootstrap broker localhost:9092 (id: -1 rack: null) disconnected 
2025-01-24 16:52:49.203  INFO [org.apache.kafka.clients.NetworkClient:935] [Consumer clientId=consumer-item_group-2, groupId=item_group] Node -1 disconnected. 
2025-01-24 16:52:49.204  WARN [org.apache.kafka.clients.NetworkClient:775] [Consumer clientId=consumer-item_group-2, groupId=item_group] Connection to node -1 (localhost/127.0.0.1:9092) could not be established. Broker may not be available. 
2025-01-24 16:52:49.205  WARN [org.apache.kafka.clients.NetworkClient:1063] [Consumer clientId=consumer-item_group-2, groupId=item_group] Bootstrap broker localhost:9092 (id: -1 rack: null) disconnected 
2025-01-24 16:52:50.745  INFO [org.apache.kafka.clients.NetworkClient:935] [Producer clientId=producer-1] Node -1 disconnected. 
2025-01-24 16:52:50.745  INFO [org.apache.kafka.clients.NetworkClient:935] [Consumer clientId=consumer-item_group-3, groupId=item_group] Node -1 disconnected. 
2025-01-24 16:52:50.746  WARN [org.apache.kafka.clients.NetworkClient:775] [Producer clientId=producer-1] Connection to node -1 (localhost/127.0.0.1:9092) could not be established. Broker may not be available. 
2025-01-24 16:52:50.747  WARN [org.apache.kafka.clients.NetworkClient:775] [Consumer clientId=consumer-item_group-3, groupId=item_group] Connection to node -1 (localhost/127.0.0.1:9092) could not be established. Broker may not be available. 
2025-01-24 16:52:50.747  WARN [org.apache.kafka.clients.NetworkClient:1063] [Producer clientId=producer-1] Bootstrap broker localhost:9092 (id: -1 rack: null) disconnected 
2025-01-24 16:52:50.748  WARN [org.apache.kafka.clients.NetworkClient:1063] [Consumer clientId=consumer-item_group-3, groupId=item_group] Bootstrap broker localhost:9092 (id: -1 rack: null) disconnected 
2025-01-24 16:52:52.005  INFO [org.apache.kafka.clients.NetworkClient:935] [Consumer clientId=consumer-item_group-1, groupId=item_group] Node -1 disconnected. 
2025-01-24 16:52:52.005  WARN [org.apache.kafka.clients.NetworkClient:775] [Consumer clientId=consumer-item_group-1, groupId=item_group] Connection to node -1 (localhost/127.0.0.1:9092) could not be established. Broker may not be available. 
2025-01-24 16:52:52.006  WARN [org.apache.kafka.clients.NetworkClient:1063] [Consumer clientId=consumer-item_group-1, groupId=item_group] Bootstrap broker localhost:9092 (id: -1 rack: null) disconnected 
2025-01-24 16:52:52.116  INFO [org.apache.kafka.clients.NetworkClient:935] [Consumer clientId=consumer-item_group-2, groupId=item_group] Node -1 disconnected. 
2025-01-24 16:52:52.117  WARN [org.apache.kafka.clients.NetworkClient:775] [Consumer clientId=consumer-item_group-2, groupId=item_group] Connection to node -1 (localhost/127.0.0.1:9092) could not be established. Broker may not be available. 
2025-01-24 16:52:52.117  WARN [org.apache.kafka.clients.NetworkClient:1063] [Consumer clientId=consumer-item_group-2, groupId=item_group] Bootstrap broker localhost:9092 (id: -1 rack: null) disconnected 
2025-01-24 16:52:53.909  INFO [org.apache.kafka.clients.NetworkClient:935] [Producer clientId=producer-1] Node -1 disconnected. 
2025-01-24 16:52:53.910  WARN [org.apache.kafka.clients.NetworkClient:775] [Producer clientId=producer-1] Connection to node -1 (localhost/127.0.0.1:9092) could not be established. Broker may not be available. 
2025-01-24 16:52:53.910  WARN [org.apache.kafka.clients.NetworkClient:1063] [Producer clientId=producer-1] Bootstrap broker localhost:9092 (id: -1 rack: null) disconnected 
2025-01-24 16:52:54.031  INFO [org.apache.kafka.clients.NetworkClient:935] [Consumer clientId=consumer-item_group-3, groupId=item_group] Node -1 disconnected. 
2025-01-24 16:52:54.032  WARN [org.apache.kafka.clients.NetworkClient:775] [Consumer clientId=consumer-item_group-3, groupId=item_group] Connection to node -1 (localhost/127.0.0.1:9092) could not be established. Broker may not be available. 
2025-01-24 16:52:54.033  WARN [org.apache.kafka.clients.NetworkClient:1063] [Consumer clientId=consumer-item_group-3, groupId=item_group] Bootstrap broker localhost:9092 (id: -1 rack: null) disconnected 
2025-01-24 16:52:55.046  INFO [org.apache.kafka.clients.NetworkClient:935] [Consumer clientId=consumer-item_group-1, groupId=item_group] Node -1 disconnected. 
2025-01-24 16:52:55.046  INFO [org.apache.kafka.clients.NetworkClient:935] [Consumer clientId=consumer-item_group-2, groupId=item_group] Node -1 disconnected. 
2025-01-24 16:52:55.047  WARN [org.apache.kafka.clients.NetworkClient:775] [Consumer clientId=consumer-item_group-1, groupId=item_group] Connection to node -1 (localhost/127.0.0.1:9092) could not be established. Broker may not be available. 
2025-01-24 16:52:55.047  WARN [org.apache.kafka.clients.NetworkClient:775] [Consumer clientId=consumer-item_group-2, groupId=item_group] Connection to node -1 (localhost/127.0.0.1:9092) could not be established. Broker may not be available. 
2025-01-24 16:52:55.047  WARN [org.apache.kafka.clients.NetworkClient:1063] [Consumer clientId=consumer-item_group-1, groupId=item_group] Bootstrap broker localhost:9092 (id: -1 rack: null) disconnected 
2025-01-24 16:52:55.048  WARN [org.apache.kafka.clients.NetworkClient:1063] [Consumer clientId=consumer-item_group-2, groupId=item_group] Bootstrap broker localhost:9092 (id: -1 rack: null) disconnected 
2025-01-24 16:52:56.997  INFO [org.apache.kafka.clients.NetworkClient:935] [Consumer clientId=consumer-item_group-3, groupId=item_group] Node -1 disconnected. 
2025-01-24 16:52:56.998  WARN [org.apache.kafka.clients.NetworkClient:775] [Consumer clientId=consumer-item_group-3, groupId=item_group] Connection to node -1 (localhost/127.0.0.1:9092) could not be established. Broker may not be available. 
2025-01-24 16:52:56.999  WARN [org.apache.kafka.clients.NetworkClient:1063] [Consumer clientId=consumer-item_group-3, groupId=item_group] Bootstrap broker localhost:9092 (id: -1 rack: null) disconnected 
2025-01-24 16:52:57.044  INFO [org.apache.kafka.clients.NetworkClient:935] [Producer clientId=producer-1] Node -1 disconnected. 
2025-01-24 16:52:57.045  WARN [org.apache.kafka.clients.NetworkClient:775] [Producer clientId=producer-1] Connection to node -1 (localhost/127.0.0.1:9092) could not be established. Broker may not be available. 
2025-01-24 16:52:57.045  WARN [org.apache.kafka.clients.NetworkClient:1063] [Producer clientId=producer-1] Bootstrap broker localhost:9092 (id: -1 rack: null) disconnected 
2025-01-24 16:52:57.276 ERROR [org.springframework.kafka.support.LoggingProducerListener:261] Exception thrown when sending a message with key='100' and payload='{"itemId":"100","itemLevel":1,"itemNumberType":"PLU","businessUnitId":70,"catchWeightInd":"N","class...' to topic Item_Topic: org.apache.kafka.common.errors.TimeoutException: Topic Item_Topic not present in metadata after 60000 ms.

2025-01-24 16:52:57.280 ERROR [za.co.woolworths.itemkafka_poc.kafka.producer.ItemProducerService:43] Failed to send message for itemId: 100 due to error: Send failed; nested exception is org.apache.kafka.common.errors.TimeoutException: Topic Item_Topic not present in metadata after 60000 ms. 
2025-01-24 16:52:58.273  INFO [org.apache.kafka.clients.NetworkClient:935] [Consumer clientId=consumer-item_group-2, groupId=item_group] Node -1 disconnected. 
2025-01-24 16:52:58.274  WARN [org.apache.kafka.clients.NetworkClient:775] [Consumer clientId=consumer-item_group-2, groupId=item_group] Connection to node -1 (localhost/127.0.0.1:9092) could not be established. Broker may not be available. 
2025-01-24 16:52:58.275  WARN [org.apache.kafka.clients.NetworkClient:1063] [Consumer clientId=consumer-item_group-2, groupId=item_group] Bootstrap broker localhost:9092 (id: -1 rack: null) disconnected 
2025-01-24 16:52:58.334  INFO [org.apache.kafka.clients.NetworkClient:935] [Consumer clientId=consumer-item_group-1, groupId=item_group] Node -1 disconnected. 
2025-01-24 16:52:58.335  WARN [org.apache.kafka.clients.NetworkClient:775] [Consumer clientId=consumer-item_group-1, groupId=item_group] Connection to node -1 (localhost/127.0.0.1:9092) could not be established. Broker may not be available. 
2025-01-24 16:52:58.336  WARN [org.apache.kafka.clients.NetworkClient:1063] [Consumer clientId=consumer-item_group-1, groupId=item_group] Bootstrap broker localhost:9092 (id: -1 rack: null) disconnected 
2025-01-24 16:52:59.942  INFO [org.apache.kafka.clients.NetworkClient:935] [Consumer clientId=consumer-item_group-3, groupId=item_group] Node -1 disconnected. 
2025-01-24 16:52:59.943  WARN [org.apache.kafka.clients.NetworkClient:775] [Consumer clientId=consumer-item_group-3, groupId=item_group] Connection to node -1 (localhost/127.0.0.1:9092) could not be established. Broker may not be available. 
2025-01-24 16:52:59.944  WARN [org.apache.kafka.clients.NetworkClient:1063] [Consumer clientId=consumer-item_group-3, groupId=item_group] Bootstrap broker localhost:9092 (id: -1 rack: null) disconnected 
2025-01-24 16:53:00.129  INFO [org.apache.kafka.clients.NetworkClient:935] [Producer clientId=producer-1] Node -1 disconnected. 
2025-01-24 16:53:00.130  WARN [org.apache.kafka.clients.NetworkClient:775] [Producer clientId=producer-1] Connection to node -1 (localhost/127.0.0.1:9092) could not be established. Broker may not be available. 
2025-01-24 16:53:00.130  WARN [org.apache.kafka.clients.NetworkClient:1063] [Producer clientId=producer-1] Bootstrap broker localhost:9092 (id: -1 rack: null) disconnected 
2025-01-24 16:53:01.374  INFO [org.apache.kafka.clients.NetworkClient:935] [Consumer clientId=consumer-item_group-2, groupId=item_group] Node -1 disconnected. 
2025-01-24 16:53:01.376  WARN [org.apache.kafka.clients.NetworkClient:775] [Consumer clientId=consumer-item_group-2, groupId=item_group] Connection to node -1 (localhost/127.0.0.1:9092) could not be established. Broker may not be available. 
2025-01-24 16:53:01.377  WARN [org.apache.kafka.clients.NetworkClient:1063] [Consumer clientId=consumer-item_group-2, groupId=item_group] Bootstrap broker localhost:9092 (id: -1 rack: null) disconnected 
2025-01-24 16:53:01.420  INFO [org.apache.kafka.clients.NetworkClient:935] [Consumer clientId=consumer-item_group-1, groupId=item_group] Node -1 disconnected. 
2025-01-24 16:53:01.420  WARN [org.apache.kafka.clients.NetworkClient:775] [Consumer clientId=consumer-item_group-1, groupId=item_group] Connection to node -1 (localhost/127.0.0.1:9092) could not be established. Broker may not be available. 
2025-01-24 16:53:01.420  WARN [org.apache.kafka.clients.NetworkClient:1063] [Consumer clientId=consumer-item_group-1, groupId=item_group] Bootstrap broker localhost:9092 (id: -1 rack: null) disconnected 
2025-01-24 16:53:03.071  INFO [org.apache.kafka.clients.NetworkClient:935] [Consumer clientId=consumer-item_group-3, groupId=item_group] Node -1 disconnected. 
2025-01-24 16:53:03.072  WARN [org.apache.kafka.clients.NetworkClient:775] [Consumer clientId=consumer-item_group-3, groupId=item_group] Connection to node -1 (localhost/127.0.0.1:9092) could not be established. Broker may not be available. 
2025-01-24 16:53:03.072  WARN [org.apache.kafka.clients.NetworkClient:1063] [Consumer clientId=consumer-item_group-3, groupId=item_group] Bootstrap broker localhost:9092 (id: -1 rack: null) disconnected 
2025-01-24 16:53:03.320  INFO [org.apache.kafka.clients.NetworkClient:935] [Producer clientId=producer-1] Node -1 disconnected. 
2025-01-24 16:53:03.321  WARN [org.apache.kafka.clients.NetworkClient:775] [Producer clientId=producer-1] Connection to node -1 (localhost/127.0.0.1:9092) could not be established. Broker may not be available. 
2025-01-24 16:53:03.322  WARN [org.apache.kafka.clients.NetworkClient:1063] [Producer clientId=producer-1] Bootstrap broker localhost:9092 (id: -1 rack: null) disconnected 
2025-01-24 16:53:04.308  INFO [org.apache.kafka.clients.NetworkClient:935] [Consumer clientId=consumer-item_group-1, groupId=item_group] Node -1 disconnected. 
2025-01-24 16:53:04.309  WARN [org.apache.kafka.clients.NetworkClient:775] [Consumer clientId=consumer-item_group-1, groupId=item_group] Connection to node -1 (localhost/127.0.0.1:9092) could not be established. Broker may not be available. 
2025-01-24 16:53:04.309  WARN [org.apache.kafka.clients.NetworkClient:1063] [Consumer clientId=consumer-item_group-1, groupId=item_group] Bootstrap broker localhost:9092 (id: -1 rack: null) disconnected 
2025-01-24 16:53:04.416  INFO [org.apache.kafka.clients.NetworkClient:935] [Consumer clientId=consumer-item_group-2, groupId=item_group] Node -1 disconnected. 
2025-01-24 16:53:04.416  WARN [org.apache.kafka.clients.NetworkClient:775] [Consumer clientId=consumer-item_group-2, groupId=item_group] Connection to node -1 (localhost/127.0.0.1:9092) could not be established. Broker may not be available. 
2025-01-24 16:53:04.416  WARN [org.apache.kafka.clients.NetworkClient:1063] [Consumer clientId=consumer-item_group-2, groupId=item_group] Bootstrap broker localhost:9092 (id: -1 rack: null) disconnected 
2025-01-24 16:53:06.273  INFO [org.apache.kafka.clients.NetworkClient:935] [Consumer clientId=consumer-item_group-3, groupId=item_group] Node -1 disconnected. 
2025-01-24 16:53:06.274  WARN [org.apache.kafka.clients.NetworkClient:775] [Consumer clientId=consumer-item_group-3, groupId=item_group] Connection to node -1 (localhost/127.0.0.1:9092) could not be established. Broker may not be available. 
2025-01-24 16:53:06.274  WARN [org.apache.kafka.clients.NetworkClient:1063] [Consumer clientId=consumer-item_group-3, groupId=item_group] Bootstrap broker localhost:9092 (id: -1 rack: null) disconnected 
2025-01-24 16:53:06.539  INFO [org.apache.kafka.clients.NetworkClient:935] [Producer clientId=producer-1] Node -1 disconnected. 
2025-01-24 16:53:06.540  WARN [org.apache.kafka.clients.NetworkClient:775] [Producer clientId=producer-1] Connection to node -1 (localhost/127.0.0.1:9092) could not be established. Broker may not be available. 
2025-01-24 16:53:06.541  WARN [org.apache.kafka.clients.NetworkClient:1063] [Producer clientId=producer-1] Bootstrap broker localhost:9092 (id: -1 rack: null) disconnected 
2025-01-24 16:53:07.318  INFO [org.apache.kafka.clients.NetworkClient:935] [Consumer clientId=consumer-item_group-1, groupId=item_group] Node -1 disconnected. 
2025-01-24 16:53:07.319  WARN [org.apache.kafka.clients.NetworkClient:775] [Consumer clientId=consumer-item_group-1, groupId=item_group] Connection to node -1 (localhost/127.0.0.1:9092) could not be established. Broker may not be available. 
2025-01-24 16:53:07.320  WARN [org.apache.kafka.clients.NetworkClient:1063] [Consumer clientId=consumer-item_group-1, groupId=item_group] Bootstrap broker localhost:9092 (id: -1 rack: null) disconnected 
2025-01-24 16:53:07.632  INFO [org.apache.kafka.clients.NetworkClient:935] [Consumer clientId=consumer-item_group-2, groupId=item_group] Node -1 disconnected. 
2025-01-24 16:53:07.632  WARN [org.apache.kafka.clients.NetworkClient:775] [Consumer clientId=consumer-item_group-2, groupId=item_group] Connection to node -1 (localhost/127.0.0.1:9092) could not be established. Broker may not be available. 
2025-01-24 16:53:07.633  WARN [org.apache.kafka.clients.NetworkClient:1063] [Consumer clientId=consumer-item_group-2, groupId=item_group] Bootstrap broker localhost:9092 (id: -1 rack: null) disconnected 
2025-01-24 16:53:09.217  INFO [org.apache.kafka.clients.NetworkClient:935] [Consumer clientId=consumer-item_group-3, groupId=item_group] Node -1 disconnected. 
2025-01-24 16:53:09.218  WARN [org.apache.kafka.clients.NetworkClient:775] [Consumer clientId=consumer-item_group-3, groupId=item_group] Connection to node -1 (localhost/127.0.0.1:9092) could not be established. Broker may not be available. 
2025-01-24 16:53:09.219  WARN [org.apache.kafka.clients.NetworkClient:1063] [Consumer clientId=consumer-item_group-3, groupId=item_group] Bootstrap broker localhost:9092 (id: -1 rack: null) disconnected 
2025-01-24 16:53:09.405  INFO [org.apache.kafka.clients.NetworkClient:935] [Producer clientId=producer-1] Node -1 disconnected. 
2025-01-24 16:53:09.406  WARN [org.apache.kafka.clients.NetworkClient:775] [Producer clientId=producer-1] Connection to node -1 (localhost/127.0.0.1:9092) could not be established. Broker may not be available. 
2025-01-24 16:53:09.406  WARN [org.apache.kafka.clients.NetworkClient:1063] [Producer clientId=producer-1] Bootstrap broker localhost:9092 (id: -1 rack: null) disconnected 
2025-01-24 16:53:10.273  INFO [org.apache.kafka.clients.NetworkClient:935] [Consumer clientId=consumer-item_group-1, groupId=item_group] Node -1 disconnected. 
2025-01-24 16:53:10.274  WARN [org.apache.kafka.clients.NetworkClient:775] [Consumer clientId=consumer-item_group-1, groupId=item_group] Connection to node -1 (localhost/127.0.0.1:9092) could not be established. Broker may not be available. 
2025-01-24 16:53:10.275  WARN [org.apache.kafka.clients.NetworkClient:1063] [Consumer clientId=consumer-item_group-1, groupId=item_group] Bootstrap broker localhost:9092 (id: -1 rack: null) disconnected 
2025-01-24 16:53:10.740  INFO [org.apache.kafka.clients.NetworkClient:935] [Consumer clientId=consumer-item_group-2, groupId=item_group] Node -1 disconnected. 
2025-01-24 16:53:10.741  WARN [org.apache.kafka.clients.NetworkClient:775] [Consumer clientId=consumer-item_group-2, groupId=item_group] Connection to node -1 (localhost/127.0.0.1:9092) could not be established. Broker may not be available. 
2025-01-24 16:53:10.742  WARN [org.apache.kafka.clients.NetworkClient:1063] [Consumer clientId=consumer-item_group-2, groupId=item_group] Bootstrap broker localhost:9092 (id: -1 rack: null) disconnected 
2025-01-24 16:53:12.236  INFO [org.apache.kafka.clients.NetworkClient:935] [Consumer clientId=consumer-item_group-3, groupId=item_group] Node -1 disconnected. 
2025-01-24 16:53:12.236  WARN [org.apache.kafka.clients.NetworkClient:775] [Consumer clientId=consumer-item_group-3, groupId=item_group] Connection to node -1 (localhost/127.0.0.1:9092) could not be established. Broker may not be available. 
2025-01-24 16:53:12.236  WARN [org.apache.kafka.clients.NetworkClient:1063] [Consumer clientId=consumer-item_group-3, groupId=item_group] Bootstrap broker localhost:9092 (id: -1 rack: null) disconnected 
2025-01-24 16:53:12.268 DEBUG [org.springframework.web.servlet.DispatcherServlet:119] POST "/item-kafka/consumer/manual-consume/v1", parameters={} 
2025-01-24 16:53:12.269 DEBUG [org.springframework.web.servlet.mvc.method.annotation.RequestMappingHandlerMapping:522] Mapped to za.co.woolworths.itemkafka_poc.controller.ItemConsumerController#manualConsumeItem() 
2025-01-24 16:53:18.100  INFO [org.apache.kafka.clients.NetworkClient:935] [Producer clientId=producer-1] Node -1 disconnected. 
2025-01-24 16:53:18.102  WARN [org.apache.kafka.clients.NetworkClient:775] [Producer clientId=producer-1] Connection to node -1 (localhost/127.0.0.1:9092) could not be established. Broker may not be available. 
2025-01-24 16:53:18.102  WARN [org.apache.kafka.clients.NetworkClient:1063] [Producer clientId=producer-1] Bootstrap broker localhost:9092 (id: -1 rack: null) disconnected 
2025-01-24 16:53:18.103  INFO [org.apache.kafka.clients.NetworkClient:935] [Consumer clientId=consumer-item_group-1, groupId=item_group] Node -1 disconnected. 
2025-01-24 16:53:18.104  WARN [org.apache.kafka.clients.NetworkClient:775] [Consumer clientId=consumer-item_group-1, groupId=item_group] Connection to node -1 (localhost/127.0.0.1:9092) could not be established. Broker may not be available. 
2025-01-24 16:53:18.106  WARN [org.apache.kafka.clients.NetworkClient:1063] [Consumer clientId=consumer-item_group-1, groupId=item_group] Bootstrap broker localhost:9092 (id: -1 rack: null) disconnected 
2025-01-24 16:53:18.101  INFO [org.apache.kafka.clients.consumer.ConsumerConfig:376] ConsumerConfig values: 
	allow.auto.create.topics = true
	auto.commit.interval.ms = 5000
	auto.offset.reset = earliest
	bootstrap.servers = [localhost:9092]
	check.crcs = true
	client.dns.lookup = use_all_dns_ips
	client.id = consumer-manual-item-group-4
	client.rack = 
	connections.max.idle.ms = 540000
	default.api.timeout.ms = 60000
	enable.auto.commit = true
	exclude.internal.topics = true
	fetch.max.bytes = 52428800
	fetch.max.wait.ms = 500
	fetch.min.bytes = 1
	group.id = manual-item-group
	group.instance.id = null
	heartbeat.interval.ms = 3000
	interceptor.classes = []
	internal.leave.group.on.close = true
	internal.throw.on.fetch.stable.offset.unsupported = false
	isolation.level = read_uncommitted
	key.deserializer = class org.apache.kafka.common.serialization.StringDeserializer
	max.partition.fetch.bytes = 1048576
	max.poll.interval.ms = 300000
	max.poll.records = 500
	metadata.max.age.ms = 300000
	metric.reporters = []
	metrics.num.samples = 2
	metrics.recording.level = INFO
	metrics.sample.window.ms = 30000
	partition.assignment.strategy = [class org.apache.kafka.clients.consumer.RangeAssignor, class org.apache.kafka.clients.consumer.CooperativeStickyAssignor]
	receive.buffer.bytes = 65536
	reconnect.backoff.max.ms = 1000
	reconnect.backoff.ms = 50
	request.timeout.ms = 30000
	retry.backoff.ms = 100
	sasl.client.callback.handler.class = null
	sasl.jaas.config = null
	sasl.kerberos.kinit.cmd = /usr/bin/kinit
	sasl.kerberos.min.time.before.relogin = 60000
	sasl.kerberos.service.name = null
	sasl.kerberos.ticket.renew.jitter = 0.05
	sasl.kerberos.ticket.renew.window.factor = 0.8
	sasl.login.callback.handler.class = null
	sasl.login.class = null
	sasl.login.connect.timeout.ms = null
	sasl.login.read.timeout.ms = null
	sasl.login.refresh.buffer.seconds = 300
	sasl.login.refresh.min.period.seconds = 60
	sasl.login.refresh.window.factor = 0.8
	sasl.login.refresh.window.jitter = 0.05
	sasl.login.retry.backoff.max.ms = 10000
	sasl.login.retry.backoff.ms = 100
	sasl.mechanism = GSSAPI
	sasl.oauthbearer.clock.skew.seconds = 30
	sasl.oauthbearer.expected.audience = null
	sasl.oauthbearer.expected.issuer = null
	sasl.oauthbearer.jwks.endpoint.refresh.ms = 3600000
	sasl.oauthbearer.jwks.endpoint.retry.backoff.max.ms = 10000
	sasl.oauthbearer.jwks.endpoint.retry.backoff.ms = 100
	sasl.oauthbearer.jwks.endpoint.url = null
	sasl.oauthbearer.scope.claim.name = scope
	sasl.oauthbearer.sub.claim.name = sub
	sasl.oauthbearer.token.endpoint.url = null
	security.protocol = PLAINTEXT
	security.providers = null
	send.buffer.bytes = 131072
	session.timeout.ms = 45000
	socket.connection.setup.timeout.max.ms = 30000
	socket.connection.setup.timeout.ms = 10000
	ssl.cipher.suites = null
	ssl.enabled.protocols = [TLSv1.2, TLSv1.3]
	ssl.endpoint.identification.algorithm = https
	ssl.engine.factory.class = null
	ssl.key.password = null
	ssl.keymanager.algorithm = SunX509
	ssl.keystore.certificate.chain = null
	ssl.keystore.key = null
	ssl.keystore.location = null
	ssl.keystore.password = null
	ssl.keystore.type = JKS
	ssl.protocol = TLSv1.3
	ssl.provider = null
	ssl.secure.random.implementation = null
	ssl.trustmanager.algorithm = PKIX
	ssl.truststore.certificates = null
	ssl.truststore.location = null
	ssl.truststore.password = null
	ssl.truststore.type = JKS
	value.deserializer = class org.apache.kafka.common.serialization.StringDeserializer
 
2025-01-24 16:53:18.110  INFO [org.apache.kafka.clients.NetworkClient:935] [Consumer clientId=consumer-item_group-2, groupId=item_group] Node -1 disconnected. 
2025-01-24 16:53:18.111  WARN [org.apache.kafka.clients.NetworkClient:775] [Consumer clientId=consumer-item_group-2, groupId=item_group] Connection to node -1 (localhost/127.0.0.1:9092) could not be established. Broker may not be available. 
2025-01-24 16:53:18.111  WARN [org.apache.kafka.clients.NetworkClient:1063] [Consumer clientId=consumer-item_group-2, groupId=item_group] Bootstrap broker localhost:9092 (id: -1 rack: null) disconnected 
2025-01-24 16:53:18.116  INFO [org.apache.kafka.common.utils.AppInfoParser:119] Kafka version: 3.1.1 
2025-01-24 16:53:18.117  INFO [org.apache.kafka.common.utils.AppInfoParser:120] Kafka commitId: 97671528ba54a138 
2025-01-24 16:53:18.117  INFO [org.apache.kafka.common.utils.AppInfoParser:121] Kafka startTimeMs: 1737730398116 
2025-01-24 16:53:23.962  INFO [org.apache.kafka.clients.consumer.KafkaConsumer:966] [Consumer clientId=consumer-manual-item-group-4, groupId=manual-item-group] Subscribed to topic(s): Item_Topic 
2025-01-24 16:53:23.963  INFO [org.apache.kafka.clients.NetworkClient:935] [Consumer clientId=consumer-item_group-3, groupId=item_group] Node -1 disconnected. 
2025-01-24 16:53:23.964  WARN [org.apache.kafka.clients.NetworkClient:775] [Consumer clientId=consumer-item_group-3, groupId=item_group] Connection to node -1 (localhost/127.0.0.1:9092) could not be established. Broker may not be available. 
2025-01-24 16:53:23.965  WARN [org.apache.kafka.clients.NetworkClient:1063] [Consumer clientId=consumer-item_group-3, groupId=item_group] Bootstrap broker localhost:9092 (id: -1 rack: null) disconnected 
2025-01-24 16:53:27.739  INFO [org.apache.kafka.clients.NetworkClient:935] [Producer clientId=producer-1] Node -1 disconnected. 
2025-01-24 16:53:27.740  WARN [org.apache.kafka.clients.NetworkClient:775] [Producer clientId=producer-1] Connection to node -1 (localhost/127.0.0.1:9092) could not be established. Broker may not be available. 
2025-01-24 16:53:27.741  WARN [org.apache.kafka.clients.NetworkClient:1063] [Producer clientId=producer-1] Bootstrap broker localhost:9092 (id: -1 rack: null) disconnected 
2025-01-24 16:53:27.743  INFO [org.apache.kafka.clients.NetworkClient:935] [Consumer clientId=consumer-item_group-1, groupId=item_group] Node -1 disconnected. 
2025-01-24 16:53:27.744  WARN [org.apache.kafka.clients.NetworkClient:775] [Consumer clientId=consumer-item_group-1, groupId=item_group] Connection to node -1 (localhost/127.0.0.1:9092) could not be established. Broker may not be available. 
2025-01-24 16:53:27.744  WARN [org.apache.kafka.clients.NetworkClient:1063] [Consumer clientId=consumer-item_group-1, groupId=item_group] Bootstrap broker localhost:9092 (id: -1 rack: null) disconnected 
2025-01-24 16:53:29.760  INFO [org.apache.kafka.clients.NetworkClient:935] [Consumer clientId=consumer-manual-item-group-4, groupId=manual-item-group] Node -1 disconnected. 
2025-01-24 16:53:29.760  WARN [org.apache.kafka.clients.NetworkClient:775] [Consumer clientId=consumer-manual-item-group-4, groupId=manual-item-group] Connection to node -1 (localhost/127.0.0.1:9092) could not be established. Broker may not be available. 
2025-01-24 16:53:29.760  WARN [org.apache.kafka.clients.NetworkClient:1063] [Consumer clientId=consumer-manual-item-group-4, groupId=manual-item-group] Bootstrap broker localhost:9092 (id: -1 rack: null) disconnected 
2025-01-24 16:53:29.790  INFO [org.apache.kafka.clients.NetworkClient:935] [Consumer clientId=consumer-item_group-3, groupId=item_group] Node -1 disconnected. 
2025-01-24 16:53:29.790  INFO [org.apache.kafka.clients.NetworkClient:935] [Consumer clientId=consumer-item_group-2, groupId=item_group] Node -1 disconnected. 
2025-01-24 16:53:29.790  WARN [org.apache.kafka.clients.NetworkClient:775] [Consumer clientId=consumer-item_group-3, groupId=item_group] Connection to node -1 (localhost/127.0.0.1:9092) could not be established. Broker may not be available. 
2025-01-24 16:53:29.790  WARN [org.apache.kafka.clients.NetworkClient:775] [Consumer clientId=consumer-item_group-2, groupId=item_group] Connection to node -1 (localhost/127.0.0.1:9092) could not be established. Broker may not be available. 
2025-01-24 16:53:29.790  WARN [org.apache.kafka.clients.NetworkClient:1063] [Consumer clientId=consumer-item_group-3, groupId=item_group] Bootstrap broker localhost:9092 (id: -1 rack: null) disconnected 
2025-01-24 16:53:29.790  WARN [org.apache.kafka.clients.NetworkClient:1063] [Consumer clientId=consumer-item_group-2, groupId=item_group] Bootstrap broker localhost:9092 (id: -1 rack: null) disconnected 
2025-01-24 16:53:30.649  INFO [org.apache.kafka.clients.NetworkClient:935] [Consumer clientId=consumer-item_group-1, groupId=item_group] Node -1 disconnected. 
2025-01-24 16:53:30.650  WARN [org.apache.kafka.clients.NetworkClient:775] [Consumer clientId=consumer-item_group-1, groupId=item_group] Connection to node -1 (localhost/127.0.0.1:9092) could not be established. Broker may not be available. 
2025-01-24 16:53:30.651  WARN [org.apache.kafka.clients.NetworkClient:1063] [Consumer clientId=consumer-item_group-1, groupId=item_group] Bootstrap broker localhost:9092 (id: -1 rack: null) disconnected 
2025-01-24 16:53:30.959  INFO [org.apache.kafka.clients.NetworkClient:935] [Producer clientId=producer-1] Node -1 disconnected. 
2025-01-24 16:53:30.959  WARN [org.apache.kafka.clients.NetworkClient:775] [Producer clientId=producer-1] Connection to node -1 (localhost/127.0.0.1:9092) could not be established. Broker may not be available. 
2025-01-24 16:53:30.959  WARN [org.apache.kafka.clients.NetworkClient:1063] [Producer clientId=producer-1] Bootstrap broker localhost:9092 (id: -1 rack: null) disconnected 
2025-01-24 16:53:31.925  INFO [org.apache.kafka.clients.NetworkClient:935] [Consumer clientId=consumer-manual-item-group-4, groupId=manual-item-group] Node -1 disconnected. 
2025-01-24 16:53:31.926  WARN [org.apache.kafka.clients.NetworkClient:775] [Consumer clientId=consumer-manual-item-group-4, groupId=manual-item-group] Connection to node -1 (localhost/127.0.0.1:9092) could not be established. Broker may not be available. 
2025-01-24 16:53:31.927  WARN [org.apache.kafka.clients.NetworkClient:1063] [Consumer clientId=consumer-manual-item-group-4, groupId=manual-item-group] Bootstrap broker localhost:9092 (id: -1 rack: null) disconnected 
2025-01-24 16:53:32.704  INFO [org.apache.kafka.clients.NetworkClient:935] [Consumer clientId=consumer-item_group-2, groupId=item_group] Node -1 disconnected. 
2025-01-24 16:53:32.705  WARN [org.apache.kafka.clients.NetworkClient:775] [Consumer clientId=consumer-item_group-2, groupId=item_group] Connection to node -1 (localhost/127.0.0.1:9092) could not be established. Broker may not be available. 
2025-01-24 16:53:32.706  WARN [org.apache.kafka.clients.NetworkClient:1063] [Consumer clientId=consumer-item_group-2, groupId=item_group] Bootstrap broker localhost:9092 (id: -1 rack: null) disconnected 
2025-01-24 16:53:32.767  INFO [org.apache.kafka.clients.NetworkClient:935] [Consumer clientId=consumer-item_group-3, groupId=item_group] Node -1 disconnected. 
2025-01-24 16:53:32.768  WARN [org.apache.kafka.clients.NetworkClient:775] [Consumer clientId=consumer-item_group-3, groupId=item_group] Connection to node -1 (localhost/127.0.0.1:9092) could not be established. Broker may not be available. 
2025-01-24 16:53:32.769  WARN [org.apache.kafka.clients.NetworkClient:1063] [Consumer clientId=consumer-item_group-3, groupId=item_group] Bootstrap broker localhost:9092 (id: -1 rack: null) disconnected 
2025-01-24 16:53:33.621  INFO [org.apache.kafka.clients.NetworkClient:935] [Consumer clientId=consumer-item_group-1, groupId=item_group] Node -1 disconnected. 
2025-01-24 16:53:33.623  WARN [org.apache.kafka.clients.NetworkClient:775] [Consumer clientId=consumer-item_group-1, groupId=item_group] Connection to node -1 (localhost/127.0.0.1:9092) could not be established. Broker may not be available. 
2025-01-24 16:53:33.624  WARN [org.apache.kafka.clients.NetworkClient:1063] [Consumer clientId=consumer-item_group-1, groupId=item_group] Bootstrap broker localhost:9092 (id: -1 rack: null) disconnected 
2025-01-24 16:53:33.967  INFO [org.apache.kafka.clients.NetworkClient:935] [Producer clientId=producer-1] Node -1 disconnected. 
2025-01-24 16:53:33.968  WARN [org.apache.kafka.clients.NetworkClient:775] [Producer clientId=producer-1] Connection to node -1 (localhost/127.0.0.1:9092) could not be established. Broker may not be available. 
2025-01-24 16:53:33.969  WARN [org.apache.kafka.clients.NetworkClient:1063] [Producer clientId=producer-1] Bootstrap broker localhost:9092 (id: -1 rack: null) disconnected 
2025-01-24 16:53:34.076  INFO [org.apache.kafka.clients.NetworkClient:935] [Consumer clientId=consumer-manual-item-group-4, groupId=manual-item-group] Node -1 disconnected. 
2025-01-24 16:53:34.077  WARN [org.apache.kafka.clients.NetworkClient:775] [Consumer clientId=consumer-manual-item-group-4, groupId=manual-item-group] Connection to node -1 (localhost/127.0.0.1:9092) could not be established. Broker may not be available. 
2025-01-24 16:53:34.078  WARN [org.apache.kafka.clients.NetworkClient:1063] [Consumer clientId=consumer-manual-item-group-4, groupId=manual-item-group] Bootstrap broker localhost:9092 (id: -1 rack: null) disconnected 
2025-01-24 16:53:35.858  INFO [org.apache.kafka.clients.NetworkClient:935] [Consumer clientId=consumer-item_group-2, groupId=item_group] Node -1 disconnected. 
2025-01-24 16:53:35.859  WARN [org.apache.kafka.clients.NetworkClient:775] [Consumer clientId=consumer-item_group-2, groupId=item_group] Connection to node -1 (localhost/127.0.0.1:9092) could not be established. Broker may not be available. 
2025-01-24 16:53:35.859  WARN [org.apache.kafka.clients.NetworkClient:1063] [Consumer clientId=consumer-item_group-2, groupId=item_group] Bootstrap broker localhost:9092 (id: -1 rack: null) disconnected 
2025-01-24 16:53:35.906  INFO [org.apache.kafka.clients.NetworkClient:935] [Consumer clientId=consumer-item_group-3, groupId=item_group] Node -1 disconnected. 
2025-01-24 16:53:35.906  WARN [org.apache.kafka.clients.NetworkClient:775] [Consumer clientId=consumer-item_group-3, groupId=item_group] Connection to node -1 (localhost/127.0.0.1:9092) could not be established. Broker may not be available. 
2025-01-24 16:53:35.906  WARN [org.apache.kafka.clients.NetworkClient:1063] [Consumer clientId=consumer-item_group-3, groupId=item_group] Bootstrap broker localhost:9092 (id: -1 rack: null) disconnected 
2025-01-24 16:53:36.268  INFO [org.apache.kafka.clients.NetworkClient:935] [Consumer clientId=consumer-manual-item-group-4, groupId=manual-item-group] Node -1 disconnected. 
2025-01-24 16:53:36.269  WARN [org.apache.kafka.clients.NetworkClient:775] [Consumer clientId=consumer-manual-item-group-4, groupId=manual-item-group] Connection to node -1 (localhost/127.0.0.1:9092) could not be established. Broker may not be available. 
2025-01-24 16:53:36.269  WARN [org.apache.kafka.clients.NetworkClient:1063] [Consumer clientId=consumer-manual-item-group-4, groupId=manual-item-group] Bootstrap broker localhost:9092 (id: -1 rack: null) disconnected 
2025-01-24 16:53:36.755  INFO [org.apache.kafka.clients.NetworkClient:935] [Consumer clientId=consumer-item_group-1, groupId=item_group] Node -1 disconnected. 
2025-01-24 16:53:36.756  WARN [org.apache.kafka.clients.NetworkClient:775] [Consumer clientId=consumer-item_group-1, groupId=item_group] Connection to node -1 (localhost/127.0.0.1:9092) could not be established. Broker may not be available. 
2025-01-24 16:53:36.756  WARN [org.apache.kafka.clients.NetworkClient:1063] [Consumer clientId=consumer-item_group-1, groupId=item_group] Bootstrap broker localhost:9092 (id: -1 rack: null) disconnected 
2025-01-24 16:53:37.162  INFO [org.apache.kafka.clients.NetworkClient:935] [Producer clientId=producer-1] Node -1 disconnected. 
2025-01-24 16:53:37.162  WARN [org.apache.kafka.clients.NetworkClient:775] [Producer clientId=producer-1] Connection to node -1 (localhost/127.0.0.1:9092) could not be established. Broker may not be available. 
2025-01-24 16:53:37.162  WARN [org.apache.kafka.clients.NetworkClient:1063] [Producer clientId=producer-1] Bootstrap broker localhost:9092 (id: -1 rack: null) disconnected 
2025-01-24 16:53:38.731  INFO [org.apache.kafka.clients.NetworkClient:935] [Consumer clientId=consumer-manual-item-group-4, groupId=manual-item-group] Node -1 disconnected. 
2025-01-24 16:53:38.732  WARN [org.apache.kafka.clients.NetworkClient:775] [Consumer clientId=consumer-manual-item-group-4, groupId=manual-item-group] Connection to node -1 (localhost/127.0.0.1:9092) could not be established. Broker may not be available. 
2025-01-24 16:53:38.733  WARN [org.apache.kafka.clients.NetworkClient:1063] [Consumer clientId=consumer-manual-item-group-4, groupId=manual-item-group] Bootstrap broker localhost:9092 (id: -1 rack: null) disconnected 
2025-01-24 16:53:38.745  INFO [org.apache.kafka.clients.NetworkClient:935] [Consumer clientId=consumer-item_group-2, groupId=item_group] Node -1 disconnected. 
2025-01-24 16:53:38.745  WARN [org.apache.kafka.clients.NetworkClient:775] [Consumer clientId=consumer-item_group-2, groupId=item_group] Connection to node -1 (localhost/127.0.0.1:9092) could not be established. Broker may not be available. 
2025-01-24 16:53:38.746  WARN [org.apache.kafka.clients.NetworkClient:1063] [Consumer clientId=consumer-item_group-2, groupId=item_group] Bootstrap broker localhost:9092 (id: -1 rack: null) disconnected 
2025-01-24 16:53:38.981  INFO [org.apache.kafka.clients.NetworkClient:935] [Consumer clientId=consumer-item_group-3, groupId=item_group] Node -1 disconnected. 
2025-01-24 16:53:38.982  WARN [org.apache.kafka.clients.NetworkClient:775] [Consumer clientId=consumer-item_group-3, groupId=item_group] Connection to node -1 (localhost/127.0.0.1:9092) could not be established. Broker may not be available. 
2025-01-24 16:53:38.982  WARN [org.apache.kafka.clients.NetworkClient:1063] [Consumer clientId=consumer-item_group-3, groupId=item_group] Bootstrap broker localhost:9092 (id: -1 rack: null) disconnected 
2025-01-24 16:53:39.774  INFO [org.apache.kafka.clients.NetworkClient:935] [Consumer clientId=consumer-item_group-1, groupId=item_group] Node -1 disconnected. 
2025-01-24 16:53:39.775  WARN [org.apache.kafka.clients.NetworkClient:775] [Consumer clientId=consumer-item_group-1, groupId=item_group] Connection to node -1 (localhost/127.0.0.1:9092) could not be established. Broker may not be available. 
2025-01-24 16:53:39.775  WARN [org.apache.kafka.clients.NetworkClient:1063] [Consumer clientId=consumer-item_group-1, groupId=item_group] Bootstrap broker localhost:9092 (id: -1 rack: null) disconnected 
2025-01-24 16:53:40.400  INFO [org.apache.kafka.clients.NetworkClient:935] [Producer clientId=producer-1] Node -1 disconnected. 
2025-01-24 16:53:40.401  WARN [org.apache.kafka.clients.NetworkClient:775] [Producer clientId=producer-1] Connection to node -1 (localhost/127.0.0.1:9092) could not be established. Broker may not be available. 
2025-01-24 16:53:40.401  WARN [org.apache.kafka.clients.NetworkClient:1063] [Producer clientId=producer-1] Bootstrap broker localhost:9092 (id: -1 rack: null) disconnected 
2025-01-24 16:53:41.520  INFO [org.apache.kafka.clients.NetworkClient:935] [Consumer clientId=consumer-manual-item-group-4, groupId=manual-item-group] Node -1 disconnected. 
2025-01-24 16:53:41.522  WARN [org.apache.kafka.clients.NetworkClient:775] [Consumer clientId=consumer-manual-item-group-4, groupId=manual-item-group] Connection to node -1 (localhost/127.0.0.1:9092) could not be established. Broker may not be available. 
2025-01-24 16:53:41.523  WARN [org.apache.kafka.clients.NetworkClient:1063] [Consumer clientId=consumer-manual-item-group-4, groupId=manual-item-group] Bootstrap broker localhost:9092 (id: -1 rack: null) disconnected 
2025-01-24 16:53:41.972  INFO [org.apache.kafka.clients.NetworkClient:935] [Consumer clientId=consumer-item_group-2, groupId=item_group] Node -1 disconnected. 
2025-01-24 16:53:41.973  WARN [org.apache.kafka.clients.NetworkClient:775] [Consumer clientId=consumer-item_group-2, groupId=item_group] Connection to node -1 (localhost/127.0.0.1:9092) could not be established. Broker may not be available. 
2025-01-24 16:53:41.973  WARN [org.apache.kafka.clients.NetworkClient:1063] [Consumer clientId=consumer-item_group-2, groupId=item_group] Bootstrap broker localhost:9092 (id: -1 rack: null) disconnected 
2025-01-24 16:53:42.083  INFO [org.apache.kafka.clients.NetworkClient:935] [Consumer clientId=consumer-item_group-3, groupId=item_group] Node -1 disconnected. 
2025-01-24 16:53:42.084  WARN [org.apache.kafka.clients.NetworkClient:775] [Consumer clientId=consumer-item_group-3, groupId=item_group] Connection to node -1 (localhost/127.0.0.1:9092) could not be established. Broker may not be available. 
2025-01-24 16:53:42.084  WARN [org.apache.kafka.clients.NetworkClient:1063] [Consumer clientId=consumer-item_group-3, groupId=item_group] Bootstrap broker localhost:9092 (id: -1 rack: null) disconnected 
2025-01-24 16:53:43.051  INFO [org.apache.kafka.clients.NetworkClient:935] [Consumer clientId=consumer-item_group-1, groupId=item_group] Node -1 disconnected. 
2025-01-24 16:53:43.052  WARN [org.apache.kafka.clients.NetworkClient:775] [Consumer clientId=consumer-item_group-1, groupId=item_group] Connection to node -1 (localhost/127.0.0.1:9092) could not be established. Broker may not be available. 
2025-01-24 16:53:43.053  WARN [org.apache.kafka.clients.NetworkClient:1063] [Consumer clientId=consumer-item_group-1, groupId=item_group] Bootstrap broker localhost:9092 (id: -1 rack: null) disconnected 
2025-01-24 16:53:43.597  INFO [org.apache.kafka.clients.NetworkClient:935] [Producer clientId=producer-1] Node -1 disconnected. 
2025-01-24 16:53:43.598  WARN [org.apache.kafka.clients.NetworkClient:775] [Producer clientId=producer-1] Connection to node -1 (localhost/127.0.0.1:9092) could not be established. Broker may not be available. 
2025-01-24 16:53:43.599  WARN [org.apache.kafka.clients.NetworkClient:1063] [Producer clientId=producer-1] Bootstrap broker localhost:9092 (id: -1 rack: null) disconnected 
2025-01-24 16:53:44.688  INFO [org.apache.kafka.clients.NetworkClient:935] [Consumer clientId=consumer-manual-item-group-4, groupId=manual-item-group] Node -1 disconnected. 
2025-01-24 16:53:44.689  WARN [org.apache.kafka.clients.NetworkClient:775] [Consumer clientId=consumer-manual-item-group-4, groupId=manual-item-group] Connection to node -1 (localhost/127.0.0.1:9092) could not be established. Broker may not be available. 
2025-01-24 16:53:44.690  WARN [org.apache.kafka.clients.NetworkClient:1063] [Consumer clientId=consumer-manual-item-group-4, groupId=manual-item-group] Bootstrap broker localhost:9092 (id: -1 rack: null) disconnected 
2025-01-24 16:53:45.218  INFO [org.apache.kafka.clients.NetworkClient:935] [Consumer clientId=consumer-item_group-2, groupId=item_group] Node -1 disconnected. 
2025-01-24 16:53:45.219  WARN [org.apache.kafka.clients.NetworkClient:775] [Consumer clientId=consumer-item_group-2, groupId=item_group] Connection to node -1 (localhost/127.0.0.1:9092) could not be established. Broker may not be available. 
2025-01-24 16:53:45.219  WARN [org.apache.kafka.clients.NetworkClient:1063] [Consumer clientId=consumer-item_group-2, groupId=item_group] Bootstrap broker localhost:9092 (id: -1 rack: null) disconnected 
2025-01-24 16:53:45.357  INFO [org.apache.kafka.clients.NetworkClient:935] [Consumer clientId=consumer-item_group-3, groupId=item_group] Node -1 disconnected. 
2025-01-24 16:53:45.357  WARN [org.apache.kafka.clients.NetworkClient:775] [Consumer clientId=consumer-item_group-3, groupId=item_group] Connection to node -1 (localhost/127.0.0.1:9092) could not be established. Broker may not be available. 
2025-01-24 16:53:45.357  WARN [org.apache.kafka.clients.NetworkClient:1063] [Consumer clientId=consumer-item_group-3, groupId=item_group] Bootstrap broker localhost:9092 (id: -1 rack: null) disconnected 
2025-01-24 16:53:46.048  INFO [org.apache.kafka.clients.NetworkClient:935] [Consumer clientId=consumer-item_group-1, groupId=item_group] Node -1 disconnected. 
2025-01-24 16:53:46.049  WARN [org.apache.kafka.clients.NetworkClient:775] [Consumer clientId=consumer-item_group-1, groupId=item_group] Connection to node -1 (localhost/127.0.0.1:9092) could not be established. Broker may not be available. 
2025-01-24 16:53:46.050  WARN [org.apache.kafka.clients.NetworkClient:1063] [Consumer clientId=consumer-item_group-1, groupId=item_group] Bootstrap broker localhost:9092 (id: -1 rack: null) disconnected 
2025-01-24 16:53:46.499  INFO [org.apache.kafka.clients.NetworkClient:935] [Producer clientId=producer-1] Node -1 disconnected. 
2025-01-24 16:53:46.501  WARN [org.apache.kafka.clients.NetworkClient:775] [Producer clientId=producer-1] Connection to node -1 (localhost/127.0.0.1:9092) could not be established. Broker may not be available. 
2025-01-24 16:53:46.501  WARN [org.apache.kafka.clients.NetworkClient:1063] [Producer clientId=producer-1] Bootstrap broker localhost:9092 (id: -1 rack: null) disconnected 
2025-01-24 16:53:47.659 ERROR [za.co.woolworths.itemkafka_poc.kafka.producer.ItemProducerService:43] Failed to send message for itemId: 100027628 due to error: java.lang.InterruptedException 
2025-01-24 16:53:47.660  INFO [org.apache.kafka.clients.consumer.internals.ConsumerCoordinator:972] [Consumer clientId=consumer-manual-item-group-4, groupId=manual-item-group] Resetting generation due to: consumer pro-actively leaving the group 
2025-01-24 16:53:47.660  INFO [org.apache.kafka.clients.consumer.internals.ConsumerCoordinator:1000] [Consumer clientId=consumer-manual-item-group-4, groupId=manual-item-group] Request joining group due to: consumer pro-actively leaving the group 
2025-01-24 16:53:47.661 ERROR [za.co.woolworths.itemkafka_poc.kafka.producer.ItemProducerService:43] Failed to send message for itemId: 100027636 due to error: java.lang.InterruptedException 
2025-01-24 16:53:47.662  INFO [org.apache.kafka.common.metrics.Metrics:659] Metrics scheduler closed 
2025-01-24 16:53:47.662  INFO [org.apache.kafka.common.metrics.Metrics:663] Closing reporter org.apache.kafka.common.metrics.JmxReporter 
2025-01-24 16:53:47.663 ERROR [za.co.woolworths.itemkafka_poc.kafka.producer.ItemProducerService:43] Failed to send message for itemId: 100028638 due to error: java.lang.InterruptedException 
2025-01-24 16:53:47.663  INFO [org.apache.kafka.common.metrics.Metrics:669] Metrics reporters closed 
2025-01-24 16:53:47.664 ERROR [za.co.woolworths.itemkafka_poc.kafka.producer.ItemProducerService:43] Failed to send message for itemId: 100028646 due to error: java.lang.InterruptedException 
2025-01-24 16:53:47.666 ERROR [za.co.woolworths.itemkafka_poc.kafka.producer.ItemProducerService:43] Failed to send message for itemId: 100029622 due to error: java.lang.InterruptedException 
2025-01-24 16:53:47.668 ERROR [za.co.woolworths.itemkafka_poc.kafka.producer.ItemProducerService:43] Failed to send message for itemId: 100031620 due to error: java.lang.InterruptedException 
2025-01-24 16:53:47.669 ERROR [za.co.woolworths.itemkafka_poc.kafka.producer.ItemProducerService:43] Failed to send message for itemId: 100031654 due to error: java.lang.InterruptedException 
2025-01-24 16:53:47.670  INFO [org.apache.kafka.common.utils.AppInfoParser:83] App info kafka.consumer for consumer-manual-item-group-4 unregistered 
2025-01-24 16:53:47.671 ERROR [za.co.woolworths.itemkafka_poc.kafka.producer.ItemProducerService:43] Failed to send message for itemId: 100031662 due to error: java.lang.InterruptedException 
2025-01-24 16:53:47.673 ERROR [za.co.woolworths.itemkafka_poc.kafka.producer.ItemProducerService:43] Failed to send message for itemId: 100031670 due to error: java.lang.InterruptedException 
2025-01-24 16:53:47.675 DEBUG [org.springframework.web.servlet.DispatcherServlet:1101] Failed to complete request: org.apache.kafka.common.errors.InterruptException: java.lang.InterruptedException 
2025-01-24 16:53:47.675 ERROR [za.co.woolworths.itemkafka_poc.kafka.producer.ItemProducerService:43] Failed to send message for itemId: 100031872 due to error: java.lang.InterruptedException 
2025-01-24 16:53:47.676 ERROR [za.co.woolworths.itemkafka_poc.kafka.producer.ItemProducerService:43] Failed to send message for itemId: 100032622 due to error: java.lang.InterruptedException 
2025-01-24 16:53:47.676 ERROR [za.co.woolworths.itemkafka_poc.kafka.producer.ItemProducerService:43] Failed to send message for itemId: 100032630 due to error: java.lang.InterruptedException 
2025-01-24 16:53:47.677 ERROR [za.co.woolworths.itemkafka_poc.kafka.producer.ItemProducerService:43] Failed to send message for itemId: 100032648 due to error: java.lang.InterruptedException 
2025-01-24 16:53:47.677 ERROR [za.co.woolworths.itemkafka_poc.kafka.producer.ItemProducerService:43] Failed to send message for itemId: 100032656 due to error: java.lang.InterruptedException 
2025-01-24 16:53:47.678 ERROR [za.co.woolworths.itemkafka_poc.kafka.producer.ItemProducerService:43] Failed to send message for itemId: 100033624 due to error: java.lang.InterruptedException 
2025-01-24 16:53:47.678 ERROR [za.co.woolworths.itemkafka_poc.kafka.producer.ItemProducerService:43] Failed to send message for itemId: 100034626 due to error: java.lang.InterruptedException 
2025-01-24 16:53:47.678 ERROR [za.co.woolworths.itemkafka_poc.kafka.producer.ItemProducerService:43] Failed to send message for itemId: 100034634 due to error: java.lang.InterruptedException 
2025-01-24 16:53:47.679 ERROR [za.co.woolworths.itemkafka_poc.kafka.producer.ItemProducerService:43] Failed to send message for itemId: 100034642 due to error: java.lang.InterruptedException 
2025-01-24 16:53:47.679 ERROR [za.co.woolworths.itemkafka_poc.kafka.producer.ItemProducerService:43] Failed to send message for itemId: 100035628 due to error: java.lang.InterruptedException 
2025-01-24 16:53:47.680 ERROR [za.co.woolworths.itemkafka_poc.kafka.producer.ItemProducerService:43] Failed to send message for itemId: 100035644 due to error: java.lang.InterruptedException 
2025-01-24 16:53:47.680 ERROR [za.co.woolworths.itemkafka_poc.kafka.producer.ItemProducerService:43] Failed to send message for itemId: 100036620 due to error: java.lang.InterruptedException 
2025-01-24 16:53:47.681 ERROR [za.co.woolworths.itemkafka_poc.kafka.producer.ItemProducerService:43] Failed to send message for itemId: 100036638 due to error: java.lang.InterruptedException 
2025-01-24 16:53:47.681 ERROR [za.co.woolworths.itemkafka_poc.kafka.producer.ItemProducerService:43] Failed to send message for itemId: 100036646 due to error: java.lang.InterruptedException 
2025-01-24 16:53:47.683 ERROR [za.co.woolworths.itemkafka_poc.kafka.producer.ItemProducerService:43] Failed to send message for itemId: 100036654 due to error: java.lang.InterruptedException 
2025-01-24 16:53:47.685 ERROR [za.co.woolworths.itemkafka_poc.kafka.producer.ItemProducerService:43] Failed to send message for itemId: 100036662 due to error: java.lang.InterruptedException 
2025-01-24 16:53:47.687 ERROR [za.co.woolworths.itemkafka_poc.kafka.producer.ItemProducerService:43] Failed to send message for itemId: 100037622 due to error: java.lang.InterruptedException 
2025-01-24 16:53:47.689 ERROR [za.co.woolworths.itemkafka_poc.kafka.producer.ItemProducerService:43] Failed to send message for itemId: 100037648 due to error: java.lang.InterruptedException 
2025-01-24 16:53:47.691 ERROR [za.co.woolworths.itemkafka_poc.kafka.producer.ItemProducerService:43] Failed to send message for itemId: 100037664 due to error: java.lang.InterruptedException 
2025-01-24 16:53:47.693 ERROR [za.co.woolworths.itemkafka_poc.kafka.producer.ItemProducerService:43] Failed to send message for itemId: 100037672 due to error: java.lang.InterruptedException 
2025-01-24 16:53:47.695 ERROR [za.co.woolworths.itemkafka_poc.kafka.producer.ItemProducerService:43] Failed to send message for itemId: 100038624 due to error: java.lang.InterruptedException 
2025-01-24 16:53:47.697 ERROR [za.co.woolworths.itemkafka_poc.kafka.producer.ItemProducerService:43] Failed to send message for itemId: 100038632 due to error: java.lang.InterruptedException 
2025-01-24 16:53:47.699 ERROR [za.co.woolworths.itemkafka_poc.kafka.producer.ItemProducerService:43] Failed to send message for itemId: 100038658 due to error: java.lang.InterruptedException 
2025-01-24 16:53:47.702 ERROR [za.co.woolworths.itemkafka_poc.kafka.producer.ItemProducerService:43] Failed to send message for itemId: 100038666 due to error: java.lang.InterruptedException 
2025-01-24 16:53:47.705 ERROR [za.co.woolworths.itemkafka_poc.kafka.producer.ItemProducerService:43] Failed to send message for itemId: 100038674 due to error: java.lang.InterruptedException 
2025-01-24 16:53:47.706 ERROR [za.co.woolworths.itemkafka_poc.kafka.producer.ItemProducerService:43] Failed to send message for itemId: 100038682 due to error: java.lang.InterruptedException 
2025-01-24 16:53:47.708 ERROR [za.co.woolworths.itemkafka_poc.kafka.producer.ItemProducerService:43] Failed to send message for itemId: 100038690 due to error: java.lang.InterruptedException 
2025-01-24 16:53:47.709 ERROR [za.co.woolworths.itemkafka_poc.kafka.producer.ItemProducerService:43] Failed to send message for itemId: 100038704 due to error: java.lang.InterruptedException 
2025-01-24 16:53:47.710 ERROR [za.co.woolworths.itemkafka_poc.kafka.producer.ItemProducerService:43] Failed to send message for itemId: 100038712 due to error: java.lang.InterruptedException 
2025-01-24 16:53:47.711 ERROR [za.co.woolworths.itemkafka_poc.kafka.producer.ItemProducerService:43] Failed to send message for itemId: 100038720 due to error: java.lang.InterruptedException 
2025-01-24 16:53:47.712 ERROR [za.co.woolworths.itemkafka_poc.kafka.producer.ItemProducerService:43] Failed to send message for itemId: 100038738 due to error: java.lang.InterruptedException 
2025-01-24 16:53:47.714 ERROR [za.co.woolworths.itemkafka_poc.kafka.producer.ItemProducerService:43] Failed to send message for itemId: 100038746 due to error: java.lang.InterruptedException 
2025-01-24 16:53:47.716 ERROR [za.co.woolworths.itemkafka_poc.kafka.producer.ItemProducerService:43] Failed to send message for itemId: 100038762 due to error: java.lang.InterruptedException 
2025-01-24 16:53:47.718 ERROR [za.co.woolworths.itemkafka_poc.kafka.producer.ItemProducerService:43] Failed to send message for itemId: 100038788 due to error: java.lang.InterruptedException 
2025-01-24 16:53:47.721 ERROR [za.co.woolworths.itemkafka_poc.kafka.producer.ItemProducerService:43] Failed to send message for itemId: 100038796 due to error: java.lang.InterruptedException 
2025-01-24 16:53:47.723 ERROR [za.co.woolworths.itemkafka_poc.kafka.producer.ItemProducerService:43] Failed to send message for itemId: 100038800 due to error: java.lang.InterruptedException 
2025-01-24 16:53:47.725 ERROR [za.co.woolworths.itemkafka_poc.kafka.producer.ItemProducerService:43] Failed to send message for itemId: 100038818 due to error: java.lang.InterruptedException 
2025-01-24 16:53:47.727 ERROR [za.co.woolworths.itemkafka_poc.kafka.producer.ItemProducerService:43] Failed to send message for itemId: 100038826 due to error: java.lang.InterruptedException 
2025-01-24 16:53:47.728 ERROR [za.co.woolworths.itemkafka_poc.kafka.producer.ItemProducerService:43] Failed to send message for itemId: 100038834 due to error: java.lang.InterruptedException 
2025-01-24 16:53:47.729 ERROR [za.co.woolworths.itemkafka_poc.kafka.producer.ItemProducerService:43] Failed to send message for itemId: 100038842 due to error: java.lang.InterruptedException 
2025-01-24 16:53:47.729 ERROR [za.co.woolworths.itemkafka_poc.kafka.producer.ItemProducerService:43] Failed to send message for itemId: 100038850 due to error: java.lang.InterruptedException 
2025-01-24 16:53:47.730 ERROR [za.co.woolworths.itemkafka_poc.kafka.producer.ItemProducerService:43] Failed to send message for itemId: 100038868 due to error: java.lang.InterruptedException 
2025-01-24 16:53:47.730 ERROR [za.co.woolworths.itemkafka_poc.kafka.producer.ItemProducerService:43] Failed to send message for itemId: 100038876 due to error: java.lang.InterruptedException 
2025-01-24 16:53:47.731 ERROR [za.co.woolworths.itemkafka_poc.kafka.producer.ItemProducerService:43] Failed to send message for itemId: 100038884 due to error: java.lang.InterruptedException 
2025-01-24 16:53:47.732 ERROR [za.co.woolworths.itemkafka_poc.kafka.producer.ItemProducerService:43] Failed to send message for itemId: 100038892 due to error: java.lang.InterruptedException 
2025-01-24 16:53:47.732 ERROR [za.co.woolworths.itemkafka_poc.kafka.producer.ItemProducerService:43] Failed to send message for itemId: 100038906 due to error: java.lang.InterruptedException 
2025-01-24 16:53:47.733 ERROR [za.co.woolworths.itemkafka_poc.kafka.producer.ItemProducerService:43] Failed to send message for itemId: 100038914 due to error: java.lang.InterruptedException 
2025-01-24 16:53:47.733 ERROR [za.co.woolworths.itemkafka_poc.kafka.producer.ItemProducerService:43] Failed to send message for itemId: 100038922 due to error: java.lang.InterruptedException 
2025-01-24 16:53:47.734 ERROR [za.co.woolworths.itemkafka_poc.kafka.producer.ItemProducerService:43] Failed to send message for itemId: 100038930 due to error: java.lang.InterruptedException 
2025-01-24 16:53:47.735 ERROR [za.co.woolworths.itemkafka_poc.kafka.producer.ItemProducerService:43] Failed to send message for itemId: 100039626 due to error: java.lang.InterruptedException 
2025-01-24 16:53:47.736 ERROR [za.co.woolworths.itemkafka_poc.kafka.producer.ItemProducerService:43] Failed to send message for itemId: 100039650 due to error: java.lang.InterruptedException 
2025-01-24 16:53:47.736 ERROR [za.co.woolworths.itemkafka_poc.kafka.producer.ItemProducerService:43] Failed to send message for itemId: 100039684 due to error: java.lang.InterruptedException 
2025-01-24 16:53:47.737 ERROR [za.co.woolworths.itemkafka_poc.kafka.producer.ItemProducerService:43] Failed to send message for itemId: 100039692 due to error: java.lang.InterruptedException 
2025-01-24 16:53:47.738 ERROR [za.co.woolworths.itemkafka_poc.kafka.producer.ItemProducerService:43] Failed to send message for itemId: 100039706 due to error: java.lang.InterruptedException 
2025-01-24 16:53:47.739 ERROR [za.co.woolworths.itemkafka_poc.kafka.producer.ItemProducerService:43] Failed to send message for itemId: 100039714 due to error: java.lang.InterruptedException 
2025-01-24 16:53:47.739 ERROR [za.co.woolworths.itemkafka_poc.kafka.producer.ItemProducerService:43] Failed to send message for itemId: 100039722 due to error: java.lang.InterruptedException 
2025-01-24 16:53:47.740 ERROR [za.co.woolworths.itemkafka_poc.kafka.producer.ItemProducerService:43] Failed to send message for itemId: 100039730 due to error: java.lang.InterruptedException 
2025-01-24 16:53:47.741 ERROR [za.co.woolworths.itemkafka_poc.kafka.producer.ItemProducerService:43] Failed to send message for itemId: 100039756 due to error: java.lang.InterruptedException 
2025-01-24 16:53:47.742 ERROR [za.co.woolworths.itemkafka_poc.kafka.producer.ItemProducerService:43] Failed to send message for itemId: 100039764 due to error: java.lang.InterruptedException 
2025-01-24 16:53:47.742 ERROR [za.co.woolworths.itemkafka_poc.kafka.producer.ItemProducerService:43] Failed to send message for itemId: 100039772 due to error: java.lang.InterruptedException 
2025-01-24 16:53:47.743 ERROR [za.co.woolworths.itemkafka_poc.kafka.producer.ItemProducerService:43] Failed to send message for itemId: 100039780 due to error: java.lang.InterruptedException 
2025-01-24 16:53:47.743 ERROR [za.co.woolworths.itemkafka_poc.kafka.producer.ItemProducerService:43] Failed to send message for itemId: 100040622 due to error: java.lang.InterruptedException 
2025-01-24 16:53:47.744 ERROR [za.co.woolworths.itemkafka_poc.kafka.producer.ItemProducerService:43] Failed to send message for itemId: 100040630 due to error: java.lang.InterruptedException 
2025-01-24 16:53:47.745 ERROR [za.co.woolworths.itemkafka_poc.kafka.producer.ItemProducerService:43] Failed to send message for itemId: 100040648 due to error: java.lang.InterruptedException 
2025-01-24 16:53:47.745 ERROR [za.co.woolworths.itemkafka_poc.kafka.producer.ItemProducerService:43] Failed to send message for itemId: 100040656 due to error: java.lang.InterruptedException 
2025-01-24 16:53:47.746 ERROR [za.co.woolworths.itemkafka_poc.kafka.producer.ItemProducerService:43] Failed to send message for itemId: 100040664 due to error: java.lang.InterruptedException 
2025-01-24 16:53:47.747 ERROR [za.co.woolworths.itemkafka_poc.kafka.producer.ItemProducerService:43] Failed to send message for itemId: 100040672 due to error: java.lang.InterruptedException 
2025-01-24 16:53:47.747 ERROR [za.co.woolworths.itemkafka_poc.kafka.producer.ItemProducerService:43] Failed to send message for itemId: 100040680 due to error: java.lang.InterruptedException 
2025-01-24 16:53:47.748 ERROR [za.co.woolworths.itemkafka_poc.kafka.producer.ItemProducerService:43] Failed to send message for itemId: 100041682 due to error: java.lang.InterruptedException 
2025-01-24 16:53:47.748 ERROR [za.co.woolworths.itemkafka_poc.kafka.producer.ItemProducerService:43] Failed to send message for itemId: 100041690 due to error: java.lang.InterruptedException 
2025-01-24 16:53:47.749 ERROR [za.co.woolworths.itemkafka_poc.kafka.producer.ItemProducerService:43] Failed to send message for itemId: 100041704 due to error: java.lang.InterruptedException 
2025-01-24 16:53:47.750 ERROR [za.co.woolworths.itemkafka_poc.kafka.producer.ItemProducerService:43] Failed to send message for itemId: 100041712 due to error: java.lang.InterruptedException 
2025-01-24 16:53:47.750 ERROR [za.co.woolworths.itemkafka_poc.kafka.producer.ItemProducerService:43] Failed to send message for itemId: 100042626 due to error: java.lang.InterruptedException 
2025-01-24 16:53:47.751 ERROR [za.co.woolworths.itemkafka_poc.kafka.producer.ItemProducerService:43] Failed to send message for itemId: 100042634 due to error: java.lang.InterruptedException 
2025-01-24 16:53:47.751 ERROR [za.co.woolworths.itemkafka_poc.kafka.producer.ItemProducerService:43] Failed to send message for itemId: 100042642 due to error: java.lang.InterruptedException 
2025-01-24 16:53:47.752 ERROR [za.co.woolworths.itemkafka_poc.kafka.producer.ItemProducerService:43] Failed to send message for itemId: 100042668 due to error: java.lang.InterruptedException 
2025-01-24 16:53:47.758 ERROR [za.co.woolworths.itemkafka_poc.kafka.producer.ItemProducerService:43] Failed to send message for itemId: 100042676 due to error: java.lang.InterruptedException 
2025-01-24 16:53:47.759 ERROR [za.co.woolworths.itemkafka_poc.kafka.producer.ItemProducerService:43] Failed to send message for itemId: 100042684 due to error: java.lang.InterruptedException 
2025-01-24 16:53:47.759 ERROR [za.co.woolworths.itemkafka_poc.kafka.producer.ItemProducerService:43] Failed to send message for itemId: 100042692 due to error: java.lang.InterruptedException 
2025-01-24 16:53:47.760 ERROR [za.co.woolworths.itemkafka_poc.kafka.producer.ItemProducerService:43] Failed to send message for itemId: 100044620 due to error: java.lang.InterruptedException 
2025-01-24 16:53:47.760 ERROR [za.co.woolworths.itemkafka_poc.kafka.producer.ItemProducerService:43] Failed to send message for itemId: 100044638 due to error: java.lang.InterruptedException 
2025-01-24 16:53:47.761 ERROR [za.co.woolworths.itemkafka_poc.kafka.producer.ItemProducerService:43] Failed to send message for itemId: 100044646 due to error: java.lang.InterruptedException 
2025-01-24 16:53:47.761 ERROR [za.co.woolworths.itemkafka_poc.kafka.producer.ItemProducerService:43] Failed to send message for itemId: 100044654 due to error: java.lang.InterruptedException 
2025-01-24 16:53:47.761 ERROR [za.co.woolworths.itemkafka_poc.kafka.producer.ItemProducerService:43] Failed to send message for itemId: 100044662 due to error: java.lang.InterruptedException 
2025-01-24 16:53:47.762 ERROR [za.co.woolworths.itemkafka_poc.kafka.producer.ItemProducerService:43] Failed to send message for itemId: 100044670 due to error: java.lang.InterruptedException 
2025-01-24 16:53:47.762 ERROR [za.co.woolworths.itemkafka_poc.kafka.producer.ItemProducerService:43] Failed to send message for itemId: 100044696 due to error: java.lang.InterruptedException 
2025-01-24 16:53:47.763 ERROR [za.co.woolworths.itemkafka_poc.kafka.producer.ItemProducerService:43] Failed to send message for itemId: 100044700 due to error: java.lang.InterruptedException 
2025-01-24 16:53:47.764 ERROR [za.co.woolworths.itemkafka_poc.kafka.producer.ItemProducerService:43] Failed to send message for itemId: 100044718 due to error: java.lang.InterruptedException 
2025-01-24 16:53:47.765 ERROR [za.co.woolworths.itemkafka_poc.kafka.producer.ItemProducerService:43] Failed to send message for itemId: 100046624 due to error: java.lang.InterruptedException 
2025-01-24 16:53:47.765 ERROR [za.co.woolworths.itemkafka_poc.kafka.producer.ItemProducerService:43] Failed to send message for itemId: 100046632 due to error: java.lang.InterruptedException 
2025-01-24 16:53:47.775 DEBUG [org.springframework.web.servlet.mvc.method.annotation.RequestResponseBodyMethodProcessor:268] Using 'application/text', given [application/text] and supported [application/text] 
2025-01-24 16:53:47.776 DEBUG [org.springframework.web.servlet.mvc.method.annotation.RequestResponseBodyMethodProcessor:119] Writing ["Items sent to Kafka Topic successfully!"] 
2025-01-24 16:53:47.784 DEBUG [org.springframework.web.servlet.DispatcherServlet:1101] Failed to complete request: org.apache.catalina.connector.ClientAbortException: java.nio.channels.ClosedChannelException 
2025-01-24 16:53:47.790  INFO [org.apache.kafka.clients.consumer.internals.ConsumerCoordinator:972] [Consumer clientId=consumer-item_group-2, groupId=item_group] Resetting generation due to: consumer pro-actively leaving the group 
2025-01-24 16:53:47.790  INFO [org.apache.kafka.clients.consumer.internals.ConsumerCoordinator:972] [Consumer clientId=consumer-item_group-1, groupId=item_group] Resetting generation due to: consumer pro-actively leaving the group 
2025-01-24 16:53:47.790  INFO [org.apache.kafka.clients.consumer.internals.ConsumerCoordinator:972] [Consumer clientId=consumer-item_group-3, groupId=item_group] Resetting generation due to: consumer pro-actively leaving the group 
2025-01-24 16:53:47.790  INFO [org.apache.kafka.clients.consumer.internals.ConsumerCoordinator:1000] [Consumer clientId=consumer-item_group-2, groupId=item_group] Request joining group due to: consumer pro-actively leaving the group 
2025-01-24 16:53:47.790  INFO [org.apache.kafka.clients.consumer.internals.ConsumerCoordinator:1000] [Consumer clientId=consumer-item_group-1, groupId=item_group] Request joining group due to: consumer pro-actively leaving the group 
2025-01-24 16:53:47.791  INFO [org.apache.kafka.clients.consumer.internals.ConsumerCoordinator:1000] [Consumer clientId=consumer-item_group-3, groupId=item_group] Request joining group due to: consumer pro-actively leaving the group 
2025-01-24 16:53:47.791  INFO [org.apache.kafka.clients.consumer.KafkaConsumer:1075] [Consumer clientId=consumer-item_group-2, groupId=item_group] Unsubscribed all topics or patterns and assigned partitions 
2025-01-24 16:53:47.791  INFO [org.apache.kafka.clients.consumer.KafkaConsumer:1075] [Consumer clientId=consumer-item_group-1, groupId=item_group] Unsubscribed all topics or patterns and assigned partitions 
2025-01-24 16:53:47.791  INFO [org.apache.kafka.clients.consumer.KafkaConsumer:1075] [Consumer clientId=consumer-item_group-3, groupId=item_group] Unsubscribed all topics or patterns and assigned partitions 
2025-01-24 16:53:47.792  INFO [org.apache.kafka.clients.consumer.internals.ConsumerCoordinator:972] [Consumer clientId=consumer-item_group-3, groupId=item_group] Resetting generation due to: consumer pro-actively leaving the group 
2025-01-24 16:53:47.792  INFO [org.apache.kafka.clients.consumer.internals.ConsumerCoordinator:972] [Consumer clientId=consumer-item_group-1, groupId=item_group] Resetting generation due to: consumer pro-actively leaving the group 
2025-01-24 16:53:47.792  INFO [org.apache.kafka.clients.consumer.internals.ConsumerCoordinator:972] [Consumer clientId=consumer-item_group-2, groupId=item_group] Resetting generation due to: consumer pro-actively leaving the group 
2025-01-24 16:53:47.792  INFO [org.apache.kafka.clients.consumer.internals.ConsumerCoordinator:1000] [Consumer clientId=consumer-item_group-3, groupId=item_group] Request joining group due to: consumer pro-actively leaving the group 
2025-01-24 16:53:47.792  INFO [org.apache.kafka.clients.consumer.internals.ConsumerCoordinator:1000] [Consumer clientId=consumer-item_group-1, groupId=item_group] Request joining group due to: consumer pro-actively leaving the group 
2025-01-24 16:53:47.792  INFO [org.apache.kafka.clients.consumer.internals.ConsumerCoordinator:1000] [Consumer clientId=consumer-item_group-2, groupId=item_group] Request joining group due to: consumer pro-actively leaving the group 
2025-01-24 16:53:47.793  INFO [org.apache.kafka.common.metrics.Metrics:659] Metrics scheduler closed 
2025-01-24 16:53:47.793  INFO [org.apache.kafka.common.metrics.Metrics:659] Metrics scheduler closed 
2025-01-24 16:53:47.793  INFO [org.apache.kafka.common.metrics.Metrics:663] Closing reporter org.apache.kafka.common.metrics.JmxReporter 
2025-01-24 16:53:47.794  INFO [org.apache.kafka.common.metrics.Metrics:659] Metrics scheduler closed 
2025-01-24 16:53:47.794  INFO [org.apache.kafka.common.metrics.Metrics:663] Closing reporter org.apache.kafka.common.metrics.JmxReporter 
2025-01-24 16:53:47.793  INFO [org.apache.kafka.common.metrics.Metrics:663] Closing reporter org.apache.kafka.common.metrics.JmxReporter 
2025-01-24 16:53:47.794  INFO [org.apache.kafka.common.metrics.Metrics:669] Metrics reporters closed 
2025-01-24 16:53:47.794  INFO [org.apache.kafka.common.metrics.Metrics:669] Metrics reporters closed 
2025-01-24 16:53:47.794  INFO [org.apache.kafka.common.metrics.Metrics:669] Metrics reporters closed 
2025-01-24 16:53:47.798  INFO [org.apache.kafka.common.utils.AppInfoParser:83] App info kafka.consumer for consumer-item_group-2 unregistered 
2025-01-24 16:53:47.799  INFO [org.springframework.kafka.listener.KafkaMessageListenerContainer:292] item_group: Consumer stopped 
2025-01-24 16:53:47.799  INFO [org.apache.kafka.common.utils.AppInfoParser:83] App info kafka.consumer for consumer-item_group-3 unregistered 
2025-01-24 16:53:47.800  INFO [org.springframework.kafka.listener.KafkaMessageListenerContainer:292] item_group: Consumer stopped 
2025-01-24 16:53:47.800  INFO [org.apache.kafka.common.utils.AppInfoParser:83] App info kafka.consumer for consumer-item_group-1 unregistered 
2025-01-24 16:53:47.800  INFO [org.springframework.kafka.listener.KafkaMessageListenerContainer:292] item_group: Consumer stopped 
2025-01-24 16:53:47.804  INFO [org.apache.kafka.clients.producer.KafkaProducer:1249] [Producer clientId=producer-1] Closing the Kafka producer with timeoutMillis = 30000 ms. 
2025-01-24 16:53:49.738  INFO [org.apache.kafka.clients.NetworkClient:935] [Producer clientId=producer-1] Node -1 disconnected. 
2025-01-24 16:53:49.739  WARN [org.apache.kafka.clients.NetworkClient:775] [Producer clientId=producer-1] Connection to node -1 (localhost/127.0.0.1:9092) could not be established. Broker may not be available. 
2025-01-24 16:53:49.740  WARN [org.apache.kafka.clients.NetworkClient:1063] [Producer clientId=producer-1] Bootstrap broker localhost:9092 (id: -1 rack: null) disconnected 
2025-01-24 16:53:49.852  INFO [org.apache.kafka.common.metrics.Metrics:659] Metrics scheduler closed 
2025-01-24 16:53:49.852  INFO [org.apache.kafka.common.metrics.Metrics:663] Closing reporter org.apache.kafka.common.metrics.JmxReporter 
2025-01-24 16:53:49.853  INFO [org.apache.kafka.common.metrics.Metrics:669] Metrics reporters closed 
2025-01-24 16:53:49.854  INFO [org.apache.kafka.common.utils.AppInfoParser:83] App info kafka.producer for producer-1 unregistered 
2025-01-24 16:53:49.857  INFO [org.springframework.orm.jpa.LocalContainerEntityManagerFactoryBean:651] Closing JPA EntityManagerFactory for persistence unit 'default' 
2025-01-24 16:53:49.864  INFO [com.zaxxer.hikari.HikariDataSource:350] HikariPool-1 - Shutdown initiated... 
2025-01-24 16:53:49.868  INFO [com.zaxxer.hikari.HikariDataSource:352] HikariPool-1 - Shutdown completed. 
