2025-02-17 17:15:33.670  INFO [za.co.woolworths.itemkafka_poc.KafkaItemProducerPocApplication:55] Starting KafkaItemProducerPocApplication using Java 11.0.2 on W49204302 with PID 12820 (C:\Workspaces\Item-Kafka-Producer-POC\Item-Kafka-Producer-POC\target\classes started by W7178930 in C:\Workspaces\Item-Kafka-Producer-POC\Item-Kafka-Producer-POC) 
2025-02-17 17:15:33.673  INFO [za.co.woolworths.itemkafka_poc.KafkaItemProducerPocApplication:640] The following 2 profiles are active: "swagger", "dev" 
2025-02-17 17:15:34.658  INFO [org.springframework.data.repository.config.RepositoryConfigurationDelegate:132] Bootstrapping Spring Data JPA repositories in DEFAULT mode. 
2025-02-17 17:15:34.744  INFO [org.springframework.data.repository.config.RepositoryConfigurationDelegate:201] Finished Spring Data repository scanning in 72 ms. Found 1 JPA repository interfaces. 
2025-02-17 17:15:36.103  INFO [org.springframework.boot.web.embedded.tomcat.TomcatWebServer:108] Tomcat initialized with port(s): 8081 (http) 
2025-02-17 17:15:36.111  INFO [org.apache.coyote.http11.Http11NioProtocol:173] Initializing ProtocolHandler ["http-nio-8081"] 
2025-02-17 17:15:36.112  INFO [org.apache.catalina.core.StandardService:173] Starting service [Tomcat] 
2025-02-17 17:15:36.112  INFO [org.apache.catalina.core.StandardEngine:173] Starting Servlet engine: [Apache Tomcat/9.0.64] 
2025-02-17 17:15:36.287  INFO [org.apache.catalina.core.ContainerBase.[Tomcat].[localhost].[/]:173] Initializing Spring embedded WebApplicationContext 
2025-02-17 17:15:36.287  INFO [org.springframework.boot.web.servlet.context.ServletWebServerApplicationContext:292] Root WebApplicationContext: initialization completed in 2563 ms 
2025-02-17 17:15:36.789  INFO [com.zaxxer.hikari.HikariDataSource:110] HikariPool-1 - Starting... 
2025-02-17 17:15:37.651  INFO [com.zaxxer.hikari.HikariDataSource:123] HikariPool-1 - Start completed. 
2025-02-17 17:15:37.704  INFO [org.hibernate.jpa.internal.util.LogHelper:31] HHH000204: Processing PersistenceUnitInfo [name: default] 
2025-02-17 17:15:37.767  INFO [org.hibernate.Version:44] HHH000412: Hibernate ORM core version 5.6.9.Final 
2025-02-17 17:15:38.085  INFO [org.hibernate.annotations.common.Version:56] HCANN000001: Hibernate Commons Annotations {5.1.2.Final} 
2025-02-17 17:15:38.339  INFO [org.hibernate.dialect.Dialect:175] HHH000400: Using dialect: org.hibernate.dialect.SQLServer2016Dialect 
2025-02-17 17:15:39.295  INFO [org.hibernate.engine.transaction.jta.platform.internal.JtaPlatformInitiator:52] HHH000490: Using JtaPlatform implementation: [org.hibernate.engine.transaction.jta.platform.internal.NoJtaPlatform] 
2025-02-17 17:15:39.305  INFO [org.springframework.orm.jpa.LocalContainerEntityManagerFactoryBean:437] Initialized JPA EntityManagerFactory for persistence unit 'default' 
2025-02-17 17:15:40.494  WARN [org.springframework.boot.autoconfigure.orm.jpa.JpaBaseConfiguration$JpaWebConfiguration:219] spring.jpa.open-in-view is enabled by default. Therefore, database queries may be performed during view rendering. Explicitly configure spring.jpa.open-in-view to disable this warning 
2025-02-17 17:15:40.663 DEBUG [org.springframework.web.servlet.mvc.method.annotation.RequestMappingHandlerMapping:367] 15 mappings in 'requestMappingHandlerMapping' 
2025-02-17 17:15:41.330 DEBUG [org.springframework.web.servlet.handler.SimpleUrlHandlerMapping:188] Patterns [/agent/swagger-ui*/**] in 'resourceHandlerMapping' 
2025-02-17 17:15:41.409 DEBUG [org.springframework.web.servlet.mvc.method.annotation.RequestMappingHandlerAdapter:625] ControllerAdvice beans: 0 @ModelAttribute, 0 @InitBinder, 1 RequestBodyAdvice, 1 ResponseBodyAdvice 
2025-02-17 17:15:41.479 DEBUG [org.springframework.web.servlet.mvc.method.annotation.ExceptionHandlerExceptionResolver:307] ControllerAdvice beans: 1 @ExceptionHandler, 1 ResponseBodyAdvice 
2025-02-17 17:15:41.971  INFO [org.springframework.boot.actuate.endpoint.web.EndpointLinksResolver:58] Exposing 1 endpoint(s) beneath base path '/actuator' 
2025-02-17 17:15:42.147  INFO [org.apache.kafka.clients.consumer.ConsumerConfig:369] ConsumerConfig values: 
	allow.auto.create.topics = true
	auto.commit.interval.ms = 5000
	auto.include.jmx.reporter = true
	auto.offset.reset = latest
	bootstrap.servers = [localhost:9092]
	check.crcs = true
	client.dns.lookup = use_all_dns_ips
	client.id = consumer-item_group-1
	client.rack = 
	connections.max.idle.ms = 540000
	default.api.timeout.ms = 60000
	enable.auto.commit = false
	exclude.internal.topics = true
	fetch.max.bytes = 52428800
	fetch.max.wait.ms = 500
	fetch.min.bytes = 1
	group.id = item_group
	group.instance.id = null
	heartbeat.interval.ms = 3000
	interceptor.classes = []
	internal.leave.group.on.close = true
	internal.throw.on.fetch.stable.offset.unsupported = false
	isolation.level = read_uncommitted
	key.deserializer = class org.apache.kafka.common.serialization.StringDeserializer
	max.partition.fetch.bytes = 1048576
	max.poll.interval.ms = 300000
	max.poll.records = 500
	metadata.max.age.ms = 300000
	metric.reporters = []
	metrics.num.samples = 2
	metrics.recording.level = INFO
	metrics.sample.window.ms = 30000
	partition.assignment.strategy = [class org.apache.kafka.clients.consumer.RangeAssignor, class org.apache.kafka.clients.consumer.CooperativeStickyAssignor]
	receive.buffer.bytes = 65536
	reconnect.backoff.max.ms = 1000
	reconnect.backoff.ms = 50
	request.timeout.ms = 30000
	retry.backoff.ms = 100
	sasl.client.callback.handler.class = null
	sasl.jaas.config = null
	sasl.kerberos.kinit.cmd = /usr/bin/kinit
	sasl.kerberos.min.time.before.relogin = 60000
	sasl.kerberos.service.name = null
	sasl.kerberos.ticket.renew.jitter = 0.05
	sasl.kerberos.ticket.renew.window.factor = 0.8
	sasl.login.callback.handler.class = null
	sasl.login.class = null
	sasl.login.connect.timeout.ms = null
	sasl.login.read.timeout.ms = null
	sasl.login.refresh.buffer.seconds = 300
	sasl.login.refresh.min.period.seconds = 60
	sasl.login.refresh.window.factor = 0.8
	sasl.login.refresh.window.jitter = 0.05
	sasl.login.retry.backoff.max.ms = 10000
	sasl.login.retry.backoff.ms = 100
	sasl.mechanism = GSSAPI
	sasl.oauthbearer.clock.skew.seconds = 30
	sasl.oauthbearer.expected.audience = null
	sasl.oauthbearer.expected.issuer = null
	sasl.oauthbearer.jwks.endpoint.refresh.ms = 3600000
	sasl.oauthbearer.jwks.endpoint.retry.backoff.max.ms = 10000
	sasl.oauthbearer.jwks.endpoint.retry.backoff.ms = 100
	sasl.oauthbearer.jwks.endpoint.url = null
	sasl.oauthbearer.scope.claim.name = scope
	sasl.oauthbearer.sub.claim.name = sub
	sasl.oauthbearer.token.endpoint.url = null
	security.protocol = PLAINTEXT
	security.providers = null
	send.buffer.bytes = 131072
	session.timeout.ms = 45000
	socket.connection.setup.timeout.max.ms = 30000
	socket.connection.setup.timeout.ms = 10000
	ssl.cipher.suites = null
	ssl.enabled.protocols = [TLSv1.2, TLSv1.3]
	ssl.endpoint.identification.algorithm = https
	ssl.engine.factory.class = null
	ssl.key.password = null
	ssl.keymanager.algorithm = SunX509
	ssl.keystore.certificate.chain = null
	ssl.keystore.key = null
	ssl.keystore.location = null
	ssl.keystore.password = null
	ssl.keystore.type = JKS
	ssl.protocol = TLSv1.3
	ssl.provider = null
	ssl.secure.random.implementation = null
	ssl.trustmanager.algorithm = PKIX
	ssl.truststore.certificates = null
	ssl.truststore.location = null
	ssl.truststore.password = null
	ssl.truststore.type = JKS
	value.deserializer = class org.apache.kafka.common.serialization.StringDeserializer
 
2025-02-17 17:15:42.442  INFO [org.apache.kafka.common.utils.AppInfoParser:119] Kafka version: 3.5.1 
2025-02-17 17:15:42.442  INFO [org.apache.kafka.common.utils.AppInfoParser:120] Kafka commitId: 2c6fb6c54472e90a 
2025-02-17 17:15:42.442  INFO [org.apache.kafka.common.utils.AppInfoParser:121] Kafka startTimeMs: 1739805342440 
2025-02-17 17:15:42.447  INFO [org.apache.kafka.clients.consumer.KafkaConsumer:980] [Consumer clientId=consumer-item_group-1, groupId=item_group] Subscribed to topic(s): Item_Topic 
2025-02-17 17:15:42.468  INFO [org.apache.kafka.clients.consumer.ConsumerConfig:369] ConsumerConfig values: 
	allow.auto.create.topics = true
	auto.commit.interval.ms = 5000
	auto.include.jmx.reporter = true
	auto.offset.reset = latest
	bootstrap.servers = [localhost:9092]
	check.crcs = true
	client.dns.lookup = use_all_dns_ips
	client.id = consumer-item_group-2
	client.rack = 
	connections.max.idle.ms = 540000
	default.api.timeout.ms = 60000
	enable.auto.commit = false
	exclude.internal.topics = true
	fetch.max.bytes = 52428800
	fetch.max.wait.ms = 500
	fetch.min.bytes = 1
	group.id = item_group
	group.instance.id = null
	heartbeat.interval.ms = 3000
	interceptor.classes = []
	internal.leave.group.on.close = true
	internal.throw.on.fetch.stable.offset.unsupported = false
	isolation.level = read_uncommitted
	key.deserializer = class org.apache.kafka.common.serialization.StringDeserializer
	max.partition.fetch.bytes = 1048576
	max.poll.interval.ms = 300000
	max.poll.records = 500
	metadata.max.age.ms = 300000
	metric.reporters = []
	metrics.num.samples = 2
	metrics.recording.level = INFO
	metrics.sample.window.ms = 30000
	partition.assignment.strategy = [class org.apache.kafka.clients.consumer.RangeAssignor, class org.apache.kafka.clients.consumer.CooperativeStickyAssignor]
	receive.buffer.bytes = 65536
	reconnect.backoff.max.ms = 1000
	reconnect.backoff.ms = 50
	request.timeout.ms = 30000
	retry.backoff.ms = 100
	sasl.client.callback.handler.class = null
	sasl.jaas.config = null
	sasl.kerberos.kinit.cmd = /usr/bin/kinit
	sasl.kerberos.min.time.before.relogin = 60000
	sasl.kerberos.service.name = null
	sasl.kerberos.ticket.renew.jitter = 0.05
	sasl.kerberos.ticket.renew.window.factor = 0.8
	sasl.login.callback.handler.class = null
	sasl.login.class = null
	sasl.login.connect.timeout.ms = null
	sasl.login.read.timeout.ms = null
	sasl.login.refresh.buffer.seconds = 300
	sasl.login.refresh.min.period.seconds = 60
	sasl.login.refresh.window.factor = 0.8
	sasl.login.refresh.window.jitter = 0.05
	sasl.login.retry.backoff.max.ms = 10000
	sasl.login.retry.backoff.ms = 100
	sasl.mechanism = GSSAPI
	sasl.oauthbearer.clock.skew.seconds = 30
	sasl.oauthbearer.expected.audience = null
	sasl.oauthbearer.expected.issuer = null
	sasl.oauthbearer.jwks.endpoint.refresh.ms = 3600000
	sasl.oauthbearer.jwks.endpoint.retry.backoff.max.ms = 10000
	sasl.oauthbearer.jwks.endpoint.retry.backoff.ms = 100
	sasl.oauthbearer.jwks.endpoint.url = null
	sasl.oauthbearer.scope.claim.name = scope
	sasl.oauthbearer.sub.claim.name = sub
	sasl.oauthbearer.token.endpoint.url = null
	security.protocol = PLAINTEXT
	security.providers = null
	send.buffer.bytes = 131072
	session.timeout.ms = 45000
	socket.connection.setup.timeout.max.ms = 30000
	socket.connection.setup.timeout.ms = 10000
	ssl.cipher.suites = null
	ssl.enabled.protocols = [TLSv1.2, TLSv1.3]
	ssl.endpoint.identification.algorithm = https
	ssl.engine.factory.class = null
	ssl.key.password = null
	ssl.keymanager.algorithm = SunX509
	ssl.keystore.certificate.chain = null
	ssl.keystore.key = null
	ssl.keystore.location = null
	ssl.keystore.password = null
	ssl.keystore.type = JKS
	ssl.protocol = TLSv1.3
	ssl.provider = null
	ssl.secure.random.implementation = null
	ssl.trustmanager.algorithm = PKIX
	ssl.truststore.certificates = null
	ssl.truststore.location = null
	ssl.truststore.password = null
	ssl.truststore.type = JKS
	value.deserializer = class org.apache.kafka.common.serialization.StringDeserializer
 
2025-02-17 17:15:42.482  INFO [org.apache.kafka.common.utils.AppInfoParser:119] Kafka version: 3.5.1 
2025-02-17 17:15:42.483  INFO [org.apache.kafka.common.utils.AppInfoParser:120] Kafka commitId: 2c6fb6c54472e90a 
2025-02-17 17:15:42.484  INFO [org.apache.kafka.common.utils.AppInfoParser:121] Kafka startTimeMs: 1739805342482 
2025-02-17 17:15:42.485  INFO [org.apache.kafka.clients.consumer.KafkaConsumer:980] [Consumer clientId=consumer-item_group-2, groupId=item_group] Subscribed to topic(s): Item_Topic 
2025-02-17 17:15:42.490  INFO [org.apache.kafka.clients.consumer.ConsumerConfig:369] ConsumerConfig values: 
	allow.auto.create.topics = true
	auto.commit.interval.ms = 5000
	auto.include.jmx.reporter = true
	auto.offset.reset = latest
	bootstrap.servers = [localhost:9092]
	check.crcs = true
	client.dns.lookup = use_all_dns_ips
	client.id = consumer-item_group-3
	client.rack = 
	connections.max.idle.ms = 540000
	default.api.timeout.ms = 60000
	enable.auto.commit = false
	exclude.internal.topics = true
	fetch.max.bytes = 52428800
	fetch.max.wait.ms = 500
	fetch.min.bytes = 1
	group.id = item_group
	group.instance.id = null
	heartbeat.interval.ms = 3000
	interceptor.classes = []
	internal.leave.group.on.close = true
	internal.throw.on.fetch.stable.offset.unsupported = false
	isolation.level = read_uncommitted
	key.deserializer = class org.apache.kafka.common.serialization.StringDeserializer
	max.partition.fetch.bytes = 1048576
	max.poll.interval.ms = 300000
	max.poll.records = 500
	metadata.max.age.ms = 300000
	metric.reporters = []
	metrics.num.samples = 2
	metrics.recording.level = INFO
	metrics.sample.window.ms = 30000
	partition.assignment.strategy = [class org.apache.kafka.clients.consumer.RangeAssignor, class org.apache.kafka.clients.consumer.CooperativeStickyAssignor]
	receive.buffer.bytes = 65536
	reconnect.backoff.max.ms = 1000
	reconnect.backoff.ms = 50
	request.timeout.ms = 30000
	retry.backoff.ms = 100
	sasl.client.callback.handler.class = null
	sasl.jaas.config = null
	sasl.kerberos.kinit.cmd = /usr/bin/kinit
	sasl.kerberos.min.time.before.relogin = 60000
	sasl.kerberos.service.name = null
	sasl.kerberos.ticket.renew.jitter = 0.05
	sasl.kerberos.ticket.renew.window.factor = 0.8
	sasl.login.callback.handler.class = null
	sasl.login.class = null
	sasl.login.connect.timeout.ms = null
	sasl.login.read.timeout.ms = null
	sasl.login.refresh.buffer.seconds = 300
	sasl.login.refresh.min.period.seconds = 60
	sasl.login.refresh.window.factor = 0.8
	sasl.login.refresh.window.jitter = 0.05
	sasl.login.retry.backoff.max.ms = 10000
	sasl.login.retry.backoff.ms = 100
	sasl.mechanism = GSSAPI
	sasl.oauthbearer.clock.skew.seconds = 30
	sasl.oauthbearer.expected.audience = null
	sasl.oauthbearer.expected.issuer = null
	sasl.oauthbearer.jwks.endpoint.refresh.ms = 3600000
	sasl.oauthbearer.jwks.endpoint.retry.backoff.max.ms = 10000
	sasl.oauthbearer.jwks.endpoint.retry.backoff.ms = 100
	sasl.oauthbearer.jwks.endpoint.url = null
	sasl.oauthbearer.scope.claim.name = scope
	sasl.oauthbearer.sub.claim.name = sub
	sasl.oauthbearer.token.endpoint.url = null
	security.protocol = PLAINTEXT
	security.providers = null
	send.buffer.bytes = 131072
	session.timeout.ms = 45000
	socket.connection.setup.timeout.max.ms = 30000
	socket.connection.setup.timeout.ms = 10000
	ssl.cipher.suites = null
	ssl.enabled.protocols = [TLSv1.2, TLSv1.3]
	ssl.endpoint.identification.algorithm = https
	ssl.engine.factory.class = null
	ssl.key.password = null
	ssl.keymanager.algorithm = SunX509
	ssl.keystore.certificate.chain = null
	ssl.keystore.key = null
	ssl.keystore.location = null
	ssl.keystore.password = null
	ssl.keystore.type = JKS
	ssl.protocol = TLSv1.3
	ssl.provider = null
	ssl.secure.random.implementation = null
	ssl.trustmanager.algorithm = PKIX
	ssl.truststore.certificates = null
	ssl.truststore.location = null
	ssl.truststore.password = null
	ssl.truststore.type = JKS
	value.deserializer = class org.apache.kafka.common.serialization.StringDeserializer
 
2025-02-17 17:15:42.505  INFO [org.apache.kafka.common.utils.AppInfoParser:119] Kafka version: 3.5.1 
2025-02-17 17:15:42.506  INFO [org.apache.kafka.common.utils.AppInfoParser:120] Kafka commitId: 2c6fb6c54472e90a 
2025-02-17 17:15:42.506  INFO [org.apache.kafka.common.utils.AppInfoParser:121] Kafka startTimeMs: 1739805342505 
2025-02-17 17:15:42.507  INFO [org.apache.kafka.clients.consumer.KafkaConsumer:980] [Consumer clientId=consumer-item_group-3, groupId=item_group] Subscribed to topic(s): Item_Topic 
2025-02-17 17:15:42.511  INFO [org.apache.coyote.http11.Http11NioProtocol:173] Starting ProtocolHandler ["http-nio-8081"] 
2025-02-17 17:15:42.537  INFO [org.springframework.boot.web.embedded.tomcat.TomcatWebServer:220] Tomcat started on port(s): 8081 (http) with context path '' 
2025-02-17 17:15:42.551  INFO [za.co.woolworths.itemkafka_poc.KafkaItemProducerPocApplication:61] Started KafkaItemProducerPocApplication in 9.363 seconds (JVM running for 9.963) 
2025-02-17 17:15:43.133  INFO [org.apache.kafka.clients.Metadata:287] [Consumer clientId=consumer-item_group-1, groupId=item_group] Cluster ID: 241EXJnpTO6SXdisTDqE6g 
2025-02-17 17:15:43.133  INFO [org.apache.kafka.clients.Metadata:287] [Consumer clientId=consumer-item_group-3, groupId=item_group] Cluster ID: 241EXJnpTO6SXdisTDqE6g 
2025-02-17 17:15:43.133  INFO [org.apache.kafka.clients.Metadata:287] [Consumer clientId=consumer-item_group-2, groupId=item_group] Cluster ID: 241EXJnpTO6SXdisTDqE6g 
2025-02-17 17:15:43.137  INFO [org.apache.kafka.clients.consumer.internals.ConsumerCoordinator:906] [Consumer clientId=consumer-item_group-3, groupId=item_group] Discovered group coordinator W49204302.woolworths.co.za:9092 (id: 2147483647 rack: null) 
2025-02-17 17:15:43.137  INFO [org.apache.kafka.clients.consumer.internals.ConsumerCoordinator:906] [Consumer clientId=consumer-item_group-1, groupId=item_group] Discovered group coordinator W49204302.woolworths.co.za:9092 (id: 2147483647 rack: null) 
2025-02-17 17:15:43.137  INFO [org.apache.kafka.clients.consumer.internals.ConsumerCoordinator:906] [Consumer clientId=consumer-item_group-2, groupId=item_group] Discovered group coordinator W49204302.woolworths.co.za:9092 (id: 2147483647 rack: null) 
2025-02-17 17:15:43.142  INFO [org.apache.kafka.clients.consumer.internals.ConsumerCoordinator:576] [Consumer clientId=consumer-item_group-2, groupId=item_group] (Re-)joining group 
2025-02-17 17:15:43.142  INFO [org.apache.kafka.clients.consumer.internals.ConsumerCoordinator:576] [Consumer clientId=consumer-item_group-1, groupId=item_group] (Re-)joining group 
2025-02-17 17:15:43.142  INFO [org.apache.kafka.clients.consumer.internals.ConsumerCoordinator:576] [Consumer clientId=consumer-item_group-3, groupId=item_group] (Re-)joining group 
2025-02-17 17:15:43.179  INFO [org.apache.kafka.clients.consumer.internals.ConsumerCoordinator:1072] [Consumer clientId=consumer-item_group-1, groupId=item_group] Request joining group due to: need to re-join with the given member-id: consumer-item_group-1-f58cf462-20a5-4d60-8ea1-5f2220fb1e9b 
2025-02-17 17:15:43.180  INFO [org.apache.kafka.clients.consumer.internals.ConsumerCoordinator:1072] [Consumer clientId=consumer-item_group-3, groupId=item_group] Request joining group due to: need to re-join with the given member-id: consumer-item_group-3-fb247ebf-f162-430e-bb0c-c87c15fababf 
2025-02-17 17:15:43.180  INFO [org.apache.kafka.clients.consumer.internals.ConsumerCoordinator:1072] [Consumer clientId=consumer-item_group-2, groupId=item_group] Request joining group due to: need to re-join with the given member-id: consumer-item_group-2-245965e0-cfec-4c53-af08-f140f14742e9 
2025-02-17 17:15:43.181  INFO [org.apache.kafka.clients.consumer.internals.ConsumerCoordinator:1072] [Consumer clientId=consumer-item_group-1, groupId=item_group] Request joining group due to: rebalance failed due to 'The group member needs to have a valid member id before actually entering a consumer group.' (MemberIdRequiredException) 
2025-02-17 17:15:43.181  INFO [org.apache.kafka.clients.consumer.internals.ConsumerCoordinator:1072] [Consumer clientId=consumer-item_group-3, groupId=item_group] Request joining group due to: rebalance failed due to 'The group member needs to have a valid member id before actually entering a consumer group.' (MemberIdRequiredException) 
2025-02-17 17:15:43.181  INFO [org.apache.kafka.clients.consumer.internals.ConsumerCoordinator:576] [Consumer clientId=consumer-item_group-1, groupId=item_group] (Re-)joining group 
2025-02-17 17:15:43.181  INFO [org.apache.kafka.clients.consumer.internals.ConsumerCoordinator:1072] [Consumer clientId=consumer-item_group-2, groupId=item_group] Request joining group due to: rebalance failed due to 'The group member needs to have a valid member id before actually entering a consumer group.' (MemberIdRequiredException) 
2025-02-17 17:15:43.182  INFO [org.apache.kafka.clients.consumer.internals.ConsumerCoordinator:576] [Consumer clientId=consumer-item_group-3, groupId=item_group] (Re-)joining group 
2025-02-17 17:15:43.182  INFO [org.apache.kafka.clients.consumer.internals.ConsumerCoordinator:576] [Consumer clientId=consumer-item_group-2, groupId=item_group] (Re-)joining group 
2025-02-17 17:15:43.186  INFO [org.apache.kafka.clients.consumer.internals.ConsumerCoordinator:637] [Consumer clientId=consumer-item_group-3, groupId=item_group] Successfully joined group with generation Generation{generationId=84, memberId='consumer-item_group-3-fb247ebf-f162-430e-bb0c-c87c15fababf', protocol='range'} 
2025-02-17 17:15:43.187  INFO [org.apache.kafka.clients.consumer.internals.ConsumerCoordinator:637] [Consumer clientId=consumer-item_group-1, groupId=item_group] Successfully joined group with generation Generation{generationId=84, memberId='consumer-item_group-1-f58cf462-20a5-4d60-8ea1-5f2220fb1e9b', protocol='range'} 
2025-02-17 17:15:43.192  INFO [org.apache.kafka.clients.consumer.internals.ConsumerCoordinator:836] [Consumer clientId=consumer-item_group-3, groupId=item_group] SyncGroup failed: The group began another rebalance. Need to re-join the group. Sent generation was Generation{generationId=84, memberId='consumer-item_group-3-fb247ebf-f162-430e-bb0c-c87c15fababf', protocol='range'} 
2025-02-17 17:15:43.194  INFO [org.apache.kafka.clients.consumer.internals.ConsumerCoordinator:1072] [Consumer clientId=consumer-item_group-3, groupId=item_group] Request joining group due to: rebalance failed due to 'The group is rebalancing, so a rejoin is needed.' (RebalanceInProgressException) 
2025-02-17 17:15:43.195  INFO [org.apache.kafka.clients.consumer.internals.ConsumerCoordinator:576] [Consumer clientId=consumer-item_group-3, groupId=item_group] (Re-)joining group 
2025-02-17 17:15:43.199  INFO [org.apache.kafka.clients.consumer.internals.ConsumerCoordinator:712] [Consumer clientId=consumer-item_group-1, groupId=item_group] Finished assignment for group at generation 84: {consumer-item_group-3-fb247ebf-f162-430e-bb0c-c87c15fababf=Assignment(partitions=[]), consumer-item_group-1-f58cf462-20a5-4d60-8ea1-5f2220fb1e9b=Assignment(partitions=[Item_Topic-0])} 
2025-02-17 17:15:43.206  INFO [org.apache.kafka.clients.consumer.internals.ConsumerCoordinator:836] [Consumer clientId=consumer-item_group-1, groupId=item_group] SyncGroup failed: The group began another rebalance. Need to re-join the group. Sent generation was Generation{generationId=84, memberId='consumer-item_group-1-f58cf462-20a5-4d60-8ea1-5f2220fb1e9b', protocol='range'} 
2025-02-17 17:15:43.207  INFO [org.apache.kafka.clients.consumer.internals.ConsumerCoordinator:1072] [Consumer clientId=consumer-item_group-1, groupId=item_group] Request joining group due to: rebalance failed due to 'The group is rebalancing, so a rejoin is needed.' (RebalanceInProgressException) 
2025-02-17 17:15:43.207  INFO [org.apache.kafka.clients.consumer.internals.ConsumerCoordinator:576] [Consumer clientId=consumer-item_group-1, groupId=item_group] (Re-)joining group 
2025-02-17 17:15:43.210  INFO [org.apache.kafka.clients.consumer.internals.ConsumerCoordinator:637] [Consumer clientId=consumer-item_group-2, groupId=item_group] Successfully joined group with generation Generation{generationId=85, memberId='consumer-item_group-2-245965e0-cfec-4c53-af08-f140f14742e9', protocol='range'} 
2025-02-17 17:15:43.210  INFO [org.apache.kafka.clients.consumer.internals.ConsumerCoordinator:637] [Consumer clientId=consumer-item_group-3, groupId=item_group] Successfully joined group with generation Generation{generationId=85, memberId='consumer-item_group-3-fb247ebf-f162-430e-bb0c-c87c15fababf', protocol='range'} 
2025-02-17 17:15:43.210  INFO [org.apache.kafka.clients.consumer.internals.ConsumerCoordinator:637] [Consumer clientId=consumer-item_group-1, groupId=item_group] Successfully joined group with generation Generation{generationId=85, memberId='consumer-item_group-1-f58cf462-20a5-4d60-8ea1-5f2220fb1e9b', protocol='range'} 
2025-02-17 17:15:43.212  INFO [org.apache.kafka.clients.consumer.internals.ConsumerCoordinator:712] [Consumer clientId=consumer-item_group-1, groupId=item_group] Finished assignment for group at generation 85: {consumer-item_group-3-fb247ebf-f162-430e-bb0c-c87c15fababf=Assignment(partitions=[]), consumer-item_group-2-245965e0-cfec-4c53-af08-f140f14742e9=Assignment(partitions=[]), consumer-item_group-1-f58cf462-20a5-4d60-8ea1-5f2220fb1e9b=Assignment(partitions=[Item_Topic-0])} 
2025-02-17 17:15:43.217  INFO [org.apache.kafka.clients.consumer.internals.ConsumerCoordinator:812] [Consumer clientId=consumer-item_group-3, groupId=item_group] Successfully synced group in generation Generation{generationId=85, memberId='consumer-item_group-3-fb247ebf-f162-430e-bb0c-c87c15fababf', protocol='range'} 
2025-02-17 17:15:43.217  INFO [org.apache.kafka.clients.consumer.internals.ConsumerCoordinator:812] [Consumer clientId=consumer-item_group-2, groupId=item_group] Successfully synced group in generation Generation{generationId=85, memberId='consumer-item_group-2-245965e0-cfec-4c53-af08-f140f14742e9', protocol='range'} 
2025-02-17 17:15:43.217  INFO [org.apache.kafka.clients.consumer.internals.ConsumerCoordinator:812] [Consumer clientId=consumer-item_group-1, groupId=item_group] Successfully synced group in generation Generation{generationId=85, memberId='consumer-item_group-1-f58cf462-20a5-4d60-8ea1-5f2220fb1e9b', protocol='range'} 
2025-02-17 17:15:43.219  INFO [org.apache.kafka.clients.consumer.internals.ConsumerCoordinator:307] [Consumer clientId=consumer-item_group-2, groupId=item_group] Notifying assignor about the new Assignment(partitions=[]) 
2025-02-17 17:15:43.219  INFO [org.apache.kafka.clients.consumer.internals.ConsumerCoordinator:307] [Consumer clientId=consumer-item_group-3, groupId=item_group] Notifying assignor about the new Assignment(partitions=[]) 
2025-02-17 17:15:43.219  INFO [org.apache.kafka.clients.consumer.internals.ConsumerCoordinator:307] [Consumer clientId=consumer-item_group-1, groupId=item_group] Notifying assignor about the new Assignment(partitions=[Item_Topic-0]) 
2025-02-17 17:15:43.220  INFO [org.apache.kafka.clients.consumer.internals.ConsumerCoordinator:319] [Consumer clientId=consumer-item_group-2, groupId=item_group] Adding newly assigned partitions:  
2025-02-17 17:15:43.220  INFO [org.apache.kafka.clients.consumer.internals.ConsumerCoordinator:319] [Consumer clientId=consumer-item_group-3, groupId=item_group] Adding newly assigned partitions:  
2025-02-17 17:15:43.222  INFO [org.springframework.kafka.listener.KafkaMessageListenerContainer:292] item_group: partitions assigned: [] 
2025-02-17 17:15:43.222  INFO [org.springframework.kafka.listener.KafkaMessageListenerContainer:292] item_group: partitions assigned: [] 
2025-02-17 17:15:43.225  INFO [org.apache.kafka.clients.consumer.internals.ConsumerCoordinator:319] [Consumer clientId=consumer-item_group-1, groupId=item_group] Adding newly assigned partitions: Item_Topic-0 
2025-02-17 17:15:43.241  INFO [org.apache.kafka.clients.consumer.internals.ConsumerCoordinator:975] [Consumer clientId=consumer-item_group-1, groupId=item_group] Setting offset for partition Item_Topic-0 to the committed offset FetchPosition{offset=100, offsetEpoch=Optional.empty, currentLeader=LeaderAndEpoch{leader=Optional[W49204302.woolworths.co.za:9092 (id: 0 rack: null)], epoch=0}} 
2025-02-17 17:15:43.242  INFO [org.springframework.kafka.listener.KafkaMessageListenerContainer:292] item_group: partitions assigned: [Item_Topic-0] 
2025-02-17 17:24:43.195  INFO [org.apache.kafka.clients.NetworkClient:977] [Consumer clientId=consumer-item_group-3, groupId=item_group] Node -1 disconnected. 
2025-02-17 17:24:43.195  INFO [org.apache.kafka.clients.NetworkClient:977] [Consumer clientId=consumer-item_group-2, groupId=item_group] Node -1 disconnected. 
2025-02-17 17:24:43.289  INFO [org.apache.kafka.clients.NetworkClient:977] [Consumer clientId=consumer-item_group-1, groupId=item_group] Node -1 disconnected. 
2025-02-17 17:27:42.364  INFO [org.apache.kafka.clients.consumer.internals.ConsumerCoordinator:338] [Consumer clientId=consumer-item_group-1, groupId=item_group] Revoke previously assigned partitions Item_Topic-0 
2025-02-17 17:27:42.364  INFO [org.apache.kafka.clients.consumer.internals.ConsumerCoordinator:1133] [Consumer clientId=consumer-item_group-2, groupId=item_group] Member consumer-item_group-2-245965e0-cfec-4c53-af08-f140f14742e9 sending LeaveGroup request to coordinator W49204302.woolworths.co.za:9092 (id: 2147483647 rack: null) due to the consumer unsubscribed from all topics 
2025-02-17 17:27:42.364  INFO [org.apache.kafka.clients.consumer.internals.ConsumerCoordinator:1133] [Consumer clientId=consumer-item_group-3, groupId=item_group] Member consumer-item_group-3-fb247ebf-f162-430e-bb0c-c87c15fababf sending LeaveGroup request to coordinator W49204302.woolworths.co.za:9092 (id: 2147483647 rack: null) due to the consumer unsubscribed from all topics 
2025-02-17 17:27:42.365  INFO [org.springframework.kafka.listener.KafkaMessageListenerContainer:292] item_group: partitions revoked: [Item_Topic-0] 
2025-02-17 17:27:42.365  INFO [org.apache.kafka.clients.consumer.internals.ConsumerCoordinator:1025] [Consumer clientId=consumer-item_group-3, groupId=item_group] Resetting generation and member id due to: consumer pro-actively leaving the group 
2025-02-17 17:27:42.365  INFO [org.apache.kafka.clients.consumer.internals.ConsumerCoordinator:1025] [Consumer clientId=consumer-item_group-2, groupId=item_group] Resetting generation and member id due to: consumer pro-actively leaving the group 
2025-02-17 17:27:42.365  INFO [org.apache.kafka.clients.consumer.internals.ConsumerCoordinator:1072] [Consumer clientId=consumer-item_group-3, groupId=item_group] Request joining group due to: consumer pro-actively leaving the group 
2025-02-17 17:27:42.365  INFO [org.apache.kafka.clients.consumer.internals.ConsumerCoordinator:1072] [Consumer clientId=consumer-item_group-2, groupId=item_group] Request joining group due to: consumer pro-actively leaving the group 
2025-02-17 17:27:42.365  INFO [org.apache.kafka.clients.consumer.KafkaConsumer:1089] [Consumer clientId=consumer-item_group-3, groupId=item_group] Unsubscribed all topics or patterns and assigned partitions 
2025-02-17 17:27:42.366  INFO [org.apache.kafka.clients.consumer.KafkaConsumer:1089] [Consumer clientId=consumer-item_group-2, groupId=item_group] Unsubscribed all topics or patterns and assigned partitions 
2025-02-17 17:27:42.366  INFO [org.apache.kafka.clients.consumer.internals.ConsumerCoordinator:1133] [Consumer clientId=consumer-item_group-1, groupId=item_group] Member consumer-item_group-1-f58cf462-20a5-4d60-8ea1-5f2220fb1e9b sending LeaveGroup request to coordinator W49204302.woolworths.co.za:9092 (id: 2147483647 rack: null) due to the consumer unsubscribed from all topics 
2025-02-17 17:27:42.366  INFO [org.apache.kafka.clients.consumer.internals.ConsumerCoordinator:1025] [Consumer clientId=consumer-item_group-1, groupId=item_group] Resetting generation and member id due to: consumer pro-actively leaving the group 
2025-02-17 17:27:42.367  INFO [org.apache.kafka.clients.consumer.internals.ConsumerCoordinator:1072] [Consumer clientId=consumer-item_group-1, groupId=item_group] Request joining group due to: consumer pro-actively leaving the group 
2025-02-17 17:27:42.367  INFO [org.apache.kafka.clients.consumer.KafkaConsumer:1089] [Consumer clientId=consumer-item_group-1, groupId=item_group] Unsubscribed all topics or patterns and assigned partitions 
2025-02-17 17:27:42.367  INFO [org.apache.kafka.clients.consumer.internals.ConsumerCoordinator:1025] [Consumer clientId=consumer-item_group-1, groupId=item_group] Resetting generation and member id due to: consumer pro-actively leaving the group 
2025-02-17 17:27:42.367  INFO [org.apache.kafka.clients.consumer.internals.ConsumerCoordinator:1025] [Consumer clientId=consumer-item_group-3, groupId=item_group] Resetting generation and member id due to: consumer pro-actively leaving the group 
2025-02-17 17:27:42.367  INFO [org.apache.kafka.clients.consumer.internals.ConsumerCoordinator:1025] [Consumer clientId=consumer-item_group-2, groupId=item_group] Resetting generation and member id due to: consumer pro-actively leaving the group 
2025-02-17 17:27:42.368  INFO [org.apache.kafka.clients.consumer.internals.ConsumerCoordinator:1072] [Consumer clientId=consumer-item_group-1, groupId=item_group] Request joining group due to: consumer pro-actively leaving the group 
2025-02-17 17:27:42.368  INFO [org.apache.kafka.clients.consumer.internals.ConsumerCoordinator:1072] [Consumer clientId=consumer-item_group-2, groupId=item_group] Request joining group due to: consumer pro-actively leaving the group 
2025-02-17 17:27:42.368  INFO [org.apache.kafka.clients.consumer.internals.ConsumerCoordinator:1072] [Consumer clientId=consumer-item_group-3, groupId=item_group] Request joining group due to: consumer pro-actively leaving the group 
2025-02-17 17:27:42.373  INFO [org.apache.kafka.common.metrics.Metrics:693] Metrics scheduler closed 
2025-02-17 17:27:42.373  INFO [org.apache.kafka.common.metrics.Metrics:697] Closing reporter org.apache.kafka.common.metrics.JmxReporter 
2025-02-17 17:27:42.374  INFO [org.apache.kafka.common.metrics.Metrics:703] Metrics reporters closed 
2025-02-17 17:27:42.374  INFO [org.apache.kafka.common.metrics.Metrics:693] Metrics scheduler closed 
2025-02-17 17:27:42.375  INFO [org.apache.kafka.common.metrics.Metrics:697] Closing reporter org.apache.kafka.common.metrics.JmxReporter 
2025-02-17 17:27:42.375  INFO [org.apache.kafka.common.metrics.Metrics:703] Metrics reporters closed 
2025-02-17 17:27:42.380  INFO [org.apache.kafka.common.utils.AppInfoParser:83] App info kafka.consumer for consumer-item_group-3 unregistered 
2025-02-17 17:27:42.381  INFO [org.apache.kafka.common.utils.AppInfoParser:83] App info kafka.consumer for consumer-item_group-2 unregistered 
2025-02-17 17:27:42.381  INFO [org.springframework.kafka.listener.KafkaMessageListenerContainer:292] item_group: Consumer stopped 
2025-02-17 17:27:42.381  INFO [org.springframework.kafka.listener.KafkaMessageListenerContainer:292] item_group: Consumer stopped 
2025-02-17 17:27:42.406  INFO [org.apache.kafka.common.metrics.Metrics:693] Metrics scheduler closed 
2025-02-17 17:27:42.407  INFO [org.apache.kafka.common.metrics.Metrics:697] Closing reporter org.apache.kafka.common.metrics.JmxReporter 
2025-02-17 17:27:42.407  INFO [org.apache.kafka.common.metrics.Metrics:703] Metrics reporters closed 
2025-02-17 17:27:42.410  INFO [org.apache.kafka.common.utils.AppInfoParser:83] App info kafka.consumer for consumer-item_group-1 unregistered 
2025-02-17 17:27:42.411  INFO [org.springframework.kafka.listener.KafkaMessageListenerContainer:292] item_group: Consumer stopped 
2025-02-17 17:27:42.416  INFO [org.springframework.orm.jpa.LocalContainerEntityManagerFactoryBean:651] Closing JPA EntityManagerFactory for persistence unit 'default' 
2025-02-17 17:27:42.421  INFO [com.zaxxer.hikari.HikariDataSource:350] HikariPool-1 - Shutdown initiated... 
2025-02-17 17:27:42.425  INFO [com.zaxxer.hikari.HikariDataSource:352] HikariPool-1 - Shutdown completed. 
2025-02-17 17:28:11.661  INFO [za.co.woolworths.itemkafka_poc.KafkaItemProducerPocApplication:55] Starting KafkaItemProducerPocApplication using Java 11.0.2 on W49204302 with PID 5704 (C:\Workspaces\Item-Kafka-Producer-POC\Item-Kafka-Producer-POC\target\classes started by W7178930 in C:\Workspaces\Item-Kafka-Producer-POC\Item-Kafka-Producer-POC) 
2025-02-17 17:28:11.665  INFO [za.co.woolworths.itemkafka_poc.KafkaItemProducerPocApplication:640] The following 2 profiles are active: "swagger", "dev" 
2025-02-17 17:28:12.868  INFO [org.springframework.data.repository.config.RepositoryConfigurationDelegate:132] Bootstrapping Spring Data JPA repositories in DEFAULT mode. 
2025-02-17 17:28:13.015  INFO [org.springframework.data.repository.config.RepositoryConfigurationDelegate:201] Finished Spring Data repository scanning in 127 ms. Found 1 JPA repository interfaces. 
2025-02-17 17:28:14.968  INFO [org.springframework.boot.web.embedded.tomcat.TomcatWebServer:108] Tomcat initialized with port(s): 8081 (http) 
2025-02-17 17:28:14.977  INFO [org.apache.coyote.http11.Http11NioProtocol:173] Initializing ProtocolHandler ["http-nio-8081"] 
2025-02-17 17:28:14.978  INFO [org.apache.catalina.core.StandardService:173] Starting service [Tomcat] 
2025-02-17 17:28:14.978  INFO [org.apache.catalina.core.StandardEngine:173] Starting Servlet engine: [Apache Tomcat/9.0.64] 
2025-02-17 17:28:15.208  INFO [org.apache.catalina.core.ContainerBase.[Tomcat].[localhost].[/]:173] Initializing Spring embedded WebApplicationContext 
2025-02-17 17:28:15.209  INFO [org.springframework.boot.web.servlet.context.ServletWebServerApplicationContext:292] Root WebApplicationContext: initialization completed in 3493 ms 
2025-02-17 17:28:15.802  INFO [com.zaxxer.hikari.HikariDataSource:110] HikariPool-1 - Starting... 
2025-02-17 17:28:16.499  INFO [com.zaxxer.hikari.HikariDataSource:123] HikariPool-1 - Start completed. 
2025-02-17 17:28:16.546  INFO [org.hibernate.jpa.internal.util.LogHelper:31] HHH000204: Processing PersistenceUnitInfo [name: default] 
2025-02-17 17:28:16.603  INFO [org.hibernate.Version:44] HHH000412: Hibernate ORM core version 5.6.9.Final 
2025-02-17 17:28:16.893  INFO [org.hibernate.annotations.common.Version:56] HCANN000001: Hibernate Commons Annotations {5.1.2.Final} 
2025-02-17 17:28:17.114  INFO [org.hibernate.dialect.Dialect:175] HHH000400: Using dialect: org.hibernate.dialect.SQLServer2016Dialect 
2025-02-17 17:28:18.072  INFO [org.hibernate.engine.transaction.jta.platform.internal.JtaPlatformInitiator:52] HHH000490: Using JtaPlatform implementation: [org.hibernate.engine.transaction.jta.platform.internal.NoJtaPlatform] 
2025-02-17 17:28:18.082  INFO [org.springframework.orm.jpa.LocalContainerEntityManagerFactoryBean:437] Initialized JPA EntityManagerFactory for persistence unit 'default' 
2025-02-17 17:28:19.306  WARN [org.springframework.boot.autoconfigure.orm.jpa.JpaBaseConfiguration$JpaWebConfiguration:219] spring.jpa.open-in-view is enabled by default. Therefore, database queries may be performed during view rendering. Explicitly configure spring.jpa.open-in-view to disable this warning 
2025-02-17 17:28:19.478 DEBUG [org.springframework.web.servlet.mvc.method.annotation.RequestMappingHandlerMapping:367] 15 mappings in 'requestMappingHandlerMapping' 
2025-02-17 17:28:20.308 DEBUG [org.springframework.web.servlet.handler.SimpleUrlHandlerMapping:188] Patterns [/agent/swagger-ui*/**] in 'resourceHandlerMapping' 
2025-02-17 17:28:20.388 DEBUG [org.springframework.web.servlet.mvc.method.annotation.RequestMappingHandlerAdapter:625] ControllerAdvice beans: 0 @ModelAttribute, 0 @InitBinder, 1 RequestBodyAdvice, 1 ResponseBodyAdvice 
2025-02-17 17:28:20.457 DEBUG [org.springframework.web.servlet.mvc.method.annotation.ExceptionHandlerExceptionResolver:307] ControllerAdvice beans: 1 @ExceptionHandler, 1 ResponseBodyAdvice 
2025-02-17 17:28:20.977  INFO [org.springframework.boot.actuate.endpoint.web.EndpointLinksResolver:58] Exposing 1 endpoint(s) beneath base path '/actuator' 
2025-02-17 17:28:21.155  INFO [org.apache.kafka.clients.consumer.ConsumerConfig:369] ConsumerConfig values: 
	allow.auto.create.topics = true
	auto.commit.interval.ms = 5000
	auto.include.jmx.reporter = true
	auto.offset.reset = latest
	bootstrap.servers = [localhost:9092]
	check.crcs = true
	client.dns.lookup = use_all_dns_ips
	client.id = consumer-item_group-1
	client.rack = 
	connections.max.idle.ms = 540000
	default.api.timeout.ms = 60000
	enable.auto.commit = false
	exclude.internal.topics = true
	fetch.max.bytes = 52428800
	fetch.max.wait.ms = 500
	fetch.min.bytes = 1
	group.id = item_group
	group.instance.id = null
	heartbeat.interval.ms = 3000
	interceptor.classes = []
	internal.leave.group.on.close = true
	internal.throw.on.fetch.stable.offset.unsupported = false
	isolation.level = read_uncommitted
	key.deserializer = class org.apache.kafka.common.serialization.StringDeserializer
	max.partition.fetch.bytes = 1048576
	max.poll.interval.ms = 300000
	max.poll.records = 500
	metadata.max.age.ms = 300000
	metric.reporters = []
	metrics.num.samples = 2
	metrics.recording.level = INFO
	metrics.sample.window.ms = 30000
	partition.assignment.strategy = [class org.apache.kafka.clients.consumer.RangeAssignor, class org.apache.kafka.clients.consumer.CooperativeStickyAssignor]
	receive.buffer.bytes = 65536
	reconnect.backoff.max.ms = 1000
	reconnect.backoff.ms = 50
	request.timeout.ms = 30000
	retry.backoff.ms = 100
	sasl.client.callback.handler.class = null
	sasl.jaas.config = null
	sasl.kerberos.kinit.cmd = /usr/bin/kinit
	sasl.kerberos.min.time.before.relogin = 60000
	sasl.kerberos.service.name = null
	sasl.kerberos.ticket.renew.jitter = 0.05
	sasl.kerberos.ticket.renew.window.factor = 0.8
	sasl.login.callback.handler.class = null
	sasl.login.class = null
	sasl.login.connect.timeout.ms = null
	sasl.login.read.timeout.ms = null
	sasl.login.refresh.buffer.seconds = 300
	sasl.login.refresh.min.period.seconds = 60
	sasl.login.refresh.window.factor = 0.8
	sasl.login.refresh.window.jitter = 0.05
	sasl.login.retry.backoff.max.ms = 10000
	sasl.login.retry.backoff.ms = 100
	sasl.mechanism = GSSAPI
	sasl.oauthbearer.clock.skew.seconds = 30
	sasl.oauthbearer.expected.audience = null
	sasl.oauthbearer.expected.issuer = null
	sasl.oauthbearer.jwks.endpoint.refresh.ms = 3600000
	sasl.oauthbearer.jwks.endpoint.retry.backoff.max.ms = 10000
	sasl.oauthbearer.jwks.endpoint.retry.backoff.ms = 100
	sasl.oauthbearer.jwks.endpoint.url = null
	sasl.oauthbearer.scope.claim.name = scope
	sasl.oauthbearer.sub.claim.name = sub
	sasl.oauthbearer.token.endpoint.url = null
	security.protocol = PLAINTEXT
	security.providers = null
	send.buffer.bytes = 131072
	session.timeout.ms = 45000
	socket.connection.setup.timeout.max.ms = 30000
	socket.connection.setup.timeout.ms = 10000
	ssl.cipher.suites = null
	ssl.enabled.protocols = [TLSv1.2, TLSv1.3]
	ssl.endpoint.identification.algorithm = https
	ssl.engine.factory.class = null
	ssl.key.password = null
	ssl.keymanager.algorithm = SunX509
	ssl.keystore.certificate.chain = null
	ssl.keystore.key = null
	ssl.keystore.location = null
	ssl.keystore.password = null
	ssl.keystore.type = JKS
	ssl.protocol = TLSv1.3
	ssl.provider = null
	ssl.secure.random.implementation = null
	ssl.trustmanager.algorithm = PKIX
	ssl.truststore.certificates = null
	ssl.truststore.location = null
	ssl.truststore.password = null
	ssl.truststore.type = JKS
	value.deserializer = class org.apache.kafka.common.serialization.StringDeserializer
 
2025-02-17 17:28:21.440  INFO [org.apache.kafka.common.utils.AppInfoParser:119] Kafka version: 3.5.1 
2025-02-17 17:28:21.441  INFO [org.apache.kafka.common.utils.AppInfoParser:120] Kafka commitId: 2c6fb6c54472e90a 
2025-02-17 17:28:21.442  INFO [org.apache.kafka.common.utils.AppInfoParser:121] Kafka startTimeMs: 1739806101437 
2025-02-17 17:28:21.448  INFO [org.apache.kafka.clients.consumer.KafkaConsumer:980] [Consumer clientId=consumer-item_group-1, groupId=item_group] Subscribed to topic(s): Item_Topic 
2025-02-17 17:28:21.475  INFO [org.apache.kafka.clients.consumer.ConsumerConfig:369] ConsumerConfig values: 
	allow.auto.create.topics = true
	auto.commit.interval.ms = 5000
	auto.include.jmx.reporter = true
	auto.offset.reset = latest
	bootstrap.servers = [localhost:9092]
	check.crcs = true
	client.dns.lookup = use_all_dns_ips
	client.id = consumer-item_group-2
	client.rack = 
	connections.max.idle.ms = 540000
	default.api.timeout.ms = 60000
	enable.auto.commit = false
	exclude.internal.topics = true
	fetch.max.bytes = 52428800
	fetch.max.wait.ms = 500
	fetch.min.bytes = 1
	group.id = item_group
	group.instance.id = null
	heartbeat.interval.ms = 3000
	interceptor.classes = []
	internal.leave.group.on.close = true
	internal.throw.on.fetch.stable.offset.unsupported = false
	isolation.level = read_uncommitted
	key.deserializer = class org.apache.kafka.common.serialization.StringDeserializer
	max.partition.fetch.bytes = 1048576
	max.poll.interval.ms = 300000
	max.poll.records = 500
	metadata.max.age.ms = 300000
	metric.reporters = []
	metrics.num.samples = 2
	metrics.recording.level = INFO
	metrics.sample.window.ms = 30000
	partition.assignment.strategy = [class org.apache.kafka.clients.consumer.RangeAssignor, class org.apache.kafka.clients.consumer.CooperativeStickyAssignor]
	receive.buffer.bytes = 65536
	reconnect.backoff.max.ms = 1000
	reconnect.backoff.ms = 50
	request.timeout.ms = 30000
	retry.backoff.ms = 100
	sasl.client.callback.handler.class = null
	sasl.jaas.config = null
	sasl.kerberos.kinit.cmd = /usr/bin/kinit
	sasl.kerberos.min.time.before.relogin = 60000
	sasl.kerberos.service.name = null
	sasl.kerberos.ticket.renew.jitter = 0.05
	sasl.kerberos.ticket.renew.window.factor = 0.8
	sasl.login.callback.handler.class = null
	sasl.login.class = null
	sasl.login.connect.timeout.ms = null
	sasl.login.read.timeout.ms = null
	sasl.login.refresh.buffer.seconds = 300
	sasl.login.refresh.min.period.seconds = 60
	sasl.login.refresh.window.factor = 0.8
	sasl.login.refresh.window.jitter = 0.05
	sasl.login.retry.backoff.max.ms = 10000
	sasl.login.retry.backoff.ms = 100
	sasl.mechanism = GSSAPI
	sasl.oauthbearer.clock.skew.seconds = 30
	sasl.oauthbearer.expected.audience = null
	sasl.oauthbearer.expected.issuer = null
	sasl.oauthbearer.jwks.endpoint.refresh.ms = 3600000
	sasl.oauthbearer.jwks.endpoint.retry.backoff.max.ms = 10000
	sasl.oauthbearer.jwks.endpoint.retry.backoff.ms = 100
	sasl.oauthbearer.jwks.endpoint.url = null
	sasl.oauthbearer.scope.claim.name = scope
	sasl.oauthbearer.sub.claim.name = sub
	sasl.oauthbearer.token.endpoint.url = null
	security.protocol = PLAINTEXT
	security.providers = null
	send.buffer.bytes = 131072
	session.timeout.ms = 45000
	socket.connection.setup.timeout.max.ms = 30000
	socket.connection.setup.timeout.ms = 10000
	ssl.cipher.suites = null
	ssl.enabled.protocols = [TLSv1.2, TLSv1.3]
	ssl.endpoint.identification.algorithm = https
	ssl.engine.factory.class = null
	ssl.key.password = null
	ssl.keymanager.algorithm = SunX509
	ssl.keystore.certificate.chain = null
	ssl.keystore.key = null
	ssl.keystore.location = null
	ssl.keystore.password = null
	ssl.keystore.type = JKS
	ssl.protocol = TLSv1.3
	ssl.provider = null
	ssl.secure.random.implementation = null
	ssl.trustmanager.algorithm = PKIX
	ssl.truststore.certificates = null
	ssl.truststore.location = null
	ssl.truststore.password = null
	ssl.truststore.type = JKS
	value.deserializer = class org.apache.kafka.common.serialization.StringDeserializer
 
2025-02-17 17:28:21.489  INFO [org.apache.kafka.common.utils.AppInfoParser:119] Kafka version: 3.5.1 
2025-02-17 17:28:21.490  INFO [org.apache.kafka.common.utils.AppInfoParser:120] Kafka commitId: 2c6fb6c54472e90a 
2025-02-17 17:28:21.491  INFO [org.apache.kafka.common.utils.AppInfoParser:121] Kafka startTimeMs: 1739806101489 
2025-02-17 17:28:21.492  INFO [org.apache.kafka.clients.consumer.KafkaConsumer:980] [Consumer clientId=consumer-item_group-2, groupId=item_group] Subscribed to topic(s): Item_Topic 
2025-02-17 17:28:21.498  INFO [org.apache.kafka.clients.consumer.ConsumerConfig:369] ConsumerConfig values: 
	allow.auto.create.topics = true
	auto.commit.interval.ms = 5000
	auto.include.jmx.reporter = true
	auto.offset.reset = latest
	bootstrap.servers = [localhost:9092]
	check.crcs = true
	client.dns.lookup = use_all_dns_ips
	client.id = consumer-item_group-3
	client.rack = 
	connections.max.idle.ms = 540000
	default.api.timeout.ms = 60000
	enable.auto.commit = false
	exclude.internal.topics = true
	fetch.max.bytes = 52428800
	fetch.max.wait.ms = 500
	fetch.min.bytes = 1
	group.id = item_group
	group.instance.id = null
	heartbeat.interval.ms = 3000
	interceptor.classes = []
	internal.leave.group.on.close = true
	internal.throw.on.fetch.stable.offset.unsupported = false
	isolation.level = read_uncommitted
	key.deserializer = class org.apache.kafka.common.serialization.StringDeserializer
	max.partition.fetch.bytes = 1048576
	max.poll.interval.ms = 300000
	max.poll.records = 500
	metadata.max.age.ms = 300000
	metric.reporters = []
	metrics.num.samples = 2
	metrics.recording.level = INFO
	metrics.sample.window.ms = 30000
	partition.assignment.strategy = [class org.apache.kafka.clients.consumer.RangeAssignor, class org.apache.kafka.clients.consumer.CooperativeStickyAssignor]
	receive.buffer.bytes = 65536
	reconnect.backoff.max.ms = 1000
	reconnect.backoff.ms = 50
	request.timeout.ms = 30000
	retry.backoff.ms = 100
	sasl.client.callback.handler.class = null
	sasl.jaas.config = null
	sasl.kerberos.kinit.cmd = /usr/bin/kinit
	sasl.kerberos.min.time.before.relogin = 60000
	sasl.kerberos.service.name = null
	sasl.kerberos.ticket.renew.jitter = 0.05
	sasl.kerberos.ticket.renew.window.factor = 0.8
	sasl.login.callback.handler.class = null
	sasl.login.class = null
	sasl.login.connect.timeout.ms = null
	sasl.login.read.timeout.ms = null
	sasl.login.refresh.buffer.seconds = 300
	sasl.login.refresh.min.period.seconds = 60
	sasl.login.refresh.window.factor = 0.8
	sasl.login.refresh.window.jitter = 0.05
	sasl.login.retry.backoff.max.ms = 10000
	sasl.login.retry.backoff.ms = 100
	sasl.mechanism = GSSAPI
	sasl.oauthbearer.clock.skew.seconds = 30
	sasl.oauthbearer.expected.audience = null
	sasl.oauthbearer.expected.issuer = null
	sasl.oauthbearer.jwks.endpoint.refresh.ms = 3600000
	sasl.oauthbearer.jwks.endpoint.retry.backoff.max.ms = 10000
	sasl.oauthbearer.jwks.endpoint.retry.backoff.ms = 100
	sasl.oauthbearer.jwks.endpoint.url = null
	sasl.oauthbearer.scope.claim.name = scope
	sasl.oauthbearer.sub.claim.name = sub
	sasl.oauthbearer.token.endpoint.url = null
	security.protocol = PLAINTEXT
	security.providers = null
	send.buffer.bytes = 131072
	session.timeout.ms = 45000
	socket.connection.setup.timeout.max.ms = 30000
	socket.connection.setup.timeout.ms = 10000
	ssl.cipher.suites = null
	ssl.enabled.protocols = [TLSv1.2, TLSv1.3]
	ssl.endpoint.identification.algorithm = https
	ssl.engine.factory.class = null
	ssl.key.password = null
	ssl.keymanager.algorithm = SunX509
	ssl.keystore.certificate.chain = null
	ssl.keystore.key = null
	ssl.keystore.location = null
	ssl.keystore.password = null
	ssl.keystore.type = JKS
	ssl.protocol = TLSv1.3
	ssl.provider = null
	ssl.secure.random.implementation = null
	ssl.trustmanager.algorithm = PKIX
	ssl.truststore.certificates = null
	ssl.truststore.location = null
	ssl.truststore.password = null
	ssl.truststore.type = JKS
	value.deserializer = class org.apache.kafka.common.serialization.StringDeserializer
 
2025-02-17 17:28:21.508  INFO [org.apache.kafka.common.utils.AppInfoParser:119] Kafka version: 3.5.1 
2025-02-17 17:28:21.509  INFO [org.apache.kafka.common.utils.AppInfoParser:120] Kafka commitId: 2c6fb6c54472e90a 
2025-02-17 17:28:21.509  INFO [org.apache.kafka.common.utils.AppInfoParser:121] Kafka startTimeMs: 1739806101508 
2025-02-17 17:28:21.509  INFO [org.apache.kafka.clients.consumer.KafkaConsumer:980] [Consumer clientId=consumer-item_group-3, groupId=item_group] Subscribed to topic(s): Item_Topic 
2025-02-17 17:28:21.512  INFO [org.apache.coyote.http11.Http11NioProtocol:173] Starting ProtocolHandler ["http-nio-8081"] 
2025-02-17 17:28:21.537  INFO [org.springframework.boot.web.embedded.tomcat.TomcatWebServer:220] Tomcat started on port(s): 8081 (http) with context path '' 
2025-02-17 17:28:21.554  INFO [za.co.woolworths.itemkafka_poc.KafkaItemProducerPocApplication:61] Started KafkaItemProducerPocApplication in 10.387 seconds (JVM running for 11.013) 
2025-02-17 17:28:22.168  INFO [org.apache.kafka.clients.Metadata:287] [Consumer clientId=consumer-item_group-3, groupId=item_group] Cluster ID: 241EXJnpTO6SXdisTDqE6g 
2025-02-17 17:28:22.168  INFO [org.apache.kafka.clients.Metadata:287] [Consumer clientId=consumer-item_group-1, groupId=item_group] Cluster ID: 241EXJnpTO6SXdisTDqE6g 
2025-02-17 17:28:22.169  INFO [org.apache.kafka.clients.Metadata:287] [Consumer clientId=consumer-item_group-2, groupId=item_group] Cluster ID: 241EXJnpTO6SXdisTDqE6g 
2025-02-17 17:28:22.173  INFO [org.apache.kafka.clients.consumer.internals.ConsumerCoordinator:906] [Consumer clientId=consumer-item_group-2, groupId=item_group] Discovered group coordinator W49204302.woolworths.co.za:9092 (id: 2147483647 rack: null) 
2025-02-17 17:28:22.173  INFO [org.apache.kafka.clients.consumer.internals.ConsumerCoordinator:906] [Consumer clientId=consumer-item_group-1, groupId=item_group] Discovered group coordinator W49204302.woolworths.co.za:9092 (id: 2147483647 rack: null) 
2025-02-17 17:28:22.173  INFO [org.apache.kafka.clients.consumer.internals.ConsumerCoordinator:906] [Consumer clientId=consumer-item_group-3, groupId=item_group] Discovered group coordinator W49204302.woolworths.co.za:9092 (id: 2147483647 rack: null) 
2025-02-17 17:28:22.180  INFO [org.apache.kafka.clients.consumer.internals.ConsumerCoordinator:576] [Consumer clientId=consumer-item_group-1, groupId=item_group] (Re-)joining group 
2025-02-17 17:28:22.181  INFO [org.apache.kafka.clients.consumer.internals.ConsumerCoordinator:576] [Consumer clientId=consumer-item_group-2, groupId=item_group] (Re-)joining group 
2025-02-17 17:28:22.180  INFO [org.apache.kafka.clients.consumer.internals.ConsumerCoordinator:576] [Consumer clientId=consumer-item_group-3, groupId=item_group] (Re-)joining group 
2025-02-17 17:28:22.211  INFO [org.apache.kafka.clients.consumer.internals.ConsumerCoordinator:1072] [Consumer clientId=consumer-item_group-2, groupId=item_group] Request joining group due to: need to re-join with the given member-id: consumer-item_group-2-56d3f552-00a9-4746-a29b-8c851e809e28 
2025-02-17 17:28:22.212  INFO [org.apache.kafka.clients.consumer.internals.ConsumerCoordinator:1072] [Consumer clientId=consumer-item_group-2, groupId=item_group] Request joining group due to: rebalance failed due to 'The group member needs to have a valid member id before actually entering a consumer group.' (MemberIdRequiredException) 
2025-02-17 17:28:22.212  INFO [org.apache.kafka.clients.consumer.internals.ConsumerCoordinator:1072] [Consumer clientId=consumer-item_group-1, groupId=item_group] Request joining group due to: need to re-join with the given member-id: consumer-item_group-1-38ee92a4-03d7-417c-82a6-8cbf76deae8d 
2025-02-17 17:28:22.213  INFO [org.apache.kafka.clients.consumer.internals.ConsumerCoordinator:576] [Consumer clientId=consumer-item_group-2, groupId=item_group] (Re-)joining group 
2025-02-17 17:28:22.213  INFO [org.apache.kafka.clients.consumer.internals.ConsumerCoordinator:1072] [Consumer clientId=consumer-item_group-3, groupId=item_group] Request joining group due to: need to re-join with the given member-id: consumer-item_group-3-1a4b226c-bbef-4dce-b9f3-89218d6e5718 
2025-02-17 17:28:22.213  INFO [org.apache.kafka.clients.consumer.internals.ConsumerCoordinator:1072] [Consumer clientId=consumer-item_group-1, groupId=item_group] Request joining group due to: rebalance failed due to 'The group member needs to have a valid member id before actually entering a consumer group.' (MemberIdRequiredException) 
2025-02-17 17:28:22.214  INFO [org.apache.kafka.clients.consumer.internals.ConsumerCoordinator:576] [Consumer clientId=consumer-item_group-1, groupId=item_group] (Re-)joining group 
2025-02-17 17:28:22.214  INFO [org.apache.kafka.clients.consumer.internals.ConsumerCoordinator:1072] [Consumer clientId=consumer-item_group-3, groupId=item_group] Request joining group due to: rebalance failed due to 'The group member needs to have a valid member id before actually entering a consumer group.' (MemberIdRequiredException) 
2025-02-17 17:28:22.214  INFO [org.apache.kafka.clients.consumer.internals.ConsumerCoordinator:576] [Consumer clientId=consumer-item_group-3, groupId=item_group] (Re-)joining group 
2025-02-17 17:28:22.217  INFO [org.apache.kafka.clients.consumer.internals.ConsumerCoordinator:637] [Consumer clientId=consumer-item_group-1, groupId=item_group] Successfully joined group with generation Generation{generationId=87, memberId='consumer-item_group-1-38ee92a4-03d7-417c-82a6-8cbf76deae8d', protocol='range'} 
2025-02-17 17:28:22.217  INFO [org.apache.kafka.clients.consumer.internals.ConsumerCoordinator:637] [Consumer clientId=consumer-item_group-2, groupId=item_group] Successfully joined group with generation Generation{generationId=87, memberId='consumer-item_group-2-56d3f552-00a9-4746-a29b-8c851e809e28', protocol='range'} 
2025-02-17 17:28:22.222  INFO [org.apache.kafka.clients.consumer.internals.ConsumerCoordinator:836] [Consumer clientId=consumer-item_group-1, groupId=item_group] SyncGroup failed: The group began another rebalance. Need to re-join the group. Sent generation was Generation{generationId=87, memberId='consumer-item_group-1-38ee92a4-03d7-417c-82a6-8cbf76deae8d', protocol='range'} 
2025-02-17 17:28:22.222  INFO [org.apache.kafka.clients.consumer.internals.ConsumerCoordinator:1072] [Consumer clientId=consumer-item_group-1, groupId=item_group] Request joining group due to: rebalance failed due to 'The group is rebalancing, so a rejoin is needed.' (RebalanceInProgressException) 
2025-02-17 17:28:22.223  INFO [org.apache.kafka.clients.consumer.internals.ConsumerCoordinator:576] [Consumer clientId=consumer-item_group-1, groupId=item_group] (Re-)joining group 
2025-02-17 17:28:22.231  INFO [org.apache.kafka.clients.consumer.internals.ConsumerCoordinator:712] [Consumer clientId=consumer-item_group-2, groupId=item_group] Finished assignment for group at generation 87: {consumer-item_group-2-56d3f552-00a9-4746-a29b-8c851e809e28=Assignment(partitions=[]), consumer-item_group-1-38ee92a4-03d7-417c-82a6-8cbf76deae8d=Assignment(partitions=[Item_Topic-0])} 
2025-02-17 17:28:22.241  INFO [org.apache.kafka.clients.consumer.internals.ConsumerCoordinator:836] [Consumer clientId=consumer-item_group-2, groupId=item_group] SyncGroup failed: The group began another rebalance. Need to re-join the group. Sent generation was Generation{generationId=87, memberId='consumer-item_group-2-56d3f552-00a9-4746-a29b-8c851e809e28', protocol='range'} 
2025-02-17 17:28:22.242  INFO [org.apache.kafka.clients.consumer.internals.ConsumerCoordinator:1072] [Consumer clientId=consumer-item_group-2, groupId=item_group] Request joining group due to: rebalance failed due to 'The group is rebalancing, so a rejoin is needed.' (RebalanceInProgressException) 
2025-02-17 17:28:22.242  INFO [org.apache.kafka.clients.consumer.internals.ConsumerCoordinator:576] [Consumer clientId=consumer-item_group-2, groupId=item_group] (Re-)joining group 
2025-02-17 17:28:22.244  INFO [org.apache.kafka.clients.consumer.internals.ConsumerCoordinator:637] [Consumer clientId=consumer-item_group-1, groupId=item_group] Successfully joined group with generation Generation{generationId=88, memberId='consumer-item_group-1-38ee92a4-03d7-417c-82a6-8cbf76deae8d', protocol='range'} 
2025-02-17 17:28:22.244  INFO [org.apache.kafka.clients.consumer.internals.ConsumerCoordinator:637] [Consumer clientId=consumer-item_group-3, groupId=item_group] Successfully joined group with generation Generation{generationId=88, memberId='consumer-item_group-3-1a4b226c-bbef-4dce-b9f3-89218d6e5718', protocol='range'} 
2025-02-17 17:28:22.244  INFO [org.apache.kafka.clients.consumer.internals.ConsumerCoordinator:637] [Consumer clientId=consumer-item_group-2, groupId=item_group] Successfully joined group with generation Generation{generationId=88, memberId='consumer-item_group-2-56d3f552-00a9-4746-a29b-8c851e809e28', protocol='range'} 
2025-02-17 17:28:22.245  INFO [org.apache.kafka.clients.consumer.internals.ConsumerCoordinator:712] [Consumer clientId=consumer-item_group-2, groupId=item_group] Finished assignment for group at generation 88: {consumer-item_group-2-56d3f552-00a9-4746-a29b-8c851e809e28=Assignment(partitions=[]), consumer-item_group-1-38ee92a4-03d7-417c-82a6-8cbf76deae8d=Assignment(partitions=[Item_Topic-0]), consumer-item_group-3-1a4b226c-bbef-4dce-b9f3-89218d6e5718=Assignment(partitions=[])} 
2025-02-17 17:28:22.249  INFO [org.apache.kafka.clients.consumer.internals.ConsumerCoordinator:812] [Consumer clientId=consumer-item_group-1, groupId=item_group] Successfully synced group in generation Generation{generationId=88, memberId='consumer-item_group-1-38ee92a4-03d7-417c-82a6-8cbf76deae8d', protocol='range'} 
2025-02-17 17:28:22.249  INFO [org.apache.kafka.clients.consumer.internals.ConsumerCoordinator:812] [Consumer clientId=consumer-item_group-3, groupId=item_group] Successfully synced group in generation Generation{generationId=88, memberId='consumer-item_group-3-1a4b226c-bbef-4dce-b9f3-89218d6e5718', protocol='range'} 
2025-02-17 17:28:22.249  INFO [org.apache.kafka.clients.consumer.internals.ConsumerCoordinator:812] [Consumer clientId=consumer-item_group-2, groupId=item_group] Successfully synced group in generation Generation{generationId=88, memberId='consumer-item_group-2-56d3f552-00a9-4746-a29b-8c851e809e28', protocol='range'} 
2025-02-17 17:28:22.250  INFO [org.apache.kafka.clients.consumer.internals.ConsumerCoordinator:307] [Consumer clientId=consumer-item_group-1, groupId=item_group] Notifying assignor about the new Assignment(partitions=[Item_Topic-0]) 
2025-02-17 17:28:22.250  INFO [org.apache.kafka.clients.consumer.internals.ConsumerCoordinator:307] [Consumer clientId=consumer-item_group-3, groupId=item_group] Notifying assignor about the new Assignment(partitions=[]) 
2025-02-17 17:28:22.250  INFO [org.apache.kafka.clients.consumer.internals.ConsumerCoordinator:307] [Consumer clientId=consumer-item_group-2, groupId=item_group] Notifying assignor about the new Assignment(partitions=[]) 
2025-02-17 17:28:22.250  INFO [org.apache.kafka.clients.consumer.internals.ConsumerCoordinator:319] [Consumer clientId=consumer-item_group-3, groupId=item_group] Adding newly assigned partitions:  
2025-02-17 17:28:22.250  INFO [org.apache.kafka.clients.consumer.internals.ConsumerCoordinator:319] [Consumer clientId=consumer-item_group-2, groupId=item_group] Adding newly assigned partitions:  
2025-02-17 17:28:22.252  INFO [org.springframework.kafka.listener.KafkaMessageListenerContainer:292] item_group: partitions assigned: [] 
2025-02-17 17:28:22.252  INFO [org.springframework.kafka.listener.KafkaMessageListenerContainer:292] item_group: partitions assigned: [] 
2025-02-17 17:28:22.252  INFO [org.apache.kafka.clients.consumer.internals.ConsumerCoordinator:319] [Consumer clientId=consumer-item_group-1, groupId=item_group] Adding newly assigned partitions: Item_Topic-0 
2025-02-17 17:28:22.262  INFO [org.apache.kafka.clients.consumer.internals.ConsumerCoordinator:975] [Consumer clientId=consumer-item_group-1, groupId=item_group] Setting offset for partition Item_Topic-0 to the committed offset FetchPosition{offset=100, offsetEpoch=Optional.empty, currentLeader=LeaderAndEpoch{leader=Optional[W49204302.woolworths.co.za:9092 (id: 0 rack: null)], epoch=0}} 
2025-02-17 17:28:22.263  INFO [org.springframework.kafka.listener.KafkaMessageListenerContainer:292] item_group: partitions assigned: [Item_Topic-0] 
2025-02-17 17:28:36.484  INFO [org.apache.catalina.core.ContainerBase.[Tomcat].[localhost].[/]:173] Initializing Spring DispatcherServlet 'dispatcherServlet' 
2025-02-17 17:28:36.484  INFO [org.springframework.web.servlet.DispatcherServlet:525] Initializing Servlet 'dispatcherServlet' 
2025-02-17 17:28:36.485 DEBUG [org.springframework.web.servlet.DispatcherServlet:520] Detected StandardServletMultipartResolver 
2025-02-17 17:28:36.485 DEBUG [org.springframework.web.servlet.DispatcherServlet:544] Detected AcceptHeaderLocaleResolver 
2025-02-17 17:28:36.485 DEBUG [org.springframework.web.servlet.DispatcherServlet:569] Detected FixedThemeResolver 
2025-02-17 17:28:36.487 DEBUG [org.springframework.web.servlet.DispatcherServlet:719] Detected org.springframework.web.servlet.view.DefaultRequestToViewNameTranslator@261c5d1f 
2025-02-17 17:28:36.487 DEBUG [org.springframework.web.servlet.DispatcherServlet:783] Detected org.springframework.web.servlet.support.SessionFlashMapManager@6a0a0f12 
2025-02-17 17:28:36.488 DEBUG [org.springframework.web.servlet.DispatcherServlet:542] enableLoggingRequestDetails='false': request parameters and headers will be masked to prevent unsafe logging of potentially sensitive data 
2025-02-17 17:28:36.488  INFO [org.springframework.web.servlet.DispatcherServlet:547] Completed initialization in 3 ms 
2025-02-17 17:28:36.497 DEBUG [org.springframework.web.servlet.DispatcherServlet:119] GET "/flink/job-status?jobName=FlinkJobSimpleSample", parameters={masked} 
2025-02-17 17:28:36.506 DEBUG [org.springframework.web.servlet.mvc.method.annotation.RequestMappingHandlerMapping:522] Mapped to za.co.woolworths.itemkafka_poc.controller.FlinkJobController#getJobStatus(String) 
2025-02-17 17:28:57.202  INFO [za.co.woolworths.itemkafka_poc.controller.FlinkJobController:66] Job FlinkJobSimpleSample status requested: PENDING 
2025-02-17 17:29:04.070 DEBUG [org.springframework.web.servlet.mvc.method.annotation.HttpEntityMethodProcessor:268] Using 'application/json', given [*/*] and supported [application/json, application/*+json] 
2025-02-17 17:29:04.071 DEBUG [org.springframework.web.servlet.mvc.method.annotation.HttpEntityMethodProcessor:119] Writing [PENDING] 
2025-02-17 17:29:04.085 DEBUG [org.springframework.web.servlet.DispatcherServlet:1131] Completed 200 OK 
2025-02-17 17:29:15.371  INFO [org.apache.kafka.clients.consumer.internals.ConsumerCoordinator:338] [Consumer clientId=consumer-item_group-1, groupId=item_group] Revoke previously assigned partitions Item_Topic-0 
2025-02-17 17:29:15.371  INFO [org.apache.kafka.clients.consumer.internals.ConsumerCoordinator:1133] [Consumer clientId=consumer-item_group-3, groupId=item_group] Member consumer-item_group-3-1a4b226c-bbef-4dce-b9f3-89218d6e5718 sending LeaveGroup request to coordinator W49204302.woolworths.co.za:9092 (id: 2147483647 rack: null) due to the consumer unsubscribed from all topics 
2025-02-17 17:29:15.372  INFO [org.apache.kafka.clients.consumer.internals.ConsumerCoordinator:1133] [Consumer clientId=consumer-item_group-2, groupId=item_group] Member consumer-item_group-2-56d3f552-00a9-4746-a29b-8c851e809e28 sending LeaveGroup request to coordinator W49204302.woolworths.co.za:9092 (id: 2147483647 rack: null) due to the consumer unsubscribed from all topics 
2025-02-17 17:29:15.372  INFO [org.springframework.kafka.listener.KafkaMessageListenerContainer:292] item_group: partitions revoked: [Item_Topic-0] 
2025-02-17 17:29:15.373  INFO [org.apache.kafka.clients.consumer.internals.ConsumerCoordinator:1133] [Consumer clientId=consumer-item_group-1, groupId=item_group] Member consumer-item_group-1-38ee92a4-03d7-417c-82a6-8cbf76deae8d sending LeaveGroup request to coordinator W49204302.woolworths.co.za:9092 (id: 2147483647 rack: null) due to the consumer unsubscribed from all topics 
2025-02-17 17:29:15.373  INFO [org.apache.kafka.clients.consumer.internals.ConsumerCoordinator:1025] [Consumer clientId=consumer-item_group-3, groupId=item_group] Resetting generation and member id due to: consumer pro-actively leaving the group 
2025-02-17 17:29:15.373  INFO [org.apache.kafka.clients.consumer.internals.ConsumerCoordinator:1025] [Consumer clientId=consumer-item_group-2, groupId=item_group] Resetting generation and member id due to: consumer pro-actively leaving the group 
2025-02-17 17:29:15.373  INFO [org.apache.kafka.clients.consumer.internals.ConsumerCoordinator:1025] [Consumer clientId=consumer-item_group-1, groupId=item_group] Resetting generation and member id due to: consumer pro-actively leaving the group 
2025-02-17 17:29:15.373  INFO [org.apache.kafka.clients.consumer.internals.ConsumerCoordinator:1072] [Consumer clientId=consumer-item_group-3, groupId=item_group] Request joining group due to: consumer pro-actively leaving the group 
2025-02-17 17:29:15.373  INFO [org.apache.kafka.clients.consumer.internals.ConsumerCoordinator:1072] [Consumer clientId=consumer-item_group-2, groupId=item_group] Request joining group due to: consumer pro-actively leaving the group 
2025-02-17 17:29:15.374  INFO [org.apache.kafka.clients.consumer.internals.ConsumerCoordinator:1072] [Consumer clientId=consumer-item_group-1, groupId=item_group] Request joining group due to: consumer pro-actively leaving the group 
2025-02-17 17:29:15.374  INFO [org.apache.kafka.clients.consumer.KafkaConsumer:1089] [Consumer clientId=consumer-item_group-3, groupId=item_group] Unsubscribed all topics or patterns and assigned partitions 
2025-02-17 17:29:15.374  INFO [org.apache.kafka.clients.consumer.KafkaConsumer:1089] [Consumer clientId=consumer-item_group-2, groupId=item_group] Unsubscribed all topics or patterns and assigned partitions 
2025-02-17 17:29:15.374  INFO [org.apache.kafka.clients.consumer.KafkaConsumer:1089] [Consumer clientId=consumer-item_group-1, groupId=item_group] Unsubscribed all topics or patterns and assigned partitions 
2025-02-17 17:29:15.376  INFO [org.apache.kafka.clients.consumer.internals.ConsumerCoordinator:1025] [Consumer clientId=consumer-item_group-1, groupId=item_group] Resetting generation and member id due to: consumer pro-actively leaving the group 
2025-02-17 17:29:15.376  INFO [org.apache.kafka.clients.consumer.internals.ConsumerCoordinator:1025] [Consumer clientId=consumer-item_group-3, groupId=item_group] Resetting generation and member id due to: consumer pro-actively leaving the group 
2025-02-17 17:29:15.376  INFO [org.apache.kafka.clients.consumer.internals.ConsumerCoordinator:1025] [Consumer clientId=consumer-item_group-2, groupId=item_group] Resetting generation and member id due to: consumer pro-actively leaving the group 
2025-02-17 17:29:15.377  INFO [org.apache.kafka.clients.consumer.internals.ConsumerCoordinator:1072] [Consumer clientId=consumer-item_group-1, groupId=item_group] Request joining group due to: consumer pro-actively leaving the group 
2025-02-17 17:29:15.377  INFO [org.apache.kafka.clients.consumer.internals.ConsumerCoordinator:1072] [Consumer clientId=consumer-item_group-3, groupId=item_group] Request joining group due to: consumer pro-actively leaving the group 
2025-02-17 17:29:15.377  INFO [org.apache.kafka.clients.consumer.internals.ConsumerCoordinator:1072] [Consumer clientId=consumer-item_group-2, groupId=item_group] Request joining group due to: consumer pro-actively leaving the group 
2025-02-17 17:29:15.384  INFO [org.apache.kafka.common.metrics.Metrics:693] Metrics scheduler closed 
2025-02-17 17:29:15.384  INFO [org.apache.kafka.common.metrics.Metrics:697] Closing reporter org.apache.kafka.common.metrics.JmxReporter 
2025-02-17 17:29:15.385  INFO [org.apache.kafka.common.metrics.Metrics:703] Metrics reporters closed 
2025-02-17 17:29:15.386  INFO [org.apache.kafka.common.metrics.Metrics:693] Metrics scheduler closed 
2025-02-17 17:29:15.387  INFO [org.apache.kafka.common.metrics.Metrics:697] Closing reporter org.apache.kafka.common.metrics.JmxReporter 
2025-02-17 17:29:15.387  INFO [org.apache.kafka.common.metrics.Metrics:703] Metrics reporters closed 
2025-02-17 17:29:15.396  INFO [org.apache.kafka.common.utils.AppInfoParser:83] App info kafka.consumer for consumer-item_group-2 unregistered 
2025-02-17 17:29:15.397  INFO [org.apache.kafka.common.utils.AppInfoParser:83] App info kafka.consumer for consumer-item_group-3 unregistered 
2025-02-17 17:29:15.397  INFO [org.springframework.kafka.listener.KafkaMessageListenerContainer:292] item_group: Consumer stopped 
2025-02-17 17:29:15.398  INFO [org.springframework.kafka.listener.KafkaMessageListenerContainer:292] item_group: Consumer stopped 
2025-02-17 17:29:15.734  INFO [org.apache.kafka.common.metrics.Metrics:693] Metrics scheduler closed 
2025-02-17 17:29:15.735  INFO [org.apache.kafka.common.metrics.Metrics:697] Closing reporter org.apache.kafka.common.metrics.JmxReporter 
2025-02-17 17:29:15.735  INFO [org.apache.kafka.common.metrics.Metrics:703] Metrics reporters closed 
2025-02-17 17:29:15.739  INFO [org.apache.kafka.common.utils.AppInfoParser:83] App info kafka.consumer for consumer-item_group-1 unregistered 
2025-02-17 17:29:15.740  INFO [org.springframework.kafka.listener.KafkaMessageListenerContainer:292] item_group: Consumer stopped 
2025-02-17 17:29:15.747  INFO [org.springframework.orm.jpa.LocalContainerEntityManagerFactoryBean:651] Closing JPA EntityManagerFactory for persistence unit 'default' 
2025-02-17 17:29:15.755  INFO [com.zaxxer.hikari.HikariDataSource:350] HikariPool-1 - Shutdown initiated... 
2025-02-17 17:29:15.760  INFO [com.zaxxer.hikari.HikariDataSource:352] HikariPool-1 - Shutdown completed. 
2025-02-17 17:29:36.395  INFO [za.co.woolworths.itemkafka_poc.KafkaItemProducerPocApplication:55] Starting KafkaItemProducerPocApplication using Java 11.0.2 on W49204302 with PID 19664 (C:\Workspaces\Item-Kafka-Producer-POC\Item-Kafka-Producer-POC\target\classes started by W7178930 in C:\Workspaces\Item-Kafka-Producer-POC\Item-Kafka-Producer-POC) 
2025-02-17 17:29:36.401  INFO [za.co.woolworths.itemkafka_poc.KafkaItemProducerPocApplication:640] The following 2 profiles are active: "swagger", "dev" 
2025-02-17 17:29:38.089  INFO [org.springframework.data.repository.config.RepositoryConfigurationDelegate:132] Bootstrapping Spring Data JPA repositories in DEFAULT mode. 
2025-02-17 17:29:38.242  INFO [org.springframework.data.repository.config.RepositoryConfigurationDelegate:201] Finished Spring Data repository scanning in 131 ms. Found 1 JPA repository interfaces. 
2025-02-17 17:29:40.286  INFO [org.springframework.boot.web.embedded.tomcat.TomcatWebServer:108] Tomcat initialized with port(s): 8081 (http) 
2025-02-17 17:29:40.295  INFO [org.apache.coyote.http11.Http11NioProtocol:173] Initializing ProtocolHandler ["http-nio-8081"] 
2025-02-17 17:29:40.295  INFO [org.apache.catalina.core.StandardService:173] Starting service [Tomcat] 
2025-02-17 17:29:40.296  INFO [org.apache.catalina.core.StandardEngine:173] Starting Servlet engine: [Apache Tomcat/9.0.64] 
2025-02-17 17:29:40.554  INFO [org.apache.catalina.core.ContainerBase.[Tomcat].[localhost].[/]:173] Initializing Spring embedded WebApplicationContext 
2025-02-17 17:29:40.555  INFO [org.springframework.boot.web.servlet.context.ServletWebServerApplicationContext:292] Root WebApplicationContext: initialization completed in 4075 ms 
2025-02-17 17:29:41.179  INFO [com.zaxxer.hikari.HikariDataSource:110] HikariPool-1 - Starting... 
2025-02-17 17:29:41.839  INFO [com.zaxxer.hikari.HikariDataSource:123] HikariPool-1 - Start completed. 
2025-02-17 17:29:41.888  INFO [org.hibernate.jpa.internal.util.LogHelper:31] HHH000204: Processing PersistenceUnitInfo [name: default] 
2025-02-17 17:29:41.964  INFO [org.hibernate.Version:44] HHH000412: Hibernate ORM core version 5.6.9.Final 
2025-02-17 17:29:42.160  INFO [org.hibernate.annotations.common.Version:56] HCANN000001: Hibernate Commons Annotations {5.1.2.Final} 
2025-02-17 17:29:42.317  INFO [org.hibernate.dialect.Dialect:175] HHH000400: Using dialect: org.hibernate.dialect.SQLServer2016Dialect 
2025-02-17 17:29:43.103  INFO [org.hibernate.engine.transaction.jta.platform.internal.JtaPlatformInitiator:52] HHH000490: Using JtaPlatform implementation: [org.hibernate.engine.transaction.jta.platform.internal.NoJtaPlatform] 
2025-02-17 17:29:43.113  INFO [org.springframework.orm.jpa.LocalContainerEntityManagerFactoryBean:437] Initialized JPA EntityManagerFactory for persistence unit 'default' 
2025-02-17 17:29:44.428  WARN [org.springframework.boot.autoconfigure.orm.jpa.JpaBaseConfiguration$JpaWebConfiguration:219] spring.jpa.open-in-view is enabled by default. Therefore, database queries may be performed during view rendering. Explicitly configure spring.jpa.open-in-view to disable this warning 
2025-02-17 17:29:44.586 DEBUG [org.springframework.web.servlet.mvc.method.annotation.RequestMappingHandlerMapping:367] 15 mappings in 'requestMappingHandlerMapping' 
2025-02-17 17:29:45.249 DEBUG [org.springframework.web.servlet.handler.SimpleUrlHandlerMapping:188] Patterns [/agent/swagger-ui*/**] in 'resourceHandlerMapping' 
2025-02-17 17:29:45.336 DEBUG [org.springframework.web.servlet.mvc.method.annotation.RequestMappingHandlerAdapter:625] ControllerAdvice beans: 0 @ModelAttribute, 0 @InitBinder, 1 RequestBodyAdvice, 1 ResponseBodyAdvice 
2025-02-17 17:29:45.400 DEBUG [org.springframework.web.servlet.mvc.method.annotation.ExceptionHandlerExceptionResolver:307] ControllerAdvice beans: 1 @ExceptionHandler, 1 ResponseBodyAdvice 
2025-02-17 17:29:45.915  INFO [org.springframework.boot.actuate.endpoint.web.EndpointLinksResolver:58] Exposing 1 endpoint(s) beneath base path '/actuator' 
2025-02-17 17:29:46.127  INFO [org.apache.kafka.clients.consumer.ConsumerConfig:369] ConsumerConfig values: 
	allow.auto.create.topics = true
	auto.commit.interval.ms = 5000
	auto.include.jmx.reporter = true
	auto.offset.reset = latest
	bootstrap.servers = [localhost:9092]
	check.crcs = true
	client.dns.lookup = use_all_dns_ips
	client.id = consumer-item_group-1
	client.rack = 
	connections.max.idle.ms = 540000
	default.api.timeout.ms = 60000
	enable.auto.commit = false
	exclude.internal.topics = true
	fetch.max.bytes = 52428800
	fetch.max.wait.ms = 500
	fetch.min.bytes = 1
	group.id = item_group
	group.instance.id = null
	heartbeat.interval.ms = 3000
	interceptor.classes = []
	internal.leave.group.on.close = true
	internal.throw.on.fetch.stable.offset.unsupported = false
	isolation.level = read_uncommitted
	key.deserializer = class org.apache.kafka.common.serialization.StringDeserializer
	max.partition.fetch.bytes = 1048576
	max.poll.interval.ms = 300000
	max.poll.records = 500
	metadata.max.age.ms = 300000
	metric.reporters = []
	metrics.num.samples = 2
	metrics.recording.level = INFO
	metrics.sample.window.ms = 30000
	partition.assignment.strategy = [class org.apache.kafka.clients.consumer.RangeAssignor, class org.apache.kafka.clients.consumer.CooperativeStickyAssignor]
	receive.buffer.bytes = 65536
	reconnect.backoff.max.ms = 1000
	reconnect.backoff.ms = 50
	request.timeout.ms = 30000
	retry.backoff.ms = 100
	sasl.client.callback.handler.class = null
	sasl.jaas.config = null
	sasl.kerberos.kinit.cmd = /usr/bin/kinit
	sasl.kerberos.min.time.before.relogin = 60000
	sasl.kerberos.service.name = null
	sasl.kerberos.ticket.renew.jitter = 0.05
	sasl.kerberos.ticket.renew.window.factor = 0.8
	sasl.login.callback.handler.class = null
	sasl.login.class = null
	sasl.login.connect.timeout.ms = null
	sasl.login.read.timeout.ms = null
	sasl.login.refresh.buffer.seconds = 300
	sasl.login.refresh.min.period.seconds = 60
	sasl.login.refresh.window.factor = 0.8
	sasl.login.refresh.window.jitter = 0.05
	sasl.login.retry.backoff.max.ms = 10000
	sasl.login.retry.backoff.ms = 100
	sasl.mechanism = GSSAPI
	sasl.oauthbearer.clock.skew.seconds = 30
	sasl.oauthbearer.expected.audience = null
	sasl.oauthbearer.expected.issuer = null
	sasl.oauthbearer.jwks.endpoint.refresh.ms = 3600000
	sasl.oauthbearer.jwks.endpoint.retry.backoff.max.ms = 10000
	sasl.oauthbearer.jwks.endpoint.retry.backoff.ms = 100
	sasl.oauthbearer.jwks.endpoint.url = null
	sasl.oauthbearer.scope.claim.name = scope
	sasl.oauthbearer.sub.claim.name = sub
	sasl.oauthbearer.token.endpoint.url = null
	security.protocol = PLAINTEXT
	security.providers = null
	send.buffer.bytes = 131072
	session.timeout.ms = 45000
	socket.connection.setup.timeout.max.ms = 30000
	socket.connection.setup.timeout.ms = 10000
	ssl.cipher.suites = null
	ssl.enabled.protocols = [TLSv1.2, TLSv1.3]
	ssl.endpoint.identification.algorithm = https
	ssl.engine.factory.class = null
	ssl.key.password = null
	ssl.keymanager.algorithm = SunX509
	ssl.keystore.certificate.chain = null
	ssl.keystore.key = null
	ssl.keystore.location = null
	ssl.keystore.password = null
	ssl.keystore.type = JKS
	ssl.protocol = TLSv1.3
	ssl.provider = null
	ssl.secure.random.implementation = null
	ssl.trustmanager.algorithm = PKIX
	ssl.truststore.certificates = null
	ssl.truststore.location = null
	ssl.truststore.password = null
	ssl.truststore.type = JKS
	value.deserializer = class org.apache.kafka.common.serialization.StringDeserializer
 
2025-02-17 17:29:46.411  INFO [org.apache.kafka.common.utils.AppInfoParser:119] Kafka version: 3.5.1 
2025-02-17 17:29:46.413  INFO [org.apache.kafka.common.utils.AppInfoParser:120] Kafka commitId: 2c6fb6c54472e90a 
2025-02-17 17:29:46.414  INFO [org.apache.kafka.common.utils.AppInfoParser:121] Kafka startTimeMs: 1739806186408 
2025-02-17 17:29:46.421  INFO [org.apache.kafka.clients.consumer.KafkaConsumer:980] [Consumer clientId=consumer-item_group-1, groupId=item_group] Subscribed to topic(s): Item_Topic 
2025-02-17 17:29:46.450  INFO [org.apache.kafka.clients.consumer.ConsumerConfig:369] ConsumerConfig values: 
	allow.auto.create.topics = true
	auto.commit.interval.ms = 5000
	auto.include.jmx.reporter = true
	auto.offset.reset = latest
	bootstrap.servers = [localhost:9092]
	check.crcs = true
	client.dns.lookup = use_all_dns_ips
	client.id = consumer-item_group-2
	client.rack = 
	connections.max.idle.ms = 540000
	default.api.timeout.ms = 60000
	enable.auto.commit = false
	exclude.internal.topics = true
	fetch.max.bytes = 52428800
	fetch.max.wait.ms = 500
	fetch.min.bytes = 1
	group.id = item_group
	group.instance.id = null
	heartbeat.interval.ms = 3000
	interceptor.classes = []
	internal.leave.group.on.close = true
	internal.throw.on.fetch.stable.offset.unsupported = false
	isolation.level = read_uncommitted
	key.deserializer = class org.apache.kafka.common.serialization.StringDeserializer
	max.partition.fetch.bytes = 1048576
	max.poll.interval.ms = 300000
	max.poll.records = 500
	metadata.max.age.ms = 300000
	metric.reporters = []
	metrics.num.samples = 2
	metrics.recording.level = INFO
	metrics.sample.window.ms = 30000
	partition.assignment.strategy = [class org.apache.kafka.clients.consumer.RangeAssignor, class org.apache.kafka.clients.consumer.CooperativeStickyAssignor]
	receive.buffer.bytes = 65536
	reconnect.backoff.max.ms = 1000
	reconnect.backoff.ms = 50
	request.timeout.ms = 30000
	retry.backoff.ms = 100
	sasl.client.callback.handler.class = null
	sasl.jaas.config = null
	sasl.kerberos.kinit.cmd = /usr/bin/kinit
	sasl.kerberos.min.time.before.relogin = 60000
	sasl.kerberos.service.name = null
	sasl.kerberos.ticket.renew.jitter = 0.05
	sasl.kerberos.ticket.renew.window.factor = 0.8
	sasl.login.callback.handler.class = null
	sasl.login.class = null
	sasl.login.connect.timeout.ms = null
	sasl.login.read.timeout.ms = null
	sasl.login.refresh.buffer.seconds = 300
	sasl.login.refresh.min.period.seconds = 60
	sasl.login.refresh.window.factor = 0.8
	sasl.login.refresh.window.jitter = 0.05
	sasl.login.retry.backoff.max.ms = 10000
	sasl.login.retry.backoff.ms = 100
	sasl.mechanism = GSSAPI
	sasl.oauthbearer.clock.skew.seconds = 30
	sasl.oauthbearer.expected.audience = null
	sasl.oauthbearer.expected.issuer = null
	sasl.oauthbearer.jwks.endpoint.refresh.ms = 3600000
	sasl.oauthbearer.jwks.endpoint.retry.backoff.max.ms = 10000
	sasl.oauthbearer.jwks.endpoint.retry.backoff.ms = 100
	sasl.oauthbearer.jwks.endpoint.url = null
	sasl.oauthbearer.scope.claim.name = scope
	sasl.oauthbearer.sub.claim.name = sub
	sasl.oauthbearer.token.endpoint.url = null
	security.protocol = PLAINTEXT
	security.providers = null
	send.buffer.bytes = 131072
	session.timeout.ms = 45000
	socket.connection.setup.timeout.max.ms = 30000
	socket.connection.setup.timeout.ms = 10000
	ssl.cipher.suites = null
	ssl.enabled.protocols = [TLSv1.2, TLSv1.3]
	ssl.endpoint.identification.algorithm = https
	ssl.engine.factory.class = null
	ssl.key.password = null
	ssl.keymanager.algorithm = SunX509
	ssl.keystore.certificate.chain = null
	ssl.keystore.key = null
	ssl.keystore.location = null
	ssl.keystore.password = null
	ssl.keystore.type = JKS
	ssl.protocol = TLSv1.3
	ssl.provider = null
	ssl.secure.random.implementation = null
	ssl.trustmanager.algorithm = PKIX
	ssl.truststore.certificates = null
	ssl.truststore.location = null
	ssl.truststore.password = null
	ssl.truststore.type = JKS
	value.deserializer = class org.apache.kafka.common.serialization.StringDeserializer
 
2025-02-17 17:29:46.465  INFO [org.apache.kafka.common.utils.AppInfoParser:119] Kafka version: 3.5.1 
2025-02-17 17:29:46.466  INFO [org.apache.kafka.common.utils.AppInfoParser:120] Kafka commitId: 2c6fb6c54472e90a 
2025-02-17 17:29:46.467  INFO [org.apache.kafka.common.utils.AppInfoParser:121] Kafka startTimeMs: 1739806186465 
2025-02-17 17:29:46.467  INFO [org.apache.kafka.clients.consumer.KafkaConsumer:980] [Consumer clientId=consumer-item_group-2, groupId=item_group] Subscribed to topic(s): Item_Topic 
2025-02-17 17:29:46.472  INFO [org.apache.kafka.clients.consumer.ConsumerConfig:369] ConsumerConfig values: 
	allow.auto.create.topics = true
	auto.commit.interval.ms = 5000
	auto.include.jmx.reporter = true
	auto.offset.reset = latest
	bootstrap.servers = [localhost:9092]
	check.crcs = true
	client.dns.lookup = use_all_dns_ips
	client.id = consumer-item_group-3
	client.rack = 
	connections.max.idle.ms = 540000
	default.api.timeout.ms = 60000
	enable.auto.commit = false
	exclude.internal.topics = true
	fetch.max.bytes = 52428800
	fetch.max.wait.ms = 500
	fetch.min.bytes = 1
	group.id = item_group
	group.instance.id = null
	heartbeat.interval.ms = 3000
	interceptor.classes = []
	internal.leave.group.on.close = true
	internal.throw.on.fetch.stable.offset.unsupported = false
	isolation.level = read_uncommitted
	key.deserializer = class org.apache.kafka.common.serialization.StringDeserializer
	max.partition.fetch.bytes = 1048576
	max.poll.interval.ms = 300000
	max.poll.records = 500
	metadata.max.age.ms = 300000
	metric.reporters = []
	metrics.num.samples = 2
	metrics.recording.level = INFO
	metrics.sample.window.ms = 30000
	partition.assignment.strategy = [class org.apache.kafka.clients.consumer.RangeAssignor, class org.apache.kafka.clients.consumer.CooperativeStickyAssignor]
	receive.buffer.bytes = 65536
	reconnect.backoff.max.ms = 1000
	reconnect.backoff.ms = 50
	request.timeout.ms = 30000
	retry.backoff.ms = 100
	sasl.client.callback.handler.class = null
	sasl.jaas.config = null
	sasl.kerberos.kinit.cmd = /usr/bin/kinit
	sasl.kerberos.min.time.before.relogin = 60000
	sasl.kerberos.service.name = null
	sasl.kerberos.ticket.renew.jitter = 0.05
	sasl.kerberos.ticket.renew.window.factor = 0.8
	sasl.login.callback.handler.class = null
	sasl.login.class = null
	sasl.login.connect.timeout.ms = null
	sasl.login.read.timeout.ms = null
	sasl.login.refresh.buffer.seconds = 300
	sasl.login.refresh.min.period.seconds = 60
	sasl.login.refresh.window.factor = 0.8
	sasl.login.refresh.window.jitter = 0.05
	sasl.login.retry.backoff.max.ms = 10000
	sasl.login.retry.backoff.ms = 100
	sasl.mechanism = GSSAPI
	sasl.oauthbearer.clock.skew.seconds = 30
	sasl.oauthbearer.expected.audience = null
	sasl.oauthbearer.expected.issuer = null
	sasl.oauthbearer.jwks.endpoint.refresh.ms = 3600000
	sasl.oauthbearer.jwks.endpoint.retry.backoff.max.ms = 10000
	sasl.oauthbearer.jwks.endpoint.retry.backoff.ms = 100
	sasl.oauthbearer.jwks.endpoint.url = null
	sasl.oauthbearer.scope.claim.name = scope
	sasl.oauthbearer.sub.claim.name = sub
	sasl.oauthbearer.token.endpoint.url = null
	security.protocol = PLAINTEXT
	security.providers = null
	send.buffer.bytes = 131072
	session.timeout.ms = 45000
	socket.connection.setup.timeout.max.ms = 30000
	socket.connection.setup.timeout.ms = 10000
	ssl.cipher.suites = null
	ssl.enabled.protocols = [TLSv1.2, TLSv1.3]
	ssl.endpoint.identification.algorithm = https
	ssl.engine.factory.class = null
	ssl.key.password = null
	ssl.keymanager.algorithm = SunX509
	ssl.keystore.certificate.chain = null
	ssl.keystore.key = null
	ssl.keystore.location = null
	ssl.keystore.password = null
	ssl.keystore.type = JKS
	ssl.protocol = TLSv1.3
	ssl.provider = null
	ssl.secure.random.implementation = null
	ssl.trustmanager.algorithm = PKIX
	ssl.truststore.certificates = null
	ssl.truststore.location = null
	ssl.truststore.password = null
	ssl.truststore.type = JKS
	value.deserializer = class org.apache.kafka.common.serialization.StringDeserializer
 
2025-02-17 17:29:46.484  INFO [org.apache.kafka.common.utils.AppInfoParser:119] Kafka version: 3.5.1 
2025-02-17 17:29:46.485  INFO [org.apache.kafka.common.utils.AppInfoParser:120] Kafka commitId: 2c6fb6c54472e90a 
2025-02-17 17:29:46.485  INFO [org.apache.kafka.common.utils.AppInfoParser:121] Kafka startTimeMs: 1739806186484 
2025-02-17 17:29:46.486  INFO [org.apache.kafka.clients.consumer.KafkaConsumer:980] [Consumer clientId=consumer-item_group-3, groupId=item_group] Subscribed to topic(s): Item_Topic 
2025-02-17 17:29:46.490  INFO [org.apache.coyote.http11.Http11NioProtocol:173] Starting ProtocolHandler ["http-nio-8081"] 
2025-02-17 17:29:46.515  INFO [org.springframework.boot.web.embedded.tomcat.TomcatWebServer:220] Tomcat started on port(s): 8081 (http) with context path '' 
2025-02-17 17:29:46.537  INFO [za.co.woolworths.itemkafka_poc.KafkaItemProducerPocApplication:61] Started KafkaItemProducerPocApplication in 10.758 seconds (JVM running for 11.452) 
2025-02-17 17:29:47.018  INFO [org.apache.kafka.clients.Metadata:287] [Consumer clientId=consumer-item_group-2, groupId=item_group] Cluster ID: 241EXJnpTO6SXdisTDqE6g 
2025-02-17 17:29:47.017  INFO [org.apache.kafka.clients.Metadata:287] [Consumer clientId=consumer-item_group-1, groupId=item_group] Cluster ID: 241EXJnpTO6SXdisTDqE6g 
2025-02-17 17:29:47.018  INFO [org.apache.kafka.clients.Metadata:287] [Consumer clientId=consumer-item_group-3, groupId=item_group] Cluster ID: 241EXJnpTO6SXdisTDqE6g 
2025-02-17 17:29:47.020  INFO [org.apache.kafka.clients.consumer.internals.ConsumerCoordinator:906] [Consumer clientId=consumer-item_group-1, groupId=item_group] Discovered group coordinator W49204302.woolworths.co.za:9092 (id: 2147483647 rack: null) 
2025-02-17 17:29:47.020  INFO [org.apache.kafka.clients.consumer.internals.ConsumerCoordinator:906] [Consumer clientId=consumer-item_group-2, groupId=item_group] Discovered group coordinator W49204302.woolworths.co.za:9092 (id: 2147483647 rack: null) 
2025-02-17 17:29:47.021  INFO [org.apache.kafka.clients.consumer.internals.ConsumerCoordinator:906] [Consumer clientId=consumer-item_group-3, groupId=item_group] Discovered group coordinator W49204302.woolworths.co.za:9092 (id: 2147483647 rack: null) 
2025-02-17 17:29:47.025  INFO [org.apache.kafka.clients.consumer.internals.ConsumerCoordinator:576] [Consumer clientId=consumer-item_group-3, groupId=item_group] (Re-)joining group 
2025-02-17 17:29:47.025  INFO [org.apache.kafka.clients.consumer.internals.ConsumerCoordinator:576] [Consumer clientId=consumer-item_group-2, groupId=item_group] (Re-)joining group 
2025-02-17 17:29:47.025  INFO [org.apache.kafka.clients.consumer.internals.ConsumerCoordinator:576] [Consumer clientId=consumer-item_group-1, groupId=item_group] (Re-)joining group 
2025-02-17 17:29:47.052  INFO [org.apache.kafka.clients.consumer.internals.ConsumerCoordinator:1072] [Consumer clientId=consumer-item_group-3, groupId=item_group] Request joining group due to: need to re-join with the given member-id: consumer-item_group-3-fced43c7-9dbe-4d72-949b-cc3488a9f740 
2025-02-17 17:29:47.053  INFO [org.apache.kafka.clients.consumer.internals.ConsumerCoordinator:1072] [Consumer clientId=consumer-item_group-2, groupId=item_group] Request joining group due to: need to re-join with the given member-id: consumer-item_group-2-fc19744f-66cc-4b1c-8b9a-78bf2ee6975c 
2025-02-17 17:29:47.053  INFO [org.apache.kafka.clients.consumer.internals.ConsumerCoordinator:1072] [Consumer clientId=consumer-item_group-3, groupId=item_group] Request joining group due to: rebalance failed due to 'The group member needs to have a valid member id before actually entering a consumer group.' (MemberIdRequiredException) 
2025-02-17 17:29:47.053  INFO [org.apache.kafka.clients.consumer.internals.ConsumerCoordinator:1072] [Consumer clientId=consumer-item_group-1, groupId=item_group] Request joining group due to: need to re-join with the given member-id: consumer-item_group-1-274a6d2c-e140-474e-ba12-7c776c6e8397 
2025-02-17 17:29:47.054  INFO [org.apache.kafka.clients.consumer.internals.ConsumerCoordinator:576] [Consumer clientId=consumer-item_group-3, groupId=item_group] (Re-)joining group 
2025-02-17 17:29:47.054  INFO [org.apache.kafka.clients.consumer.internals.ConsumerCoordinator:1072] [Consumer clientId=consumer-item_group-2, groupId=item_group] Request joining group due to: rebalance failed due to 'The group member needs to have a valid member id before actually entering a consumer group.' (MemberIdRequiredException) 
2025-02-17 17:29:47.054  INFO [org.apache.kafka.clients.consumer.internals.ConsumerCoordinator:1072] [Consumer clientId=consumer-item_group-1, groupId=item_group] Request joining group due to: rebalance failed due to 'The group member needs to have a valid member id before actually entering a consumer group.' (MemberIdRequiredException) 
2025-02-17 17:29:47.054  INFO [org.apache.kafka.clients.consumer.internals.ConsumerCoordinator:576] [Consumer clientId=consumer-item_group-2, groupId=item_group] (Re-)joining group 
2025-02-17 17:29:47.055  INFO [org.apache.kafka.clients.consumer.internals.ConsumerCoordinator:576] [Consumer clientId=consumer-item_group-1, groupId=item_group] (Re-)joining group 
2025-02-17 17:29:47.058  INFO [org.apache.kafka.clients.consumer.internals.ConsumerCoordinator:637] [Consumer clientId=consumer-item_group-3, groupId=item_group] Successfully joined group with generation Generation{generationId=90, memberId='consumer-item_group-3-fced43c7-9dbe-4d72-949b-cc3488a9f740', protocol='range'} 
2025-02-17 17:29:47.058  INFO [org.apache.kafka.clients.consumer.internals.ConsumerCoordinator:637] [Consumer clientId=consumer-item_group-2, groupId=item_group] Successfully joined group with generation Generation{generationId=90, memberId='consumer-item_group-2-fc19744f-66cc-4b1c-8b9a-78bf2ee6975c', protocol='range'} 
2025-02-17 17:29:47.058  INFO [org.apache.kafka.clients.consumer.internals.ConsumerCoordinator:637] [Consumer clientId=consumer-item_group-1, groupId=item_group] Successfully joined group with generation Generation{generationId=90, memberId='consumer-item_group-1-274a6d2c-e140-474e-ba12-7c776c6e8397', protocol='range'} 
2025-02-17 17:29:47.068  INFO [org.apache.kafka.clients.consumer.internals.ConsumerCoordinator:712] [Consumer clientId=consumer-item_group-3, groupId=item_group] Finished assignment for group at generation 90: {consumer-item_group-2-fc19744f-66cc-4b1c-8b9a-78bf2ee6975c=Assignment(partitions=[]), consumer-item_group-3-fced43c7-9dbe-4d72-949b-cc3488a9f740=Assignment(partitions=[]), consumer-item_group-1-274a6d2c-e140-474e-ba12-7c776c6e8397=Assignment(partitions=[Item_Topic-0])} 
2025-02-17 17:29:47.074  INFO [org.apache.kafka.clients.consumer.internals.ConsumerCoordinator:812] [Consumer clientId=consumer-item_group-2, groupId=item_group] Successfully synced group in generation Generation{generationId=90, memberId='consumer-item_group-2-fc19744f-66cc-4b1c-8b9a-78bf2ee6975c', protocol='range'} 
2025-02-17 17:29:47.074  INFO [org.apache.kafka.clients.consumer.internals.ConsumerCoordinator:812] [Consumer clientId=consumer-item_group-1, groupId=item_group] Successfully synced group in generation Generation{generationId=90, memberId='consumer-item_group-1-274a6d2c-e140-474e-ba12-7c776c6e8397', protocol='range'} 
2025-02-17 17:29:47.074  INFO [org.apache.kafka.clients.consumer.internals.ConsumerCoordinator:812] [Consumer clientId=consumer-item_group-3, groupId=item_group] Successfully synced group in generation Generation{generationId=90, memberId='consumer-item_group-3-fced43c7-9dbe-4d72-949b-cc3488a9f740', protocol='range'} 
2025-02-17 17:29:47.075  INFO [org.apache.kafka.clients.consumer.internals.ConsumerCoordinator:307] [Consumer clientId=consumer-item_group-2, groupId=item_group] Notifying assignor about the new Assignment(partitions=[]) 
2025-02-17 17:29:47.075  INFO [org.apache.kafka.clients.consumer.internals.ConsumerCoordinator:307] [Consumer clientId=consumer-item_group-1, groupId=item_group] Notifying assignor about the new Assignment(partitions=[Item_Topic-0]) 
2025-02-17 17:29:47.075  INFO [org.apache.kafka.clients.consumer.internals.ConsumerCoordinator:319] [Consumer clientId=consumer-item_group-2, groupId=item_group] Adding newly assigned partitions:  
2025-02-17 17:29:47.075  INFO [org.apache.kafka.clients.consumer.internals.ConsumerCoordinator:307] [Consumer clientId=consumer-item_group-3, groupId=item_group] Notifying assignor about the new Assignment(partitions=[]) 
2025-02-17 17:29:47.076  INFO [org.apache.kafka.clients.consumer.internals.ConsumerCoordinator:319] [Consumer clientId=consumer-item_group-3, groupId=item_group] Adding newly assigned partitions:  
2025-02-17 17:29:47.076  INFO [org.springframework.kafka.listener.KafkaMessageListenerContainer:292] item_group: partitions assigned: [] 
2025-02-17 17:29:47.077  INFO [org.springframework.kafka.listener.KafkaMessageListenerContainer:292] item_group: partitions assigned: [] 
2025-02-17 17:29:47.077  INFO [org.apache.kafka.clients.consumer.internals.ConsumerCoordinator:319] [Consumer clientId=consumer-item_group-1, groupId=item_group] Adding newly assigned partitions: Item_Topic-0 
2025-02-17 17:29:47.087  INFO [org.apache.kafka.clients.consumer.internals.ConsumerCoordinator:975] [Consumer clientId=consumer-item_group-1, groupId=item_group] Setting offset for partition Item_Topic-0 to the committed offset FetchPosition{offset=100, offsetEpoch=Optional.empty, currentLeader=LeaderAndEpoch{leader=Optional[W49204302.woolworths.co.za:9092 (id: 0 rack: null)], epoch=0}} 
2025-02-17 17:29:47.088  INFO [org.springframework.kafka.listener.KafkaMessageListenerContainer:292] item_group: partitions assigned: [Item_Topic-0] 
2025-02-17 17:29:58.966  INFO [org.apache.catalina.core.ContainerBase.[Tomcat].[localhost].[/]:173] Initializing Spring DispatcherServlet 'dispatcherServlet' 
2025-02-17 17:29:58.966  INFO [org.springframework.web.servlet.DispatcherServlet:525] Initializing Servlet 'dispatcherServlet' 
2025-02-17 17:29:58.966 DEBUG [org.springframework.web.servlet.DispatcherServlet:520] Detected StandardServletMultipartResolver 
2025-02-17 17:29:58.966 DEBUG [org.springframework.web.servlet.DispatcherServlet:544] Detected AcceptHeaderLocaleResolver 
2025-02-17 17:29:58.967 DEBUG [org.springframework.web.servlet.DispatcherServlet:569] Detected FixedThemeResolver 
2025-02-17 17:29:58.967 DEBUG [org.springframework.web.servlet.DispatcherServlet:719] Detected org.springframework.web.servlet.view.DefaultRequestToViewNameTranslator@696d28ee 
2025-02-17 17:29:58.968 DEBUG [org.springframework.web.servlet.DispatcherServlet:783] Detected org.springframework.web.servlet.support.SessionFlashMapManager@23b02f37 
2025-02-17 17:29:58.968 DEBUG [org.springframework.web.servlet.DispatcherServlet:542] enableLoggingRequestDetails='false': request parameters and headers will be masked to prevent unsafe logging of potentially sensitive data 
2025-02-17 17:29:58.968  INFO [org.springframework.web.servlet.DispatcherServlet:547] Completed initialization in 2 ms 
2025-02-17 17:29:58.975 DEBUG [org.springframework.web.servlet.DispatcherServlet:119] GET "/flink/job-status?jobName=FlinkJobSimpleSample", parameters={masked} 
2025-02-17 17:29:58.981 DEBUG [org.springframework.web.servlet.mvc.method.annotation.RequestMappingHandlerMapping:522] Mapped to za.co.woolworths.itemkafka_poc.controller.FlinkJobController#getJobStatus(String) 
2025-02-17 17:30:28.527  INFO [za.co.woolworths.itemkafka_poc.controller.FlinkJobController:66] Job FlinkJobSimpleSample status requested: PENDING 
2025-02-17 17:30:38.218 DEBUG [org.springframework.web.servlet.mvc.method.annotation.HttpEntityMethodProcessor:268] Using 'application/json', given [*/*] and supported [application/json, application/*+json] 
2025-02-17 17:30:38.220 DEBUG [org.springframework.web.servlet.mvc.method.annotation.HttpEntityMethodProcessor:119] Writing [PENDING] 
2025-02-17 17:30:38.243 DEBUG [org.springframework.web.servlet.DispatcherServlet:1131] Completed 200 OK 
2025-02-17 17:31:59.146 DEBUG [org.springframework.web.servlet.DispatcherServlet:119] GET "/flink/job-status?jobName=FlinkJobSimpleSample", parameters={masked} 
2025-02-17 17:31:59.147 DEBUG [org.springframework.web.servlet.mvc.method.annotation.RequestMappingHandlerMapping:522] Mapped to za.co.woolworths.itemkafka_poc.controller.FlinkJobController#getJobStatus(String) 
2025-02-17 17:32:08.757  INFO [za.co.woolworths.itemkafka_poc.controller.FlinkJobController:66] Job FlinkJobSimpleSample status requested: PENDING 
2025-02-17 17:32:08.766 DEBUG [org.springframework.web.servlet.mvc.method.annotation.HttpEntityMethodProcessor:268] Using 'application/json', given [*/*] and supported [application/json, application/*+json] 
2025-02-17 17:32:08.769 DEBUG [org.springframework.web.servlet.mvc.method.annotation.HttpEntityMethodProcessor:119] Writing [PENDING] 
2025-02-17 17:32:08.771 DEBUG [org.springframework.web.servlet.DispatcherServlet:1131] Completed 200 OK 
2025-02-17 17:32:56.063 DEBUG [org.springframework.web.servlet.DispatcherServlet:119] GET "/flink/job-status?jobName=FlinkJobSimpleSample", parameters={masked} 
2025-02-17 17:32:56.064 DEBUG [org.springframework.web.servlet.mvc.method.annotation.RequestMappingHandlerMapping:522] Mapped to za.co.woolworths.itemkafka_poc.controller.FlinkJobController#getJobStatus(String) 
2025-02-17 17:33:03.881  INFO [za.co.woolworths.itemkafka_poc.controller.FlinkJobController:66] Job FlinkJobSimpleSample status requested: PENDING 
2025-02-17 17:33:03.883 DEBUG [org.springframework.web.servlet.mvc.method.annotation.HttpEntityMethodProcessor:268] Using 'application/json', given [*/*] and supported [application/json, application/*+json] 
2025-02-17 17:33:03.885 DEBUG [org.springframework.web.servlet.mvc.method.annotation.HttpEntityMethodProcessor:119] Writing [PENDING] 
2025-02-17 17:33:03.894 DEBUG [org.springframework.web.servlet.DispatcherServlet:1131] Completed 200 OK 
2025-02-17 17:33:36.070 DEBUG [org.springframework.web.servlet.DispatcherServlet:119] POST "/flink/start-simple-job", parameters={} 
2025-02-17 17:33:36.071 DEBUG [org.springframework.web.servlet.mvc.method.annotation.RequestMappingHandlerMapping:522] Mapped to za.co.woolworths.itemkafka_poc.controller.FlinkJobController#triggerFlinkSimpleJob() 
2025-02-17 17:33:51.161  INFO [za.co.woolworths.itemkafka_poc.service.FlinkJobService:79] Job Flink Simple Job is now RUNNING 
2025-02-17 17:34:09.613  INFO [org.apache.flink.runtime.taskexecutor.TaskExecutorResourceUtils:274] The configuration option taskmanager.cpu.cores required for local execution is not set, setting it to the maximal possible value. 
2025-02-17 17:34:09.614  INFO [org.apache.flink.runtime.taskexecutor.TaskExecutorResourceUtils:274] The configuration option taskmanager.memory.task.heap.size required for local execution is not set, setting it to the maximal possible value. 
2025-02-17 17:34:09.615  INFO [org.apache.flink.runtime.taskexecutor.TaskExecutorResourceUtils:274] The configuration option taskmanager.memory.task.off-heap.size required for local execution is not set, setting it to the maximal possible value. 
2025-02-17 17:34:09.618  INFO [org.apache.flink.runtime.taskexecutor.TaskExecutorResourceUtils:274] The configuration option taskmanager.memory.network.min required for local execution is not set, setting it to its default value 64 mb. 
2025-02-17 17:34:09.619  INFO [org.apache.flink.runtime.taskexecutor.TaskExecutorResourceUtils:274] The configuration option taskmanager.memory.network.max required for local execution is not set, setting it to its default value 64 mb. 
2025-02-17 17:34:09.620  INFO [org.apache.flink.runtime.taskexecutor.TaskExecutorResourceUtils:274] The configuration option taskmanager.memory.managed.size required for local execution is not set, setting it to its default value 128 mb. 
2025-02-17 17:34:09.640  INFO [org.apache.flink.runtime.minicluster.MiniCluster:324] Starting Flink Mini Cluster 
2025-02-17 17:34:10.610  INFO [org.apache.flink.runtime.minicluster.MiniCluster:343] Starting Metrics Registry 
2025-02-17 17:34:10.785  INFO [org.apache.flink.runtime.metrics.MetricRegistryImpl:177] No metrics reporter configured, no metrics will be exposed/reported. 
2025-02-17 17:34:10.786  INFO [org.apache.flink.runtime.metrics.MetricRegistryImpl:240] No trace reporter configured, no metrics will be exposed/reported. 
2025-02-17 17:34:10.787  INFO [org.apache.flink.runtime.minicluster.MiniCluster:350] Starting RPC Service(s) 
2025-02-17 17:34:10.859  INFO [org.apache.flink.runtime.rpc.pekko.PekkoRpcServiceUtils:225] Trying to start local actor system 
2025-02-17 17:34:12.745  INFO [org.apache.pekko.event.slf4j.Slf4jLogger:117] Slf4jLogger started 
2025-02-17 17:34:13.102  INFO [org.apache.flink.runtime.rpc.pekko.PekkoRpcServiceUtils:255] Actor system started at pekko://flink 
2025-02-17 17:34:13.204  INFO [org.apache.flink.runtime.rpc.pekko.PekkoRpcServiceUtils:225] Trying to start local actor system 
2025-02-17 17:34:13.285  INFO [org.apache.pekko.event.slf4j.Slf4jLogger:117] Slf4jLogger started 
2025-02-17 17:34:13.324  INFO [org.apache.flink.runtime.rpc.pekko.PekkoRpcServiceUtils:255] Actor system started at pekko://flink-metrics 
2025-02-17 17:34:13.385  INFO [org.apache.flink.runtime.rpc.pekko.PekkoRpcService:273] Starting RPC endpoint for org.apache.flink.runtime.metrics.dump.MetricQueryService at pekko://flink-metrics/user/rpc/MetricQueryService . 
2025-02-17 17:34:13.467  WARN [org.apache.flink.runtime.rpc.pekko.SupervisorActor:144] RpcActor pekko://flink-metrics/user/rpc/MetricQueryService has failed. Shutting it down now. java.lang.NullPointerException: null
	at java.base/java.util.HashMap.putMapEntries(HashMap.java:496)
	at java.base/java.util.HashMap.putAll(HashMap.java:780)
	at java.base/java.util.Collections$SynchronizedMap.putAll(Collections.java:2602)
	at ch.qos.logback.classic.util.LogbackMDCAdapter.setContextMap(LogbackMDCAdapter.java:197)
	at org.slf4j.MDC.setContextMap(MDC.java:264)
	at org.apache.flink.util.MdcUtils.lambda$withContext$0(MdcUtils.java:48)
	at org.apache.flink.runtime.rpc.pekko.PekkoRpcActor.handleControlMessage(PekkoRpcActor.java:208)
	at org.apache.pekko.japi.pf.UnitCaseStatement.apply(CaseStatements.scala:33)
	at org.apache.pekko.japi.pf.UnitCaseStatement.apply(CaseStatements.scala:29)
	at scala.PartialFunction.applyOrElse(PartialFunction.scala:127)
	at scala.PartialFunction.applyOrElse$(PartialFunction.scala:126)
	at org.apache.pekko.japi.pf.UnitCaseStatement.applyOrElse(CaseStatements.scala:29)
	at scala.PartialFunction$OrElse.applyOrElse(PartialFunction.scala:175)
	at scala.PartialFunction$OrElse.applyOrElse(PartialFunction.scala:176)
	at org.apache.pekko.actor.Actor.aroundReceive(Actor.scala:547)
	at org.apache.pekko.actor.Actor.aroundReceive$(Actor.scala:545)
	at org.apache.pekko.actor.AbstractActor.aroundReceive(AbstractActor.scala:229)
	at org.apache.pekko.actor.ActorCell.receiveMessage(ActorCell.scala:590)
	at org.apache.pekko.actor.ActorCell.invoke(ActorCell.scala:557)
	at org.apache.pekko.dispatch.Mailbox.processMailbox(Mailbox.scala:280)
	at org.apache.pekko.dispatch.Mailbox.run(Mailbox.scala:241)
	at java.base/java.util.concurrent.ThreadPoolExecutor.runWorker(ThreadPoolExecutor.java:1128)
	at java.base/java.util.concurrent.ThreadPoolExecutor$Worker.run(ThreadPoolExecutor.java:628)
	at java.base/java.lang.Thread.run(Thread.java:834)

2025-02-17 17:34:13.484  INFO [org.apache.pekko.actor.CoordinatedShutdown:108] Running CoordinatedShutdown with reason [ActorSystemTerminateReason] 
2025-02-17 17:34:13.499  INFO [org.apache.flink.runtime.rpc.pekko.PekkoRpcActor:149] The RpcEndpoint MetricQueryService failed. java.lang.NullPointerException: null
	at java.base/java.util.HashMap.putMapEntries(HashMap.java:496)
	at java.base/java.util.HashMap.putAll(HashMap.java:780)
	at java.base/java.util.Collections$SynchronizedMap.putAll(Collections.java:2602)
	at ch.qos.logback.classic.util.LogbackMDCAdapter.setContextMap(LogbackMDCAdapter.java:197)
	at org.slf4j.MDC.setContextMap(MDC.java:264)
	at org.apache.flink.util.MdcUtils.lambda$withContext$0(MdcUtils.java:48)
	at org.apache.flink.runtime.rpc.pekko.PekkoRpcActor.handleControlMessage(PekkoRpcActor.java:208)
	at org.apache.pekko.japi.pf.UnitCaseStatement.apply(CaseStatements.scala:33)
	at org.apache.pekko.japi.pf.UnitCaseStatement.apply(CaseStatements.scala:29)
	at scala.PartialFunction.applyOrElse(PartialFunction.scala:127)
	at scala.PartialFunction.applyOrElse$(PartialFunction.scala:126)
	at org.apache.pekko.japi.pf.UnitCaseStatement.applyOrElse(CaseStatements.scala:29)
	at scala.PartialFunction$OrElse.applyOrElse(PartialFunction.scala:175)
	at scala.PartialFunction$OrElse.applyOrElse(PartialFunction.scala:176)
	at org.apache.pekko.actor.Actor.aroundReceive(Actor.scala:547)
	at org.apache.pekko.actor.Actor.aroundReceive$(Actor.scala:545)
	at org.apache.pekko.actor.AbstractActor.aroundReceive(AbstractActor.scala:229)
	at org.apache.pekko.actor.ActorCell.receiveMessage(ActorCell.scala:590)
	at org.apache.pekko.actor.ActorCell.invoke(ActorCell.scala:557)
	at org.apache.pekko.dispatch.Mailbox.processMailbox(Mailbox.scala:280)
	at org.apache.pekko.dispatch.Mailbox.run(Mailbox.scala:241)
	at java.base/java.util.concurrent.ThreadPoolExecutor.runWorker(ThreadPoolExecutor.java:1128)
	at java.base/java.util.concurrent.ThreadPoolExecutor$Worker.run(ThreadPoolExecutor.java:628)
	at java.base/java.lang.Thread.run(Thread.java:834)

2025-02-17 17:34:13.625  INFO [org.apache.flink.runtime.security.token.DefaultDelegationTokenManager:127] Loading delegation token providers 
2025-02-17 17:34:13.686  INFO [org.apache.flink.runtime.security.token.hadoop.HadoopFSDelegationTokenProvider:78] Hadoop FS is not available (not packaged with this application): NoClassDefFoundError : "org/apache/hadoop/hdfs/HdfsConfiguration". 
2025-02-17 17:34:13.687  INFO [org.apache.flink.runtime.security.token.DefaultDelegationTokenManager:135] Delegation token provider hadoopfs loaded and initialized 
2025-02-17 17:34:13.711  INFO [org.apache.flink.runtime.security.token.DefaultDelegationTokenManager:135] Delegation token provider hbase loaded and initialized 
2025-02-17 17:34:13.712  INFO [org.apache.flink.runtime.security.token.DefaultDelegationTokenManager:165] Delegation token providers loaded successfully 
2025-02-17 17:34:13.718  INFO [org.apache.flink.runtime.security.token.DelegationTokenReceiverRepository:64] Loading delegation token receivers 
2025-02-17 17:34:13.756  INFO [org.apache.flink.runtime.security.token.DelegationTokenReceiverRepository:72] Delegation token receiver hadoopfs loaded and initialized 
2025-02-17 17:34:13.762  INFO [org.apache.flink.runtime.security.token.DelegationTokenReceiverRepository:72] Delegation token receiver hbase loaded and initialized 
2025-02-17 17:34:13.763  INFO [org.apache.flink.runtime.security.token.DelegationTokenReceiverRepository:101] Delegation token receivers loaded successfully 
2025-02-17 17:34:13.764  INFO [org.apache.flink.runtime.security.token.DefaultDelegationTokenManager:189] Checking provider and receiver instances consistency 
2025-02-17 17:34:13.765  INFO [org.apache.flink.runtime.security.token.DefaultDelegationTokenManager:209] Provider and receiver instances are consistent 
2025-02-17 17:34:13.766  INFO [org.apache.flink.runtime.security.token.DefaultDelegationTokenManager:240] Obtaining delegation tokens 
2025-02-17 17:34:13.777  INFO [org.apache.flink.runtime.security.token.DefaultDelegationTokenManager:243] Delegation tokens obtained successfully 
2025-02-17 17:34:13.778  WARN [org.apache.flink.runtime.security.token.DefaultDelegationTokenManager:248] No tokens obtained so skipping notifications 
2025-02-17 17:34:13.779  INFO [org.apache.flink.runtime.security.token.DelegationTokenReceiverRepository:64] Loading delegation token receivers 
2025-02-17 17:34:13.790  INFO [org.apache.flink.runtime.security.token.DelegationTokenReceiverRepository:72] Delegation token receiver hadoopfs loaded and initialized 
2025-02-17 17:34:13.791  INFO [org.apache.flink.runtime.security.token.DelegationTokenReceiverRepository:72] Delegation token receiver hbase loaded and initialized 
2025-02-17 17:34:13.792  INFO [org.apache.flink.runtime.security.token.DelegationTokenReceiverRepository:101] Delegation token receivers loaded successfully 
2025-02-17 17:34:13.948  INFO [org.apache.flink.runtime.blob.BlobServer:164] Created BLOB server storage directory C:\Users\w7178930\AppData\Local\Temp\minicluster_f49f423010084b21873d82b01dc8718c\blobStorage 
2025-02-17 17:34:13.975  INFO [org.apache.flink.runtime.blob.BlobServer:238] Started BLOB server at 0.0.0.0:56096 - max concurrent requests: 50 - max backlog: 1000 
2025-02-17 17:34:14.033  INFO [org.apache.flink.runtime.blob.PermanentBlobCache:93] Created BLOB cache storage directory C:\Users\w7178930\AppData\Local\Temp\minicluster_f49f423010084b21873d82b01dc8718c\blobStorage 
2025-02-17 17:34:14.043  INFO [org.apache.flink.runtime.blob.TransientBlobCache:93] Created BLOB cache storage directory C:\Users\w7178930\AppData\Local\Temp\minicluster_f49f423010084b21873d82b01dc8718c\blobStorage 
2025-02-17 17:34:14.047  INFO [org.apache.flink.runtime.minicluster.MiniCluster:745] Starting 1 TaskManager(s) 
2025-02-17 17:34:14.088  INFO [org.apache.flink.runtime.taskexecutor.TaskManagerRunner:609] Starting TaskManager with ResourceID: dbbc79e9-59cd-495b-97de-5ec39c6983c5 
2025-02-17 17:34:14.349  INFO [org.apache.flink.runtime.taskexecutor.TaskManagerServices:553] Temporary file directory 'C:\Users\w7178930\AppData\Local\Temp': total 471 GB, usable 240 GB (50,96% usable) 
2025-02-17 17:34:14.403  INFO [org.apache.flink.runtime.io.disk.iomanager.IOManager:63] Created a new FileChannelManager for spilling of task related data to disk (joins, sorting, ...). Used directories:
	C:\Users\w7178930\AppData\Local\Temp\flink-io-04af3a1a-1752-4634-8003-48e928db6286 
2025-02-17 17:34:14.531  INFO [org.apache.flink.runtime.io.network.NettyShuffleServiceFactory:170] Created a new FileChannelManager for storing result partitions of BLOCKING shuffles. Used directories:
	C:\Users\w7178930\AppData\Local\Temp\flink-netty-shuffle-395c07d1-3d08-4d54-963a-6c83c3ff28a9 
2025-02-17 17:34:14.690  INFO [org.apache.flink.runtime.io.network.buffer.NetworkBufferPool:156] Allocated 64 MB for network buffer pool (number of memory segments: 2048, bytes per segment: 32768). 
2025-02-17 17:34:14.838  INFO [org.apache.flink.runtime.io.network.NettyShuffleEnvironment:362] Starting the network environment and its components. 
2025-02-17 17:34:14.838  INFO [org.apache.flink.runtime.taskexecutor.TaskManagerServices:353] TaskManager data connection initialized successfully; listening internally on port: -1 
2025-02-17 17:34:14.854  INFO [org.apache.flink.runtime.taskexecutor.KvStateService:92] Starting the kvState service and its components. 
2025-02-17 17:34:15.350  INFO [org.apache.flink.configuration.Configuration:985] Config uses fallback configuration key 'pekko.ask.timeout' instead of key 'taskmanager.slot.timeout' 
2025-02-17 17:34:15.515  INFO [org.apache.flink.runtime.rpc.pekko.PekkoRpcService:273] Starting RPC endpoint for org.apache.flink.runtime.taskexecutor.TaskExecutor at pekko://flink/user/rpc/taskmanager_0 . 
2025-02-17 17:34:15.691  INFO [org.apache.flink.runtime.taskexecutor.DefaultJobLeaderService:127] Start job leader service. 
2025-02-17 17:34:15.693  INFO [org.apache.flink.runtime.filecache.FileCache:116] User file cache uses directory C:\Users\w7178930\AppData\Local\Temp\flink-dist-cache-72c1f8a0-467e-48d8-ab53-e4b645c9a60e 
2025-02-17 17:34:15.695  WARN [org.apache.flink.runtime.rpc.pekko.SupervisorActor:144] RpcActor pekko://flink/user/rpc/taskmanager_0 has failed. Shutting it down now. java.lang.NullPointerException: null
	at java.base/java.util.HashMap.putMapEntries(HashMap.java:496)
	at java.base/java.util.HashMap.putAll(HashMap.java:780)
	at java.base/java.util.Collections$SynchronizedMap.putAll(Collections.java:2602)
	at ch.qos.logback.classic.util.LogbackMDCAdapter.setContextMap(LogbackMDCAdapter.java:197)
	at org.slf4j.MDC.setContextMap(MDC.java:264)
	at org.apache.flink.util.MdcUtils.lambda$withContext$0(MdcUtils.java:48)
	at org.apache.flink.runtime.rpc.pekko.PekkoRpcActor.handleControlMessage(PekkoRpcActor.java:208)
	at org.apache.pekko.japi.pf.UnitCaseStatement.apply(CaseStatements.scala:33)
	at org.apache.pekko.japi.pf.UnitCaseStatement.apply(CaseStatements.scala:29)
	at scala.PartialFunction.applyOrElse(PartialFunction.scala:127)
	at scala.PartialFunction.applyOrElse$(PartialFunction.scala:126)
	at org.apache.pekko.japi.pf.UnitCaseStatement.applyOrElse(CaseStatements.scala:29)
	at scala.PartialFunction$OrElse.applyOrElse(PartialFunction.scala:175)
	at scala.PartialFunction$OrElse.applyOrElse(PartialFunction.scala:176)
	at org.apache.pekko.actor.Actor.aroundReceive(Actor.scala:547)
	at org.apache.pekko.actor.Actor.aroundReceive$(Actor.scala:545)
	at org.apache.pekko.actor.AbstractActor.aroundReceive(AbstractActor.scala:229)
	at org.apache.pekko.actor.ActorCell.receiveMessage(ActorCell.scala:590)
	at org.apache.pekko.actor.ActorCell.invoke(ActorCell.scala:557)
	at org.apache.pekko.dispatch.Mailbox.processMailbox(Mailbox.scala:280)
	at org.apache.pekko.dispatch.Mailbox.run(Mailbox.scala:241)
	at org.apache.pekko.dispatch.Mailbox.exec(Mailbox.scala:253)
	at java.base/java.util.concurrent.ForkJoinTask.doExec$$$capture(ForkJoinTask.java:290)
	at java.base/java.util.concurrent.ForkJoinTask.doExec(ForkJoinTask.java)
	at java.base/java.util.concurrent.ForkJoinPool$WorkQueue.topLevelExec(ForkJoinPool.java:1020)
	at java.base/java.util.concurrent.ForkJoinPool.scan(ForkJoinPool.java:1656)
	at java.base/java.util.concurrent.ForkJoinPool.runWorker(ForkJoinPool.java:1594)
	at java.base/java.util.concurrent.ForkJoinWorkerThread.run(ForkJoinWorkerThread.java:177)

2025-02-17 17:34:15.702  INFO [org.apache.pekko.actor.CoordinatedShutdown:108] Running CoordinatedShutdown with reason [ActorSystemTerminateReason] 
2025-02-17 17:34:15.703  INFO [org.apache.flink.runtime.rpc.pekko.PekkoRpcActor:149] The RpcEndpoint taskmanager_0 failed. java.lang.NullPointerException: null
	at java.base/java.util.HashMap.putMapEntries(HashMap.java:496)
	at java.base/java.util.HashMap.putAll(HashMap.java:780)
	at java.base/java.util.Collections$SynchronizedMap.putAll(Collections.java:2602)
	at ch.qos.logback.classic.util.LogbackMDCAdapter.setContextMap(LogbackMDCAdapter.java:197)
	at org.slf4j.MDC.setContextMap(MDC.java:264)
	at org.apache.flink.util.MdcUtils.lambda$withContext$0(MdcUtils.java:48)
	at org.apache.flink.runtime.rpc.pekko.PekkoRpcActor.handleControlMessage(PekkoRpcActor.java:208)
	at org.apache.pekko.japi.pf.UnitCaseStatement.apply(CaseStatements.scala:33)
	at org.apache.pekko.japi.pf.UnitCaseStatement.apply(CaseStatements.scala:29)
	at scala.PartialFunction.applyOrElse(PartialFunction.scala:127)
	at scala.PartialFunction.applyOrElse$(PartialFunction.scala:126)
	at org.apache.pekko.japi.pf.UnitCaseStatement.applyOrElse(CaseStatements.scala:29)
	at scala.PartialFunction$OrElse.applyOrElse(PartialFunction.scala:175)
	at scala.PartialFunction$OrElse.applyOrElse(PartialFunction.scala:176)
	at org.apache.pekko.actor.Actor.aroundReceive(Actor.scala:547)
	at org.apache.pekko.actor.Actor.aroundReceive$(Actor.scala:545)
	at org.apache.pekko.actor.AbstractActor.aroundReceive(AbstractActor.scala:229)
	at org.apache.pekko.actor.ActorCell.receiveMessage(ActorCell.scala:590)
	at org.apache.pekko.actor.ActorCell.invoke(ActorCell.scala:557)
	at org.apache.pekko.dispatch.Mailbox.processMailbox(Mailbox.scala:280)
	at org.apache.pekko.dispatch.Mailbox.run(Mailbox.scala:241)
	at org.apache.pekko.dispatch.Mailbox.exec(Mailbox.scala:253)
	at java.base/java.util.concurrent.ForkJoinTask.doExec$$$capture(ForkJoinTask.java:290)
	at java.base/java.util.concurrent.ForkJoinTask.doExec(ForkJoinTask.java)
	at java.base/java.util.concurrent.ForkJoinPool$WorkQueue.topLevelExec(ForkJoinPool.java:1020)
	at java.base/java.util.concurrent.ForkJoinPool.scan(ForkJoinPool.java:1656)
	at java.base/java.util.concurrent.ForkJoinPool.runWorker(ForkJoinPool.java:1594)
	at java.base/java.util.concurrent.ForkJoinWorkerThread.run(ForkJoinWorkerThread.java:177)

2025-02-17 17:34:16.628  INFO [org.apache.flink.runtime.dispatcher.DispatcherRestEndpoint:182] Starting rest endpoint. 
2025-02-17 17:34:16.652  INFO [org.apache.flink.runtime.dispatcher.DispatcherRestEndpoint:124] Failed to load web based job submission extension. Probable reason: flink-runtime-web is not in the classpath. 
2025-02-17 17:34:21.069  WARN [org.apache.flink.runtime.webmonitor.WebMonitorUtils:76] Log file environment variable 'log.file' is not set. 
2025-02-17 17:34:21.070  WARN [org.apache.flink.runtime.webmonitor.WebMonitorUtils:82] JobManager log files are unavailable in the web dashboard. Log file location not found in environment variable 'log.file' or configuration key 'web.log.path'. 
2025-02-17 17:34:23.526  INFO [org.apache.flink.runtime.dispatcher.DispatcherRestEndpoint:308] Rest endpoint listening at localhost:56150 
2025-02-17 17:34:23.528  INFO [org.apache.flink.runtime.highavailability.nonha.embedded.EmbeddedLeaderService:314] Proposing leadership to the contender that is registered under component ID 'rest_server'. 
2025-02-17 17:34:23.544  INFO [org.apache.flink.runtime.dispatcher.DispatcherRestEndpoint:1212] http://localhost:56150 was granted leadership with leaderSessionID=0266f299-bb87-49ff-bf58-0c88b7d821a4 
2025-02-17 17:34:23.544  INFO [org.apache.flink.runtime.highavailability.nonha.embedded.EmbeddedLeaderService:261] Received confirmation of leadership for leader http://localhost:56150 , session=0266f299-bb87-49ff-bf58-0c88b7d821a4 
2025-02-17 17:34:23.709  INFO [org.apache.flink.runtime.highavailability.nonha.embedded.EmbeddedLeaderService:314] Proposing leadership to the contender that is registered under component ID 'dispatcher'. 
2025-02-17 17:34:23.711  INFO [org.apache.flink.runtime.resourcemanager.ResourceManagerServiceImpl:118] Starting resource manager service. 
2025-02-17 17:34:23.712  INFO [org.apache.flink.runtime.dispatcher.runner.DefaultDispatcherRunner:114] DefaultDispatcherRunner was granted leadership with leader id 43c41ebc-d3d3-456d-9803-76455b777ef4. Creating new DispatcherLeaderProcess. 
2025-02-17 17:34:23.713  INFO [org.apache.flink.runtime.highavailability.nonha.embedded.EmbeddedLeaderService:314] Proposing leadership to the contender that is registered under component ID 'resource_manager'. 
2025-02-17 17:34:23.716  INFO [org.apache.flink.runtime.resourcemanager.ResourceManagerServiceImpl:198] Resource manager service is granted leadership with session id f284db3a-9d99-4db8-8833-eaf9dc4be0df. 
2025-02-17 17:34:23.719  INFO [org.apache.flink.runtime.dispatcher.runner.SessionDispatcherLeaderProcess:99] Start SessionDispatcherLeaderProcess. 
2025-02-17 17:34:23.725  INFO [org.apache.flink.runtime.dispatcher.runner.SessionDispatcherLeaderProcess:144] Recover all persisted job graphs that are not finished, yet. 
2025-02-17 17:34:23.726  INFO [org.apache.flink.runtime.dispatcher.runner.SessionDispatcherLeaderProcess:158] Successfully recovered 0 persisted job graphs. 
2025-02-17 17:34:23.744  INFO [org.apache.flink.runtime.minicluster.MiniCluster:510] Flink Mini Cluster started successfully 
2025-02-17 17:34:23.746  WARN [org.apache.flink.runtime.minicluster.MiniCluster:1510] Error in MiniCluster. Shutting the MiniCluster down. org.apache.flink.util.FlinkException: Cannot start resource manager.
	at org.apache.flink.runtime.resourcemanager.ResourceManagerServiceImpl.lambda$grantLeadership$2(ResourceManagerServiceImpl.java:205)
	at java.base/java.util.concurrent.ThreadPoolExecutor.runWorker(ThreadPoolExecutor.java:1128)
	at java.base/java.util.concurrent.ThreadPoolExecutor$Worker.run(ThreadPoolExecutor.java:628)
	at java.base/java.lang.Thread.run(Thread.java:834)
Caused by: java.util.concurrent.CompletionException: org.apache.pekko.pattern.AskTimeoutException: Recipient [Actor[pekko://flink/user/rpc#532277782]] had already been terminated. Message of type [org.apache.flink.runtime.rpc.pekko.SupervisorActor$StartRpcActor].
	at java.base/java.util.concurrent.CompletableFuture.encodeThrowable(CompletableFuture.java:331)
	at java.base/java.util.concurrent.CompletableFuture.uniApplyNow(CompletableFuture.java:670)
	at java.base/java.util.concurrent.CompletableFuture.uniApplyStage(CompletableFuture.java:658)
	at java.base/java.util.concurrent.CompletableFuture.thenApplyAsync(CompletableFuture.java:2099)
	at scala.concurrent.java8.FuturesConvertersImpl$CF.thenApply(FutureConvertersImpl.scala:35)
	at org.apache.flink.runtime.rpc.pekko.SupervisorActor.startRpcActor(SupervisorActor.java:205)
	at org.apache.flink.runtime.rpc.pekko.PekkoRpcService.registerRpcActor(PekkoRpcService.java:354)
	at org.apache.flink.runtime.rpc.pekko.PekkoRpcService.startServer(PekkoRpcService.java:268)
	at org.apache.flink.runtime.rpc.RpcEndpoint.<init>(RpcEndpoint.java:147)
	at org.apache.flink.runtime.rpc.FencedRpcEndpoint.<init>(FencedRpcEndpoint.java:44)
	at org.apache.flink.runtime.rpc.FencedRpcEndpoint.<init>(FencedRpcEndpoint.java:53)
	at org.apache.flink.runtime.resourcemanager.ResourceManager.<init>(ResourceManager.java:195)
	at org.apache.flink.runtime.resourcemanager.StandaloneResourceManager.<init>(StandaloneResourceManager.java:73)
	at org.apache.flink.runtime.resourcemanager.StandaloneResourceManagerFactory.createResourceManager(StandaloneResourceManagerFactory.java:92)
	at org.apache.flink.runtime.resourcemanager.ResourceManagerFactory.createResourceManager(ResourceManagerFactory.java:103)
	at org.apache.flink.runtime.resourcemanager.ResourceManagerServiceImpl.startNewLeaderResourceManager(ResourceManagerServiceImpl.java:254)
	at org.apache.flink.runtime.resourcemanager.ResourceManagerServiceImpl.lambda$grantLeadership$2(ResourceManagerServiceImpl.java:203)
	... 3 common frames omitted
Caused by: org.apache.pekko.pattern.AskTimeoutException: Recipient [Actor[pekko://flink/user/rpc#532277782]] had already been terminated. Message of type [org.apache.flink.runtime.rpc.pekko.SupervisorActor$StartRpcActor].

2025-02-17 17:34:23.746  INFO [org.apache.flink.runtime.minicluster.MiniCluster:664] Shutting down Flink Mini Cluster 
2025-02-17 17:34:23.746  INFO [org.apache.flink.runtime.dispatcher.runner.SessionDispatcherLeaderProcess:136] Stopping SessionDispatcherLeaderProcess. 
2025-02-17 17:34:23.748  WARN [org.apache.flink.runtime.minicluster.MiniCluster:1510] Error in MiniCluster. Shutting the MiniCluster down. java.util.concurrent.CompletionException: org.apache.flink.util.FlinkRuntimeException: Could not create the Dispatcher rpc endpoint.
	at java.base/java.util.concurrent.CompletableFuture.encodeThrowable(CompletableFuture.java:314)
	at java.base/java.util.concurrent.CompletableFuture.completeThrowable(CompletableFuture.java:319)
	at java.base/java.util.concurrent.CompletableFuture.biAccept(CompletableFuture.java:1314)
	at java.base/java.util.concurrent.CompletableFuture$BiAccept.tryFire(CompletableFuture.java:1280)
	at java.base/java.util.concurrent.CompletableFuture.postComplete(CompletableFuture.java:506)
	at java.base/java.util.concurrent.CompletableFuture.postFire(CompletableFuture.java:610)
	at java.base/java.util.concurrent.CompletableFuture$UniApply.tryFire(CompletableFuture.java:649)
	at java.base/java.util.concurrent.CompletableFuture$Completion.run(CompletableFuture.java:478)
	at java.base/java.util.concurrent.ThreadPoolExecutor.runWorker(ThreadPoolExecutor.java:1128)
	at java.base/java.util.concurrent.ThreadPoolExecutor$Worker.run(ThreadPoolExecutor.java:628)
	at java.base/java.lang.Thread.run(Thread.java:834)
Caused by: org.apache.flink.util.FlinkRuntimeException: Could not create the Dispatcher rpc endpoint.
	at org.apache.flink.runtime.dispatcher.runner.DefaultDispatcherGatewayServiceFactory.create(DefaultDispatcherGatewayServiceFactory.java:76)
	at org.apache.flink.runtime.dispatcher.runner.SessionDispatcherLeaderProcess.createDispatcher(SessionDispatcherLeaderProcess.java:111)
	at org.apache.flink.runtime.dispatcher.runner.SessionDispatcherLeaderProcess.lambda$createDispatcherIfRunning$0(SessionDispatcherLeaderProcess.java:104)
	at org.apache.flink.runtime.dispatcher.runner.AbstractDispatcherLeaderProcess.runIfState(AbstractDispatcherLeaderProcess.java:222)
	at org.apache.flink.runtime.dispatcher.runner.AbstractDispatcherLeaderProcess.runIfStateIs(AbstractDispatcherLeaderProcess.java:212)
	at org.apache.flink.runtime.dispatcher.runner.SessionDispatcherLeaderProcess.createDispatcherIfRunning(SessionDispatcherLeaderProcess.java:104)
	at java.base/java.util.concurrent.CompletableFuture.biAccept(CompletableFuture.java:1311)
	... 8 common frames omitted
Caused by: java.util.concurrent.CompletionException: org.apache.pekko.pattern.AskTimeoutException: Recipient [Actor[pekko://flink/user/rpc#532277782]] had already been terminated. Message of type [org.apache.flink.runtime.rpc.pekko.SupervisorActor$StartRpcActor].
	at java.base/java.util.concurrent.CompletableFuture.encodeThrowable(CompletableFuture.java:331)
	at java.base/java.util.concurrent.CompletableFuture.uniApplyNow(CompletableFuture.java:670)
	at java.base/java.util.concurrent.CompletableFuture.uniApplyStage(CompletableFuture.java:658)
	at java.base/java.util.concurrent.CompletableFuture.thenApplyAsync(CompletableFuture.java:2099)
	at scala.concurrent.java8.FuturesConvertersImpl$CF.thenApply(FutureConvertersImpl.scala:35)
	at org.apache.flink.runtime.rpc.pekko.SupervisorActor.startRpcActor(SupervisorActor.java:205)
	at org.apache.flink.runtime.rpc.pekko.PekkoRpcService.registerRpcActor(PekkoRpcService.java:354)
	at org.apache.flink.runtime.rpc.pekko.PekkoRpcService.startServer(PekkoRpcService.java:268)
	at org.apache.flink.runtime.rpc.RpcEndpoint.<init>(RpcEndpoint.java:147)
	at org.apache.flink.runtime.rpc.FencedRpcEndpoint.<init>(FencedRpcEndpoint.java:44)
	at org.apache.flink.runtime.rpc.FencedRpcEndpoint.<init>(FencedRpcEndpoint.java:53)
	at org.apache.flink.runtime.dispatcher.Dispatcher.<init>(Dispatcher.java:269)
	at org.apache.flink.runtime.dispatcher.Dispatcher.<init>(Dispatcher.java:247)
	at org.apache.flink.runtime.dispatcher.Dispatcher.<init>(Dispatcher.java:228)
	at org.apache.flink.runtime.dispatcher.StandaloneDispatcher.<init>(StandaloneDispatcher.java:42)
	at org.apache.flink.runtime.dispatcher.SessionDispatcherFactory.createDispatcher(SessionDispatcherFactory.java:49)
	at org.apache.flink.runtime.dispatcher.SessionDispatcherFactory.createDispatcher(SessionDispatcherFactory.java:29)
	at org.apache.flink.runtime.dispatcher.runner.DefaultDispatcherGatewayServiceFactory.create(DefaultDispatcherGatewayServiceFactory.java:66)
	... 14 common frames omitted
Caused by: org.apache.pekko.pattern.AskTimeoutException: Recipient [Actor[pekko://flink/user/rpc#532277782]] had already been terminated. Message of type [org.apache.flink.runtime.rpc.pekko.SupervisorActor$StartRpcActor].

2025-02-17 17:34:23.757  INFO [org.apache.flink.runtime.dispatcher.DispatcherRestEndpoint:378] Shutting down rest endpoint. 
2025-02-17 17:34:24.049  INFO [org.apache.flink.runtime.dispatcher.DispatcherRestEndpoint:1186] Removing cache directory C:\Users\w7178930\AppData\Local\Temp\flink-web-ui 
2025-02-17 17:34:24.050  INFO [org.apache.flink.runtime.dispatcher.DispatcherRestEndpoint:1221] http://localhost:56150 lost leadership 
2025-02-17 17:34:24.052  INFO [org.apache.flink.runtime.dispatcher.DispatcherRestEndpoint:386] Shut down complete. 
2025-02-17 17:34:24.053  WARN [org.apache.flink.runtime.resourcemanager.ResourceManagerServiceImpl:158] Cannot deregister application. Resource manager service is not available. 
2025-02-17 17:34:24.054  INFO [org.apache.flink.runtime.entrypoint.component.DispatcherResourceManagerComponent:165] Closing components. 
2025-02-17 17:34:24.055  INFO [org.apache.flink.runtime.resourcemanager.ResourceManagerServiceImpl:166] Stopping resource manager service. 
2025-02-17 17:34:24.057  INFO [org.apache.flink.runtime.resourcemanager.ResourceManagerServiceImpl:218] Resource manager service is not running. Ignore revoking leadership. 
2025-02-17 17:34:24.070  INFO [org.apache.flink.runtime.rpc.pekko.PekkoRpcService:417] Stopping Pekko RPC service. 
2025-02-17 17:34:24.083  INFO [org.apache.flink.runtime.rpc.pekko.PekkoRpcService:417] Stopping Pekko RPC service. 
2025-02-17 17:34:24.084  INFO [org.apache.flink.runtime.rpc.pekko.PekkoRpcService:438] Stopped Pekko RPC service. 
2025-02-17 17:34:24.085  INFO [org.apache.flink.runtime.blob.PermanentBlobCache:251] Shutting down BLOB cache 
2025-02-17 17:34:24.091  INFO [org.apache.flink.runtime.blob.TransientBlobCache:251] Shutting down BLOB cache 
2025-02-17 17:34:24.097  INFO [org.apache.flink.runtime.blob.BlobServer:397] Stopped BLOB server at 0.0.0.0:56096 
2025-02-17 17:34:24.111  INFO [org.apache.flink.runtime.rpc.pekko.PekkoRpcService:438] Stopped Pekko RPC service. 
2025-02-17 17:34:24.269 ERROR [za.co.woolworths.itemkafka_poc.service.FlinkJobService:72] Error running Simple Flink Job: MiniCluster is not yet running or has already been shut down. java.lang.IllegalStateException: MiniCluster is not yet running or has already been shut down.
	at org.apache.flink.util.Preconditions.checkState(Preconditions.java:193)
	at org.apache.flink.runtime.minicluster.MiniCluster.getDispatcherGatewayFuture(MiniCluster.java:1119)
	at org.apache.flink.runtime.minicluster.MiniCluster.submitJob(MiniCluster.java:1073)
	at org.apache.flink.client.program.PerJobMiniClusterFactory.submitJob(PerJobMiniClusterFactory.java:79)
	at org.apache.flink.client.deployment.executors.LocalExecutor.execute(LocalExecutor.java:84)
	at org.apache.flink.streaming.api.environment.StreamExecutionEnvironment.executeAsync(StreamExecutionEnvironment.java:2472)
	at org.apache.flink.streaming.api.environment.StreamExecutionEnvironment.execute(StreamExecutionEnvironment.java:2351)
	at org.apache.flink.streaming.api.environment.LocalStreamEnvironment.execute(LocalStreamEnvironment.java:68)
	at org.apache.flink.streaming.api.environment.StreamExecutionEnvironment.execute(StreamExecutionEnvironment.java:2325)
	at za.co.woolworths.itemkafka_poc.service.FlinkJobService.lambda$runSimpleJob$2(FlinkJobService.java:70)
	at za.co.woolworths.itemkafka_poc.service.FlinkJobService.runFlinkJobWithLogging(FlinkJobService.java:25)
	at za.co.woolworths.itemkafka_poc.service.FlinkJobService.runSimpleJob(FlinkJobService.java:57)
	at za.co.woolworths.itemkafka_poc.controller.FlinkJobController.triggerFlinkSimpleJob(FlinkJobController.java:55)
	at java.base/jdk.internal.reflect.NativeMethodAccessorImpl.invoke0(Native Method)
	at java.base/jdk.internal.reflect.NativeMethodAccessorImpl.invoke(NativeMethodAccessorImpl.java:62)
	at java.base/jdk.internal.reflect.DelegatingMethodAccessorImpl.invoke(DelegatingMethodAccessorImpl.java:43)
	at java.base/java.lang.reflect.Method.invoke(Method.java:566)
	at org.springframework.web.method.support.InvocableHandlerMethod.doInvoke(InvocableHandlerMethod.java:205)
	at org.springframework.web.method.support.InvocableHandlerMethod.invokeForRequest(InvocableHandlerMethod.java:150)
	at org.springframework.web.servlet.mvc.method.annotation.ServletInvocableHandlerMethod.invokeAndHandle(ServletInvocableHandlerMethod.java:117)
	at org.springframework.web.servlet.mvc.method.annotation.RequestMappingHandlerAdapter.invokeHandlerMethod(RequestMappingHandlerAdapter.java:895)
	at org.springframework.web.servlet.mvc.method.annotation.RequestMappingHandlerAdapter.handleInternal(RequestMappingHandlerAdapter.java:808)
	at org.springframework.web.servlet.mvc.method.AbstractHandlerMethodAdapter.handle(AbstractHandlerMethodAdapter.java:87)
	at org.springframework.web.servlet.DispatcherServlet.doDispatch(DispatcherServlet.java:1067)
	at org.springframework.web.servlet.DispatcherServlet.doService(DispatcherServlet.java:963)
	at org.springframework.web.servlet.FrameworkServlet.processRequest(FrameworkServlet.java:1006)
	at org.springframework.web.servlet.FrameworkServlet.doPost(FrameworkServlet.java:909)
	at javax.servlet.http.HttpServlet.service(HttpServlet.java:681)
	at org.springframework.web.servlet.FrameworkServlet.service(FrameworkServlet.java:883)
	at javax.servlet.http.HttpServlet.service(HttpServlet.java:764)
	at org.apache.catalina.core.ApplicationFilterChain.internalDoFilter(ApplicationFilterChain.java:227)
	at org.apache.catalina.core.ApplicationFilterChain.doFilter(ApplicationFilterChain.java:162)
	at org.apache.tomcat.websocket.server.WsFilter.doFilter(WsFilter.java:53)
	at org.apache.catalina.core.ApplicationFilterChain.internalDoFilter(ApplicationFilterChain.java:189)
	at org.apache.catalina.core.ApplicationFilterChain.doFilter(ApplicationFilterChain.java:162)
	at org.springframework.boot.actuate.metrics.web.servlet.WebMvcMetricsFilter.doFilterInternal(WebMvcMetricsFilter.java:96)
	at org.springframework.web.filter.OncePerRequestFilter.doFilter(OncePerRequestFilter.java:117)
	at org.apache.catalina.core.ApplicationFilterChain.internalDoFilter(ApplicationFilterChain.java:189)
	at org.apache.catalina.core.ApplicationFilterChain.doFilter(ApplicationFilterChain.java:162)
	at org.springframework.web.filter.CharacterEncodingFilter.doFilterInternal(CharacterEncodingFilter.java:201)
	at org.springframework.web.filter.OncePerRequestFilter.doFilter(OncePerRequestFilter.java:117)
	at org.apache.catalina.core.ApplicationFilterChain.internalDoFilter(ApplicationFilterChain.java:189)
	at org.apache.catalina.core.ApplicationFilterChain.doFilter(ApplicationFilterChain.java:162)
	at org.apache.catalina.core.StandardWrapperValve.invoke(StandardWrapperValve.java:197)
	at org.apache.catalina.core.StandardContextValve.invoke(StandardContextValve.java:97)
	at org.apache.catalina.authenticator.AuthenticatorBase.invoke(AuthenticatorBase.java:541)
	at org.apache.catalina.core.StandardHostValve.invoke(StandardHostValve.java:135)
	at org.apache.catalina.valves.ErrorReportValve.invoke(ErrorReportValve.java:92)
	at org.apache.catalina.core.StandardEngineValve.invoke(StandardEngineValve.java:78)
	at org.apache.catalina.connector.CoyoteAdapter.service(CoyoteAdapter.java:360)
	at org.apache.coyote.http11.Http11Processor.service(Http11Processor.java:399)
	at org.apache.coyote.AbstractProcessorLight.process(AbstractProcessorLight.java:65)
	at org.apache.coyote.AbstractProtocol$ConnectionHandler.process(AbstractProtocol.java:890)
	at org.apache.tomcat.util.net.NioEndpoint$SocketProcessor.doRun(NioEndpoint.java:1787)
	at org.apache.tomcat.util.net.SocketProcessorBase.run(SocketProcessorBase.java:49)
	at org.apache.tomcat.util.threads.ThreadPoolExecutor.runWorker(ThreadPoolExecutor.java:1191)
	at org.apache.tomcat.util.threads.ThreadPoolExecutor$Worker.run(ThreadPoolExecutor.java:659)
	at org.apache.tomcat.util.threads.TaskThread$WrappingRunnable.run(TaskThread.java:61)
	at java.base/java.lang.Thread.run(Thread.java:834)

2025-02-17 17:34:37.207  INFO [za.co.woolworths.itemkafka_poc.service.FlinkJobService:79] Job Flink Simple Job is now COMPLETED 
2025-02-17 17:34:40.607  INFO [za.co.woolworths.itemkafka_poc.controller.FlinkJobController:56] Flink Simple Job executed successfully. 
2025-02-17 17:34:44.897 DEBUG [org.springframework.web.servlet.mvc.method.annotation.HttpEntityMethodProcessor:268] Using 'text/plain', given [*/*] and supported [text/plain, */*, application/json, application/*+json] 
2025-02-17 17:34:44.898 DEBUG [org.springframework.web.servlet.mvc.method.annotation.HttpEntityMethodProcessor:119] Writing ["Flink Simple Job started successfully."] 
2025-02-17 17:34:44.899 DEBUG [org.springframework.web.servlet.DispatcherServlet:1131] Completed 200 OK 
2025-02-17 17:38:47.112  INFO [org.apache.kafka.clients.NetworkClient:977] [Consumer clientId=consumer-item_group-3, groupId=item_group] Node -1 disconnected. 
2025-02-17 17:38:47.127  INFO [org.apache.kafka.clients.NetworkClient:977] [Consumer clientId=consumer-item_group-2, groupId=item_group] Node -1 disconnected. 
2025-02-17 17:38:47.158  INFO [org.apache.kafka.clients.NetworkClient:977] [Consumer clientId=consumer-item_group-1, groupId=item_group] Node -1 disconnected. 
2025-02-17 17:39:54.962  INFO [org.apache.flink.runtime.state.TaskExecutorStateChangelogStoragesManager:234] Shutting down TaskExecutorStateChangelogStoragesManager. 
2025-02-17 17:39:54.963  INFO [org.apache.flink.runtime.state.TaskExecutorFileMergingManager:216] Shutting down TaskExecutorFileMergingManager. 
2025-02-17 17:39:54.963  INFO [org.apache.flink.runtime.state.TaskExecutorLocalStateStoresManager:319] Shutting down TaskExecutorLocalStateStoresManager. 
2025-02-17 17:39:54.965  INFO [org.apache.flink.runtime.filecache.FileCache:160] removed file cache directory C:\Users\w7178930\AppData\Local\Temp\flink-dist-cache-72c1f8a0-467e-48d8-ab53-e4b645c9a60e 
2025-02-17 17:39:54.965  INFO [org.apache.flink.runtime.io.disk.FileChannelManagerImpl:149] FileChannelManager removed spill file directory C:\Users\w7178930\AppData\Local\Temp\flink-netty-shuffle-395c07d1-3d08-4d54-963a-6c83c3ff28a9 
2025-02-17 17:39:54.966  INFO [org.apache.flink.runtime.io.disk.FileChannelManagerImpl:149] FileChannelManager removed spill file directory C:\Users\w7178930\AppData\Local\Temp\flink-io-04af3a1a-1752-4634-8003-48e928db6286 
2025-02-17 17:39:55.477  INFO [org.apache.kafka.clients.consumer.internals.ConsumerCoordinator:338] [Consumer clientId=consumer-item_group-1, groupId=item_group] Revoke previously assigned partitions Item_Topic-0 
2025-02-17 17:39:55.477  INFO [org.apache.kafka.clients.consumer.internals.ConsumerCoordinator:1133] [Consumer clientId=consumer-item_group-2, groupId=item_group] Member consumer-item_group-2-fc19744f-66cc-4b1c-8b9a-78bf2ee6975c sending LeaveGroup request to coordinator W49204302.woolworths.co.za:9092 (id: 2147483647 rack: null) due to the consumer unsubscribed from all topics 
2025-02-17 17:39:55.477  INFO [org.apache.kafka.clients.consumer.internals.ConsumerCoordinator:1133] [Consumer clientId=consumer-item_group-3, groupId=item_group] Member consumer-item_group-3-fced43c7-9dbe-4d72-949b-cc3488a9f740 sending LeaveGroup request to coordinator W49204302.woolworths.co.za:9092 (id: 2147483647 rack: null) due to the consumer unsubscribed from all topics 
2025-02-17 17:39:55.477  INFO [org.springframework.kafka.listener.KafkaMessageListenerContainer:292] item_group: partitions revoked: [Item_Topic-0] 
2025-02-17 17:39:55.477  INFO [org.apache.kafka.clients.consumer.internals.ConsumerCoordinator:1025] [Consumer clientId=consumer-item_group-2, groupId=item_group] Resetting generation and member id due to: consumer pro-actively leaving the group 
2025-02-17 17:39:55.477  INFO [org.apache.kafka.clients.consumer.internals.ConsumerCoordinator:1025] [Consumer clientId=consumer-item_group-3, groupId=item_group] Resetting generation and member id due to: consumer pro-actively leaving the group 
2025-02-17 17:39:55.477  INFO [org.apache.kafka.clients.consumer.internals.ConsumerCoordinator:1133] [Consumer clientId=consumer-item_group-1, groupId=item_group] Member consumer-item_group-1-274a6d2c-e140-474e-ba12-7c776c6e8397 sending LeaveGroup request to coordinator W49204302.woolworths.co.za:9092 (id: 2147483647 rack: null) due to the consumer unsubscribed from all topics 
2025-02-17 17:39:55.478  INFO [org.apache.kafka.clients.consumer.internals.ConsumerCoordinator:1072] [Consumer clientId=consumer-item_group-2, groupId=item_group] Request joining group due to: consumer pro-actively leaving the group 
2025-02-17 17:39:55.478  INFO [org.apache.kafka.clients.consumer.internals.ConsumerCoordinator:1072] [Consumer clientId=consumer-item_group-3, groupId=item_group] Request joining group due to: consumer pro-actively leaving the group 
2025-02-17 17:39:55.478  INFO [org.apache.kafka.clients.consumer.internals.ConsumerCoordinator:1025] [Consumer clientId=consumer-item_group-1, groupId=item_group] Resetting generation and member id due to: consumer pro-actively leaving the group 
2025-02-17 17:39:55.478  INFO [org.apache.kafka.clients.consumer.KafkaConsumer:1089] [Consumer clientId=consumer-item_group-2, groupId=item_group] Unsubscribed all topics or patterns and assigned partitions 
2025-02-17 17:39:55.478  INFO [org.apache.kafka.clients.consumer.KafkaConsumer:1089] [Consumer clientId=consumer-item_group-3, groupId=item_group] Unsubscribed all topics or patterns and assigned partitions 
2025-02-17 17:39:55.478  INFO [org.apache.kafka.clients.consumer.internals.ConsumerCoordinator:1072] [Consumer clientId=consumer-item_group-1, groupId=item_group] Request joining group due to: consumer pro-actively leaving the group 
2025-02-17 17:39:55.478  INFO [org.apache.kafka.clients.consumer.KafkaConsumer:1089] [Consumer clientId=consumer-item_group-1, groupId=item_group] Unsubscribed all topics or patterns and assigned partitions 
2025-02-17 17:39:55.479  INFO [org.apache.kafka.clients.consumer.internals.ConsumerCoordinator:1025] [Consumer clientId=consumer-item_group-1, groupId=item_group] Resetting generation and member id due to: consumer pro-actively leaving the group 
2025-02-17 17:39:55.479  INFO [org.apache.kafka.clients.consumer.internals.ConsumerCoordinator:1025] [Consumer clientId=consumer-item_group-2, groupId=item_group] Resetting generation and member id due to: consumer pro-actively leaving the group 
2025-02-17 17:39:55.479  INFO [org.apache.kafka.clients.consumer.internals.ConsumerCoordinator:1025] [Consumer clientId=consumer-item_group-3, groupId=item_group] Resetting generation and member id due to: consumer pro-actively leaving the group 
2025-02-17 17:39:55.480  INFO [org.apache.kafka.clients.consumer.internals.ConsumerCoordinator:1072] [Consumer clientId=consumer-item_group-1, groupId=item_group] Request joining group due to: consumer pro-actively leaving the group 
2025-02-17 17:39:55.480  INFO [org.apache.kafka.clients.consumer.internals.ConsumerCoordinator:1072] [Consumer clientId=consumer-item_group-2, groupId=item_group] Request joining group due to: consumer pro-actively leaving the group 
2025-02-17 17:39:55.480  INFO [org.apache.kafka.clients.consumer.internals.ConsumerCoordinator:1072] [Consumer clientId=consumer-item_group-3, groupId=item_group] Request joining group due to: consumer pro-actively leaving the group 
2025-02-17 17:39:55.485  INFO [org.apache.kafka.common.metrics.Metrics:693] Metrics scheduler closed 
2025-02-17 17:39:55.486  INFO [org.apache.kafka.common.metrics.Metrics:697] Closing reporter org.apache.kafka.common.metrics.JmxReporter 
2025-02-17 17:39:55.486  INFO [org.apache.kafka.common.metrics.Metrics:703] Metrics reporters closed 
2025-02-17 17:39:55.489  INFO [org.apache.kafka.common.metrics.Metrics:693] Metrics scheduler closed 
2025-02-17 17:39:55.490  INFO [org.apache.kafka.common.metrics.Metrics:697] Closing reporter org.apache.kafka.common.metrics.JmxReporter 
2025-02-17 17:39:55.490  INFO [org.apache.kafka.common.metrics.Metrics:703] Metrics reporters closed 
2025-02-17 17:39:55.493  INFO [org.apache.kafka.common.utils.AppInfoParser:83] App info kafka.consumer for consumer-item_group-2 unregistered 
2025-02-17 17:39:55.494  INFO [org.springframework.kafka.listener.KafkaMessageListenerContainer:292] item_group: Consumer stopped 
2025-02-17 17:39:55.496  INFO [org.apache.kafka.common.utils.AppInfoParser:83] App info kafka.consumer for consumer-item_group-3 unregistered 
2025-02-17 17:39:55.496  INFO [org.springframework.kafka.listener.KafkaMessageListenerContainer:292] item_group: Consumer stopped 
2025-02-17 17:39:55.618  INFO [org.apache.kafka.common.metrics.Metrics:693] Metrics scheduler closed 
2025-02-17 17:39:55.619  INFO [org.apache.kafka.common.metrics.Metrics:697] Closing reporter org.apache.kafka.common.metrics.JmxReporter 
2025-02-17 17:39:55.619  INFO [org.apache.kafka.common.metrics.Metrics:703] Metrics reporters closed 
2025-02-17 17:39:55.622  INFO [org.apache.kafka.common.utils.AppInfoParser:83] App info kafka.consumer for consumer-item_group-1 unregistered 
2025-02-17 17:39:55.623  INFO [org.springframework.kafka.listener.KafkaMessageListenerContainer:292] item_group: Consumer stopped 
2025-02-17 17:39:55.629  INFO [org.springframework.orm.jpa.LocalContainerEntityManagerFactoryBean:651] Closing JPA EntityManagerFactory for persistence unit 'default' 
2025-02-17 17:39:55.637  INFO [com.zaxxer.hikari.HikariDataSource:350] HikariPool-1 - Shutdown initiated... 
2025-02-17 17:39:55.643  INFO [com.zaxxer.hikari.HikariDataSource:352] HikariPool-1 - Shutdown completed. 
2025-02-17 17:41:16.539  INFO [za.co.woolworths.itemkafka_poc.KafkaItemProducerPocApplication:55] Starting KafkaItemProducerPocApplication using Java 11.0.2 on W49204302 with PID 13900 (C:\Workspaces\Item-Kafka-Producer-POC\Item-Kafka-Producer-POC\target\classes started by W7178930 in C:\Workspaces\Item-Kafka-Producer-POC\Item-Kafka-Producer-POC) 
2025-02-17 17:41:16.543  INFO [za.co.woolworths.itemkafka_poc.KafkaItemProducerPocApplication:640] The following 2 profiles are active: "swagger", "dev" 
2025-02-17 17:41:17.725  INFO [org.springframework.data.repository.config.RepositoryConfigurationDelegate:132] Bootstrapping Spring Data JPA repositories in DEFAULT mode. 
2025-02-17 17:41:17.838  INFO [org.springframework.data.repository.config.RepositoryConfigurationDelegate:201] Finished Spring Data repository scanning in 95 ms. Found 1 JPA repository interfaces. 
2025-02-17 17:41:19.759  INFO [org.springframework.boot.web.embedded.tomcat.TomcatWebServer:108] Tomcat initialized with port(s): 8081 (http) 
2025-02-17 17:41:19.768  INFO [org.apache.coyote.http11.Http11NioProtocol:173] Initializing ProtocolHandler ["http-nio-8081"] 
2025-02-17 17:41:19.769  INFO [org.apache.catalina.core.StandardService:173] Starting service [Tomcat] 
2025-02-17 17:41:19.769  INFO [org.apache.catalina.core.StandardEngine:173] Starting Servlet engine: [Apache Tomcat/9.0.64] 
2025-02-17 17:41:20.008  INFO [org.apache.catalina.core.ContainerBase.[Tomcat].[localhost].[/]:173] Initializing Spring embedded WebApplicationContext 
2025-02-17 17:41:20.009  INFO [org.springframework.boot.web.servlet.context.ServletWebServerApplicationContext:292] Root WebApplicationContext: initialization completed in 3418 ms 
2025-02-17 17:41:20.726  INFO [com.zaxxer.hikari.HikariDataSource:110] HikariPool-1 - Starting... 
2025-02-17 17:41:21.701  INFO [com.zaxxer.hikari.HikariDataSource:123] HikariPool-1 - Start completed. 
2025-02-17 17:41:21.761  INFO [org.hibernate.jpa.internal.util.LogHelper:31] HHH000204: Processing PersistenceUnitInfo [name: default] 
2025-02-17 17:41:21.849  INFO [org.hibernate.Version:44] HHH000412: Hibernate ORM core version 5.6.9.Final 
2025-02-17 17:41:22.066  INFO [org.hibernate.annotations.common.Version:56] HCANN000001: Hibernate Commons Annotations {5.1.2.Final} 
2025-02-17 17:41:22.320  INFO [org.hibernate.dialect.Dialect:175] HHH000400: Using dialect: org.hibernate.dialect.SQLServer2016Dialect 
2025-02-17 17:41:23.198  INFO [org.hibernate.engine.transaction.jta.platform.internal.JtaPlatformInitiator:52] HHH000490: Using JtaPlatform implementation: [org.hibernate.engine.transaction.jta.platform.internal.NoJtaPlatform] 
2025-02-17 17:41:23.208  INFO [org.springframework.orm.jpa.LocalContainerEntityManagerFactoryBean:437] Initialized JPA EntityManagerFactory for persistence unit 'default' 
2025-02-17 17:41:24.576  WARN [org.springframework.boot.autoconfigure.orm.jpa.JpaBaseConfiguration$JpaWebConfiguration:219] spring.jpa.open-in-view is enabled by default. Therefore, database queries may be performed during view rendering. Explicitly configure spring.jpa.open-in-view to disable this warning 
2025-02-17 17:41:24.764 DEBUG [org.springframework.web.servlet.mvc.method.annotation.RequestMappingHandlerMapping:367] 15 mappings in 'requestMappingHandlerMapping' 
2025-02-17 17:41:25.599 DEBUG [org.springframework.web.servlet.handler.SimpleUrlHandlerMapping:188] Patterns [/agent/swagger-ui*/**] in 'resourceHandlerMapping' 
2025-02-17 17:41:25.685 DEBUG [org.springframework.web.servlet.mvc.method.annotation.RequestMappingHandlerAdapter:625] ControllerAdvice beans: 0 @ModelAttribute, 0 @InitBinder, 1 RequestBodyAdvice, 1 ResponseBodyAdvice 
2025-02-17 17:41:25.782 DEBUG [org.springframework.web.servlet.mvc.method.annotation.ExceptionHandlerExceptionResolver:307] ControllerAdvice beans: 1 @ExceptionHandler, 1 ResponseBodyAdvice 
2025-02-17 17:41:26.324  INFO [org.springframework.boot.actuate.endpoint.web.EndpointLinksResolver:58] Exposing 1 endpoint(s) beneath base path '/actuator' 
2025-02-17 17:41:26.561  INFO [org.apache.kafka.clients.consumer.ConsumerConfig:369] ConsumerConfig values: 
	allow.auto.create.topics = true
	auto.commit.interval.ms = 5000
	auto.include.jmx.reporter = true
	auto.offset.reset = latest
	bootstrap.servers = [localhost:9092]
	check.crcs = true
	client.dns.lookup = use_all_dns_ips
	client.id = consumer-item_group-1
	client.rack = 
	connections.max.idle.ms = 540000
	default.api.timeout.ms = 60000
	enable.auto.commit = false
	exclude.internal.topics = true
	fetch.max.bytes = 52428800
	fetch.max.wait.ms = 500
	fetch.min.bytes = 1
	group.id = item_group
	group.instance.id = null
	heartbeat.interval.ms = 3000
	interceptor.classes = []
	internal.leave.group.on.close = true
	internal.throw.on.fetch.stable.offset.unsupported = false
	isolation.level = read_uncommitted
	key.deserializer = class org.apache.kafka.common.serialization.StringDeserializer
	max.partition.fetch.bytes = 1048576
	max.poll.interval.ms = 300000
	max.poll.records = 500
	metadata.max.age.ms = 300000
	metric.reporters = []
	metrics.num.samples = 2
	metrics.recording.level = INFO
	metrics.sample.window.ms = 30000
	partition.assignment.strategy = [class org.apache.kafka.clients.consumer.RangeAssignor, class org.apache.kafka.clients.consumer.CooperativeStickyAssignor]
	receive.buffer.bytes = 65536
	reconnect.backoff.max.ms = 1000
	reconnect.backoff.ms = 50
	request.timeout.ms = 30000
	retry.backoff.ms = 100
	sasl.client.callback.handler.class = null
	sasl.jaas.config = null
	sasl.kerberos.kinit.cmd = /usr/bin/kinit
	sasl.kerberos.min.time.before.relogin = 60000
	sasl.kerberos.service.name = null
	sasl.kerberos.ticket.renew.jitter = 0.05
	sasl.kerberos.ticket.renew.window.factor = 0.8
	sasl.login.callback.handler.class = null
	sasl.login.class = null
	sasl.login.connect.timeout.ms = null
	sasl.login.read.timeout.ms = null
	sasl.login.refresh.buffer.seconds = 300
	sasl.login.refresh.min.period.seconds = 60
	sasl.login.refresh.window.factor = 0.8
	sasl.login.refresh.window.jitter = 0.05
	sasl.login.retry.backoff.max.ms = 10000
	sasl.login.retry.backoff.ms = 100
	sasl.mechanism = GSSAPI
	sasl.oauthbearer.clock.skew.seconds = 30
	sasl.oauthbearer.expected.audience = null
	sasl.oauthbearer.expected.issuer = null
	sasl.oauthbearer.jwks.endpoint.refresh.ms = 3600000
	sasl.oauthbearer.jwks.endpoint.retry.backoff.max.ms = 10000
	sasl.oauthbearer.jwks.endpoint.retry.backoff.ms = 100
	sasl.oauthbearer.jwks.endpoint.url = null
	sasl.oauthbearer.scope.claim.name = scope
	sasl.oauthbearer.sub.claim.name = sub
	sasl.oauthbearer.token.endpoint.url = null
	security.protocol = PLAINTEXT
	security.providers = null
	send.buffer.bytes = 131072
	session.timeout.ms = 45000
	socket.connection.setup.timeout.max.ms = 30000
	socket.connection.setup.timeout.ms = 10000
	ssl.cipher.suites = null
	ssl.enabled.protocols = [TLSv1.2, TLSv1.3]
	ssl.endpoint.identification.algorithm = https
	ssl.engine.factory.class = null
	ssl.key.password = null
	ssl.keymanager.algorithm = SunX509
	ssl.keystore.certificate.chain = null
	ssl.keystore.key = null
	ssl.keystore.location = null
	ssl.keystore.password = null
	ssl.keystore.type = JKS
	ssl.protocol = TLSv1.3
	ssl.provider = null
	ssl.secure.random.implementation = null
	ssl.trustmanager.algorithm = PKIX
	ssl.truststore.certificates = null
	ssl.truststore.location = null
	ssl.truststore.password = null
	ssl.truststore.type = JKS
	value.deserializer = class org.apache.kafka.common.serialization.StringDeserializer
 
2025-02-17 17:41:26.915  INFO [org.apache.kafka.common.utils.AppInfoParser:119] Kafka version: 3.5.1 
2025-02-17 17:41:26.916  INFO [org.apache.kafka.common.utils.AppInfoParser:120] Kafka commitId: 2c6fb6c54472e90a 
2025-02-17 17:41:26.916  INFO [org.apache.kafka.common.utils.AppInfoParser:121] Kafka startTimeMs: 1739806886913 
2025-02-17 17:41:26.921  INFO [org.apache.kafka.clients.consumer.KafkaConsumer:980] [Consumer clientId=consumer-item_group-1, groupId=item_group] Subscribed to topic(s): Item_Topic 
2025-02-17 17:41:26.946  INFO [org.apache.kafka.clients.consumer.ConsumerConfig:369] ConsumerConfig values: 
	allow.auto.create.topics = true
	auto.commit.interval.ms = 5000
	auto.include.jmx.reporter = true
	auto.offset.reset = latest
	bootstrap.servers = [localhost:9092]
	check.crcs = true
	client.dns.lookup = use_all_dns_ips
	client.id = consumer-item_group-2
	client.rack = 
	connections.max.idle.ms = 540000
	default.api.timeout.ms = 60000
	enable.auto.commit = false
	exclude.internal.topics = true
	fetch.max.bytes = 52428800
	fetch.max.wait.ms = 500
	fetch.min.bytes = 1
	group.id = item_group
	group.instance.id = null
	heartbeat.interval.ms = 3000
	interceptor.classes = []
	internal.leave.group.on.close = true
	internal.throw.on.fetch.stable.offset.unsupported = false
	isolation.level = read_uncommitted
	key.deserializer = class org.apache.kafka.common.serialization.StringDeserializer
	max.partition.fetch.bytes = 1048576
	max.poll.interval.ms = 300000
	max.poll.records = 500
	metadata.max.age.ms = 300000
	metric.reporters = []
	metrics.num.samples = 2
	metrics.recording.level = INFO
	metrics.sample.window.ms = 30000
	partition.assignment.strategy = [class org.apache.kafka.clients.consumer.RangeAssignor, class org.apache.kafka.clients.consumer.CooperativeStickyAssignor]
	receive.buffer.bytes = 65536
	reconnect.backoff.max.ms = 1000
	reconnect.backoff.ms = 50
	request.timeout.ms = 30000
	retry.backoff.ms = 100
	sasl.client.callback.handler.class = null
	sasl.jaas.config = null
	sasl.kerberos.kinit.cmd = /usr/bin/kinit
	sasl.kerberos.min.time.before.relogin = 60000
	sasl.kerberos.service.name = null
	sasl.kerberos.ticket.renew.jitter = 0.05
	sasl.kerberos.ticket.renew.window.factor = 0.8
	sasl.login.callback.handler.class = null
	sasl.login.class = null
	sasl.login.connect.timeout.ms = null
	sasl.login.read.timeout.ms = null
	sasl.login.refresh.buffer.seconds = 300
	sasl.login.refresh.min.period.seconds = 60
	sasl.login.refresh.window.factor = 0.8
	sasl.login.refresh.window.jitter = 0.05
	sasl.login.retry.backoff.max.ms = 10000
	sasl.login.retry.backoff.ms = 100
	sasl.mechanism = GSSAPI
	sasl.oauthbearer.clock.skew.seconds = 30
	sasl.oauthbearer.expected.audience = null
	sasl.oauthbearer.expected.issuer = null
	sasl.oauthbearer.jwks.endpoint.refresh.ms = 3600000
	sasl.oauthbearer.jwks.endpoint.retry.backoff.max.ms = 10000
	sasl.oauthbearer.jwks.endpoint.retry.backoff.ms = 100
	sasl.oauthbearer.jwks.endpoint.url = null
	sasl.oauthbearer.scope.claim.name = scope
	sasl.oauthbearer.sub.claim.name = sub
	sasl.oauthbearer.token.endpoint.url = null
	security.protocol = PLAINTEXT
	security.providers = null
	send.buffer.bytes = 131072
	session.timeout.ms = 45000
	socket.connection.setup.timeout.max.ms = 30000
	socket.connection.setup.timeout.ms = 10000
	ssl.cipher.suites = null
	ssl.enabled.protocols = [TLSv1.2, TLSv1.3]
	ssl.endpoint.identification.algorithm = https
	ssl.engine.factory.class = null
	ssl.key.password = null
	ssl.keymanager.algorithm = SunX509
	ssl.keystore.certificate.chain = null
	ssl.keystore.key = null
	ssl.keystore.location = null
	ssl.keystore.password = null
	ssl.keystore.type = JKS
	ssl.protocol = TLSv1.3
	ssl.provider = null
	ssl.secure.random.implementation = null
	ssl.trustmanager.algorithm = PKIX
	ssl.truststore.certificates = null
	ssl.truststore.location = null
	ssl.truststore.password = null
	ssl.truststore.type = JKS
	value.deserializer = class org.apache.kafka.common.serialization.StringDeserializer
 
2025-02-17 17:41:26.963  INFO [org.apache.kafka.common.utils.AppInfoParser:119] Kafka version: 3.5.1 
2025-02-17 17:41:26.964  INFO [org.apache.kafka.common.utils.AppInfoParser:120] Kafka commitId: 2c6fb6c54472e90a 
2025-02-17 17:41:26.964  INFO [org.apache.kafka.common.utils.AppInfoParser:121] Kafka startTimeMs: 1739806886963 
2025-02-17 17:41:26.966  INFO [org.apache.kafka.clients.consumer.KafkaConsumer:980] [Consumer clientId=consumer-item_group-2, groupId=item_group] Subscribed to topic(s): Item_Topic 
2025-02-17 17:41:26.972  INFO [org.apache.kafka.clients.consumer.ConsumerConfig:369] ConsumerConfig values: 
	allow.auto.create.topics = true
	auto.commit.interval.ms = 5000
	auto.include.jmx.reporter = true
	auto.offset.reset = latest
	bootstrap.servers = [localhost:9092]
	check.crcs = true
	client.dns.lookup = use_all_dns_ips
	client.id = consumer-item_group-3
	client.rack = 
	connections.max.idle.ms = 540000
	default.api.timeout.ms = 60000
	enable.auto.commit = false
	exclude.internal.topics = true
	fetch.max.bytes = 52428800
	fetch.max.wait.ms = 500
	fetch.min.bytes = 1
	group.id = item_group
	group.instance.id = null
	heartbeat.interval.ms = 3000
	interceptor.classes = []
	internal.leave.group.on.close = true
	internal.throw.on.fetch.stable.offset.unsupported = false
	isolation.level = read_uncommitted
	key.deserializer = class org.apache.kafka.common.serialization.StringDeserializer
	max.partition.fetch.bytes = 1048576
	max.poll.interval.ms = 300000
	max.poll.records = 500
	metadata.max.age.ms = 300000
	metric.reporters = []
	metrics.num.samples = 2
	metrics.recording.level = INFO
	metrics.sample.window.ms = 30000
	partition.assignment.strategy = [class org.apache.kafka.clients.consumer.RangeAssignor, class org.apache.kafka.clients.consumer.CooperativeStickyAssignor]
	receive.buffer.bytes = 65536
	reconnect.backoff.max.ms = 1000
	reconnect.backoff.ms = 50
	request.timeout.ms = 30000
	retry.backoff.ms = 100
	sasl.client.callback.handler.class = null
	sasl.jaas.config = null
	sasl.kerberos.kinit.cmd = /usr/bin/kinit
	sasl.kerberos.min.time.before.relogin = 60000
	sasl.kerberos.service.name = null
	sasl.kerberos.ticket.renew.jitter = 0.05
	sasl.kerberos.ticket.renew.window.factor = 0.8
	sasl.login.callback.handler.class = null
	sasl.login.class = null
	sasl.login.connect.timeout.ms = null
	sasl.login.read.timeout.ms = null
	sasl.login.refresh.buffer.seconds = 300
	sasl.login.refresh.min.period.seconds = 60
	sasl.login.refresh.window.factor = 0.8
	sasl.login.refresh.window.jitter = 0.05
	sasl.login.retry.backoff.max.ms = 10000
	sasl.login.retry.backoff.ms = 100
	sasl.mechanism = GSSAPI
	sasl.oauthbearer.clock.skew.seconds = 30
	sasl.oauthbearer.expected.audience = null
	sasl.oauthbearer.expected.issuer = null
	sasl.oauthbearer.jwks.endpoint.refresh.ms = 3600000
	sasl.oauthbearer.jwks.endpoint.retry.backoff.max.ms = 10000
	sasl.oauthbearer.jwks.endpoint.retry.backoff.ms = 100
	sasl.oauthbearer.jwks.endpoint.url = null
	sasl.oauthbearer.scope.claim.name = scope
	sasl.oauthbearer.sub.claim.name = sub
	sasl.oauthbearer.token.endpoint.url = null
	security.protocol = PLAINTEXT
	security.providers = null
	send.buffer.bytes = 131072
	session.timeout.ms = 45000
	socket.connection.setup.timeout.max.ms = 30000
	socket.connection.setup.timeout.ms = 10000
	ssl.cipher.suites = null
	ssl.enabled.protocols = [TLSv1.2, TLSv1.3]
	ssl.endpoint.identification.algorithm = https
	ssl.engine.factory.class = null
	ssl.key.password = null
	ssl.keymanager.algorithm = SunX509
	ssl.keystore.certificate.chain = null
	ssl.keystore.key = null
	ssl.keystore.location = null
	ssl.keystore.password = null
	ssl.keystore.type = JKS
	ssl.protocol = TLSv1.3
	ssl.provider = null
	ssl.secure.random.implementation = null
	ssl.trustmanager.algorithm = PKIX
	ssl.truststore.certificates = null
	ssl.truststore.location = null
	ssl.truststore.password = null
	ssl.truststore.type = JKS
	value.deserializer = class org.apache.kafka.common.serialization.StringDeserializer
 
2025-02-17 17:41:26.986  INFO [org.apache.kafka.common.utils.AppInfoParser:119] Kafka version: 3.5.1 
2025-02-17 17:41:26.987  INFO [org.apache.kafka.common.utils.AppInfoParser:120] Kafka commitId: 2c6fb6c54472e90a 
2025-02-17 17:41:26.988  INFO [org.apache.kafka.common.utils.AppInfoParser:121] Kafka startTimeMs: 1739806886986 
2025-02-17 17:41:26.989  INFO [org.apache.kafka.clients.consumer.KafkaConsumer:980] [Consumer clientId=consumer-item_group-3, groupId=item_group] Subscribed to topic(s): Item_Topic 
2025-02-17 17:41:26.993  INFO [org.apache.coyote.http11.Http11NioProtocol:173] Starting ProtocolHandler ["http-nio-8081"] 
2025-02-17 17:41:27.023  INFO [org.springframework.boot.web.embedded.tomcat.TomcatWebServer:220] Tomcat started on port(s): 8081 (http) with context path '' 
2025-02-17 17:41:27.047  INFO [za.co.woolworths.itemkafka_poc.KafkaItemProducerPocApplication:61] Started KafkaItemProducerPocApplication in 10.978 seconds (JVM running for 11.603) 
2025-02-17 17:41:27.580  INFO [org.apache.kafka.clients.Metadata:287] [Consumer clientId=consumer-item_group-3, groupId=item_group] Cluster ID: 241EXJnpTO6SXdisTDqE6g 
2025-02-17 17:41:27.580  INFO [org.apache.kafka.clients.Metadata:287] [Consumer clientId=consumer-item_group-1, groupId=item_group] Cluster ID: 241EXJnpTO6SXdisTDqE6g 
2025-02-17 17:41:27.580  INFO [org.apache.kafka.clients.Metadata:287] [Consumer clientId=consumer-item_group-2, groupId=item_group] Cluster ID: 241EXJnpTO6SXdisTDqE6g 
2025-02-17 17:41:27.584  INFO [org.apache.kafka.clients.consumer.internals.ConsumerCoordinator:906] [Consumer clientId=consumer-item_group-1, groupId=item_group] Discovered group coordinator W49204302.woolworths.co.za:9092 (id: 2147483647 rack: null) 
2025-02-17 17:41:27.584  INFO [org.apache.kafka.clients.consumer.internals.ConsumerCoordinator:906] [Consumer clientId=consumer-item_group-2, groupId=item_group] Discovered group coordinator W49204302.woolworths.co.za:9092 (id: 2147483647 rack: null) 
2025-02-17 17:41:27.584  INFO [org.apache.kafka.clients.consumer.internals.ConsumerCoordinator:906] [Consumer clientId=consumer-item_group-3, groupId=item_group] Discovered group coordinator W49204302.woolworths.co.za:9092 (id: 2147483647 rack: null) 
2025-02-17 17:41:27.590  INFO [org.apache.kafka.clients.consumer.internals.ConsumerCoordinator:576] [Consumer clientId=consumer-item_group-1, groupId=item_group] (Re-)joining group 
2025-02-17 17:41:27.590  INFO [org.apache.kafka.clients.consumer.internals.ConsumerCoordinator:576] [Consumer clientId=consumer-item_group-3, groupId=item_group] (Re-)joining group 
2025-02-17 17:41:27.590  INFO [org.apache.kafka.clients.consumer.internals.ConsumerCoordinator:576] [Consumer clientId=consumer-item_group-2, groupId=item_group] (Re-)joining group 
2025-02-17 17:41:27.625  INFO [org.apache.kafka.clients.consumer.internals.ConsumerCoordinator:1072] [Consumer clientId=consumer-item_group-1, groupId=item_group] Request joining group due to: need to re-join with the given member-id: consumer-item_group-1-ee0d2c39-8ca6-4e3b-846b-3c09a69b73a4 
2025-02-17 17:41:27.627  INFO [org.apache.kafka.clients.consumer.internals.ConsumerCoordinator:1072] [Consumer clientId=consumer-item_group-1, groupId=item_group] Request joining group due to: rebalance failed due to 'The group member needs to have a valid member id before actually entering a consumer group.' (MemberIdRequiredException) 
2025-02-17 17:41:27.628  INFO [org.apache.kafka.clients.consumer.internals.ConsumerCoordinator:1072] [Consumer clientId=consumer-item_group-3, groupId=item_group] Request joining group due to: need to re-join with the given member-id: consumer-item_group-3-3bf77cc6-267c-46b6-a990-5dbde110e27a 
2025-02-17 17:41:27.628  INFO [org.apache.kafka.clients.consumer.internals.ConsumerCoordinator:576] [Consumer clientId=consumer-item_group-1, groupId=item_group] (Re-)joining group 
2025-02-17 17:41:27.629  INFO [org.apache.kafka.clients.consumer.internals.ConsumerCoordinator:1072] [Consumer clientId=consumer-item_group-3, groupId=item_group] Request joining group due to: rebalance failed due to 'The group member needs to have a valid member id before actually entering a consumer group.' (MemberIdRequiredException) 
2025-02-17 17:41:27.629  INFO [org.apache.kafka.clients.consumer.internals.ConsumerCoordinator:1072] [Consumer clientId=consumer-item_group-2, groupId=item_group] Request joining group due to: need to re-join with the given member-id: consumer-item_group-2-4006f06f-9f23-48a2-84bd-20c5e31af01f 
2025-02-17 17:41:27.630  INFO [org.apache.kafka.clients.consumer.internals.ConsumerCoordinator:576] [Consumer clientId=consumer-item_group-3, groupId=item_group] (Re-)joining group 
2025-02-17 17:41:27.630  INFO [org.apache.kafka.clients.consumer.internals.ConsumerCoordinator:1072] [Consumer clientId=consumer-item_group-2, groupId=item_group] Request joining group due to: rebalance failed due to 'The group member needs to have a valid member id before actually entering a consumer group.' (MemberIdRequiredException) 
2025-02-17 17:41:27.631  INFO [org.apache.kafka.clients.consumer.internals.ConsumerCoordinator:576] [Consumer clientId=consumer-item_group-2, groupId=item_group] (Re-)joining group 
2025-02-17 17:41:27.633  INFO [org.apache.kafka.clients.consumer.internals.ConsumerCoordinator:637] [Consumer clientId=consumer-item_group-1, groupId=item_group] Successfully joined group with generation Generation{generationId=92, memberId='consumer-item_group-1-ee0d2c39-8ca6-4e3b-846b-3c09a69b73a4', protocol='range'} 
2025-02-17 17:41:27.644  INFO [org.apache.kafka.clients.consumer.internals.ConsumerCoordinator:712] [Consumer clientId=consumer-item_group-1, groupId=item_group] Finished assignment for group at generation 92: {consumer-item_group-1-ee0d2c39-8ca6-4e3b-846b-3c09a69b73a4=Assignment(partitions=[Item_Topic-0])} 
2025-02-17 17:41:27.654  INFO [org.apache.kafka.clients.consumer.internals.ConsumerCoordinator:836] [Consumer clientId=consumer-item_group-1, groupId=item_group] SyncGroup failed: The group began another rebalance. Need to re-join the group. Sent generation was Generation{generationId=92, memberId='consumer-item_group-1-ee0d2c39-8ca6-4e3b-846b-3c09a69b73a4', protocol='range'} 
2025-02-17 17:41:27.655  INFO [org.apache.kafka.clients.consumer.internals.ConsumerCoordinator:1072] [Consumer clientId=consumer-item_group-1, groupId=item_group] Request joining group due to: rebalance failed due to 'The group is rebalancing, so a rejoin is needed.' (RebalanceInProgressException) 
2025-02-17 17:41:27.655  INFO [org.apache.kafka.clients.consumer.internals.ConsumerCoordinator:576] [Consumer clientId=consumer-item_group-1, groupId=item_group] (Re-)joining group 
2025-02-17 17:41:27.659  INFO [org.apache.kafka.clients.consumer.internals.ConsumerCoordinator:637] [Consumer clientId=consumer-item_group-3, groupId=item_group] Successfully joined group with generation Generation{generationId=93, memberId='consumer-item_group-3-3bf77cc6-267c-46b6-a990-5dbde110e27a', protocol='range'} 
2025-02-17 17:41:27.660  INFO [org.apache.kafka.clients.consumer.internals.ConsumerCoordinator:637] [Consumer clientId=consumer-item_group-2, groupId=item_group] Successfully joined group with generation Generation{generationId=93, memberId='consumer-item_group-2-4006f06f-9f23-48a2-84bd-20c5e31af01f', protocol='range'} 
2025-02-17 17:41:27.660  INFO [org.apache.kafka.clients.consumer.internals.ConsumerCoordinator:637] [Consumer clientId=consumer-item_group-1, groupId=item_group] Successfully joined group with generation Generation{generationId=93, memberId='consumer-item_group-1-ee0d2c39-8ca6-4e3b-846b-3c09a69b73a4', protocol='range'} 
2025-02-17 17:41:27.664  INFO [org.apache.kafka.clients.consumer.internals.ConsumerCoordinator:712] [Consumer clientId=consumer-item_group-1, groupId=item_group] Finished assignment for group at generation 93: {consumer-item_group-1-ee0d2c39-8ca6-4e3b-846b-3c09a69b73a4=Assignment(partitions=[Item_Topic-0]), consumer-item_group-3-3bf77cc6-267c-46b6-a990-5dbde110e27a=Assignment(partitions=[]), consumer-item_group-2-4006f06f-9f23-48a2-84bd-20c5e31af01f=Assignment(partitions=[])} 
2025-02-17 17:41:27.669  INFO [org.apache.kafka.clients.consumer.internals.ConsumerCoordinator:812] [Consumer clientId=consumer-item_group-3, groupId=item_group] Successfully synced group in generation Generation{generationId=93, memberId='consumer-item_group-3-3bf77cc6-267c-46b6-a990-5dbde110e27a', protocol='range'} 
2025-02-17 17:41:27.670  INFO [org.apache.kafka.clients.consumer.internals.ConsumerCoordinator:812] [Consumer clientId=consumer-item_group-1, groupId=item_group] Successfully synced group in generation Generation{generationId=93, memberId='consumer-item_group-1-ee0d2c39-8ca6-4e3b-846b-3c09a69b73a4', protocol='range'} 
2025-02-17 17:41:27.669  INFO [org.apache.kafka.clients.consumer.internals.ConsumerCoordinator:812] [Consumer clientId=consumer-item_group-2, groupId=item_group] Successfully synced group in generation Generation{generationId=93, memberId='consumer-item_group-2-4006f06f-9f23-48a2-84bd-20c5e31af01f', protocol='range'} 
2025-02-17 17:41:27.670  INFO [org.apache.kafka.clients.consumer.internals.ConsumerCoordinator:307] [Consumer clientId=consumer-item_group-3, groupId=item_group] Notifying assignor about the new Assignment(partitions=[]) 
2025-02-17 17:41:27.671  INFO [org.apache.kafka.clients.consumer.internals.ConsumerCoordinator:319] [Consumer clientId=consumer-item_group-3, groupId=item_group] Adding newly assigned partitions:  
2025-02-17 17:41:27.671  INFO [org.apache.kafka.clients.consumer.internals.ConsumerCoordinator:307] [Consumer clientId=consumer-item_group-2, groupId=item_group] Notifying assignor about the new Assignment(partitions=[]) 
2025-02-17 17:41:27.671  INFO [org.apache.kafka.clients.consumer.internals.ConsumerCoordinator:307] [Consumer clientId=consumer-item_group-1, groupId=item_group] Notifying assignor about the new Assignment(partitions=[Item_Topic-0]) 
2025-02-17 17:41:27.672  INFO [org.apache.kafka.clients.consumer.internals.ConsumerCoordinator:319] [Consumer clientId=consumer-item_group-2, groupId=item_group] Adding newly assigned partitions:  
2025-02-17 17:41:27.673  INFO [org.springframework.kafka.listener.KafkaMessageListenerContainer:292] item_group: partitions assigned: [] 
2025-02-17 17:41:27.673  INFO [org.springframework.kafka.listener.KafkaMessageListenerContainer:292] item_group: partitions assigned: [] 
2025-02-17 17:41:27.678  INFO [org.apache.kafka.clients.consumer.internals.ConsumerCoordinator:319] [Consumer clientId=consumer-item_group-1, groupId=item_group] Adding newly assigned partitions: Item_Topic-0 
2025-02-17 17:41:27.692  INFO [org.apache.kafka.clients.consumer.internals.ConsumerCoordinator:975] [Consumer clientId=consumer-item_group-1, groupId=item_group] Setting offset for partition Item_Topic-0 to the committed offset FetchPosition{offset=100, offsetEpoch=Optional.empty, currentLeader=LeaderAndEpoch{leader=Optional[W49204302.woolworths.co.za:9092 (id: 0 rack: null)], epoch=0}} 
2025-02-17 17:41:27.693  INFO [org.springframework.kafka.listener.KafkaMessageListenerContainer:292] item_group: partitions assigned: [Item_Topic-0] 
2025-02-17 17:41:57.368  INFO [org.apache.catalina.core.ContainerBase.[Tomcat].[localhost].[/]:173] Initializing Spring DispatcherServlet 'dispatcherServlet' 
2025-02-17 17:41:57.369  INFO [org.springframework.web.servlet.DispatcherServlet:525] Initializing Servlet 'dispatcherServlet' 
2025-02-17 17:41:57.369 DEBUG [org.springframework.web.servlet.DispatcherServlet:520] Detected StandardServletMultipartResolver 
2025-02-17 17:41:57.369 DEBUG [org.springframework.web.servlet.DispatcherServlet:544] Detected AcceptHeaderLocaleResolver 
2025-02-17 17:41:57.369 DEBUG [org.springframework.web.servlet.DispatcherServlet:569] Detected FixedThemeResolver 
2025-02-17 17:41:57.370 DEBUG [org.springframework.web.servlet.DispatcherServlet:719] Detected org.springframework.web.servlet.view.DefaultRequestToViewNameTranslator@206a465f 
2025-02-17 17:41:57.370 DEBUG [org.springframework.web.servlet.DispatcherServlet:783] Detected org.springframework.web.servlet.support.SessionFlashMapManager@3f69b166 
2025-02-17 17:41:57.371 DEBUG [org.springframework.web.servlet.DispatcherServlet:542] enableLoggingRequestDetails='false': request parameters and headers will be masked to prevent unsafe logging of potentially sensitive data 
2025-02-17 17:41:57.371  INFO [org.springframework.web.servlet.DispatcherServlet:547] Completed initialization in 2 ms 
2025-02-17 17:41:57.377 DEBUG [org.springframework.web.servlet.DispatcherServlet:119] POST "/flink/start-simple-job", parameters={} 
2025-02-17 17:41:57.384 DEBUG [org.springframework.web.servlet.mvc.method.annotation.RequestMappingHandlerMapping:522] Mapped to za.co.woolworths.itemkafka_poc.controller.FlinkJobController#triggerFlinkSimpleJob() 
2025-02-17 17:42:15.707  INFO [za.co.woolworths.itemkafka_poc.service.FlinkJobService:79] Job Flink Simple Job is now RUNNING 
2025-02-17 17:42:32.093  INFO [org.apache.flink.runtime.taskexecutor.TaskExecutorResourceUtils:274] The configuration option taskmanager.cpu.cores required for local execution is not set, setting it to the maximal possible value. 
2025-02-17 17:42:32.094  INFO [org.apache.flink.runtime.taskexecutor.TaskExecutorResourceUtils:274] The configuration option taskmanager.memory.task.heap.size required for local execution is not set, setting it to the maximal possible value. 
2025-02-17 17:42:32.095  INFO [org.apache.flink.runtime.taskexecutor.TaskExecutorResourceUtils:274] The configuration option taskmanager.memory.task.off-heap.size required for local execution is not set, setting it to the maximal possible value. 
2025-02-17 17:42:32.098  INFO [org.apache.flink.runtime.taskexecutor.TaskExecutorResourceUtils:274] The configuration option taskmanager.memory.network.min required for local execution is not set, setting it to its default value 64 mb. 
2025-02-17 17:42:32.099  INFO [org.apache.flink.runtime.taskexecutor.TaskExecutorResourceUtils:274] The configuration option taskmanager.memory.network.max required for local execution is not set, setting it to its default value 64 mb. 
2025-02-17 17:42:32.100  INFO [org.apache.flink.runtime.taskexecutor.TaskExecutorResourceUtils:274] The configuration option taskmanager.memory.managed.size required for local execution is not set, setting it to its default value 128 mb. 
2025-02-17 17:42:32.121  INFO [org.apache.flink.runtime.minicluster.MiniCluster:324] Starting Flink Mini Cluster 
2025-02-17 17:42:33.040  INFO [org.apache.flink.runtime.minicluster.MiniCluster:343] Starting Metrics Registry 
2025-02-17 17:42:33.209  INFO [org.apache.flink.runtime.metrics.MetricRegistryImpl:177] No metrics reporter configured, no metrics will be exposed/reported. 
2025-02-17 17:42:33.210  INFO [org.apache.flink.runtime.metrics.MetricRegistryImpl:240] No trace reporter configured, no metrics will be exposed/reported. 
2025-02-17 17:42:33.210  INFO [org.apache.flink.runtime.minicluster.MiniCluster:350] Starting RPC Service(s) 
2025-02-17 17:42:33.281  INFO [org.apache.flink.runtime.rpc.pekko.PekkoRpcServiceUtils:225] Trying to start local actor system 
2025-02-17 17:42:35.174  INFO [org.apache.pekko.event.slf4j.Slf4jLogger:117] Slf4jLogger started 
2025-02-17 17:42:35.518  INFO [org.apache.flink.runtime.rpc.pekko.PekkoRpcServiceUtils:255] Actor system started at pekko://flink 
2025-02-17 17:42:35.620  INFO [org.apache.flink.runtime.rpc.pekko.PekkoRpcServiceUtils:225] Trying to start local actor system 
2025-02-17 17:42:35.697  INFO [org.apache.pekko.event.slf4j.Slf4jLogger:117] Slf4jLogger started 
2025-02-17 17:42:35.735  INFO [org.apache.flink.runtime.rpc.pekko.PekkoRpcServiceUtils:255] Actor system started at pekko://flink-metrics 
2025-02-17 17:42:35.794  INFO [org.apache.flink.runtime.rpc.pekko.PekkoRpcService:273] Starting RPC endpoint for org.apache.flink.runtime.metrics.dump.MetricQueryService at pekko://flink-metrics/user/rpc/MetricQueryService . 
2025-02-17 17:42:35.876  WARN [org.apache.flink.runtime.rpc.pekko.SupervisorActor:144] RpcActor pekko://flink-metrics/user/rpc/MetricQueryService has failed. Shutting it down now. java.lang.NullPointerException: null
	at java.base/java.util.HashMap.putMapEntries(HashMap.java:496)
	at java.base/java.util.HashMap.putAll(HashMap.java:780)
	at java.base/java.util.Collections$SynchronizedMap.putAll(Collections.java:2602)
	at ch.qos.logback.classic.util.LogbackMDCAdapter.setContextMap(LogbackMDCAdapter.java:197)
	at org.slf4j.MDC.setContextMap(MDC.java:264)
	at org.apache.flink.util.MdcUtils.lambda$withContext$0(MdcUtils.java:48)
	at org.apache.flink.runtime.rpc.pekko.PekkoRpcActor.handleControlMessage(PekkoRpcActor.java:208)
	at org.apache.pekko.japi.pf.UnitCaseStatement.apply(CaseStatements.scala:33)
	at org.apache.pekko.japi.pf.UnitCaseStatement.apply(CaseStatements.scala:29)
	at scala.PartialFunction.applyOrElse(PartialFunction.scala:127)
	at scala.PartialFunction.applyOrElse$(PartialFunction.scala:126)
	at org.apache.pekko.japi.pf.UnitCaseStatement.applyOrElse(CaseStatements.scala:29)
	at scala.PartialFunction$OrElse.applyOrElse(PartialFunction.scala:175)
	at scala.PartialFunction$OrElse.applyOrElse(PartialFunction.scala:176)
	at org.apache.pekko.actor.Actor.aroundReceive(Actor.scala:547)
	at org.apache.pekko.actor.Actor.aroundReceive$(Actor.scala:545)
	at org.apache.pekko.actor.AbstractActor.aroundReceive(AbstractActor.scala:229)
	at org.apache.pekko.actor.ActorCell.receiveMessage(ActorCell.scala:590)
	at org.apache.pekko.actor.ActorCell.invoke(ActorCell.scala:557)
	at org.apache.pekko.dispatch.Mailbox.processMailbox(Mailbox.scala:280)
	at org.apache.pekko.dispatch.Mailbox.run(Mailbox.scala:241)
	at java.base/java.util.concurrent.ThreadPoolExecutor.runWorker(ThreadPoolExecutor.java:1128)
	at java.base/java.util.concurrent.ThreadPoolExecutor$Worker.run(ThreadPoolExecutor.java:628)
	at java.base/java.lang.Thread.run(Thread.java:834)

2025-02-17 17:42:35.894  INFO [org.apache.pekko.actor.CoordinatedShutdown:108] Running CoordinatedShutdown with reason [ActorSystemTerminateReason] 
2025-02-17 17:42:35.908  INFO [org.apache.flink.runtime.rpc.pekko.PekkoRpcActor:149] The RpcEndpoint MetricQueryService failed. java.lang.NullPointerException: null
	at java.base/java.util.HashMap.putMapEntries(HashMap.java:496)
	at java.base/java.util.HashMap.putAll(HashMap.java:780)
	at java.base/java.util.Collections$SynchronizedMap.putAll(Collections.java:2602)
	at ch.qos.logback.classic.util.LogbackMDCAdapter.setContextMap(LogbackMDCAdapter.java:197)
	at org.slf4j.MDC.setContextMap(MDC.java:264)
	at org.apache.flink.util.MdcUtils.lambda$withContext$0(MdcUtils.java:48)
	at org.apache.flink.runtime.rpc.pekko.PekkoRpcActor.handleControlMessage(PekkoRpcActor.java:208)
	at org.apache.pekko.japi.pf.UnitCaseStatement.apply(CaseStatements.scala:33)
	at org.apache.pekko.japi.pf.UnitCaseStatement.apply(CaseStatements.scala:29)
	at scala.PartialFunction.applyOrElse(PartialFunction.scala:127)
	at scala.PartialFunction.applyOrElse$(PartialFunction.scala:126)
	at org.apache.pekko.japi.pf.UnitCaseStatement.applyOrElse(CaseStatements.scala:29)
	at scala.PartialFunction$OrElse.applyOrElse(PartialFunction.scala:175)
	at scala.PartialFunction$OrElse.applyOrElse(PartialFunction.scala:176)
	at org.apache.pekko.actor.Actor.aroundReceive(Actor.scala:547)
	at org.apache.pekko.actor.Actor.aroundReceive$(Actor.scala:545)
	at org.apache.pekko.actor.AbstractActor.aroundReceive(AbstractActor.scala:229)
	at org.apache.pekko.actor.ActorCell.receiveMessage(ActorCell.scala:590)
	at org.apache.pekko.actor.ActorCell.invoke(ActorCell.scala:557)
	at org.apache.pekko.dispatch.Mailbox.processMailbox(Mailbox.scala:280)
	at org.apache.pekko.dispatch.Mailbox.run(Mailbox.scala:241)
	at java.base/java.util.concurrent.ThreadPoolExecutor.runWorker(ThreadPoolExecutor.java:1128)
	at java.base/java.util.concurrent.ThreadPoolExecutor$Worker.run(ThreadPoolExecutor.java:628)
	at java.base/java.lang.Thread.run(Thread.java:834)

2025-02-17 17:42:36.021  INFO [org.apache.flink.runtime.security.token.DefaultDelegationTokenManager:127] Loading delegation token providers 
2025-02-17 17:42:36.080  INFO [org.apache.flink.runtime.security.token.hadoop.HadoopFSDelegationTokenProvider:78] Hadoop FS is not available (not packaged with this application): NoClassDefFoundError : "org/apache/hadoop/hdfs/HdfsConfiguration". 
2025-02-17 17:42:36.081  INFO [org.apache.flink.runtime.security.token.DefaultDelegationTokenManager:135] Delegation token provider hadoopfs loaded and initialized 
2025-02-17 17:42:36.104  INFO [org.apache.flink.runtime.security.token.DefaultDelegationTokenManager:135] Delegation token provider hbase loaded and initialized 
2025-02-17 17:42:36.105  INFO [org.apache.flink.runtime.security.token.DefaultDelegationTokenManager:165] Delegation token providers loaded successfully 
2025-02-17 17:42:36.113  INFO [org.apache.flink.runtime.security.token.DelegationTokenReceiverRepository:64] Loading delegation token receivers 
2025-02-17 17:42:36.151  INFO [org.apache.flink.runtime.security.token.DelegationTokenReceiverRepository:72] Delegation token receiver hadoopfs loaded and initialized 
2025-02-17 17:42:36.158  INFO [org.apache.flink.runtime.security.token.DelegationTokenReceiverRepository:72] Delegation token receiver hbase loaded and initialized 
2025-02-17 17:42:36.159  INFO [org.apache.flink.runtime.security.token.DelegationTokenReceiverRepository:101] Delegation token receivers loaded successfully 
2025-02-17 17:42:36.159  INFO [org.apache.flink.runtime.security.token.DefaultDelegationTokenManager:189] Checking provider and receiver instances consistency 
2025-02-17 17:42:36.160  INFO [org.apache.flink.runtime.security.token.DefaultDelegationTokenManager:209] Provider and receiver instances are consistent 
2025-02-17 17:42:36.161  INFO [org.apache.flink.runtime.security.token.DefaultDelegationTokenManager:240] Obtaining delegation tokens 
2025-02-17 17:42:36.173  INFO [org.apache.flink.runtime.security.token.DefaultDelegationTokenManager:243] Delegation tokens obtained successfully 
2025-02-17 17:42:36.173  WARN [org.apache.flink.runtime.security.token.DefaultDelegationTokenManager:248] No tokens obtained so skipping notifications 
2025-02-17 17:42:36.174  INFO [org.apache.flink.runtime.security.token.DelegationTokenReceiverRepository:64] Loading delegation token receivers 
2025-02-17 17:42:36.185  INFO [org.apache.flink.runtime.security.token.DelegationTokenReceiverRepository:72] Delegation token receiver hadoopfs loaded and initialized 
2025-02-17 17:42:36.186  INFO [org.apache.flink.runtime.security.token.DelegationTokenReceiverRepository:72] Delegation token receiver hbase loaded and initialized 
2025-02-17 17:42:36.187  INFO [org.apache.flink.runtime.security.token.DelegationTokenReceiverRepository:101] Delegation token receivers loaded successfully 
2025-02-17 17:42:36.337  INFO [org.apache.flink.runtime.blob.BlobServer:164] Created BLOB server storage directory C:\Users\w7178930\AppData\Local\Temp\minicluster_14d4588177266453d7e09c978134409f\blobStorage 
2025-02-17 17:42:36.365  INFO [org.apache.flink.runtime.blob.BlobServer:238] Started BLOB server at 0.0.0.0:56244 - max concurrent requests: 50 - max backlog: 1000 
2025-02-17 17:42:36.424  INFO [org.apache.flink.runtime.blob.PermanentBlobCache:93] Created BLOB cache storage directory C:\Users\w7178930\AppData\Local\Temp\minicluster_14d4588177266453d7e09c978134409f\blobStorage 
2025-02-17 17:42:36.434  INFO [org.apache.flink.runtime.blob.TransientBlobCache:93] Created BLOB cache storage directory C:\Users\w7178930\AppData\Local\Temp\minicluster_14d4588177266453d7e09c978134409f\blobStorage 
2025-02-17 17:42:36.437  INFO [org.apache.flink.runtime.minicluster.MiniCluster:745] Starting 1 TaskManager(s) 
2025-02-17 17:42:36.480  INFO [org.apache.flink.runtime.taskexecutor.TaskManagerRunner:609] Starting TaskManager with ResourceID: 6cdc8605-aaee-4fe1-ae2f-2171e2a6aa62 
2025-02-17 17:42:36.740  INFO [org.apache.flink.runtime.taskexecutor.TaskManagerServices:553] Temporary file directory 'C:\Users\w7178930\AppData\Local\Temp': total 471 GB, usable 240 GB (50,96% usable) 
2025-02-17 17:42:36.795  INFO [org.apache.flink.runtime.io.disk.iomanager.IOManager:63] Created a new FileChannelManager for spilling of task related data to disk (joins, sorting, ...). Used directories:
	C:\Users\w7178930\AppData\Local\Temp\flink-io-a03d73c6-9ea4-49a1-a730-a7f30cbcf7a2 
2025-02-17 17:42:36.924  INFO [org.apache.flink.runtime.io.network.NettyShuffleServiceFactory:170] Created a new FileChannelManager for storing result partitions of BLOCKING shuffles. Used directories:
	C:\Users\w7178930\AppData\Local\Temp\flink-netty-shuffle-a3e5036a-ad15-49f4-992e-1ca6229dc4d5 
2025-02-17 17:42:37.061  INFO [org.apache.flink.runtime.io.network.buffer.NetworkBufferPool:156] Allocated 64 MB for network buffer pool (number of memory segments: 2048, bytes per segment: 32768). 
2025-02-17 17:42:37.197  INFO [org.apache.flink.runtime.io.network.NettyShuffleEnvironment:362] Starting the network environment and its components. 
2025-02-17 17:42:37.198  INFO [org.apache.flink.runtime.taskexecutor.TaskManagerServices:353] TaskManager data connection initialized successfully; listening internally on port: -1 
2025-02-17 17:42:37.213  INFO [org.apache.flink.runtime.taskexecutor.KvStateService:92] Starting the kvState service and its components. 
2025-02-17 17:42:37.698  INFO [org.apache.flink.configuration.Configuration:985] Config uses fallback configuration key 'pekko.ask.timeout' instead of key 'taskmanager.slot.timeout' 
2025-02-17 17:42:37.866  INFO [org.apache.flink.runtime.rpc.pekko.PekkoRpcService:273] Starting RPC endpoint for org.apache.flink.runtime.taskexecutor.TaskExecutor at pekko://flink/user/rpc/taskmanager_0 . 
2025-02-17 17:42:38.035  INFO [org.apache.flink.runtime.taskexecutor.DefaultJobLeaderService:127] Start job leader service. 
2025-02-17 17:42:38.037  INFO [org.apache.flink.runtime.filecache.FileCache:116] User file cache uses directory C:\Users\w7178930\AppData\Local\Temp\flink-dist-cache-b36e3456-8592-47c4-b9a5-fe2aaf9145e6 
2025-02-17 17:42:38.039  WARN [org.apache.flink.runtime.rpc.pekko.SupervisorActor:144] RpcActor pekko://flink/user/rpc/taskmanager_0 has failed. Shutting it down now. java.lang.NullPointerException: null
	at java.base/java.util.HashMap.putMapEntries(HashMap.java:496)
	at java.base/java.util.HashMap.putAll(HashMap.java:780)
	at java.base/java.util.Collections$SynchronizedMap.putAll(Collections.java:2602)
	at ch.qos.logback.classic.util.LogbackMDCAdapter.setContextMap(LogbackMDCAdapter.java:197)
	at org.slf4j.MDC.setContextMap(MDC.java:264)
	at org.apache.flink.util.MdcUtils.lambda$withContext$0(MdcUtils.java:48)
	at org.apache.flink.runtime.rpc.pekko.PekkoRpcActor.handleControlMessage(PekkoRpcActor.java:208)
	at org.apache.pekko.japi.pf.UnitCaseStatement.apply(CaseStatements.scala:33)
	at org.apache.pekko.japi.pf.UnitCaseStatement.apply(CaseStatements.scala:29)
	at scala.PartialFunction.applyOrElse(PartialFunction.scala:127)
	at scala.PartialFunction.applyOrElse$(PartialFunction.scala:126)
	at org.apache.pekko.japi.pf.UnitCaseStatement.applyOrElse(CaseStatements.scala:29)
	at scala.PartialFunction$OrElse.applyOrElse(PartialFunction.scala:175)
	at scala.PartialFunction$OrElse.applyOrElse(PartialFunction.scala:176)
	at org.apache.pekko.actor.Actor.aroundReceive(Actor.scala:547)
	at org.apache.pekko.actor.Actor.aroundReceive$(Actor.scala:545)
	at org.apache.pekko.actor.AbstractActor.aroundReceive(AbstractActor.scala:229)
	at org.apache.pekko.actor.ActorCell.receiveMessage(ActorCell.scala:590)
	at org.apache.pekko.actor.ActorCell.invoke(ActorCell.scala:557)
	at org.apache.pekko.dispatch.Mailbox.processMailbox(Mailbox.scala:280)
	at org.apache.pekko.dispatch.Mailbox.run(Mailbox.scala:241)
	at org.apache.pekko.dispatch.Mailbox.exec(Mailbox.scala:253)
	at java.base/java.util.concurrent.ForkJoinTask.doExec$$$capture(ForkJoinTask.java:290)
	at java.base/java.util.concurrent.ForkJoinTask.doExec(ForkJoinTask.java)
	at java.base/java.util.concurrent.ForkJoinPool$WorkQueue.topLevelExec(ForkJoinPool.java:1020)
	at java.base/java.util.concurrent.ForkJoinPool.scan(ForkJoinPool.java:1656)
	at java.base/java.util.concurrent.ForkJoinPool.runWorker(ForkJoinPool.java:1594)
	at java.base/java.util.concurrent.ForkJoinWorkerThread.run(ForkJoinWorkerThread.java:177)

2025-02-17 17:42:38.045  INFO [org.apache.pekko.actor.CoordinatedShutdown:108] Running CoordinatedShutdown with reason [ActorSystemTerminateReason] 
2025-02-17 17:42:38.046  INFO [org.apache.flink.runtime.rpc.pekko.PekkoRpcActor:149] The RpcEndpoint taskmanager_0 failed. java.lang.NullPointerException: null
	at java.base/java.util.HashMap.putMapEntries(HashMap.java:496)
	at java.base/java.util.HashMap.putAll(HashMap.java:780)
	at java.base/java.util.Collections$SynchronizedMap.putAll(Collections.java:2602)
	at ch.qos.logback.classic.util.LogbackMDCAdapter.setContextMap(LogbackMDCAdapter.java:197)
	at org.slf4j.MDC.setContextMap(MDC.java:264)
	at org.apache.flink.util.MdcUtils.lambda$withContext$0(MdcUtils.java:48)
	at org.apache.flink.runtime.rpc.pekko.PekkoRpcActor.handleControlMessage(PekkoRpcActor.java:208)
	at org.apache.pekko.japi.pf.UnitCaseStatement.apply(CaseStatements.scala:33)
	at org.apache.pekko.japi.pf.UnitCaseStatement.apply(CaseStatements.scala:29)
	at scala.PartialFunction.applyOrElse(PartialFunction.scala:127)
	at scala.PartialFunction.applyOrElse$(PartialFunction.scala:126)
	at org.apache.pekko.japi.pf.UnitCaseStatement.applyOrElse(CaseStatements.scala:29)
	at scala.PartialFunction$OrElse.applyOrElse(PartialFunction.scala:175)
	at scala.PartialFunction$OrElse.applyOrElse(PartialFunction.scala:176)
	at org.apache.pekko.actor.Actor.aroundReceive(Actor.scala:547)
	at org.apache.pekko.actor.Actor.aroundReceive$(Actor.scala:545)
	at org.apache.pekko.actor.AbstractActor.aroundReceive(AbstractActor.scala:229)
	at org.apache.pekko.actor.ActorCell.receiveMessage(ActorCell.scala:590)
	at org.apache.pekko.actor.ActorCell.invoke(ActorCell.scala:557)
	at org.apache.pekko.dispatch.Mailbox.processMailbox(Mailbox.scala:280)
	at org.apache.pekko.dispatch.Mailbox.run(Mailbox.scala:241)
	at org.apache.pekko.dispatch.Mailbox.exec(Mailbox.scala:253)
	at java.base/java.util.concurrent.ForkJoinTask.doExec$$$capture(ForkJoinTask.java:290)
	at java.base/java.util.concurrent.ForkJoinTask.doExec(ForkJoinTask.java)
	at java.base/java.util.concurrent.ForkJoinPool$WorkQueue.topLevelExec(ForkJoinPool.java:1020)
	at java.base/java.util.concurrent.ForkJoinPool.scan(ForkJoinPool.java:1656)
	at java.base/java.util.concurrent.ForkJoinPool.runWorker(ForkJoinPool.java:1594)
	at java.base/java.util.concurrent.ForkJoinWorkerThread.run(ForkJoinWorkerThread.java:177)

2025-02-17 17:42:38.902  INFO [org.apache.flink.runtime.dispatcher.DispatcherRestEndpoint:182] Starting rest endpoint. 
2025-02-17 17:42:38.926  INFO [org.apache.flink.runtime.dispatcher.DispatcherRestEndpoint:124] Failed to load web based job submission extension. Probable reason: flink-runtime-web is not in the classpath. 
2025-02-17 17:42:43.368  WARN [org.apache.flink.runtime.webmonitor.WebMonitorUtils:76] Log file environment variable 'log.file' is not set. 
2025-02-17 17:42:43.369  WARN [org.apache.flink.runtime.webmonitor.WebMonitorUtils:82] JobManager log files are unavailable in the web dashboard. Log file location not found in environment variable 'log.file' or configuration key 'web.log.path'. 
2025-02-17 17:42:46.106  INFO [org.apache.flink.runtime.dispatcher.DispatcherRestEndpoint:308] Rest endpoint listening at localhost:56296 
2025-02-17 17:42:46.108  INFO [org.apache.flink.runtime.highavailability.nonha.embedded.EmbeddedLeaderService:314] Proposing leadership to the contender that is registered under component ID 'rest_server'. 
2025-02-17 17:42:46.124  INFO [org.apache.flink.runtime.dispatcher.DispatcherRestEndpoint:1212] http://localhost:56296 was granted leadership with leaderSessionID=fcd98427-5f21-4195-b79d-ead5f255c20e 
2025-02-17 17:42:46.124  INFO [org.apache.flink.runtime.highavailability.nonha.embedded.EmbeddedLeaderService:261] Received confirmation of leadership for leader http://localhost:56296 , session=fcd98427-5f21-4195-b79d-ead5f255c20e 
2025-02-17 17:42:46.292  INFO [org.apache.flink.runtime.highavailability.nonha.embedded.EmbeddedLeaderService:314] Proposing leadership to the contender that is registered under component ID 'dispatcher'. 
2025-02-17 17:42:46.294  INFO [org.apache.flink.runtime.resourcemanager.ResourceManagerServiceImpl:118] Starting resource manager service. 
2025-02-17 17:42:46.294  INFO [org.apache.flink.runtime.dispatcher.runner.DefaultDispatcherRunner:114] DefaultDispatcherRunner was granted leadership with leader id ccbfc833-cdbf-4c69-b5af-af7a29a6dcfa. Creating new DispatcherLeaderProcess. 
2025-02-17 17:42:46.296  INFO [org.apache.flink.runtime.highavailability.nonha.embedded.EmbeddedLeaderService:314] Proposing leadership to the contender that is registered under component ID 'resource_manager'. 
2025-02-17 17:42:46.298  INFO [org.apache.flink.runtime.resourcemanager.ResourceManagerServiceImpl:198] Resource manager service is granted leadership with session id 9b80d22c-5245-4f8a-8d93-6102bfb317d6. 
2025-02-17 17:42:46.300  INFO [org.apache.flink.runtime.dispatcher.runner.SessionDispatcherLeaderProcess:99] Start SessionDispatcherLeaderProcess. 
2025-02-17 17:42:46.306  INFO [org.apache.flink.runtime.dispatcher.runner.SessionDispatcherLeaderProcess:144] Recover all persisted job graphs that are not finished, yet. 
2025-02-17 17:42:46.306  INFO [org.apache.flink.runtime.dispatcher.runner.SessionDispatcherLeaderProcess:158] Successfully recovered 0 persisted job graphs. 
2025-02-17 17:42:46.319  WARN [org.apache.flink.runtime.minicluster.MiniCluster:1510] Error in MiniCluster. Shutting the MiniCluster down. org.apache.flink.util.FlinkException: Cannot start resource manager.
	at org.apache.flink.runtime.resourcemanager.ResourceManagerServiceImpl.lambda$grantLeadership$2(ResourceManagerServiceImpl.java:205)
	at java.base/java.util.concurrent.ThreadPoolExecutor.runWorker(ThreadPoolExecutor.java:1128)
	at java.base/java.util.concurrent.ThreadPoolExecutor$Worker.run(ThreadPoolExecutor.java:628)
	at java.base/java.lang.Thread.run(Thread.java:834)
Caused by: java.util.concurrent.CompletionException: org.apache.pekko.pattern.AskTimeoutException: Recipient [Actor[pekko://flink/user/rpc#-635215674]] had already been terminated. Message of type [org.apache.flink.runtime.rpc.pekko.SupervisorActor$StartRpcActor].
	at java.base/java.util.concurrent.CompletableFuture.encodeThrowable(CompletableFuture.java:331)
	at java.base/java.util.concurrent.CompletableFuture.uniApplyNow(CompletableFuture.java:670)
	at java.base/java.util.concurrent.CompletableFuture.uniApplyStage(CompletableFuture.java:658)
	at java.base/java.util.concurrent.CompletableFuture.thenApplyAsync(CompletableFuture.java:2099)
	at scala.concurrent.java8.FuturesConvertersImpl$CF.thenApply(FutureConvertersImpl.scala:35)
	at org.apache.flink.runtime.rpc.pekko.SupervisorActor.startRpcActor(SupervisorActor.java:205)
	at org.apache.flink.runtime.rpc.pekko.PekkoRpcService.registerRpcActor(PekkoRpcService.java:354)
	at org.apache.flink.runtime.rpc.pekko.PekkoRpcService.startServer(PekkoRpcService.java:268)
	at org.apache.flink.runtime.rpc.RpcEndpoint.<init>(RpcEndpoint.java:147)
	at org.apache.flink.runtime.rpc.FencedRpcEndpoint.<init>(FencedRpcEndpoint.java:44)
	at org.apache.flink.runtime.rpc.FencedRpcEndpoint.<init>(FencedRpcEndpoint.java:53)
	at org.apache.flink.runtime.resourcemanager.ResourceManager.<init>(ResourceManager.java:195)
	at org.apache.flink.runtime.resourcemanager.StandaloneResourceManager.<init>(StandaloneResourceManager.java:73)
	at org.apache.flink.runtime.resourcemanager.StandaloneResourceManagerFactory.createResourceManager(StandaloneResourceManagerFactory.java:92)
	at org.apache.flink.runtime.resourcemanager.ResourceManagerFactory.createResourceManager(ResourceManagerFactory.java:103)
	at org.apache.flink.runtime.resourcemanager.ResourceManagerServiceImpl.startNewLeaderResourceManager(ResourceManagerServiceImpl.java:254)
	at org.apache.flink.runtime.resourcemanager.ResourceManagerServiceImpl.lambda$grantLeadership$2(ResourceManagerServiceImpl.java:203)
	... 3 common frames omitted
Caused by: org.apache.pekko.pattern.AskTimeoutException: Recipient [Actor[pekko://flink/user/rpc#-635215674]] had already been terminated. Message of type [org.apache.flink.runtime.rpc.pekko.SupervisorActor$StartRpcActor].

2025-02-17 17:42:46.324  INFO [org.apache.flink.runtime.dispatcher.runner.SessionDispatcherLeaderProcess:136] Stopping SessionDispatcherLeaderProcess. 
2025-02-17 17:42:46.326  WARN [org.apache.flink.runtime.minicluster.MiniCluster:1510] Error in MiniCluster. Shutting the MiniCluster down. java.util.concurrent.CompletionException: org.apache.flink.util.FlinkRuntimeException: Could not create the Dispatcher rpc endpoint.
	at java.base/java.util.concurrent.CompletableFuture.encodeThrowable(CompletableFuture.java:314)
	at java.base/java.util.concurrent.CompletableFuture.completeThrowable(CompletableFuture.java:319)
	at java.base/java.util.concurrent.CompletableFuture.biAccept(CompletableFuture.java:1314)
	at java.base/java.util.concurrent.CompletableFuture$BiAccept.tryFire(CompletableFuture.java:1280)
	at java.base/java.util.concurrent.CompletableFuture.postComplete(CompletableFuture.java:506)
	at java.base/java.util.concurrent.CompletableFuture.postFire(CompletableFuture.java:610)
	at java.base/java.util.concurrent.CompletableFuture$UniApply.tryFire(CompletableFuture.java:649)
	at java.base/java.util.concurrent.CompletableFuture$Completion.run(CompletableFuture.java:478)
	at java.base/java.util.concurrent.ThreadPoolExecutor.runWorker(ThreadPoolExecutor.java:1128)
	at java.base/java.util.concurrent.ThreadPoolExecutor$Worker.run(ThreadPoolExecutor.java:628)
	at java.base/java.lang.Thread.run(Thread.java:834)
Caused by: org.apache.flink.util.FlinkRuntimeException: Could not create the Dispatcher rpc endpoint.
	at org.apache.flink.runtime.dispatcher.runner.DefaultDispatcherGatewayServiceFactory.create(DefaultDispatcherGatewayServiceFactory.java:76)
	at org.apache.flink.runtime.dispatcher.runner.SessionDispatcherLeaderProcess.createDispatcher(SessionDispatcherLeaderProcess.java:111)
	at org.apache.flink.runtime.dispatcher.runner.SessionDispatcherLeaderProcess.lambda$createDispatcherIfRunning$0(SessionDispatcherLeaderProcess.java:104)
	at org.apache.flink.runtime.dispatcher.runner.AbstractDispatcherLeaderProcess.runIfState(AbstractDispatcherLeaderProcess.java:222)
	at org.apache.flink.runtime.dispatcher.runner.AbstractDispatcherLeaderProcess.runIfStateIs(AbstractDispatcherLeaderProcess.java:212)
	at org.apache.flink.runtime.dispatcher.runner.SessionDispatcherLeaderProcess.createDispatcherIfRunning(SessionDispatcherLeaderProcess.java:104)
	at java.base/java.util.concurrent.CompletableFuture.biAccept(CompletableFuture.java:1311)
	... 8 common frames omitted
Caused by: java.util.concurrent.CompletionException: org.apache.pekko.pattern.AskTimeoutException: Recipient [Actor[pekko://flink/user/rpc#-635215674]] had already been terminated. Message of type [org.apache.flink.runtime.rpc.pekko.SupervisorActor$StartRpcActor].
	at java.base/java.util.concurrent.CompletableFuture.encodeThrowable(CompletableFuture.java:331)
	at java.base/java.util.concurrent.CompletableFuture.uniApplyNow(CompletableFuture.java:670)
	at java.base/java.util.concurrent.CompletableFuture.uniApplyStage(CompletableFuture.java:658)
	at java.base/java.util.concurrent.CompletableFuture.thenApplyAsync(CompletableFuture.java:2099)
	at scala.concurrent.java8.FuturesConvertersImpl$CF.thenApply(FutureConvertersImpl.scala:35)
	at org.apache.flink.runtime.rpc.pekko.SupervisorActor.startRpcActor(SupervisorActor.java:205)
	at org.apache.flink.runtime.rpc.pekko.PekkoRpcService.registerRpcActor(PekkoRpcService.java:354)
	at org.apache.flink.runtime.rpc.pekko.PekkoRpcService.startServer(PekkoRpcService.java:268)
	at org.apache.flink.runtime.rpc.RpcEndpoint.<init>(RpcEndpoint.java:147)
	at org.apache.flink.runtime.rpc.FencedRpcEndpoint.<init>(FencedRpcEndpoint.java:44)
	at org.apache.flink.runtime.rpc.FencedRpcEndpoint.<init>(FencedRpcEndpoint.java:53)
	at org.apache.flink.runtime.dispatcher.Dispatcher.<init>(Dispatcher.java:269)
	at org.apache.flink.runtime.dispatcher.Dispatcher.<init>(Dispatcher.java:247)
	at org.apache.flink.runtime.dispatcher.Dispatcher.<init>(Dispatcher.java:228)
	at org.apache.flink.runtime.dispatcher.StandaloneDispatcher.<init>(StandaloneDispatcher.java:42)
	at org.apache.flink.runtime.dispatcher.SessionDispatcherFactory.createDispatcher(SessionDispatcherFactory.java:49)
	at org.apache.flink.runtime.dispatcher.SessionDispatcherFactory.createDispatcher(SessionDispatcherFactory.java:29)
	at org.apache.flink.runtime.dispatcher.runner.DefaultDispatcherGatewayServiceFactory.create(DefaultDispatcherGatewayServiceFactory.java:66)
	... 14 common frames omitted
Caused by: org.apache.pekko.pattern.AskTimeoutException: Recipient [Actor[pekko://flink/user/rpc#-635215674]] had already been terminated. Message of type [org.apache.flink.runtime.rpc.pekko.SupervisorActor$StartRpcActor].

2025-02-17 17:42:46.326  INFO [org.apache.flink.runtime.minicluster.MiniCluster:510] Flink Mini Cluster started successfully 
2025-02-17 17:42:46.327  INFO [org.apache.flink.runtime.minicluster.MiniCluster:664] Shutting down Flink Mini Cluster 
2025-02-17 17:42:46.335  INFO [org.apache.flink.runtime.dispatcher.DispatcherRestEndpoint:378] Shutting down rest endpoint. 
2025-02-17 17:42:46.477  INFO [org.apache.flink.runtime.dispatcher.DispatcherRestEndpoint:1186] Removing cache directory C:\Users\w7178930\AppData\Local\Temp\flink-web-ui 
2025-02-17 17:42:46.479  INFO [org.apache.flink.runtime.dispatcher.DispatcherRestEndpoint:1221] http://localhost:56296 lost leadership 
2025-02-17 17:42:46.480  INFO [org.apache.flink.runtime.dispatcher.DispatcherRestEndpoint:386] Shut down complete. 
2025-02-17 17:42:46.480  WARN [org.apache.flink.runtime.resourcemanager.ResourceManagerServiceImpl:158] Cannot deregister application. Resource manager service is not available. 
2025-02-17 17:42:46.480  INFO [org.apache.flink.runtime.entrypoint.component.DispatcherResourceManagerComponent:165] Closing components. 
2025-02-17 17:42:46.481  INFO [org.apache.flink.runtime.resourcemanager.ResourceManagerServiceImpl:166] Stopping resource manager service. 
2025-02-17 17:42:46.481  INFO [org.apache.flink.runtime.resourcemanager.ResourceManagerServiceImpl:218] Resource manager service is not running. Ignore revoking leadership. 
2025-02-17 17:42:46.487  INFO [org.apache.flink.runtime.rpc.pekko.PekkoRpcService:417] Stopping Pekko RPC service. 
2025-02-17 17:42:46.493  INFO [org.apache.flink.runtime.rpc.pekko.PekkoRpcService:417] Stopping Pekko RPC service. 
2025-02-17 17:42:46.494  INFO [org.apache.flink.runtime.rpc.pekko.PekkoRpcService:438] Stopped Pekko RPC service. 
2025-02-17 17:42:46.494  INFO [org.apache.flink.runtime.blob.PermanentBlobCache:251] Shutting down BLOB cache 
2025-02-17 17:42:46.496  INFO [org.apache.flink.runtime.blob.TransientBlobCache:251] Shutting down BLOB cache 
2025-02-17 17:42:46.498  INFO [org.apache.flink.runtime.blob.BlobServer:397] Stopped BLOB server at 0.0.0.0:56244 
2025-02-17 17:42:46.504  INFO [org.apache.flink.runtime.rpc.pekko.PekkoRpcService:438] Stopped Pekko RPC service. 
2025-02-17 17:42:46.666 ERROR [za.co.woolworths.itemkafka_poc.service.FlinkJobService:72] Error running Simple Flink Job: MiniCluster is not yet running or has already been shut down. java.lang.IllegalStateException: MiniCluster is not yet running or has already been shut down.
	at org.apache.flink.util.Preconditions.checkState(Preconditions.java:193)
	at org.apache.flink.runtime.minicluster.MiniCluster.getDispatcherGatewayFuture(MiniCluster.java:1119)
	at org.apache.flink.runtime.minicluster.MiniCluster.submitJob(MiniCluster.java:1073)
	at org.apache.flink.client.program.PerJobMiniClusterFactory.submitJob(PerJobMiniClusterFactory.java:79)
	at org.apache.flink.client.deployment.executors.LocalExecutor.execute(LocalExecutor.java:84)
	at org.apache.flink.streaming.api.environment.StreamExecutionEnvironment.executeAsync(StreamExecutionEnvironment.java:2472)
	at org.apache.flink.streaming.api.environment.StreamExecutionEnvironment.execute(StreamExecutionEnvironment.java:2351)
	at org.apache.flink.streaming.api.environment.LocalStreamEnvironment.execute(LocalStreamEnvironment.java:68)
	at org.apache.flink.streaming.api.environment.StreamExecutionEnvironment.execute(StreamExecutionEnvironment.java:2325)
	at za.co.woolworths.itemkafka_poc.service.FlinkJobService.lambda$runSimpleJob$2(FlinkJobService.java:70)
	at za.co.woolworths.itemkafka_poc.service.FlinkJobService.runFlinkJobWithLogging(FlinkJobService.java:25)
	at za.co.woolworths.itemkafka_poc.service.FlinkJobService.runSimpleJob(FlinkJobService.java:57)
	at za.co.woolworths.itemkafka_poc.controller.FlinkJobController.triggerFlinkSimpleJob(FlinkJobController.java:54)
	at java.base/jdk.internal.reflect.NativeMethodAccessorImpl.invoke0(Native Method)
	at java.base/jdk.internal.reflect.NativeMethodAccessorImpl.invoke(NativeMethodAccessorImpl.java:62)
	at java.base/jdk.internal.reflect.DelegatingMethodAccessorImpl.invoke(DelegatingMethodAccessorImpl.java:43)
	at java.base/java.lang.reflect.Method.invoke(Method.java:566)
	at org.springframework.web.method.support.InvocableHandlerMethod.doInvoke(InvocableHandlerMethod.java:205)
	at org.springframework.web.method.support.InvocableHandlerMethod.invokeForRequest(InvocableHandlerMethod.java:150)
	at org.springframework.web.servlet.mvc.method.annotation.ServletInvocableHandlerMethod.invokeAndHandle(ServletInvocableHandlerMethod.java:117)
	at org.springframework.web.servlet.mvc.method.annotation.RequestMappingHandlerAdapter.invokeHandlerMethod(RequestMappingHandlerAdapter.java:895)
	at org.springframework.web.servlet.mvc.method.annotation.RequestMappingHandlerAdapter.handleInternal(RequestMappingHandlerAdapter.java:808)
	at org.springframework.web.servlet.mvc.method.AbstractHandlerMethodAdapter.handle(AbstractHandlerMethodAdapter.java:87)
	at org.springframework.web.servlet.DispatcherServlet.doDispatch(DispatcherServlet.java:1067)
	at org.springframework.web.servlet.DispatcherServlet.doService(DispatcherServlet.java:963)
	at org.springframework.web.servlet.FrameworkServlet.processRequest(FrameworkServlet.java:1006)
	at org.springframework.web.servlet.FrameworkServlet.doPost(FrameworkServlet.java:909)
	at javax.servlet.http.HttpServlet.service(HttpServlet.java:681)
	at org.springframework.web.servlet.FrameworkServlet.service(FrameworkServlet.java:883)
	at javax.servlet.http.HttpServlet.service(HttpServlet.java:764)
	at org.apache.catalina.core.ApplicationFilterChain.internalDoFilter(ApplicationFilterChain.java:227)
	at org.apache.catalina.core.ApplicationFilterChain.doFilter(ApplicationFilterChain.java:162)
	at org.apache.tomcat.websocket.server.WsFilter.doFilter(WsFilter.java:53)
	at org.apache.catalina.core.ApplicationFilterChain.internalDoFilter(ApplicationFilterChain.java:189)
	at org.apache.catalina.core.ApplicationFilterChain.doFilter(ApplicationFilterChain.java:162)
	at org.springframework.boot.actuate.metrics.web.servlet.WebMvcMetricsFilter.doFilterInternal(WebMvcMetricsFilter.java:96)
	at org.springframework.web.filter.OncePerRequestFilter.doFilter(OncePerRequestFilter.java:117)
	at org.apache.catalina.core.ApplicationFilterChain.internalDoFilter(ApplicationFilterChain.java:189)
	at org.apache.catalina.core.ApplicationFilterChain.doFilter(ApplicationFilterChain.java:162)
	at org.springframework.web.filter.CharacterEncodingFilter.doFilterInternal(CharacterEncodingFilter.java:201)
	at org.springframework.web.filter.OncePerRequestFilter.doFilter(OncePerRequestFilter.java:117)
	at org.apache.catalina.core.ApplicationFilterChain.internalDoFilter(ApplicationFilterChain.java:189)
	at org.apache.catalina.core.ApplicationFilterChain.doFilter(ApplicationFilterChain.java:162)
	at org.apache.catalina.core.StandardWrapperValve.invoke(StandardWrapperValve.java:197)
	at org.apache.catalina.core.StandardContextValve.invoke(StandardContextValve.java:97)
	at org.apache.catalina.authenticator.AuthenticatorBase.invoke(AuthenticatorBase.java:541)
	at org.apache.catalina.core.StandardHostValve.invoke(StandardHostValve.java:135)
	at org.apache.catalina.valves.ErrorReportValve.invoke(ErrorReportValve.java:92)
	at org.apache.catalina.core.StandardEngineValve.invoke(StandardEngineValve.java:78)
	at org.apache.catalina.connector.CoyoteAdapter.service(CoyoteAdapter.java:360)
	at org.apache.coyote.http11.Http11Processor.service(Http11Processor.java:399)
	at org.apache.coyote.AbstractProcessorLight.process(AbstractProcessorLight.java:65)
	at org.apache.coyote.AbstractProtocol$ConnectionHandler.process(AbstractProtocol.java:890)
	at org.apache.tomcat.util.net.NioEndpoint$SocketProcessor.doRun(NioEndpoint.java:1787)
	at org.apache.tomcat.util.net.SocketProcessorBase.run(SocketProcessorBase.java:49)
	at org.apache.tomcat.util.threads.ThreadPoolExecutor.runWorker(ThreadPoolExecutor.java:1191)
	at org.apache.tomcat.util.threads.ThreadPoolExecutor$Worker.run(ThreadPoolExecutor.java:659)
	at org.apache.tomcat.util.threads.TaskThread$WrappingRunnable.run(TaskThread.java:61)
	at java.base/java.lang.Thread.run(Thread.java:834)

2025-02-17 17:42:55.185  INFO [za.co.woolworths.itemkafka_poc.service.FlinkJobService:79] Job Flink Simple Job is now COMPLETED 
2025-02-17 17:42:55.195  INFO [za.co.woolworths.itemkafka_poc.controller.FlinkJobController:55] Flink Simple Job executed successfully. 
2025-02-17 17:42:55.215 DEBUG [org.springframework.web.servlet.mvc.method.annotation.HttpEntityMethodProcessor:268] Using 'text/plain', given [*/*] and supported [text/plain, */*, application/json, application/*+json] 
2025-02-17 17:42:55.216 DEBUG [org.springframework.web.servlet.mvc.method.annotation.HttpEntityMethodProcessor:119] Writing ["Flink Simple Job started successfully."] 
2025-02-17 17:42:55.224 DEBUG [org.springframework.web.servlet.DispatcherServlet:1131] Completed 200 OK 
2025-02-17 17:45:47.355  INFO [org.apache.flink.runtime.state.TaskExecutorLocalStateStoresManager:319] Shutting down TaskExecutorLocalStateStoresManager. 
2025-02-17 17:45:47.356  INFO [org.apache.flink.runtime.state.TaskExecutorStateChangelogStoragesManager:234] Shutting down TaskExecutorStateChangelogStoragesManager. 
2025-02-17 17:45:47.355  INFO [org.apache.flink.runtime.state.TaskExecutorFileMergingManager:216] Shutting down TaskExecutorFileMergingManager. 
2025-02-17 17:45:47.357  INFO [org.apache.flink.runtime.filecache.FileCache:160] removed file cache directory C:\Users\w7178930\AppData\Local\Temp\flink-dist-cache-b36e3456-8592-47c4-b9a5-fe2aaf9145e6 
2025-02-17 17:45:47.358  INFO [org.apache.flink.runtime.io.disk.FileChannelManagerImpl:149] FileChannelManager removed spill file directory C:\Users\w7178930\AppData\Local\Temp\flink-netty-shuffle-a3e5036a-ad15-49f4-992e-1ca6229dc4d5 
2025-02-17 17:45:47.358  INFO [org.apache.flink.runtime.io.disk.FileChannelManagerImpl:149] FileChannelManager removed spill file directory C:\Users\w7178930\AppData\Local\Temp\flink-io-a03d73c6-9ea4-49a1-a730-a7f30cbcf7a2 
2025-02-17 17:45:47.883  INFO [org.apache.kafka.clients.consumer.internals.ConsumerCoordinator:338] [Consumer clientId=consumer-item_group-1, groupId=item_group] Revoke previously assigned partitions Item_Topic-0 
2025-02-17 17:45:47.883  INFO [org.apache.kafka.clients.consumer.internals.ConsumerCoordinator:1133] [Consumer clientId=consumer-item_group-2, groupId=item_group] Member consumer-item_group-2-4006f06f-9f23-48a2-84bd-20c5e31af01f sending LeaveGroup request to coordinator W49204302.woolworths.co.za:9092 (id: 2147483647 rack: null) due to the consumer unsubscribed from all topics 
2025-02-17 17:45:47.883  INFO [org.apache.kafka.clients.consumer.internals.ConsumerCoordinator:1133] [Consumer clientId=consumer-item_group-3, groupId=item_group] Member consumer-item_group-3-3bf77cc6-267c-46b6-a990-5dbde110e27a sending LeaveGroup request to coordinator W49204302.woolworths.co.za:9092 (id: 2147483647 rack: null) due to the consumer unsubscribed from all topics 
2025-02-17 17:45:47.884  INFO [org.springframework.kafka.listener.KafkaMessageListenerContainer:292] item_group: partitions revoked: [Item_Topic-0] 
2025-02-17 17:45:47.884  INFO [org.apache.kafka.clients.consumer.internals.ConsumerCoordinator:1133] [Consumer clientId=consumer-item_group-1, groupId=item_group] Member consumer-item_group-1-ee0d2c39-8ca6-4e3b-846b-3c09a69b73a4 sending LeaveGroup request to coordinator W49204302.woolworths.co.za:9092 (id: 2147483647 rack: null) due to the consumer unsubscribed from all topics 
2025-02-17 17:45:47.884  INFO [org.apache.kafka.clients.consumer.internals.ConsumerCoordinator:1025] [Consumer clientId=consumer-item_group-2, groupId=item_group] Resetting generation and member id due to: consumer pro-actively leaving the group 
2025-02-17 17:45:47.884  INFO [org.apache.kafka.clients.consumer.internals.ConsumerCoordinator:1025] [Consumer clientId=consumer-item_group-3, groupId=item_group] Resetting generation and member id due to: consumer pro-actively leaving the group 
2025-02-17 17:45:47.884  INFO [org.apache.kafka.clients.consumer.internals.ConsumerCoordinator:1025] [Consumer clientId=consumer-item_group-1, groupId=item_group] Resetting generation and member id due to: consumer pro-actively leaving the group 
2025-02-17 17:45:47.885  INFO [org.apache.kafka.clients.consumer.internals.ConsumerCoordinator:1072] [Consumer clientId=consumer-item_group-2, groupId=item_group] Request joining group due to: consumer pro-actively leaving the group 
2025-02-17 17:45:47.885  INFO [org.apache.kafka.clients.consumer.internals.ConsumerCoordinator:1072] [Consumer clientId=consumer-item_group-1, groupId=item_group] Request joining group due to: consumer pro-actively leaving the group 
2025-02-17 17:45:47.885  INFO [org.apache.kafka.clients.consumer.internals.ConsumerCoordinator:1072] [Consumer clientId=consumer-item_group-3, groupId=item_group] Request joining group due to: consumer pro-actively leaving the group 
2025-02-17 17:45:47.885  INFO [org.apache.kafka.clients.consumer.KafkaConsumer:1089] [Consumer clientId=consumer-item_group-2, groupId=item_group] Unsubscribed all topics or patterns and assigned partitions 
2025-02-17 17:45:47.885  INFO [org.apache.kafka.clients.consumer.KafkaConsumer:1089] [Consumer clientId=consumer-item_group-1, groupId=item_group] Unsubscribed all topics or patterns and assigned partitions 
2025-02-17 17:45:47.885  INFO [org.apache.kafka.clients.consumer.KafkaConsumer:1089] [Consumer clientId=consumer-item_group-3, groupId=item_group] Unsubscribed all topics or patterns and assigned partitions 
2025-02-17 17:45:47.886  INFO [org.apache.kafka.clients.consumer.internals.ConsumerCoordinator:1025] [Consumer clientId=consumer-item_group-2, groupId=item_group] Resetting generation and member id due to: consumer pro-actively leaving the group 
2025-02-17 17:45:47.886  INFO [org.apache.kafka.clients.consumer.internals.ConsumerCoordinator:1025] [Consumer clientId=consumer-item_group-1, groupId=item_group] Resetting generation and member id due to: consumer pro-actively leaving the group 
2025-02-17 17:45:47.886  INFO [org.apache.kafka.clients.consumer.internals.ConsumerCoordinator:1025] [Consumer clientId=consumer-item_group-3, groupId=item_group] Resetting generation and member id due to: consumer pro-actively leaving the group 
2025-02-17 17:45:47.887  INFO [org.apache.kafka.clients.consumer.internals.ConsumerCoordinator:1072] [Consumer clientId=consumer-item_group-2, groupId=item_group] Request joining group due to: consumer pro-actively leaving the group 
2025-02-17 17:45:47.887  INFO [org.apache.kafka.clients.consumer.internals.ConsumerCoordinator:1072] [Consumer clientId=consumer-item_group-1, groupId=item_group] Request joining group due to: consumer pro-actively leaving the group 
2025-02-17 17:45:47.887  INFO [org.apache.kafka.clients.consumer.internals.ConsumerCoordinator:1072] [Consumer clientId=consumer-item_group-3, groupId=item_group] Request joining group due to: consumer pro-actively leaving the group 
2025-02-17 17:45:47.892  INFO [org.apache.kafka.common.metrics.Metrics:693] Metrics scheduler closed 
2025-02-17 17:45:47.892  INFO [org.apache.kafka.common.metrics.Metrics:697] Closing reporter org.apache.kafka.common.metrics.JmxReporter 
2025-02-17 17:45:47.892  INFO [org.apache.kafka.common.metrics.Metrics:703] Metrics reporters closed 
2025-02-17 17:45:47.897  INFO [org.apache.kafka.common.utils.AppInfoParser:83] App info kafka.consumer for consumer-item_group-2 unregistered 
2025-02-17 17:45:47.897  INFO [org.springframework.kafka.listener.KafkaMessageListenerContainer:292] item_group: Consumer stopped 
2025-02-17 17:45:47.898  INFO [org.apache.kafka.common.metrics.Metrics:693] Metrics scheduler closed 
2025-02-17 17:45:47.898  INFO [org.apache.kafka.common.metrics.Metrics:697] Closing reporter org.apache.kafka.common.metrics.JmxReporter 
2025-02-17 17:45:47.899  INFO [org.apache.kafka.common.metrics.Metrics:703] Metrics reporters closed 
2025-02-17 17:45:47.903  INFO [org.apache.kafka.common.utils.AppInfoParser:83] App info kafka.consumer for consumer-item_group-3 unregistered 
2025-02-17 17:45:47.903  INFO [org.springframework.kafka.listener.KafkaMessageListenerContainer:292] item_group: Consumer stopped 
2025-02-17 17:45:48.157  INFO [org.apache.kafka.common.metrics.Metrics:693] Metrics scheduler closed 
2025-02-17 17:45:48.157  INFO [org.apache.kafka.common.metrics.Metrics:697] Closing reporter org.apache.kafka.common.metrics.JmxReporter 
2025-02-17 17:45:48.157  INFO [org.apache.kafka.common.metrics.Metrics:703] Metrics reporters closed 
2025-02-17 17:45:48.159  INFO [org.apache.kafka.common.utils.AppInfoParser:83] App info kafka.consumer for consumer-item_group-1 unregistered 
2025-02-17 17:45:48.159  INFO [org.springframework.kafka.listener.KafkaMessageListenerContainer:292] item_group: Consumer stopped 
2025-02-17 17:45:48.164  INFO [org.springframework.orm.jpa.LocalContainerEntityManagerFactoryBean:651] Closing JPA EntityManagerFactory for persistence unit 'default' 
2025-02-17 17:45:48.170  INFO [com.zaxxer.hikari.HikariDataSource:350] HikariPool-1 - Shutdown initiated... 
2025-02-17 17:45:48.176  INFO [com.zaxxer.hikari.HikariDataSource:352] HikariPool-1 - Shutdown completed. 
