2025-01-07 16:06:04.882  INFO [org.apache.kafka.clients.consumer.internals.ConsumerCoordinator:310] [Consumer clientId=consumer-item_group-1, groupId=item_group] Revoke previously assigned partitions Item_Topic-0 
2025-01-07 16:06:04.886  INFO [org.springframework.kafka.listener.KafkaMessageListenerContainer:292] item_group: partitions revoked: [Item_Topic-0] 
2025-01-07 16:06:04.886  INFO [org.apache.kafka.clients.consumer.internals.ConsumerCoordinator:1060] [Consumer clientId=consumer-item_group-1, groupId=item_group] Member consumer-item_group-1-a3e1124c-5a44-49ea-a535-4b818e7bc66a sending LeaveGroup request to coordinator localhost:9092 (id: 2147483647 rack: null) due to the consumer unsubscribed from all topics 
2025-01-07 16:06:04.887  INFO [org.apache.kafka.clients.consumer.internals.ConsumerCoordinator:972] [Consumer clientId=consumer-item_group-1, groupId=item_group] Resetting generation due to: consumer pro-actively leaving the group 
2025-01-07 16:06:04.887  INFO [org.apache.kafka.clients.consumer.internals.ConsumerCoordinator:1000] [Consumer clientId=consumer-item_group-1, groupId=item_group] Request joining group due to: consumer pro-actively leaving the group 
2025-01-07 16:06:04.887  INFO [org.apache.kafka.clients.consumer.KafkaConsumer:1075] [Consumer clientId=consumer-item_group-1, groupId=item_group] Unsubscribed all topics or patterns and assigned partitions 
2025-01-07 16:06:04.889  INFO [org.apache.kafka.clients.consumer.internals.ConsumerCoordinator:972] [Consumer clientId=consumer-item_group-1, groupId=item_group] Resetting generation due to: consumer pro-actively leaving the group 
2025-01-07 16:06:04.889  INFO [org.apache.kafka.clients.consumer.internals.ConsumerCoordinator:1000] [Consumer clientId=consumer-item_group-1, groupId=item_group] Request joining group due to: consumer pro-actively leaving the group 
2025-01-07 16:06:04.896  INFO [org.apache.kafka.common.metrics.Metrics:659] Metrics scheduler closed 
2025-01-07 16:06:04.896  INFO [org.apache.kafka.common.metrics.Metrics:663] Closing reporter org.apache.kafka.common.metrics.JmxReporter 
2025-01-07 16:06:04.896  INFO [org.apache.kafka.common.metrics.Metrics:669] Metrics reporters closed 
2025-01-07 16:06:04.898  INFO [org.apache.kafka.common.utils.AppInfoParser:83] App info kafka.consumer for consumer-item_group-1 unregistered 
2025-01-07 16:06:04.898  INFO [org.springframework.kafka.listener.KafkaMessageListenerContainer:292] item_group: Consumer stopped 
2025-01-07 16:06:04.901  INFO [org.apache.kafka.clients.producer.KafkaProducer:1249] [Producer clientId=producer-1] Closing the Kafka producer with timeoutMillis = 30000 ms. 
2025-01-07 16:06:04.904  INFO [org.apache.kafka.common.metrics.Metrics:659] Metrics scheduler closed 
2025-01-07 16:06:04.904  INFO [org.apache.kafka.common.metrics.Metrics:663] Closing reporter org.apache.kafka.common.metrics.JmxReporter 
2025-01-07 16:06:04.905  INFO [org.apache.kafka.common.metrics.Metrics:669] Metrics reporters closed 
2025-01-07 16:06:04.905  INFO [org.apache.kafka.common.utils.AppInfoParser:83] App info kafka.producer for producer-1 unregistered 
2025-01-07 16:06:04.906  INFO [org.springframework.orm.jpa.LocalContainerEntityManagerFactoryBean:651] Closing JPA EntityManagerFactory for persistence unit 'default' 
2025-01-07 16:06:04.908  INFO [com.zaxxer.hikari.HikariDataSource:350] HikariPool-1 - Shutdown initiated... 
2025-01-07 16:06:04.910  INFO [com.zaxxer.hikari.HikariDataSource:352] HikariPool-1 - Shutdown completed. 
2025-01-07 16:06:10.076  INFO [za.co.woolworths.itemkafka_poc.KafkaItemProducerPocApplication:55] Starting KafkaItemProducerPocApplication using Java 15.0.2 on W49204302 with PID 10372 (C:\Workspaces\Item-Kafka-Producer-POC\Item-Kafka-Producer-POC\target\classes started by W7178930 in C:\Workspaces\Item-Kafka-Producer-POC\Item-Kafka-Producer-POC) 
2025-01-07 16:06:10.078  INFO [za.co.woolworths.itemkafka_poc.KafkaItemProducerPocApplication:640] The following 2 profiles are active: "swagger", "dev" 
2025-01-07 16:06:10.844  INFO [org.springframework.data.repository.config.RepositoryConfigurationDelegate:132] Bootstrapping Spring Data JPA repositories in DEFAULT mode. 
2025-01-07 16:06:10.899  INFO [org.springframework.data.repository.config.RepositoryConfigurationDelegate:201] Finished Spring Data repository scanning in 44 ms. Found 1 JPA repository interfaces. 
2025-01-07 16:06:11.523  INFO [org.springframework.boot.web.embedded.tomcat.TomcatWebServer:108] Tomcat initialized with port(s): 8081 (http) 
2025-01-07 16:06:11.530  INFO [org.apache.coyote.http11.Http11NioProtocol:173] Initializing ProtocolHandler ["http-nio-8081"] 
2025-01-07 16:06:11.531  INFO [org.apache.catalina.core.StandardService:173] Starting service [Tomcat] 
2025-01-07 16:06:11.531  INFO [org.apache.catalina.core.StandardEngine:173] Starting Servlet engine: [Apache Tomcat/9.0.64] 
2025-01-07 16:06:11.700  INFO [org.apache.catalina.core.ContainerBase.[Tomcat].[localhost].[/]:173] Initializing Spring embedded WebApplicationContext 
2025-01-07 16:06:11.700  INFO [org.springframework.boot.web.servlet.context.ServletWebServerApplicationContext:292] Root WebApplicationContext: initialization completed in 1582 ms 
2025-01-07 16:06:12.087  INFO [com.zaxxer.hikari.HikariDataSource:110] HikariPool-1 - Starting... 
2025-01-07 16:06:13.133  INFO [com.zaxxer.hikari.HikariDataSource:123] HikariPool-1 - Start completed. 
2025-01-07 16:06:13.171  INFO [org.hibernate.jpa.internal.util.LogHelper:31] HHH000204: Processing PersistenceUnitInfo [name: default] 
2025-01-07 16:06:13.227  INFO [org.hibernate.Version:44] HHH000412: Hibernate ORM core version 5.6.9.Final 
2025-01-07 16:06:13.403  INFO [org.hibernate.annotations.common.Version:56] HCANN000001: Hibernate Commons Annotations {5.1.2.Final} 
2025-01-07 16:06:13.550  INFO [org.hibernate.dialect.Dialect:175] HHH000400: Using dialect: org.hibernate.dialect.SQLServer2016Dialect 
2025-01-07 16:06:14.244  INFO [org.hibernate.engine.transaction.jta.platform.internal.JtaPlatformInitiator:52] HHH000490: Using JtaPlatform implementation: [org.hibernate.engine.transaction.jta.platform.internal.NoJtaPlatform] 
2025-01-07 16:06:14.252  INFO [org.springframework.orm.jpa.LocalContainerEntityManagerFactoryBean:437] Initialized JPA EntityManagerFactory for persistence unit 'default' 
2025-01-07 16:06:14.902  WARN [org.springframework.boot.autoconfigure.orm.jpa.JpaBaseConfiguration$JpaWebConfiguration:219] spring.jpa.open-in-view is enabled by default. Therefore, database queries may be performed during view rendering. Explicitly configure spring.jpa.open-in-view to disable this warning 
2025-01-07 16:06:14.993 DEBUG [org.springframework.web.servlet.mvc.method.annotation.RequestMappingHandlerMapping:367] 10 mappings in 'requestMappingHandlerMapping' 
2025-01-07 16:06:15.459 DEBUG [org.springframework.web.servlet.handler.SimpleUrlHandlerMapping:188] Patterns [/agent/swagger-ui*/**] in 'resourceHandlerMapping' 
2025-01-07 16:06:15.526 DEBUG [org.springframework.web.servlet.mvc.method.annotation.RequestMappingHandlerAdapter:625] ControllerAdvice beans: 0 @ModelAttribute, 0 @InitBinder, 1 RequestBodyAdvice, 1 ResponseBodyAdvice 
2025-01-07 16:06:15.582 DEBUG [org.springframework.web.servlet.mvc.method.annotation.ExceptionHandlerExceptionResolver:307] ControllerAdvice beans: 1 @ExceptionHandler, 1 ResponseBodyAdvice 
2025-01-07 16:06:16.048  INFO [org.springframework.boot.actuate.endpoint.web.EndpointLinksResolver:58] Exposing 1 endpoint(s) beneath base path '/actuator' 
2025-01-07 16:06:16.207  INFO [org.apache.kafka.clients.consumer.ConsumerConfig:376] ConsumerConfig values: 
	allow.auto.create.topics = true
	auto.commit.interval.ms = 5000
	auto.offset.reset = latest
	bootstrap.servers = [localhost:9092]
	check.crcs = true
	client.dns.lookup = use_all_dns_ips
	client.id = consumer-item_group-1
	client.rack = 
	connections.max.idle.ms = 540000
	default.api.timeout.ms = 60000
	enable.auto.commit = false
	exclude.internal.topics = true
	fetch.max.bytes = 52428800
	fetch.max.wait.ms = 500
	fetch.min.bytes = 1
	group.id = item_group
	group.instance.id = null
	heartbeat.interval.ms = 3000
	interceptor.classes = []
	internal.leave.group.on.close = true
	internal.throw.on.fetch.stable.offset.unsupported = false
	isolation.level = read_uncommitted
	key.deserializer = class org.apache.kafka.common.serialization.StringDeserializer
	max.partition.fetch.bytes = 1048576
	max.poll.interval.ms = 300000
	max.poll.records = 500
	metadata.max.age.ms = 300000
	metric.reporters = []
	metrics.num.samples = 2
	metrics.recording.level = INFO
	metrics.sample.window.ms = 30000
	partition.assignment.strategy = [class org.apache.kafka.clients.consumer.RangeAssignor, class org.apache.kafka.clients.consumer.CooperativeStickyAssignor]
	receive.buffer.bytes = 65536
	reconnect.backoff.max.ms = 1000
	reconnect.backoff.ms = 50
	request.timeout.ms = 30000
	retry.backoff.ms = 100
	sasl.client.callback.handler.class = null
	sasl.jaas.config = null
	sasl.kerberos.kinit.cmd = /usr/bin/kinit
	sasl.kerberos.min.time.before.relogin = 60000
	sasl.kerberos.service.name = null
	sasl.kerberos.ticket.renew.jitter = 0.05
	sasl.kerberos.ticket.renew.window.factor = 0.8
	sasl.login.callback.handler.class = null
	sasl.login.class = null
	sasl.login.connect.timeout.ms = null
	sasl.login.read.timeout.ms = null
	sasl.login.refresh.buffer.seconds = 300
	sasl.login.refresh.min.period.seconds = 60
	sasl.login.refresh.window.factor = 0.8
	sasl.login.refresh.window.jitter = 0.05
	sasl.login.retry.backoff.max.ms = 10000
	sasl.login.retry.backoff.ms = 100
	sasl.mechanism = GSSAPI
	sasl.oauthbearer.clock.skew.seconds = 30
	sasl.oauthbearer.expected.audience = null
	sasl.oauthbearer.expected.issuer = null
	sasl.oauthbearer.jwks.endpoint.refresh.ms = 3600000
	sasl.oauthbearer.jwks.endpoint.retry.backoff.max.ms = 10000
	sasl.oauthbearer.jwks.endpoint.retry.backoff.ms = 100
	sasl.oauthbearer.jwks.endpoint.url = null
	sasl.oauthbearer.scope.claim.name = scope
	sasl.oauthbearer.sub.claim.name = sub
	sasl.oauthbearer.token.endpoint.url = null
	security.protocol = PLAINTEXT
	security.providers = null
	send.buffer.bytes = 131072
	session.timeout.ms = 45000
	socket.connection.setup.timeout.max.ms = 30000
	socket.connection.setup.timeout.ms = 10000
	ssl.cipher.suites = null
	ssl.enabled.protocols = [TLSv1.2, TLSv1.3]
	ssl.endpoint.identification.algorithm = https
	ssl.engine.factory.class = null
	ssl.key.password = null
	ssl.keymanager.algorithm = SunX509
	ssl.keystore.certificate.chain = null
	ssl.keystore.key = null
	ssl.keystore.location = null
	ssl.keystore.password = null
	ssl.keystore.type = JKS
	ssl.protocol = TLSv1.3
	ssl.provider = null
	ssl.secure.random.implementation = null
	ssl.trustmanager.algorithm = PKIX
	ssl.truststore.certificates = null
	ssl.truststore.location = null
	ssl.truststore.password = null
	ssl.truststore.type = JKS
	value.deserializer = class org.apache.kafka.common.serialization.StringDeserializer
 
2025-01-07 16:06:16.421  INFO [org.apache.kafka.common.utils.AppInfoParser:119] Kafka version: 3.1.1 
2025-01-07 16:06:16.421  INFO [org.apache.kafka.common.utils.AppInfoParser:120] Kafka commitId: 97671528ba54a138 
2025-01-07 16:06:16.421  INFO [org.apache.kafka.common.utils.AppInfoParser:121] Kafka startTimeMs: 1736258776419 
2025-01-07 16:06:16.443  INFO [org.apache.kafka.clients.consumer.KafkaConsumer:966] [Consumer clientId=consumer-item_group-1, groupId=item_group] Subscribed to topic(s): Item_Topic 
2025-01-07 16:06:16.456  INFO [org.apache.coyote.http11.Http11NioProtocol:173] Starting ProtocolHandler ["http-nio-8081"] 
2025-01-07 16:06:16.478  INFO [org.springframework.boot.web.embedded.tomcat.TomcatWebServer:220] Tomcat started on port(s): 8081 (http) with context path '' 
2025-01-07 16:06:16.501  INFO [za.co.woolworths.itemkafka_poc.KafkaItemProducerPocApplication:61] Started KafkaItemProducerPocApplication in 6.797 seconds (JVM running for 7.227) 
2025-01-07 16:06:16.810  INFO [org.apache.kafka.clients.Metadata:402] [Consumer clientId=consumer-item_group-1, groupId=item_group] Resetting the last seen epoch of partition Item_Topic-0 to 0 since the associated topicId changed from null to lncACV4PTO-QzmY7TGKExg 
2025-01-07 16:06:16.812  INFO [org.apache.kafka.clients.Metadata:287] [Consumer clientId=consumer-item_group-1, groupId=item_group] Cluster ID: IdFmegt5SVqKpmFnoQXPDA 
2025-01-07 16:06:16.813  INFO [org.apache.kafka.clients.consumer.internals.ConsumerCoordinator:853] [Consumer clientId=consumer-item_group-1, groupId=item_group] Discovered group coordinator localhost:9092 (id: 2147483647 rack: null) 
2025-01-07 16:06:16.815  INFO [org.apache.kafka.clients.consumer.internals.ConsumerCoordinator:535] [Consumer clientId=consumer-item_group-1, groupId=item_group] (Re-)joining group 
2025-01-07 16:06:16.826  INFO [org.apache.kafka.clients.consumer.internals.ConsumerCoordinator:1000] [Consumer clientId=consumer-item_group-1, groupId=item_group] Request joining group due to: need to re-join with the given member-id 
2025-01-07 16:06:16.826  INFO [org.apache.kafka.clients.consumer.internals.ConsumerCoordinator:535] [Consumer clientId=consumer-item_group-1, groupId=item_group] (Re-)joining group 
2025-01-07 16:06:16.829  INFO [org.apache.kafka.clients.consumer.internals.ConsumerCoordinator:595] [Consumer clientId=consumer-item_group-1, groupId=item_group] Successfully joined group with generation Generation{generationId=15, memberId='consumer-item_group-1-db916b59-6b28-472f-ac5f-358567c1cf67', protocol='range'} 
2025-01-07 16:06:16.831  INFO [org.apache.kafka.clients.consumer.internals.ConsumerCoordinator:654] [Consumer clientId=consumer-item_group-1, groupId=item_group] Finished assignment for group at generation 15: {consumer-item_group-1-db916b59-6b28-472f-ac5f-358567c1cf67=Assignment(partitions=[Item_Topic-0])} 
2025-01-07 16:06:16.836  INFO [org.apache.kafka.clients.consumer.internals.ConsumerCoordinator:761] [Consumer clientId=consumer-item_group-1, groupId=item_group] Successfully synced group in generation Generation{generationId=15, memberId='consumer-item_group-1-db916b59-6b28-472f-ac5f-358567c1cf67', protocol='range'} 
2025-01-07 16:06:16.837  INFO [org.apache.kafka.clients.consumer.internals.ConsumerCoordinator:279] [Consumer clientId=consumer-item_group-1, groupId=item_group] Notifying assignor about the new Assignment(partitions=[Item_Topic-0]) 
2025-01-07 16:06:16.838  INFO [org.apache.kafka.clients.consumer.internals.ConsumerCoordinator:291] [Consumer clientId=consumer-item_group-1, groupId=item_group] Adding newly assigned partitions: Item_Topic-0 
2025-01-07 16:06:16.847  INFO [org.apache.kafka.clients.consumer.internals.ConsumerCoordinator:846] [Consumer clientId=consumer-item_group-1, groupId=item_group] Setting offset for partition Item_Topic-0 to the committed offset FetchPosition{offset=502, offsetEpoch=Optional.empty, currentLeader=LeaderAndEpoch{leader=Optional[localhost:9092 (id: 0 rack: null)], epoch=0}} 
2025-01-07 16:06:16.848  INFO [org.springframework.kafka.listener.KafkaMessageListenerContainer:292] item_group: partitions assigned: [Item_Topic-0] 
2025-01-07 16:06:25.583  INFO [org.apache.catalina.core.ContainerBase.[Tomcat].[localhost].[/]:173] Initializing Spring DispatcherServlet 'dispatcherServlet' 
2025-01-07 16:06:25.583  INFO [org.springframework.web.servlet.DispatcherServlet:525] Initializing Servlet 'dispatcherServlet' 
2025-01-07 16:06:25.583 DEBUG [org.springframework.web.servlet.DispatcherServlet:520] Detected StandardServletMultipartResolver 
2025-01-07 16:06:25.583 DEBUG [org.springframework.web.servlet.DispatcherServlet:544] Detected AcceptHeaderLocaleResolver 
2025-01-07 16:06:25.584 DEBUG [org.springframework.web.servlet.DispatcherServlet:569] Detected FixedThemeResolver 
2025-01-07 16:06:25.585 DEBUG [org.springframework.web.servlet.DispatcherServlet:719] Detected org.springframework.web.servlet.view.DefaultRequestToViewNameTranslator@1f4b8027 
2025-01-07 16:06:25.585 DEBUG [org.springframework.web.servlet.DispatcherServlet:783] Detected org.springframework.web.servlet.support.SessionFlashMapManager@4e8b36af 
2025-01-07 16:06:25.585 DEBUG [org.springframework.web.servlet.DispatcherServlet:542] enableLoggingRequestDetails='false': request parameters and headers will be masked to prevent unsafe logging of potentially sensitive data 
2025-01-07 16:06:25.585  INFO [org.springframework.web.servlet.DispatcherServlet:547] Completed initialization in 2 ms 
2025-01-07 16:06:25.590 DEBUG [org.springframework.web.servlet.DispatcherServlet:119] POST "/item-kafka/app/publish-items/v1", parameters={} 
2025-01-07 16:06:25.595 DEBUG [org.springframework.web.servlet.mvc.method.annotation.RequestMappingHandlerMapping:522] Mapped to za.co.woolworths.itemkafka_poc.controller.ItemProducerController#createItemKafkaTopic() 
2025-01-07 16:06:26.173  INFO [org.apache.kafka.clients.producer.ProducerConfig:376] ProducerConfig values: 
	acks = -1
	batch.size = 16384
	bootstrap.servers = [localhost:9092]
	buffer.memory = 33554432
	client.dns.lookup = use_all_dns_ips
	client.id = producer-1
	compression.type = none
	connections.max.idle.ms = 540000
	delivery.timeout.ms = 120000
	enable.idempotence = true
	interceptor.classes = []
	key.serializer = class org.apache.kafka.common.serialization.StringSerializer
	linger.ms = 0
	max.block.ms = 60000
	max.in.flight.requests.per.connection = 5
	max.request.size = 1048576
	metadata.max.age.ms = 300000
	metadata.max.idle.ms = 300000
	metric.reporters = []
	metrics.num.samples = 2
	metrics.recording.level = INFO
	metrics.sample.window.ms = 30000
	partitioner.class = class org.apache.kafka.clients.producer.internals.DefaultPartitioner
	receive.buffer.bytes = 32768
	reconnect.backoff.max.ms = 1000
	reconnect.backoff.ms = 50
	request.timeout.ms = 120000
	retries = 3
	retry.backoff.ms = 100
	sasl.client.callback.handler.class = null
	sasl.jaas.config = null
	sasl.kerberos.kinit.cmd = /usr/bin/kinit
	sasl.kerberos.min.time.before.relogin = 60000
	sasl.kerberos.service.name = null
	sasl.kerberos.ticket.renew.jitter = 0.05
	sasl.kerberos.ticket.renew.window.factor = 0.8
	sasl.login.callback.handler.class = null
	sasl.login.class = null
	sasl.login.connect.timeout.ms = null
	sasl.login.read.timeout.ms = null
	sasl.login.refresh.buffer.seconds = 300
	sasl.login.refresh.min.period.seconds = 60
	sasl.login.refresh.window.factor = 0.8
	sasl.login.refresh.window.jitter = 0.05
	sasl.login.retry.backoff.max.ms = 10000
	sasl.login.retry.backoff.ms = 100
	sasl.mechanism = GSSAPI
	sasl.oauthbearer.clock.skew.seconds = 30
	sasl.oauthbearer.expected.audience = null
	sasl.oauthbearer.expected.issuer = null
	sasl.oauthbearer.jwks.endpoint.refresh.ms = 3600000
	sasl.oauthbearer.jwks.endpoint.retry.backoff.max.ms = 10000
	sasl.oauthbearer.jwks.endpoint.retry.backoff.ms = 100
	sasl.oauthbearer.jwks.endpoint.url = null
	sasl.oauthbearer.scope.claim.name = scope
	sasl.oauthbearer.sub.claim.name = sub
	sasl.oauthbearer.token.endpoint.url = null
	security.protocol = PLAINTEXT
	security.providers = null
	send.buffer.bytes = 131072
	socket.connection.setup.timeout.max.ms = 30000
	socket.connection.setup.timeout.ms = 10000
	ssl.cipher.suites = null
	ssl.enabled.protocols = [TLSv1.2, TLSv1.3]
	ssl.endpoint.identification.algorithm = https
	ssl.engine.factory.class = null
	ssl.key.password = null
	ssl.keymanager.algorithm = SunX509
	ssl.keystore.certificate.chain = null
	ssl.keystore.key = null
	ssl.keystore.location = null
	ssl.keystore.password = null
	ssl.keystore.type = JKS
	ssl.protocol = TLSv1.3
	ssl.provider = null
	ssl.secure.random.implementation = null
	ssl.trustmanager.algorithm = PKIX
	ssl.truststore.certificates = null
	ssl.truststore.location = null
	ssl.truststore.password = null
	ssl.truststore.type = JKS
	transaction.timeout.ms = 60000
	transactional.id = null
	value.serializer = class org.apache.kafka.common.serialization.StringSerializer
 
2025-01-07 16:06:26.183  INFO [org.apache.kafka.clients.producer.KafkaProducer:572] [Producer clientId=producer-1] Instantiated an idempotent producer. 
2025-01-07 16:06:26.194  INFO [org.apache.kafka.common.utils.AppInfoParser:119] Kafka version: 3.1.1 
2025-01-07 16:06:26.194  INFO [org.apache.kafka.common.utils.AppInfoParser:120] Kafka commitId: 97671528ba54a138 
2025-01-07 16:06:26.194  INFO [org.apache.kafka.common.utils.AppInfoParser:121] Kafka startTimeMs: 1736258786194 
2025-01-07 16:06:26.200  INFO [org.apache.kafka.clients.Metadata:287] [Producer clientId=producer-1] Cluster ID: IdFmegt5SVqKpmFnoQXPDA 
2025-01-07 16:06:26.201  INFO [org.apache.kafka.clients.producer.internals.TransactionManager:554] [Producer clientId=producer-1] ProducerId set to 1002 with epoch 0 
2025-01-07 16:06:26.205  INFO [org.apache.kafka.clients.Metadata:402] [Producer clientId=producer-1] Resetting the last seen epoch of partition Item_Topic-0 to 0 since the associated topicId changed from null to lncACV4PTO-QzmY7TGKExg 
2025-01-07 16:09:07.416  WARN [com.zaxxer.hikari.pool.HikariPool:788] HikariPool-1 - Thread starvation or clock leap detected (housekeeper delta=2m54s174ms543µs800ns). 
2025-01-07 16:09:07.425  INFO [org.apache.kafka.clients.NetworkClient:797] [Consumer clientId=consumer-item_group-1, groupId=item_group] Disconnecting from node 0 due to request timeout. 
2025-01-07 16:09:07.430  INFO [org.apache.kafka.clients.NetworkClient:797] [Producer clientId=producer-1] Disconnecting from node 0 due to request timeout. 
2025-01-07 16:09:07.440  INFO [org.apache.kafka.clients.NetworkClient:341] [Consumer clientId=consumer-item_group-1, groupId=item_group] Cancelled in-flight FETCH request with correlation id 32 due to node 0 being disconnected (elapsed time since creation: 161189ms, elapsed time since send: 161189ms, request timeout: 30000ms) 
2025-01-07 16:09:07.443  INFO [org.apache.kafka.clients.NetworkClient:341] [Producer clientId=producer-1] Cancelled in-flight PRODUCE request with correlation id 6 due to node 0 being disconnected (elapsed time since creation: 161195ms, elapsed time since send: 161195ms, request timeout: 120000ms) 
2025-01-07 16:09:07.444  INFO [org.apache.kafka.clients.NetworkClient:341] [Producer clientId=producer-1] Cancelled in-flight PRODUCE request with correlation id 7 due to node 0 being disconnected (elapsed time since creation: 161195ms, elapsed time since send: 161195ms, request timeout: 120000ms) 
2025-01-07 16:09:07.444  INFO [org.apache.kafka.clients.FetchSessionHandler:602] [Consumer clientId=consumer-item_group-1, groupId=item_group] Error sending fetch request (sessionId=1288679144, epoch=19) to node 0: org.apache.kafka.common.errors.DisconnectException: null

2025-01-07 16:09:07.444  INFO [org.apache.kafka.clients.consumer.internals.ConsumerCoordinator:916] [Consumer clientId=consumer-item_group-1, groupId=item_group] Group coordinator localhost:9092 (id: 2147483647 rack: null) is unavailable or invalid due to cause: session timed out without receiving a heartbeat response.isDisconnected: false. Rediscovery will be attempted. 
2025-01-07 16:09:07.444  INFO [org.apache.kafka.clients.NetworkClient:341] [Producer clientId=producer-1] Cancelled in-flight PRODUCE request with correlation id 8 due to node 0 being disconnected (elapsed time since creation: 161194ms, elapsed time since send: 161194ms, request timeout: 120000ms) 
2025-01-07 16:09:07.444  INFO [org.apache.kafka.clients.consumer.internals.ConsumerCoordinator:929] [Consumer clientId=consumer-item_group-1, groupId=item_group] Requesting disconnect from last known coordinator localhost:9092 (id: 2147483647 rack: null) 
2025-01-07 16:09:07.445  INFO [org.apache.kafka.clients.NetworkClient:341] [Producer clientId=producer-1] Cancelled in-flight PRODUCE request with correlation id 9 due to node 0 being disconnected (elapsed time since creation: 161194ms, elapsed time since send: 161194ms, request timeout: 120000ms) 
2025-01-07 16:09:07.445  INFO [org.apache.kafka.clients.NetworkClient:324] [Consumer clientId=consumer-item_group-1, groupId=item_group] Client requested disconnect from node 2147483647 
2025-01-07 16:09:07.445  INFO [org.apache.kafka.clients.NetworkClient:341] [Producer clientId=producer-1] Cancelled in-flight PRODUCE request with correlation id 10 due to node 0 being disconnected (elapsed time since creation: 161187ms, elapsed time since send: 161187ms, request timeout: 120000ms) 
2025-01-07 16:09:07.447 ERROR [org.springframework.kafka.support.LoggingProducerListener:261] Exception thrown when sending a message with key='100027628' and payload='{"itemId":"100027628","itemLevel":1,"itemNumberType":"ITEM","allocatorSystem":"MA","businessUnitId":...' to topic Item_Topic: org.apache.kafka.common.errors.NetworkException: Disconnected from node 0

2025-01-07 16:09:07.447 DEBUG [org.springframework.web.servlet.mvc.method.annotation.RequestResponseBodyMethodProcessor:268] Using 'application/text', given [application/text] and supported [application/text] 
2025-01-07 16:09:10.619 ERROR [org.springframework.kafka.support.LoggingProducerListener:261] Exception thrown when sending a message with key='100027636' and payload='{"itemId":"100027636","itemLevel":1,"itemNumberType":"ITEM","allocatorSystem":"RP","businessUnitId":...' to topic Item_Topic: org.apache.kafka.common.errors.NetworkException: Disconnected from node 0

2025-01-07 16:09:10.620 DEBUG [org.springframework.web.servlet.mvc.method.annotation.RequestResponseBodyMethodProcessor:119] Writing ["Items sent to Kafka Topic successfully!"] 
2025-01-07 16:09:10.621 ERROR [org.springframework.kafka.support.LoggingProducerListener:261] Exception thrown when sending a message with key='100028638' and payload='{"itemId":"100028638","itemLevel":1,"itemNumberType":"ITEM","allocatorSystem":"MA","businessUnitId":...' to topic Item_Topic: org.apache.kafka.common.errors.NetworkException: Disconnected from node 0

2025-01-07 16:09:10.622 ERROR [org.springframework.kafka.support.LoggingProducerListener:261] Exception thrown when sending a message with key='100028646' and payload='{"itemId":"100028646","itemLevel":1,"itemNumberType":"ITEM","allocatorSystem":"MA","businessUnitId":...' to topic Item_Topic: org.apache.kafka.common.errors.NetworkException: Disconnected from node 0

2025-01-07 16:09:10.623  WARN [org.apache.kafka.clients.producer.internals.Sender:642] [Producer clientId=producer-1] Received invalid metadata error in produce request on partition Item_Topic-0 due to org.apache.kafka.common.errors.NetworkException: Disconnected from node 0. Going to request metadata update now 
2025-01-07 16:09:10.623 ERROR [org.springframework.kafka.support.LoggingProducerListener:261] Exception thrown when sending a message with key='100029622' and payload='{"itemId":"100029622","itemLevel":1,"itemNumberType":"ITEM","allocatorSystem":"MA","businessUnitId":...' to topic Item_Topic: org.apache.kafka.common.errors.NetworkException: Disconnected from node 0

2025-01-07 16:09:10.624  WARN [org.apache.kafka.clients.producer.internals.Sender:642] [Producer clientId=producer-1] Received invalid metadata error in produce request on partition Item_Topic-0 due to org.apache.kafka.common.errors.NetworkException: Disconnected from node 0. Going to request metadata update now 
2025-01-07 16:09:10.624 ERROR [org.springframework.kafka.support.LoggingProducerListener:261] Exception thrown when sending a message with key='100031620' and payload='{"itemId":"100031620","itemLevel":1,"itemNumberType":"ITEM","allocatorSystem":"MA","businessUnitId":...' to topic Item_Topic: org.apache.kafka.common.errors.NetworkException: Disconnected from node 0

2025-01-07 16:09:10.624  INFO [za.co.woolworths.itemkafka_poc.kafka.consumer.ItemConsumerService:38] Consumed Item: 100 
2025-01-07 16:09:10.624  WARN [org.apache.kafka.clients.producer.internals.Sender:642] [Producer clientId=producer-1] Received invalid metadata error in produce request on partition Item_Topic-0 due to org.apache.kafka.common.errors.NetworkException: Disconnected from node 0. Going to request metadata update now 
2025-01-07 16:09:10.625 ERROR [org.springframework.kafka.support.LoggingProducerListener:261] Exception thrown when sending a message with key='100031654' and payload='{"itemId":"100031654","itemLevel":1,"itemNumberType":"ITEM","allocatorSystem":"MA","businessUnitId":...' to topic Item_Topic: org.apache.kafka.common.errors.NetworkException: Disconnected from node 0

2025-01-07 16:09:11.142  WARN [org.apache.kafka.clients.producer.internals.Sender:642] [Producer clientId=producer-1] Received invalid metadata error in produce request on partition Item_Topic-0 due to org.apache.kafka.common.errors.NetworkException: Disconnected from node 0. Going to request metadata update now 
2025-01-07 16:09:11.147 ERROR [org.springframework.kafka.support.LoggingProducerListener:261] Exception thrown when sending a message with key='100031662' and payload='{"itemId":"100031662","itemLevel":1,"itemNumberType":"ITEM","allocatorSystem":"MA","businessUnitId":...' to topic Item_Topic: org.apache.kafka.common.errors.NetworkException: Disconnected from node 0

2025-01-07 16:09:11.150 ERROR [org.springframework.kafka.support.LoggingProducerListener:261] Exception thrown when sending a message with key='100031670' and payload='{"itemId":"100031670","itemLevel":1,"itemNumberType":"ITEM","allocatorSystem":"MA","businessUnitId":...' to topic Item_Topic: org.apache.kafka.common.errors.NetworkException: Disconnected from node 0

2025-01-07 16:09:11.151 ERROR [org.springframework.kafka.support.LoggingProducerListener:261] Exception thrown when sending a message with key='100031872' and payload='{"itemId":"100031872","itemLevel":1,"itemNumberType":"ITEM","allocatorSystem":"MA","businessUnitId":...' to topic Item_Topic: org.apache.kafka.common.errors.NetworkException: Disconnected from node 0

2025-01-07 16:09:11.151 ERROR [org.springframework.kafka.support.LoggingProducerListener:261] Exception thrown when sending a message with key='100032622' and payload='{"itemId":"100032622","itemLevel":1,"itemNumberType":"ITEM","allocatorSystem":"MA","businessUnitId":...' to topic Item_Topic: org.apache.kafka.common.errors.NetworkException: Disconnected from node 0

2025-01-07 16:09:11.152 ERROR [org.springframework.kafka.support.LoggingProducerListener:261] Exception thrown when sending a message with key='100032630' and payload='{"itemId":"100032630","itemLevel":1,"itemNumberType":"ITEM","allocatorSystem":"MA","businessUnitId":...' to topic Item_Topic: org.apache.kafka.common.errors.NetworkException: Disconnected from node 0

2025-01-07 16:09:11.153 ERROR [org.springframework.kafka.support.LoggingProducerListener:261] Exception thrown when sending a message with key='100032648' and payload='{"itemId":"100032648","itemLevel":1,"itemNumberType":"ITEM","allocatorSystem":"MA","businessUnitId":...' to topic Item_Topic: org.apache.kafka.common.errors.NetworkException: Disconnected from node 0

2025-01-07 16:09:11.154 ERROR [org.springframework.kafka.support.LoggingProducerListener:261] Exception thrown when sending a message with key='100032656' and payload='{"itemId":"100032656","itemLevel":1,"itemNumberType":"ITEM","allocatorSystem":"MA","businessUnitId":...' to topic Item_Topic: org.apache.kafka.common.errors.NetworkException: Disconnected from node 0

2025-01-07 16:09:12.739 ERROR [org.springframework.kafka.support.LoggingProducerListener:261] Exception thrown when sending a message with key='100033624' and payload='{"itemId":"100033624","itemLevel":1,"itemNumberType":"ITEM","allocatorSystem":"MA","businessUnitId":...' to topic Item_Topic: org.apache.kafka.common.errors.NetworkException: Disconnected from node 0

2025-01-07 16:09:12.745 ERROR [org.springframework.kafka.support.LoggingProducerListener:261] Exception thrown when sending a message with key='100034626' and payload='{"itemId":"100034626","itemLevel":1,"itemNumberType":"ITEM","allocatorSystem":"MA","businessUnitId":...' to topic Item_Topic: org.apache.kafka.common.errors.NetworkException: Disconnected from node 0

2025-01-07 16:09:12.746 ERROR [org.springframework.kafka.support.LoggingProducerListener:261] Exception thrown when sending a message with key='100034634' and payload='{"itemId":"100034634","itemLevel":1,"itemNumberType":"ITEM","allocatorSystem":"MA","businessUnitId":...' to topic Item_Topic: org.apache.kafka.common.errors.NetworkException: Disconnected from node 0

2025-01-07 16:09:12.747 ERROR [org.springframework.kafka.support.LoggingProducerListener:261] Exception thrown when sending a message with key='100034642' and payload='{"itemId":"100034642","itemLevel":1,"itemNumberType":"ITEM","allocatorSystem":"MA","businessUnitId":...' to topic Item_Topic: org.apache.kafka.common.errors.NetworkException: Disconnected from node 0

2025-01-07 16:09:12.747 ERROR [org.springframework.kafka.support.LoggingProducerListener:261] Exception thrown when sending a message with key='100035628' and payload='{"itemId":"100035628","itemLevel":1,"itemNumberType":"ITEM","allocatorSystem":"MA","businessUnitId":...' to topic Item_Topic: org.apache.kafka.common.errors.NetworkException: Disconnected from node 0

2025-01-07 16:09:13.605 ERROR [org.springframework.kafka.support.LoggingProducerListener:261] Exception thrown when sending a message with key='100035644' and payload='{"itemId":"100035644","itemLevel":1,"itemNumberType":"ITEM","allocatorSystem":"MA","businessUnitId":...' to topic Item_Topic: org.apache.kafka.common.errors.NetworkException: Disconnected from node 0

2025-01-07 16:09:13.608 ERROR [org.springframework.kafka.support.LoggingProducerListener:261] Exception thrown when sending a message with key='100036620' and payload='{"itemId":"100036620","itemLevel":1,"itemNumberType":"ITEM","allocatorSystem":"MA","businessUnitId":...' to topic Item_Topic: org.apache.kafka.common.errors.NetworkException: Disconnected from node 0

2025-01-07 16:09:13.612 ERROR [org.springframework.kafka.support.LoggingProducerListener:261] Exception thrown when sending a message with key='100036638' and payload='{"itemId":"100036638","itemLevel":1,"itemNumberType":"ITEM","allocatorSystem":"MA","businessUnitId":...' to topic Item_Topic: org.apache.kafka.common.errors.NetworkException: Disconnected from node 0

2025-01-07 16:09:13.613 ERROR [org.springframework.kafka.support.LoggingProducerListener:261] Exception thrown when sending a message with key='100036646' and payload='{"itemId":"100036646","itemLevel":1,"itemNumberType":"ITEM","allocatorSystem":"MA","businessUnitId":...' to topic Item_Topic: org.apache.kafka.common.errors.NetworkException: Disconnected from node 0

2025-01-07 16:09:13.614 ERROR [org.springframework.kafka.support.LoggingProducerListener:261] Exception thrown when sending a message with key='100036654' and payload='{"itemId":"100036654","itemLevel":1,"itemNumberType":"ITEM","allocatorSystem":"MA","businessUnitId":...' to topic Item_Topic: org.apache.kafka.common.errors.NetworkException: Disconnected from node 0

2025-01-07 16:09:13.615 ERROR [org.springframework.kafka.support.LoggingProducerListener:261] Exception thrown when sending a message with key='100036662' and payload='{"itemId":"100036662","itemLevel":1,"itemNumberType":"ITEM","allocatorSystem":"MA","businessUnitId":...' to topic Item_Topic: org.apache.kafka.common.errors.NetworkException: Disconnected from node 0

2025-01-07 16:09:17.198  WARN [org.apache.kafka.clients.producer.internals.Sender:642] [Producer clientId=producer-1] Received invalid metadata error in produce request on partition Item_Topic-0 due to org.apache.kafka.common.errors.NetworkException: Disconnected from node 0. Going to request metadata update now 
2025-01-07 16:09:17.198  INFO [org.apache.kafka.clients.producer.internals.TransactionManager:554] [Producer clientId=producer-1] ProducerId set to 1002 with epoch 1 
2025-01-07 16:09:17.200  INFO [org.apache.kafka.clients.consumer.internals.ConsumerCoordinator:853] [Consumer clientId=consumer-item_group-1, groupId=item_group] Discovered group coordinator localhost:9092 (id: 2147483647 rack: null) 
2025-01-07 16:09:17.201  INFO [org.apache.kafka.clients.consumer.internals.ConsumerCoordinator:853] [Consumer clientId=consumer-item_group-1, groupId=item_group] Discovered group coordinator localhost:9092 (id: 2147483647 rack: null) 
2025-01-07 16:09:17.202  INFO [org.apache.kafka.clients.consumer.internals.ConsumerCoordinator:853] [Consumer clientId=consumer-item_group-1, groupId=item_group] Discovered group coordinator localhost:9092 (id: 2147483647 rack: null) 
2025-01-07 16:09:17.202 ERROR [org.springframework.kafka.support.LoggingProducerListener:261] Exception thrown when sending a message with key='100037622' and payload='{"itemId":"100037622","itemLevel":1,"itemNumberType":"ITEM","allocatorSystem":"MA","businessUnitId":...' to topic Item_Topic: org.apache.kafka.common.errors.TimeoutException: Expiring 18 record(s) for Item_Topic-0:170972 ms has passed since batch creation

2025-01-07 16:09:17.203 ERROR [org.springframework.kafka.support.LoggingProducerListener:261] Exception thrown when sending a message with key='100037648' and payload='{"itemId":"100037648","itemLevel":1,"itemNumberType":"ITEM","allocatorSystem":"MA","businessUnitId":...' to topic Item_Topic: org.apache.kafka.common.errors.TimeoutException: Expiring 18 record(s) for Item_Topic-0:170972 ms has passed since batch creation

2025-01-07 16:09:17.203 ERROR [org.springframework.kafka.support.LoggingProducerListener:261] Exception thrown when sending a message with key='100037664' and payload='{"itemId":"100037664","itemLevel":1,"itemNumberType":"ITEM","allocatorSystem":"MA","businessUnitId":...' to topic Item_Topic: org.apache.kafka.common.errors.TimeoutException: Expiring 18 record(s) for Item_Topic-0:170972 ms has passed since batch creation

2025-01-07 16:09:17.202  INFO [org.apache.kafka.clients.consumer.internals.ConsumerCoordinator:853] [Consumer clientId=consumer-item_group-1, groupId=item_group] Discovered group coordinator localhost:9092 (id: 2147483647 rack: null) 
2025-01-07 16:09:17.204 DEBUG [org.springframework.web.servlet.DispatcherServlet:1131] Completed 200 OK 
2025-01-07 16:09:17.205 ERROR [org.springframework.kafka.support.LoggingProducerListener:261] Exception thrown when sending a message with key='100037672' and payload='{"itemId":"100037672","itemLevel":1,"itemNumberType":"ITEM","allocatorSystem":"MA","businessUnitId":...' to topic Item_Topic: org.apache.kafka.common.errors.TimeoutException: Expiring 18 record(s) for Item_Topic-0:170972 ms has passed since batch creation

2025-01-07 16:09:17.205 ERROR [org.springframework.kafka.support.LoggingProducerListener:261] Exception thrown when sending a message with key='100038624' and payload='{"itemId":"100038624","itemLevel":1,"itemNumberType":"ITEM","allocatorSystem":"MA","businessUnitId":...' to topic Item_Topic: org.apache.kafka.common.errors.TimeoutException: Expiring 18 record(s) for Item_Topic-0:170972 ms has passed since batch creation

2025-01-07 16:09:17.206 ERROR [org.springframework.kafka.support.LoggingProducerListener:261] Exception thrown when sending a message with key='100038632' and payload='{"itemId":"100038632","itemLevel":1,"itemNumberType":"ITEM","allocatorSystem":"MA","businessUnitId":...' to topic Item_Topic: org.apache.kafka.common.errors.TimeoutException: Expiring 18 record(s) for Item_Topic-0:170972 ms has passed since batch creation

2025-01-07 16:09:17.207 ERROR [org.springframework.kafka.support.LoggingProducerListener:261] Exception thrown when sending a message with key='100038658' and payload='{"itemId":"100038658","itemLevel":1,"itemNumberType":"ITEM","allocatorSystem":"MA","businessUnitId":...' to topic Item_Topic: org.apache.kafka.common.errors.TimeoutException: Expiring 18 record(s) for Item_Topic-0:170972 ms has passed since batch creation

2025-01-07 16:09:17.207 ERROR [org.springframework.kafka.support.LoggingProducerListener:261] Exception thrown when sending a message with key='100038666' and payload='{"itemId":"100038666","itemLevel":1,"itemNumberType":"ITEM","allocatorSystem":"MA","businessUnitId":...' to topic Item_Topic: org.apache.kafka.common.errors.TimeoutException: Expiring 18 record(s) for Item_Topic-0:170972 ms has passed since batch creation

2025-01-07 16:09:17.209 ERROR [org.springframework.kafka.support.LoggingProducerListener:261] Exception thrown when sending a message with key='100038674' and payload='{"itemId":"100038674","itemLevel":1,"itemNumberType":"ITEM","allocatorSystem":"MA","businessUnitId":...' to topic Item_Topic: org.apache.kafka.common.errors.TimeoutException: Expiring 18 record(s) for Item_Topic-0:170972 ms has passed since batch creation

2025-01-07 16:09:17.209 ERROR [org.apache.kafka.clients.consumer.internals.ConsumerCoordinator:1216] [Consumer clientId=consumer-item_group-1, groupId=item_group] Offset commit failed on partition Item_Topic-0 at offset 503: The coordinator is not aware of this member. 
2025-01-07 16:09:17.212  INFO [org.apache.kafka.clients.consumer.internals.ConsumerCoordinator:1276] [Consumer clientId=consumer-item_group-1, groupId=item_group] OffsetCommit failed with Generation{generationId=15, memberId='consumer-item_group-1-db916b59-6b28-472f-ac5f-358567c1cf67', protocol='range'}: The coordinator is not aware of this member. 
2025-01-07 16:09:17.214  INFO [org.apache.kafka.clients.consumer.internals.ConsumerCoordinator:972] [Consumer clientId=consumer-item_group-1, groupId=item_group] Resetting generation due to: encountered UNKNOWN_MEMBER_ID from OFFSET_COMMIT response 
2025-01-07 16:09:17.215  INFO [org.apache.kafka.clients.consumer.internals.ConsumerCoordinator:1000] [Consumer clientId=consumer-item_group-1, groupId=item_group] Request joining group due to: encountered UNKNOWN_MEMBER_ID from OFFSET_COMMIT response 
2025-01-07 16:09:17.215 ERROR [org.springframework.kafka.support.LoggingProducerListener:261] Exception thrown when sending a message with key='100038682' and payload='{"itemId":"100038682","itemLevel":1,"itemNumberType":"ITEM","allocatorSystem":"MA","businessUnitId":...' to topic Item_Topic: org.apache.kafka.common.errors.TimeoutException: Expiring 18 record(s) for Item_Topic-0:170972 ms has passed since batch creation

2025-01-07 16:09:17.215 ERROR [org.springframework.kafka.support.LoggingProducerListener:261] Exception thrown when sending a message with key='100038690' and payload='{"itemId":"100038690","itemLevel":1,"itemNumberType":"ITEM","allocatorSystem":"MA","businessUnitId":...' to topic Item_Topic: org.apache.kafka.common.errors.TimeoutException: Expiring 18 record(s) for Item_Topic-0:170972 ms has passed since batch creation

2025-01-07 16:09:17.215 ERROR [org.springframework.kafka.support.LoggingProducerListener:261] Exception thrown when sending a message with key='100038704' and payload='{"itemId":"100038704","itemLevel":1,"itemNumberType":"ITEM","allocatorSystem":"MA","businessUnitId":...' to topic Item_Topic: org.apache.kafka.common.errors.TimeoutException: Expiring 18 record(s) for Item_Topic-0:170972 ms has passed since batch creation

2025-01-07 16:09:17.215 ERROR [org.springframework.kafka.listener.KafkaMessageListenerContainer:149] Consumer exception java.lang.IllegalStateException: This error handler cannot process 'org.apache.kafka.clients.consumer.CommitFailedException's; no record information is available
	at org.springframework.kafka.listener.DefaultErrorHandler.handleOtherException(DefaultErrorHandler.java:155)
	at org.springframework.kafka.listener.KafkaMessageListenerContainer$ListenerConsumer.handleConsumerException(KafkaMessageListenerContainer.java:1760)
	at org.springframework.kafka.listener.KafkaMessageListenerContainer$ListenerConsumer.run(KafkaMessageListenerContainer.java:1283)
	at java.base/java.util.concurrent.Executors$RunnableAdapter.call(Executors.java:515)
	at java.base/java.util.concurrent.FutureTask.run$$$capture(FutureTask.java:264)
	at java.base/java.util.concurrent.FutureTask.run(FutureTask.java)
	at java.base/java.lang.Thread.run(Thread.java:832)
Caused by: org.apache.kafka.clients.consumer.CommitFailedException: Commit cannot be completed since the group has already rebalanced and assigned the partitions to another member. This means that the time between subsequent calls to poll() was longer than the configured max.poll.interval.ms, which typically implies that the poll loop is spending too much time message processing. You can address this either by increasing max.poll.interval.ms or by reducing the maximum size of batches returned in poll() with max.poll.records.
	at org.apache.kafka.clients.consumer.internals.ConsumerCoordinator$OffsetCommitResponseHandler.handle(ConsumerCoordinator.java:1288)
	at org.apache.kafka.clients.consumer.internals.ConsumerCoordinator$OffsetCommitResponseHandler.handle(ConsumerCoordinator.java:1189)
	at org.apache.kafka.clients.consumer.internals.AbstractCoordinator$CoordinatorResponseHandler.onSuccess(AbstractCoordinator.java:1196)
	at org.apache.kafka.clients.consumer.internals.AbstractCoordinator$CoordinatorResponseHandler.onSuccess(AbstractCoordinator.java:1171)
	at org.apache.kafka.clients.consumer.internals.RequestFuture$1.onSuccess(RequestFuture.java:206)
	at org.apache.kafka.clients.consumer.internals.RequestFuture.fireSuccess(RequestFuture.java:169)
	at org.apache.kafka.clients.consumer.internals.RequestFuture.complete(RequestFuture.java:129)
	at org.apache.kafka.clients.consumer.internals.ConsumerNetworkClient$RequestFutureCompletionHandler.fireCompletion(ConsumerNetworkClient.java:602)
	at org.apache.kafka.clients.consumer.internals.ConsumerNetworkClient.firePendingCompletedRequests(ConsumerNetworkClient.java:412)
	at org.apache.kafka.clients.consumer.internals.ConsumerNetworkClient.poll(ConsumerNetworkClient.java:297)
	at org.apache.kafka.clients.consumer.internals.ConsumerNetworkClient.poll(ConsumerNetworkClient.java:236)
	at org.apache.kafka.clients.consumer.internals.ConsumerNetworkClient.poll(ConsumerNetworkClient.java:215)
	at org.apache.kafka.clients.consumer.internals.ConsumerCoordinator.commitOffsetsSync(ConsumerCoordinator.java:1031)
	at org.apache.kafka.clients.consumer.KafkaConsumer.commitSync(KafkaConsumer.java:1492)
	at java.base/jdk.internal.reflect.NativeMethodAccessorImpl.invoke0(Native Method)
	at java.base/jdk.internal.reflect.NativeMethodAccessorImpl.invoke(NativeMethodAccessorImpl.java:64)
	at java.base/jdk.internal.reflect.DelegatingMethodAccessorImpl.invoke(DelegatingMethodAccessorImpl.java:43)
	at java.base/java.lang.reflect.Method.invoke(Method.java:564)
	at org.springframework.aop.support.AopUtils.invokeJoinpointUsingReflection(AopUtils.java:344)
	at org.springframework.aop.framework.JdkDynamicAopProxy.invoke(JdkDynamicAopProxy.java:208)
	at com.sun.proxy.$Proxy152.commitSync(Unknown Source)
	at org.springframework.kafka.listener.KafkaMessageListenerContainer$ListenerConsumer.doCommitSync(KafkaMessageListenerContainer.java:2981)
	at org.springframework.kafka.listener.KafkaMessageListenerContainer$ListenerConsumer.commitSync(KafkaMessageListenerContainer.java:2976)
	at org.springframework.kafka.listener.KafkaMessageListenerContainer$ListenerConsumer.commitIfNecessary(KafkaMessageListenerContainer.java:2962)
	at org.springframework.kafka.listener.KafkaMessageListenerContainer$ListenerConsumer.processCommits(KafkaMessageListenerContainer.java:2754)
	at org.springframework.kafka.listener.KafkaMessageListenerContainer$ListenerConsumer.pollAndInvoke(KafkaMessageListenerContainer.java:1311)
	at org.springframework.kafka.listener.KafkaMessageListenerContainer$ListenerConsumer.run(KafkaMessageListenerContainer.java:1234)
	... 4 common frames omitted

2025-01-07 16:09:17.216 ERROR [org.springframework.kafka.support.LoggingProducerListener:261] Exception thrown when sending a message with key='100038712' and payload='{"itemId":"100038712","itemLevel":1,"itemNumberType":"ITEM","allocatorSystem":"MA","businessUnitId":...' to topic Item_Topic: org.apache.kafka.common.errors.TimeoutException: Expiring 18 record(s) for Item_Topic-0:170972 ms has passed since batch creation

2025-01-07 16:09:17.216 ERROR [org.springframework.kafka.support.LoggingProducerListener:261] Exception thrown when sending a message with key='100038720' and payload='{"itemId":"100038720","itemLevel":1,"itemNumberType":"ITEM","allocatorSystem":"MA","businessUnitId":...' to topic Item_Topic: org.apache.kafka.common.errors.TimeoutException: Expiring 18 record(s) for Item_Topic-0:170972 ms has passed since batch creation

2025-01-07 16:09:17.216  INFO [org.apache.kafka.clients.consumer.internals.ConsumerCoordinator:719] [Consumer clientId=consumer-item_group-1, groupId=item_group] Giving away all assigned partitions as lost since generation has been reset,indicating that consumer is no longer part of the group 
2025-01-07 16:09:17.216 ERROR [org.springframework.kafka.support.LoggingProducerListener:261] Exception thrown when sending a message with key='100038738' and payload='{"itemId":"100038738","itemLevel":1,"itemNumberType":"ITEM","allocatorSystem":"MA","businessUnitId":...' to topic Item_Topic: org.apache.kafka.common.errors.TimeoutException: Expiring 18 record(s) for Item_Topic-0:170972 ms has passed since batch creation

2025-01-07 16:09:17.216 ERROR [org.springframework.kafka.support.LoggingProducerListener:261] Exception thrown when sending a message with key='100038746' and payload='{"itemId":"100038746","itemLevel":1,"itemNumberType":"ITEM","allocatorSystem":"MA","businessUnitId":...' to topic Item_Topic: org.apache.kafka.common.errors.TimeoutException: Expiring 18 record(s) for Item_Topic-0:170972 ms has passed since batch creation

2025-01-07 16:09:17.216  INFO [org.apache.kafka.clients.consumer.internals.ConsumerCoordinator:329] [Consumer clientId=consumer-item_group-1, groupId=item_group] Lost previously assigned partitions Item_Topic-0 
2025-01-07 16:09:17.216 ERROR [org.springframework.kafka.support.LoggingProducerListener:261] Exception thrown when sending a message with key='100038762' and payload='{"itemId":"100038762","itemLevel":1,"itemNumberType":"ITEM","allocatorSystem":"MA","businessUnitId":...' to topic Item_Topic: org.apache.kafka.common.errors.TimeoutException: Expiring 18 record(s) for Item_Topic-0:170972 ms has passed since batch creation

2025-01-07 16:09:17.217 ERROR [org.springframework.kafka.support.LoggingProducerListener:261] Exception thrown when sending a message with key='100038788' and payload='{"itemId":"100038788","itemLevel":1,"itemNumberType":"ITEM","allocatorSystem":"MA","businessUnitId":...' to topic Item_Topic: org.apache.kafka.common.errors.TimeoutException: Expiring 18 record(s) for Item_Topic-0:170972 ms has passed since batch creation

2025-01-07 16:09:17.217  INFO [org.springframework.kafka.listener.KafkaMessageListenerContainer:292] item_group: partitions lost: [Item_Topic-0] 
2025-01-07 16:09:17.217  INFO [org.springframework.kafka.listener.KafkaMessageListenerContainer:292] item_group: partitions revoked: [Item_Topic-0] 
2025-01-07 16:09:17.218  INFO [org.apache.kafka.clients.consumer.internals.ConsumerCoordinator:535] [Consumer clientId=consumer-item_group-1, groupId=item_group] (Re-)joining group 
2025-01-07 16:09:17.219  INFO [org.apache.kafka.clients.consumer.internals.ConsumerCoordinator:1000] [Consumer clientId=consumer-item_group-1, groupId=item_group] Request joining group due to: need to re-join with the given member-id 
2025-01-07 16:09:17.220  INFO [org.apache.kafka.clients.consumer.internals.ConsumerCoordinator:535] [Consumer clientId=consumer-item_group-1, groupId=item_group] (Re-)joining group 
2025-01-07 16:09:17.222  INFO [org.apache.kafka.clients.consumer.internals.ConsumerCoordinator:595] [Consumer clientId=consumer-item_group-1, groupId=item_group] Successfully joined group with generation Generation{generationId=17, memberId='consumer-item_group-1-67a2ee1c-aca1-46ef-aec4-7f4da17b963e', protocol='range'} 
2025-01-07 16:09:17.222  INFO [org.apache.kafka.clients.consumer.internals.ConsumerCoordinator:654] [Consumer clientId=consumer-item_group-1, groupId=item_group] Finished assignment for group at generation 17: {consumer-item_group-1-67a2ee1c-aca1-46ef-aec4-7f4da17b963e=Assignment(partitions=[Item_Topic-0])} 
2025-01-07 16:09:17.224  INFO [org.apache.kafka.clients.consumer.internals.ConsumerCoordinator:761] [Consumer clientId=consumer-item_group-1, groupId=item_group] Successfully synced group in generation Generation{generationId=17, memberId='consumer-item_group-1-67a2ee1c-aca1-46ef-aec4-7f4da17b963e', protocol='range'} 
2025-01-07 16:09:17.225  INFO [org.apache.kafka.clients.consumer.internals.ConsumerCoordinator:279] [Consumer clientId=consumer-item_group-1, groupId=item_group] Notifying assignor about the new Assignment(partitions=[Item_Topic-0]) 
2025-01-07 16:09:17.225  INFO [org.apache.kafka.clients.consumer.internals.ConsumerCoordinator:291] [Consumer clientId=consumer-item_group-1, groupId=item_group] Adding newly assigned partitions: Item_Topic-0 
2025-01-07 16:09:17.227  INFO [org.apache.kafka.clients.consumer.internals.ConsumerCoordinator:846] [Consumer clientId=consumer-item_group-1, groupId=item_group] Setting offset for partition Item_Topic-0 to the committed offset FetchPosition{offset=502, offsetEpoch=Optional.empty, currentLeader=LeaderAndEpoch{leader=Optional[localhost:9092 (id: 0 rack: null)], epoch=0}} 
2025-01-07 16:09:17.227  INFO [org.springframework.kafka.listener.KafkaMessageListenerContainer:292] item_group: partitions assigned: [Item_Topic-0] 
2025-01-07 16:09:18.441  INFO [za.co.woolworths.itemkafka_poc.kafka.consumer.ItemConsumerService:38] Consumed Item: 100 
2025-01-07 16:09:19.158  INFO [za.co.woolworths.itemkafka_poc.kafka.consumer.ItemConsumerService:38] Consumed Item: 100027628 
2025-01-07 16:09:19.780  INFO [za.co.woolworths.itemkafka_poc.kafka.consumer.ItemConsumerService:38] Consumed Item: 100027636 
2025-01-07 16:09:20.375  INFO [za.co.woolworths.itemkafka_poc.kafka.consumer.ItemConsumerService:38] Consumed Item: 100028638 
2025-01-07 16:09:31.199  INFO [za.co.woolworths.itemkafka_poc.kafka.consumer.ItemConsumerService:38] Consumed Item: 100028646 
2025-01-07 16:09:31.201  INFO [za.co.woolworths.itemkafka_poc.kafka.consumer.ItemConsumerService:38] Consumed Item: 100029622 
2025-01-07 16:09:31.203  INFO [za.co.woolworths.itemkafka_poc.kafka.consumer.ItemConsumerService:38] Consumed Item: 100031620 
2025-01-07 16:09:31.208  INFO [za.co.woolworths.itemkafka_poc.kafka.consumer.ItemConsumerService:38] Consumed Item: 100031654 
2025-01-07 16:09:31.214  INFO [za.co.woolworths.itemkafka_poc.kafka.consumer.ItemConsumerService:38] Consumed Item: 100038796 
2025-01-07 16:09:31.216  INFO [za.co.woolworths.itemkafka_poc.kafka.consumer.ItemConsumerService:38] Consumed Item: 100038800 
2025-01-07 16:09:31.217  INFO [za.co.woolworths.itemkafka_poc.kafka.consumer.ItemConsumerService:38] Consumed Item: 100038818 
2025-01-07 16:09:31.219  INFO [za.co.woolworths.itemkafka_poc.kafka.consumer.ItemConsumerService:38] Consumed Item: 100038826 
2025-01-07 16:09:31.220  INFO [za.co.woolworths.itemkafka_poc.kafka.consumer.ItemConsumerService:38] Consumed Item: 100038834 
2025-01-07 16:09:31.222  INFO [za.co.woolworths.itemkafka_poc.kafka.consumer.ItemConsumerService:38] Consumed Item: 100038842 
2025-01-07 16:09:31.224  INFO [za.co.woolworths.itemkafka_poc.kafka.consumer.ItemConsumerService:38] Consumed Item: 100038850 
2025-01-07 16:09:31.225  INFO [za.co.woolworths.itemkafka_poc.kafka.consumer.ItemConsumerService:38] Consumed Item: 100038868 
2025-01-07 16:09:31.226  INFO [za.co.woolworths.itemkafka_poc.kafka.consumer.ItemConsumerService:38] Consumed Item: 100038876 
2025-01-07 16:09:31.227  INFO [za.co.woolworths.itemkafka_poc.kafka.consumer.ItemConsumerService:38] Consumed Item: 100038884 
2025-01-07 16:09:31.227  INFO [za.co.woolworths.itemkafka_poc.kafka.consumer.ItemConsumerService:38] Consumed Item: 100038892 
2025-01-07 16:09:31.228  INFO [za.co.woolworths.itemkafka_poc.kafka.consumer.ItemConsumerService:38] Consumed Item: 100038906 
2025-01-07 16:09:31.229  INFO [za.co.woolworths.itemkafka_poc.kafka.consumer.ItemConsumerService:38] Consumed Item: 100038914 
2025-01-07 16:09:31.230  INFO [za.co.woolworths.itemkafka_poc.kafka.consumer.ItemConsumerService:38] Consumed Item: 100038922 
2025-01-07 16:09:31.230  INFO [za.co.woolworths.itemkafka_poc.kafka.consumer.ItemConsumerService:38] Consumed Item: 100038930 
2025-01-07 16:09:31.231  INFO [za.co.woolworths.itemkafka_poc.kafka.consumer.ItemConsumerService:38] Consumed Item: 100039626 
2025-01-07 16:09:31.232  INFO [za.co.woolworths.itemkafka_poc.kafka.consumer.ItemConsumerService:38] Consumed Item: 100039650 
2025-01-07 16:09:31.232  INFO [za.co.woolworths.itemkafka_poc.kafka.consumer.ItemConsumerService:38] Consumed Item: 100039684 
2025-01-07 16:09:31.233  INFO [za.co.woolworths.itemkafka_poc.kafka.consumer.ItemConsumerService:38] Consumed Item: 100039692 
2025-01-07 16:09:31.233  INFO [za.co.woolworths.itemkafka_poc.kafka.consumer.ItemConsumerService:38] Consumed Item: 100039706 
2025-01-07 16:09:31.234  INFO [za.co.woolworths.itemkafka_poc.kafka.consumer.ItemConsumerService:38] Consumed Item: 100039714 
2025-01-07 16:09:31.234  INFO [za.co.woolworths.itemkafka_poc.kafka.consumer.ItemConsumerService:38] Consumed Item: 100039722 
2025-01-07 16:09:31.235  INFO [za.co.woolworths.itemkafka_poc.kafka.consumer.ItemConsumerService:38] Consumed Item: 100039730 
2025-01-07 16:09:31.235  INFO [za.co.woolworths.itemkafka_poc.kafka.consumer.ItemConsumerService:38] Consumed Item: 100039756 
2025-01-07 16:09:31.236  INFO [za.co.woolworths.itemkafka_poc.kafka.consumer.ItemConsumerService:38] Consumed Item: 100039764 
2025-01-07 16:09:31.236  INFO [za.co.woolworths.itemkafka_poc.kafka.consumer.ItemConsumerService:38] Consumed Item: 100039772 
2025-01-07 16:09:31.237  INFO [za.co.woolworths.itemkafka_poc.kafka.consumer.ItemConsumerService:38] Consumed Item: 100039780 
2025-01-07 16:09:31.237  INFO [za.co.woolworths.itemkafka_poc.kafka.consumer.ItemConsumerService:38] Consumed Item: 100040622 
2025-01-07 16:09:31.237  INFO [za.co.woolworths.itemkafka_poc.kafka.consumer.ItemConsumerService:38] Consumed Item: 100040630 
2025-01-07 16:09:31.238  INFO [za.co.woolworths.itemkafka_poc.kafka.consumer.ItemConsumerService:38] Consumed Item: 100040648 
2025-01-07 16:09:31.238  INFO [za.co.woolworths.itemkafka_poc.kafka.consumer.ItemConsumerService:38] Consumed Item: 100040656 
2025-01-07 16:09:31.238  INFO [za.co.woolworths.itemkafka_poc.kafka.consumer.ItemConsumerService:38] Consumed Item: 100040664 
2025-01-07 16:09:31.239  INFO [za.co.woolworths.itemkafka_poc.kafka.consumer.ItemConsumerService:38] Consumed Item: 100040672 
2025-01-07 16:09:31.239  INFO [za.co.woolworths.itemkafka_poc.kafka.consumer.ItemConsumerService:38] Consumed Item: 100040680 
2025-01-07 16:09:31.240  INFO [za.co.woolworths.itemkafka_poc.kafka.consumer.ItemConsumerService:38] Consumed Item: 100041682 
2025-01-07 16:09:31.240  INFO [za.co.woolworths.itemkafka_poc.kafka.consumer.ItemConsumerService:38] Consumed Item: 100041690 
2025-01-07 16:09:31.240  INFO [za.co.woolworths.itemkafka_poc.kafka.consumer.ItemConsumerService:38] Consumed Item: 100041704 
2025-01-07 16:09:31.240  INFO [za.co.woolworths.itemkafka_poc.kafka.consumer.ItemConsumerService:38] Consumed Item: 100041712 
2025-01-07 16:09:31.241  INFO [za.co.woolworths.itemkafka_poc.kafka.consumer.ItemConsumerService:38] Consumed Item: 100042626 
2025-01-07 16:09:31.241  INFO [za.co.woolworths.itemkafka_poc.kafka.consumer.ItemConsumerService:38] Consumed Item: 100042634 
2025-01-07 16:09:31.241  INFO [za.co.woolworths.itemkafka_poc.kafka.consumer.ItemConsumerService:38] Consumed Item: 100042642 
2025-01-07 16:09:31.241  INFO [za.co.woolworths.itemkafka_poc.kafka.consumer.ItemConsumerService:38] Consumed Item: 100042668 
2025-01-07 16:09:31.241  INFO [za.co.woolworths.itemkafka_poc.kafka.consumer.ItemConsumerService:38] Consumed Item: 100042676 
2025-01-07 16:09:31.242  INFO [za.co.woolworths.itemkafka_poc.kafka.consumer.ItemConsumerService:38] Consumed Item: 100042684 
2025-01-07 16:09:31.242  INFO [za.co.woolworths.itemkafka_poc.kafka.consumer.ItemConsumerService:38] Consumed Item: 100042692 
2025-01-07 16:09:31.242  INFO [za.co.woolworths.itemkafka_poc.kafka.consumer.ItemConsumerService:38] Consumed Item: 100044620 
2025-01-07 16:09:31.242  INFO [za.co.woolworths.itemkafka_poc.kafka.consumer.ItemConsumerService:38] Consumed Item: 100044638 
2025-01-07 16:09:31.243  INFO [za.co.woolworths.itemkafka_poc.kafka.consumer.ItemConsumerService:38] Consumed Item: 100044646 
2025-01-07 16:09:31.243  INFO [za.co.woolworths.itemkafka_poc.kafka.consumer.ItemConsumerService:38] Consumed Item: 100044654 
2025-01-07 16:09:31.243  INFO [za.co.woolworths.itemkafka_poc.kafka.consumer.ItemConsumerService:38] Consumed Item: 100044662 
2025-01-07 16:09:31.243  INFO [za.co.woolworths.itemkafka_poc.kafka.consumer.ItemConsumerService:38] Consumed Item: 100044670 
2025-01-07 16:09:31.244  INFO [za.co.woolworths.itemkafka_poc.kafka.consumer.ItemConsumerService:38] Consumed Item: 100044696 
2025-01-07 16:09:31.244  INFO [za.co.woolworths.itemkafka_poc.kafka.consumer.ItemConsumerService:38] Consumed Item: 100044700 
2025-01-07 16:09:31.244  INFO [za.co.woolworths.itemkafka_poc.kafka.consumer.ItemConsumerService:38] Consumed Item: 100044718 
2025-01-07 16:09:31.244  INFO [za.co.woolworths.itemkafka_poc.kafka.consumer.ItemConsumerService:38] Consumed Item: 100046624 
2025-01-07 16:09:31.245  INFO [za.co.woolworths.itemkafka_poc.kafka.consumer.ItemConsumerService:38] Consumed Item: 100046632 
2025-01-07 16:09:52.304  INFO [org.apache.kafka.clients.consumer.internals.ConsumerCoordinator:310] [Consumer clientId=consumer-item_group-1, groupId=item_group] Revoke previously assigned partitions Item_Topic-0 
2025-01-07 16:09:52.305  INFO [org.springframework.kafka.listener.KafkaMessageListenerContainer:292] item_group: partitions revoked: [Item_Topic-0] 
2025-01-07 16:09:52.305  INFO [org.apache.kafka.clients.consumer.internals.ConsumerCoordinator:1060] [Consumer clientId=consumer-item_group-1, groupId=item_group] Member consumer-item_group-1-67a2ee1c-aca1-46ef-aec4-7f4da17b963e sending LeaveGroup request to coordinator localhost:9092 (id: 2147483647 rack: null) due to the consumer unsubscribed from all topics 
2025-01-07 16:09:52.306  INFO [org.apache.kafka.clients.consumer.internals.ConsumerCoordinator:972] [Consumer clientId=consumer-item_group-1, groupId=item_group] Resetting generation due to: consumer pro-actively leaving the group 
2025-01-07 16:09:52.306  INFO [org.apache.kafka.clients.consumer.internals.ConsumerCoordinator:1000] [Consumer clientId=consumer-item_group-1, groupId=item_group] Request joining group due to: consumer pro-actively leaving the group 
2025-01-07 16:09:52.306  INFO [org.apache.kafka.clients.consumer.KafkaConsumer:1075] [Consumer clientId=consumer-item_group-1, groupId=item_group] Unsubscribed all topics or patterns and assigned partitions 
2025-01-07 16:09:52.308  INFO [org.apache.kafka.clients.consumer.internals.ConsumerCoordinator:972] [Consumer clientId=consumer-item_group-1, groupId=item_group] Resetting generation due to: consumer pro-actively leaving the group 
2025-01-07 16:09:52.308  INFO [org.apache.kafka.clients.consumer.internals.ConsumerCoordinator:1000] [Consumer clientId=consumer-item_group-1, groupId=item_group] Request joining group due to: consumer pro-actively leaving the group 
2025-01-07 16:09:52.312  INFO [org.apache.kafka.common.metrics.Metrics:659] Metrics scheduler closed 
2025-01-07 16:09:52.313  INFO [org.apache.kafka.common.metrics.Metrics:663] Closing reporter org.apache.kafka.common.metrics.JmxReporter 
2025-01-07 16:09:52.314  INFO [org.apache.kafka.common.metrics.Metrics:669] Metrics reporters closed 
2025-01-07 16:09:52.322  INFO [org.apache.kafka.common.utils.AppInfoParser:83] App info kafka.consumer for consumer-item_group-1 unregistered 
2025-01-07 16:09:52.323  INFO [org.springframework.kafka.listener.KafkaMessageListenerContainer:292] item_group: Consumer stopped 
2025-01-07 16:09:52.326  INFO [org.apache.kafka.clients.producer.KafkaProducer:1249] [Producer clientId=producer-1] Closing the Kafka producer with timeoutMillis = 30000 ms. 
2025-01-07 16:09:52.331  INFO [org.apache.kafka.common.metrics.Metrics:659] Metrics scheduler closed 
2025-01-07 16:09:52.332  INFO [org.apache.kafka.common.metrics.Metrics:663] Closing reporter org.apache.kafka.common.metrics.JmxReporter 
2025-01-07 16:09:52.332  INFO [org.apache.kafka.common.metrics.Metrics:669] Metrics reporters closed 
2025-01-07 16:09:52.332  INFO [org.apache.kafka.common.utils.AppInfoParser:83] App info kafka.producer for producer-1 unregistered 
2025-01-07 16:09:52.334  INFO [org.springframework.orm.jpa.LocalContainerEntityManagerFactoryBean:651] Closing JPA EntityManagerFactory for persistence unit 'default' 
2025-01-07 16:09:52.336  INFO [com.zaxxer.hikari.HikariDataSource:350] HikariPool-1 - Shutdown initiated... 
2025-01-07 16:09:52.338  INFO [com.zaxxer.hikari.HikariDataSource:352] HikariPool-1 - Shutdown completed. 
2025-01-07 16:10:06.045  INFO [za.co.woolworths.itemkafka_poc.KafkaItemProducerPocApplication:55] Starting KafkaItemProducerPocApplication using Java 15.0.2 on W49204302 with PID 15040 (C:\Workspaces\Item-Kafka-Producer-POC\Item-Kafka-Producer-POC\target\classes started by W7178930 in C:\Workspaces\Item-Kafka-Producer-POC\Item-Kafka-Producer-POC) 
2025-01-07 16:10:06.047  INFO [za.co.woolworths.itemkafka_poc.KafkaItemProducerPocApplication:640] The following 2 profiles are active: "swagger", "dev" 
2025-01-07 16:10:06.717  INFO [org.springframework.data.repository.config.RepositoryConfigurationDelegate:132] Bootstrapping Spring Data JPA repositories in DEFAULT mode. 
2025-01-07 16:10:06.770  INFO [org.springframework.data.repository.config.RepositoryConfigurationDelegate:201] Finished Spring Data repository scanning in 37 ms. Found 1 JPA repository interfaces. 
2025-01-07 16:10:07.326  INFO [org.springframework.boot.web.embedded.tomcat.TomcatWebServer:108] Tomcat initialized with port(s): 8081 (http) 
2025-01-07 16:10:07.334  INFO [org.apache.coyote.http11.Http11NioProtocol:173] Initializing ProtocolHandler ["http-nio-8081"] 
2025-01-07 16:10:07.335  INFO [org.apache.catalina.core.StandardService:173] Starting service [Tomcat] 
2025-01-07 16:10:07.335  INFO [org.apache.catalina.core.StandardEngine:173] Starting Servlet engine: [Apache Tomcat/9.0.64] 
2025-01-07 16:10:07.451  INFO [org.apache.catalina.core.ContainerBase.[Tomcat].[localhost].[/]:173] Initializing Spring embedded WebApplicationContext 
2025-01-07 16:10:07.451  INFO [org.springframework.boot.web.servlet.context.ServletWebServerApplicationContext:292] Root WebApplicationContext: initialization completed in 1374 ms 
2025-01-07 16:10:07.742  INFO [com.zaxxer.hikari.HikariDataSource:110] HikariPool-1 - Starting... 
2025-01-07 16:10:08.899  INFO [com.zaxxer.hikari.HikariDataSource:123] HikariPool-1 - Start completed. 
2025-01-07 16:10:08.930  INFO [org.hibernate.jpa.internal.util.LogHelper:31] HHH000204: Processing PersistenceUnitInfo [name: default] 
2025-01-07 16:10:08.963  INFO [org.hibernate.Version:44] HHH000412: Hibernate ORM core version 5.6.9.Final 
2025-01-07 16:10:09.106  INFO [org.hibernate.annotations.common.Version:56] HCANN000001: Hibernate Commons Annotations {5.1.2.Final} 
2025-01-07 16:10:09.227  INFO [org.hibernate.dialect.Dialect:175] HHH000400: Using dialect: org.hibernate.dialect.SQLServer2016Dialect 
2025-01-07 16:10:09.782  INFO [org.hibernate.engine.transaction.jta.platform.internal.JtaPlatformInitiator:52] HHH000490: Using JtaPlatform implementation: [org.hibernate.engine.transaction.jta.platform.internal.NoJtaPlatform] 
2025-01-07 16:10:09.787  INFO [org.springframework.orm.jpa.LocalContainerEntityManagerFactoryBean:437] Initialized JPA EntityManagerFactory for persistence unit 'default' 
2025-01-07 16:10:10.230  WARN [org.springframework.boot.autoconfigure.orm.jpa.JpaBaseConfiguration$JpaWebConfiguration:219] spring.jpa.open-in-view is enabled by default. Therefore, database queries may be performed during view rendering. Explicitly configure spring.jpa.open-in-view to disable this warning 
2025-01-07 16:10:10.313 DEBUG [org.springframework.web.servlet.mvc.method.annotation.RequestMappingHandlerMapping:367] 10 mappings in 'requestMappingHandlerMapping' 
2025-01-07 16:10:10.540 DEBUG [org.springframework.web.servlet.handler.SimpleUrlHandlerMapping:188] Patterns [/agent/swagger-ui*/**] in 'resourceHandlerMapping' 
2025-01-07 16:10:10.579 DEBUG [org.springframework.web.servlet.mvc.method.annotation.RequestMappingHandlerAdapter:625] ControllerAdvice beans: 0 @ModelAttribute, 0 @InitBinder, 1 RequestBodyAdvice, 1 ResponseBodyAdvice 
2025-01-07 16:10:10.608 DEBUG [org.springframework.web.servlet.mvc.method.annotation.ExceptionHandlerExceptionResolver:307] ControllerAdvice beans: 1 @ExceptionHandler, 1 ResponseBodyAdvice 
2025-01-07 16:10:10.882  INFO [org.springframework.boot.actuate.endpoint.web.EndpointLinksResolver:58] Exposing 1 endpoint(s) beneath base path '/actuator' 
2025-01-07 16:10:10.974  INFO [org.apache.kafka.clients.consumer.ConsumerConfig:376] ConsumerConfig values: 
	allow.auto.create.topics = true
	auto.commit.interval.ms = 5000
	auto.offset.reset = latest
	bootstrap.servers = [localhost:9092]
	check.crcs = true
	client.dns.lookup = use_all_dns_ips
	client.id = consumer-item_group-1
	client.rack = 
	connections.max.idle.ms = 540000
	default.api.timeout.ms = 60000
	enable.auto.commit = false
	exclude.internal.topics = true
	fetch.max.bytes = 52428800
	fetch.max.wait.ms = 500
	fetch.min.bytes = 1
	group.id = item_group
	group.instance.id = null
	heartbeat.interval.ms = 3000
	interceptor.classes = []
	internal.leave.group.on.close = true
	internal.throw.on.fetch.stable.offset.unsupported = false
	isolation.level = read_uncommitted
	key.deserializer = class org.apache.kafka.common.serialization.StringDeserializer
	max.partition.fetch.bytes = 1048576
	max.poll.interval.ms = 300000
	max.poll.records = 500
	metadata.max.age.ms = 300000
	metric.reporters = []
	metrics.num.samples = 2
	metrics.recording.level = INFO
	metrics.sample.window.ms = 30000
	partition.assignment.strategy = [class org.apache.kafka.clients.consumer.RangeAssignor, class org.apache.kafka.clients.consumer.CooperativeStickyAssignor]
	receive.buffer.bytes = 65536
	reconnect.backoff.max.ms = 1000
	reconnect.backoff.ms = 50
	request.timeout.ms = 30000
	retry.backoff.ms = 100
	sasl.client.callback.handler.class = null
	sasl.jaas.config = null
	sasl.kerberos.kinit.cmd = /usr/bin/kinit
	sasl.kerberos.min.time.before.relogin = 60000
	sasl.kerberos.service.name = null
	sasl.kerberos.ticket.renew.jitter = 0.05
	sasl.kerberos.ticket.renew.window.factor = 0.8
	sasl.login.callback.handler.class = null
	sasl.login.class = null
	sasl.login.connect.timeout.ms = null
	sasl.login.read.timeout.ms = null
	sasl.login.refresh.buffer.seconds = 300
	sasl.login.refresh.min.period.seconds = 60
	sasl.login.refresh.window.factor = 0.8
	sasl.login.refresh.window.jitter = 0.05
	sasl.login.retry.backoff.max.ms = 10000
	sasl.login.retry.backoff.ms = 100
	sasl.mechanism = GSSAPI
	sasl.oauthbearer.clock.skew.seconds = 30
	sasl.oauthbearer.expected.audience = null
	sasl.oauthbearer.expected.issuer = null
	sasl.oauthbearer.jwks.endpoint.refresh.ms = 3600000
	sasl.oauthbearer.jwks.endpoint.retry.backoff.max.ms = 10000
	sasl.oauthbearer.jwks.endpoint.retry.backoff.ms = 100
	sasl.oauthbearer.jwks.endpoint.url = null
	sasl.oauthbearer.scope.claim.name = scope
	sasl.oauthbearer.sub.claim.name = sub
	sasl.oauthbearer.token.endpoint.url = null
	security.protocol = PLAINTEXT
	security.providers = null
	send.buffer.bytes = 131072
	session.timeout.ms = 45000
	socket.connection.setup.timeout.max.ms = 30000
	socket.connection.setup.timeout.ms = 10000
	ssl.cipher.suites = null
	ssl.enabled.protocols = [TLSv1.2, TLSv1.3]
	ssl.endpoint.identification.algorithm = https
	ssl.engine.factory.class = null
	ssl.key.password = null
	ssl.keymanager.algorithm = SunX509
	ssl.keystore.certificate.chain = null
	ssl.keystore.key = null
	ssl.keystore.location = null
	ssl.keystore.password = null
	ssl.keystore.type = JKS
	ssl.protocol = TLSv1.3
	ssl.provider = null
	ssl.secure.random.implementation = null
	ssl.trustmanager.algorithm = PKIX
	ssl.truststore.certificates = null
	ssl.truststore.location = null
	ssl.truststore.password = null
	ssl.truststore.type = JKS
	value.deserializer = class org.apache.kafka.common.serialization.StringDeserializer
 
2025-01-07 16:10:11.097  INFO [org.apache.kafka.common.utils.AppInfoParser:119] Kafka version: 3.1.1 
2025-01-07 16:10:11.098  INFO [org.apache.kafka.common.utils.AppInfoParser:120] Kafka commitId: 97671528ba54a138 
2025-01-07 16:10:11.098  INFO [org.apache.kafka.common.utils.AppInfoParser:121] Kafka startTimeMs: 1736259011096 
2025-01-07 16:10:11.119  INFO [org.apache.kafka.clients.consumer.KafkaConsumer:966] [Consumer clientId=consumer-item_group-1, groupId=item_group] Subscribed to topic(s): Item_Topic 
2025-01-07 16:10:11.140  INFO [org.apache.coyote.http11.Http11NioProtocol:173] Starting ProtocolHandler ["http-nio-8081"] 
2025-01-07 16:10:11.156  INFO [org.springframework.boot.web.embedded.tomcat.TomcatWebServer:220] Tomcat started on port(s): 8081 (http) with context path '' 
2025-01-07 16:10:11.171  INFO [za.co.woolworths.itemkafka_poc.KafkaItemProducerPocApplication:61] Started KafkaItemProducerPocApplication in 5.43 seconds (JVM running for 5.695) 
2025-01-07 16:10:11.398  INFO [org.apache.kafka.clients.Metadata:402] [Consumer clientId=consumer-item_group-1, groupId=item_group] Resetting the last seen epoch of partition Item_Topic-0 to 0 since the associated topicId changed from null to lncACV4PTO-QzmY7TGKExg 
2025-01-07 16:10:11.399  INFO [org.apache.kafka.clients.Metadata:287] [Consumer clientId=consumer-item_group-1, groupId=item_group] Cluster ID: IdFmegt5SVqKpmFnoQXPDA 
2025-01-07 16:10:11.400  INFO [org.apache.kafka.clients.consumer.internals.ConsumerCoordinator:853] [Consumer clientId=consumer-item_group-1, groupId=item_group] Discovered group coordinator localhost:9092 (id: 2147483647 rack: null) 
2025-01-07 16:10:11.402  INFO [org.apache.kafka.clients.consumer.internals.ConsumerCoordinator:535] [Consumer clientId=consumer-item_group-1, groupId=item_group] (Re-)joining group 
2025-01-07 16:10:11.410  INFO [org.apache.kafka.clients.consumer.internals.ConsumerCoordinator:1000] [Consumer clientId=consumer-item_group-1, groupId=item_group] Request joining group due to: need to re-join with the given member-id 
2025-01-07 16:10:11.411  INFO [org.apache.kafka.clients.consumer.internals.ConsumerCoordinator:535] [Consumer clientId=consumer-item_group-1, groupId=item_group] (Re-)joining group 
2025-01-07 16:10:11.413  INFO [org.apache.kafka.clients.consumer.internals.ConsumerCoordinator:595] [Consumer clientId=consumer-item_group-1, groupId=item_group] Successfully joined group with generation Generation{generationId=19, memberId='consumer-item_group-1-9401deb7-03f9-4d59-8738-6369d8cba597', protocol='range'} 
2025-01-07 16:10:11.414  INFO [org.apache.kafka.clients.consumer.internals.ConsumerCoordinator:654] [Consumer clientId=consumer-item_group-1, groupId=item_group] Finished assignment for group at generation 19: {consumer-item_group-1-9401deb7-03f9-4d59-8738-6369d8cba597=Assignment(partitions=[Item_Topic-0])} 
2025-01-07 16:10:11.418  INFO [org.apache.kafka.clients.consumer.internals.ConsumerCoordinator:761] [Consumer clientId=consumer-item_group-1, groupId=item_group] Successfully synced group in generation Generation{generationId=19, memberId='consumer-item_group-1-9401deb7-03f9-4d59-8738-6369d8cba597', protocol='range'} 
2025-01-07 16:10:11.418  INFO [org.apache.kafka.clients.consumer.internals.ConsumerCoordinator:279] [Consumer clientId=consumer-item_group-1, groupId=item_group] Notifying assignor about the new Assignment(partitions=[Item_Topic-0]) 
2025-01-07 16:10:11.419  INFO [org.apache.kafka.clients.consumer.internals.ConsumerCoordinator:291] [Consumer clientId=consumer-item_group-1, groupId=item_group] Adding newly assigned partitions: Item_Topic-0 
2025-01-07 16:10:11.425  INFO [org.apache.kafka.clients.consumer.internals.ConsumerCoordinator:846] [Consumer clientId=consumer-item_group-1, groupId=item_group] Setting offset for partition Item_Topic-0 to the committed offset FetchPosition{offset=566, offsetEpoch=Optional.empty, currentLeader=LeaderAndEpoch{leader=Optional[localhost:9092 (id: 0 rack: null)], epoch=0}} 
2025-01-07 16:10:11.426  INFO [org.springframework.kafka.listener.KafkaMessageListenerContainer:292] item_group: partitions assigned: [Item_Topic-0] 
2025-01-07 16:10:19.061  INFO [org.apache.catalina.core.ContainerBase.[Tomcat].[localhost].[/]:173] Initializing Spring DispatcherServlet 'dispatcherServlet' 
2025-01-07 16:10:19.062  INFO [org.springframework.web.servlet.DispatcherServlet:525] Initializing Servlet 'dispatcherServlet' 
2025-01-07 16:10:19.063 DEBUG [org.springframework.web.servlet.DispatcherServlet:520] Detected StandardServletMultipartResolver 
2025-01-07 16:10:19.063 DEBUG [org.springframework.web.servlet.DispatcherServlet:544] Detected AcceptHeaderLocaleResolver 
2025-01-07 16:10:19.063 DEBUG [org.springframework.web.servlet.DispatcherServlet:569] Detected FixedThemeResolver 
2025-01-07 16:10:19.064 DEBUG [org.springframework.web.servlet.DispatcherServlet:719] Detected org.springframework.web.servlet.view.DefaultRequestToViewNameTranslator@2df24f19 
2025-01-07 16:10:19.065 DEBUG [org.springframework.web.servlet.DispatcherServlet:783] Detected org.springframework.web.servlet.support.SessionFlashMapManager@795e8ef5 
2025-01-07 16:10:19.065 DEBUG [org.springframework.web.servlet.DispatcherServlet:542] enableLoggingRequestDetails='false': request parameters and headers will be masked to prevent unsafe logging of potentially sensitive data 
2025-01-07 16:10:19.065  INFO [org.springframework.web.servlet.DispatcherServlet:547] Completed initialization in 2 ms 
2025-01-07 16:10:19.071 DEBUG [org.springframework.web.servlet.DispatcherServlet:119] POST "/item-kafka/app/publish-items/v1", parameters={} 
2025-01-07 16:10:19.080 DEBUG [org.springframework.web.servlet.mvc.method.annotation.RequestMappingHandlerMapping:522] Mapped to za.co.woolworths.itemkafka_poc.controller.ItemProducerController#createItemKafkaTopic() 
2025-01-07 16:10:19.587  INFO [org.apache.kafka.clients.producer.ProducerConfig:376] ProducerConfig values: 
	acks = -1
	batch.size = 16384
	bootstrap.servers = [localhost:9092]
	buffer.memory = 33554432
	client.dns.lookup = use_all_dns_ips
	client.id = producer-1
	compression.type = none
	connections.max.idle.ms = 540000
	delivery.timeout.ms = 120000
	enable.idempotence = true
	interceptor.classes = []
	key.serializer = class org.apache.kafka.common.serialization.StringSerializer
	linger.ms = 0
	max.block.ms = 60000
	max.in.flight.requests.per.connection = 5
	max.request.size = 1048576
	metadata.max.age.ms = 300000
	metadata.max.idle.ms = 300000
	metric.reporters = []
	metrics.num.samples = 2
	metrics.recording.level = INFO
	metrics.sample.window.ms = 30000
	partitioner.class = class org.apache.kafka.clients.producer.internals.DefaultPartitioner
	receive.buffer.bytes = 32768
	reconnect.backoff.max.ms = 1000
	reconnect.backoff.ms = 50
	request.timeout.ms = 120000
	retries = 3
	retry.backoff.ms = 100
	sasl.client.callback.handler.class = null
	sasl.jaas.config = null
	sasl.kerberos.kinit.cmd = /usr/bin/kinit
	sasl.kerberos.min.time.before.relogin = 60000
	sasl.kerberos.service.name = null
	sasl.kerberos.ticket.renew.jitter = 0.05
	sasl.kerberos.ticket.renew.window.factor = 0.8
	sasl.login.callback.handler.class = null
	sasl.login.class = null
	sasl.login.connect.timeout.ms = null
	sasl.login.read.timeout.ms = null
	sasl.login.refresh.buffer.seconds = 300
	sasl.login.refresh.min.period.seconds = 60
	sasl.login.refresh.window.factor = 0.8
	sasl.login.refresh.window.jitter = 0.05
	sasl.login.retry.backoff.max.ms = 10000
	sasl.login.retry.backoff.ms = 100
	sasl.mechanism = GSSAPI
	sasl.oauthbearer.clock.skew.seconds = 30
	sasl.oauthbearer.expected.audience = null
	sasl.oauthbearer.expected.issuer = null
	sasl.oauthbearer.jwks.endpoint.refresh.ms = 3600000
	sasl.oauthbearer.jwks.endpoint.retry.backoff.max.ms = 10000
	sasl.oauthbearer.jwks.endpoint.retry.backoff.ms = 100
	sasl.oauthbearer.jwks.endpoint.url = null
	sasl.oauthbearer.scope.claim.name = scope
	sasl.oauthbearer.sub.claim.name = sub
	sasl.oauthbearer.token.endpoint.url = null
	security.protocol = PLAINTEXT
	security.providers = null
	send.buffer.bytes = 131072
	socket.connection.setup.timeout.max.ms = 30000
	socket.connection.setup.timeout.ms = 10000
	ssl.cipher.suites = null
	ssl.enabled.protocols = [TLSv1.2, TLSv1.3]
	ssl.endpoint.identification.algorithm = https
	ssl.engine.factory.class = null
	ssl.key.password = null
	ssl.keymanager.algorithm = SunX509
	ssl.keystore.certificate.chain = null
	ssl.keystore.key = null
	ssl.keystore.location = null
	ssl.keystore.password = null
	ssl.keystore.type = JKS
	ssl.protocol = TLSv1.3
	ssl.provider = null
	ssl.secure.random.implementation = null
	ssl.trustmanager.algorithm = PKIX
	ssl.truststore.certificates = null
	ssl.truststore.location = null
	ssl.truststore.password = null
	ssl.truststore.type = JKS
	transaction.timeout.ms = 60000
	transactional.id = null
	value.serializer = class org.apache.kafka.common.serialization.StringSerializer
 
2025-01-07 16:10:19.593  INFO [org.apache.kafka.clients.producer.KafkaProducer:572] [Producer clientId=producer-1] Instantiated an idempotent producer. 
2025-01-07 16:10:19.604  INFO [org.apache.kafka.common.utils.AppInfoParser:119] Kafka version: 3.1.1 
2025-01-07 16:10:19.604  INFO [org.apache.kafka.common.utils.AppInfoParser:120] Kafka commitId: 97671528ba54a138 
2025-01-07 16:10:19.604  INFO [org.apache.kafka.common.utils.AppInfoParser:121] Kafka startTimeMs: 1736259019604 
2025-01-07 16:10:19.610  INFO [org.apache.kafka.clients.Metadata:402] [Producer clientId=producer-1] Resetting the last seen epoch of partition Item_Topic-0 to 0 since the associated topicId changed from null to lncACV4PTO-QzmY7TGKExg 
2025-01-07 16:10:19.610  INFO [org.apache.kafka.clients.Metadata:287] [Producer clientId=producer-1] Cluster ID: IdFmegt5SVqKpmFnoQXPDA 
2025-01-07 16:10:19.611  INFO [org.apache.kafka.clients.producer.internals.TransactionManager:554] [Producer clientId=producer-1] ProducerId set to 1003 with epoch 0 
2025-01-07 16:10:19.653 DEBUG [org.springframework.web.servlet.mvc.method.annotation.RequestResponseBodyMethodProcessor:268] Using 'application/text', given [application/text] and supported [application/text] 
2025-01-07 16:10:19.655 DEBUG [org.springframework.web.servlet.mvc.method.annotation.RequestResponseBodyMethodProcessor:119] Writing ["Items sent to Kafka Topic successfully!"] 
2025-01-07 16:10:19.665 DEBUG [org.springframework.web.servlet.DispatcherServlet:1131] Completed 200 OK 
2025-01-07 16:10:44.592  INFO [org.apache.kafka.clients.consumer.internals.ConsumerCoordinator:310] [Consumer clientId=consumer-item_group-1, groupId=item_group] Revoke previously assigned partitions Item_Topic-0 
2025-01-07 16:10:44.592  INFO [org.springframework.kafka.listener.KafkaMessageListenerContainer:292] item_group: partitions revoked: [Item_Topic-0] 
2025-01-07 16:10:44.592  INFO [org.apache.kafka.clients.consumer.internals.ConsumerCoordinator:1060] [Consumer clientId=consumer-item_group-1, groupId=item_group] Member consumer-item_group-1-9401deb7-03f9-4d59-8738-6369d8cba597 sending LeaveGroup request to coordinator localhost:9092 (id: 2147483647 rack: null) due to the consumer unsubscribed from all topics 
2025-01-07 16:10:44.593  INFO [org.apache.kafka.clients.consumer.internals.ConsumerCoordinator:972] [Consumer clientId=consumer-item_group-1, groupId=item_group] Resetting generation due to: consumer pro-actively leaving the group 
2025-01-07 16:10:44.593  INFO [org.apache.kafka.clients.consumer.internals.ConsumerCoordinator:1000] [Consumer clientId=consumer-item_group-1, groupId=item_group] Request joining group due to: consumer pro-actively leaving the group 
2025-01-07 16:10:44.593  INFO [org.apache.kafka.clients.consumer.KafkaConsumer:1075] [Consumer clientId=consumer-item_group-1, groupId=item_group] Unsubscribed all topics or patterns and assigned partitions 
2025-01-07 16:10:44.593  INFO [org.apache.kafka.clients.consumer.internals.ConsumerCoordinator:972] [Consumer clientId=consumer-item_group-1, groupId=item_group] Resetting generation due to: consumer pro-actively leaving the group 
2025-01-07 16:10:44.594  INFO [org.apache.kafka.clients.consumer.internals.ConsumerCoordinator:1000] [Consumer clientId=consumer-item_group-1, groupId=item_group] Request joining group due to: consumer pro-actively leaving the group 
2025-01-07 16:10:44.597  INFO [org.apache.kafka.common.metrics.Metrics:659] Metrics scheduler closed 
2025-01-07 16:10:44.597  INFO [org.apache.kafka.common.metrics.Metrics:663] Closing reporter org.apache.kafka.common.metrics.JmxReporter 
2025-01-07 16:10:44.598  INFO [org.apache.kafka.common.metrics.Metrics:669] Metrics reporters closed 
2025-01-07 16:10:44.600  INFO [org.apache.kafka.common.utils.AppInfoParser:83] App info kafka.consumer for consumer-item_group-1 unregistered 
2025-01-07 16:10:44.601  INFO [org.springframework.kafka.listener.KafkaMessageListenerContainer:292] item_group: Consumer stopped 
2025-01-07 16:10:44.604  INFO [org.apache.kafka.clients.producer.KafkaProducer:1249] [Producer clientId=producer-1] Closing the Kafka producer with timeoutMillis = 30000 ms. 
2025-01-07 16:10:44.606  INFO [org.apache.kafka.common.metrics.Metrics:659] Metrics scheduler closed 
2025-01-07 16:10:44.606  INFO [org.apache.kafka.common.metrics.Metrics:663] Closing reporter org.apache.kafka.common.metrics.JmxReporter 
2025-01-07 16:10:44.606  INFO [org.apache.kafka.common.metrics.Metrics:669] Metrics reporters closed 
2025-01-07 16:10:44.607  INFO [org.apache.kafka.common.utils.AppInfoParser:83] App info kafka.producer for producer-1 unregistered 
2025-01-07 16:10:44.608  INFO [org.springframework.orm.jpa.LocalContainerEntityManagerFactoryBean:651] Closing JPA EntityManagerFactory for persistence unit 'default' 
2025-01-07 16:10:44.611  INFO [com.zaxxer.hikari.HikariDataSource:350] HikariPool-1 - Shutdown initiated... 
2025-01-07 16:10:44.613  INFO [com.zaxxer.hikari.HikariDataSource:352] HikariPool-1 - Shutdown completed. 
2025-01-07 16:18:08.897  INFO [za.co.woolworths.itemkafka_poc.KafkaItemProducerPocApplication:55] Starting KafkaItemProducerPocApplication using Java 15.0.2 on W49204302 with PID 14088 (C:\Workspaces\Item-Kafka-Producer-POC\Item-Kafka-Producer-POC\target\classes started by W7178930 in C:\Workspaces\Item-Kafka-Producer-POC\Item-Kafka-Producer-POC) 
2025-01-07 16:18:08.898  INFO [za.co.woolworths.itemkafka_poc.KafkaItemProducerPocApplication:640] The following 2 profiles are active: "swagger", "dev" 
2025-01-07 16:18:09.580  INFO [org.springframework.data.repository.config.RepositoryConfigurationDelegate:132] Bootstrapping Spring Data JPA repositories in DEFAULT mode. 
2025-01-07 16:18:09.639  INFO [org.springframework.data.repository.config.RepositoryConfigurationDelegate:201] Finished Spring Data repository scanning in 50 ms. Found 1 JPA repository interfaces. 
2025-01-07 16:18:10.245  INFO [org.springframework.boot.web.embedded.tomcat.TomcatWebServer:108] Tomcat initialized with port(s): 8081 (http) 
2025-01-07 16:18:10.252  INFO [org.apache.coyote.http11.Http11NioProtocol:173] Initializing ProtocolHandler ["http-nio-8081"] 
2025-01-07 16:18:10.253  INFO [org.apache.catalina.core.StandardService:173] Starting service [Tomcat] 
2025-01-07 16:18:10.253  INFO [org.apache.catalina.core.StandardEngine:173] Starting Servlet engine: [Apache Tomcat/9.0.64] 
2025-01-07 16:18:10.376  INFO [org.apache.catalina.core.ContainerBase.[Tomcat].[localhost].[/]:173] Initializing Spring embedded WebApplicationContext 
2025-01-07 16:18:10.376  INFO [org.springframework.boot.web.servlet.context.ServletWebServerApplicationContext:292] Root WebApplicationContext: initialization completed in 1456 ms 
2025-01-07 16:18:10.660  INFO [com.zaxxer.hikari.HikariDataSource:110] HikariPool-1 - Starting... 
2025-01-07 16:18:11.498  INFO [com.zaxxer.hikari.HikariDataSource:123] HikariPool-1 - Start completed. 
2025-01-07 16:18:11.526  INFO [org.hibernate.jpa.internal.util.LogHelper:31] HHH000204: Processing PersistenceUnitInfo [name: default] 
2025-01-07 16:18:11.562  INFO [org.hibernate.Version:44] HHH000412: Hibernate ORM core version 5.6.9.Final 
2025-01-07 16:18:11.676  INFO [org.hibernate.annotations.common.Version:56] HCANN000001: Hibernate Commons Annotations {5.1.2.Final} 
2025-01-07 16:18:11.797  INFO [org.hibernate.dialect.Dialect:175] HHH000400: Using dialect: org.hibernate.dialect.SQLServer2016Dialect 
2025-01-07 16:18:12.308  INFO [org.hibernate.engine.transaction.jta.platform.internal.JtaPlatformInitiator:52] HHH000490: Using JtaPlatform implementation: [org.hibernate.engine.transaction.jta.platform.internal.NoJtaPlatform] 
2025-01-07 16:18:12.316  INFO [org.springframework.orm.jpa.LocalContainerEntityManagerFactoryBean:437] Initialized JPA EntityManagerFactory for persistence unit 'default' 
2025-01-07 16:18:12.808  WARN [org.springframework.boot.autoconfigure.orm.jpa.JpaBaseConfiguration$JpaWebConfiguration:219] spring.jpa.open-in-view is enabled by default. Therefore, database queries may be performed during view rendering. Explicitly configure spring.jpa.open-in-view to disable this warning 
2025-01-07 16:18:12.886 DEBUG [org.springframework.web.servlet.mvc.method.annotation.RequestMappingHandlerMapping:367] 10 mappings in 'requestMappingHandlerMapping' 
2025-01-07 16:18:13.131 DEBUG [org.springframework.web.servlet.handler.SimpleUrlHandlerMapping:188] Patterns [/agent/swagger-ui*/**] in 'resourceHandlerMapping' 
2025-01-07 16:18:13.165 DEBUG [org.springframework.web.servlet.mvc.method.annotation.RequestMappingHandlerAdapter:625] ControllerAdvice beans: 0 @ModelAttribute, 0 @InitBinder, 1 RequestBodyAdvice, 1 ResponseBodyAdvice 
2025-01-07 16:18:13.197 DEBUG [org.springframework.web.servlet.mvc.method.annotation.ExceptionHandlerExceptionResolver:307] ControllerAdvice beans: 1 @ExceptionHandler, 1 ResponseBodyAdvice 
2025-01-07 16:18:13.468  INFO [org.springframework.boot.actuate.endpoint.web.EndpointLinksResolver:58] Exposing 1 endpoint(s) beneath base path '/actuator' 
2025-01-07 16:18:13.554  INFO [org.apache.kafka.clients.consumer.ConsumerConfig:376] ConsumerConfig values: 
	allow.auto.create.topics = true
	auto.commit.interval.ms = 5000
	auto.offset.reset = latest
	bootstrap.servers = [localhost:9092]
	check.crcs = true
	client.dns.lookup = use_all_dns_ips
	client.id = consumer-item_group-1
	client.rack = 
	connections.max.idle.ms = 540000
	default.api.timeout.ms = 60000
	enable.auto.commit = false
	exclude.internal.topics = true
	fetch.max.bytes = 52428800
	fetch.max.wait.ms = 500
	fetch.min.bytes = 1
	group.id = item_group
	group.instance.id = null
	heartbeat.interval.ms = 3000
	interceptor.classes = []
	internal.leave.group.on.close = true
	internal.throw.on.fetch.stable.offset.unsupported = false
	isolation.level = read_uncommitted
	key.deserializer = class org.apache.kafka.common.serialization.StringDeserializer
	max.partition.fetch.bytes = 1048576
	max.poll.interval.ms = 300000
	max.poll.records = 500
	metadata.max.age.ms = 300000
	metric.reporters = []
	metrics.num.samples = 2
	metrics.recording.level = INFO
	metrics.sample.window.ms = 30000
	partition.assignment.strategy = [class org.apache.kafka.clients.consumer.RangeAssignor, class org.apache.kafka.clients.consumer.CooperativeStickyAssignor]
	receive.buffer.bytes = 65536
	reconnect.backoff.max.ms = 1000
	reconnect.backoff.ms = 50
	request.timeout.ms = 30000
	retry.backoff.ms = 100
	sasl.client.callback.handler.class = null
	sasl.jaas.config = null
	sasl.kerberos.kinit.cmd = /usr/bin/kinit
	sasl.kerberos.min.time.before.relogin = 60000
	sasl.kerberos.service.name = null
	sasl.kerberos.ticket.renew.jitter = 0.05
	sasl.kerberos.ticket.renew.window.factor = 0.8
	sasl.login.callback.handler.class = null
	sasl.login.class = null
	sasl.login.connect.timeout.ms = null
	sasl.login.read.timeout.ms = null
	sasl.login.refresh.buffer.seconds = 300
	sasl.login.refresh.min.period.seconds = 60
	sasl.login.refresh.window.factor = 0.8
	sasl.login.refresh.window.jitter = 0.05
	sasl.login.retry.backoff.max.ms = 10000
	sasl.login.retry.backoff.ms = 100
	sasl.mechanism = GSSAPI
	sasl.oauthbearer.clock.skew.seconds = 30
	sasl.oauthbearer.expected.audience = null
	sasl.oauthbearer.expected.issuer = null
	sasl.oauthbearer.jwks.endpoint.refresh.ms = 3600000
	sasl.oauthbearer.jwks.endpoint.retry.backoff.max.ms = 10000
	sasl.oauthbearer.jwks.endpoint.retry.backoff.ms = 100
	sasl.oauthbearer.jwks.endpoint.url = null
	sasl.oauthbearer.scope.claim.name = scope
	sasl.oauthbearer.sub.claim.name = sub
	sasl.oauthbearer.token.endpoint.url = null
	security.protocol = PLAINTEXT
	security.providers = null
	send.buffer.bytes = 131072
	session.timeout.ms = 45000
	socket.connection.setup.timeout.max.ms = 30000
	socket.connection.setup.timeout.ms = 10000
	ssl.cipher.suites = null
	ssl.enabled.protocols = [TLSv1.2, TLSv1.3]
	ssl.endpoint.identification.algorithm = https
	ssl.engine.factory.class = null
	ssl.key.password = null
	ssl.keymanager.algorithm = SunX509
	ssl.keystore.certificate.chain = null
	ssl.keystore.key = null
	ssl.keystore.location = null
	ssl.keystore.password = null
	ssl.keystore.type = JKS
	ssl.protocol = TLSv1.3
	ssl.provider = null
	ssl.secure.random.implementation = null
	ssl.trustmanager.algorithm = PKIX
	ssl.truststore.certificates = null
	ssl.truststore.location = null
	ssl.truststore.password = null
	ssl.truststore.type = JKS
	value.deserializer = class org.apache.kafka.common.serialization.StringDeserializer
 
2025-01-07 16:18:13.656  INFO [org.apache.kafka.common.utils.AppInfoParser:119] Kafka version: 3.1.1 
2025-01-07 16:18:13.656  INFO [org.apache.kafka.common.utils.AppInfoParser:120] Kafka commitId: 97671528ba54a138 
2025-01-07 16:18:13.656  INFO [org.apache.kafka.common.utils.AppInfoParser:121] Kafka startTimeMs: 1736259493655 
2025-01-07 16:18:13.679  INFO [org.apache.kafka.clients.consumer.KafkaConsumer:966] [Consumer clientId=consumer-item_group-1, groupId=item_group] Subscribed to topic(s): Item_Topic 
2025-01-07 16:18:13.693  INFO [org.apache.coyote.http11.Http11NioProtocol:173] Starting ProtocolHandler ["http-nio-8081"] 
2025-01-07 16:18:13.707  INFO [org.springframework.boot.web.embedded.tomcat.TomcatWebServer:220] Tomcat started on port(s): 8081 (http) with context path '' 
2025-01-07 16:18:13.722  INFO [za.co.woolworths.itemkafka_poc.KafkaItemProducerPocApplication:61] Started KafkaItemProducerPocApplication in 5.125 seconds (JVM running for 5.384) 
2025-01-07 16:18:13.946  INFO [org.apache.kafka.clients.Metadata:402] [Consumer clientId=consumer-item_group-1, groupId=item_group] Resetting the last seen epoch of partition Item_Topic-0 to 0 since the associated topicId changed from null to lncACV4PTO-QzmY7TGKExg 
2025-01-07 16:18:13.948  INFO [org.apache.kafka.clients.Metadata:287] [Consumer clientId=consumer-item_group-1, groupId=item_group] Cluster ID: IdFmegt5SVqKpmFnoQXPDA 
2025-01-07 16:18:13.949  INFO [org.apache.kafka.clients.consumer.internals.ConsumerCoordinator:853] [Consumer clientId=consumer-item_group-1, groupId=item_group] Discovered group coordinator localhost:9092 (id: 2147483647 rack: null) 
2025-01-07 16:18:13.950  INFO [org.apache.kafka.clients.consumer.internals.ConsumerCoordinator:535] [Consumer clientId=consumer-item_group-1, groupId=item_group] (Re-)joining group 
2025-01-07 16:18:13.961  INFO [org.apache.kafka.clients.consumer.internals.ConsumerCoordinator:1000] [Consumer clientId=consumer-item_group-1, groupId=item_group] Request joining group due to: need to re-join with the given member-id 
2025-01-07 16:18:13.962  INFO [org.apache.kafka.clients.consumer.internals.ConsumerCoordinator:535] [Consumer clientId=consumer-item_group-1, groupId=item_group] (Re-)joining group 
2025-01-07 16:18:13.966  INFO [org.apache.kafka.clients.consumer.internals.ConsumerCoordinator:595] [Consumer clientId=consumer-item_group-1, groupId=item_group] Successfully joined group with generation Generation{generationId=21, memberId='consumer-item_group-1-344a221e-ccc7-4168-ac39-c78cd824ef8f', protocol='range'} 
2025-01-07 16:18:13.967  INFO [org.apache.kafka.clients.consumer.internals.ConsumerCoordinator:654] [Consumer clientId=consumer-item_group-1, groupId=item_group] Finished assignment for group at generation 21: {consumer-item_group-1-344a221e-ccc7-4168-ac39-c78cd824ef8f=Assignment(partitions=[Item_Topic-0])} 
2025-01-07 16:18:13.971  INFO [org.apache.kafka.clients.consumer.internals.ConsumerCoordinator:761] [Consumer clientId=consumer-item_group-1, groupId=item_group] Successfully synced group in generation Generation{generationId=21, memberId='consumer-item_group-1-344a221e-ccc7-4168-ac39-c78cd824ef8f', protocol='range'} 
2025-01-07 16:18:13.972  INFO [org.apache.kafka.clients.consumer.internals.ConsumerCoordinator:279] [Consumer clientId=consumer-item_group-1, groupId=item_group] Notifying assignor about the new Assignment(partitions=[Item_Topic-0]) 
2025-01-07 16:18:13.973  INFO [org.apache.kafka.clients.consumer.internals.ConsumerCoordinator:291] [Consumer clientId=consumer-item_group-1, groupId=item_group] Adding newly assigned partitions: Item_Topic-0 
2025-01-07 16:18:13.979  INFO [org.apache.kafka.clients.consumer.internals.ConsumerCoordinator:846] [Consumer clientId=consumer-item_group-1, groupId=item_group] Setting offset for partition Item_Topic-0 to the committed offset FetchPosition{offset=666, offsetEpoch=Optional.empty, currentLeader=LeaderAndEpoch{leader=Optional[localhost:9092 (id: 0 rack: null)], epoch=0}} 
2025-01-07 16:18:13.980  INFO [org.springframework.kafka.listener.KafkaMessageListenerContainer:292] item_group: partitions assigned: [Item_Topic-0] 
2025-01-07 16:18:22.847  INFO [org.apache.catalina.core.ContainerBase.[Tomcat].[localhost].[/]:173] Initializing Spring DispatcherServlet 'dispatcherServlet' 
2025-01-07 16:18:22.847  INFO [org.springframework.web.servlet.DispatcherServlet:525] Initializing Servlet 'dispatcherServlet' 
2025-01-07 16:18:22.848 DEBUG [org.springframework.web.servlet.DispatcherServlet:520] Detected StandardServletMultipartResolver 
2025-01-07 16:18:22.848 DEBUG [org.springframework.web.servlet.DispatcherServlet:544] Detected AcceptHeaderLocaleResolver 
2025-01-07 16:18:22.848 DEBUG [org.springframework.web.servlet.DispatcherServlet:569] Detected FixedThemeResolver 
2025-01-07 16:18:22.848 DEBUG [org.springframework.web.servlet.DispatcherServlet:719] Detected org.springframework.web.servlet.view.DefaultRequestToViewNameTranslator@80b70fd 
2025-01-07 16:18:22.849 DEBUG [org.springframework.web.servlet.DispatcherServlet:783] Detected org.springframework.web.servlet.support.SessionFlashMapManager@332610ad 
2025-01-07 16:18:22.849 DEBUG [org.springframework.web.servlet.DispatcherServlet:542] enableLoggingRequestDetails='false': request parameters and headers will be masked to prevent unsafe logging of potentially sensitive data 
2025-01-07 16:18:22.849  INFO [org.springframework.web.servlet.DispatcherServlet:547] Completed initialization in 1 ms 
2025-01-07 16:18:22.855 DEBUG [org.springframework.web.servlet.DispatcherServlet:119] POST "/item-kafka/app/publish-items/v1", parameters={} 
2025-01-07 16:18:22.860 DEBUG [org.springframework.web.servlet.mvc.method.annotation.RequestMappingHandlerMapping:522] Mapped to za.co.woolworths.itemkafka_poc.controller.ItemProducerController#createItemKafkaTopic() 
2025-01-07 16:18:23.242  INFO [org.apache.kafka.clients.producer.ProducerConfig:376] ProducerConfig values: 
	acks = -1
	batch.size = 16384
	bootstrap.servers = [localhost:9092]
	buffer.memory = 33554432
	client.dns.lookup = use_all_dns_ips
	client.id = producer-1
	compression.type = none
	connections.max.idle.ms = 540000
	delivery.timeout.ms = 120000
	enable.idempotence = true
	interceptor.classes = []
	key.serializer = class org.apache.kafka.common.serialization.StringSerializer
	linger.ms = 0
	max.block.ms = 60000
	max.in.flight.requests.per.connection = 5
	max.request.size = 1048576
	metadata.max.age.ms = 300000
	metadata.max.idle.ms = 300000
	metric.reporters = []
	metrics.num.samples = 2
	metrics.recording.level = INFO
	metrics.sample.window.ms = 30000
	partitioner.class = class org.apache.kafka.clients.producer.internals.DefaultPartitioner
	receive.buffer.bytes = 32768
	reconnect.backoff.max.ms = 1000
	reconnect.backoff.ms = 50
	request.timeout.ms = 120000
	retries = 3
	retry.backoff.ms = 100
	sasl.client.callback.handler.class = null
	sasl.jaas.config = null
	sasl.kerberos.kinit.cmd = /usr/bin/kinit
	sasl.kerberos.min.time.before.relogin = 60000
	sasl.kerberos.service.name = null
	sasl.kerberos.ticket.renew.jitter = 0.05
	sasl.kerberos.ticket.renew.window.factor = 0.8
	sasl.login.callback.handler.class = null
	sasl.login.class = null
	sasl.login.connect.timeout.ms = null
	sasl.login.read.timeout.ms = null
	sasl.login.refresh.buffer.seconds = 300
	sasl.login.refresh.min.period.seconds = 60
	sasl.login.refresh.window.factor = 0.8
	sasl.login.refresh.window.jitter = 0.05
	sasl.login.retry.backoff.max.ms = 10000
	sasl.login.retry.backoff.ms = 100
	sasl.mechanism = GSSAPI
	sasl.oauthbearer.clock.skew.seconds = 30
	sasl.oauthbearer.expected.audience = null
	sasl.oauthbearer.expected.issuer = null
	sasl.oauthbearer.jwks.endpoint.refresh.ms = 3600000
	sasl.oauthbearer.jwks.endpoint.retry.backoff.max.ms = 10000
	sasl.oauthbearer.jwks.endpoint.retry.backoff.ms = 100
	sasl.oauthbearer.jwks.endpoint.url = null
	sasl.oauthbearer.scope.claim.name = scope
	sasl.oauthbearer.sub.claim.name = sub
	sasl.oauthbearer.token.endpoint.url = null
	security.protocol = PLAINTEXT
	security.providers = null
	send.buffer.bytes = 131072
	socket.connection.setup.timeout.max.ms = 30000
	socket.connection.setup.timeout.ms = 10000
	ssl.cipher.suites = null
	ssl.enabled.protocols = [TLSv1.2, TLSv1.3]
	ssl.endpoint.identification.algorithm = https
	ssl.engine.factory.class = null
	ssl.key.password = null
	ssl.keymanager.algorithm = SunX509
	ssl.keystore.certificate.chain = null
	ssl.keystore.key = null
	ssl.keystore.location = null
	ssl.keystore.password = null
	ssl.keystore.type = JKS
	ssl.protocol = TLSv1.3
	ssl.provider = null
	ssl.secure.random.implementation = null
	ssl.trustmanager.algorithm = PKIX
	ssl.truststore.certificates = null
	ssl.truststore.location = null
	ssl.truststore.password = null
	ssl.truststore.type = JKS
	transaction.timeout.ms = 60000
	transactional.id = null
	value.serializer = class org.apache.kafka.common.serialization.StringSerializer
 
2025-01-07 16:18:23.249  INFO [org.apache.kafka.clients.producer.KafkaProducer:572] [Producer clientId=producer-1] Instantiated an idempotent producer. 
2025-01-07 16:18:23.264  INFO [org.apache.kafka.common.utils.AppInfoParser:119] Kafka version: 3.1.1 
2025-01-07 16:18:23.264  INFO [org.apache.kafka.common.utils.AppInfoParser:120] Kafka commitId: 97671528ba54a138 
2025-01-07 16:18:23.265  INFO [org.apache.kafka.common.utils.AppInfoParser:121] Kafka startTimeMs: 1736259503264 
2025-01-07 16:18:23.270  INFO [org.apache.kafka.clients.Metadata:287] [Producer clientId=producer-1] Cluster ID: IdFmegt5SVqKpmFnoQXPDA 
2025-01-07 16:18:23.271  INFO [org.apache.kafka.clients.producer.internals.TransactionManager:554] [Producer clientId=producer-1] ProducerId set to 1004 with epoch 0 
2025-01-07 16:18:23.274  INFO [org.apache.kafka.clients.Metadata:402] [Producer clientId=producer-1] Resetting the last seen epoch of partition Item_Topic-0 to 0 since the associated topicId changed from null to lncACV4PTO-QzmY7TGKExg 
2025-01-07 16:18:23.317 DEBUG [org.springframework.web.servlet.mvc.method.annotation.RequestResponseBodyMethodProcessor:268] Using 'application/text', given [application/text] and supported [application/text] 
2025-01-07 16:18:23.318 DEBUG [org.springframework.web.servlet.mvc.method.annotation.RequestResponseBodyMethodProcessor:119] Writing ["Items sent to Kafka Topic successfully!"] 
2025-01-07 16:18:23.326 DEBUG [org.springframework.web.servlet.DispatcherServlet:1131] Completed 200 OK 
2025-01-07 16:22:13.473  INFO [org.apache.kafka.clients.consumer.internals.ConsumerCoordinator:310] [Consumer clientId=consumer-item_group-1, groupId=item_group] Revoke previously assigned partitions Item_Topic-0 
2025-01-07 16:22:13.474  INFO [org.springframework.kafka.listener.KafkaMessageListenerContainer:292] item_group: partitions revoked: [Item_Topic-0] 
2025-01-07 16:22:13.475  INFO [org.apache.kafka.clients.consumer.internals.ConsumerCoordinator:1060] [Consumer clientId=consumer-item_group-1, groupId=item_group] Member consumer-item_group-1-344a221e-ccc7-4168-ac39-c78cd824ef8f sending LeaveGroup request to coordinator localhost:9092 (id: 2147483647 rack: null) due to the consumer unsubscribed from all topics 
2025-01-07 16:22:13.476  INFO [org.apache.kafka.clients.consumer.internals.ConsumerCoordinator:972] [Consumer clientId=consumer-item_group-1, groupId=item_group] Resetting generation due to: consumer pro-actively leaving the group 
2025-01-07 16:22:13.476  INFO [org.apache.kafka.clients.consumer.internals.ConsumerCoordinator:1000] [Consumer clientId=consumer-item_group-1, groupId=item_group] Request joining group due to: consumer pro-actively leaving the group 
2025-01-07 16:22:13.477  INFO [org.apache.kafka.clients.consumer.KafkaConsumer:1075] [Consumer clientId=consumer-item_group-1, groupId=item_group] Unsubscribed all topics or patterns and assigned partitions 
2025-01-07 16:22:13.478  INFO [org.apache.kafka.clients.consumer.internals.ConsumerCoordinator:972] [Consumer clientId=consumer-item_group-1, groupId=item_group] Resetting generation due to: consumer pro-actively leaving the group 
2025-01-07 16:22:13.479  INFO [org.apache.kafka.clients.consumer.internals.ConsumerCoordinator:1000] [Consumer clientId=consumer-item_group-1, groupId=item_group] Request joining group due to: consumer pro-actively leaving the group 
2025-01-07 16:22:13.488  INFO [org.apache.kafka.common.metrics.Metrics:659] Metrics scheduler closed 
2025-01-07 16:22:13.489  INFO [org.apache.kafka.common.metrics.Metrics:663] Closing reporter org.apache.kafka.common.metrics.JmxReporter 
2025-01-07 16:22:13.489  INFO [org.apache.kafka.common.metrics.Metrics:669] Metrics reporters closed 
2025-01-07 16:22:13.495  INFO [org.apache.kafka.common.utils.AppInfoParser:83] App info kafka.consumer for consumer-item_group-1 unregistered 
2025-01-07 16:22:13.496  INFO [org.springframework.kafka.listener.KafkaMessageListenerContainer:292] item_group: Consumer stopped 
2025-01-07 16:22:13.501  INFO [org.apache.kafka.clients.producer.KafkaProducer:1249] [Producer clientId=producer-1] Closing the Kafka producer with timeoutMillis = 30000 ms. 
2025-01-07 16:22:13.504  INFO [org.apache.kafka.common.metrics.Metrics:659] Metrics scheduler closed 
2025-01-07 16:22:13.505  INFO [org.apache.kafka.common.metrics.Metrics:663] Closing reporter org.apache.kafka.common.metrics.JmxReporter 
2025-01-07 16:22:13.506  INFO [org.apache.kafka.common.metrics.Metrics:669] Metrics reporters closed 
2025-01-07 16:22:13.507  INFO [org.apache.kafka.common.utils.AppInfoParser:83] App info kafka.producer for producer-1 unregistered 
2025-01-07 16:22:13.510  INFO [org.springframework.orm.jpa.LocalContainerEntityManagerFactoryBean:651] Closing JPA EntityManagerFactory for persistence unit 'default' 
2025-01-07 16:22:13.516  INFO [com.zaxxer.hikari.HikariDataSource:350] HikariPool-1 - Shutdown initiated... 
2025-01-07 16:22:13.521  INFO [com.zaxxer.hikari.HikariDataSource:352] HikariPool-1 - Shutdown completed. 
2025-01-07 16:22:48.731  INFO [za.co.woolworths.itemkafka_poc.KafkaItemProducerPocApplication:55] Starting KafkaItemProducerPocApplication using Java 15.0.2 on W49204302 with PID 21968 (C:\Workspaces\Item-Kafka-Producer-POC\Item-Kafka-Producer-POC\target\classes started by W7178930 in C:\Workspaces\Item-Kafka-Producer-POC\Item-Kafka-Producer-POC) 
2025-01-07 16:22:48.733  INFO [za.co.woolworths.itemkafka_poc.KafkaItemProducerPocApplication:640] The following 2 profiles are active: "swagger", "dev" 
2025-01-07 16:22:49.482  INFO [org.springframework.data.repository.config.RepositoryConfigurationDelegate:132] Bootstrapping Spring Data JPA repositories in DEFAULT mode. 
2025-01-07 16:22:49.520  INFO [org.springframework.data.repository.config.RepositoryConfigurationDelegate:201] Finished Spring Data repository scanning in 29 ms. Found 1 JPA repository interfaces. 
2025-01-07 16:22:50.072  INFO [org.springframework.boot.web.embedded.tomcat.TomcatWebServer:108] Tomcat initialized with port(s): 8081 (http) 
2025-01-07 16:22:50.077  INFO [org.apache.coyote.http11.Http11NioProtocol:173] Initializing ProtocolHandler ["http-nio-8081"] 
2025-01-07 16:22:50.077  INFO [org.apache.catalina.core.StandardService:173] Starting service [Tomcat] 
2025-01-07 16:22:50.078  INFO [org.apache.catalina.core.StandardEngine:173] Starting Servlet engine: [Apache Tomcat/9.0.64] 
2025-01-07 16:22:50.190  INFO [org.apache.catalina.core.ContainerBase.[Tomcat].[localhost].[/]:173] Initializing Spring embedded WebApplicationContext 
2025-01-07 16:22:50.190  INFO [org.springframework.boot.web.servlet.context.ServletWebServerApplicationContext:292] Root WebApplicationContext: initialization completed in 1431 ms 
2025-01-07 16:22:50.503  INFO [com.zaxxer.hikari.HikariDataSource:110] HikariPool-1 - Starting... 
2025-01-07 16:22:52.702  INFO [com.zaxxer.hikari.HikariDataSource:123] HikariPool-1 - Start completed. 
2025-01-07 16:22:52.732  INFO [org.hibernate.jpa.internal.util.LogHelper:31] HHH000204: Processing PersistenceUnitInfo [name: default] 
2025-01-07 16:22:52.778  INFO [org.hibernate.Version:44] HHH000412: Hibernate ORM core version 5.6.9.Final 
2025-01-07 16:22:52.923  INFO [org.hibernate.annotations.common.Version:56] HCANN000001: Hibernate Commons Annotations {5.1.2.Final} 
2025-01-07 16:22:53.004  INFO [org.hibernate.dialect.Dialect:175] HHH000400: Using dialect: org.hibernate.dialect.SQLServer2016Dialect 
2025-01-07 16:22:53.529  INFO [org.hibernate.engine.transaction.jta.platform.internal.JtaPlatformInitiator:52] HHH000490: Using JtaPlatform implementation: [org.hibernate.engine.transaction.jta.platform.internal.NoJtaPlatform] 
2025-01-07 16:22:53.534  INFO [org.springframework.orm.jpa.LocalContainerEntityManagerFactoryBean:437] Initialized JPA EntityManagerFactory for persistence unit 'default' 
2025-01-07 16:22:54.028  WARN [org.springframework.boot.autoconfigure.orm.jpa.JpaBaseConfiguration$JpaWebConfiguration:219] spring.jpa.open-in-view is enabled by default. Therefore, database queries may be performed during view rendering. Explicitly configure spring.jpa.open-in-view to disable this warning 
2025-01-07 16:22:54.130 DEBUG [org.springframework.web.servlet.mvc.method.annotation.RequestMappingHandlerMapping:367] 10 mappings in 'requestMappingHandlerMapping' 
2025-01-07 16:22:54.453 DEBUG [org.springframework.web.servlet.handler.SimpleUrlHandlerMapping:188] Patterns [/agent/swagger-ui*/**] in 'resourceHandlerMapping' 
2025-01-07 16:22:54.508 DEBUG [org.springframework.web.servlet.mvc.method.annotation.RequestMappingHandlerAdapter:625] ControllerAdvice beans: 0 @ModelAttribute, 0 @InitBinder, 1 RequestBodyAdvice, 1 ResponseBodyAdvice 
2025-01-07 16:22:54.559 DEBUG [org.springframework.web.servlet.mvc.method.annotation.ExceptionHandlerExceptionResolver:307] ControllerAdvice beans: 1 @ExceptionHandler, 1 ResponseBodyAdvice 
2025-01-07 16:22:54.976  INFO [org.springframework.boot.actuate.endpoint.web.EndpointLinksResolver:58] Exposing 1 endpoint(s) beneath base path '/actuator' 
2025-01-07 16:22:55.126  INFO [org.apache.kafka.clients.consumer.ConsumerConfig:376] ConsumerConfig values: 
	allow.auto.create.topics = true
	auto.commit.interval.ms = 5000
	auto.offset.reset = latest
	bootstrap.servers = [localhost:9092]
	check.crcs = true
	client.dns.lookup = use_all_dns_ips
	client.id = consumer-item_group-1
	client.rack = 
	connections.max.idle.ms = 540000
	default.api.timeout.ms = 60000
	enable.auto.commit = false
	exclude.internal.topics = true
	fetch.max.bytes = 52428800
	fetch.max.wait.ms = 500
	fetch.min.bytes = 1
	group.id = item_group
	group.instance.id = null
	heartbeat.interval.ms = 3000
	interceptor.classes = []
	internal.leave.group.on.close = true
	internal.throw.on.fetch.stable.offset.unsupported = false
	isolation.level = read_uncommitted
	key.deserializer = class org.apache.kafka.common.serialization.StringDeserializer
	max.partition.fetch.bytes = 1048576
	max.poll.interval.ms = 300000
	max.poll.records = 500
	metadata.max.age.ms = 300000
	metric.reporters = []
	metrics.num.samples = 2
	metrics.recording.level = INFO
	metrics.sample.window.ms = 30000
	partition.assignment.strategy = [class org.apache.kafka.clients.consumer.RangeAssignor, class org.apache.kafka.clients.consumer.CooperativeStickyAssignor]
	receive.buffer.bytes = 65536
	reconnect.backoff.max.ms = 1000
	reconnect.backoff.ms = 50
	request.timeout.ms = 30000
	retry.backoff.ms = 100
	sasl.client.callback.handler.class = null
	sasl.jaas.config = null
	sasl.kerberos.kinit.cmd = /usr/bin/kinit
	sasl.kerberos.min.time.before.relogin = 60000
	sasl.kerberos.service.name = null
	sasl.kerberos.ticket.renew.jitter = 0.05
	sasl.kerberos.ticket.renew.window.factor = 0.8
	sasl.login.callback.handler.class = null
	sasl.login.class = null
	sasl.login.connect.timeout.ms = null
	sasl.login.read.timeout.ms = null
	sasl.login.refresh.buffer.seconds = 300
	sasl.login.refresh.min.period.seconds = 60
	sasl.login.refresh.window.factor = 0.8
	sasl.login.refresh.window.jitter = 0.05
	sasl.login.retry.backoff.max.ms = 10000
	sasl.login.retry.backoff.ms = 100
	sasl.mechanism = GSSAPI
	sasl.oauthbearer.clock.skew.seconds = 30
	sasl.oauthbearer.expected.audience = null
	sasl.oauthbearer.expected.issuer = null
	sasl.oauthbearer.jwks.endpoint.refresh.ms = 3600000
	sasl.oauthbearer.jwks.endpoint.retry.backoff.max.ms = 10000
	sasl.oauthbearer.jwks.endpoint.retry.backoff.ms = 100
	sasl.oauthbearer.jwks.endpoint.url = null
	sasl.oauthbearer.scope.claim.name = scope
	sasl.oauthbearer.sub.claim.name = sub
	sasl.oauthbearer.token.endpoint.url = null
	security.protocol = PLAINTEXT
	security.providers = null
	send.buffer.bytes = 131072
	session.timeout.ms = 45000
	socket.connection.setup.timeout.max.ms = 30000
	socket.connection.setup.timeout.ms = 10000
	ssl.cipher.suites = null
	ssl.enabled.protocols = [TLSv1.2, TLSv1.3]
	ssl.endpoint.identification.algorithm = https
	ssl.engine.factory.class = null
	ssl.key.password = null
	ssl.keymanager.algorithm = SunX509
	ssl.keystore.certificate.chain = null
	ssl.keystore.key = null
	ssl.keystore.location = null
	ssl.keystore.password = null
	ssl.keystore.type = JKS
	ssl.protocol = TLSv1.3
	ssl.provider = null
	ssl.secure.random.implementation = null
	ssl.trustmanager.algorithm = PKIX
	ssl.truststore.certificates = null
	ssl.truststore.location = null
	ssl.truststore.password = null
	ssl.truststore.type = JKS
	value.deserializer = class org.apache.kafka.common.serialization.StringDeserializer
 
2025-01-07 16:22:55.352  INFO [org.apache.kafka.common.utils.AppInfoParser:119] Kafka version: 3.1.1 
2025-01-07 16:22:55.353  INFO [org.apache.kafka.common.utils.AppInfoParser:120] Kafka commitId: 97671528ba54a138 
2025-01-07 16:22:55.353  INFO [org.apache.kafka.common.utils.AppInfoParser:121] Kafka startTimeMs: 1736259775350 
2025-01-07 16:22:55.384  INFO [org.apache.kafka.clients.consumer.KafkaConsumer:966] [Consumer clientId=consumer-item_group-1, groupId=item_group] Subscribed to topic(s): Item_Topic 
2025-01-07 16:22:55.406  INFO [org.apache.coyote.http11.Http11NioProtocol:173] Starting ProtocolHandler ["http-nio-8081"] 
2025-01-07 16:22:55.426  INFO [org.springframework.boot.web.embedded.tomcat.TomcatWebServer:220] Tomcat started on port(s): 8081 (http) with context path '' 
2025-01-07 16:22:55.448  INFO [za.co.woolworths.itemkafka_poc.KafkaItemProducerPocApplication:61] Started KafkaItemProducerPocApplication in 7.023 seconds (JVM running for 7.28) 
2025-01-07 16:22:55.831  INFO [org.apache.kafka.clients.Metadata:402] [Consumer clientId=consumer-item_group-1, groupId=item_group] Resetting the last seen epoch of partition Item_Topic-0 to 0 since the associated topicId changed from null to lncACV4PTO-QzmY7TGKExg 
2025-01-07 16:22:55.833  INFO [org.apache.kafka.clients.Metadata:287] [Consumer clientId=consumer-item_group-1, groupId=item_group] Cluster ID: IdFmegt5SVqKpmFnoQXPDA 
2025-01-07 16:22:55.834  INFO [org.apache.kafka.clients.consumer.internals.ConsumerCoordinator:853] [Consumer clientId=consumer-item_group-1, groupId=item_group] Discovered group coordinator localhost:9092 (id: 2147483647 rack: null) 
2025-01-07 16:22:55.837  INFO [org.apache.kafka.clients.consumer.internals.ConsumerCoordinator:535] [Consumer clientId=consumer-item_group-1, groupId=item_group] (Re-)joining group 
2025-01-07 16:22:55.857  INFO [org.apache.kafka.clients.consumer.internals.ConsumerCoordinator:1000] [Consumer clientId=consumer-item_group-1, groupId=item_group] Request joining group due to: need to re-join with the given member-id 
2025-01-07 16:22:55.857  INFO [org.apache.kafka.clients.consumer.internals.ConsumerCoordinator:535] [Consumer clientId=consumer-item_group-1, groupId=item_group] (Re-)joining group 
2025-01-07 16:22:55.861  INFO [org.apache.kafka.clients.consumer.internals.ConsumerCoordinator:595] [Consumer clientId=consumer-item_group-1, groupId=item_group] Successfully joined group with generation Generation{generationId=23, memberId='consumer-item_group-1-89b1e3d9-a67e-4359-ba6a-ed1949a845a2', protocol='range'} 
2025-01-07 16:22:55.863  INFO [org.apache.kafka.clients.consumer.internals.ConsumerCoordinator:654] [Consumer clientId=consumer-item_group-1, groupId=item_group] Finished assignment for group at generation 23: {consumer-item_group-1-89b1e3d9-a67e-4359-ba6a-ed1949a845a2=Assignment(partitions=[Item_Topic-0])} 
2025-01-07 16:22:55.871  INFO [org.apache.kafka.clients.consumer.internals.ConsumerCoordinator:761] [Consumer clientId=consumer-item_group-1, groupId=item_group] Successfully synced group in generation Generation{generationId=23, memberId='consumer-item_group-1-89b1e3d9-a67e-4359-ba6a-ed1949a845a2', protocol='range'} 
2025-01-07 16:22:55.871  INFO [org.apache.kafka.clients.consumer.internals.ConsumerCoordinator:279] [Consumer clientId=consumer-item_group-1, groupId=item_group] Notifying assignor about the new Assignment(partitions=[Item_Topic-0]) 
2025-01-07 16:22:55.873  INFO [org.apache.kafka.clients.consumer.internals.ConsumerCoordinator:291] [Consumer clientId=consumer-item_group-1, groupId=item_group] Adding newly assigned partitions: Item_Topic-0 
2025-01-07 16:22:55.884  INFO [org.apache.kafka.clients.consumer.internals.ConsumerCoordinator:846] [Consumer clientId=consumer-item_group-1, groupId=item_group] Setting offset for partition Item_Topic-0 to the committed offset FetchPosition{offset=766, offsetEpoch=Optional.empty, currentLeader=LeaderAndEpoch{leader=Optional[localhost:9092 (id: 0 rack: null)], epoch=0}} 
2025-01-07 16:22:55.886  INFO [org.springframework.kafka.listener.KafkaMessageListenerContainer:292] item_group: partitions assigned: [Item_Topic-0] 
2025-01-07 16:23:01.469  INFO [org.apache.catalina.core.ContainerBase.[Tomcat].[localhost].[/]:173] Initializing Spring DispatcherServlet 'dispatcherServlet' 
2025-01-07 16:23:01.469  INFO [org.springframework.web.servlet.DispatcherServlet:525] Initializing Servlet 'dispatcherServlet' 
2025-01-07 16:23:01.469 DEBUG [org.springframework.web.servlet.DispatcherServlet:520] Detected StandardServletMultipartResolver 
2025-01-07 16:23:01.469 DEBUG [org.springframework.web.servlet.DispatcherServlet:544] Detected AcceptHeaderLocaleResolver 
2025-01-07 16:23:01.469 DEBUG [org.springframework.web.servlet.DispatcherServlet:569] Detected FixedThemeResolver 
2025-01-07 16:23:01.470 DEBUG [org.springframework.web.servlet.DispatcherServlet:719] Detected org.springframework.web.servlet.view.DefaultRequestToViewNameTranslator@17f7a1af 
2025-01-07 16:23:01.470 DEBUG [org.springframework.web.servlet.DispatcherServlet:783] Detected org.springframework.web.servlet.support.SessionFlashMapManager@e280006 
2025-01-07 16:23:01.470 DEBUG [org.springframework.web.servlet.DispatcherServlet:542] enableLoggingRequestDetails='false': request parameters and headers will be masked to prevent unsafe logging of potentially sensitive data 
2025-01-07 16:23:01.470  INFO [org.springframework.web.servlet.DispatcherServlet:547] Completed initialization in 1 ms 
2025-01-07 16:23:01.474 DEBUG [org.springframework.web.servlet.DispatcherServlet:119] POST "/item-kafka/app/publish-items/v1", parameters={} 
2025-01-07 16:23:01.479 DEBUG [org.springframework.web.servlet.mvc.method.annotation.RequestMappingHandlerMapping:522] Mapped to za.co.woolworths.itemkafka_poc.controller.ItemProducerController#createItemKafkaTopic() 
2025-01-07 16:23:01.861  INFO [org.apache.kafka.clients.producer.ProducerConfig:376] ProducerConfig values: 
	acks = -1
	batch.size = 16384
	bootstrap.servers = [localhost:9092]
	buffer.memory = 33554432
	client.dns.lookup = use_all_dns_ips
	client.id = producer-1
	compression.type = none
	connections.max.idle.ms = 540000
	delivery.timeout.ms = 120000
	enable.idempotence = true
	interceptor.classes = []
	key.serializer = class org.apache.kafka.common.serialization.StringSerializer
	linger.ms = 0
	max.block.ms = 60000
	max.in.flight.requests.per.connection = 5
	max.request.size = 1048576
	metadata.max.age.ms = 300000
	metadata.max.idle.ms = 300000
	metric.reporters = []
	metrics.num.samples = 2
	metrics.recording.level = INFO
	metrics.sample.window.ms = 30000
	partitioner.class = class org.apache.kafka.clients.producer.internals.DefaultPartitioner
	receive.buffer.bytes = 32768
	reconnect.backoff.max.ms = 1000
	reconnect.backoff.ms = 50
	request.timeout.ms = 120000
	retries = 3
	retry.backoff.ms = 100
	sasl.client.callback.handler.class = null
	sasl.jaas.config = null
	sasl.kerberos.kinit.cmd = /usr/bin/kinit
	sasl.kerberos.min.time.before.relogin = 60000
	sasl.kerberos.service.name = null
	sasl.kerberos.ticket.renew.jitter = 0.05
	sasl.kerberos.ticket.renew.window.factor = 0.8
	sasl.login.callback.handler.class = null
	sasl.login.class = null
	sasl.login.connect.timeout.ms = null
	sasl.login.read.timeout.ms = null
	sasl.login.refresh.buffer.seconds = 300
	sasl.login.refresh.min.period.seconds = 60
	sasl.login.refresh.window.factor = 0.8
	sasl.login.refresh.window.jitter = 0.05
	sasl.login.retry.backoff.max.ms = 10000
	sasl.login.retry.backoff.ms = 100
	sasl.mechanism = GSSAPI
	sasl.oauthbearer.clock.skew.seconds = 30
	sasl.oauthbearer.expected.audience = null
	sasl.oauthbearer.expected.issuer = null
	sasl.oauthbearer.jwks.endpoint.refresh.ms = 3600000
	sasl.oauthbearer.jwks.endpoint.retry.backoff.max.ms = 10000
	sasl.oauthbearer.jwks.endpoint.retry.backoff.ms = 100
	sasl.oauthbearer.jwks.endpoint.url = null
	sasl.oauthbearer.scope.claim.name = scope
	sasl.oauthbearer.sub.claim.name = sub
	sasl.oauthbearer.token.endpoint.url = null
	security.protocol = PLAINTEXT
	security.providers = null
	send.buffer.bytes = 131072
	socket.connection.setup.timeout.max.ms = 30000
	socket.connection.setup.timeout.ms = 10000
	ssl.cipher.suites = null
	ssl.enabled.protocols = [TLSv1.2, TLSv1.3]
	ssl.endpoint.identification.algorithm = https
	ssl.engine.factory.class = null
	ssl.key.password = null
	ssl.keymanager.algorithm = SunX509
	ssl.keystore.certificate.chain = null
	ssl.keystore.key = null
	ssl.keystore.location = null
	ssl.keystore.password = null
	ssl.keystore.type = JKS
	ssl.protocol = TLSv1.3
	ssl.provider = null
	ssl.secure.random.implementation = null
	ssl.trustmanager.algorithm = PKIX
	ssl.truststore.certificates = null
	ssl.truststore.location = null
	ssl.truststore.password = null
	ssl.truststore.type = JKS
	transaction.timeout.ms = 60000
	transactional.id = null
	value.serializer = class org.apache.kafka.common.serialization.StringSerializer
 
2025-01-07 16:23:01.868  INFO [org.apache.kafka.clients.producer.KafkaProducer:572] [Producer clientId=producer-1] Instantiated an idempotent producer. 
2025-01-07 16:23:01.877  INFO [org.apache.kafka.common.utils.AppInfoParser:119] Kafka version: 3.1.1 
2025-01-07 16:23:01.877  INFO [org.apache.kafka.common.utils.AppInfoParser:120] Kafka commitId: 97671528ba54a138 
2025-01-07 16:23:01.878  INFO [org.apache.kafka.common.utils.AppInfoParser:121] Kafka startTimeMs: 1736259781877 
2025-01-07 16:23:01.884  INFO [org.apache.kafka.clients.Metadata:402] [Producer clientId=producer-1] Resetting the last seen epoch of partition Item_Topic-0 to 0 since the associated topicId changed from null to lncACV4PTO-QzmY7TGKExg 
2025-01-07 16:23:01.885  INFO [org.apache.kafka.clients.Metadata:287] [Producer clientId=producer-1] Cluster ID: IdFmegt5SVqKpmFnoQXPDA 
2025-01-07 16:23:01.885  INFO [org.apache.kafka.clients.producer.internals.TransactionManager:554] [Producer clientId=producer-1] ProducerId set to 1005 with epoch 0 
2025-01-07 16:23:01.917 DEBUG [org.springframework.web.servlet.mvc.method.annotation.RequestResponseBodyMethodProcessor:268] Using 'application/text', given [application/text] and supported [application/text] 
2025-01-07 16:23:01.918 DEBUG [org.springframework.web.servlet.mvc.method.annotation.RequestResponseBodyMethodProcessor:119] Writing ["Items sent to Kafka Topic successfully!"] 
2025-01-07 16:23:01.925 DEBUG [org.springframework.web.servlet.DispatcherServlet:1131] Completed 200 OK 
2025-01-07 16:23:24.990  INFO [org.apache.kafka.clients.consumer.internals.ConsumerCoordinator:310] [Consumer clientId=consumer-item_group-1, groupId=item_group] Revoke previously assigned partitions Item_Topic-0 
2025-01-07 16:23:24.990  INFO [org.springframework.kafka.listener.KafkaMessageListenerContainer:292] item_group: partitions revoked: [Item_Topic-0] 
2025-01-07 16:23:24.990  INFO [org.apache.kafka.clients.consumer.internals.ConsumerCoordinator:1060] [Consumer clientId=consumer-item_group-1, groupId=item_group] Member consumer-item_group-1-89b1e3d9-a67e-4359-ba6a-ed1949a845a2 sending LeaveGroup request to coordinator localhost:9092 (id: 2147483647 rack: null) due to the consumer unsubscribed from all topics 
2025-01-07 16:23:24.991  INFO [org.apache.kafka.clients.consumer.internals.ConsumerCoordinator:972] [Consumer clientId=consumer-item_group-1, groupId=item_group] Resetting generation due to: consumer pro-actively leaving the group 
2025-01-07 16:23:24.991  INFO [org.apache.kafka.clients.consumer.internals.ConsumerCoordinator:1000] [Consumer clientId=consumer-item_group-1, groupId=item_group] Request joining group due to: consumer pro-actively leaving the group 
2025-01-07 16:23:24.991  INFO [org.apache.kafka.clients.consumer.KafkaConsumer:1075] [Consumer clientId=consumer-item_group-1, groupId=item_group] Unsubscribed all topics or patterns and assigned partitions 
2025-01-07 16:23:24.992  INFO [org.apache.kafka.clients.consumer.internals.ConsumerCoordinator:972] [Consumer clientId=consumer-item_group-1, groupId=item_group] Resetting generation due to: consumer pro-actively leaving the group 
2025-01-07 16:23:24.992  INFO [org.apache.kafka.clients.consumer.internals.ConsumerCoordinator:1000] [Consumer clientId=consumer-item_group-1, groupId=item_group] Request joining group due to: consumer pro-actively leaving the group 
2025-01-07 16:23:25.001  INFO [org.apache.kafka.common.metrics.Metrics:659] Metrics scheduler closed 
2025-01-07 16:23:25.002  INFO [org.apache.kafka.common.metrics.Metrics:663] Closing reporter org.apache.kafka.common.metrics.JmxReporter 
2025-01-07 16:23:25.002  INFO [org.apache.kafka.common.metrics.Metrics:669] Metrics reporters closed 
2025-01-07 16:23:25.007  INFO [org.apache.kafka.common.utils.AppInfoParser:83] App info kafka.consumer for consumer-item_group-1 unregistered 
2025-01-07 16:23:25.007  INFO [org.springframework.kafka.listener.KafkaMessageListenerContainer:292] item_group: Consumer stopped 
2025-01-07 16:23:25.011  INFO [org.apache.kafka.clients.producer.KafkaProducer:1249] [Producer clientId=producer-1] Closing the Kafka producer with timeoutMillis = 30000 ms. 
2025-01-07 16:23:25.016  INFO [org.apache.kafka.common.metrics.Metrics:659] Metrics scheduler closed 
2025-01-07 16:23:25.017  INFO [org.apache.kafka.common.metrics.Metrics:663] Closing reporter org.apache.kafka.common.metrics.JmxReporter 
2025-01-07 16:23:25.018  INFO [org.apache.kafka.common.metrics.Metrics:669] Metrics reporters closed 
2025-01-07 16:23:25.018  INFO [org.apache.kafka.common.utils.AppInfoParser:83] App info kafka.producer for producer-1 unregistered 
2025-01-07 16:23:25.019  INFO [org.springframework.orm.jpa.LocalContainerEntityManagerFactoryBean:651] Closing JPA EntityManagerFactory for persistence unit 'default' 
2025-01-07 16:23:25.023  INFO [com.zaxxer.hikari.HikariDataSource:350] HikariPool-1 - Shutdown initiated... 
2025-01-07 16:23:25.025  INFO [com.zaxxer.hikari.HikariDataSource:352] HikariPool-1 - Shutdown completed. 
2025-01-07 16:23:51.668  INFO [za.co.woolworths.itemkafka_poc.KafkaItemProducerPocApplication:55] Starting KafkaItemProducerPocApplication using Java 15.0.2 on W49204302 with PID 17144 (C:\Workspaces\Item-Kafka-Producer-POC\Item-Kafka-Producer-POC\target\classes started by W7178930 in C:\Workspaces\Item-Kafka-Producer-POC\Item-Kafka-Producer-POC) 
2025-01-07 16:23:51.672  INFO [za.co.woolworths.itemkafka_poc.KafkaItemProducerPocApplication:640] The following 2 profiles are active: "swagger", "dev" 
2025-01-07 16:23:52.378  INFO [org.springframework.data.repository.config.RepositoryConfigurationDelegate:132] Bootstrapping Spring Data JPA repositories in DEFAULT mode. 
2025-01-07 16:23:52.438  INFO [org.springframework.data.repository.config.RepositoryConfigurationDelegate:201] Finished Spring Data repository scanning in 51 ms. Found 1 JPA repository interfaces. 
2025-01-07 16:23:52.961  INFO [org.springframework.boot.web.embedded.tomcat.TomcatWebServer:108] Tomcat initialized with port(s): 8081 (http) 
2025-01-07 16:23:52.966  INFO [org.apache.coyote.http11.Http11NioProtocol:173] Initializing ProtocolHandler ["http-nio-8081"] 
2025-01-07 16:23:52.967  INFO [org.apache.catalina.core.StandardService:173] Starting service [Tomcat] 
2025-01-07 16:23:52.967  INFO [org.apache.catalina.core.StandardEngine:173] Starting Servlet engine: [Apache Tomcat/9.0.64] 
2025-01-07 16:23:53.066  INFO [org.apache.catalina.core.ContainerBase.[Tomcat].[localhost].[/]:173] Initializing Spring embedded WebApplicationContext 
2025-01-07 16:23:53.067  INFO [org.springframework.boot.web.servlet.context.ServletWebServerApplicationContext:292] Root WebApplicationContext: initialization completed in 1361 ms 
2025-01-07 16:23:53.364  INFO [com.zaxxer.hikari.HikariDataSource:110] HikariPool-1 - Starting... 
2025-01-07 16:23:54.141  INFO [com.zaxxer.hikari.HikariDataSource:123] HikariPool-1 - Start completed. 
2025-01-07 16:23:54.183  INFO [org.hibernate.jpa.internal.util.LogHelper:31] HHH000204: Processing PersistenceUnitInfo [name: default] 
2025-01-07 16:23:54.223  INFO [org.hibernate.Version:44] HHH000412: Hibernate ORM core version 5.6.9.Final 
2025-01-07 16:23:54.330  INFO [org.hibernate.annotations.common.Version:56] HCANN000001: Hibernate Commons Annotations {5.1.2.Final} 
2025-01-07 16:23:54.429  INFO [org.hibernate.dialect.Dialect:175] HHH000400: Using dialect: org.hibernate.dialect.SQLServer2016Dialect 
2025-01-07 16:23:54.916  INFO [org.hibernate.engine.transaction.jta.platform.internal.JtaPlatformInitiator:52] HHH000490: Using JtaPlatform implementation: [org.hibernate.engine.transaction.jta.platform.internal.NoJtaPlatform] 
2025-01-07 16:23:54.922  INFO [org.springframework.orm.jpa.LocalContainerEntityManagerFactoryBean:437] Initialized JPA EntityManagerFactory for persistence unit 'default' 
2025-01-07 16:23:55.373  WARN [org.springframework.boot.autoconfigure.orm.jpa.JpaBaseConfiguration$JpaWebConfiguration:219] spring.jpa.open-in-view is enabled by default. Therefore, database queries may be performed during view rendering. Explicitly configure spring.jpa.open-in-view to disable this warning 
2025-01-07 16:23:55.448 DEBUG [org.springframework.web.servlet.mvc.method.annotation.RequestMappingHandlerMapping:367] 10 mappings in 'requestMappingHandlerMapping' 
2025-01-07 16:23:55.671 DEBUG [org.springframework.web.servlet.handler.SimpleUrlHandlerMapping:188] Patterns [/agent/swagger-ui*/**] in 'resourceHandlerMapping' 
2025-01-07 16:23:55.705 DEBUG [org.springframework.web.servlet.mvc.method.annotation.RequestMappingHandlerAdapter:625] ControllerAdvice beans: 0 @ModelAttribute, 0 @InitBinder, 1 RequestBodyAdvice, 1 ResponseBodyAdvice 
2025-01-07 16:23:55.724 DEBUG [org.springframework.web.servlet.mvc.method.annotation.ExceptionHandlerExceptionResolver:307] ControllerAdvice beans: 1 @ExceptionHandler, 1 ResponseBodyAdvice 
2025-01-07 16:23:56.004  INFO [org.springframework.boot.actuate.endpoint.web.EndpointLinksResolver:58] Exposing 1 endpoint(s) beneath base path '/actuator' 
2025-01-07 16:23:56.097  INFO [org.apache.kafka.clients.consumer.ConsumerConfig:376] ConsumerConfig values: 
	allow.auto.create.topics = true
	auto.commit.interval.ms = 5000
	auto.offset.reset = latest
	bootstrap.servers = [localhost:9092]
	check.crcs = true
	client.dns.lookup = use_all_dns_ips
	client.id = consumer-item_group-1
	client.rack = 
	connections.max.idle.ms = 540000
	default.api.timeout.ms = 60000
	enable.auto.commit = false
	exclude.internal.topics = true
	fetch.max.bytes = 52428800
	fetch.max.wait.ms = 500
	fetch.min.bytes = 1
	group.id = item_group
	group.instance.id = null
	heartbeat.interval.ms = 3000
	interceptor.classes = []
	internal.leave.group.on.close = true
	internal.throw.on.fetch.stable.offset.unsupported = false
	isolation.level = read_uncommitted
	key.deserializer = class org.apache.kafka.common.serialization.StringDeserializer
	max.partition.fetch.bytes = 1048576
	max.poll.interval.ms = 300000
	max.poll.records = 500
	metadata.max.age.ms = 300000
	metric.reporters = []
	metrics.num.samples = 2
	metrics.recording.level = INFO
	metrics.sample.window.ms = 30000
	partition.assignment.strategy = [class org.apache.kafka.clients.consumer.RangeAssignor, class org.apache.kafka.clients.consumer.CooperativeStickyAssignor]
	receive.buffer.bytes = 65536
	reconnect.backoff.max.ms = 1000
	reconnect.backoff.ms = 50
	request.timeout.ms = 30000
	retry.backoff.ms = 100
	sasl.client.callback.handler.class = null
	sasl.jaas.config = null
	sasl.kerberos.kinit.cmd = /usr/bin/kinit
	sasl.kerberos.min.time.before.relogin = 60000
	sasl.kerberos.service.name = null
	sasl.kerberos.ticket.renew.jitter = 0.05
	sasl.kerberos.ticket.renew.window.factor = 0.8
	sasl.login.callback.handler.class = null
	sasl.login.class = null
	sasl.login.connect.timeout.ms = null
	sasl.login.read.timeout.ms = null
	sasl.login.refresh.buffer.seconds = 300
	sasl.login.refresh.min.period.seconds = 60
	sasl.login.refresh.window.factor = 0.8
	sasl.login.refresh.window.jitter = 0.05
	sasl.login.retry.backoff.max.ms = 10000
	sasl.login.retry.backoff.ms = 100
	sasl.mechanism = GSSAPI
	sasl.oauthbearer.clock.skew.seconds = 30
	sasl.oauthbearer.expected.audience = null
	sasl.oauthbearer.expected.issuer = null
	sasl.oauthbearer.jwks.endpoint.refresh.ms = 3600000
	sasl.oauthbearer.jwks.endpoint.retry.backoff.max.ms = 10000
	sasl.oauthbearer.jwks.endpoint.retry.backoff.ms = 100
	sasl.oauthbearer.jwks.endpoint.url = null
	sasl.oauthbearer.scope.claim.name = scope
	sasl.oauthbearer.sub.claim.name = sub
	sasl.oauthbearer.token.endpoint.url = null
	security.protocol = PLAINTEXT
	security.providers = null
	send.buffer.bytes = 131072
	session.timeout.ms = 45000
	socket.connection.setup.timeout.max.ms = 30000
	socket.connection.setup.timeout.ms = 10000
	ssl.cipher.suites = null
	ssl.enabled.protocols = [TLSv1.2, TLSv1.3]
	ssl.endpoint.identification.algorithm = https
	ssl.engine.factory.class = null
	ssl.key.password = null
	ssl.keymanager.algorithm = SunX509
	ssl.keystore.certificate.chain = null
	ssl.keystore.key = null
	ssl.keystore.location = null
	ssl.keystore.password = null
	ssl.keystore.type = JKS
	ssl.protocol = TLSv1.3
	ssl.provider = null
	ssl.secure.random.implementation = null
	ssl.trustmanager.algorithm = PKIX
	ssl.truststore.certificates = null
	ssl.truststore.location = null
	ssl.truststore.password = null
	ssl.truststore.type = JKS
	value.deserializer = class org.apache.kafka.common.serialization.StringDeserializer
 
2025-01-07 16:23:56.230  INFO [org.apache.kafka.common.utils.AppInfoParser:119] Kafka version: 3.1.1 
2025-01-07 16:23:56.230  INFO [org.apache.kafka.common.utils.AppInfoParser:120] Kafka commitId: 97671528ba54a138 
2025-01-07 16:23:56.230  INFO [org.apache.kafka.common.utils.AppInfoParser:121] Kafka startTimeMs: 1736259836228 
2025-01-07 16:23:56.254  INFO [org.apache.kafka.clients.consumer.KafkaConsumer:966] [Consumer clientId=consumer-item_group-1, groupId=item_group] Subscribed to topic(s): Item_Topic 
2025-01-07 16:23:56.268  INFO [org.apache.coyote.http11.Http11NioProtocol:173] Starting ProtocolHandler ["http-nio-8081"] 
2025-01-07 16:23:56.288  INFO [org.springframework.boot.web.embedded.tomcat.TomcatWebServer:220] Tomcat started on port(s): 8081 (http) with context path '' 
2025-01-07 16:23:56.303  INFO [za.co.woolworths.itemkafka_poc.KafkaItemProducerPocApplication:61] Started KafkaItemProducerPocApplication in 4.96 seconds (JVM running for 5.237) 
2025-01-07 16:23:56.509  INFO [org.apache.kafka.clients.Metadata:402] [Consumer clientId=consumer-item_group-1, groupId=item_group] Resetting the last seen epoch of partition Item_Topic-0 to 0 since the associated topicId changed from null to lncACV4PTO-QzmY7TGKExg 
2025-01-07 16:23:56.511  INFO [org.apache.kafka.clients.Metadata:287] [Consumer clientId=consumer-item_group-1, groupId=item_group] Cluster ID: IdFmegt5SVqKpmFnoQXPDA 
2025-01-07 16:23:56.511  INFO [org.apache.kafka.clients.consumer.internals.ConsumerCoordinator:853] [Consumer clientId=consumer-item_group-1, groupId=item_group] Discovered group coordinator localhost:9092 (id: 2147483647 rack: null) 
2025-01-07 16:23:56.513  INFO [org.apache.kafka.clients.consumer.internals.ConsumerCoordinator:535] [Consumer clientId=consumer-item_group-1, groupId=item_group] (Re-)joining group 
2025-01-07 16:23:56.522  INFO [org.apache.kafka.clients.consumer.internals.ConsumerCoordinator:1000] [Consumer clientId=consumer-item_group-1, groupId=item_group] Request joining group due to: need to re-join with the given member-id 
2025-01-07 16:23:56.523  INFO [org.apache.kafka.clients.consumer.internals.ConsumerCoordinator:535] [Consumer clientId=consumer-item_group-1, groupId=item_group] (Re-)joining group 
2025-01-07 16:23:56.526  INFO [org.apache.kafka.clients.consumer.internals.ConsumerCoordinator:595] [Consumer clientId=consumer-item_group-1, groupId=item_group] Successfully joined group with generation Generation{generationId=25, memberId='consumer-item_group-1-60ce9f74-e788-4a2c-8eb2-9e3dfe97e1ee', protocol='range'} 
2025-01-07 16:23:56.528  INFO [org.apache.kafka.clients.consumer.internals.ConsumerCoordinator:654] [Consumer clientId=consumer-item_group-1, groupId=item_group] Finished assignment for group at generation 25: {consumer-item_group-1-60ce9f74-e788-4a2c-8eb2-9e3dfe97e1ee=Assignment(partitions=[Item_Topic-0])} 
2025-01-07 16:23:56.533  INFO [org.apache.kafka.clients.consumer.internals.ConsumerCoordinator:761] [Consumer clientId=consumer-item_group-1, groupId=item_group] Successfully synced group in generation Generation{generationId=25, memberId='consumer-item_group-1-60ce9f74-e788-4a2c-8eb2-9e3dfe97e1ee', protocol='range'} 
2025-01-07 16:23:56.534  INFO [org.apache.kafka.clients.consumer.internals.ConsumerCoordinator:279] [Consumer clientId=consumer-item_group-1, groupId=item_group] Notifying assignor about the new Assignment(partitions=[Item_Topic-0]) 
2025-01-07 16:23:56.535  INFO [org.apache.kafka.clients.consumer.internals.ConsumerCoordinator:291] [Consumer clientId=consumer-item_group-1, groupId=item_group] Adding newly assigned partitions: Item_Topic-0 
2025-01-07 16:23:56.540  INFO [org.apache.kafka.clients.consumer.internals.ConsumerCoordinator:846] [Consumer clientId=consumer-item_group-1, groupId=item_group] Setting offset for partition Item_Topic-0 to the committed offset FetchPosition{offset=866, offsetEpoch=Optional.empty, currentLeader=LeaderAndEpoch{leader=Optional[localhost:9092 (id: 0 rack: null)], epoch=0}} 
2025-01-07 16:23:56.541  INFO [org.springframework.kafka.listener.KafkaMessageListenerContainer:292] item_group: partitions assigned: [Item_Topic-0] 
2025-01-07 16:24:01.857  INFO [org.apache.catalina.core.ContainerBase.[Tomcat].[localhost].[/]:173] Initializing Spring DispatcherServlet 'dispatcherServlet' 
2025-01-07 16:24:01.857  INFO [org.springframework.web.servlet.DispatcherServlet:525] Initializing Servlet 'dispatcherServlet' 
2025-01-07 16:24:01.857 DEBUG [org.springframework.web.servlet.DispatcherServlet:520] Detected StandardServletMultipartResolver 
2025-01-07 16:24:01.857 DEBUG [org.springframework.web.servlet.DispatcherServlet:544] Detected AcceptHeaderLocaleResolver 
2025-01-07 16:24:01.857 DEBUG [org.springframework.web.servlet.DispatcherServlet:569] Detected FixedThemeResolver 
2025-01-07 16:24:01.858 DEBUG [org.springframework.web.servlet.DispatcherServlet:719] Detected org.springframework.web.servlet.view.DefaultRequestToViewNameTranslator@4f1aa2bc 
2025-01-07 16:24:01.858 DEBUG [org.springframework.web.servlet.DispatcherServlet:783] Detected org.springframework.web.servlet.support.SessionFlashMapManager@3ecc9baa 
2025-01-07 16:24:01.858 DEBUG [org.springframework.web.servlet.DispatcherServlet:542] enableLoggingRequestDetails='false': request parameters and headers will be masked to prevent unsafe logging of potentially sensitive data 
2025-01-07 16:24:01.858  INFO [org.springframework.web.servlet.DispatcherServlet:547] Completed initialization in 1 ms 
2025-01-07 16:24:01.862 DEBUG [org.springframework.web.servlet.DispatcherServlet:119] POST "/item-kafka/app/publish-items/v1", parameters={} 
2025-01-07 16:24:01.867 DEBUG [org.springframework.web.servlet.mvc.method.annotation.RequestMappingHandlerMapping:522] Mapped to za.co.woolworths.itemkafka_poc.controller.ItemProducerController#createItemKafkaTopic() 
2025-01-07 16:24:02.302  INFO [org.apache.kafka.clients.producer.ProducerConfig:376] ProducerConfig values: 
	acks = -1
	batch.size = 16384
	bootstrap.servers = [localhost:9092]
	buffer.memory = 33554432
	client.dns.lookup = use_all_dns_ips
	client.id = producer-1
	compression.type = none
	connections.max.idle.ms = 540000
	delivery.timeout.ms = 120000
	enable.idempotence = true
	interceptor.classes = []
	key.serializer = class org.apache.kafka.common.serialization.StringSerializer
	linger.ms = 0
	max.block.ms = 60000
	max.in.flight.requests.per.connection = 5
	max.request.size = 1048576
	metadata.max.age.ms = 300000
	metadata.max.idle.ms = 300000
	metric.reporters = []
	metrics.num.samples = 2
	metrics.recording.level = INFO
	metrics.sample.window.ms = 30000
	partitioner.class = class org.apache.kafka.clients.producer.internals.DefaultPartitioner
	receive.buffer.bytes = 32768
	reconnect.backoff.max.ms = 1000
	reconnect.backoff.ms = 50
	request.timeout.ms = 120000
	retries = 3
	retry.backoff.ms = 100
	sasl.client.callback.handler.class = null
	sasl.jaas.config = null
	sasl.kerberos.kinit.cmd = /usr/bin/kinit
	sasl.kerberos.min.time.before.relogin = 60000
	sasl.kerberos.service.name = null
	sasl.kerberos.ticket.renew.jitter = 0.05
	sasl.kerberos.ticket.renew.window.factor = 0.8
	sasl.login.callback.handler.class = null
	sasl.login.class = null
	sasl.login.connect.timeout.ms = null
	sasl.login.read.timeout.ms = null
	sasl.login.refresh.buffer.seconds = 300
	sasl.login.refresh.min.period.seconds = 60
	sasl.login.refresh.window.factor = 0.8
	sasl.login.refresh.window.jitter = 0.05
	sasl.login.retry.backoff.max.ms = 10000
	sasl.login.retry.backoff.ms = 100
	sasl.mechanism = GSSAPI
	sasl.oauthbearer.clock.skew.seconds = 30
	sasl.oauthbearer.expected.audience = null
	sasl.oauthbearer.expected.issuer = null
	sasl.oauthbearer.jwks.endpoint.refresh.ms = 3600000
	sasl.oauthbearer.jwks.endpoint.retry.backoff.max.ms = 10000
	sasl.oauthbearer.jwks.endpoint.retry.backoff.ms = 100
	sasl.oauthbearer.jwks.endpoint.url = null
	sasl.oauthbearer.scope.claim.name = scope
	sasl.oauthbearer.sub.claim.name = sub
	sasl.oauthbearer.token.endpoint.url = null
	security.protocol = PLAINTEXT
	security.providers = null
	send.buffer.bytes = 131072
	socket.connection.setup.timeout.max.ms = 30000
	socket.connection.setup.timeout.ms = 10000
	ssl.cipher.suites = null
	ssl.enabled.protocols = [TLSv1.2, TLSv1.3]
	ssl.endpoint.identification.algorithm = https
	ssl.engine.factory.class = null
	ssl.key.password = null
	ssl.keymanager.algorithm = SunX509
	ssl.keystore.certificate.chain = null
	ssl.keystore.key = null
	ssl.keystore.location = null
	ssl.keystore.password = null
	ssl.keystore.type = JKS
	ssl.protocol = TLSv1.3
	ssl.provider = null
	ssl.secure.random.implementation = null
	ssl.trustmanager.algorithm = PKIX
	ssl.truststore.certificates = null
	ssl.truststore.location = null
	ssl.truststore.password = null
	ssl.truststore.type = JKS
	transaction.timeout.ms = 60000
	transactional.id = null
	value.serializer = class org.apache.kafka.common.serialization.StringSerializer
 
2025-01-07 16:24:02.309  INFO [org.apache.kafka.clients.producer.KafkaProducer:572] [Producer clientId=producer-1] Instantiated an idempotent producer. 
2025-01-07 16:24:02.319  INFO [org.apache.kafka.common.utils.AppInfoParser:119] Kafka version: 3.1.1 
2025-01-07 16:24:02.320  INFO [org.apache.kafka.common.utils.AppInfoParser:120] Kafka commitId: 97671528ba54a138 
2025-01-07 16:24:02.320  INFO [org.apache.kafka.common.utils.AppInfoParser:121] Kafka startTimeMs: 1736259842319 
2025-01-07 16:24:02.326  INFO [org.apache.kafka.clients.Metadata:287] [Producer clientId=producer-1] Cluster ID: IdFmegt5SVqKpmFnoQXPDA 
2025-01-07 16:24:02.328  INFO [org.apache.kafka.clients.producer.internals.TransactionManager:554] [Producer clientId=producer-1] ProducerId set to 1006 with epoch 0 
2025-01-07 16:24:02.330  INFO [org.apache.kafka.clients.Metadata:402] [Producer clientId=producer-1] Resetting the last seen epoch of partition Item_Topic-0 to 0 since the associated topicId changed from null to lncACV4PTO-QzmY7TGKExg 
2025-01-07 16:24:02.371 DEBUG [org.springframework.web.servlet.mvc.method.annotation.RequestResponseBodyMethodProcessor:268] Using 'application/text', given [application/text] and supported [application/text] 
2025-01-07 16:24:02.372 DEBUG [org.springframework.web.servlet.mvc.method.annotation.RequestResponseBodyMethodProcessor:119] Writing ["Items sent to Kafka Topic successfully!"] 
2025-01-07 16:24:02.381 DEBUG [org.springframework.web.servlet.DispatcherServlet:1131] Completed 200 OK 
2025-01-07 16:29:33.225  INFO [org.apache.kafka.clients.consumer.internals.ConsumerCoordinator:310] [Consumer clientId=consumer-item_group-1, groupId=item_group] Revoke previously assigned partitions Item_Topic-0 
2025-01-07 16:29:33.225  INFO [org.springframework.kafka.listener.KafkaMessageListenerContainer:292] item_group: partitions revoked: [Item_Topic-0] 
2025-01-07 16:29:33.225  INFO [org.apache.kafka.clients.consumer.internals.ConsumerCoordinator:1060] [Consumer clientId=consumer-item_group-1, groupId=item_group] Member consumer-item_group-1-60ce9f74-e788-4a2c-8eb2-9e3dfe97e1ee sending LeaveGroup request to coordinator localhost:9092 (id: 2147483647 rack: null) due to the consumer unsubscribed from all topics 
2025-01-07 16:29:33.226  INFO [org.apache.kafka.clients.consumer.internals.ConsumerCoordinator:972] [Consumer clientId=consumer-item_group-1, groupId=item_group] Resetting generation due to: consumer pro-actively leaving the group 
2025-01-07 16:29:33.226  INFO [org.apache.kafka.clients.consumer.internals.ConsumerCoordinator:1000] [Consumer clientId=consumer-item_group-1, groupId=item_group] Request joining group due to: consumer pro-actively leaving the group 
2025-01-07 16:29:33.226  INFO [org.apache.kafka.clients.consumer.KafkaConsumer:1075] [Consumer clientId=consumer-item_group-1, groupId=item_group] Unsubscribed all topics or patterns and assigned partitions 
2025-01-07 16:29:33.227  INFO [org.apache.kafka.clients.consumer.internals.ConsumerCoordinator:972] [Consumer clientId=consumer-item_group-1, groupId=item_group] Resetting generation due to: consumer pro-actively leaving the group 
2025-01-07 16:29:33.227  INFO [org.apache.kafka.clients.consumer.internals.ConsumerCoordinator:1000] [Consumer clientId=consumer-item_group-1, groupId=item_group] Request joining group due to: consumer pro-actively leaving the group 
2025-01-07 16:29:33.233  INFO [org.apache.kafka.common.metrics.Metrics:659] Metrics scheduler closed 
2025-01-07 16:29:33.233  INFO [org.apache.kafka.common.metrics.Metrics:663] Closing reporter org.apache.kafka.common.metrics.JmxReporter 
2025-01-07 16:29:33.234  INFO [org.apache.kafka.common.metrics.Metrics:669] Metrics reporters closed 
2025-01-07 16:29:33.237  INFO [org.apache.kafka.common.utils.AppInfoParser:83] App info kafka.consumer for consumer-item_group-1 unregistered 
2025-01-07 16:29:33.238  INFO [org.springframework.kafka.listener.KafkaMessageListenerContainer:292] item_group: Consumer stopped 
2025-01-07 16:29:33.242  INFO [org.apache.kafka.clients.producer.KafkaProducer:1249] [Producer clientId=producer-1] Closing the Kafka producer with timeoutMillis = 30000 ms. 
2025-01-07 16:29:33.246  INFO [org.apache.kafka.common.metrics.Metrics:659] Metrics scheduler closed 
2025-01-07 16:29:33.246  INFO [org.apache.kafka.common.metrics.Metrics:663] Closing reporter org.apache.kafka.common.metrics.JmxReporter 
2025-01-07 16:29:33.247  INFO [org.apache.kafka.common.metrics.Metrics:669] Metrics reporters closed 
2025-01-07 16:29:33.247  INFO [org.apache.kafka.common.utils.AppInfoParser:83] App info kafka.producer for producer-1 unregistered 
2025-01-07 16:29:33.249  INFO [org.springframework.orm.jpa.LocalContainerEntityManagerFactoryBean:651] Closing JPA EntityManagerFactory for persistence unit 'default' 
2025-01-07 16:29:33.252  INFO [com.zaxxer.hikari.HikariDataSource:350] HikariPool-1 - Shutdown initiated... 
2025-01-07 16:29:33.254  INFO [com.zaxxer.hikari.HikariDataSource:352] HikariPool-1 - Shutdown completed. 
2025-01-07 16:34:31.110  INFO [za.co.woolworths.itemkafka_poc.KafkaItemProducerPocApplication:55] Starting KafkaItemProducerPocApplication using Java 15.0.2 on W49204302 with PID 18700 (C:\Workspaces\Item-Kafka-Producer-POC\Item-Kafka-Producer-POC\target\classes started by W7178930 in C:\Workspaces\Item-Kafka-Producer-POC\Item-Kafka-Producer-POC) 
2025-01-07 16:34:31.114  INFO [za.co.woolworths.itemkafka_poc.KafkaItemProducerPocApplication:640] The following 2 profiles are active: "swagger", "dev" 
2025-01-07 16:34:32.014  INFO [org.springframework.data.repository.config.RepositoryConfigurationDelegate:132] Bootstrapping Spring Data JPA repositories in DEFAULT mode. 
2025-01-07 16:34:32.079  INFO [org.springframework.data.repository.config.RepositoryConfigurationDelegate:201] Finished Spring Data repository scanning in 57 ms. Found 1 JPA repository interfaces. 
2025-01-07 16:34:32.773  INFO [org.springframework.boot.web.embedded.tomcat.TomcatWebServer:108] Tomcat initialized with port(s): 8081 (http) 
2025-01-07 16:34:32.783  INFO [org.apache.coyote.http11.Http11NioProtocol:173] Initializing ProtocolHandler ["http-nio-8081"] 
2025-01-07 16:34:32.784  INFO [org.apache.catalina.core.StandardService:173] Starting service [Tomcat] 
2025-01-07 16:34:32.784  INFO [org.apache.catalina.core.StandardEngine:173] Starting Servlet engine: [Apache Tomcat/9.0.64] 
2025-01-07 16:34:32.918  INFO [org.apache.catalina.core.ContainerBase.[Tomcat].[localhost].[/]:173] Initializing Spring embedded WebApplicationContext 
2025-01-07 16:34:32.918  INFO [org.springframework.boot.web.servlet.context.ServletWebServerApplicationContext:292] Root WebApplicationContext: initialization completed in 1768 ms 
2025-01-07 16:34:33.285  INFO [com.zaxxer.hikari.HikariDataSource:110] HikariPool-1 - Starting... 
2025-01-07 16:34:34.374  INFO [com.zaxxer.hikari.HikariDataSource:123] HikariPool-1 - Start completed. 
2025-01-07 16:34:34.406  INFO [org.hibernate.jpa.internal.util.LogHelper:31] HHH000204: Processing PersistenceUnitInfo [name: default] 
2025-01-07 16:34:34.453  INFO [org.hibernate.Version:44] HHH000412: Hibernate ORM core version 5.6.9.Final 
2025-01-07 16:34:34.600  INFO [org.hibernate.annotations.common.Version:56] HCANN000001: Hibernate Commons Annotations {5.1.2.Final} 
2025-01-07 16:34:34.735  INFO [org.hibernate.dialect.Dialect:175] HHH000400: Using dialect: org.hibernate.dialect.SQLServer2016Dialect 
2025-01-07 16:34:35.429  INFO [org.hibernate.engine.transaction.jta.platform.internal.JtaPlatformInitiator:52] HHH000490: Using JtaPlatform implementation: [org.hibernate.engine.transaction.jta.platform.internal.NoJtaPlatform] 
2025-01-07 16:34:35.451  INFO [org.springframework.orm.jpa.LocalContainerEntityManagerFactoryBean:437] Initialized JPA EntityManagerFactory for persistence unit 'default' 
2025-01-07 16:34:36.349  WARN [org.springframework.boot.autoconfigure.orm.jpa.JpaBaseConfiguration$JpaWebConfiguration:219] spring.jpa.open-in-view is enabled by default. Therefore, database queries may be performed during view rendering. Explicitly configure spring.jpa.open-in-view to disable this warning 
2025-01-07 16:34:36.486 DEBUG [org.springframework.web.servlet.mvc.method.annotation.RequestMappingHandlerMapping:367] 10 mappings in 'requestMappingHandlerMapping' 
2025-01-07 16:34:36.914 DEBUG [org.springframework.web.servlet.handler.SimpleUrlHandlerMapping:188] Patterns [/agent/swagger-ui*/**] in 'resourceHandlerMapping' 
2025-01-07 16:34:36.960 DEBUG [org.springframework.web.servlet.mvc.method.annotation.RequestMappingHandlerAdapter:625] ControllerAdvice beans: 0 @ModelAttribute, 0 @InitBinder, 1 RequestBodyAdvice, 1 ResponseBodyAdvice 
2025-01-07 16:34:37.017 DEBUG [org.springframework.web.servlet.mvc.method.annotation.ExceptionHandlerExceptionResolver:307] ControllerAdvice beans: 1 @ExceptionHandler, 1 ResponseBodyAdvice 
2025-01-07 16:34:37.548  INFO [org.springframework.boot.actuate.endpoint.web.EndpointLinksResolver:58] Exposing 1 endpoint(s) beneath base path '/actuator' 
2025-01-07 16:34:37.707  INFO [org.apache.kafka.clients.consumer.ConsumerConfig:376] ConsumerConfig values: 
	allow.auto.create.topics = true
	auto.commit.interval.ms = 5000
	auto.offset.reset = latest
	bootstrap.servers = [localhost:9092]
	check.crcs = true
	client.dns.lookup = use_all_dns_ips
	client.id = consumer-item_group-1
	client.rack = 
	connections.max.idle.ms = 540000
	default.api.timeout.ms = 60000
	enable.auto.commit = false
	exclude.internal.topics = true
	fetch.max.bytes = 52428800
	fetch.max.wait.ms = 500
	fetch.min.bytes = 1
	group.id = item_group
	group.instance.id = null
	heartbeat.interval.ms = 3000
	interceptor.classes = []
	internal.leave.group.on.close = true
	internal.throw.on.fetch.stable.offset.unsupported = false
	isolation.level = read_uncommitted
	key.deserializer = class org.apache.kafka.common.serialization.StringDeserializer
	max.partition.fetch.bytes = 1048576
	max.poll.interval.ms = 300000
	max.poll.records = 500
	metadata.max.age.ms = 300000
	metric.reporters = []
	metrics.num.samples = 2
	metrics.recording.level = INFO
	metrics.sample.window.ms = 30000
	partition.assignment.strategy = [class org.apache.kafka.clients.consumer.RangeAssignor, class org.apache.kafka.clients.consumer.CooperativeStickyAssignor]
	receive.buffer.bytes = 65536
	reconnect.backoff.max.ms = 1000
	reconnect.backoff.ms = 50
	request.timeout.ms = 30000
	retry.backoff.ms = 100
	sasl.client.callback.handler.class = null
	sasl.jaas.config = null
	sasl.kerberos.kinit.cmd = /usr/bin/kinit
	sasl.kerberos.min.time.before.relogin = 60000
	sasl.kerberos.service.name = null
	sasl.kerberos.ticket.renew.jitter = 0.05
	sasl.kerberos.ticket.renew.window.factor = 0.8
	sasl.login.callback.handler.class = null
	sasl.login.class = null
	sasl.login.connect.timeout.ms = null
	sasl.login.read.timeout.ms = null
	sasl.login.refresh.buffer.seconds = 300
	sasl.login.refresh.min.period.seconds = 60
	sasl.login.refresh.window.factor = 0.8
	sasl.login.refresh.window.jitter = 0.05
	sasl.login.retry.backoff.max.ms = 10000
	sasl.login.retry.backoff.ms = 100
	sasl.mechanism = GSSAPI
	sasl.oauthbearer.clock.skew.seconds = 30
	sasl.oauthbearer.expected.audience = null
	sasl.oauthbearer.expected.issuer = null
	sasl.oauthbearer.jwks.endpoint.refresh.ms = 3600000
	sasl.oauthbearer.jwks.endpoint.retry.backoff.max.ms = 10000
	sasl.oauthbearer.jwks.endpoint.retry.backoff.ms = 100
	sasl.oauthbearer.jwks.endpoint.url = null
	sasl.oauthbearer.scope.claim.name = scope
	sasl.oauthbearer.sub.claim.name = sub
	sasl.oauthbearer.token.endpoint.url = null
	security.protocol = PLAINTEXT
	security.providers = null
	send.buffer.bytes = 131072
	session.timeout.ms = 45000
	socket.connection.setup.timeout.max.ms = 30000
	socket.connection.setup.timeout.ms = 10000
	ssl.cipher.suites = null
	ssl.enabled.protocols = [TLSv1.2, TLSv1.3]
	ssl.endpoint.identification.algorithm = https
	ssl.engine.factory.class = null
	ssl.key.password = null
	ssl.keymanager.algorithm = SunX509
	ssl.keystore.certificate.chain = null
	ssl.keystore.key = null
	ssl.keystore.location = null
	ssl.keystore.password = null
	ssl.keystore.type = JKS
	ssl.protocol = TLSv1.3
	ssl.provider = null
	ssl.secure.random.implementation = null
	ssl.trustmanager.algorithm = PKIX
	ssl.truststore.certificates = null
	ssl.truststore.location = null
	ssl.truststore.password = null
	ssl.truststore.type = JKS
	value.deserializer = class org.apache.kafka.common.serialization.StringDeserializer
 
2025-01-07 16:34:37.957  INFO [org.apache.kafka.common.utils.AppInfoParser:119] Kafka version: 3.1.1 
2025-01-07 16:34:37.958  INFO [org.apache.kafka.common.utils.AppInfoParser:120] Kafka commitId: 97671528ba54a138 
2025-01-07 16:34:37.958  INFO [org.apache.kafka.common.utils.AppInfoParser:121] Kafka startTimeMs: 1736260477955 
2025-01-07 16:34:37.988  INFO [org.apache.kafka.clients.consumer.KafkaConsumer:966] [Consumer clientId=consumer-item_group-1, groupId=item_group] Subscribed to topic(s): Item_Topic 
2025-01-07 16:34:38.004  INFO [org.apache.coyote.http11.Http11NioProtocol:173] Starting ProtocolHandler ["http-nio-8081"] 
2025-01-07 16:34:38.022  INFO [org.springframework.boot.web.embedded.tomcat.TomcatWebServer:220] Tomcat started on port(s): 8081 (http) with context path '' 
2025-01-07 16:34:38.046  INFO [za.co.woolworths.itemkafka_poc.KafkaItemProducerPocApplication:61] Started KafkaItemProducerPocApplication in 7.361 seconds (JVM running for 7.741) 
2025-01-07 16:34:38.513  INFO [org.apache.kafka.clients.Metadata:402] [Consumer clientId=consumer-item_group-1, groupId=item_group] Resetting the last seen epoch of partition Item_Topic-0 to 0 since the associated topicId changed from null to lncACV4PTO-QzmY7TGKExg 
2025-01-07 16:34:38.517  INFO [org.apache.kafka.clients.Metadata:287] [Consumer clientId=consumer-item_group-1, groupId=item_group] Cluster ID: IdFmegt5SVqKpmFnoQXPDA 
2025-01-07 16:34:38.520  INFO [org.apache.kafka.clients.consumer.internals.ConsumerCoordinator:853] [Consumer clientId=consumer-item_group-1, groupId=item_group] Discovered group coordinator localhost:9092 (id: 2147483647 rack: null) 
2025-01-07 16:34:38.524  INFO [org.apache.kafka.clients.consumer.internals.ConsumerCoordinator:535] [Consumer clientId=consumer-item_group-1, groupId=item_group] (Re-)joining group 
2025-01-07 16:34:38.543  INFO [org.apache.kafka.clients.consumer.internals.ConsumerCoordinator:1000] [Consumer clientId=consumer-item_group-1, groupId=item_group] Request joining group due to: need to re-join with the given member-id 
2025-01-07 16:34:38.544  INFO [org.apache.kafka.clients.consumer.internals.ConsumerCoordinator:535] [Consumer clientId=consumer-item_group-1, groupId=item_group] (Re-)joining group 
2025-01-07 16:34:38.548  INFO [org.apache.kafka.clients.consumer.internals.ConsumerCoordinator:595] [Consumer clientId=consumer-item_group-1, groupId=item_group] Successfully joined group with generation Generation{generationId=27, memberId='consumer-item_group-1-6daeeafb-9d98-4cf8-bf0f-c83eda2055ab', protocol='range'} 
2025-01-07 16:34:38.553  INFO [org.apache.kafka.clients.consumer.internals.ConsumerCoordinator:654] [Consumer clientId=consumer-item_group-1, groupId=item_group] Finished assignment for group at generation 27: {consumer-item_group-1-6daeeafb-9d98-4cf8-bf0f-c83eda2055ab=Assignment(partitions=[Item_Topic-0])} 
2025-01-07 16:34:38.562  INFO [org.apache.kafka.clients.consumer.internals.ConsumerCoordinator:761] [Consumer clientId=consumer-item_group-1, groupId=item_group] Successfully synced group in generation Generation{generationId=27, memberId='consumer-item_group-1-6daeeafb-9d98-4cf8-bf0f-c83eda2055ab', protocol='range'} 
2025-01-07 16:34:38.562  INFO [org.apache.kafka.clients.consumer.internals.ConsumerCoordinator:279] [Consumer clientId=consumer-item_group-1, groupId=item_group] Notifying assignor about the new Assignment(partitions=[Item_Topic-0]) 
2025-01-07 16:34:38.564  INFO [org.apache.kafka.clients.consumer.internals.ConsumerCoordinator:291] [Consumer clientId=consumer-item_group-1, groupId=item_group] Adding newly assigned partitions: Item_Topic-0 
2025-01-07 16:34:38.576  INFO [org.apache.kafka.clients.consumer.internals.ConsumerCoordinator:846] [Consumer clientId=consumer-item_group-1, groupId=item_group] Setting offset for partition Item_Topic-0 to the committed offset FetchPosition{offset=966, offsetEpoch=Optional.empty, currentLeader=LeaderAndEpoch{leader=Optional[localhost:9092 (id: 0 rack: null)], epoch=0}} 
2025-01-07 16:34:38.578  INFO [org.springframework.kafka.listener.KafkaMessageListenerContainer:292] item_group: partitions assigned: [Item_Topic-0] 
2025-01-07 16:34:51.033  INFO [org.apache.catalina.core.ContainerBase.[Tomcat].[localhost].[/]:173] Initializing Spring DispatcherServlet 'dispatcherServlet' 
2025-01-07 16:34:51.033  INFO [org.springframework.web.servlet.DispatcherServlet:525] Initializing Servlet 'dispatcherServlet' 
2025-01-07 16:34:51.033 DEBUG [org.springframework.web.servlet.DispatcherServlet:520] Detected StandardServletMultipartResolver 
2025-01-07 16:34:51.034 DEBUG [org.springframework.web.servlet.DispatcherServlet:544] Detected AcceptHeaderLocaleResolver 
2025-01-07 16:34:51.034 DEBUG [org.springframework.web.servlet.DispatcherServlet:569] Detected FixedThemeResolver 
2025-01-07 16:34:51.034 DEBUG [org.springframework.web.servlet.DispatcherServlet:719] Detected org.springframework.web.servlet.view.DefaultRequestToViewNameTranslator@54e3cba2 
2025-01-07 16:34:51.035 DEBUG [org.springframework.web.servlet.DispatcherServlet:783] Detected org.springframework.web.servlet.support.SessionFlashMapManager@520eb9f8 
2025-01-07 16:34:51.035 DEBUG [org.springframework.web.servlet.DispatcherServlet:542] enableLoggingRequestDetails='false': request parameters and headers will be masked to prevent unsafe logging of potentially sensitive data 
2025-01-07 16:34:51.035  INFO [org.springframework.web.servlet.DispatcherServlet:547] Completed initialization in 2 ms 
2025-01-07 16:34:51.039 DEBUG [org.springframework.web.servlet.DispatcherServlet:119] POST "/item-kafka/app/publish-items/v1", parameters={} 
2025-01-07 16:34:51.044 DEBUG [org.springframework.web.servlet.mvc.method.annotation.RequestMappingHandlerMapping:522] Mapped to za.co.woolworths.itemkafka_poc.controller.ItemProducerController#createItemKafkaTopic() 
2025-01-07 16:34:51.753  INFO [org.apache.kafka.clients.producer.ProducerConfig:376] ProducerConfig values: 
	acks = -1
	batch.size = 16384
	bootstrap.servers = [localhost:9092]
	buffer.memory = 33554432
	client.dns.lookup = use_all_dns_ips
	client.id = producer-1
	compression.type = none
	connections.max.idle.ms = 540000
	delivery.timeout.ms = 120000
	enable.idempotence = true
	interceptor.classes = []
	key.serializer = class org.apache.kafka.common.serialization.StringSerializer
	linger.ms = 0
	max.block.ms = 60000
	max.in.flight.requests.per.connection = 5
	max.request.size = 1048576
	metadata.max.age.ms = 300000
	metadata.max.idle.ms = 300000
	metric.reporters = []
	metrics.num.samples = 2
	metrics.recording.level = INFO
	metrics.sample.window.ms = 30000
	partitioner.class = class org.apache.kafka.clients.producer.internals.DefaultPartitioner
	receive.buffer.bytes = 32768
	reconnect.backoff.max.ms = 1000
	reconnect.backoff.ms = 50
	request.timeout.ms = 120000
	retries = 3
	retry.backoff.ms = 100
	sasl.client.callback.handler.class = null
	sasl.jaas.config = null
	sasl.kerberos.kinit.cmd = /usr/bin/kinit
	sasl.kerberos.min.time.before.relogin = 60000
	sasl.kerberos.service.name = null
	sasl.kerberos.ticket.renew.jitter = 0.05
	sasl.kerberos.ticket.renew.window.factor = 0.8
	sasl.login.callback.handler.class = null
	sasl.login.class = null
	sasl.login.connect.timeout.ms = null
	sasl.login.read.timeout.ms = null
	sasl.login.refresh.buffer.seconds = 300
	sasl.login.refresh.min.period.seconds = 60
	sasl.login.refresh.window.factor = 0.8
	sasl.login.refresh.window.jitter = 0.05
	sasl.login.retry.backoff.max.ms = 10000
	sasl.login.retry.backoff.ms = 100
	sasl.mechanism = GSSAPI
	sasl.oauthbearer.clock.skew.seconds = 30
	sasl.oauthbearer.expected.audience = null
	sasl.oauthbearer.expected.issuer = null
	sasl.oauthbearer.jwks.endpoint.refresh.ms = 3600000
	sasl.oauthbearer.jwks.endpoint.retry.backoff.max.ms = 10000
	sasl.oauthbearer.jwks.endpoint.retry.backoff.ms = 100
	sasl.oauthbearer.jwks.endpoint.url = null
	sasl.oauthbearer.scope.claim.name = scope
	sasl.oauthbearer.sub.claim.name = sub
	sasl.oauthbearer.token.endpoint.url = null
	security.protocol = PLAINTEXT
	security.providers = null
	send.buffer.bytes = 131072
	socket.connection.setup.timeout.max.ms = 30000
	socket.connection.setup.timeout.ms = 10000
	ssl.cipher.suites = null
	ssl.enabled.protocols = [TLSv1.2, TLSv1.3]
	ssl.endpoint.identification.algorithm = https
	ssl.engine.factory.class = null
	ssl.key.password = null
	ssl.keymanager.algorithm = SunX509
	ssl.keystore.certificate.chain = null
	ssl.keystore.key = null
	ssl.keystore.location = null
	ssl.keystore.password = null
	ssl.keystore.type = JKS
	ssl.protocol = TLSv1.3
	ssl.provider = null
	ssl.secure.random.implementation = null
	ssl.trustmanager.algorithm = PKIX
	ssl.truststore.certificates = null
	ssl.truststore.location = null
	ssl.truststore.password = null
	ssl.truststore.type = JKS
	transaction.timeout.ms = 60000
	transactional.id = null
	value.serializer = class org.apache.kafka.common.serialization.StringSerializer
 
2025-01-07 16:34:51.759  INFO [org.apache.kafka.clients.producer.KafkaProducer:572] [Producer clientId=producer-1] Instantiated an idempotent producer. 
2025-01-07 16:34:51.774  INFO [org.apache.kafka.common.utils.AppInfoParser:119] Kafka version: 3.1.1 
2025-01-07 16:34:51.775  INFO [org.apache.kafka.common.utils.AppInfoParser:120] Kafka commitId: 97671528ba54a138 
2025-01-07 16:34:51.775  INFO [org.apache.kafka.common.utils.AppInfoParser:121] Kafka startTimeMs: 1736260491774 
2025-01-07 16:34:51.779  INFO [org.apache.kafka.clients.Metadata:287] [Producer clientId=producer-1] Cluster ID: IdFmegt5SVqKpmFnoQXPDA 
2025-01-07 16:34:51.781  INFO [org.apache.kafka.clients.producer.internals.TransactionManager:554] [Producer clientId=producer-1] ProducerId set to 1007 with epoch 0 
2025-01-07 16:34:51.783  INFO [org.apache.kafka.clients.Metadata:402] [Producer clientId=producer-1] Resetting the last seen epoch of partition Item_Topic-0 to 0 since the associated topicId changed from null to lncACV4PTO-QzmY7TGKExg 
2025-01-07 16:34:51.817 DEBUG [org.springframework.web.servlet.mvc.method.annotation.RequestResponseBodyMethodProcessor:268] Using 'application/text', given [application/text] and supported [application/text] 
2025-01-07 16:34:51.818 DEBUG [org.springframework.web.servlet.mvc.method.annotation.RequestResponseBodyMethodProcessor:119] Writing ["Items sent to Kafka Topic successfully!"] 
2025-01-07 16:34:51.826 DEBUG [org.springframework.web.servlet.DispatcherServlet:1131] Completed 200 OK 
2025-01-07 16:35:29.450  INFO [org.apache.kafka.clients.consumer.internals.ConsumerCoordinator:310] [Consumer clientId=consumer-item_group-1, groupId=item_group] Revoke previously assigned partitions Item_Topic-0 
2025-01-07 16:35:29.450  INFO [org.springframework.kafka.listener.KafkaMessageListenerContainer:292] item_group: partitions revoked: [Item_Topic-0] 
2025-01-07 16:35:29.451  INFO [org.apache.kafka.clients.consumer.internals.ConsumerCoordinator:1060] [Consumer clientId=consumer-item_group-1, groupId=item_group] Member consumer-item_group-1-6daeeafb-9d98-4cf8-bf0f-c83eda2055ab sending LeaveGroup request to coordinator localhost:9092 (id: 2147483647 rack: null) due to the consumer unsubscribed from all topics 
2025-01-07 16:35:29.451  INFO [org.apache.kafka.clients.consumer.internals.ConsumerCoordinator:972] [Consumer clientId=consumer-item_group-1, groupId=item_group] Resetting generation due to: consumer pro-actively leaving the group 
2025-01-07 16:35:29.451  INFO [org.apache.kafka.clients.consumer.internals.ConsumerCoordinator:1000] [Consumer clientId=consumer-item_group-1, groupId=item_group] Request joining group due to: consumer pro-actively leaving the group 
2025-01-07 16:35:29.451  INFO [org.apache.kafka.clients.consumer.KafkaConsumer:1075] [Consumer clientId=consumer-item_group-1, groupId=item_group] Unsubscribed all topics or patterns and assigned partitions 
2025-01-07 16:35:29.452  INFO [org.apache.kafka.clients.consumer.internals.ConsumerCoordinator:972] [Consumer clientId=consumer-item_group-1, groupId=item_group] Resetting generation due to: consumer pro-actively leaving the group 
2025-01-07 16:35:29.452  INFO [org.apache.kafka.clients.consumer.internals.ConsumerCoordinator:1000] [Consumer clientId=consumer-item_group-1, groupId=item_group] Request joining group due to: consumer pro-actively leaving the group 
2025-01-07 16:35:29.456  INFO [org.apache.kafka.common.metrics.Metrics:659] Metrics scheduler closed 
2025-01-07 16:35:29.456  INFO [org.apache.kafka.common.metrics.Metrics:663] Closing reporter org.apache.kafka.common.metrics.JmxReporter 
2025-01-07 16:35:29.456  INFO [org.apache.kafka.common.metrics.Metrics:669] Metrics reporters closed 
2025-01-07 16:35:29.458  INFO [org.apache.kafka.common.utils.AppInfoParser:83] App info kafka.consumer for consumer-item_group-1 unregistered 
2025-01-07 16:35:29.459  INFO [org.springframework.kafka.listener.KafkaMessageListenerContainer:292] item_group: Consumer stopped 
2025-01-07 16:35:29.461  INFO [org.apache.kafka.clients.producer.KafkaProducer:1249] [Producer clientId=producer-1] Closing the Kafka producer with timeoutMillis = 30000 ms. 
2025-01-07 16:35:29.464  INFO [org.apache.kafka.common.metrics.Metrics:659] Metrics scheduler closed 
2025-01-07 16:35:29.464  INFO [org.apache.kafka.common.metrics.Metrics:663] Closing reporter org.apache.kafka.common.metrics.JmxReporter 
2025-01-07 16:35:29.465  INFO [org.apache.kafka.common.metrics.Metrics:669] Metrics reporters closed 
2025-01-07 16:35:29.465  INFO [org.apache.kafka.common.utils.AppInfoParser:83] App info kafka.producer for producer-1 unregistered 
2025-01-07 16:35:29.466  INFO [org.springframework.orm.jpa.LocalContainerEntityManagerFactoryBean:651] Closing JPA EntityManagerFactory for persistence unit 'default' 
2025-01-07 16:35:29.469  INFO [com.zaxxer.hikari.HikariDataSource:350] HikariPool-1 - Shutdown initiated... 
2025-01-07 16:35:29.472  INFO [com.zaxxer.hikari.HikariDataSource:352] HikariPool-1 - Shutdown completed. 
2025-01-07 16:36:51.743  INFO [za.co.woolworths.itemkafka_poc.KafkaItemProducerPocApplication:55] Starting KafkaItemProducerPocApplication using Java 15.0.2 on W49204302 with PID 21480 (C:\Workspaces\Item-Kafka-Producer-POC\Item-Kafka-Producer-POC\target\classes started by W7178930 in C:\Workspaces\Item-Kafka-Producer-POC\Item-Kafka-Producer-POC) 
2025-01-07 16:36:51.745  INFO [za.co.woolworths.itemkafka_poc.KafkaItemProducerPocApplication:640] The following 2 profiles are active: "swagger", "dev" 
2025-01-07 16:36:52.451  INFO [org.springframework.data.repository.config.RepositoryConfigurationDelegate:132] Bootstrapping Spring Data JPA repositories in DEFAULT mode. 
2025-01-07 16:36:52.500  INFO [org.springframework.data.repository.config.RepositoryConfigurationDelegate:201] Finished Spring Data repository scanning in 39 ms. Found 1 JPA repository interfaces. 
2025-01-07 16:36:53.100  INFO [org.springframework.boot.web.embedded.tomcat.TomcatWebServer:108] Tomcat initialized with port(s): 8081 (http) 
2025-01-07 16:36:53.107  INFO [org.apache.coyote.http11.Http11NioProtocol:173] Initializing ProtocolHandler ["http-nio-8081"] 
2025-01-07 16:36:53.107  INFO [org.apache.catalina.core.StandardService:173] Starting service [Tomcat] 
2025-01-07 16:36:53.108  INFO [org.apache.catalina.core.StandardEngine:173] Starting Servlet engine: [Apache Tomcat/9.0.64] 
2025-01-07 16:36:53.230  INFO [org.apache.catalina.core.ContainerBase.[Tomcat].[localhost].[/]:173] Initializing Spring embedded WebApplicationContext 
2025-01-07 16:36:53.231  INFO [org.springframework.boot.web.servlet.context.ServletWebServerApplicationContext:292] Root WebApplicationContext: initialization completed in 1462 ms 
2025-01-07 16:36:53.596  INFO [com.zaxxer.hikari.HikariDataSource:110] HikariPool-1 - Starting... 
2025-01-07 16:36:54.463  INFO [com.zaxxer.hikari.HikariDataSource:123] HikariPool-1 - Start completed. 
2025-01-07 16:36:54.496  INFO [org.hibernate.jpa.internal.util.LogHelper:31] HHH000204: Processing PersistenceUnitInfo [name: default] 
2025-01-07 16:36:54.541  INFO [org.hibernate.Version:44] HHH000412: Hibernate ORM core version 5.6.9.Final 
2025-01-07 16:36:54.702  INFO [org.hibernate.annotations.common.Version:56] HCANN000001: Hibernate Commons Annotations {5.1.2.Final} 
2025-01-07 16:36:54.833  INFO [org.hibernate.dialect.Dialect:175] HHH000400: Using dialect: org.hibernate.dialect.SQLServer2016Dialect 
2025-01-07 16:36:55.475  INFO [org.hibernate.engine.transaction.jta.platform.internal.JtaPlatformInitiator:52] HHH000490: Using JtaPlatform implementation: [org.hibernate.engine.transaction.jta.platform.internal.NoJtaPlatform] 
2025-01-07 16:36:55.483  INFO [org.springframework.orm.jpa.LocalContainerEntityManagerFactoryBean:437] Initialized JPA EntityManagerFactory for persistence unit 'default' 
2025-01-07 16:36:56.161  WARN [org.springframework.boot.autoconfigure.orm.jpa.JpaBaseConfiguration$JpaWebConfiguration:219] spring.jpa.open-in-view is enabled by default. Therefore, database queries may be performed during view rendering. Explicitly configure spring.jpa.open-in-view to disable this warning 
2025-01-07 16:36:56.277 DEBUG [org.springframework.web.servlet.mvc.method.annotation.RequestMappingHandlerMapping:367] 10 mappings in 'requestMappingHandlerMapping' 
2025-01-07 16:36:56.649 DEBUG [org.springframework.web.servlet.handler.SimpleUrlHandlerMapping:188] Patterns [/agent/swagger-ui*/**] in 'resourceHandlerMapping' 
2025-01-07 16:36:56.701 DEBUG [org.springframework.web.servlet.mvc.method.annotation.RequestMappingHandlerAdapter:625] ControllerAdvice beans: 0 @ModelAttribute, 0 @InitBinder, 1 RequestBodyAdvice, 1 ResponseBodyAdvice 
2025-01-07 16:36:56.741 DEBUG [org.springframework.web.servlet.mvc.method.annotation.ExceptionHandlerExceptionResolver:307] ControllerAdvice beans: 1 @ExceptionHandler, 1 ResponseBodyAdvice 
2025-01-07 16:36:57.146  INFO [org.springframework.boot.actuate.endpoint.web.EndpointLinksResolver:58] Exposing 1 endpoint(s) beneath base path '/actuator' 
2025-01-07 16:36:57.275  INFO [org.apache.kafka.clients.consumer.ConsumerConfig:376] ConsumerConfig values: 
	allow.auto.create.topics = true
	auto.commit.interval.ms = 5000
	auto.offset.reset = latest
	bootstrap.servers = [localhost:9092]
	check.crcs = true
	client.dns.lookup = use_all_dns_ips
	client.id = consumer-item_group-1
	client.rack = 
	connections.max.idle.ms = 540000
	default.api.timeout.ms = 60000
	enable.auto.commit = false
	exclude.internal.topics = true
	fetch.max.bytes = 52428800
	fetch.max.wait.ms = 500
	fetch.min.bytes = 1
	group.id = item_group
	group.instance.id = null
	heartbeat.interval.ms = 3000
	interceptor.classes = []
	internal.leave.group.on.close = true
	internal.throw.on.fetch.stable.offset.unsupported = false
	isolation.level = read_uncommitted
	key.deserializer = class org.apache.kafka.common.serialization.StringDeserializer
	max.partition.fetch.bytes = 1048576
	max.poll.interval.ms = 300000
	max.poll.records = 500
	metadata.max.age.ms = 300000
	metric.reporters = []
	metrics.num.samples = 2
	metrics.recording.level = INFO
	metrics.sample.window.ms = 30000
	partition.assignment.strategy = [class org.apache.kafka.clients.consumer.RangeAssignor, class org.apache.kafka.clients.consumer.CooperativeStickyAssignor]
	receive.buffer.bytes = 65536
	reconnect.backoff.max.ms = 1000
	reconnect.backoff.ms = 50
	request.timeout.ms = 30000
	retry.backoff.ms = 100
	sasl.client.callback.handler.class = null
	sasl.jaas.config = null
	sasl.kerberos.kinit.cmd = /usr/bin/kinit
	sasl.kerberos.min.time.before.relogin = 60000
	sasl.kerberos.service.name = null
	sasl.kerberos.ticket.renew.jitter = 0.05
	sasl.kerberos.ticket.renew.window.factor = 0.8
	sasl.login.callback.handler.class = null
	sasl.login.class = null
	sasl.login.connect.timeout.ms = null
	sasl.login.read.timeout.ms = null
	sasl.login.refresh.buffer.seconds = 300
	sasl.login.refresh.min.period.seconds = 60
	sasl.login.refresh.window.factor = 0.8
	sasl.login.refresh.window.jitter = 0.05
	sasl.login.retry.backoff.max.ms = 10000
	sasl.login.retry.backoff.ms = 100
	sasl.mechanism = GSSAPI
	sasl.oauthbearer.clock.skew.seconds = 30
	sasl.oauthbearer.expected.audience = null
	sasl.oauthbearer.expected.issuer = null
	sasl.oauthbearer.jwks.endpoint.refresh.ms = 3600000
	sasl.oauthbearer.jwks.endpoint.retry.backoff.max.ms = 10000
	sasl.oauthbearer.jwks.endpoint.retry.backoff.ms = 100
	sasl.oauthbearer.jwks.endpoint.url = null
	sasl.oauthbearer.scope.claim.name = scope
	sasl.oauthbearer.sub.claim.name = sub
	sasl.oauthbearer.token.endpoint.url = null
	security.protocol = PLAINTEXT
	security.providers = null
	send.buffer.bytes = 131072
	session.timeout.ms = 45000
	socket.connection.setup.timeout.max.ms = 30000
	socket.connection.setup.timeout.ms = 10000
	ssl.cipher.suites = null
	ssl.enabled.protocols = [TLSv1.2, TLSv1.3]
	ssl.endpoint.identification.algorithm = https
	ssl.engine.factory.class = null
	ssl.key.password = null
	ssl.keymanager.algorithm = SunX509
	ssl.keystore.certificate.chain = null
	ssl.keystore.key = null
	ssl.keystore.location = null
	ssl.keystore.password = null
	ssl.keystore.type = JKS
	ssl.protocol = TLSv1.3
	ssl.provider = null
	ssl.secure.random.implementation = null
	ssl.trustmanager.algorithm = PKIX
	ssl.truststore.certificates = null
	ssl.truststore.location = null
	ssl.truststore.password = null
	ssl.truststore.type = JKS
	value.deserializer = class org.apache.kafka.common.serialization.StringDeserializer
 
2025-01-07 16:36:57.436  INFO [org.apache.kafka.common.utils.AppInfoParser:119] Kafka version: 3.1.1 
2025-01-07 16:36:57.436  INFO [org.apache.kafka.common.utils.AppInfoParser:120] Kafka commitId: 97671528ba54a138 
2025-01-07 16:36:57.436  INFO [org.apache.kafka.common.utils.AppInfoParser:121] Kafka startTimeMs: 1736260617434 
2025-01-07 16:36:57.467  INFO [org.apache.kafka.clients.consumer.KafkaConsumer:966] [Consumer clientId=consumer-item_group-1, groupId=item_group] Subscribed to topic(s): Item_Topic 
2025-01-07 16:36:57.480  INFO [org.apache.coyote.http11.Http11NioProtocol:173] Starting ProtocolHandler ["http-nio-8081"] 
2025-01-07 16:36:57.496  INFO [org.springframework.boot.web.embedded.tomcat.TomcatWebServer:220] Tomcat started on port(s): 8081 (http) with context path '' 
2025-01-07 16:36:57.516  INFO [za.co.woolworths.itemkafka_poc.KafkaItemProducerPocApplication:61] Started KafkaItemProducerPocApplication in 6.079 seconds (JVM running for 6.393) 
2025-01-07 16:36:57.877  INFO [org.apache.kafka.clients.Metadata:402] [Consumer clientId=consumer-item_group-1, groupId=item_group] Resetting the last seen epoch of partition Item_Topic-0 to 0 since the associated topicId changed from null to lncACV4PTO-QzmY7TGKExg 
2025-01-07 16:36:57.880  INFO [org.apache.kafka.clients.Metadata:287] [Consumer clientId=consumer-item_group-1, groupId=item_group] Cluster ID: IdFmegt5SVqKpmFnoQXPDA 
2025-01-07 16:36:57.881  INFO [org.apache.kafka.clients.consumer.internals.ConsumerCoordinator:853] [Consumer clientId=consumer-item_group-1, groupId=item_group] Discovered group coordinator localhost:9092 (id: 2147483647 rack: null) 
2025-01-07 16:36:57.884  INFO [org.apache.kafka.clients.consumer.internals.ConsumerCoordinator:535] [Consumer clientId=consumer-item_group-1, groupId=item_group] (Re-)joining group 
2025-01-07 16:36:57.899  INFO [org.apache.kafka.clients.consumer.internals.ConsumerCoordinator:1000] [Consumer clientId=consumer-item_group-1, groupId=item_group] Request joining group due to: need to re-join with the given member-id 
2025-01-07 16:36:57.899  INFO [org.apache.kafka.clients.consumer.internals.ConsumerCoordinator:535] [Consumer clientId=consumer-item_group-1, groupId=item_group] (Re-)joining group 
2025-01-07 16:36:57.902  INFO [org.apache.kafka.clients.consumer.internals.ConsumerCoordinator:595] [Consumer clientId=consumer-item_group-1, groupId=item_group] Successfully joined group with generation Generation{generationId=29, memberId='consumer-item_group-1-6a57be66-8aa6-4d43-aff8-4e4b2dcd4a52', protocol='range'} 
2025-01-07 16:36:57.905  INFO [org.apache.kafka.clients.consumer.internals.ConsumerCoordinator:654] [Consumer clientId=consumer-item_group-1, groupId=item_group] Finished assignment for group at generation 29: {consumer-item_group-1-6a57be66-8aa6-4d43-aff8-4e4b2dcd4a52=Assignment(partitions=[Item_Topic-0])} 
2025-01-07 16:36:57.910  INFO [org.apache.kafka.clients.consumer.internals.ConsumerCoordinator:761] [Consumer clientId=consumer-item_group-1, groupId=item_group] Successfully synced group in generation Generation{generationId=29, memberId='consumer-item_group-1-6a57be66-8aa6-4d43-aff8-4e4b2dcd4a52', protocol='range'} 
2025-01-07 16:36:57.911  INFO [org.apache.kafka.clients.consumer.internals.ConsumerCoordinator:279] [Consumer clientId=consumer-item_group-1, groupId=item_group] Notifying assignor about the new Assignment(partitions=[Item_Topic-0]) 
2025-01-07 16:36:57.913  INFO [org.apache.kafka.clients.consumer.internals.ConsumerCoordinator:291] [Consumer clientId=consumer-item_group-1, groupId=item_group] Adding newly assigned partitions: Item_Topic-0 
2025-01-07 16:36:57.923  INFO [org.apache.kafka.clients.consumer.internals.ConsumerCoordinator:846] [Consumer clientId=consumer-item_group-1, groupId=item_group] Setting offset for partition Item_Topic-0 to the committed offset FetchPosition{offset=1066, offsetEpoch=Optional.empty, currentLeader=LeaderAndEpoch{leader=Optional[localhost:9092 (id: 0 rack: null)], epoch=0}} 
2025-01-07 16:36:57.924  INFO [org.springframework.kafka.listener.KafkaMessageListenerContainer:292] item_group: partitions assigned: [Item_Topic-0] 
2025-01-07 16:37:04.468  INFO [org.apache.catalina.core.ContainerBase.[Tomcat].[localhost].[/]:173] Initializing Spring DispatcherServlet 'dispatcherServlet' 
2025-01-07 16:37:04.468  INFO [org.springframework.web.servlet.DispatcherServlet:525] Initializing Servlet 'dispatcherServlet' 
2025-01-07 16:37:04.468 DEBUG [org.springframework.web.servlet.DispatcherServlet:520] Detected StandardServletMultipartResolver 
2025-01-07 16:37:04.468 DEBUG [org.springframework.web.servlet.DispatcherServlet:544] Detected AcceptHeaderLocaleResolver 
2025-01-07 16:37:04.468 DEBUG [org.springframework.web.servlet.DispatcherServlet:569] Detected FixedThemeResolver 
2025-01-07 16:37:04.469 DEBUG [org.springframework.web.servlet.DispatcherServlet:719] Detected org.springframework.web.servlet.view.DefaultRequestToViewNameTranslator@5d03df76 
2025-01-07 16:37:04.469 DEBUG [org.springframework.web.servlet.DispatcherServlet:783] Detected org.springframework.web.servlet.support.SessionFlashMapManager@294ebdae 
2025-01-07 16:37:04.469 DEBUG [org.springframework.web.servlet.DispatcherServlet:542] enableLoggingRequestDetails='false': request parameters and headers will be masked to prevent unsafe logging of potentially sensitive data 
2025-01-07 16:37:04.469  INFO [org.springframework.web.servlet.DispatcherServlet:547] Completed initialization in 1 ms 
2025-01-07 16:37:04.473 DEBUG [org.springframework.web.servlet.DispatcherServlet:119] POST "/item-kafka/app/publish-items/v1", parameters={} 
2025-01-07 16:37:04.477 DEBUG [org.springframework.web.servlet.mvc.method.annotation.RequestMappingHandlerMapping:522] Mapped to za.co.woolworths.itemkafka_poc.controller.ItemProducerController#createItemKafkaTopic() 
2025-01-07 16:37:04.872  INFO [org.apache.kafka.clients.producer.ProducerConfig:376] ProducerConfig values: 
	acks = -1
	batch.size = 16384
	bootstrap.servers = [localhost:9092]
	buffer.memory = 33554432
	client.dns.lookup = use_all_dns_ips
	client.id = producer-1
	compression.type = none
	connections.max.idle.ms = 540000
	delivery.timeout.ms = 120000
	enable.idempotence = true
	interceptor.classes = []
	key.serializer = class org.apache.kafka.common.serialization.StringSerializer
	linger.ms = 0
	max.block.ms = 60000
	max.in.flight.requests.per.connection = 5
	max.request.size = 1048576
	metadata.max.age.ms = 300000
	metadata.max.idle.ms = 300000
	metric.reporters = []
	metrics.num.samples = 2
	metrics.recording.level = INFO
	metrics.sample.window.ms = 30000
	partitioner.class = class org.apache.kafka.clients.producer.internals.DefaultPartitioner
	receive.buffer.bytes = 32768
	reconnect.backoff.max.ms = 1000
	reconnect.backoff.ms = 50
	request.timeout.ms = 120000
	retries = 3
	retry.backoff.ms = 100
	sasl.client.callback.handler.class = null
	sasl.jaas.config = null
	sasl.kerberos.kinit.cmd = /usr/bin/kinit
	sasl.kerberos.min.time.before.relogin = 60000
	sasl.kerberos.service.name = null
	sasl.kerberos.ticket.renew.jitter = 0.05
	sasl.kerberos.ticket.renew.window.factor = 0.8
	sasl.login.callback.handler.class = null
	sasl.login.class = null
	sasl.login.connect.timeout.ms = null
	sasl.login.read.timeout.ms = null
	sasl.login.refresh.buffer.seconds = 300
	sasl.login.refresh.min.period.seconds = 60
	sasl.login.refresh.window.factor = 0.8
	sasl.login.refresh.window.jitter = 0.05
	sasl.login.retry.backoff.max.ms = 10000
	sasl.login.retry.backoff.ms = 100
	sasl.mechanism = GSSAPI
	sasl.oauthbearer.clock.skew.seconds = 30
	sasl.oauthbearer.expected.audience = null
	sasl.oauthbearer.expected.issuer = null
	sasl.oauthbearer.jwks.endpoint.refresh.ms = 3600000
	sasl.oauthbearer.jwks.endpoint.retry.backoff.max.ms = 10000
	sasl.oauthbearer.jwks.endpoint.retry.backoff.ms = 100
	sasl.oauthbearer.jwks.endpoint.url = null
	sasl.oauthbearer.scope.claim.name = scope
	sasl.oauthbearer.sub.claim.name = sub
	sasl.oauthbearer.token.endpoint.url = null
	security.protocol = PLAINTEXT
	security.providers = null
	send.buffer.bytes = 131072
	socket.connection.setup.timeout.max.ms = 30000
	socket.connection.setup.timeout.ms = 10000
	ssl.cipher.suites = null
	ssl.enabled.protocols = [TLSv1.2, TLSv1.3]
	ssl.endpoint.identification.algorithm = https
	ssl.engine.factory.class = null
	ssl.key.password = null
	ssl.keymanager.algorithm = SunX509
	ssl.keystore.certificate.chain = null
	ssl.keystore.key = null
	ssl.keystore.location = null
	ssl.keystore.password = null
	ssl.keystore.type = JKS
	ssl.protocol = TLSv1.3
	ssl.provider = null
	ssl.secure.random.implementation = null
	ssl.trustmanager.algorithm = PKIX
	ssl.truststore.certificates = null
	ssl.truststore.location = null
	ssl.truststore.password = null
	ssl.truststore.type = JKS
	transaction.timeout.ms = 60000
	transactional.id = null
	value.serializer = class org.apache.kafka.common.serialization.StringSerializer
 
2025-01-07 16:37:04.878  INFO [org.apache.kafka.clients.producer.KafkaProducer:572] [Producer clientId=producer-1] Instantiated an idempotent producer. 
2025-01-07 16:37:04.887  INFO [org.apache.kafka.common.utils.AppInfoParser:119] Kafka version: 3.1.1 
2025-01-07 16:37:04.887  INFO [org.apache.kafka.common.utils.AppInfoParser:120] Kafka commitId: 97671528ba54a138 
2025-01-07 16:37:04.887  INFO [org.apache.kafka.common.utils.AppInfoParser:121] Kafka startTimeMs: 1736260624887 
2025-01-07 16:37:04.894  INFO [org.apache.kafka.clients.Metadata:402] [Producer clientId=producer-1] Resetting the last seen epoch of partition Item_Topic-0 to 0 since the associated topicId changed from null to lncACV4PTO-QzmY7TGKExg 
2025-01-07 16:37:04.894  INFO [org.apache.kafka.clients.Metadata:287] [Producer clientId=producer-1] Cluster ID: IdFmegt5SVqKpmFnoQXPDA 
2025-01-07 16:37:04.895  INFO [org.apache.kafka.clients.producer.internals.TransactionManager:554] [Producer clientId=producer-1] ProducerId set to 1008 with epoch 0 
2025-01-07 16:37:04.935 DEBUG [org.springframework.web.servlet.mvc.method.annotation.RequestResponseBodyMethodProcessor:268] Using 'application/text', given [application/text] and supported [application/text] 
2025-01-07 16:37:04.936 DEBUG [org.springframework.web.servlet.mvc.method.annotation.RequestResponseBodyMethodProcessor:119] Writing ["Items sent to Kafka Topic successfully!"] 
2025-01-07 16:37:04.945 DEBUG [org.springframework.web.servlet.DispatcherServlet:1131] Completed 200 OK 
2025-01-07 16:44:10.357  INFO [org.apache.kafka.clients.consumer.internals.ConsumerCoordinator:310] [Consumer clientId=consumer-item_group-1, groupId=item_group] Revoke previously assigned partitions Item_Topic-0 
2025-01-07 16:44:10.358  INFO [org.springframework.kafka.listener.KafkaMessageListenerContainer:292] item_group: partitions revoked: [Item_Topic-0] 
2025-01-07 16:44:10.358  INFO [org.apache.kafka.clients.consumer.internals.ConsumerCoordinator:1060] [Consumer clientId=consumer-item_group-1, groupId=item_group] Member consumer-item_group-1-6a57be66-8aa6-4d43-aff8-4e4b2dcd4a52 sending LeaveGroup request to coordinator localhost:9092 (id: 2147483647 rack: null) due to the consumer unsubscribed from all topics 
2025-01-07 16:44:10.359  INFO [org.apache.kafka.clients.consumer.internals.ConsumerCoordinator:972] [Consumer clientId=consumer-item_group-1, groupId=item_group] Resetting generation due to: consumer pro-actively leaving the group 
2025-01-07 16:44:10.359  INFO [org.apache.kafka.clients.consumer.internals.ConsumerCoordinator:1000] [Consumer clientId=consumer-item_group-1, groupId=item_group] Request joining group due to: consumer pro-actively leaving the group 
2025-01-07 16:44:10.359  INFO [org.apache.kafka.clients.consumer.KafkaConsumer:1075] [Consumer clientId=consumer-item_group-1, groupId=item_group] Unsubscribed all topics or patterns and assigned partitions 
2025-01-07 16:44:10.360  INFO [org.apache.kafka.clients.consumer.internals.ConsumerCoordinator:972] [Consumer clientId=consumer-item_group-1, groupId=item_group] Resetting generation due to: consumer pro-actively leaving the group 
2025-01-07 16:44:10.361  INFO [org.apache.kafka.clients.consumer.internals.ConsumerCoordinator:1000] [Consumer clientId=consumer-item_group-1, groupId=item_group] Request joining group due to: consumer pro-actively leaving the group 
2025-01-07 16:44:10.369  INFO [org.apache.kafka.common.metrics.Metrics:659] Metrics scheduler closed 
2025-01-07 16:44:10.370  INFO [org.apache.kafka.common.metrics.Metrics:663] Closing reporter org.apache.kafka.common.metrics.JmxReporter 
2025-01-07 16:44:10.370  INFO [org.apache.kafka.common.metrics.Metrics:669] Metrics reporters closed 
2025-01-07 16:44:10.378  INFO [org.apache.kafka.common.utils.AppInfoParser:83] App info kafka.consumer for consumer-item_group-1 unregistered 
2025-01-07 16:44:10.379  INFO [org.springframework.kafka.listener.KafkaMessageListenerContainer:292] item_group: Consumer stopped 
2025-01-07 16:44:10.385  INFO [org.apache.kafka.clients.producer.KafkaProducer:1249] [Producer clientId=producer-1] Closing the Kafka producer with timeoutMillis = 30000 ms. 
2025-01-07 16:44:10.389  INFO [org.apache.kafka.common.metrics.Metrics:659] Metrics scheduler closed 
2025-01-07 16:44:10.390  INFO [org.apache.kafka.common.metrics.Metrics:663] Closing reporter org.apache.kafka.common.metrics.JmxReporter 
2025-01-07 16:44:10.390  INFO [org.apache.kafka.common.metrics.Metrics:669] Metrics reporters closed 
2025-01-07 16:44:10.390  INFO [org.apache.kafka.common.utils.AppInfoParser:83] App info kafka.producer for producer-1 unregistered 
2025-01-07 16:44:10.391  INFO [org.springframework.orm.jpa.LocalContainerEntityManagerFactoryBean:651] Closing JPA EntityManagerFactory for persistence unit 'default' 
2025-01-07 16:44:10.393  INFO [com.zaxxer.hikari.HikariDataSource:350] HikariPool-1 - Shutdown initiated... 
2025-01-07 16:44:10.395  INFO [com.zaxxer.hikari.HikariDataSource:352] HikariPool-1 - Shutdown completed. 
2025-01-07 16:51:45.774  INFO [za.co.woolworths.itemkafka_poc.KafkaItemProducerPocApplication:55] Starting KafkaItemProducerPocApplication using Java 15.0.2 on W49204302 with PID 6540 (C:\Workspaces\Item-Kafka-Producer-POC\Item-Kafka-Producer-POC\target\classes started by W7178930 in C:\Workspaces\Item-Kafka-Producer-POC\Item-Kafka-Producer-POC) 
2025-01-07 16:51:45.777  INFO [za.co.woolworths.itemkafka_poc.KafkaItemProducerPocApplication:640] The following 2 profiles are active: "swagger", "dev" 
2025-01-07 16:51:46.398  INFO [org.springframework.data.repository.config.RepositoryConfigurationDelegate:132] Bootstrapping Spring Data JPA repositories in DEFAULT mode. 
2025-01-07 16:51:46.442  INFO [org.springframework.data.repository.config.RepositoryConfigurationDelegate:201] Finished Spring Data repository scanning in 37 ms. Found 1 JPA repository interfaces. 
2025-01-07 16:51:47.034  INFO [org.springframework.boot.web.embedded.tomcat.TomcatWebServer:108] Tomcat initialized with port(s): 8081 (http) 
2025-01-07 16:51:47.039  INFO [org.apache.coyote.http11.Http11NioProtocol:173] Initializing ProtocolHandler ["http-nio-8081"] 
2025-01-07 16:51:47.040  INFO [org.apache.catalina.core.StandardService:173] Starting service [Tomcat] 
2025-01-07 16:51:47.040  INFO [org.apache.catalina.core.StandardEngine:173] Starting Servlet engine: [Apache Tomcat/9.0.64] 
2025-01-07 16:51:47.155  INFO [org.apache.catalina.core.ContainerBase.[Tomcat].[localhost].[/]:173] Initializing Spring embedded WebApplicationContext 
2025-01-07 16:51:47.155  INFO [org.springframework.boot.web.servlet.context.ServletWebServerApplicationContext:292] Root WebApplicationContext: initialization completed in 1351 ms 
2025-01-07 16:51:47.455  INFO [com.zaxxer.hikari.HikariDataSource:110] HikariPool-1 - Starting... 
2025-01-07 16:51:48.477  INFO [com.zaxxer.hikari.HikariDataSource:123] HikariPool-1 - Start completed. 
2025-01-07 16:51:48.525  INFO [org.hibernate.jpa.internal.util.LogHelper:31] HHH000204: Processing PersistenceUnitInfo [name: default] 
2025-01-07 16:51:48.569  INFO [org.hibernate.Version:44] HHH000412: Hibernate ORM core version 5.6.9.Final 
2025-01-07 16:51:48.709  INFO [org.hibernate.annotations.common.Version:56] HCANN000001: Hibernate Commons Annotations {5.1.2.Final} 
2025-01-07 16:51:48.806  INFO [org.hibernate.dialect.Dialect:175] HHH000400: Using dialect: org.hibernate.dialect.SQLServer2016Dialect 
2025-01-07 16:51:49.368  INFO [org.hibernate.engine.transaction.jta.platform.internal.JtaPlatformInitiator:52] HHH000490: Using JtaPlatform implementation: [org.hibernate.engine.transaction.jta.platform.internal.NoJtaPlatform] 
2025-01-07 16:51:49.378  INFO [org.springframework.orm.jpa.LocalContainerEntityManagerFactoryBean:437] Initialized JPA EntityManagerFactory for persistence unit 'default' 
2025-01-07 16:51:49.881  WARN [org.springframework.boot.autoconfigure.orm.jpa.JpaBaseConfiguration$JpaWebConfiguration:219] spring.jpa.open-in-view is enabled by default. Therefore, database queries may be performed during view rendering. Explicitly configure spring.jpa.open-in-view to disable this warning 
2025-01-07 16:51:49.951 DEBUG [org.springframework.web.servlet.mvc.method.annotation.RequestMappingHandlerMapping:367] 10 mappings in 'requestMappingHandlerMapping' 
2025-01-07 16:51:50.202 DEBUG [org.springframework.web.servlet.handler.SimpleUrlHandlerMapping:188] Patterns [/agent/swagger-ui*/**] in 'resourceHandlerMapping' 
2025-01-07 16:51:50.242 DEBUG [org.springframework.web.servlet.mvc.method.annotation.RequestMappingHandlerAdapter:625] ControllerAdvice beans: 0 @ModelAttribute, 0 @InitBinder, 1 RequestBodyAdvice, 1 ResponseBodyAdvice 
2025-01-07 16:51:50.270 DEBUG [org.springframework.web.servlet.mvc.method.annotation.ExceptionHandlerExceptionResolver:307] ControllerAdvice beans: 1 @ExceptionHandler, 1 ResponseBodyAdvice 
2025-01-07 16:51:50.558  INFO [org.springframework.boot.actuate.endpoint.web.EndpointLinksResolver:58] Exposing 1 endpoint(s) beneath base path '/actuator' 
2025-01-07 16:51:50.642  INFO [org.apache.kafka.clients.consumer.ConsumerConfig:376] ConsumerConfig values: 
	allow.auto.create.topics = true
	auto.commit.interval.ms = 5000
	auto.offset.reset = latest
	bootstrap.servers = [localhost:9092]
	check.crcs = true
	client.dns.lookup = use_all_dns_ips
	client.id = consumer-item_group-1
	client.rack = 
	connections.max.idle.ms = 540000
	default.api.timeout.ms = 60000
	enable.auto.commit = false
	exclude.internal.topics = true
	fetch.max.bytes = 52428800
	fetch.max.wait.ms = 500
	fetch.min.bytes = 1
	group.id = item_group
	group.instance.id = null
	heartbeat.interval.ms = 3000
	interceptor.classes = []
	internal.leave.group.on.close = true
	internal.throw.on.fetch.stable.offset.unsupported = false
	isolation.level = read_uncommitted
	key.deserializer = class org.apache.kafka.common.serialization.StringDeserializer
	max.partition.fetch.bytes = 1048576
	max.poll.interval.ms = 300000
	max.poll.records = 500
	metadata.max.age.ms = 300000
	metric.reporters = []
	metrics.num.samples = 2
	metrics.recording.level = INFO
	metrics.sample.window.ms = 30000
	partition.assignment.strategy = [class org.apache.kafka.clients.consumer.RangeAssignor, class org.apache.kafka.clients.consumer.CooperativeStickyAssignor]
	receive.buffer.bytes = 65536
	reconnect.backoff.max.ms = 1000
	reconnect.backoff.ms = 50
	request.timeout.ms = 30000
	retry.backoff.ms = 100
	sasl.client.callback.handler.class = null
	sasl.jaas.config = null
	sasl.kerberos.kinit.cmd = /usr/bin/kinit
	sasl.kerberos.min.time.before.relogin = 60000
	sasl.kerberos.service.name = null
	sasl.kerberos.ticket.renew.jitter = 0.05
	sasl.kerberos.ticket.renew.window.factor = 0.8
	sasl.login.callback.handler.class = null
	sasl.login.class = null
	sasl.login.connect.timeout.ms = null
	sasl.login.read.timeout.ms = null
	sasl.login.refresh.buffer.seconds = 300
	sasl.login.refresh.min.period.seconds = 60
	sasl.login.refresh.window.factor = 0.8
	sasl.login.refresh.window.jitter = 0.05
	sasl.login.retry.backoff.max.ms = 10000
	sasl.login.retry.backoff.ms = 100
	sasl.mechanism = GSSAPI
	sasl.oauthbearer.clock.skew.seconds = 30
	sasl.oauthbearer.expected.audience = null
	sasl.oauthbearer.expected.issuer = null
	sasl.oauthbearer.jwks.endpoint.refresh.ms = 3600000
	sasl.oauthbearer.jwks.endpoint.retry.backoff.max.ms = 10000
	sasl.oauthbearer.jwks.endpoint.retry.backoff.ms = 100
	sasl.oauthbearer.jwks.endpoint.url = null
	sasl.oauthbearer.scope.claim.name = scope
	sasl.oauthbearer.sub.claim.name = sub
	sasl.oauthbearer.token.endpoint.url = null
	security.protocol = PLAINTEXT
	security.providers = null
	send.buffer.bytes = 131072
	session.timeout.ms = 45000
	socket.connection.setup.timeout.max.ms = 30000
	socket.connection.setup.timeout.ms = 10000
	ssl.cipher.suites = null
	ssl.enabled.protocols = [TLSv1.2, TLSv1.3]
	ssl.endpoint.identification.algorithm = https
	ssl.engine.factory.class = null
	ssl.key.password = null
	ssl.keymanager.algorithm = SunX509
	ssl.keystore.certificate.chain = null
	ssl.keystore.key = null
	ssl.keystore.location = null
	ssl.keystore.password = null
	ssl.keystore.type = JKS
	ssl.protocol = TLSv1.3
	ssl.provider = null
	ssl.secure.random.implementation = null
	ssl.trustmanager.algorithm = PKIX
	ssl.truststore.certificates = null
	ssl.truststore.location = null
	ssl.truststore.password = null
	ssl.truststore.type = JKS
	value.deserializer = class org.apache.kafka.common.serialization.StringDeserializer
 
2025-01-07 16:51:50.776  INFO [org.apache.kafka.common.utils.AppInfoParser:119] Kafka version: 3.1.1 
2025-01-07 16:51:50.777  INFO [org.apache.kafka.common.utils.AppInfoParser:120] Kafka commitId: 97671528ba54a138 
2025-01-07 16:51:50.778  INFO [org.apache.kafka.common.utils.AppInfoParser:121] Kafka startTimeMs: 1736261510774 
2025-01-07 16:51:50.799  INFO [org.apache.kafka.clients.consumer.KafkaConsumer:966] [Consumer clientId=consumer-item_group-1, groupId=item_group] Subscribed to topic(s): Item_Topic 
2025-01-07 16:51:50.814  INFO [org.apache.coyote.http11.Http11NioProtocol:173] Starting ProtocolHandler ["http-nio-8081"] 
2025-01-07 16:51:50.828  INFO [org.springframework.boot.web.embedded.tomcat.TomcatWebServer:220] Tomcat started on port(s): 8081 (http) with context path '' 
2025-01-07 16:51:50.845  INFO [za.co.woolworths.itemkafka_poc.KafkaItemProducerPocApplication:61] Started KafkaItemProducerPocApplication in 5.371 seconds (JVM running for 5.631) 
2025-01-07 16:51:51.115  INFO [org.apache.kafka.clients.Metadata:402] [Consumer clientId=consumer-item_group-1, groupId=item_group] Resetting the last seen epoch of partition Item_Topic-0 to 0 since the associated topicId changed from null to lncACV4PTO-QzmY7TGKExg 
2025-01-07 16:51:51.117  INFO [org.apache.kafka.clients.Metadata:287] [Consumer clientId=consumer-item_group-1, groupId=item_group] Cluster ID: IdFmegt5SVqKpmFnoQXPDA 
2025-01-07 16:51:51.119  INFO [org.apache.kafka.clients.consumer.internals.ConsumerCoordinator:853] [Consumer clientId=consumer-item_group-1, groupId=item_group] Discovered group coordinator localhost:9092 (id: 2147483647 rack: null) 
2025-01-07 16:51:51.122  INFO [org.apache.kafka.clients.consumer.internals.ConsumerCoordinator:535] [Consumer clientId=consumer-item_group-1, groupId=item_group] (Re-)joining group 
2025-01-07 16:51:51.147  INFO [org.apache.kafka.clients.consumer.internals.ConsumerCoordinator:1000] [Consumer clientId=consumer-item_group-1, groupId=item_group] Request joining group due to: need to re-join with the given member-id 
2025-01-07 16:51:51.148  INFO [org.apache.kafka.clients.consumer.internals.ConsumerCoordinator:535] [Consumer clientId=consumer-item_group-1, groupId=item_group] (Re-)joining group 
2025-01-07 16:51:51.163  INFO [org.apache.kafka.clients.consumer.internals.ConsumerCoordinator:595] [Consumer clientId=consumer-item_group-1, groupId=item_group] Successfully joined group with generation Generation{generationId=31, memberId='consumer-item_group-1-0bb33a30-73a9-4cec-b9d1-32cb8e5f7ecc', protocol='range'} 
2025-01-07 16:51:51.166  INFO [org.apache.kafka.clients.consumer.internals.ConsumerCoordinator:654] [Consumer clientId=consumer-item_group-1, groupId=item_group] Finished assignment for group at generation 31: {consumer-item_group-1-0bb33a30-73a9-4cec-b9d1-32cb8e5f7ecc=Assignment(partitions=[Item_Topic-0])} 
2025-01-07 16:51:51.191  INFO [org.apache.kafka.clients.consumer.internals.ConsumerCoordinator:761] [Consumer clientId=consumer-item_group-1, groupId=item_group] Successfully synced group in generation Generation{generationId=31, memberId='consumer-item_group-1-0bb33a30-73a9-4cec-b9d1-32cb8e5f7ecc', protocol='range'} 
2025-01-07 16:51:51.191  INFO [org.apache.kafka.clients.consumer.internals.ConsumerCoordinator:279] [Consumer clientId=consumer-item_group-1, groupId=item_group] Notifying assignor about the new Assignment(partitions=[Item_Topic-0]) 
2025-01-07 16:51:51.192  INFO [org.apache.kafka.clients.consumer.internals.ConsumerCoordinator:291] [Consumer clientId=consumer-item_group-1, groupId=item_group] Adding newly assigned partitions: Item_Topic-0 
2025-01-07 16:51:51.203  INFO [org.apache.kafka.clients.consumer.internals.ConsumerCoordinator:846] [Consumer clientId=consumer-item_group-1, groupId=item_group] Setting offset for partition Item_Topic-0 to the committed offset FetchPosition{offset=1166, offsetEpoch=Optional.empty, currentLeader=LeaderAndEpoch{leader=Optional[localhost:9092 (id: 0 rack: null)], epoch=0}} 
2025-01-07 16:51:51.205  INFO [org.springframework.kafka.listener.KafkaMessageListenerContainer:292] item_group: partitions assigned: [Item_Topic-0] 
2025-01-07 16:52:14.992  INFO [org.apache.catalina.core.ContainerBase.[Tomcat].[localhost].[/]:173] Initializing Spring DispatcherServlet 'dispatcherServlet' 
2025-01-07 16:52:14.993  INFO [org.springframework.web.servlet.DispatcherServlet:525] Initializing Servlet 'dispatcherServlet' 
2025-01-07 16:52:14.993 DEBUG [org.springframework.web.servlet.DispatcherServlet:520] Detected StandardServletMultipartResolver 
2025-01-07 16:52:14.993 DEBUG [org.springframework.web.servlet.DispatcherServlet:544] Detected AcceptHeaderLocaleResolver 
2025-01-07 16:52:14.993 DEBUG [org.springframework.web.servlet.DispatcherServlet:569] Detected FixedThemeResolver 
2025-01-07 16:52:14.994 DEBUG [org.springframework.web.servlet.DispatcherServlet:719] Detected org.springframework.web.servlet.view.DefaultRequestToViewNameTranslator@c76762 
2025-01-07 16:52:14.994 DEBUG [org.springframework.web.servlet.DispatcherServlet:783] Detected org.springframework.web.servlet.support.SessionFlashMapManager@13976c57 
2025-01-07 16:52:14.994 DEBUG [org.springframework.web.servlet.DispatcherServlet:542] enableLoggingRequestDetails='false': request parameters and headers will be masked to prevent unsafe logging of potentially sensitive data 
2025-01-07 16:52:14.994  INFO [org.springframework.web.servlet.DispatcherServlet:547] Completed initialization in 1 ms 
2025-01-07 16:52:14.998 DEBUG [org.springframework.web.servlet.DispatcherServlet:119] POST "/item-kafka/app/publish-items/v1", parameters={} 
2025-01-07 16:52:15.002 DEBUG [org.springframework.web.servlet.mvc.method.annotation.RequestMappingHandlerMapping:522] Mapped to za.co.woolworths.itemkafka_poc.controller.ItemProducerController#createItemKafkaTopic() 
2025-01-07 16:52:15.397  INFO [org.apache.kafka.clients.producer.ProducerConfig:376] ProducerConfig values: 
	acks = -1
	batch.size = 16384
	bootstrap.servers = [localhost:9092]
	buffer.memory = 33554432
	client.dns.lookup = use_all_dns_ips
	client.id = producer-1
	compression.type = none
	connections.max.idle.ms = 540000
	delivery.timeout.ms = 120000
	enable.idempotence = true
	interceptor.classes = []
	key.serializer = class org.apache.kafka.common.serialization.StringSerializer
	linger.ms = 0
	max.block.ms = 60000
	max.in.flight.requests.per.connection = 5
	max.request.size = 1048576
	metadata.max.age.ms = 300000
	metadata.max.idle.ms = 300000
	metric.reporters = []
	metrics.num.samples = 2
	metrics.recording.level = INFO
	metrics.sample.window.ms = 30000
	partitioner.class = class org.apache.kafka.clients.producer.internals.DefaultPartitioner
	receive.buffer.bytes = 32768
	reconnect.backoff.max.ms = 1000
	reconnect.backoff.ms = 50
	request.timeout.ms = 120000
	retries = 3
	retry.backoff.ms = 100
	sasl.client.callback.handler.class = null
	sasl.jaas.config = null
	sasl.kerberos.kinit.cmd = /usr/bin/kinit
	sasl.kerberos.min.time.before.relogin = 60000
	sasl.kerberos.service.name = null
	sasl.kerberos.ticket.renew.jitter = 0.05
	sasl.kerberos.ticket.renew.window.factor = 0.8
	sasl.login.callback.handler.class = null
	sasl.login.class = null
	sasl.login.connect.timeout.ms = null
	sasl.login.read.timeout.ms = null
	sasl.login.refresh.buffer.seconds = 300
	sasl.login.refresh.min.period.seconds = 60
	sasl.login.refresh.window.factor = 0.8
	sasl.login.refresh.window.jitter = 0.05
	sasl.login.retry.backoff.max.ms = 10000
	sasl.login.retry.backoff.ms = 100
	sasl.mechanism = GSSAPI
	sasl.oauthbearer.clock.skew.seconds = 30
	sasl.oauthbearer.expected.audience = null
	sasl.oauthbearer.expected.issuer = null
	sasl.oauthbearer.jwks.endpoint.refresh.ms = 3600000
	sasl.oauthbearer.jwks.endpoint.retry.backoff.max.ms = 10000
	sasl.oauthbearer.jwks.endpoint.retry.backoff.ms = 100
	sasl.oauthbearer.jwks.endpoint.url = null
	sasl.oauthbearer.scope.claim.name = scope
	sasl.oauthbearer.sub.claim.name = sub
	sasl.oauthbearer.token.endpoint.url = null
	security.protocol = PLAINTEXT
	security.providers = null
	send.buffer.bytes = 131072
	socket.connection.setup.timeout.max.ms = 30000
	socket.connection.setup.timeout.ms = 10000
	ssl.cipher.suites = null
	ssl.enabled.protocols = [TLSv1.2, TLSv1.3]
	ssl.endpoint.identification.algorithm = https
	ssl.engine.factory.class = null
	ssl.key.password = null
	ssl.keymanager.algorithm = SunX509
	ssl.keystore.certificate.chain = null
	ssl.keystore.key = null
	ssl.keystore.location = null
	ssl.keystore.password = null
	ssl.keystore.type = JKS
	ssl.protocol = TLSv1.3
	ssl.provider = null
	ssl.secure.random.implementation = null
	ssl.trustmanager.algorithm = PKIX
	ssl.truststore.certificates = null
	ssl.truststore.location = null
	ssl.truststore.password = null
	ssl.truststore.type = JKS
	transaction.timeout.ms = 60000
	transactional.id = null
	value.serializer = class org.apache.kafka.common.serialization.StringSerializer
 
2025-01-07 16:52:15.410  INFO [org.apache.kafka.clients.producer.KafkaProducer:572] [Producer clientId=producer-1] Instantiated an idempotent producer. 
2025-01-07 16:52:15.419  INFO [org.apache.kafka.common.utils.AppInfoParser:119] Kafka version: 3.1.1 
2025-01-07 16:52:15.419  INFO [org.apache.kafka.common.utils.AppInfoParser:120] Kafka commitId: 97671528ba54a138 
2025-01-07 16:52:15.419  INFO [org.apache.kafka.common.utils.AppInfoParser:121] Kafka startTimeMs: 1736261535419 
2025-01-07 16:52:15.426  INFO [org.apache.kafka.clients.Metadata:402] [Producer clientId=producer-1] Resetting the last seen epoch of partition Item_Topic-0 to 0 since the associated topicId changed from null to lncACV4PTO-QzmY7TGKExg 
2025-01-07 16:52:15.427  INFO [org.apache.kafka.clients.Metadata:287] [Producer clientId=producer-1] Cluster ID: IdFmegt5SVqKpmFnoQXPDA 
2025-01-07 16:52:15.457 DEBUG [org.springframework.web.servlet.mvc.method.annotation.RequestResponseBodyMethodProcessor:268] Using 'application/text', given [application/text] and supported [application/text] 
2025-01-07 16:52:15.458 DEBUG [org.springframework.web.servlet.mvc.method.annotation.RequestResponseBodyMethodProcessor:119] Writing ["Items sent to Kafka Topic successfully!"] 
2025-01-07 16:52:15.465 DEBUG [org.springframework.web.servlet.DispatcherServlet:1131] Completed 200 OK 
2025-01-07 16:52:15.549  INFO [org.apache.kafka.clients.producer.internals.TransactionManager:554] [Producer clientId=producer-1] ProducerId set to 2000 with epoch 0 
2025-01-07 16:54:38.193  INFO [org.apache.kafka.clients.consumer.internals.ConsumerCoordinator:310] [Consumer clientId=consumer-item_group-1, groupId=item_group] Revoke previously assigned partitions Item_Topic-0 
2025-01-07 16:54:38.194  INFO [org.springframework.kafka.listener.KafkaMessageListenerContainer:292] item_group: partitions revoked: [Item_Topic-0] 
2025-01-07 16:54:38.194  INFO [org.apache.kafka.clients.consumer.internals.ConsumerCoordinator:1060] [Consumer clientId=consumer-item_group-1, groupId=item_group] Member consumer-item_group-1-0bb33a30-73a9-4cec-b9d1-32cb8e5f7ecc sending LeaveGroup request to coordinator localhost:9092 (id: 2147483647 rack: null) due to the consumer unsubscribed from all topics 
2025-01-07 16:54:38.195  INFO [org.apache.kafka.clients.consumer.internals.ConsumerCoordinator:972] [Consumer clientId=consumer-item_group-1, groupId=item_group] Resetting generation due to: consumer pro-actively leaving the group 
2025-01-07 16:54:38.195  INFO [org.apache.kafka.clients.consumer.internals.ConsumerCoordinator:1000] [Consumer clientId=consumer-item_group-1, groupId=item_group] Request joining group due to: consumer pro-actively leaving the group 
2025-01-07 16:54:38.195  INFO [org.apache.kafka.clients.consumer.KafkaConsumer:1075] [Consumer clientId=consumer-item_group-1, groupId=item_group] Unsubscribed all topics or patterns and assigned partitions 
2025-01-07 16:54:38.196  INFO [org.apache.kafka.clients.consumer.internals.ConsumerCoordinator:972] [Consumer clientId=consumer-item_group-1, groupId=item_group] Resetting generation due to: consumer pro-actively leaving the group 
2025-01-07 16:54:38.197  INFO [org.apache.kafka.clients.consumer.internals.ConsumerCoordinator:1000] [Consumer clientId=consumer-item_group-1, groupId=item_group] Request joining group due to: consumer pro-actively leaving the group 
2025-01-07 16:54:38.207  INFO [org.apache.kafka.common.metrics.Metrics:659] Metrics scheduler closed 
2025-01-07 16:54:38.207  INFO [org.apache.kafka.common.metrics.Metrics:663] Closing reporter org.apache.kafka.common.metrics.JmxReporter 
2025-01-07 16:54:38.208  INFO [org.apache.kafka.common.metrics.Metrics:669] Metrics reporters closed 
2025-01-07 16:54:38.211  INFO [org.apache.kafka.common.utils.AppInfoParser:83] App info kafka.consumer for consumer-item_group-1 unregistered 
2025-01-07 16:54:38.212  INFO [org.springframework.kafka.listener.KafkaMessageListenerContainer:292] item_group: Consumer stopped 
2025-01-07 16:54:38.216  INFO [org.apache.kafka.clients.producer.KafkaProducer:1249] [Producer clientId=producer-1] Closing the Kafka producer with timeoutMillis = 30000 ms. 
2025-01-07 16:54:38.220  INFO [org.apache.kafka.common.metrics.Metrics:659] Metrics scheduler closed 
2025-01-07 16:54:38.221  INFO [org.apache.kafka.common.metrics.Metrics:663] Closing reporter org.apache.kafka.common.metrics.JmxReporter 
2025-01-07 16:54:38.221  INFO [org.apache.kafka.common.metrics.Metrics:669] Metrics reporters closed 
2025-01-07 16:54:38.221  INFO [org.apache.kafka.common.utils.AppInfoParser:83] App info kafka.producer for producer-1 unregistered 
2025-01-07 16:54:38.223  INFO [org.springframework.orm.jpa.LocalContainerEntityManagerFactoryBean:651] Closing JPA EntityManagerFactory for persistence unit 'default' 
2025-01-07 16:54:38.227  INFO [com.zaxxer.hikari.HikariDataSource:350] HikariPool-1 - Shutdown initiated... 
2025-01-07 16:54:38.229  INFO [com.zaxxer.hikari.HikariDataSource:352] HikariPool-1 - Shutdown completed. 
2025-01-07 16:56:26.698  INFO [za.co.woolworths.itemkafka_poc.KafkaItemProducerPocApplication:55] Starting KafkaItemProducerPocApplication using Java 15.0.2 on W49204302 with PID 18316 (C:\Workspaces\Item-Kafka-Producer-POC\Item-Kafka-Producer-POC\target\classes started by W7178930 in C:\Workspaces\Item-Kafka-Producer-POC\Item-Kafka-Producer-POC) 
2025-01-07 16:56:26.701  INFO [za.co.woolworths.itemkafka_poc.KafkaItemProducerPocApplication:640] The following 2 profiles are active: "swagger", "dev" 
2025-01-07 16:56:27.801  INFO [org.springframework.data.repository.config.RepositoryConfigurationDelegate:132] Bootstrapping Spring Data JPA repositories in DEFAULT mode. 
2025-01-07 16:56:27.880  INFO [org.springframework.data.repository.config.RepositoryConfigurationDelegate:201] Finished Spring Data repository scanning in 65 ms. Found 1 JPA repository interfaces. 
2025-01-07 16:56:28.986  INFO [org.springframework.boot.web.embedded.tomcat.TomcatWebServer:108] Tomcat initialized with port(s): 8081 (http) 
2025-01-07 16:56:28.995  INFO [org.apache.coyote.http11.Http11NioProtocol:173] Initializing ProtocolHandler ["http-nio-8081"] 
2025-01-07 16:56:28.996  INFO [org.apache.catalina.core.StandardService:173] Starting service [Tomcat] 
2025-01-07 16:56:28.996  INFO [org.apache.catalina.core.StandardEngine:173] Starting Servlet engine: [Apache Tomcat/9.0.64] 
2025-01-07 16:56:29.217  INFO [org.apache.catalina.core.ContainerBase.[Tomcat].[localhost].[/]:173] Initializing Spring embedded WebApplicationContext 
2025-01-07 16:56:29.218  INFO [org.springframework.boot.web.servlet.context.ServletWebServerApplicationContext:292] Root WebApplicationContext: initialization completed in 2465 ms 
2025-01-07 16:56:29.691  INFO [com.zaxxer.hikari.HikariDataSource:110] HikariPool-1 - Starting... 
2025-01-07 16:56:32.402  INFO [com.zaxxer.hikari.HikariDataSource:123] HikariPool-1 - Start completed. 
2025-01-07 16:56:32.443  INFO [org.hibernate.jpa.internal.util.LogHelper:31] HHH000204: Processing PersistenceUnitInfo [name: default] 
2025-01-07 16:56:32.484  INFO [org.hibernate.Version:44] HHH000412: Hibernate ORM core version 5.6.9.Final 
2025-01-07 16:56:32.597  INFO [org.hibernate.annotations.common.Version:56] HCANN000001: Hibernate Commons Annotations {5.1.2.Final} 
2025-01-07 16:56:32.697  INFO [org.hibernate.dialect.Dialect:175] HHH000400: Using dialect: org.hibernate.dialect.SQLServer2016Dialect 
2025-01-07 16:56:33.225  INFO [org.hibernate.engine.transaction.jta.platform.internal.JtaPlatformInitiator:52] HHH000490: Using JtaPlatform implementation: [org.hibernate.engine.transaction.jta.platform.internal.NoJtaPlatform] 
2025-01-07 16:56:33.231  INFO [org.springframework.orm.jpa.LocalContainerEntityManagerFactoryBean:437] Initialized JPA EntityManagerFactory for persistence unit 'default' 
2025-01-07 16:56:33.878  WARN [org.springframework.boot.autoconfigure.orm.jpa.JpaBaseConfiguration$JpaWebConfiguration:219] spring.jpa.open-in-view is enabled by default. Therefore, database queries may be performed during view rendering. Explicitly configure spring.jpa.open-in-view to disable this warning 
2025-01-07 16:56:33.999 DEBUG [org.springframework.web.servlet.mvc.method.annotation.RequestMappingHandlerMapping:367] 10 mappings in 'requestMappingHandlerMapping' 
2025-01-07 16:56:34.358 DEBUG [org.springframework.web.servlet.handler.SimpleUrlHandlerMapping:188] Patterns [/agent/swagger-ui*/**] in 'resourceHandlerMapping' 
2025-01-07 16:56:34.413 DEBUG [org.springframework.web.servlet.mvc.method.annotation.RequestMappingHandlerAdapter:625] ControllerAdvice beans: 0 @ModelAttribute, 0 @InitBinder, 1 RequestBodyAdvice, 1 ResponseBodyAdvice 
2025-01-07 16:56:34.460 DEBUG [org.springframework.web.servlet.mvc.method.annotation.ExceptionHandlerExceptionResolver:307] ControllerAdvice beans: 1 @ExceptionHandler, 1 ResponseBodyAdvice 
2025-01-07 16:56:34.907  INFO [org.springframework.boot.actuate.endpoint.web.EndpointLinksResolver:58] Exposing 1 endpoint(s) beneath base path '/actuator' 
2025-01-07 16:56:35.045  INFO [org.apache.kafka.clients.consumer.ConsumerConfig:376] ConsumerConfig values: 
	allow.auto.create.topics = true
	auto.commit.interval.ms = 5000
	auto.offset.reset = latest
	bootstrap.servers = [localhost:9092]
	check.crcs = true
	client.dns.lookup = use_all_dns_ips
	client.id = consumer-item_group-1
	client.rack = 
	connections.max.idle.ms = 540000
	default.api.timeout.ms = 60000
	enable.auto.commit = false
	exclude.internal.topics = true
	fetch.max.bytes = 52428800
	fetch.max.wait.ms = 500
	fetch.min.bytes = 1
	group.id = item_group
	group.instance.id = null
	heartbeat.interval.ms = 3000
	interceptor.classes = []
	internal.leave.group.on.close = true
	internal.throw.on.fetch.stable.offset.unsupported = false
	isolation.level = read_uncommitted
	key.deserializer = class org.apache.kafka.common.serialization.StringDeserializer
	max.partition.fetch.bytes = 1048576
	max.poll.interval.ms = 300000
	max.poll.records = 500
	metadata.max.age.ms = 300000
	metric.reporters = []
	metrics.num.samples = 2
	metrics.recording.level = INFO
	metrics.sample.window.ms = 30000
	partition.assignment.strategy = [class org.apache.kafka.clients.consumer.RangeAssignor, class org.apache.kafka.clients.consumer.CooperativeStickyAssignor]
	receive.buffer.bytes = 65536
	reconnect.backoff.max.ms = 1000
	reconnect.backoff.ms = 50
	request.timeout.ms = 30000
	retry.backoff.ms = 100
	sasl.client.callback.handler.class = null
	sasl.jaas.config = null
	sasl.kerberos.kinit.cmd = /usr/bin/kinit
	sasl.kerberos.min.time.before.relogin = 60000
	sasl.kerberos.service.name = null
	sasl.kerberos.ticket.renew.jitter = 0.05
	sasl.kerberos.ticket.renew.window.factor = 0.8
	sasl.login.callback.handler.class = null
	sasl.login.class = null
	sasl.login.connect.timeout.ms = null
	sasl.login.read.timeout.ms = null
	sasl.login.refresh.buffer.seconds = 300
	sasl.login.refresh.min.period.seconds = 60
	sasl.login.refresh.window.factor = 0.8
	sasl.login.refresh.window.jitter = 0.05
	sasl.login.retry.backoff.max.ms = 10000
	sasl.login.retry.backoff.ms = 100
	sasl.mechanism = GSSAPI
	sasl.oauthbearer.clock.skew.seconds = 30
	sasl.oauthbearer.expected.audience = null
	sasl.oauthbearer.expected.issuer = null
	sasl.oauthbearer.jwks.endpoint.refresh.ms = 3600000
	sasl.oauthbearer.jwks.endpoint.retry.backoff.max.ms = 10000
	sasl.oauthbearer.jwks.endpoint.retry.backoff.ms = 100
	sasl.oauthbearer.jwks.endpoint.url = null
	sasl.oauthbearer.scope.claim.name = scope
	sasl.oauthbearer.sub.claim.name = sub
	sasl.oauthbearer.token.endpoint.url = null
	security.protocol = PLAINTEXT
	security.providers = null
	send.buffer.bytes = 131072
	session.timeout.ms = 45000
	socket.connection.setup.timeout.max.ms = 30000
	socket.connection.setup.timeout.ms = 10000
	ssl.cipher.suites = null
	ssl.enabled.protocols = [TLSv1.2, TLSv1.3]
	ssl.endpoint.identification.algorithm = https
	ssl.engine.factory.class = null
	ssl.key.password = null
	ssl.keymanager.algorithm = SunX509
	ssl.keystore.certificate.chain = null
	ssl.keystore.key = null
	ssl.keystore.location = null
	ssl.keystore.password = null
	ssl.keystore.type = JKS
	ssl.protocol = TLSv1.3
	ssl.provider = null
	ssl.secure.random.implementation = null
	ssl.trustmanager.algorithm = PKIX
	ssl.truststore.certificates = null
	ssl.truststore.location = null
	ssl.truststore.password = null
	ssl.truststore.type = JKS
	value.deserializer = class org.apache.kafka.common.serialization.StringDeserializer
 
2025-01-07 16:56:35.249  INFO [org.apache.kafka.common.utils.AppInfoParser:119] Kafka version: 3.1.1 
2025-01-07 16:56:35.249  INFO [org.apache.kafka.common.utils.AppInfoParser:120] Kafka commitId: 97671528ba54a138 
2025-01-07 16:56:35.249  INFO [org.apache.kafka.common.utils.AppInfoParser:121] Kafka startTimeMs: 1736261795247 
2025-01-07 16:56:35.275  INFO [org.apache.kafka.clients.consumer.KafkaConsumer:966] [Consumer clientId=consumer-item_group-1, groupId=item_group] Subscribed to topic(s): Item_Topic 
2025-01-07 16:56:35.290  INFO [org.apache.coyote.http11.Http11NioProtocol:173] Starting ProtocolHandler ["http-nio-8081"] 
2025-01-07 16:56:35.307  INFO [org.springframework.boot.web.embedded.tomcat.TomcatWebServer:220] Tomcat started on port(s): 8081 (http) with context path '' 
2025-01-07 16:56:35.328  INFO [za.co.woolworths.itemkafka_poc.KafkaItemProducerPocApplication:61] Started KafkaItemProducerPocApplication in 9.164 seconds (JVM running for 9.583) 
2025-01-07 16:56:35.541  INFO [org.apache.catalina.core.ContainerBase.[Tomcat].[localhost].[/]:173] Initializing Spring DispatcherServlet 'dispatcherServlet' 
2025-01-07 16:56:35.542  INFO [org.springframework.web.servlet.DispatcherServlet:525] Initializing Servlet 'dispatcherServlet' 
2025-01-07 16:56:35.543 DEBUG [org.springframework.web.servlet.DispatcherServlet:520] Detected StandardServletMultipartResolver 
2025-01-07 16:56:35.543 DEBUG [org.springframework.web.servlet.DispatcherServlet:544] Detected AcceptHeaderLocaleResolver 
2025-01-07 16:56:35.543 DEBUG [org.springframework.web.servlet.DispatcherServlet:569] Detected FixedThemeResolver 
2025-01-07 16:56:35.545 DEBUG [org.springframework.web.servlet.DispatcherServlet:719] Detected org.springframework.web.servlet.view.DefaultRequestToViewNameTranslator@294ebdae 
2025-01-07 16:56:35.545 DEBUG [org.springframework.web.servlet.DispatcherServlet:783] Detected org.springframework.web.servlet.support.SessionFlashMapManager@55849272 
2025-01-07 16:56:35.546 DEBUG [org.springframework.web.servlet.DispatcherServlet:542] enableLoggingRequestDetails='false': request parameters and headers will be masked to prevent unsafe logging of potentially sensitive data 
2025-01-07 16:56:35.546  INFO [org.springframework.web.servlet.DispatcherServlet:547] Completed initialization in 3 ms 
2025-01-07 16:56:35.556 DEBUG [org.springframework.web.servlet.DispatcherServlet:119] POST "/item-kafka/app/publish-items/v1", parameters={} 
2025-01-07 16:56:35.565 DEBUG [org.springframework.web.servlet.mvc.method.annotation.RequestMappingHandlerMapping:522] Mapped to za.co.woolworths.itemkafka_poc.controller.ItemProducerController#createItemKafkaTopic() 
2025-01-07 16:56:35.715  INFO [org.apache.kafka.clients.Metadata:402] [Consumer clientId=consumer-item_group-1, groupId=item_group] Resetting the last seen epoch of partition Item_Topic-0 to 0 since the associated topicId changed from null to lncACV4PTO-QzmY7TGKExg 
2025-01-07 16:56:35.719  INFO [org.apache.kafka.clients.Metadata:287] [Consumer clientId=consumer-item_group-1, groupId=item_group] Cluster ID: IdFmegt5SVqKpmFnoQXPDA 
2025-01-07 16:56:35.721  INFO [org.apache.kafka.clients.consumer.internals.ConsumerCoordinator:853] [Consumer clientId=consumer-item_group-1, groupId=item_group] Discovered group coordinator localhost:9092 (id: 2147483647 rack: null) 
2025-01-07 16:56:35.726  INFO [org.apache.kafka.clients.consumer.internals.ConsumerCoordinator:535] [Consumer clientId=consumer-item_group-1, groupId=item_group] (Re-)joining group 
2025-01-07 16:56:35.745  INFO [org.apache.kafka.clients.consumer.internals.ConsumerCoordinator:1000] [Consumer clientId=consumer-item_group-1, groupId=item_group] Request joining group due to: need to re-join with the given member-id 
2025-01-07 16:56:35.746  INFO [org.apache.kafka.clients.consumer.internals.ConsumerCoordinator:535] [Consumer clientId=consumer-item_group-1, groupId=item_group] (Re-)joining group 
2025-01-07 16:56:35.752  INFO [org.apache.kafka.clients.consumer.internals.ConsumerCoordinator:595] [Consumer clientId=consumer-item_group-1, groupId=item_group] Successfully joined group with generation Generation{generationId=33, memberId='consumer-item_group-1-6fee03b2-b56e-4d9a-9005-10c075c09ce8', protocol='range'} 
2025-01-07 16:56:35.756  INFO [org.apache.kafka.clients.consumer.internals.ConsumerCoordinator:654] [Consumer clientId=consumer-item_group-1, groupId=item_group] Finished assignment for group at generation 33: {consumer-item_group-1-6fee03b2-b56e-4d9a-9005-10c075c09ce8=Assignment(partitions=[Item_Topic-0])} 
2025-01-07 16:56:35.766  INFO [org.apache.kafka.clients.consumer.internals.ConsumerCoordinator:761] [Consumer clientId=consumer-item_group-1, groupId=item_group] Successfully synced group in generation Generation{generationId=33, memberId='consumer-item_group-1-6fee03b2-b56e-4d9a-9005-10c075c09ce8', protocol='range'} 
2025-01-07 16:56:35.768  INFO [org.apache.kafka.clients.consumer.internals.ConsumerCoordinator:279] [Consumer clientId=consumer-item_group-1, groupId=item_group] Notifying assignor about the new Assignment(partitions=[Item_Topic-0]) 
2025-01-07 16:56:35.771  INFO [org.apache.kafka.clients.consumer.internals.ConsumerCoordinator:291] [Consumer clientId=consumer-item_group-1, groupId=item_group] Adding newly assigned partitions: Item_Topic-0 
2025-01-07 16:56:35.790  INFO [org.apache.kafka.clients.consumer.internals.ConsumerCoordinator:846] [Consumer clientId=consumer-item_group-1, groupId=item_group] Setting offset for partition Item_Topic-0 to the committed offset FetchPosition{offset=1266, offsetEpoch=Optional.empty, currentLeader=LeaderAndEpoch{leader=Optional[localhost:9092 (id: 0 rack: null)], epoch=0}} 
2025-01-07 16:56:35.792  INFO [org.springframework.kafka.listener.KafkaMessageListenerContainer:292] item_group: partitions assigned: [Item_Topic-0] 
2025-01-07 16:56:36.123  INFO [za.co.woolworths.itemkafka_poc.kafka.producer.ItemProducerService:32] Kafka Published Item Id: 100 
2025-01-07 16:56:36.123  INFO [za.co.woolworths.itemkafka_poc.kafka.producer.ItemProducerService:35] Kafka Published Item details: za.co.woolworths.itemkafka_poc.model.Item@151340a8 
2025-01-07 16:56:36.127  INFO [org.apache.kafka.clients.producer.ProducerConfig:376] ProducerConfig values: 
	acks = -1
	batch.size = 16384
	bootstrap.servers = [localhost:9092]
	buffer.memory = 33554432
	client.dns.lookup = use_all_dns_ips
	client.id = producer-1
	compression.type = none
	connections.max.idle.ms = 540000
	delivery.timeout.ms = 120000
	enable.idempotence = true
	interceptor.classes = []
	key.serializer = class org.apache.kafka.common.serialization.StringSerializer
	linger.ms = 0
	max.block.ms = 60000
	max.in.flight.requests.per.connection = 5
	max.request.size = 1048576
	metadata.max.age.ms = 300000
	metadata.max.idle.ms = 300000
	metric.reporters = []
	metrics.num.samples = 2
	metrics.recording.level = INFO
	metrics.sample.window.ms = 30000
	partitioner.class = class org.apache.kafka.clients.producer.internals.DefaultPartitioner
	receive.buffer.bytes = 32768
	reconnect.backoff.max.ms = 1000
	reconnect.backoff.ms = 50
	request.timeout.ms = 120000
	retries = 3
	retry.backoff.ms = 100
	sasl.client.callback.handler.class = null
	sasl.jaas.config = null
	sasl.kerberos.kinit.cmd = /usr/bin/kinit
	sasl.kerberos.min.time.before.relogin = 60000
	sasl.kerberos.service.name = null
	sasl.kerberos.ticket.renew.jitter = 0.05
	sasl.kerberos.ticket.renew.window.factor = 0.8
	sasl.login.callback.handler.class = null
	sasl.login.class = null
	sasl.login.connect.timeout.ms = null
	sasl.login.read.timeout.ms = null
	sasl.login.refresh.buffer.seconds = 300
	sasl.login.refresh.min.period.seconds = 60
	sasl.login.refresh.window.factor = 0.8
	sasl.login.refresh.window.jitter = 0.05
	sasl.login.retry.backoff.max.ms = 10000
	sasl.login.retry.backoff.ms = 100
	sasl.mechanism = GSSAPI
	sasl.oauthbearer.clock.skew.seconds = 30
	sasl.oauthbearer.expected.audience = null
	sasl.oauthbearer.expected.issuer = null
	sasl.oauthbearer.jwks.endpoint.refresh.ms = 3600000
	sasl.oauthbearer.jwks.endpoint.retry.backoff.max.ms = 10000
	sasl.oauthbearer.jwks.endpoint.retry.backoff.ms = 100
	sasl.oauthbearer.jwks.endpoint.url = null
	sasl.oauthbearer.scope.claim.name = scope
	sasl.oauthbearer.sub.claim.name = sub
	sasl.oauthbearer.token.endpoint.url = null
	security.protocol = PLAINTEXT
	security.providers = null
	send.buffer.bytes = 131072
	socket.connection.setup.timeout.max.ms = 30000
	socket.connection.setup.timeout.ms = 10000
	ssl.cipher.suites = null
	ssl.enabled.protocols = [TLSv1.2, TLSv1.3]
	ssl.endpoint.identification.algorithm = https
	ssl.engine.factory.class = null
	ssl.key.password = null
	ssl.keymanager.algorithm = SunX509
	ssl.keystore.certificate.chain = null
	ssl.keystore.key = null
	ssl.keystore.location = null
	ssl.keystore.password = null
	ssl.keystore.type = JKS
	ssl.protocol = TLSv1.3
	ssl.provider = null
	ssl.secure.random.implementation = null
	ssl.trustmanager.algorithm = PKIX
	ssl.truststore.certificates = null
	ssl.truststore.location = null
	ssl.truststore.password = null
	ssl.truststore.type = JKS
	transaction.timeout.ms = 60000
	transactional.id = null
	value.serializer = class org.apache.kafka.common.serialization.StringSerializer
 
2025-01-07 16:56:36.136  INFO [org.apache.kafka.clients.producer.KafkaProducer:572] [Producer clientId=producer-1] Instantiated an idempotent producer. 
2025-01-07 16:56:36.148  INFO [org.apache.kafka.common.utils.AppInfoParser:119] Kafka version: 3.1.1 
2025-01-07 16:56:36.148  INFO [org.apache.kafka.common.utils.AppInfoParser:120] Kafka commitId: 97671528ba54a138 
2025-01-07 16:56:36.148  INFO [org.apache.kafka.common.utils.AppInfoParser:121] Kafka startTimeMs: 1736261796148 
2025-01-07 16:56:36.155  INFO [org.apache.kafka.clients.Metadata:402] [Producer clientId=producer-1] Resetting the last seen epoch of partition Item_Topic-0 to 0 since the associated topicId changed from null to lncACV4PTO-QzmY7TGKExg 
2025-01-07 16:56:36.156  INFO [org.apache.kafka.clients.Metadata:287] [Producer clientId=producer-1] Cluster ID: IdFmegt5SVqKpmFnoQXPDA 
2025-01-07 16:56:36.156  INFO [org.apache.kafka.clients.producer.internals.TransactionManager:554] [Producer clientId=producer-1] ProducerId set to 2001 with epoch 0 
2025-01-07 16:56:36.167  INFO [za.co.woolworths.itemkafka_poc.kafka.producer.ItemProducerService:32] Kafka Published Item Id: 100027628 
2025-01-07 16:56:36.167  INFO [za.co.woolworths.itemkafka_poc.kafka.producer.ItemProducerService:35] Kafka Published Item details: za.co.woolworths.itemkafka_poc.model.Item@287ed041 
2025-01-07 16:56:36.167  INFO [za.co.woolworths.itemkafka_poc.kafka.producer.ItemProducerService:32] Kafka Published Item Id: 100027636 
2025-01-07 16:56:36.168  INFO [za.co.woolworths.itemkafka_poc.kafka.producer.ItemProducerService:35] Kafka Published Item details: za.co.woolworths.itemkafka_poc.model.Item@69eb0b37 
2025-01-07 16:56:36.168  INFO [za.co.woolworths.itemkafka_poc.kafka.producer.ItemProducerService:32] Kafka Published Item Id: 100028638 
2025-01-07 16:56:36.168  INFO [za.co.woolworths.itemkafka_poc.kafka.producer.ItemProducerService:35] Kafka Published Item details: za.co.woolworths.itemkafka_poc.model.Item@2c552f6e 
2025-01-07 16:56:36.168  INFO [za.co.woolworths.itemkafka_poc.kafka.producer.ItemProducerService:32] Kafka Published Item Id: 100028646 
2025-01-07 16:56:36.169  INFO [za.co.woolworths.itemkafka_poc.kafka.producer.ItemProducerService:35] Kafka Published Item details: za.co.woolworths.itemkafka_poc.model.Item@38c77d15 
2025-01-07 16:56:36.169  INFO [za.co.woolworths.itemkafka_poc.kafka.producer.ItemProducerService:32] Kafka Published Item Id: 100029622 
2025-01-07 16:56:36.169  INFO [za.co.woolworths.itemkafka_poc.kafka.producer.ItemProducerService:35] Kafka Published Item details: za.co.woolworths.itemkafka_poc.model.Item@66655e94 
2025-01-07 16:56:36.169  INFO [za.co.woolworths.itemkafka_poc.kafka.producer.ItemProducerService:32] Kafka Published Item Id: 100031620 
2025-01-07 16:56:36.169  INFO [za.co.woolworths.itemkafka_poc.kafka.producer.ItemProducerService:35] Kafka Published Item details: za.co.woolworths.itemkafka_poc.model.Item@576653dc 
2025-01-07 16:56:36.170  INFO [za.co.woolworths.itemkafka_poc.kafka.producer.ItemProducerService:32] Kafka Published Item Id: 100031654 
2025-01-07 16:56:36.170  INFO [za.co.woolworths.itemkafka_poc.kafka.producer.ItemProducerService:35] Kafka Published Item details: za.co.woolworths.itemkafka_poc.model.Item@52cd3801 
2025-01-07 16:56:36.170  INFO [za.co.woolworths.itemkafka_poc.kafka.producer.ItemProducerService:32] Kafka Published Item Id: 100031662 
2025-01-07 16:56:36.170  INFO [za.co.woolworths.itemkafka_poc.kafka.producer.ItemProducerService:35] Kafka Published Item details: za.co.woolworths.itemkafka_poc.model.Item@51e1c898 
2025-01-07 16:56:36.176  INFO [za.co.woolworths.itemkafka_poc.kafka.producer.ItemProducerService:32] Kafka Published Item Id: 100031670 
2025-01-07 16:56:36.176  INFO [za.co.woolworths.itemkafka_poc.kafka.producer.ItemProducerService:35] Kafka Published Item details: za.co.woolworths.itemkafka_poc.model.Item@1d3cadce 
2025-01-07 16:56:36.177  INFO [za.co.woolworths.itemkafka_poc.kafka.producer.ItemProducerService:32] Kafka Published Item Id: 100031872 
2025-01-07 16:56:36.177  INFO [za.co.woolworths.itemkafka_poc.kafka.producer.ItemProducerService:35] Kafka Published Item details: za.co.woolworths.itemkafka_poc.model.Item@7821e506 
2025-01-07 16:56:36.177  INFO [za.co.woolworths.itemkafka_poc.kafka.producer.ItemProducerService:32] Kafka Published Item Id: 100032622 
2025-01-07 16:56:36.177  INFO [za.co.woolworths.itemkafka_poc.kafka.producer.ItemProducerService:35] Kafka Published Item details: za.co.woolworths.itemkafka_poc.model.Item@4317c733 
2025-01-07 16:56:36.178  INFO [za.co.woolworths.itemkafka_poc.kafka.producer.ItemProducerService:32] Kafka Published Item Id: 100032630 
2025-01-07 16:56:36.178  INFO [za.co.woolworths.itemkafka_poc.kafka.producer.ItemProducerService:35] Kafka Published Item details: za.co.woolworths.itemkafka_poc.model.Item@1ced72c1 
2025-01-07 16:56:36.178  INFO [za.co.woolworths.itemkafka_poc.kafka.producer.ItemProducerService:32] Kafka Published Item Id: 100032648 
2025-01-07 16:56:36.178  INFO [za.co.woolworths.itemkafka_poc.kafka.producer.ItemProducerService:35] Kafka Published Item details: za.co.woolworths.itemkafka_poc.model.Item@6447ee4f 
2025-01-07 16:56:36.179  INFO [za.co.woolworths.itemkafka_poc.kafka.producer.ItemProducerService:32] Kafka Published Item Id: 100032656 
2025-01-07 16:56:36.179  INFO [za.co.woolworths.itemkafka_poc.kafka.producer.ItemProducerService:35] Kafka Published Item details: za.co.woolworths.itemkafka_poc.model.Item@13b93e14 
2025-01-07 16:56:36.179  INFO [za.co.woolworths.itemkafka_poc.kafka.producer.ItemProducerService:32] Kafka Published Item Id: 100033624 
2025-01-07 16:56:36.179  INFO [za.co.woolworths.itemkafka_poc.kafka.producer.ItemProducerService:35] Kafka Published Item details: za.co.woolworths.itemkafka_poc.model.Item@4208e19c 
2025-01-07 16:56:36.180  INFO [za.co.woolworths.itemkafka_poc.kafka.producer.ItemProducerService:32] Kafka Published Item Id: 100034626 
2025-01-07 16:56:36.180  INFO [za.co.woolworths.itemkafka_poc.kafka.producer.ItemProducerService:35] Kafka Published Item details: za.co.woolworths.itemkafka_poc.model.Item@181b3e57 
2025-01-07 16:56:36.180  INFO [za.co.woolworths.itemkafka_poc.kafka.producer.ItemProducerService:32] Kafka Published Item Id: 100034634 
2025-01-07 16:56:36.181  INFO [za.co.woolworths.itemkafka_poc.kafka.producer.ItemProducerService:35] Kafka Published Item details: za.co.woolworths.itemkafka_poc.model.Item@24a51a7e 
2025-01-07 16:56:36.181  INFO [za.co.woolworths.itemkafka_poc.kafka.producer.ItemProducerService:32] Kafka Published Item Id: 100034642 
2025-01-07 16:56:36.181  INFO [za.co.woolworths.itemkafka_poc.kafka.producer.ItemProducerService:35] Kafka Published Item details: za.co.woolworths.itemkafka_poc.model.Item@fe36a8a 
2025-01-07 16:56:36.182  INFO [za.co.woolworths.itemkafka_poc.kafka.producer.ItemProducerService:32] Kafka Published Item Id: 100035628 
2025-01-07 16:56:36.182  INFO [za.co.woolworths.itemkafka_poc.kafka.producer.ItemProducerService:35] Kafka Published Item details: za.co.woolworths.itemkafka_poc.model.Item@ae27eeb 
2025-01-07 16:56:36.183  INFO [za.co.woolworths.itemkafka_poc.kafka.producer.ItemProducerService:32] Kafka Published Item Id: 100035644 
2025-01-07 16:56:36.183  INFO [za.co.woolworths.itemkafka_poc.kafka.producer.ItemProducerService:35] Kafka Published Item details: za.co.woolworths.itemkafka_poc.model.Item@4bca0066 
2025-01-07 16:56:36.183  INFO [za.co.woolworths.itemkafka_poc.kafka.producer.ItemProducerService:32] Kafka Published Item Id: 100036620 
2025-01-07 16:56:36.184  INFO [za.co.woolworths.itemkafka_poc.kafka.producer.ItemProducerService:35] Kafka Published Item details: za.co.woolworths.itemkafka_poc.model.Item@4730958b 
2025-01-07 16:56:36.185  INFO [za.co.woolworths.itemkafka_poc.kafka.producer.ItemProducerService:32] Kafka Published Item Id: 100036638 
2025-01-07 16:56:36.185  INFO [za.co.woolworths.itemkafka_poc.kafka.producer.ItemProducerService:35] Kafka Published Item details: za.co.woolworths.itemkafka_poc.model.Item@531300dd 
2025-01-07 16:56:36.185  INFO [za.co.woolworths.itemkafka_poc.kafka.producer.ItemProducerService:32] Kafka Published Item Id: 100036646 
2025-01-07 16:56:36.186  INFO [za.co.woolworths.itemkafka_poc.kafka.producer.ItemProducerService:35] Kafka Published Item details: za.co.woolworths.itemkafka_poc.model.Item@4a9f3972 
2025-01-07 16:56:36.186  INFO [za.co.woolworths.itemkafka_poc.kafka.producer.ItemProducerService:32] Kafka Published Item Id: 100036654 
2025-01-07 16:56:36.187  INFO [za.co.woolworths.itemkafka_poc.kafka.producer.ItemProducerService:35] Kafka Published Item details: za.co.woolworths.itemkafka_poc.model.Item@514dd977 
2025-01-07 16:56:36.187  INFO [za.co.woolworths.itemkafka_poc.kafka.producer.ItemProducerService:32] Kafka Published Item Id: 100036662 
2025-01-07 16:56:36.188  INFO [za.co.woolworths.itemkafka_poc.kafka.producer.ItemProducerService:35] Kafka Published Item details: za.co.woolworths.itemkafka_poc.model.Item@12929218 
2025-01-07 16:56:36.188  INFO [za.co.woolworths.itemkafka_poc.kafka.producer.ItemProducerService:32] Kafka Published Item Id: 100037622 
2025-01-07 16:56:36.189  INFO [za.co.woolworths.itemkafka_poc.kafka.producer.ItemProducerService:35] Kafka Published Item details: za.co.woolworths.itemkafka_poc.model.Item@594c7d7f 
2025-01-07 16:56:36.189  INFO [za.co.woolworths.itemkafka_poc.kafka.producer.ItemProducerService:32] Kafka Published Item Id: 100037648 
2025-01-07 16:56:36.189  INFO [za.co.woolworths.itemkafka_poc.kafka.producer.ItemProducerService:35] Kafka Published Item details: za.co.woolworths.itemkafka_poc.model.Item@6a2b8b8d 
2025-01-07 16:56:36.190  INFO [za.co.woolworths.itemkafka_poc.kafka.producer.ItemProducerService:32] Kafka Published Item Id: 100037664 
2025-01-07 16:56:36.190  INFO [za.co.woolworths.itemkafka_poc.kafka.producer.ItemProducerService:35] Kafka Published Item details: za.co.woolworths.itemkafka_poc.model.Item@551261de 
2025-01-07 16:56:36.191  INFO [za.co.woolworths.itemkafka_poc.kafka.producer.ItemProducerService:32] Kafka Published Item Id: 100037672 
2025-01-07 16:56:36.191  INFO [za.co.woolworths.itemkafka_poc.kafka.producer.ItemProducerService:35] Kafka Published Item details: za.co.woolworths.itemkafka_poc.model.Item@53162b36 
2025-01-07 16:56:36.192  INFO [za.co.woolworths.itemkafka_poc.kafka.producer.ItemProducerService:32] Kafka Published Item Id: 100038624 
2025-01-07 16:56:36.192  INFO [za.co.woolworths.itemkafka_poc.kafka.producer.ItemProducerService:35] Kafka Published Item details: za.co.woolworths.itemkafka_poc.model.Item@698b13ae 
2025-01-07 16:56:36.193  INFO [za.co.woolworths.itemkafka_poc.kafka.producer.ItemProducerService:32] Kafka Published Item Id: 100038632 
2025-01-07 16:56:36.193  INFO [za.co.woolworths.itemkafka_poc.kafka.producer.ItemProducerService:35] Kafka Published Item details: za.co.woolworths.itemkafka_poc.model.Item@5fca9af1 
2025-01-07 16:56:36.194  INFO [za.co.woolworths.itemkafka_poc.kafka.consumer.ItemConsumerService:37] Kafka Consumed Item Id: 100 
2025-01-07 16:56:36.194  INFO [za.co.woolworths.itemkafka_poc.kafka.consumer.ItemConsumerService:40] Kafka Consumed Item details: za.co.woolworths.itemkafka_poc.model.Item@74abaf57 
2025-01-07 16:56:36.194  INFO [za.co.woolworths.itemkafka_poc.kafka.producer.ItemProducerService:32] Kafka Published Item Id: 100038658 
2025-01-07 16:56:36.194  INFO [za.co.woolworths.itemkafka_poc.kafka.consumer.ItemConsumerService:37] Kafka Consumed Item Id: 100027628 
2025-01-07 16:56:36.194  INFO [za.co.woolworths.itemkafka_poc.kafka.producer.ItemProducerService:35] Kafka Published Item details: za.co.woolworths.itemkafka_poc.model.Item@19900c47 
2025-01-07 16:56:36.194  INFO [za.co.woolworths.itemkafka_poc.kafka.consumer.ItemConsumerService:40] Kafka Consumed Item details: za.co.woolworths.itemkafka_poc.model.Item@4c99c5f8 
2025-01-07 16:56:36.195  INFO [za.co.woolworths.itemkafka_poc.kafka.producer.ItemProducerService:32] Kafka Published Item Id: 100038666 
2025-01-07 16:56:36.195  INFO [za.co.woolworths.itemkafka_poc.kafka.consumer.ItemConsumerService:37] Kafka Consumed Item Id: 100027636 
2025-01-07 16:56:36.195  INFO [za.co.woolworths.itemkafka_poc.kafka.producer.ItemProducerService:35] Kafka Published Item details: za.co.woolworths.itemkafka_poc.model.Item@7bbdcbd8 
2025-01-07 16:56:36.196  INFO [za.co.woolworths.itemkafka_poc.kafka.consumer.ItemConsumerService:40] Kafka Consumed Item details: za.co.woolworths.itemkafka_poc.model.Item@3a3e43b1 
2025-01-07 16:56:36.196  INFO [za.co.woolworths.itemkafka_poc.kafka.producer.ItemProducerService:32] Kafka Published Item Id: 100038674 
2025-01-07 16:56:36.197  INFO [za.co.woolworths.itemkafka_poc.kafka.consumer.ItemConsumerService:37] Kafka Consumed Item Id: 100028638 
2025-01-07 16:56:36.197  INFO [za.co.woolworths.itemkafka_poc.kafka.producer.ItemProducerService:35] Kafka Published Item details: za.co.woolworths.itemkafka_poc.model.Item@4a1aa162 
2025-01-07 16:56:36.197  INFO [za.co.woolworths.itemkafka_poc.kafka.consumer.ItemConsumerService:40] Kafka Consumed Item details: za.co.woolworths.itemkafka_poc.model.Item@12cde78f 
2025-01-07 16:56:36.197  INFO [za.co.woolworths.itemkafka_poc.kafka.producer.ItemProducerService:32] Kafka Published Item Id: 100038682 
2025-01-07 16:56:36.198  INFO [za.co.woolworths.itemkafka_poc.kafka.consumer.ItemConsumerService:37] Kafka Consumed Item Id: 100028646 
2025-01-07 16:56:36.198  INFO [za.co.woolworths.itemkafka_poc.kafka.producer.ItemProducerService:35] Kafka Published Item details: za.co.woolworths.itemkafka_poc.model.Item@418ca7c2 
2025-01-07 16:56:36.198  INFO [za.co.woolworths.itemkafka_poc.kafka.consumer.ItemConsumerService:40] Kafka Consumed Item details: za.co.woolworths.itemkafka_poc.model.Item@3b353396 
2025-01-07 16:56:36.198  INFO [za.co.woolworths.itemkafka_poc.kafka.producer.ItemProducerService:32] Kafka Published Item Id: 100038690 
2025-01-07 16:56:36.199  INFO [za.co.woolworths.itemkafka_poc.kafka.consumer.ItemConsumerService:37] Kafka Consumed Item Id: 100029622 
2025-01-07 16:56:36.199  INFO [za.co.woolworths.itemkafka_poc.kafka.producer.ItemProducerService:35] Kafka Published Item details: za.co.woolworths.itemkafka_poc.model.Item@58677980 
2025-01-07 16:56:36.199  INFO [za.co.woolworths.itemkafka_poc.kafka.consumer.ItemConsumerService:40] Kafka Consumed Item details: za.co.woolworths.itemkafka_poc.model.Item@3981970d 
2025-01-07 16:56:36.199  INFO [za.co.woolworths.itemkafka_poc.kafka.producer.ItemProducerService:32] Kafka Published Item Id: 100038704 
2025-01-07 16:56:36.200  INFO [za.co.woolworths.itemkafka_poc.kafka.consumer.ItemConsumerService:37] Kafka Consumed Item Id: 100031620 
2025-01-07 16:56:36.200  INFO [za.co.woolworths.itemkafka_poc.kafka.producer.ItemProducerService:35] Kafka Published Item details: za.co.woolworths.itemkafka_poc.model.Item@4d918a5f 
2025-01-07 16:56:36.200  INFO [za.co.woolworths.itemkafka_poc.kafka.consumer.ItemConsumerService:40] Kafka Consumed Item details: za.co.woolworths.itemkafka_poc.model.Item@71ea6847 
2025-01-07 16:56:36.201  INFO [za.co.woolworths.itemkafka_poc.kafka.producer.ItemProducerService:32] Kafka Published Item Id: 100038712 
2025-01-07 16:56:36.201  INFO [za.co.woolworths.itemkafka_poc.kafka.consumer.ItemConsumerService:37] Kafka Consumed Item Id: 100031654 
2025-01-07 16:56:36.201  INFO [za.co.woolworths.itemkafka_poc.kafka.producer.ItemProducerService:35] Kafka Published Item details: za.co.woolworths.itemkafka_poc.model.Item@521f333e 
2025-01-07 16:56:36.201  INFO [za.co.woolworths.itemkafka_poc.kafka.consumer.ItemConsumerService:40] Kafka Consumed Item details: za.co.woolworths.itemkafka_poc.model.Item@ce6186a 
2025-01-07 16:56:36.202  INFO [za.co.woolworths.itemkafka_poc.kafka.producer.ItemProducerService:32] Kafka Published Item Id: 100038720 
2025-01-07 16:56:36.202  INFO [za.co.woolworths.itemkafka_poc.kafka.producer.ItemProducerService:35] Kafka Published Item details: za.co.woolworths.itemkafka_poc.model.Item@76093c08 
2025-01-07 16:56:36.203  INFO [za.co.woolworths.itemkafka_poc.kafka.producer.ItemProducerService:32] Kafka Published Item Id: 100038738 
2025-01-07 16:56:36.203  INFO [za.co.woolworths.itemkafka_poc.kafka.producer.ItemProducerService:35] Kafka Published Item details: za.co.woolworths.itemkafka_poc.model.Item@1541f030 
2025-01-07 16:56:36.203  INFO [za.co.woolworths.itemkafka_poc.kafka.producer.ItemProducerService:32] Kafka Published Item Id: 100038746 
2025-01-07 16:56:36.204  INFO [za.co.woolworths.itemkafka_poc.kafka.producer.ItemProducerService:35] Kafka Published Item details: za.co.woolworths.itemkafka_poc.model.Item@54c343b5 
2025-01-07 16:56:36.204  INFO [za.co.woolworths.itemkafka_poc.kafka.producer.ItemProducerService:32] Kafka Published Item Id: 100038762 
2025-01-07 16:56:36.205  INFO [za.co.woolworths.itemkafka_poc.kafka.producer.ItemProducerService:35] Kafka Published Item details: za.co.woolworths.itemkafka_poc.model.Item@7fee0cd0 
2025-01-07 16:56:36.205  INFO [za.co.woolworths.itemkafka_poc.kafka.producer.ItemProducerService:32] Kafka Published Item Id: 100038788 
2025-01-07 16:56:36.206  INFO [za.co.woolworths.itemkafka_poc.kafka.producer.ItemProducerService:35] Kafka Published Item details: za.co.woolworths.itemkafka_poc.model.Item@40b88659 
2025-01-07 16:56:36.207  INFO [za.co.woolworths.itemkafka_poc.kafka.producer.ItemProducerService:32] Kafka Published Item Id: 100038796 
2025-01-07 16:56:36.207  INFO [za.co.woolworths.itemkafka_poc.kafka.producer.ItemProducerService:35] Kafka Published Item details: za.co.woolworths.itemkafka_poc.model.Item@5a623e0e 
2025-01-07 16:56:36.208  INFO [za.co.woolworths.itemkafka_poc.kafka.producer.ItemProducerService:32] Kafka Published Item Id: 100038800 
2025-01-07 16:56:36.208  INFO [za.co.woolworths.itemkafka_poc.kafka.producer.ItemProducerService:35] Kafka Published Item details: za.co.woolworths.itemkafka_poc.model.Item@14f2001c 
2025-01-07 16:56:36.208  INFO [za.co.woolworths.itemkafka_poc.kafka.producer.ItemProducerService:32] Kafka Published Item Id: 100038818 
2025-01-07 16:56:36.209  INFO [za.co.woolworths.itemkafka_poc.kafka.producer.ItemProducerService:35] Kafka Published Item details: za.co.woolworths.itemkafka_poc.model.Item@1bf506de 
2025-01-07 16:56:36.209  INFO [za.co.woolworths.itemkafka_poc.kafka.producer.ItemProducerService:32] Kafka Published Item Id: 100038826 
2025-01-07 16:56:36.209  INFO [za.co.woolworths.itemkafka_poc.kafka.consumer.ItemConsumerService:37] Kafka Consumed Item Id: 100031662 
2025-01-07 16:56:36.209  INFO [za.co.woolworths.itemkafka_poc.kafka.producer.ItemProducerService:35] Kafka Published Item details: za.co.woolworths.itemkafka_poc.model.Item@1ffbd1b7 
2025-01-07 16:56:36.210  INFO [za.co.woolworths.itemkafka_poc.kafka.consumer.ItemConsumerService:40] Kafka Consumed Item details: za.co.woolworths.itemkafka_poc.model.Item@797bd65 
2025-01-07 16:56:36.210  INFO [za.co.woolworths.itemkafka_poc.kafka.producer.ItemProducerService:32] Kafka Published Item Id: 100038834 
2025-01-07 16:56:36.210  INFO [za.co.woolworths.itemkafka_poc.kafka.producer.ItemProducerService:35] Kafka Published Item details: za.co.woolworths.itemkafka_poc.model.Item@54220e08 
2025-01-07 16:56:36.210  INFO [za.co.woolworths.itemkafka_poc.kafka.consumer.ItemConsumerService:37] Kafka Consumed Item Id: 100031670 
2025-01-07 16:56:36.211  INFO [za.co.woolworths.itemkafka_poc.kafka.consumer.ItemConsumerService:40] Kafka Consumed Item details: za.co.woolworths.itemkafka_poc.model.Item@7e124748 
2025-01-07 16:56:36.211  INFO [za.co.woolworths.itemkafka_poc.kafka.producer.ItemProducerService:32] Kafka Published Item Id: 100038842 
2025-01-07 16:56:36.211  INFO [za.co.woolworths.itemkafka_poc.kafka.producer.ItemProducerService:35] Kafka Published Item details: za.co.woolworths.itemkafka_poc.model.Item@50541670 
2025-01-07 16:56:36.212  INFO [za.co.woolworths.itemkafka_poc.kafka.consumer.ItemConsumerService:37] Kafka Consumed Item Id: 100031872 
2025-01-07 16:56:36.212  INFO [za.co.woolworths.itemkafka_poc.kafka.producer.ItemProducerService:32] Kafka Published Item Id: 100038850 
2025-01-07 16:56:36.212  INFO [za.co.woolworths.itemkafka_poc.kafka.consumer.ItemConsumerService:40] Kafka Consumed Item details: za.co.woolworths.itemkafka_poc.model.Item@7a3e7581 
2025-01-07 16:56:36.212  INFO [za.co.woolworths.itemkafka_poc.kafka.producer.ItemProducerService:35] Kafka Published Item details: za.co.woolworths.itemkafka_poc.model.Item@63a43952 
2025-01-07 16:56:36.213  INFO [za.co.woolworths.itemkafka_poc.kafka.consumer.ItemConsumerService:37] Kafka Consumed Item Id: 100032622 
2025-01-07 16:56:36.213  INFO [za.co.woolworths.itemkafka_poc.kafka.producer.ItemProducerService:32] Kafka Published Item Id: 100038868 
2025-01-07 16:56:36.213  INFO [za.co.woolworths.itemkafka_poc.kafka.consumer.ItemConsumerService:40] Kafka Consumed Item details: za.co.woolworths.itemkafka_poc.model.Item@59e3ea73 
2025-01-07 16:56:36.213  INFO [za.co.woolworths.itemkafka_poc.kafka.producer.ItemProducerService:35] Kafka Published Item details: za.co.woolworths.itemkafka_poc.model.Item@22133af8 
2025-01-07 16:56:36.214  INFO [za.co.woolworths.itemkafka_poc.kafka.consumer.ItemConsumerService:37] Kafka Consumed Item Id: 100032630 
2025-01-07 16:56:36.214  INFO [za.co.woolworths.itemkafka_poc.kafka.producer.ItemProducerService:32] Kafka Published Item Id: 100038876 
2025-01-07 16:56:36.214  INFO [za.co.woolworths.itemkafka_poc.kafka.consumer.ItemConsumerService:40] Kafka Consumed Item details: za.co.woolworths.itemkafka_poc.model.Item@632518bf 
2025-01-07 16:56:36.214  INFO [za.co.woolworths.itemkafka_poc.kafka.producer.ItemProducerService:35] Kafka Published Item details: za.co.woolworths.itemkafka_poc.model.Item@660522fc 
2025-01-07 16:56:36.215  INFO [za.co.woolworths.itemkafka_poc.kafka.consumer.ItemConsumerService:37] Kafka Consumed Item Id: 100032648 
2025-01-07 16:56:36.215  INFO [za.co.woolworths.itemkafka_poc.kafka.producer.ItemProducerService:32] Kafka Published Item Id: 100038884 
2025-01-07 16:56:36.215  INFO [za.co.woolworths.itemkafka_poc.kafka.consumer.ItemConsumerService:40] Kafka Consumed Item details: za.co.woolworths.itemkafka_poc.model.Item@fe13b94 
2025-01-07 16:56:36.215  INFO [za.co.woolworths.itemkafka_poc.kafka.producer.ItemProducerService:35] Kafka Published Item details: za.co.woolworths.itemkafka_poc.model.Item@16925fda 
2025-01-07 16:56:36.216  INFO [za.co.woolworths.itemkafka_poc.kafka.consumer.ItemConsumerService:37] Kafka Consumed Item Id: 100032656 
2025-01-07 16:56:36.216  INFO [za.co.woolworths.itemkafka_poc.kafka.producer.ItemProducerService:32] Kafka Published Item Id: 100038892 
2025-01-07 16:56:36.216  INFO [za.co.woolworths.itemkafka_poc.kafka.consumer.ItemConsumerService:40] Kafka Consumed Item details: za.co.woolworths.itemkafka_poc.model.Item@6fac594 
2025-01-07 16:56:36.216  INFO [za.co.woolworths.itemkafka_poc.kafka.producer.ItemProducerService:35] Kafka Published Item details: za.co.woolworths.itemkafka_poc.model.Item@543e9af3 
2025-01-07 16:56:36.217  INFO [za.co.woolworths.itemkafka_poc.kafka.producer.ItemProducerService:32] Kafka Published Item Id: 100038906 
2025-01-07 16:56:36.217  INFO [za.co.woolworths.itemkafka_poc.kafka.consumer.ItemConsumerService:37] Kafka Consumed Item Id: 100033624 
2025-01-07 16:56:36.217  INFO [za.co.woolworths.itemkafka_poc.kafka.producer.ItemProducerService:35] Kafka Published Item details: za.co.woolworths.itemkafka_poc.model.Item@6f41be76 
2025-01-07 16:56:36.218  INFO [za.co.woolworths.itemkafka_poc.kafka.consumer.ItemConsumerService:40] Kafka Consumed Item details: za.co.woolworths.itemkafka_poc.model.Item@d9ca86f 
2025-01-07 16:56:36.218  INFO [za.co.woolworths.itemkafka_poc.kafka.producer.ItemProducerService:32] Kafka Published Item Id: 100038914 
2025-01-07 16:56:36.218  INFO [za.co.woolworths.itemkafka_poc.kafka.producer.ItemProducerService:35] Kafka Published Item details: za.co.woolworths.itemkafka_poc.model.Item@201c63a0 
2025-01-07 16:56:36.218  INFO [za.co.woolworths.itemkafka_poc.kafka.consumer.ItemConsumerService:37] Kafka Consumed Item Id: 100034626 
2025-01-07 16:56:36.219  INFO [za.co.woolworths.itemkafka_poc.kafka.consumer.ItemConsumerService:40] Kafka Consumed Item details: za.co.woolworths.itemkafka_poc.model.Item@5d9a1a2d 
2025-01-07 16:56:36.219  INFO [za.co.woolworths.itemkafka_poc.kafka.producer.ItemProducerService:32] Kafka Published Item Id: 100038922 
2025-01-07 16:56:36.219  INFO [za.co.woolworths.itemkafka_poc.kafka.producer.ItemProducerService:35] Kafka Published Item details: za.co.woolworths.itemkafka_poc.model.Item@24f484f6 
2025-01-07 16:56:36.219  INFO [za.co.woolworths.itemkafka_poc.kafka.consumer.ItemConsumerService:37] Kafka Consumed Item Id: 100034634 
2025-01-07 16:56:36.220  INFO [za.co.woolworths.itemkafka_poc.kafka.consumer.ItemConsumerService:40] Kafka Consumed Item details: za.co.woolworths.itemkafka_poc.model.Item@7d8ce083 
2025-01-07 16:56:36.220  INFO [za.co.woolworths.itemkafka_poc.kafka.producer.ItemProducerService:32] Kafka Published Item Id: 100038930 
2025-01-07 16:56:36.220  INFO [za.co.woolworths.itemkafka_poc.kafka.producer.ItemProducerService:35] Kafka Published Item details: za.co.woolworths.itemkafka_poc.model.Item@43d7b99 
2025-01-07 16:56:36.220  INFO [za.co.woolworths.itemkafka_poc.kafka.consumer.ItemConsumerService:37] Kafka Consumed Item Id: 100034642 
2025-01-07 16:56:36.221  INFO [za.co.woolworths.itemkafka_poc.kafka.consumer.ItemConsumerService:40] Kafka Consumed Item details: za.co.woolworths.itemkafka_poc.model.Item@4ee00f09 
2025-01-07 16:56:36.221  INFO [za.co.woolworths.itemkafka_poc.kafka.producer.ItemProducerService:32] Kafka Published Item Id: 100039626 
2025-01-07 16:56:36.221  INFO [za.co.woolworths.itemkafka_poc.kafka.producer.ItemProducerService:35] Kafka Published Item details: za.co.woolworths.itemkafka_poc.model.Item@66edd766 
2025-01-07 16:56:36.221  INFO [za.co.woolworths.itemkafka_poc.kafka.consumer.ItemConsumerService:37] Kafka Consumed Item Id: 100035628 
2025-01-07 16:56:36.222  INFO [za.co.woolworths.itemkafka_poc.kafka.consumer.ItemConsumerService:40] Kafka Consumed Item details: za.co.woolworths.itemkafka_poc.model.Item@26d7196a 
2025-01-07 16:56:36.222  INFO [za.co.woolworths.itemkafka_poc.kafka.producer.ItemProducerService:32] Kafka Published Item Id: 100039650 
2025-01-07 16:56:36.222  INFO [za.co.woolworths.itemkafka_poc.kafka.producer.ItemProducerService:35] Kafka Published Item details: za.co.woolworths.itemkafka_poc.model.Item@252fa978 
2025-01-07 16:56:36.222  INFO [za.co.woolworths.itemkafka_poc.kafka.consumer.ItemConsumerService:37] Kafka Consumed Item Id: 100035644 
2025-01-07 16:56:36.223  INFO [za.co.woolworths.itemkafka_poc.kafka.consumer.ItemConsumerService:40] Kafka Consumed Item details: za.co.woolworths.itemkafka_poc.model.Item@2b9124ef 
2025-01-07 16:56:36.223  INFO [za.co.woolworths.itemkafka_poc.kafka.producer.ItemProducerService:32] Kafka Published Item Id: 100039684 
2025-01-07 16:56:36.223  INFO [za.co.woolworths.itemkafka_poc.kafka.producer.ItemProducerService:35] Kafka Published Item details: za.co.woolworths.itemkafka_poc.model.Item@25fc4a1f 
2025-01-07 16:56:36.223  INFO [za.co.woolworths.itemkafka_poc.kafka.consumer.ItemConsumerService:37] Kafka Consumed Item Id: 100036620 
2025-01-07 16:56:36.224  INFO [za.co.woolworths.itemkafka_poc.kafka.consumer.ItemConsumerService:40] Kafka Consumed Item details: za.co.woolworths.itemkafka_poc.model.Item@310351e6 
2025-01-07 16:56:36.224  INFO [za.co.woolworths.itemkafka_poc.kafka.producer.ItemProducerService:32] Kafka Published Item Id: 100039692 
2025-01-07 16:56:36.224  INFO [za.co.woolworths.itemkafka_poc.kafka.producer.ItemProducerService:35] Kafka Published Item details: za.co.woolworths.itemkafka_poc.model.Item@4a721c8a 
2025-01-07 16:56:36.224  INFO [za.co.woolworths.itemkafka_poc.kafka.consumer.ItemConsumerService:37] Kafka Consumed Item Id: 100036638 
2025-01-07 16:56:36.224  INFO [za.co.woolworths.itemkafka_poc.kafka.consumer.ItemConsumerService:40] Kafka Consumed Item details: za.co.woolworths.itemkafka_poc.model.Item@7f558888 
2025-01-07 16:56:36.225  INFO [za.co.woolworths.itemkafka_poc.kafka.producer.ItemProducerService:32] Kafka Published Item Id: 100039706 
2025-01-07 16:56:36.225  INFO [za.co.woolworths.itemkafka_poc.kafka.consumer.ItemConsumerService:37] Kafka Consumed Item Id: 100036646 
2025-01-07 16:56:36.225  INFO [za.co.woolworths.itemkafka_poc.kafka.producer.ItemProducerService:35] Kafka Published Item details: za.co.woolworths.itemkafka_poc.model.Item@42aca445 
2025-01-07 16:56:36.225  INFO [za.co.woolworths.itemkafka_poc.kafka.consumer.ItemConsumerService:40] Kafka Consumed Item details: za.co.woolworths.itemkafka_poc.model.Item@61d7c241 
2025-01-07 16:56:36.226  INFO [za.co.woolworths.itemkafka_poc.kafka.producer.ItemProducerService:32] Kafka Published Item Id: 100039714 
2025-01-07 16:56:36.226  INFO [za.co.woolworths.itemkafka_poc.kafka.consumer.ItemConsumerService:37] Kafka Consumed Item Id: 100036654 
2025-01-07 16:56:36.226  INFO [za.co.woolworths.itemkafka_poc.kafka.producer.ItemProducerService:35] Kafka Published Item details: za.co.woolworths.itemkafka_poc.model.Item@1a90b101 
2025-01-07 16:56:36.226  INFO [za.co.woolworths.itemkafka_poc.kafka.consumer.ItemConsumerService:40] Kafka Consumed Item details: za.co.woolworths.itemkafka_poc.model.Item@43c324c8 
2025-01-07 16:56:36.227  INFO [za.co.woolworths.itemkafka_poc.kafka.producer.ItemProducerService:32] Kafka Published Item Id: 100039722 
2025-01-07 16:56:36.227  INFO [za.co.woolworths.itemkafka_poc.kafka.consumer.ItemConsumerService:37] Kafka Consumed Item Id: 100036662 
2025-01-07 16:56:36.227  INFO [za.co.woolworths.itemkafka_poc.kafka.producer.ItemProducerService:35] Kafka Published Item details: za.co.woolworths.itemkafka_poc.model.Item@5dfbbcfe 
2025-01-07 16:56:36.227  INFO [za.co.woolworths.itemkafka_poc.kafka.consumer.ItemConsumerService:40] Kafka Consumed Item details: za.co.woolworths.itemkafka_poc.model.Item@6864d137 
2025-01-07 16:56:36.228  INFO [za.co.woolworths.itemkafka_poc.kafka.producer.ItemProducerService:32] Kafka Published Item Id: 100039730 
2025-01-07 16:56:36.228  INFO [za.co.woolworths.itemkafka_poc.kafka.consumer.ItemConsumerService:37] Kafka Consumed Item Id: 100037622 
2025-01-07 16:56:36.228  INFO [za.co.woolworths.itemkafka_poc.kafka.producer.ItemProducerService:35] Kafka Published Item details: za.co.woolworths.itemkafka_poc.model.Item@7b76d87 
2025-01-07 16:56:36.229  INFO [za.co.woolworths.itemkafka_poc.kafka.consumer.ItemConsumerService:40] Kafka Consumed Item details: za.co.woolworths.itemkafka_poc.model.Item@3b26157b 
2025-01-07 16:56:36.229  INFO [za.co.woolworths.itemkafka_poc.kafka.producer.ItemProducerService:32] Kafka Published Item Id: 100039756 
2025-01-07 16:56:36.229  INFO [za.co.woolworths.itemkafka_poc.kafka.producer.ItemProducerService:35] Kafka Published Item details: za.co.woolworths.itemkafka_poc.model.Item@209e7fb8 
2025-01-07 16:56:36.229  INFO [za.co.woolworths.itemkafka_poc.kafka.consumer.ItemConsumerService:37] Kafka Consumed Item Id: 100037648 
2025-01-07 16:56:36.230  INFO [za.co.woolworths.itemkafka_poc.kafka.consumer.ItemConsumerService:40] Kafka Consumed Item details: za.co.woolworths.itemkafka_poc.model.Item@643c0d94 
2025-01-07 16:56:36.230  INFO [za.co.woolworths.itemkafka_poc.kafka.producer.ItemProducerService:32] Kafka Published Item Id: 100039764 
2025-01-07 16:56:36.230  INFO [za.co.woolworths.itemkafka_poc.kafka.producer.ItemProducerService:35] Kafka Published Item details: za.co.woolworths.itemkafka_poc.model.Item@3f99da13 
2025-01-07 16:56:36.230  INFO [za.co.woolworths.itemkafka_poc.kafka.consumer.ItemConsumerService:37] Kafka Consumed Item Id: 100037664 
2025-01-07 16:56:36.231  INFO [za.co.woolworths.itemkafka_poc.kafka.consumer.ItemConsumerService:40] Kafka Consumed Item details: za.co.woolworths.itemkafka_poc.model.Item@3e0380bf 
2025-01-07 16:56:36.231  INFO [za.co.woolworths.itemkafka_poc.kafka.producer.ItemProducerService:32] Kafka Published Item Id: 100039772 
2025-01-07 16:56:36.231  INFO [za.co.woolworths.itemkafka_poc.kafka.producer.ItemProducerService:35] Kafka Published Item details: za.co.woolworths.itemkafka_poc.model.Item@3f058d52 
2025-01-07 16:56:36.231  INFO [za.co.woolworths.itemkafka_poc.kafka.consumer.ItemConsumerService:37] Kafka Consumed Item Id: 100037672 
2025-01-07 16:56:36.232  INFO [za.co.woolworths.itemkafka_poc.kafka.consumer.ItemConsumerService:40] Kafka Consumed Item details: za.co.woolworths.itemkafka_poc.model.Item@70201321 
2025-01-07 16:56:36.232  INFO [za.co.woolworths.itemkafka_poc.kafka.producer.ItemProducerService:32] Kafka Published Item Id: 100039780 
2025-01-07 16:56:36.233  INFO [za.co.woolworths.itemkafka_poc.kafka.producer.ItemProducerService:35] Kafka Published Item details: za.co.woolworths.itemkafka_poc.model.Item@3e21460 
2025-01-07 16:56:36.233  INFO [za.co.woolworths.itemkafka_poc.kafka.consumer.ItemConsumerService:37] Kafka Consumed Item Id: 100038624 
2025-01-07 16:56:36.233  INFO [za.co.woolworths.itemkafka_poc.kafka.consumer.ItemConsumerService:40] Kafka Consumed Item details: za.co.woolworths.itemkafka_poc.model.Item@7b265d93 
2025-01-07 16:56:36.233  INFO [za.co.woolworths.itemkafka_poc.kafka.producer.ItemProducerService:32] Kafka Published Item Id: 100040622 
2025-01-07 16:56:36.234  INFO [za.co.woolworths.itemkafka_poc.kafka.producer.ItemProducerService:35] Kafka Published Item details: za.co.woolworths.itemkafka_poc.model.Item@5052d81b 
2025-01-07 16:56:36.234  INFO [za.co.woolworths.itemkafka_poc.kafka.consumer.ItemConsumerService:37] Kafka Consumed Item Id: 100038632 
2025-01-07 16:56:36.234  INFO [za.co.woolworths.itemkafka_poc.kafka.consumer.ItemConsumerService:40] Kafka Consumed Item details: za.co.woolworths.itemkafka_poc.model.Item@7ff2bfce 
2025-01-07 16:56:36.234  INFO [za.co.woolworths.itemkafka_poc.kafka.producer.ItemProducerService:32] Kafka Published Item Id: 100040630 
2025-01-07 16:56:36.235  INFO [za.co.woolworths.itemkafka_poc.kafka.producer.ItemProducerService:35] Kafka Published Item details: za.co.woolworths.itemkafka_poc.model.Item@21ead940 
2025-01-07 16:56:36.235  INFO [za.co.woolworths.itemkafka_poc.kafka.consumer.ItemConsumerService:37] Kafka Consumed Item Id: 100038658 
2025-01-07 16:56:36.235  INFO [za.co.woolworths.itemkafka_poc.kafka.consumer.ItemConsumerService:40] Kafka Consumed Item details: za.co.woolworths.itemkafka_poc.model.Item@5d56cef7 
2025-01-07 16:56:36.235  INFO [za.co.woolworths.itemkafka_poc.kafka.producer.ItemProducerService:32] Kafka Published Item Id: 100040648 
2025-01-07 16:56:36.236  INFO [za.co.woolworths.itemkafka_poc.kafka.consumer.ItemConsumerService:37] Kafka Consumed Item Id: 100038666 
2025-01-07 16:56:36.236  INFO [za.co.woolworths.itemkafka_poc.kafka.producer.ItemProducerService:35] Kafka Published Item details: za.co.woolworths.itemkafka_poc.model.Item@3216bf32 
2025-01-07 16:56:36.236  INFO [za.co.woolworths.itemkafka_poc.kafka.consumer.ItemConsumerService:40] Kafka Consumed Item details: za.co.woolworths.itemkafka_poc.model.Item@2d9f7767 
2025-01-07 16:56:36.236  INFO [za.co.woolworths.itemkafka_poc.kafka.producer.ItemProducerService:32] Kafka Published Item Id: 100040656 
2025-01-07 16:56:36.237  INFO [za.co.woolworths.itemkafka_poc.kafka.consumer.ItemConsumerService:37] Kafka Consumed Item Id: 100038674 
2025-01-07 16:56:36.237  INFO [za.co.woolworths.itemkafka_poc.kafka.producer.ItemProducerService:35] Kafka Published Item details: za.co.woolworths.itemkafka_poc.model.Item@21c4ec04 
2025-01-07 16:56:36.237  INFO [za.co.woolworths.itemkafka_poc.kafka.consumer.ItemConsumerService:40] Kafka Consumed Item details: za.co.woolworths.itemkafka_poc.model.Item@649c6d82 
2025-01-07 16:56:36.237  INFO [za.co.woolworths.itemkafka_poc.kafka.producer.ItemProducerService:32] Kafka Published Item Id: 100040664 
2025-01-07 16:56:36.238  INFO [za.co.woolworths.itemkafka_poc.kafka.consumer.ItemConsumerService:37] Kafka Consumed Item Id: 100038682 
2025-01-07 16:56:36.238  INFO [za.co.woolworths.itemkafka_poc.kafka.producer.ItemProducerService:35] Kafka Published Item details: za.co.woolworths.itemkafka_poc.model.Item@67906a27 
2025-01-07 16:56:36.238  INFO [za.co.woolworths.itemkafka_poc.kafka.consumer.ItemConsumerService:40] Kafka Consumed Item details: za.co.woolworths.itemkafka_poc.model.Item@e7aa210 
2025-01-07 16:56:36.239  INFO [za.co.woolworths.itemkafka_poc.kafka.producer.ItemProducerService:32] Kafka Published Item Id: 100040672 
2025-01-07 16:56:36.239  INFO [za.co.woolworths.itemkafka_poc.kafka.producer.ItemProducerService:35] Kafka Published Item details: za.co.woolworths.itemkafka_poc.model.Item@10479f4c 
2025-01-07 16:56:36.240  INFO [za.co.woolworths.itemkafka_poc.kafka.producer.ItemProducerService:32] Kafka Published Item Id: 100040680 
2025-01-07 16:56:36.240  INFO [za.co.woolworths.itemkafka_poc.kafka.producer.ItemProducerService:35] Kafka Published Item details: za.co.woolworths.itemkafka_poc.model.Item@172f4d59 
2025-01-07 16:56:36.241  INFO [za.co.woolworths.itemkafka_poc.kafka.producer.ItemProducerService:32] Kafka Published Item Id: 100041682 
2025-01-07 16:56:36.241  INFO [za.co.woolworths.itemkafka_poc.kafka.producer.ItemProducerService:35] Kafka Published Item details: za.co.woolworths.itemkafka_poc.model.Item@110d2774 
2025-01-07 16:56:36.242  INFO [za.co.woolworths.itemkafka_poc.kafka.producer.ItemProducerService:32] Kafka Published Item Id: 100041690 
2025-01-07 16:56:36.242  INFO [za.co.woolworths.itemkafka_poc.kafka.producer.ItemProducerService:35] Kafka Published Item details: za.co.woolworths.itemkafka_poc.model.Item@7528a620 
2025-01-07 16:56:36.243  INFO [za.co.woolworths.itemkafka_poc.kafka.producer.ItemProducerService:32] Kafka Published Item Id: 100041704 
2025-01-07 16:56:36.243  INFO [za.co.woolworths.itemkafka_poc.kafka.producer.ItemProducerService:35] Kafka Published Item details: za.co.woolworths.itemkafka_poc.model.Item@5939ea36 
2025-01-07 16:56:36.244  INFO [za.co.woolworths.itemkafka_poc.kafka.consumer.ItemConsumerService:37] Kafka Consumed Item Id: 100038690 
2025-01-07 16:56:36.244  INFO [za.co.woolworths.itemkafka_poc.kafka.producer.ItemProducerService:32] Kafka Published Item Id: 100041712 
2025-01-07 16:56:36.244  INFO [za.co.woolworths.itemkafka_poc.kafka.consumer.ItemConsumerService:40] Kafka Consumed Item details: za.co.woolworths.itemkafka_poc.model.Item@6530e45e 
2025-01-07 16:56:36.244  INFO [za.co.woolworths.itemkafka_poc.kafka.producer.ItemProducerService:35] Kafka Published Item details: za.co.woolworths.itemkafka_poc.model.Item@341131cd 
2025-01-07 16:56:36.245  INFO [za.co.woolworths.itemkafka_poc.kafka.consumer.ItemConsumerService:37] Kafka Consumed Item Id: 100038704 
2025-01-07 16:56:36.245  INFO [za.co.woolworths.itemkafka_poc.kafka.producer.ItemProducerService:32] Kafka Published Item Id: 100042626 
2025-01-07 16:56:36.245  INFO [za.co.woolworths.itemkafka_poc.kafka.consumer.ItemConsumerService:40] Kafka Consumed Item details: za.co.woolworths.itemkafka_poc.model.Item@334293d0 
2025-01-07 16:56:36.245  INFO [za.co.woolworths.itemkafka_poc.kafka.producer.ItemProducerService:35] Kafka Published Item details: za.co.woolworths.itemkafka_poc.model.Item@4cdf96bc 
2025-01-07 16:56:36.246  INFO [za.co.woolworths.itemkafka_poc.kafka.consumer.ItemConsumerService:37] Kafka Consumed Item Id: 100038712 
2025-01-07 16:56:36.246  INFO [za.co.woolworths.itemkafka_poc.kafka.producer.ItemProducerService:32] Kafka Published Item Id: 100042634 
2025-01-07 16:56:36.246  INFO [za.co.woolworths.itemkafka_poc.kafka.consumer.ItemConsumerService:40] Kafka Consumed Item details: za.co.woolworths.itemkafka_poc.model.Item@34350847 
2025-01-07 16:56:36.246  INFO [za.co.woolworths.itemkafka_poc.kafka.producer.ItemProducerService:35] Kafka Published Item details: za.co.woolworths.itemkafka_poc.model.Item@7cf620a1 
2025-01-07 16:56:36.247  INFO [za.co.woolworths.itemkafka_poc.kafka.consumer.ItemConsumerService:37] Kafka Consumed Item Id: 100038720 
2025-01-07 16:56:36.247  INFO [za.co.woolworths.itemkafka_poc.kafka.producer.ItemProducerService:32] Kafka Published Item Id: 100042642 
2025-01-07 16:56:36.247  INFO [za.co.woolworths.itemkafka_poc.kafka.consumer.ItemConsumerService:40] Kafka Consumed Item details: za.co.woolworths.itemkafka_poc.model.Item@6f0446f3 
2025-01-07 16:56:36.247  INFO [za.co.woolworths.itemkafka_poc.kafka.producer.ItemProducerService:35] Kafka Published Item details: za.co.woolworths.itemkafka_poc.model.Item@6a881d53 
2025-01-07 16:56:36.248  INFO [za.co.woolworths.itemkafka_poc.kafka.consumer.ItemConsumerService:37] Kafka Consumed Item Id: 100038738 
2025-01-07 16:56:36.248  INFO [za.co.woolworths.itemkafka_poc.kafka.consumer.ItemConsumerService:40] Kafka Consumed Item details: za.co.woolworths.itemkafka_poc.model.Item@d744d59 
2025-01-07 16:56:36.248  INFO [za.co.woolworths.itemkafka_poc.kafka.producer.ItemProducerService:32] Kafka Published Item Id: 100042668 
2025-01-07 16:56:36.248  INFO [za.co.woolworths.itemkafka_poc.kafka.producer.ItemProducerService:35] Kafka Published Item details: za.co.woolworths.itemkafka_poc.model.Item@572ad696 
2025-01-07 16:56:36.249  INFO [za.co.woolworths.itemkafka_poc.kafka.consumer.ItemConsumerService:37] Kafka Consumed Item Id: 100038746 
2025-01-07 16:56:36.249  INFO [za.co.woolworths.itemkafka_poc.kafka.consumer.ItemConsumerService:40] Kafka Consumed Item details: za.co.woolworths.itemkafka_poc.model.Item@2a0f8334 
2025-01-07 16:56:36.249  INFO [za.co.woolworths.itemkafka_poc.kafka.producer.ItemProducerService:32] Kafka Published Item Id: 100042676 
2025-01-07 16:56:36.249  INFO [za.co.woolworths.itemkafka_poc.kafka.producer.ItemProducerService:35] Kafka Published Item details: za.co.woolworths.itemkafka_poc.model.Item@67f0c0b9 
2025-01-07 16:56:36.250  INFO [za.co.woolworths.itemkafka_poc.kafka.consumer.ItemConsumerService:37] Kafka Consumed Item Id: 100038762 
2025-01-07 16:56:36.250  INFO [za.co.woolworths.itemkafka_poc.kafka.consumer.ItemConsumerService:40] Kafka Consumed Item details: za.co.woolworths.itemkafka_poc.model.Item@36e4d102 
2025-01-07 16:56:36.250  INFO [za.co.woolworths.itemkafka_poc.kafka.producer.ItemProducerService:32] Kafka Published Item Id: 100042684 
2025-01-07 16:56:36.250  INFO [za.co.woolworths.itemkafka_poc.kafka.consumer.ItemConsumerService:37] Kafka Consumed Item Id: 100038788 
2025-01-07 16:56:36.250  INFO [za.co.woolworths.itemkafka_poc.kafka.producer.ItemProducerService:35] Kafka Published Item details: za.co.woolworths.itemkafka_poc.model.Item@2ace07ce 
2025-01-07 16:56:36.251  INFO [za.co.woolworths.itemkafka_poc.kafka.consumer.ItemConsumerService:40] Kafka Consumed Item details: za.co.woolworths.itemkafka_poc.model.Item@7b9a3af3 
2025-01-07 16:56:36.251  INFO [za.co.woolworths.itemkafka_poc.kafka.producer.ItemProducerService:32] Kafka Published Item Id: 100042692 
2025-01-07 16:56:36.251  INFO [za.co.woolworths.itemkafka_poc.kafka.consumer.ItemConsumerService:37] Kafka Consumed Item Id: 100038796 
2025-01-07 16:56:36.251  INFO [za.co.woolworths.itemkafka_poc.kafka.producer.ItemProducerService:35] Kafka Published Item details: za.co.woolworths.itemkafka_poc.model.Item@86e541 
2025-01-07 16:56:36.252  INFO [za.co.woolworths.itemkafka_poc.kafka.consumer.ItemConsumerService:40] Kafka Consumed Item details: za.co.woolworths.itemkafka_poc.model.Item@542bae5c 
2025-01-07 16:56:36.252  INFO [za.co.woolworths.itemkafka_poc.kafka.producer.ItemProducerService:32] Kafka Published Item Id: 100044620 
2025-01-07 16:56:36.252  INFO [za.co.woolworths.itemkafka_poc.kafka.consumer.ItemConsumerService:37] Kafka Consumed Item Id: 100038800 
2025-01-07 16:56:36.252  INFO [za.co.woolworths.itemkafka_poc.kafka.producer.ItemProducerService:35] Kafka Published Item details: za.co.woolworths.itemkafka_poc.model.Item@1191da1 
2025-01-07 16:56:36.253  INFO [za.co.woolworths.itemkafka_poc.kafka.consumer.ItemConsumerService:40] Kafka Consumed Item details: za.co.woolworths.itemkafka_poc.model.Item@2eb81ce 
2025-01-07 16:56:36.253  INFO [za.co.woolworths.itemkafka_poc.kafka.producer.ItemProducerService:32] Kafka Published Item Id: 100044638 
2025-01-07 16:56:36.253  INFO [za.co.woolworths.itemkafka_poc.kafka.consumer.ItemConsumerService:37] Kafka Consumed Item Id: 100038818 
2025-01-07 16:56:36.253  INFO [za.co.woolworths.itemkafka_poc.kafka.producer.ItemProducerService:35] Kafka Published Item details: za.co.woolworths.itemkafka_poc.model.Item@608de033 
2025-01-07 16:56:36.254  INFO [za.co.woolworths.itemkafka_poc.kafka.consumer.ItemConsumerService:40] Kafka Consumed Item details: za.co.woolworths.itemkafka_poc.model.Item@12972c50 
2025-01-07 16:56:36.254  INFO [za.co.woolworths.itemkafka_poc.kafka.producer.ItemProducerService:32] Kafka Published Item Id: 100044646 
2025-01-07 16:56:36.254  INFO [za.co.woolworths.itemkafka_poc.kafka.consumer.ItemConsumerService:37] Kafka Consumed Item Id: 100038826 
2025-01-07 16:56:36.254  INFO [za.co.woolworths.itemkafka_poc.kafka.producer.ItemProducerService:35] Kafka Published Item details: za.co.woolworths.itemkafka_poc.model.Item@3a276b9b 
2025-01-07 16:56:36.255  INFO [za.co.woolworths.itemkafka_poc.kafka.consumer.ItemConsumerService:40] Kafka Consumed Item details: za.co.woolworths.itemkafka_poc.model.Item@3870c153 
2025-01-07 16:56:36.255  INFO [za.co.woolworths.itemkafka_poc.kafka.producer.ItemProducerService:32] Kafka Published Item Id: 100044654 
2025-01-07 16:56:36.255  INFO [za.co.woolworths.itemkafka_poc.kafka.consumer.ItemConsumerService:37] Kafka Consumed Item Id: 100038834 
2025-01-07 16:56:36.255  INFO [za.co.woolworths.itemkafka_poc.kafka.producer.ItemProducerService:35] Kafka Published Item details: za.co.woolworths.itemkafka_poc.model.Item@dbc2d73 
2025-01-07 16:56:36.256  INFO [za.co.woolworths.itemkafka_poc.kafka.consumer.ItemConsumerService:40] Kafka Consumed Item details: za.co.woolworths.itemkafka_poc.model.Item@31a0c14f 
2025-01-07 16:56:36.256  INFO [za.co.woolworths.itemkafka_poc.kafka.producer.ItemProducerService:32] Kafka Published Item Id: 100044662 
2025-01-07 16:56:36.256  INFO [za.co.woolworths.itemkafka_poc.kafka.consumer.ItemConsumerService:37] Kafka Consumed Item Id: 100038842 
2025-01-07 16:56:36.256  INFO [za.co.woolworths.itemkafka_poc.kafka.producer.ItemProducerService:35] Kafka Published Item details: za.co.woolworths.itemkafka_poc.model.Item@4481cd70 
2025-01-07 16:56:36.257  INFO [za.co.woolworths.itemkafka_poc.kafka.consumer.ItemConsumerService:40] Kafka Consumed Item details: za.co.woolworths.itemkafka_poc.model.Item@6f1bd344 
2025-01-07 16:56:36.257  INFO [za.co.woolworths.itemkafka_poc.kafka.producer.ItemProducerService:32] Kafka Published Item Id: 100044670 
2025-01-07 16:56:36.257  INFO [za.co.woolworths.itemkafka_poc.kafka.consumer.ItemConsumerService:37] Kafka Consumed Item Id: 100038850 
2025-01-07 16:56:36.257  INFO [za.co.woolworths.itemkafka_poc.kafka.producer.ItemProducerService:35] Kafka Published Item details: za.co.woolworths.itemkafka_poc.model.Item@4b0221ab 
2025-01-07 16:56:36.258  INFO [za.co.woolworths.itemkafka_poc.kafka.consumer.ItemConsumerService:40] Kafka Consumed Item details: za.co.woolworths.itemkafka_poc.model.Item@4445875b 
2025-01-07 16:56:36.258  INFO [za.co.woolworths.itemkafka_poc.kafka.producer.ItemProducerService:32] Kafka Published Item Id: 100044696 
2025-01-07 16:56:36.258  INFO [za.co.woolworths.itemkafka_poc.kafka.consumer.ItemConsumerService:37] Kafka Consumed Item Id: 100038868 
2025-01-07 16:56:36.258  INFO [za.co.woolworths.itemkafka_poc.kafka.producer.ItemProducerService:35] Kafka Published Item details: za.co.woolworths.itemkafka_poc.model.Item@4a78f0e3 
2025-01-07 16:56:36.259  INFO [za.co.woolworths.itemkafka_poc.kafka.consumer.ItemConsumerService:40] Kafka Consumed Item details: za.co.woolworths.itemkafka_poc.model.Item@7a01bcd9 
2025-01-07 16:56:36.259  INFO [za.co.woolworths.itemkafka_poc.kafka.producer.ItemProducerService:32] Kafka Published Item Id: 100044700 
2025-01-07 16:56:36.259  INFO [za.co.woolworths.itemkafka_poc.kafka.consumer.ItemConsumerService:37] Kafka Consumed Item Id: 100038876 
2025-01-07 16:56:36.259  INFO [za.co.woolworths.itemkafka_poc.kafka.producer.ItemProducerService:35] Kafka Published Item details: za.co.woolworths.itemkafka_poc.model.Item@26438b6a 
2025-01-07 16:56:36.260  INFO [za.co.woolworths.itemkafka_poc.kafka.consumer.ItemConsumerService:40] Kafka Consumed Item details: za.co.woolworths.itemkafka_poc.model.Item@4d9cb06f 
2025-01-07 16:56:36.260  INFO [za.co.woolworths.itemkafka_poc.kafka.producer.ItemProducerService:32] Kafka Published Item Id: 100044718 
2025-01-07 16:56:36.260  INFO [za.co.woolworths.itemkafka_poc.kafka.consumer.ItemConsumerService:37] Kafka Consumed Item Id: 100038884 
2025-01-07 16:56:36.260  INFO [za.co.woolworths.itemkafka_poc.kafka.producer.ItemProducerService:35] Kafka Published Item details: za.co.woolworths.itemkafka_poc.model.Item@6c63289f 
2025-01-07 16:56:36.261  INFO [za.co.woolworths.itemkafka_poc.kafka.consumer.ItemConsumerService:40] Kafka Consumed Item details: za.co.woolworths.itemkafka_poc.model.Item@7cacdb6b 
2025-01-07 16:56:36.261  INFO [za.co.woolworths.itemkafka_poc.kafka.producer.ItemProducerService:32] Kafka Published Item Id: 100046624 
2025-01-07 16:56:36.261  INFO [za.co.woolworths.itemkafka_poc.kafka.consumer.ItemConsumerService:37] Kafka Consumed Item Id: 100038892 
2025-01-07 16:56:36.261  INFO [za.co.woolworths.itemkafka_poc.kafka.producer.ItemProducerService:35] Kafka Published Item details: za.co.woolworths.itemkafka_poc.model.Item@36b643c1 
2025-01-07 16:56:36.262  INFO [za.co.woolworths.itemkafka_poc.kafka.consumer.ItemConsumerService:40] Kafka Consumed Item details: za.co.woolworths.itemkafka_poc.model.Item@143bf4fa 
2025-01-07 16:56:36.262  INFO [za.co.woolworths.itemkafka_poc.kafka.consumer.ItemConsumerService:37] Kafka Consumed Item Id: 100038906 
2025-01-07 16:56:36.262  INFO [za.co.woolworths.itemkafka_poc.kafka.producer.ItemProducerService:32] Kafka Published Item Id: 100046632 
2025-01-07 16:56:36.262  INFO [za.co.woolworths.itemkafka_poc.kafka.consumer.ItemConsumerService:40] Kafka Consumed Item details: za.co.woolworths.itemkafka_poc.model.Item@632b75d0 
2025-01-07 16:56:36.263  INFO [za.co.woolworths.itemkafka_poc.kafka.producer.ItemProducerService:35] Kafka Published Item details: za.co.woolworths.itemkafka_poc.model.Item@3b44521c 
2025-01-07 16:56:36.263  INFO [za.co.woolworths.itemkafka_poc.kafka.consumer.ItemConsumerService:37] Kafka Consumed Item Id: 100038914 
2025-01-07 16:56:36.263  INFO [za.co.woolworths.itemkafka_poc.kafka.consumer.ItemConsumerService:40] Kafka Consumed Item details: za.co.woolworths.itemkafka_poc.model.Item@4b1cae12 
2025-01-07 16:56:36.264  INFO [za.co.woolworths.itemkafka_poc.kafka.consumer.ItemConsumerService:37] Kafka Consumed Item Id: 100038922 
2025-01-07 16:56:36.264  INFO [za.co.woolworths.itemkafka_poc.kafka.consumer.ItemConsumerService:40] Kafka Consumed Item details: za.co.woolworths.itemkafka_poc.model.Item@51715399 
2025-01-07 16:56:36.264  INFO [za.co.woolworths.itemkafka_poc.kafka.consumer.ItemConsumerService:37] Kafka Consumed Item Id: 100038930 
2025-01-07 16:56:36.264  INFO [za.co.woolworths.itemkafka_poc.kafka.consumer.ItemConsumerService:40] Kafka Consumed Item details: za.co.woolworths.itemkafka_poc.model.Item@1aa6e169 
2025-01-07 16:56:36.265  INFO [za.co.woolworths.itemkafka_poc.kafka.consumer.ItemConsumerService:37] Kafka Consumed Item Id: 100039626 
2025-01-07 16:56:36.265  INFO [za.co.woolworths.itemkafka_poc.kafka.consumer.ItemConsumerService:40] Kafka Consumed Item details: za.co.woolworths.itemkafka_poc.model.Item@221b9218 
2025-01-07 16:56:36.266  INFO [za.co.woolworths.itemkafka_poc.kafka.consumer.ItemConsumerService:37] Kafka Consumed Item Id: 100039650 
2025-01-07 16:56:36.266  INFO [za.co.woolworths.itemkafka_poc.kafka.consumer.ItemConsumerService:40] Kafka Consumed Item details: za.co.woolworths.itemkafka_poc.model.Item@cd9c477 
2025-01-07 16:56:36.266  INFO [za.co.woolworths.itemkafka_poc.kafka.consumer.ItemConsumerService:37] Kafka Consumed Item Id: 100039684 
2025-01-07 16:56:36.267  INFO [za.co.woolworths.itemkafka_poc.kafka.consumer.ItemConsumerService:40] Kafka Consumed Item details: za.co.woolworths.itemkafka_poc.model.Item@57efa3ee 
2025-01-07 16:56:36.267  INFO [za.co.woolworths.itemkafka_poc.kafka.consumer.ItemConsumerService:37] Kafka Consumed Item Id: 100039692 
2025-01-07 16:56:36.267  INFO [za.co.woolworths.itemkafka_poc.kafka.consumer.ItemConsumerService:40] Kafka Consumed Item details: za.co.woolworths.itemkafka_poc.model.Item@7a6fadd3 
2025-01-07 16:56:36.268  INFO [za.co.woolworths.itemkafka_poc.kafka.consumer.ItemConsumerService:37] Kafka Consumed Item Id: 100039706 
2025-01-07 16:56:36.268  INFO [za.co.woolworths.itemkafka_poc.kafka.consumer.ItemConsumerService:40] Kafka Consumed Item details: za.co.woolworths.itemkafka_poc.model.Item@41a7bd4 
2025-01-07 16:56:36.269  INFO [za.co.woolworths.itemkafka_poc.kafka.consumer.ItemConsumerService:37] Kafka Consumed Item Id: 100039714 
2025-01-07 16:56:36.269  INFO [za.co.woolworths.itemkafka_poc.kafka.consumer.ItemConsumerService:40] Kafka Consumed Item details: za.co.woolworths.itemkafka_poc.model.Item@46a2ed5c 
2025-01-07 16:56:36.269  INFO [za.co.woolworths.itemkafka_poc.kafka.consumer.ItemConsumerService:37] Kafka Consumed Item Id: 100039722 
2025-01-07 16:56:36.270  INFO [za.co.woolworths.itemkafka_poc.kafka.consumer.ItemConsumerService:40] Kafka Consumed Item details: za.co.woolworths.itemkafka_poc.model.Item@6c78d6b5 
2025-01-07 16:56:36.270  INFO [za.co.woolworths.itemkafka_poc.kafka.consumer.ItemConsumerService:37] Kafka Consumed Item Id: 100039730 
2025-01-07 16:56:36.271  INFO [za.co.woolworths.itemkafka_poc.kafka.consumer.ItemConsumerService:40] Kafka Consumed Item details: za.co.woolworths.itemkafka_poc.model.Item@6b7effdc 
2025-01-07 16:56:36.271 DEBUG [org.springframework.web.servlet.mvc.method.annotation.RequestResponseBodyMethodProcessor:268] Using 'application/text', given [application/text] and supported [application/text] 
2025-01-07 16:56:36.271  INFO [za.co.woolworths.itemkafka_poc.kafka.consumer.ItemConsumerService:37] Kafka Consumed Item Id: 100039756 
2025-01-07 16:56:36.272  INFO [za.co.woolworths.itemkafka_poc.kafka.consumer.ItemConsumerService:40] Kafka Consumed Item details: za.co.woolworths.itemkafka_poc.model.Item@3cedfdbc 
2025-01-07 16:56:36.272 DEBUG [org.springframework.web.servlet.mvc.method.annotation.RequestResponseBodyMethodProcessor:119] Writing ["Items sent to Kafka Topic successfully!"] 
2025-01-07 16:56:36.272  INFO [za.co.woolworths.itemkafka_poc.kafka.consumer.ItemConsumerService:37] Kafka Consumed Item Id: 100039764 
2025-01-07 16:56:36.272  INFO [za.co.woolworths.itemkafka_poc.kafka.consumer.ItemConsumerService:40] Kafka Consumed Item details: za.co.woolworths.itemkafka_poc.model.Item@6df42f70 
2025-01-07 16:56:36.276  INFO [za.co.woolworths.itemkafka_poc.kafka.consumer.ItemConsumerService:37] Kafka Consumed Item Id: 100039772 
2025-01-07 16:56:36.277  INFO [za.co.woolworths.itemkafka_poc.kafka.consumer.ItemConsumerService:40] Kafka Consumed Item details: za.co.woolworths.itemkafka_poc.model.Item@47139105 
2025-01-07 16:56:36.277  INFO [za.co.woolworths.itemkafka_poc.kafka.consumer.ItemConsumerService:37] Kafka Consumed Item Id: 100039780 
2025-01-07 16:56:36.277  INFO [za.co.woolworths.itemkafka_poc.kafka.consumer.ItemConsumerService:40] Kafka Consumed Item details: za.co.woolworths.itemkafka_poc.model.Item@5b8f0624 
2025-01-07 16:56:36.277  INFO [za.co.woolworths.itemkafka_poc.kafka.consumer.ItemConsumerService:37] Kafka Consumed Item Id: 100040622 
2025-01-07 16:56:36.277  INFO [za.co.woolworths.itemkafka_poc.kafka.consumer.ItemConsumerService:40] Kafka Consumed Item details: za.co.woolworths.itemkafka_poc.model.Item@85c10f4 
2025-01-07 16:56:36.278  INFO [za.co.woolworths.itemkafka_poc.kafka.consumer.ItemConsumerService:37] Kafka Consumed Item Id: 100040630 
2025-01-07 16:56:36.278  INFO [za.co.woolworths.itemkafka_poc.kafka.consumer.ItemConsumerService:40] Kafka Consumed Item details: za.co.woolworths.itemkafka_poc.model.Item@441f2120 
2025-01-07 16:56:36.278  INFO [za.co.woolworths.itemkafka_poc.kafka.consumer.ItemConsumerService:37] Kafka Consumed Item Id: 100040648 
2025-01-07 16:56:36.278  INFO [za.co.woolworths.itemkafka_poc.kafka.consumer.ItemConsumerService:40] Kafka Consumed Item details: za.co.woolworths.itemkafka_poc.model.Item@1f5f0b1f 
2025-01-07 16:56:36.278  INFO [za.co.woolworths.itemkafka_poc.kafka.consumer.ItemConsumerService:37] Kafka Consumed Item Id: 100040656 
2025-01-07 16:56:36.278  INFO [za.co.woolworths.itemkafka_poc.kafka.consumer.ItemConsumerService:40] Kafka Consumed Item details: za.co.woolworths.itemkafka_poc.model.Item@3cc280f6 
2025-01-07 16:56:36.278  INFO [za.co.woolworths.itemkafka_poc.kafka.consumer.ItemConsumerService:37] Kafka Consumed Item Id: 100040664 
2025-01-07 16:56:36.279  INFO [za.co.woolworths.itemkafka_poc.kafka.consumer.ItemConsumerService:40] Kafka Consumed Item details: za.co.woolworths.itemkafka_poc.model.Item@5471fc2a 
2025-01-07 16:56:36.279  INFO [za.co.woolworths.itemkafka_poc.kafka.consumer.ItemConsumerService:37] Kafka Consumed Item Id: 100040672 
2025-01-07 16:56:36.279  INFO [za.co.woolworths.itemkafka_poc.kafka.consumer.ItemConsumerService:40] Kafka Consumed Item details: za.co.woolworths.itemkafka_poc.model.Item@69dad1a5 
2025-01-07 16:56:36.279  INFO [za.co.woolworths.itemkafka_poc.kafka.consumer.ItemConsumerService:37] Kafka Consumed Item Id: 100040680 
2025-01-07 16:56:36.279  INFO [za.co.woolworths.itemkafka_poc.kafka.consumer.ItemConsumerService:40] Kafka Consumed Item details: za.co.woolworths.itemkafka_poc.model.Item@eba2872 
2025-01-07 16:56:36.279  INFO [za.co.woolworths.itemkafka_poc.kafka.consumer.ItemConsumerService:37] Kafka Consumed Item Id: 100041682 
2025-01-07 16:56:36.279  INFO [za.co.woolworths.itemkafka_poc.kafka.consumer.ItemConsumerService:40] Kafka Consumed Item details: za.co.woolworths.itemkafka_poc.model.Item@26d7dc63 
2025-01-07 16:56:36.280  INFO [za.co.woolworths.itemkafka_poc.kafka.consumer.ItemConsumerService:37] Kafka Consumed Item Id: 100041690 
2025-01-07 16:56:36.280  INFO [za.co.woolworths.itemkafka_poc.kafka.consumer.ItemConsumerService:40] Kafka Consumed Item details: za.co.woolworths.itemkafka_poc.model.Item@7d1cf43f 
2025-01-07 16:56:36.280  INFO [za.co.woolworths.itemkafka_poc.kafka.consumer.ItemConsumerService:37] Kafka Consumed Item Id: 100041704 
2025-01-07 16:56:36.280  INFO [za.co.woolworths.itemkafka_poc.kafka.consumer.ItemConsumerService:40] Kafka Consumed Item details: za.co.woolworths.itemkafka_poc.model.Item@42f445c0 
2025-01-07 16:56:36.280  INFO [za.co.woolworths.itemkafka_poc.kafka.consumer.ItemConsumerService:37] Kafka Consumed Item Id: 100041712 
2025-01-07 16:56:36.280  INFO [za.co.woolworths.itemkafka_poc.kafka.consumer.ItemConsumerService:40] Kafka Consumed Item details: za.co.woolworths.itemkafka_poc.model.Item@1dd20c54 
2025-01-07 16:56:36.281  INFO [za.co.woolworths.itemkafka_poc.kafka.consumer.ItemConsumerService:37] Kafka Consumed Item Id: 100042626 
2025-01-07 16:56:36.281  INFO [za.co.woolworths.itemkafka_poc.kafka.consumer.ItemConsumerService:40] Kafka Consumed Item details: za.co.woolworths.itemkafka_poc.model.Item@5feef49 
2025-01-07 16:56:36.281  INFO [za.co.woolworths.itemkafka_poc.kafka.consumer.ItemConsumerService:37] Kafka Consumed Item Id: 100042634 
2025-01-07 16:56:36.281  INFO [za.co.woolworths.itemkafka_poc.kafka.consumer.ItemConsumerService:40] Kafka Consumed Item details: za.co.woolworths.itemkafka_poc.model.Item@1f594ec5 
2025-01-07 16:56:36.281  INFO [za.co.woolworths.itemkafka_poc.kafka.consumer.ItemConsumerService:37] Kafka Consumed Item Id: 100042642 
2025-01-07 16:56:36.281  INFO [za.co.woolworths.itemkafka_poc.kafka.consumer.ItemConsumerService:40] Kafka Consumed Item details: za.co.woolworths.itemkafka_poc.model.Item@7f63c2ab 
2025-01-07 16:56:36.282  INFO [za.co.woolworths.itemkafka_poc.kafka.consumer.ItemConsumerService:37] Kafka Consumed Item Id: 100042668 
2025-01-07 16:56:36.282  INFO [za.co.woolworths.itemkafka_poc.kafka.consumer.ItemConsumerService:40] Kafka Consumed Item details: za.co.woolworths.itemkafka_poc.model.Item@72ded1bf 
2025-01-07 16:56:36.282 DEBUG [org.springframework.web.servlet.DispatcherServlet:1131] Completed 200 OK 
2025-01-07 16:56:36.282  INFO [za.co.woolworths.itemkafka_poc.kafka.consumer.ItemConsumerService:37] Kafka Consumed Item Id: 100042676 
2025-01-07 16:56:36.282  INFO [za.co.woolworths.itemkafka_poc.kafka.consumer.ItemConsumerService:40] Kafka Consumed Item details: za.co.woolworths.itemkafka_poc.model.Item@28fc0a 
2025-01-07 16:56:36.283  INFO [za.co.woolworths.itemkafka_poc.kafka.consumer.ItemConsumerService:37] Kafka Consumed Item Id: 100042684 
2025-01-07 16:56:36.283  INFO [za.co.woolworths.itemkafka_poc.kafka.consumer.ItemConsumerService:40] Kafka Consumed Item details: za.co.woolworths.itemkafka_poc.model.Item@5552b5ac 
2025-01-07 16:56:36.284  INFO [za.co.woolworths.itemkafka_poc.kafka.consumer.ItemConsumerService:37] Kafka Consumed Item Id: 100042692 
2025-01-07 16:56:36.284  INFO [za.co.woolworths.itemkafka_poc.kafka.consumer.ItemConsumerService:40] Kafka Consumed Item details: za.co.woolworths.itemkafka_poc.model.Item@34455337 
2025-01-07 16:56:36.285  INFO [za.co.woolworths.itemkafka_poc.kafka.consumer.ItemConsumerService:37] Kafka Consumed Item Id: 100044620 
2025-01-07 16:56:36.285  INFO [za.co.woolworths.itemkafka_poc.kafka.consumer.ItemConsumerService:40] Kafka Consumed Item details: za.co.woolworths.itemkafka_poc.model.Item@30922f29 
2025-01-07 16:56:36.285  INFO [za.co.woolworths.itemkafka_poc.kafka.consumer.ItemConsumerService:37] Kafka Consumed Item Id: 100044638 
2025-01-07 16:56:36.286  INFO [za.co.woolworths.itemkafka_poc.kafka.consumer.ItemConsumerService:40] Kafka Consumed Item details: za.co.woolworths.itemkafka_poc.model.Item@771d5d9d 
2025-01-07 16:56:36.286  INFO [za.co.woolworths.itemkafka_poc.kafka.consumer.ItemConsumerService:37] Kafka Consumed Item Id: 100044646 
2025-01-07 16:56:36.286  INFO [za.co.woolworths.itemkafka_poc.kafka.consumer.ItemConsumerService:40] Kafka Consumed Item details: za.co.woolworths.itemkafka_poc.model.Item@37226907 
2025-01-07 16:56:36.286  INFO [za.co.woolworths.itemkafka_poc.kafka.consumer.ItemConsumerService:37] Kafka Consumed Item Id: 100044654 
2025-01-07 16:56:36.286  INFO [za.co.woolworths.itemkafka_poc.kafka.consumer.ItemConsumerService:40] Kafka Consumed Item details: za.co.woolworths.itemkafka_poc.model.Item@29e0583f 
2025-01-07 16:56:36.286  INFO [za.co.woolworths.itemkafka_poc.kafka.consumer.ItemConsumerService:37] Kafka Consumed Item Id: 100044662 
2025-01-07 16:56:36.287  INFO [za.co.woolworths.itemkafka_poc.kafka.consumer.ItemConsumerService:40] Kafka Consumed Item details: za.co.woolworths.itemkafka_poc.model.Item@82ad14d 
2025-01-07 16:56:36.287  INFO [za.co.woolworths.itemkafka_poc.kafka.consumer.ItemConsumerService:37] Kafka Consumed Item Id: 100044670 
2025-01-07 16:56:36.287  INFO [za.co.woolworths.itemkafka_poc.kafka.consumer.ItemConsumerService:40] Kafka Consumed Item details: za.co.woolworths.itemkafka_poc.model.Item@15c69460 
2025-01-07 16:56:36.287  INFO [za.co.woolworths.itemkafka_poc.kafka.consumer.ItemConsumerService:37] Kafka Consumed Item Id: 100044696 
2025-01-07 16:56:36.287  INFO [za.co.woolworths.itemkafka_poc.kafka.consumer.ItemConsumerService:40] Kafka Consumed Item details: za.co.woolworths.itemkafka_poc.model.Item@3188ad8e 
2025-01-07 16:56:36.287  INFO [za.co.woolworths.itemkafka_poc.kafka.consumer.ItemConsumerService:37] Kafka Consumed Item Id: 100044700 
2025-01-07 16:56:36.288  INFO [za.co.woolworths.itemkafka_poc.kafka.consumer.ItemConsumerService:40] Kafka Consumed Item details: za.co.woolworths.itemkafka_poc.model.Item@1a822a20 
2025-01-07 16:56:36.288  INFO [za.co.woolworths.itemkafka_poc.kafka.consumer.ItemConsumerService:37] Kafka Consumed Item Id: 100044718 
2025-01-07 16:56:36.288  INFO [za.co.woolworths.itemkafka_poc.kafka.consumer.ItemConsumerService:40] Kafka Consumed Item details: za.co.woolworths.itemkafka_poc.model.Item@447c3084 
2025-01-07 16:56:36.288  INFO [za.co.woolworths.itemkafka_poc.kafka.consumer.ItemConsumerService:37] Kafka Consumed Item Id: 100046624 
2025-01-07 16:56:36.288  INFO [za.co.woolworths.itemkafka_poc.kafka.consumer.ItemConsumerService:40] Kafka Consumed Item details: za.co.woolworths.itemkafka_poc.model.Item@6538c9ff 
2025-01-07 16:56:36.288  INFO [za.co.woolworths.itemkafka_poc.kafka.consumer.ItemConsumerService:37] Kafka Consumed Item Id: 100046632 
2025-01-07 16:56:36.289  INFO [za.co.woolworths.itemkafka_poc.kafka.consumer.ItemConsumerService:40] Kafka Consumed Item details: za.co.woolworths.itemkafka_poc.model.Item@11a8fc0b 
2025-01-07 16:56:45.697  INFO [org.apache.kafka.clients.consumer.internals.ConsumerCoordinator:310] [Consumer clientId=consumer-item_group-1, groupId=item_group] Revoke previously assigned partitions Item_Topic-0 
2025-01-07 16:56:45.697  INFO [org.springframework.kafka.listener.KafkaMessageListenerContainer:292] item_group: partitions revoked: [Item_Topic-0] 
2025-01-07 16:56:45.697  INFO [org.apache.kafka.clients.consumer.internals.ConsumerCoordinator:1060] [Consumer clientId=consumer-item_group-1, groupId=item_group] Member consumer-item_group-1-6fee03b2-b56e-4d9a-9005-10c075c09ce8 sending LeaveGroup request to coordinator localhost:9092 (id: 2147483647 rack: null) due to the consumer unsubscribed from all topics 
2025-01-07 16:56:45.698  INFO [org.apache.kafka.clients.consumer.internals.ConsumerCoordinator:972] [Consumer clientId=consumer-item_group-1, groupId=item_group] Resetting generation due to: consumer pro-actively leaving the group 
2025-01-07 16:56:45.698  INFO [org.apache.kafka.clients.consumer.internals.ConsumerCoordinator:1000] [Consumer clientId=consumer-item_group-1, groupId=item_group] Request joining group due to: consumer pro-actively leaving the group 
2025-01-07 16:56:45.698  INFO [org.apache.kafka.clients.consumer.KafkaConsumer:1075] [Consumer clientId=consumer-item_group-1, groupId=item_group] Unsubscribed all topics or patterns and assigned partitions 
2025-01-07 16:56:45.699  INFO [org.apache.kafka.clients.consumer.internals.ConsumerCoordinator:972] [Consumer clientId=consumer-item_group-1, groupId=item_group] Resetting generation due to: consumer pro-actively leaving the group 
2025-01-07 16:56:45.699  INFO [org.apache.kafka.clients.consumer.internals.ConsumerCoordinator:1000] [Consumer clientId=consumer-item_group-1, groupId=item_group] Request joining group due to: consumer pro-actively leaving the group 
2025-01-07 16:56:45.703  INFO [org.apache.kafka.common.metrics.Metrics:659] Metrics scheduler closed 
2025-01-07 16:56:45.703  INFO [org.apache.kafka.common.metrics.Metrics:663] Closing reporter org.apache.kafka.common.metrics.JmxReporter 
2025-01-07 16:56:45.704  INFO [org.apache.kafka.common.metrics.Metrics:669] Metrics reporters closed 
2025-01-07 16:56:45.706  INFO [org.apache.kafka.common.utils.AppInfoParser:83] App info kafka.consumer for consumer-item_group-1 unregistered 
2025-01-07 16:56:45.706  INFO [org.springframework.kafka.listener.KafkaMessageListenerContainer:292] item_group: Consumer stopped 
2025-01-07 16:56:45.709  INFO [org.apache.kafka.clients.producer.KafkaProducer:1249] [Producer clientId=producer-1] Closing the Kafka producer with timeoutMillis = 30000 ms. 
2025-01-07 16:56:45.713  INFO [org.apache.kafka.common.metrics.Metrics:659] Metrics scheduler closed 
2025-01-07 16:56:45.713  INFO [org.apache.kafka.common.metrics.Metrics:663] Closing reporter org.apache.kafka.common.metrics.JmxReporter 
2025-01-07 16:56:45.713  INFO [org.apache.kafka.common.metrics.Metrics:669] Metrics reporters closed 
2025-01-07 16:56:45.713  INFO [org.apache.kafka.common.utils.AppInfoParser:83] App info kafka.producer for producer-1 unregistered 
2025-01-07 16:56:45.715  INFO [org.springframework.orm.jpa.LocalContainerEntityManagerFactoryBean:651] Closing JPA EntityManagerFactory for persistence unit 'default' 
2025-01-07 16:56:45.717  INFO [com.zaxxer.hikari.HikariDataSource:350] HikariPool-1 - Shutdown initiated... 
2025-01-07 16:56:45.719  INFO [com.zaxxer.hikari.HikariDataSource:352] HikariPool-1 - Shutdown completed. 
2025-01-07 16:58:19.690  INFO [za.co.woolworths.itemkafka_poc.KafkaItemProducerPocApplication:55] Starting KafkaItemProducerPocApplication using Java 15.0.2 on W49204302 with PID 25448 (C:\Workspaces\Item-Kafka-Producer-POC\Item-Kafka-Producer-POC\target\classes started by W7178930 in C:\Workspaces\Item-Kafka-Producer-POC\Item-Kafka-Producer-POC) 
2025-01-07 16:58:19.692  INFO [za.co.woolworths.itemkafka_poc.KafkaItemProducerPocApplication:640] The following 2 profiles are active: "swagger", "dev" 
2025-01-07 16:58:20.355  INFO [org.springframework.data.repository.config.RepositoryConfigurationDelegate:132] Bootstrapping Spring Data JPA repositories in DEFAULT mode. 
2025-01-07 16:58:20.406  INFO [org.springframework.data.repository.config.RepositoryConfigurationDelegate:201] Finished Spring Data repository scanning in 42 ms. Found 1 JPA repository interfaces. 
2025-01-07 16:58:21.038  INFO [org.springframework.boot.web.embedded.tomcat.TomcatWebServer:108] Tomcat initialized with port(s): 8081 (http) 
2025-01-07 16:58:21.043  INFO [org.apache.coyote.http11.Http11NioProtocol:173] Initializing ProtocolHandler ["http-nio-8081"] 
2025-01-07 16:58:21.044  INFO [org.apache.catalina.core.StandardService:173] Starting service [Tomcat] 
2025-01-07 16:58:21.044  INFO [org.apache.catalina.core.StandardEngine:173] Starting Servlet engine: [Apache Tomcat/9.0.64] 
2025-01-07 16:58:21.152  INFO [org.apache.catalina.core.ContainerBase.[Tomcat].[localhost].[/]:173] Initializing Spring embedded WebApplicationContext 
2025-01-07 16:58:21.152  INFO [org.springframework.boot.web.servlet.context.ServletWebServerApplicationContext:292] Root WebApplicationContext: initialization completed in 1439 ms 
2025-01-07 16:58:21.489  INFO [com.zaxxer.hikari.HikariDataSource:110] HikariPool-1 - Starting... 
2025-01-07 16:58:22.356  INFO [com.zaxxer.hikari.HikariDataSource:123] HikariPool-1 - Start completed. 
2025-01-07 16:58:22.400  INFO [org.hibernate.jpa.internal.util.LogHelper:31] HHH000204: Processing PersistenceUnitInfo [name: default] 
2025-01-07 16:58:22.443  INFO [org.hibernate.Version:44] HHH000412: Hibernate ORM core version 5.6.9.Final 
2025-01-07 16:58:22.606  INFO [org.hibernate.annotations.common.Version:56] HCANN000001: Hibernate Commons Annotations {5.1.2.Final} 
2025-01-07 16:58:22.675  INFO [org.hibernate.dialect.Dialect:175] HHH000400: Using dialect: org.hibernate.dialect.SQLServer2016Dialect 
2025-01-07 16:58:23.176  INFO [org.hibernate.engine.transaction.jta.platform.internal.JtaPlatformInitiator:52] HHH000490: Using JtaPlatform implementation: [org.hibernate.engine.transaction.jta.platform.internal.NoJtaPlatform] 
2025-01-07 16:58:23.181  INFO [org.springframework.orm.jpa.LocalContainerEntityManagerFactoryBean:437] Initialized JPA EntityManagerFactory for persistence unit 'default' 
2025-01-07 16:58:23.730  WARN [org.springframework.boot.autoconfigure.orm.jpa.JpaBaseConfiguration$JpaWebConfiguration:219] spring.jpa.open-in-view is enabled by default. Therefore, database queries may be performed during view rendering. Explicitly configure spring.jpa.open-in-view to disable this warning 
2025-01-07 16:58:23.842 DEBUG [org.springframework.web.servlet.mvc.method.annotation.RequestMappingHandlerMapping:367] 10 mappings in 'requestMappingHandlerMapping' 
2025-01-07 16:58:24.180 DEBUG [org.springframework.web.servlet.handler.SimpleUrlHandlerMapping:188] Patterns [/agent/swagger-ui*/**] in 'resourceHandlerMapping' 
2025-01-07 16:58:24.235 DEBUG [org.springframework.web.servlet.mvc.method.annotation.RequestMappingHandlerAdapter:625] ControllerAdvice beans: 0 @ModelAttribute, 0 @InitBinder, 1 RequestBodyAdvice, 1 ResponseBodyAdvice 
2025-01-07 16:58:24.283 DEBUG [org.springframework.web.servlet.mvc.method.annotation.ExceptionHandlerExceptionResolver:307] ControllerAdvice beans: 1 @ExceptionHandler, 1 ResponseBodyAdvice 
2025-01-07 16:58:24.712  INFO [org.springframework.boot.actuate.endpoint.web.EndpointLinksResolver:58] Exposing 1 endpoint(s) beneath base path '/actuator' 
2025-01-07 16:58:24.847  INFO [org.apache.kafka.clients.consumer.ConsumerConfig:376] ConsumerConfig values: 
	allow.auto.create.topics = true
	auto.commit.interval.ms = 5000
	auto.offset.reset = latest
	bootstrap.servers = [localhost:9092]
	check.crcs = true
	client.dns.lookup = use_all_dns_ips
	client.id = consumer-item_group-1
	client.rack = 
	connections.max.idle.ms = 540000
	default.api.timeout.ms = 60000
	enable.auto.commit = false
	exclude.internal.topics = true
	fetch.max.bytes = 52428800
	fetch.max.wait.ms = 500
	fetch.min.bytes = 1
	group.id = item_group
	group.instance.id = null
	heartbeat.interval.ms = 3000
	interceptor.classes = []
	internal.leave.group.on.close = true
	internal.throw.on.fetch.stable.offset.unsupported = false
	isolation.level = read_uncommitted
	key.deserializer = class org.apache.kafka.common.serialization.StringDeserializer
	max.partition.fetch.bytes = 1048576
	max.poll.interval.ms = 300000
	max.poll.records = 500
	metadata.max.age.ms = 300000
	metric.reporters = []
	metrics.num.samples = 2
	metrics.recording.level = INFO
	metrics.sample.window.ms = 30000
	partition.assignment.strategy = [class org.apache.kafka.clients.consumer.RangeAssignor, class org.apache.kafka.clients.consumer.CooperativeStickyAssignor]
	receive.buffer.bytes = 65536
	reconnect.backoff.max.ms = 1000
	reconnect.backoff.ms = 50
	request.timeout.ms = 30000
	retry.backoff.ms = 100
	sasl.client.callback.handler.class = null
	sasl.jaas.config = null
	sasl.kerberos.kinit.cmd = /usr/bin/kinit
	sasl.kerberos.min.time.before.relogin = 60000
	sasl.kerberos.service.name = null
	sasl.kerberos.ticket.renew.jitter = 0.05
	sasl.kerberos.ticket.renew.window.factor = 0.8
	sasl.login.callback.handler.class = null
	sasl.login.class = null
	sasl.login.connect.timeout.ms = null
	sasl.login.read.timeout.ms = null
	sasl.login.refresh.buffer.seconds = 300
	sasl.login.refresh.min.period.seconds = 60
	sasl.login.refresh.window.factor = 0.8
	sasl.login.refresh.window.jitter = 0.05
	sasl.login.retry.backoff.max.ms = 10000
	sasl.login.retry.backoff.ms = 100
	sasl.mechanism = GSSAPI
	sasl.oauthbearer.clock.skew.seconds = 30
	sasl.oauthbearer.expected.audience = null
	sasl.oauthbearer.expected.issuer = null
	sasl.oauthbearer.jwks.endpoint.refresh.ms = 3600000
	sasl.oauthbearer.jwks.endpoint.retry.backoff.max.ms = 10000
	sasl.oauthbearer.jwks.endpoint.retry.backoff.ms = 100
	sasl.oauthbearer.jwks.endpoint.url = null
	sasl.oauthbearer.scope.claim.name = scope
	sasl.oauthbearer.sub.claim.name = sub
	sasl.oauthbearer.token.endpoint.url = null
	security.protocol = PLAINTEXT
	security.providers = null
	send.buffer.bytes = 131072
	session.timeout.ms = 45000
	socket.connection.setup.timeout.max.ms = 30000
	socket.connection.setup.timeout.ms = 10000
	ssl.cipher.suites = null
	ssl.enabled.protocols = [TLSv1.2, TLSv1.3]
	ssl.endpoint.identification.algorithm = https
	ssl.engine.factory.class = null
	ssl.key.password = null
	ssl.keymanager.algorithm = SunX509
	ssl.keystore.certificate.chain = null
	ssl.keystore.key = null
	ssl.keystore.location = null
	ssl.keystore.password = null
	ssl.keystore.type = JKS
	ssl.protocol = TLSv1.3
	ssl.provider = null
	ssl.secure.random.implementation = null
	ssl.trustmanager.algorithm = PKIX
	ssl.truststore.certificates = null
	ssl.truststore.location = null
	ssl.truststore.password = null
	ssl.truststore.type = JKS
	value.deserializer = class org.apache.kafka.common.serialization.StringDeserializer
 
2025-01-07 16:58:24.978  INFO [org.apache.kafka.common.utils.AppInfoParser:119] Kafka version: 3.1.1 
2025-01-07 16:58:24.983  INFO [org.apache.kafka.common.utils.AppInfoParser:120] Kafka commitId: 97671528ba54a138 
2025-01-07 16:58:24.984  INFO [org.apache.kafka.common.utils.AppInfoParser:121] Kafka startTimeMs: 1736261904976 
2025-01-07 16:58:25.012  INFO [org.apache.kafka.clients.consumer.KafkaConsumer:966] [Consumer clientId=consumer-item_group-1, groupId=item_group] Subscribed to topic(s): Item_Topic 
2025-01-07 16:58:25.030  INFO [org.apache.coyote.http11.Http11NioProtocol:173] Starting ProtocolHandler ["http-nio-8081"] 
2025-01-07 16:58:25.046  INFO [org.springframework.boot.web.embedded.tomcat.TomcatWebServer:220] Tomcat started on port(s): 8081 (http) with context path '' 
2025-01-07 16:58:25.056  INFO [za.co.woolworths.itemkafka_poc.KafkaItemProducerPocApplication:61] Started KafkaItemProducerPocApplication in 5.671 seconds (JVM running for 5.945) 
2025-01-07 16:58:25.338  INFO [org.apache.kafka.clients.Metadata:402] [Consumer clientId=consumer-item_group-1, groupId=item_group] Resetting the last seen epoch of partition Item_Topic-0 to 0 since the associated topicId changed from null to lncACV4PTO-QzmY7TGKExg 
2025-01-07 16:58:25.340  INFO [org.apache.kafka.clients.Metadata:287] [Consumer clientId=consumer-item_group-1, groupId=item_group] Cluster ID: IdFmegt5SVqKpmFnoQXPDA 
2025-01-07 16:58:25.342  INFO [org.apache.kafka.clients.consumer.internals.ConsumerCoordinator:853] [Consumer clientId=consumer-item_group-1, groupId=item_group] Discovered group coordinator localhost:9092 (id: 2147483647 rack: null) 
2025-01-07 16:58:25.344  INFO [org.apache.kafka.clients.consumer.internals.ConsumerCoordinator:535] [Consumer clientId=consumer-item_group-1, groupId=item_group] (Re-)joining group 
2025-01-07 16:58:25.357  INFO [org.apache.kafka.clients.consumer.internals.ConsumerCoordinator:1000] [Consumer clientId=consumer-item_group-1, groupId=item_group] Request joining group due to: need to re-join with the given member-id 
2025-01-07 16:58:25.358  INFO [org.apache.kafka.clients.consumer.internals.ConsumerCoordinator:535] [Consumer clientId=consumer-item_group-1, groupId=item_group] (Re-)joining group 
2025-01-07 16:58:25.362  INFO [org.apache.kafka.clients.consumer.internals.ConsumerCoordinator:595] [Consumer clientId=consumer-item_group-1, groupId=item_group] Successfully joined group with generation Generation{generationId=35, memberId='consumer-item_group-1-77911871-963b-4960-a66f-ba931d1a99ed', protocol='range'} 
2025-01-07 16:58:25.364  INFO [org.apache.kafka.clients.consumer.internals.ConsumerCoordinator:654] [Consumer clientId=consumer-item_group-1, groupId=item_group] Finished assignment for group at generation 35: {consumer-item_group-1-77911871-963b-4960-a66f-ba931d1a99ed=Assignment(partitions=[Item_Topic-0])} 
2025-01-07 16:58:25.369  INFO [org.apache.kafka.clients.consumer.internals.ConsumerCoordinator:761] [Consumer clientId=consumer-item_group-1, groupId=item_group] Successfully synced group in generation Generation{generationId=35, memberId='consumer-item_group-1-77911871-963b-4960-a66f-ba931d1a99ed', protocol='range'} 
2025-01-07 16:58:25.370  INFO [org.apache.kafka.clients.consumer.internals.ConsumerCoordinator:279] [Consumer clientId=consumer-item_group-1, groupId=item_group] Notifying assignor about the new Assignment(partitions=[Item_Topic-0]) 
2025-01-07 16:58:25.372  INFO [org.apache.kafka.clients.consumer.internals.ConsumerCoordinator:291] [Consumer clientId=consumer-item_group-1, groupId=item_group] Adding newly assigned partitions: Item_Topic-0 
2025-01-07 16:58:25.382  INFO [org.apache.kafka.clients.consumer.internals.ConsumerCoordinator:846] [Consumer clientId=consumer-item_group-1, groupId=item_group] Setting offset for partition Item_Topic-0 to the committed offset FetchPosition{offset=1366, offsetEpoch=Optional.empty, currentLeader=LeaderAndEpoch{leader=Optional[localhost:9092 (id: 0 rack: null)], epoch=0}} 
2025-01-07 16:58:25.383  INFO [org.springframework.kafka.listener.KafkaMessageListenerContainer:292] item_group: partitions assigned: [Item_Topic-0] 
2025-01-07 16:58:31.398  INFO [org.apache.catalina.core.ContainerBase.[Tomcat].[localhost].[/]:173] Initializing Spring DispatcherServlet 'dispatcherServlet' 
2025-01-07 16:58:31.398  INFO [org.springframework.web.servlet.DispatcherServlet:525] Initializing Servlet 'dispatcherServlet' 
2025-01-07 16:58:31.398 DEBUG [org.springframework.web.servlet.DispatcherServlet:520] Detected StandardServletMultipartResolver 
2025-01-07 16:58:31.399 DEBUG [org.springframework.web.servlet.DispatcherServlet:544] Detected AcceptHeaderLocaleResolver 
2025-01-07 16:58:31.399 DEBUG [org.springframework.web.servlet.DispatcherServlet:569] Detected FixedThemeResolver 
2025-01-07 16:58:31.403 DEBUG [org.springframework.web.servlet.DispatcherServlet:719] Detected org.springframework.web.servlet.view.DefaultRequestToViewNameTranslator@623bdc46 
2025-01-07 16:58:31.404 DEBUG [org.springframework.web.servlet.DispatcherServlet:783] Detected org.springframework.web.servlet.support.SessionFlashMapManager@11c40a65 
2025-01-07 16:58:31.404 DEBUG [org.springframework.web.servlet.DispatcherServlet:542] enableLoggingRequestDetails='false': request parameters and headers will be masked to prevent unsafe logging of potentially sensitive data 
2025-01-07 16:58:31.405  INFO [org.springframework.web.servlet.DispatcherServlet:547] Completed initialization in 7 ms 
2025-01-07 16:58:31.424 DEBUG [org.springframework.web.servlet.DispatcherServlet:119] POST "/item-kafka/app/publish-items/v1", parameters={} 
2025-01-07 16:58:31.431 DEBUG [org.springframework.web.servlet.mvc.method.annotation.RequestMappingHandlerMapping:522] Mapped to za.co.woolworths.itemkafka_poc.controller.ItemProducerController#createItemKafkaTopic() 
2025-01-07 16:58:31.876  INFO [org.apache.kafka.clients.producer.ProducerConfig:376] ProducerConfig values: 
	acks = -1
	batch.size = 16384
	bootstrap.servers = [localhost:9092]
	buffer.memory = 33554432
	client.dns.lookup = use_all_dns_ips
	client.id = producer-1
	compression.type = none
	connections.max.idle.ms = 540000
	delivery.timeout.ms = 120000
	enable.idempotence = true
	interceptor.classes = []
	key.serializer = class org.apache.kafka.common.serialization.StringSerializer
	linger.ms = 0
	max.block.ms = 60000
	max.in.flight.requests.per.connection = 5
	max.request.size = 1048576
	metadata.max.age.ms = 300000
	metadata.max.idle.ms = 300000
	metric.reporters = []
	metrics.num.samples = 2
	metrics.recording.level = INFO
	metrics.sample.window.ms = 30000
	partitioner.class = class org.apache.kafka.clients.producer.internals.DefaultPartitioner
	receive.buffer.bytes = 32768
	reconnect.backoff.max.ms = 1000
	reconnect.backoff.ms = 50
	request.timeout.ms = 120000
	retries = 3
	retry.backoff.ms = 100
	sasl.client.callback.handler.class = null
	sasl.jaas.config = null
	sasl.kerberos.kinit.cmd = /usr/bin/kinit
	sasl.kerberos.min.time.before.relogin = 60000
	sasl.kerberos.service.name = null
	sasl.kerberos.ticket.renew.jitter = 0.05
	sasl.kerberos.ticket.renew.window.factor = 0.8
	sasl.login.callback.handler.class = null
	sasl.login.class = null
	sasl.login.connect.timeout.ms = null
	sasl.login.read.timeout.ms = null
	sasl.login.refresh.buffer.seconds = 300
	sasl.login.refresh.min.period.seconds = 60
	sasl.login.refresh.window.factor = 0.8
	sasl.login.refresh.window.jitter = 0.05
	sasl.login.retry.backoff.max.ms = 10000
	sasl.login.retry.backoff.ms = 100
	sasl.mechanism = GSSAPI
	sasl.oauthbearer.clock.skew.seconds = 30
	sasl.oauthbearer.expected.audience = null
	sasl.oauthbearer.expected.issuer = null
	sasl.oauthbearer.jwks.endpoint.refresh.ms = 3600000
	sasl.oauthbearer.jwks.endpoint.retry.backoff.max.ms = 10000
	sasl.oauthbearer.jwks.endpoint.retry.backoff.ms = 100
	sasl.oauthbearer.jwks.endpoint.url = null
	sasl.oauthbearer.scope.claim.name = scope
	sasl.oauthbearer.sub.claim.name = sub
	sasl.oauthbearer.token.endpoint.url = null
	security.protocol = PLAINTEXT
	security.providers = null
	send.buffer.bytes = 131072
	socket.connection.setup.timeout.max.ms = 30000
	socket.connection.setup.timeout.ms = 10000
	ssl.cipher.suites = null
	ssl.enabled.protocols = [TLSv1.2, TLSv1.3]
	ssl.endpoint.identification.algorithm = https
	ssl.engine.factory.class = null
	ssl.key.password = null
	ssl.keymanager.algorithm = SunX509
	ssl.keystore.certificate.chain = null
	ssl.keystore.key = null
	ssl.keystore.location = null
	ssl.keystore.password = null
	ssl.keystore.type = JKS
	ssl.protocol = TLSv1.3
	ssl.provider = null
	ssl.secure.random.implementation = null
	ssl.trustmanager.algorithm = PKIX
	ssl.truststore.certificates = null
	ssl.truststore.location = null
	ssl.truststore.password = null
	ssl.truststore.type = JKS
	transaction.timeout.ms = 60000
	transactional.id = null
	value.serializer = class org.apache.kafka.common.serialization.StringSerializer
 
2025-01-07 16:58:31.883  INFO [org.apache.kafka.clients.producer.KafkaProducer:572] [Producer clientId=producer-1] Instantiated an idempotent producer. 
2025-01-07 16:58:31.890  INFO [org.apache.kafka.common.utils.AppInfoParser:119] Kafka version: 3.1.1 
2025-01-07 16:58:31.890  INFO [org.apache.kafka.common.utils.AppInfoParser:120] Kafka commitId: 97671528ba54a138 
2025-01-07 16:58:31.891  INFO [org.apache.kafka.common.utils.AppInfoParser:121] Kafka startTimeMs: 1736261911890 
2025-01-07 16:58:31.895  INFO [org.apache.kafka.clients.Metadata:287] [Producer clientId=producer-1] Cluster ID: IdFmegt5SVqKpmFnoQXPDA 
2025-01-07 16:58:31.896  INFO [org.apache.kafka.clients.producer.internals.TransactionManager:554] [Producer clientId=producer-1] ProducerId set to 2002 with epoch 0 
2025-01-07 16:58:31.899  INFO [org.apache.kafka.clients.Metadata:402] [Producer clientId=producer-1] Resetting the last seen epoch of partition Item_Topic-0 to 0 since the associated topicId changed from null to lncACV4PTO-QzmY7TGKExg 
2025-01-07 16:58:31.937 DEBUG [org.springframework.web.servlet.mvc.method.annotation.RequestResponseBodyMethodProcessor:268] Using 'application/text', given [application/text] and supported [application/text] 
2025-01-07 16:58:31.938 DEBUG [org.springframework.web.servlet.mvc.method.annotation.RequestResponseBodyMethodProcessor:119] Writing ["Items sent to Kafka Topic successfully!"] 
2025-01-07 16:58:31.946 DEBUG [org.springframework.web.servlet.DispatcherServlet:1131] Completed 200 OK 
2025-01-07 16:58:51.631  INFO [org.apache.kafka.clients.consumer.internals.ConsumerCoordinator:310] [Consumer clientId=consumer-item_group-1, groupId=item_group] Revoke previously assigned partitions Item_Topic-0 
2025-01-07 16:58:51.632  INFO [org.springframework.kafka.listener.KafkaMessageListenerContainer:292] item_group: partitions revoked: [Item_Topic-0] 
2025-01-07 16:58:51.632  INFO [org.apache.kafka.clients.consumer.internals.ConsumerCoordinator:1060] [Consumer clientId=consumer-item_group-1, groupId=item_group] Member consumer-item_group-1-77911871-963b-4960-a66f-ba931d1a99ed sending LeaveGroup request to coordinator localhost:9092 (id: 2147483647 rack: null) due to the consumer unsubscribed from all topics 
2025-01-07 16:58:51.632  INFO [org.apache.kafka.clients.consumer.internals.ConsumerCoordinator:972] [Consumer clientId=consumer-item_group-1, groupId=item_group] Resetting generation due to: consumer pro-actively leaving the group 
2025-01-07 16:58:51.632  INFO [org.apache.kafka.clients.consumer.internals.ConsumerCoordinator:1000] [Consumer clientId=consumer-item_group-1, groupId=item_group] Request joining group due to: consumer pro-actively leaving the group 
2025-01-07 16:58:51.633  INFO [org.apache.kafka.clients.consumer.KafkaConsumer:1075] [Consumer clientId=consumer-item_group-1, groupId=item_group] Unsubscribed all topics or patterns and assigned partitions 
2025-01-07 16:58:51.633  INFO [org.apache.kafka.clients.consumer.internals.ConsumerCoordinator:972] [Consumer clientId=consumer-item_group-1, groupId=item_group] Resetting generation due to: consumer pro-actively leaving the group 
2025-01-07 16:58:51.633  INFO [org.apache.kafka.clients.consumer.internals.ConsumerCoordinator:1000] [Consumer clientId=consumer-item_group-1, groupId=item_group] Request joining group due to: consumer pro-actively leaving the group 
2025-01-07 16:58:51.639  INFO [org.apache.kafka.common.metrics.Metrics:659] Metrics scheduler closed 
2025-01-07 16:58:51.640  INFO [org.apache.kafka.common.metrics.Metrics:663] Closing reporter org.apache.kafka.common.metrics.JmxReporter 
2025-01-07 16:58:51.640  INFO [org.apache.kafka.common.metrics.Metrics:669] Metrics reporters closed 
2025-01-07 16:58:51.642  INFO [org.apache.kafka.common.utils.AppInfoParser:83] App info kafka.consumer for consumer-item_group-1 unregistered 
2025-01-07 16:58:51.642  INFO [org.springframework.kafka.listener.KafkaMessageListenerContainer:292] item_group: Consumer stopped 
2025-01-07 16:58:51.645  INFO [org.apache.kafka.clients.producer.KafkaProducer:1249] [Producer clientId=producer-1] Closing the Kafka producer with timeoutMillis = 30000 ms. 
2025-01-07 16:58:51.647  INFO [org.apache.kafka.common.metrics.Metrics:659] Metrics scheduler closed 
2025-01-07 16:58:51.647  INFO [org.apache.kafka.common.metrics.Metrics:663] Closing reporter org.apache.kafka.common.metrics.JmxReporter 
2025-01-07 16:58:51.647  INFO [org.apache.kafka.common.metrics.Metrics:669] Metrics reporters closed 
2025-01-07 16:58:51.648  INFO [org.apache.kafka.common.utils.AppInfoParser:83] App info kafka.producer for producer-1 unregistered 
2025-01-07 16:58:51.649  INFO [org.springframework.orm.jpa.LocalContainerEntityManagerFactoryBean:651] Closing JPA EntityManagerFactory for persistence unit 'default' 
2025-01-07 16:58:51.651  INFO [com.zaxxer.hikari.HikariDataSource:350] HikariPool-1 - Shutdown initiated... 
2025-01-07 16:58:51.653  INFO [com.zaxxer.hikari.HikariDataSource:352] HikariPool-1 - Shutdown completed. 
2025-01-07 16:59:18.387  INFO [za.co.woolworths.itemkafka_poc.KafkaItemProducerPocApplication:55] Starting KafkaItemProducerPocApplication using Java 15.0.2 on W49204302 with PID 24532 (C:\Workspaces\Item-Kafka-Producer-POC\Item-Kafka-Producer-POC\target\classes started by W7178930 in C:\Workspaces\Item-Kafka-Producer-POC\Item-Kafka-Producer-POC) 
2025-01-07 16:59:18.389  INFO [za.co.woolworths.itemkafka_poc.KafkaItemProducerPocApplication:640] The following 2 profiles are active: "swagger", "dev" 
2025-01-07 16:59:19.115  INFO [org.springframework.data.repository.config.RepositoryConfigurationDelegate:132] Bootstrapping Spring Data JPA repositories in DEFAULT mode. 
2025-01-07 16:59:19.159  INFO [org.springframework.data.repository.config.RepositoryConfigurationDelegate:201] Finished Spring Data repository scanning in 33 ms. Found 1 JPA repository interfaces. 
2025-01-07 16:59:19.733  INFO [org.springframework.boot.web.embedded.tomcat.TomcatWebServer:108] Tomcat initialized with port(s): 8081 (http) 
2025-01-07 16:59:19.738  INFO [org.apache.coyote.http11.Http11NioProtocol:173] Initializing ProtocolHandler ["http-nio-8081"] 
2025-01-07 16:59:19.739  INFO [org.apache.catalina.core.StandardService:173] Starting service [Tomcat] 
2025-01-07 16:59:19.739  INFO [org.apache.catalina.core.StandardEngine:173] Starting Servlet engine: [Apache Tomcat/9.0.64] 
2025-01-07 16:59:19.843  INFO [org.apache.catalina.core.ContainerBase.[Tomcat].[localhost].[/]:173] Initializing Spring embedded WebApplicationContext 
2025-01-07 16:59:19.844  INFO [org.springframework.boot.web.servlet.context.ServletWebServerApplicationContext:292] Root WebApplicationContext: initialization completed in 1428 ms 
2025-01-07 16:59:20.162  INFO [com.zaxxer.hikari.HikariDataSource:110] HikariPool-1 - Starting... 
