2025-02-14 16:01:03.255  WARN [com.zaxxer.hikari.pool.HikariPool:788] HikariPool-1 - Thread starvation or clock leap detected (housekeeper delta=1m35s786ms120µs500ns). 
2025-02-14 16:01:03.256  INFO [org.apache.kafka.clients.consumer.internals.ConsumerCoordinator:969] [Consumer clientId=consumer-item_group-1, groupId=item_group] Group coordinator W49204302.woolworths.co.za:9092 (id: 2147483647 rack: null) is unavailable or invalid due to cause: session timed out without receiving a heartbeat response. isDisconnected: false. Rediscovery will be attempted. 
2025-02-14 16:01:03.256  INFO [org.apache.kafka.clients.consumer.internals.ConsumerCoordinator:969] [Consumer clientId=consumer-item_group-2, groupId=item_group] Group coordinator W49204302.woolworths.co.za:9092 (id: 2147483647 rack: null) is unavailable or invalid due to cause: session timed out without receiving a heartbeat response. isDisconnected: false. Rediscovery will be attempted. 
2025-02-14 16:01:03.267  INFO [org.apache.kafka.clients.consumer.internals.ConsumerCoordinator:982] [Consumer clientId=consumer-item_group-1, groupId=item_group] Requesting disconnect from last known coordinator W49204302.woolworths.co.za:9092 (id: 2147483647 rack: null) 
2025-02-14 16:01:03.267  INFO [org.apache.kafka.clients.consumer.internals.ConsumerCoordinator:982] [Consumer clientId=consumer-item_group-2, groupId=item_group] Requesting disconnect from last known coordinator W49204302.woolworths.co.za:9092 (id: 2147483647 rack: null) 
2025-02-14 16:01:03.256  INFO [org.apache.kafka.clients.consumer.internals.ConsumerCoordinator:969] [Consumer clientId=consumer-item_group-3, groupId=item_group] Group coordinator W49204302.woolworths.co.za:9092 (id: 2147483647 rack: null) is unavailable or invalid due to cause: session timed out without receiving a heartbeat response. isDisconnected: false. Rediscovery will be attempted. 
2025-02-14 16:01:03.268  INFO [org.apache.kafka.clients.NetworkClient:324] [Consumer clientId=consumer-item_group-1, groupId=item_group] Client requested disconnect from node 2147483647 
2025-02-14 16:01:03.268  INFO [org.apache.kafka.clients.consumer.internals.ConsumerCoordinator:982] [Consumer clientId=consumer-item_group-3, groupId=item_group] Requesting disconnect from last known coordinator W49204302.woolworths.co.za:9092 (id: 2147483647 rack: null) 
2025-02-14 16:01:03.268  INFO [org.apache.kafka.clients.NetworkClient:324] [Consumer clientId=consumer-item_group-2, groupId=item_group] Client requested disconnect from node 2147483647 
2025-02-14 16:01:03.269  INFO [org.apache.kafka.clients.NetworkClient:324] [Consumer clientId=consumer-item_group-3, groupId=item_group] Client requested disconnect from node 2147483647 
2025-02-14 16:01:03.272  INFO [org.apache.kafka.clients.consumer.internals.ConsumerCoordinator:906] [Consumer clientId=consumer-item_group-1, groupId=item_group] Discovered group coordinator W49204302.woolworths.co.za:9092 (id: 2147483647 rack: null) 
2025-02-14 16:01:03.273  INFO [org.apache.kafka.clients.consumer.internals.ConsumerCoordinator:969] [Consumer clientId=consumer-item_group-1, groupId=item_group] Group coordinator W49204302.woolworths.co.za:9092 (id: 2147483647 rack: null) is unavailable or invalid due to cause: coordinator unavailable. isDisconnected: false. Rediscovery will be attempted. 
2025-02-14 16:01:03.273  INFO [org.apache.kafka.clients.consumer.internals.ConsumerCoordinator:982] [Consumer clientId=consumer-item_group-1, groupId=item_group] Requesting disconnect from last known coordinator W49204302.woolworths.co.za:9092 (id: 2147483647 rack: null) 
2025-02-14 16:01:03.276 DEBUG [org.springframework.web.servlet.mvc.method.annotation.HttpEntityMethodProcessor:268] Using 'text/plain', given [*/*] and supported [text/plain, */*, application/json, application/*+json] 
2025-02-14 16:01:03.277  INFO [org.apache.kafka.clients.consumer.internals.ConsumerCoordinator:906] [Consumer clientId=consumer-item_group-3, groupId=item_group] Discovered group coordinator W49204302.woolworths.co.za:9092 (id: 2147483647 rack: null) 
2025-02-14 16:01:03.277  INFO [org.apache.kafka.clients.consumer.internals.ConsumerCoordinator:906] [Consumer clientId=consumer-item_group-2, groupId=item_group] Discovered group coordinator W49204302.woolworths.co.za:9092 (id: 2147483647 rack: null) 
2025-02-14 16:01:03.277  INFO [org.apache.kafka.clients.consumer.internals.ConsumerCoordinator:969] [Consumer clientId=consumer-item_group-3, groupId=item_group] Group coordinator W49204302.woolworths.co.za:9092 (id: 2147483647 rack: null) is unavailable or invalid due to cause: coordinator unavailable. isDisconnected: false. Rediscovery will be attempted. 
2025-02-14 16:01:03.277  INFO [org.apache.kafka.clients.consumer.internals.ConsumerCoordinator:969] [Consumer clientId=consumer-item_group-2, groupId=item_group] Group coordinator W49204302.woolworths.co.za:9092 (id: 2147483647 rack: null) is unavailable or invalid due to cause: coordinator unavailable. isDisconnected: false. Rediscovery will be attempted. 
2025-02-14 16:01:03.278  INFO [org.apache.kafka.clients.consumer.internals.ConsumerCoordinator:982] [Consumer clientId=consumer-item_group-3, groupId=item_group] Requesting disconnect from last known coordinator W49204302.woolworths.co.za:9092 (id: 2147483647 rack: null) 
2025-02-14 16:01:03.278  INFO [org.apache.kafka.clients.consumer.internals.ConsumerCoordinator:982] [Consumer clientId=consumer-item_group-2, groupId=item_group] Requesting disconnect from last known coordinator W49204302.woolworths.co.za:9092 (id: 2147483647 rack: null) 
2025-02-14 16:01:03.278 DEBUG [org.springframework.web.servlet.mvc.method.annotation.HttpEntityMethodProcessor:119] Writing ["Flink Job 1 started successfully."] 
2025-02-14 16:01:03.285 DEBUG [org.springframework.web.servlet.DispatcherServlet:1131] Completed 200 OK 
2025-02-14 16:01:03.378  INFO [org.apache.kafka.clients.consumer.internals.ConsumerCoordinator:906] [Consumer clientId=consumer-item_group-1, groupId=item_group] Discovered group coordinator W49204302.woolworths.co.za:9092 (id: 2147483647 rack: null) 
2025-02-14 16:01:03.385  INFO [org.apache.kafka.clients.consumer.internals.ConsumerCoordinator:1226] [Consumer clientId=consumer-item_group-1, groupId=item_group] Attempt to heartbeat with Generation{generationId=21, memberId='consumer-item_group-1-8b6e06c4-5be1-4898-9e15-376defd07650', protocol='range'} and group instance id Optional.empty failed due to UNKNOWN_MEMBER_ID, resetting generation 
2025-02-14 16:01:03.386  INFO [org.apache.kafka.clients.consumer.internals.ConsumerCoordinator:1025] [Consumer clientId=consumer-item_group-1, groupId=item_group] Resetting generation and member id due to: encountered UNKNOWN_MEMBER_ID from HEARTBEAT response 
2025-02-14 16:01:03.386  INFO [org.apache.kafka.clients.consumer.internals.ConsumerCoordinator:1072] [Consumer clientId=consumer-item_group-1, groupId=item_group] Request joining group due to: encountered UNKNOWN_MEMBER_ID from HEARTBEAT response 
2025-02-14 16:01:03.387  INFO [org.apache.kafka.clients.consumer.internals.ConsumerCoordinator:826] [Consumer clientId=consumer-item_group-1, groupId=item_group] Giving away all assigned partitions as lost since generation/memberID has been reset,indicating that consumer is in old state or no longer part of the group 
2025-02-14 16:01:03.388  INFO [org.apache.kafka.clients.consumer.internals.ConsumerCoordinator:361] [Consumer clientId=consumer-item_group-1, groupId=item_group] Lost previously assigned partitions Item_Topic-0 
2025-02-14 16:01:03.389  INFO [org.apache.kafka.clients.consumer.internals.ConsumerCoordinator:906] [Consumer clientId=consumer-item_group-3, groupId=item_group] Discovered group coordinator W49204302.woolworths.co.za:9092 (id: 2147483647 rack: null) 
2025-02-14 16:01:03.389  INFO [org.apache.kafka.clients.consumer.internals.ConsumerCoordinator:906] [Consumer clientId=consumer-item_group-2, groupId=item_group] Discovered group coordinator W49204302.woolworths.co.za:9092 (id: 2147483647 rack: null) 
2025-02-14 16:01:03.389  INFO [org.springframework.kafka.listener.KafkaMessageListenerContainer:292] item_group: partitions lost: [Item_Topic-0] 
2025-02-14 16:01:03.391  INFO [org.springframework.kafka.listener.KafkaMessageListenerContainer:292] item_group: partitions revoked: [Item_Topic-0] 
2025-02-14 16:01:03.393  INFO [org.apache.kafka.clients.consumer.internals.ConsumerCoordinator:576] [Consumer clientId=consumer-item_group-1, groupId=item_group] (Re-)joining group 
2025-02-14 16:01:03.396  INFO [org.apache.kafka.clients.consumer.internals.ConsumerCoordinator:1226] [Consumer clientId=consumer-item_group-2, groupId=item_group] Attempt to heartbeat with Generation{generationId=21, memberId='consumer-item_group-2-01703967-cb59-49e2-bf68-2ff1f9f81885', protocol='range'} and group instance id Optional.empty failed due to UNKNOWN_MEMBER_ID, resetting generation 
2025-02-14 16:01:03.396  INFO [org.apache.kafka.clients.consumer.internals.ConsumerCoordinator:1226] [Consumer clientId=consumer-item_group-3, groupId=item_group] Attempt to heartbeat with Generation{generationId=21, memberId='consumer-item_group-3-a3e2ebb0-d336-42c8-90d8-8b26bb187794', protocol='range'} and group instance id Optional.empty failed due to UNKNOWN_MEMBER_ID, resetting generation 
2025-02-14 16:01:03.397  INFO [org.apache.kafka.clients.consumer.internals.ConsumerCoordinator:1025] [Consumer clientId=consumer-item_group-2, groupId=item_group] Resetting generation and member id due to: encountered UNKNOWN_MEMBER_ID from HEARTBEAT response 
2025-02-14 16:01:03.397  INFO [org.apache.kafka.clients.consumer.internals.ConsumerCoordinator:1025] [Consumer clientId=consumer-item_group-3, groupId=item_group] Resetting generation and member id due to: encountered UNKNOWN_MEMBER_ID from HEARTBEAT response 
2025-02-14 16:01:03.398  INFO [org.apache.kafka.clients.consumer.internals.ConsumerCoordinator:1072] [Consumer clientId=consumer-item_group-2, groupId=item_group] Request joining group due to: encountered UNKNOWN_MEMBER_ID from HEARTBEAT response 
2025-02-14 16:01:03.398  INFO [org.apache.kafka.clients.consumer.internals.ConsumerCoordinator:1072] [Consumer clientId=consumer-item_group-3, groupId=item_group] Request joining group due to: encountered UNKNOWN_MEMBER_ID from HEARTBEAT response 
2025-02-14 16:01:03.399  INFO [org.apache.kafka.clients.consumer.internals.ConsumerCoordinator:576] [Consumer clientId=consumer-item_group-2, groupId=item_group] (Re-)joining group 
2025-02-14 16:01:03.399  INFO [org.apache.kafka.clients.consumer.internals.ConsumerCoordinator:1072] [Consumer clientId=consumer-item_group-1, groupId=item_group] Request joining group due to: need to re-join with the given member-id: consumer-item_group-1-2ffe8ef5-788c-4199-ad04-0631100f5166 
2025-02-14 16:01:03.400  INFO [org.apache.kafka.clients.consumer.internals.ConsumerCoordinator:576] [Consumer clientId=consumer-item_group-3, groupId=item_group] (Re-)joining group 
2025-02-14 16:01:03.401  INFO [org.apache.kafka.clients.consumer.internals.ConsumerCoordinator:1072] [Consumer clientId=consumer-item_group-1, groupId=item_group] Request joining group due to: rebalance failed due to 'The group member needs to have a valid member id before actually entering a consumer group.' (MemberIdRequiredException) 
2025-02-14 16:01:03.402  INFO [org.apache.kafka.clients.consumer.internals.ConsumerCoordinator:576] [Consumer clientId=consumer-item_group-1, groupId=item_group] (Re-)joining group 
2025-02-14 16:01:03.407  INFO [org.apache.kafka.clients.consumer.internals.ConsumerCoordinator:1072] [Consumer clientId=consumer-item_group-2, groupId=item_group] Request joining group due to: need to re-join with the given member-id: consumer-item_group-2-167987fd-987c-49d4-a1b3-82d50dad9b9f 
2025-02-14 16:01:03.410  INFO [org.apache.kafka.clients.consumer.internals.ConsumerCoordinator:1072] [Consumer clientId=consumer-item_group-2, groupId=item_group] Request joining group due to: rebalance failed due to 'The group member needs to have a valid member id before actually entering a consumer group.' (MemberIdRequiredException) 
2025-02-14 16:01:03.410  INFO [org.apache.kafka.clients.consumer.internals.ConsumerCoordinator:1072] [Consumer clientId=consumer-item_group-3, groupId=item_group] Request joining group due to: need to re-join with the given member-id: consumer-item_group-3-0936b546-985c-421e-9693-5dc1b376dd04 
2025-02-14 16:01:03.411  INFO [org.apache.kafka.clients.consumer.internals.ConsumerCoordinator:576] [Consumer clientId=consumer-item_group-2, groupId=item_group] (Re-)joining group 
2025-02-14 16:01:03.412  INFO [org.apache.kafka.clients.consumer.internals.ConsumerCoordinator:1072] [Consumer clientId=consumer-item_group-3, groupId=item_group] Request joining group due to: rebalance failed due to 'The group member needs to have a valid member id before actually entering a consumer group.' (MemberIdRequiredException) 
2025-02-14 16:01:03.413  INFO [org.apache.kafka.clients.consumer.internals.ConsumerCoordinator:576] [Consumer clientId=consumer-item_group-3, groupId=item_group] (Re-)joining group 
2025-02-14 16:01:03.417  INFO [org.apache.kafka.clients.consumer.internals.ConsumerCoordinator:637] [Consumer clientId=consumer-item_group-1, groupId=item_group] Successfully joined group with generation Generation{generationId=23, memberId='consumer-item_group-1-2ffe8ef5-788c-4199-ad04-0631100f5166', protocol='range'} 
2025-02-14 16:01:03.420  INFO [org.apache.kafka.clients.consumer.internals.ConsumerCoordinator:712] [Consumer clientId=consumer-item_group-1, groupId=item_group] Finished assignment for group at generation 23: {consumer-item_group-1-2ffe8ef5-788c-4199-ad04-0631100f5166=Assignment(partitions=[Item_Topic-0])} 
2025-02-14 16:01:03.424  INFO [org.apache.kafka.clients.consumer.internals.ConsumerCoordinator:836] [Consumer clientId=consumer-item_group-1, groupId=item_group] SyncGroup failed: The group began another rebalance. Need to re-join the group. Sent generation was Generation{generationId=23, memberId='consumer-item_group-1-2ffe8ef5-788c-4199-ad04-0631100f5166', protocol='range'} 
2025-02-14 16:01:03.426  INFO [org.apache.kafka.clients.consumer.internals.ConsumerCoordinator:1072] [Consumer clientId=consumer-item_group-1, groupId=item_group] Request joining group due to: rebalance failed due to 'The group is rebalancing, so a rejoin is needed.' (RebalanceInProgressException) 
2025-02-14 16:01:03.427  INFO [org.apache.kafka.clients.consumer.internals.ConsumerCoordinator:576] [Consumer clientId=consumer-item_group-1, groupId=item_group] (Re-)joining group 
2025-02-14 16:01:03.432  INFO [org.apache.kafka.clients.consumer.internals.ConsumerCoordinator:637] [Consumer clientId=consumer-item_group-2, groupId=item_group] Successfully joined group with generation Generation{generationId=24, memberId='consumer-item_group-2-167987fd-987c-49d4-a1b3-82d50dad9b9f', protocol='range'} 
2025-02-14 16:01:03.432  INFO [org.apache.kafka.clients.consumer.internals.ConsumerCoordinator:637] [Consumer clientId=consumer-item_group-3, groupId=item_group] Successfully joined group with generation Generation{generationId=24, memberId='consumer-item_group-3-0936b546-985c-421e-9693-5dc1b376dd04', protocol='range'} 
2025-02-14 16:01:03.432  INFO [org.apache.kafka.clients.consumer.internals.ConsumerCoordinator:637] [Consumer clientId=consumer-item_group-1, groupId=item_group] Successfully joined group with generation Generation{generationId=24, memberId='consumer-item_group-1-2ffe8ef5-788c-4199-ad04-0631100f5166', protocol='range'} 
2025-02-14 16:01:03.434  INFO [org.apache.kafka.clients.consumer.internals.ConsumerCoordinator:712] [Consumer clientId=consumer-item_group-1, groupId=item_group] Finished assignment for group at generation 24: {consumer-item_group-1-2ffe8ef5-788c-4199-ad04-0631100f5166=Assignment(partitions=[Item_Topic-0]), consumer-item_group-2-167987fd-987c-49d4-a1b3-82d50dad9b9f=Assignment(partitions=[]), consumer-item_group-3-0936b546-985c-421e-9693-5dc1b376dd04=Assignment(partitions=[])} 
2025-02-14 16:01:03.440  INFO [org.apache.kafka.clients.consumer.internals.ConsumerCoordinator:812] [Consumer clientId=consumer-item_group-3, groupId=item_group] Successfully synced group in generation Generation{generationId=24, memberId='consumer-item_group-3-0936b546-985c-421e-9693-5dc1b376dd04', protocol='range'} 
2025-02-14 16:01:03.440  INFO [org.apache.kafka.clients.consumer.internals.ConsumerCoordinator:812] [Consumer clientId=consumer-item_group-2, groupId=item_group] Successfully synced group in generation Generation{generationId=24, memberId='consumer-item_group-2-167987fd-987c-49d4-a1b3-82d50dad9b9f', protocol='range'} 
2025-02-14 16:01:03.440  INFO [org.apache.kafka.clients.consumer.internals.ConsumerCoordinator:812] [Consumer clientId=consumer-item_group-1, groupId=item_group] Successfully synced group in generation Generation{generationId=24, memberId='consumer-item_group-1-2ffe8ef5-788c-4199-ad04-0631100f5166', protocol='range'} 
2025-02-14 16:01:03.442  INFO [org.apache.kafka.clients.consumer.internals.ConsumerCoordinator:307] [Consumer clientId=consumer-item_group-3, groupId=item_group] Notifying assignor about the new Assignment(partitions=[]) 
2025-02-14 16:01:03.442  INFO [org.apache.kafka.clients.consumer.internals.ConsumerCoordinator:307] [Consumer clientId=consumer-item_group-2, groupId=item_group] Notifying assignor about the new Assignment(partitions=[]) 
2025-02-14 16:01:03.443  INFO [org.apache.kafka.clients.consumer.internals.ConsumerCoordinator:307] [Consumer clientId=consumer-item_group-1, groupId=item_group] Notifying assignor about the new Assignment(partitions=[Item_Topic-0]) 
2025-02-14 16:01:03.443  INFO [org.apache.kafka.clients.consumer.internals.ConsumerCoordinator:319] [Consumer clientId=consumer-item_group-3, groupId=item_group] Adding newly assigned partitions:  
2025-02-14 16:01:03.443  INFO [org.apache.kafka.clients.consumer.internals.ConsumerCoordinator:319] [Consumer clientId=consumer-item_group-1, groupId=item_group] Adding newly assigned partitions: Item_Topic-0 
2025-02-14 16:01:03.443  INFO [org.apache.kafka.clients.consumer.internals.ConsumerCoordinator:319] [Consumer clientId=consumer-item_group-2, groupId=item_group] Adding newly assigned partitions:  
2025-02-14 16:01:03.444  INFO [org.springframework.kafka.listener.KafkaMessageListenerContainer:292] item_group: partitions assigned: [] 
2025-02-14 16:01:03.444  INFO [org.springframework.kafka.listener.KafkaMessageListenerContainer:292] item_group: partitions assigned: [] 
2025-02-14 16:01:03.450  INFO [org.apache.kafka.clients.consumer.internals.ConsumerCoordinator:975] [Consumer clientId=consumer-item_group-1, groupId=item_group] Setting offset for partition Item_Topic-0 to the committed offset FetchPosition{offset=0, offsetEpoch=Optional.empty, currentLeader=LeaderAndEpoch{leader=Optional[W49204302.woolworths.co.za:9092 (id: 0 rack: null)], epoch=0}} 
2025-02-14 16:01:03.451  INFO [org.springframework.kafka.listener.KafkaMessageListenerContainer:292] item_group: partitions assigned: [Item_Topic-0] 
2025-02-14 16:01:08.900  INFO [org.apache.kafka.clients.consumer.internals.ConsumerCoordinator:338] [Consumer clientId=consumer-item_group-1, groupId=item_group] Revoke previously assigned partitions Item_Topic-0 
2025-02-14 16:01:08.900  INFO [org.apache.kafka.clients.consumer.internals.ConsumerCoordinator:1133] [Consumer clientId=consumer-item_group-3, groupId=item_group] Member consumer-item_group-3-0936b546-985c-421e-9693-5dc1b376dd04 sending LeaveGroup request to coordinator W49204302.woolworths.co.za:9092 (id: 2147483647 rack: null) due to the consumer unsubscribed from all topics 
2025-02-14 16:01:08.900  INFO [org.apache.kafka.clients.consumer.internals.ConsumerCoordinator:1133] [Consumer clientId=consumer-item_group-2, groupId=item_group] Member consumer-item_group-2-167987fd-987c-49d4-a1b3-82d50dad9b9f sending LeaveGroup request to coordinator W49204302.woolworths.co.za:9092 (id: 2147483647 rack: null) due to the consumer unsubscribed from all topics 
2025-02-14 16:01:08.900  INFO [org.springframework.kafka.listener.KafkaMessageListenerContainer:292] item_group: partitions revoked: [Item_Topic-0] 
2025-02-14 16:01:08.901  INFO [org.apache.kafka.clients.consumer.internals.ConsumerCoordinator:1133] [Consumer clientId=consumer-item_group-1, groupId=item_group] Member consumer-item_group-1-2ffe8ef5-788c-4199-ad04-0631100f5166 sending LeaveGroup request to coordinator W49204302.woolworths.co.za:9092 (id: 2147483647 rack: null) due to the consumer unsubscribed from all topics 
2025-02-14 16:01:08.901  INFO [org.apache.kafka.clients.consumer.internals.ConsumerCoordinator:1025] [Consumer clientId=consumer-item_group-2, groupId=item_group] Resetting generation and member id due to: consumer pro-actively leaving the group 
2025-02-14 16:01:08.901  INFO [org.apache.kafka.clients.consumer.internals.ConsumerCoordinator:1025] [Consumer clientId=consumer-item_group-3, groupId=item_group] Resetting generation and member id due to: consumer pro-actively leaving the group 
2025-02-14 16:01:08.901  INFO [org.apache.kafka.clients.consumer.internals.ConsumerCoordinator:1025] [Consumer clientId=consumer-item_group-1, groupId=item_group] Resetting generation and member id due to: consumer pro-actively leaving the group 
2025-02-14 16:01:08.901  INFO [org.apache.kafka.clients.consumer.internals.ConsumerCoordinator:1072] [Consumer clientId=consumer-item_group-2, groupId=item_group] Request joining group due to: consumer pro-actively leaving the group 
2025-02-14 16:01:08.902  INFO [org.apache.kafka.clients.consumer.internals.ConsumerCoordinator:1072] [Consumer clientId=consumer-item_group-3, groupId=item_group] Request joining group due to: consumer pro-actively leaving the group 
2025-02-14 16:01:08.902  INFO [org.apache.kafka.clients.consumer.internals.ConsumerCoordinator:1072] [Consumer clientId=consumer-item_group-1, groupId=item_group] Request joining group due to: consumer pro-actively leaving the group 
2025-02-14 16:01:08.902  INFO [org.apache.kafka.clients.consumer.KafkaConsumer:1089] [Consumer clientId=consumer-item_group-2, groupId=item_group] Unsubscribed all topics or patterns and assigned partitions 
2025-02-14 16:01:08.902  INFO [org.apache.kafka.clients.consumer.KafkaConsumer:1089] [Consumer clientId=consumer-item_group-3, groupId=item_group] Unsubscribed all topics or patterns and assigned partitions 
2025-02-14 16:01:08.902  INFO [org.apache.kafka.clients.consumer.KafkaConsumer:1089] [Consumer clientId=consumer-item_group-1, groupId=item_group] Unsubscribed all topics or patterns and assigned partitions 
2025-02-14 16:01:08.904  INFO [org.apache.kafka.clients.consumer.internals.ConsumerCoordinator:1025] [Consumer clientId=consumer-item_group-1, groupId=item_group] Resetting generation and member id due to: consumer pro-actively leaving the group 
2025-02-14 16:01:08.904  INFO [org.apache.kafka.clients.consumer.internals.ConsumerCoordinator:1025] [Consumer clientId=consumer-item_group-2, groupId=item_group] Resetting generation and member id due to: consumer pro-actively leaving the group 
2025-02-14 16:01:08.904  INFO [org.apache.kafka.clients.consumer.internals.ConsumerCoordinator:1072] [Consumer clientId=consumer-item_group-1, groupId=item_group] Request joining group due to: consumer pro-actively leaving the group 
2025-02-14 16:01:08.904  INFO [org.apache.kafka.clients.consumer.internals.ConsumerCoordinator:1072] [Consumer clientId=consumer-item_group-2, groupId=item_group] Request joining group due to: consumer pro-actively leaving the group 
2025-02-14 16:01:08.904  INFO [org.apache.kafka.clients.consumer.internals.ConsumerCoordinator:1025] [Consumer clientId=consumer-item_group-3, groupId=item_group] Resetting generation and member id due to: consumer pro-actively leaving the group 
2025-02-14 16:01:08.905  INFO [org.apache.kafka.clients.consumer.internals.ConsumerCoordinator:1072] [Consumer clientId=consumer-item_group-3, groupId=item_group] Request joining group due to: consumer pro-actively leaving the group 
2025-02-14 16:01:08.911  INFO [org.apache.kafka.common.metrics.Metrics:693] Metrics scheduler closed 
2025-02-14 16:01:08.911  INFO [org.apache.kafka.common.metrics.Metrics:697] Closing reporter org.apache.kafka.common.metrics.JmxReporter 
2025-02-14 16:01:08.911  INFO [org.apache.kafka.common.metrics.Metrics:703] Metrics reporters closed 
2025-02-14 16:01:08.912  INFO [org.apache.kafka.common.metrics.Metrics:693] Metrics scheduler closed 
2025-02-14 16:01:08.912  INFO [org.apache.kafka.common.metrics.Metrics:697] Closing reporter org.apache.kafka.common.metrics.JmxReporter 
2025-02-14 16:01:08.913  INFO [org.apache.kafka.common.metrics.Metrics:703] Metrics reporters closed 
2025-02-14 16:01:08.917  INFO [org.apache.kafka.common.utils.AppInfoParser:83] App info kafka.consumer for consumer-item_group-2 unregistered 
2025-02-14 16:01:08.918  INFO [org.springframework.kafka.listener.KafkaMessageListenerContainer:292] item_group: Consumer stopped 
2025-02-14 16:01:08.919  INFO [org.apache.kafka.common.utils.AppInfoParser:83] App info kafka.consumer for consumer-item_group-3 unregistered 
2025-02-14 16:01:08.919  INFO [org.springframework.kafka.listener.KafkaMessageListenerContainer:292] item_group: Consumer stopped 
2025-02-14 16:01:09.016  INFO [org.apache.kafka.common.metrics.Metrics:693] Metrics scheduler closed 
2025-02-14 16:01:09.016  INFO [org.apache.kafka.common.metrics.Metrics:697] Closing reporter org.apache.kafka.common.metrics.JmxReporter 
2025-02-14 16:01:09.016  INFO [org.apache.kafka.common.metrics.Metrics:703] Metrics reporters closed 
2025-02-14 16:01:09.018  INFO [org.apache.kafka.common.utils.AppInfoParser:83] App info kafka.consumer for consumer-item_group-1 unregistered 
2025-02-14 16:01:09.018  INFO [org.springframework.kafka.listener.KafkaMessageListenerContainer:292] item_group: Consumer stopped 
2025-02-14 16:01:09.021  INFO [org.springframework.orm.jpa.LocalContainerEntityManagerFactoryBean:651] Closing JPA EntityManagerFactory for persistence unit 'default' 
2025-02-14 16:01:09.024  INFO [com.zaxxer.hikari.HikariDataSource:350] HikariPool-1 - Shutdown initiated... 
2025-02-14 16:01:09.027  INFO [com.zaxxer.hikari.HikariDataSource:352] HikariPool-1 - Shutdown completed. 
2025-02-14 16:10:55.223  INFO [za.co.woolworths.itemkafka_poc.KafkaItemProducerPocApplication:55] Starting KafkaItemProducerPocApplication using Java 15.0.2 on W49204302 with PID 15416 (C:\Workspaces\Item-Kafka-Producer-POC\Item-Kafka-Producer-POC\target\classes started by W7178930 in C:\Workspaces\Item-Kafka-Producer-POC\Item-Kafka-Producer-POC) 
2025-02-14 16:10:55.226  INFO [za.co.woolworths.itemkafka_poc.KafkaItemProducerPocApplication:640] The following 2 profiles are active: "swagger", "dev" 
2025-02-14 16:10:56.117  INFO [org.springframework.data.repository.config.RepositoryConfigurationDelegate:132] Bootstrapping Spring Data JPA repositories in DEFAULT mode. 
2025-02-14 16:10:56.180  INFO [org.springframework.data.repository.config.RepositoryConfigurationDelegate:201] Finished Spring Data repository scanning in 48 ms. Found 1 JPA repository interfaces. 
2025-02-14 16:10:56.948  INFO [org.springframework.boot.web.embedded.tomcat.TomcatWebServer:108] Tomcat initialized with port(s): 8081 (http) 
2025-02-14 16:10:56.955  INFO [org.apache.coyote.http11.Http11NioProtocol:173] Initializing ProtocolHandler ["http-nio-8081"] 
2025-02-14 16:10:56.955  INFO [org.apache.catalina.core.StandardService:173] Starting service [Tomcat] 
2025-02-14 16:10:56.955  INFO [org.apache.catalina.core.StandardEngine:173] Starting Servlet engine: [Apache Tomcat/9.0.64] 
2025-02-14 16:10:57.123  INFO [org.apache.catalina.core.ContainerBase.[Tomcat].[localhost].[/]:173] Initializing Spring embedded WebApplicationContext 
2025-02-14 16:10:57.124  INFO [org.springframework.boot.web.servlet.context.ServletWebServerApplicationContext:292] Root WebApplicationContext: initialization completed in 1845 ms 
2025-02-14 16:10:57.544  INFO [com.zaxxer.hikari.HikariDataSource:110] HikariPool-1 - Starting... 
2025-02-14 16:10:58.646  INFO [com.zaxxer.hikari.HikariDataSource:123] HikariPool-1 - Start completed. 
2025-02-14 16:10:58.704  INFO [org.hibernate.jpa.internal.util.LogHelper:31] HHH000204: Processing PersistenceUnitInfo [name: default] 
2025-02-14 16:10:58.762  INFO [org.hibernate.Version:44] HHH000412: Hibernate ORM core version 5.6.9.Final 
2025-02-14 16:10:58.970  INFO [org.hibernate.annotations.common.Version:56] HCANN000001: Hibernate Commons Annotations {5.1.2.Final} 
2025-02-14 16:10:59.132  INFO [org.hibernate.dialect.Dialect:175] HHH000400: Using dialect: org.hibernate.dialect.SQLServer2016Dialect 
2025-02-14 16:10:59.849  INFO [org.hibernate.engine.transaction.jta.platform.internal.JtaPlatformInitiator:52] HHH000490: Using JtaPlatform implementation: [org.hibernate.engine.transaction.jta.platform.internal.NoJtaPlatform] 
2025-02-14 16:10:59.856  INFO [org.springframework.orm.jpa.LocalContainerEntityManagerFactoryBean:437] Initialized JPA EntityManagerFactory for persistence unit 'default' 
2025-02-14 16:11:00.656  WARN [org.springframework.boot.autoconfigure.orm.jpa.JpaBaseConfiguration$JpaWebConfiguration:219] spring.jpa.open-in-view is enabled by default. Therefore, database queries may be performed during view rendering. Explicitly configure spring.jpa.open-in-view to disable this warning 
2025-02-14 16:11:00.755 DEBUG [org.springframework.web.servlet.mvc.method.annotation.RequestMappingHandlerMapping:367] 13 mappings in 'requestMappingHandlerMapping' 
2025-02-14 16:11:01.174 DEBUG [org.springframework.web.servlet.handler.SimpleUrlHandlerMapping:188] Patterns [/agent/swagger-ui*/**] in 'resourceHandlerMapping' 
2025-02-14 16:11:01.221 DEBUG [org.springframework.web.servlet.mvc.method.annotation.RequestMappingHandlerAdapter:625] ControllerAdvice beans: 0 @ModelAttribute, 0 @InitBinder, 1 RequestBodyAdvice, 1 ResponseBodyAdvice 
2025-02-14 16:11:01.259 DEBUG [org.springframework.web.servlet.mvc.method.annotation.ExceptionHandlerExceptionResolver:307] ControllerAdvice beans: 1 @ExceptionHandler, 1 ResponseBodyAdvice 
2025-02-14 16:11:01.600  INFO [org.springframework.boot.actuate.endpoint.web.EndpointLinksResolver:58] Exposing 1 endpoint(s) beneath base path '/actuator' 
2025-02-14 16:11:01.721  INFO [org.apache.kafka.clients.consumer.ConsumerConfig:369] ConsumerConfig values: 
	allow.auto.create.topics = true
	auto.commit.interval.ms = 5000
	auto.include.jmx.reporter = true
	auto.offset.reset = latest
	bootstrap.servers = [localhost:9092]
	check.crcs = true
	client.dns.lookup = use_all_dns_ips
	client.id = consumer-item_group-1
	client.rack = 
	connections.max.idle.ms = 540000
	default.api.timeout.ms = 60000
	enable.auto.commit = false
	exclude.internal.topics = true
	fetch.max.bytes = 52428800
	fetch.max.wait.ms = 500
	fetch.min.bytes = 1
	group.id = item_group
	group.instance.id = null
	heartbeat.interval.ms = 3000
	interceptor.classes = []
	internal.leave.group.on.close = true
	internal.throw.on.fetch.stable.offset.unsupported = false
	isolation.level = read_uncommitted
	key.deserializer = class org.apache.kafka.common.serialization.StringDeserializer
	max.partition.fetch.bytes = 1048576
	max.poll.interval.ms = 300000
	max.poll.records = 500
	metadata.max.age.ms = 300000
	metric.reporters = []
	metrics.num.samples = 2
	metrics.recording.level = INFO
	metrics.sample.window.ms = 30000
	partition.assignment.strategy = [class org.apache.kafka.clients.consumer.RangeAssignor, class org.apache.kafka.clients.consumer.CooperativeStickyAssignor]
	receive.buffer.bytes = 65536
	reconnect.backoff.max.ms = 1000
	reconnect.backoff.ms = 50
	request.timeout.ms = 30000
	retry.backoff.ms = 100
	sasl.client.callback.handler.class = null
	sasl.jaas.config = null
	sasl.kerberos.kinit.cmd = /usr/bin/kinit
	sasl.kerberos.min.time.before.relogin = 60000
	sasl.kerberos.service.name = null
	sasl.kerberos.ticket.renew.jitter = 0.05
	sasl.kerberos.ticket.renew.window.factor = 0.8
	sasl.login.callback.handler.class = null
	sasl.login.class = null
	sasl.login.connect.timeout.ms = null
	sasl.login.read.timeout.ms = null
	sasl.login.refresh.buffer.seconds = 300
	sasl.login.refresh.min.period.seconds = 60
	sasl.login.refresh.window.factor = 0.8
	sasl.login.refresh.window.jitter = 0.05
	sasl.login.retry.backoff.max.ms = 10000
	sasl.login.retry.backoff.ms = 100
	sasl.mechanism = GSSAPI
	sasl.oauthbearer.clock.skew.seconds = 30
	sasl.oauthbearer.expected.audience = null
	sasl.oauthbearer.expected.issuer = null
	sasl.oauthbearer.jwks.endpoint.refresh.ms = 3600000
	sasl.oauthbearer.jwks.endpoint.retry.backoff.max.ms = 10000
	sasl.oauthbearer.jwks.endpoint.retry.backoff.ms = 100
	sasl.oauthbearer.jwks.endpoint.url = null
	sasl.oauthbearer.scope.claim.name = scope
	sasl.oauthbearer.sub.claim.name = sub
	sasl.oauthbearer.token.endpoint.url = null
	security.protocol = PLAINTEXT
	security.providers = null
	send.buffer.bytes = 131072
	session.timeout.ms = 45000
	socket.connection.setup.timeout.max.ms = 30000
	socket.connection.setup.timeout.ms = 10000
	ssl.cipher.suites = null
	ssl.enabled.protocols = [TLSv1.2, TLSv1.3]
	ssl.endpoint.identification.algorithm = https
	ssl.engine.factory.class = null
	ssl.key.password = null
	ssl.keymanager.algorithm = SunX509
	ssl.keystore.certificate.chain = null
	ssl.keystore.key = null
	ssl.keystore.location = null
	ssl.keystore.password = null
	ssl.keystore.type = JKS
	ssl.protocol = TLSv1.3
	ssl.provider = null
	ssl.secure.random.implementation = null
	ssl.trustmanager.algorithm = PKIX
	ssl.truststore.certificates = null
	ssl.truststore.location = null
	ssl.truststore.password = null
	ssl.truststore.type = JKS
	value.deserializer = class org.apache.kafka.common.serialization.StringDeserializer
 
2025-02-14 16:11:01.912  INFO [org.apache.kafka.common.utils.AppInfoParser:119] Kafka version: 3.5.1 
2025-02-14 16:11:01.912  INFO [org.apache.kafka.common.utils.AppInfoParser:120] Kafka commitId: 2c6fb6c54472e90a 
2025-02-14 16:11:01.913  INFO [org.apache.kafka.common.utils.AppInfoParser:121] Kafka startTimeMs: 1739542261909 
2025-02-14 16:11:01.917  INFO [org.apache.kafka.clients.consumer.KafkaConsumer:980] [Consumer clientId=consumer-item_group-1, groupId=item_group] Subscribed to topic(s): Item_Topic 
2025-02-14 16:11:01.935  INFO [org.apache.kafka.clients.consumer.ConsumerConfig:369] ConsumerConfig values: 
	allow.auto.create.topics = true
	auto.commit.interval.ms = 5000
	auto.include.jmx.reporter = true
	auto.offset.reset = latest
	bootstrap.servers = [localhost:9092]
	check.crcs = true
	client.dns.lookup = use_all_dns_ips
	client.id = consumer-item_group-2
	client.rack = 
	connections.max.idle.ms = 540000
	default.api.timeout.ms = 60000
	enable.auto.commit = false
	exclude.internal.topics = true
	fetch.max.bytes = 52428800
	fetch.max.wait.ms = 500
	fetch.min.bytes = 1
	group.id = item_group
	group.instance.id = null
	heartbeat.interval.ms = 3000
	interceptor.classes = []
	internal.leave.group.on.close = true
	internal.throw.on.fetch.stable.offset.unsupported = false
	isolation.level = read_uncommitted
	key.deserializer = class org.apache.kafka.common.serialization.StringDeserializer
	max.partition.fetch.bytes = 1048576
	max.poll.interval.ms = 300000
	max.poll.records = 500
	metadata.max.age.ms = 300000
	metric.reporters = []
	metrics.num.samples = 2
	metrics.recording.level = INFO
	metrics.sample.window.ms = 30000
	partition.assignment.strategy = [class org.apache.kafka.clients.consumer.RangeAssignor, class org.apache.kafka.clients.consumer.CooperativeStickyAssignor]
	receive.buffer.bytes = 65536
	reconnect.backoff.max.ms = 1000
	reconnect.backoff.ms = 50
	request.timeout.ms = 30000
	retry.backoff.ms = 100
	sasl.client.callback.handler.class = null
	sasl.jaas.config = null
	sasl.kerberos.kinit.cmd = /usr/bin/kinit
	sasl.kerberos.min.time.before.relogin = 60000
	sasl.kerberos.service.name = null
	sasl.kerberos.ticket.renew.jitter = 0.05
	sasl.kerberos.ticket.renew.window.factor = 0.8
	sasl.login.callback.handler.class = null
	sasl.login.class = null
	sasl.login.connect.timeout.ms = null
	sasl.login.read.timeout.ms = null
	sasl.login.refresh.buffer.seconds = 300
	sasl.login.refresh.min.period.seconds = 60
	sasl.login.refresh.window.factor = 0.8
	sasl.login.refresh.window.jitter = 0.05
	sasl.login.retry.backoff.max.ms = 10000
	sasl.login.retry.backoff.ms = 100
	sasl.mechanism = GSSAPI
	sasl.oauthbearer.clock.skew.seconds = 30
	sasl.oauthbearer.expected.audience = null
	sasl.oauthbearer.expected.issuer = null
	sasl.oauthbearer.jwks.endpoint.refresh.ms = 3600000
	sasl.oauthbearer.jwks.endpoint.retry.backoff.max.ms = 10000
	sasl.oauthbearer.jwks.endpoint.retry.backoff.ms = 100
	sasl.oauthbearer.jwks.endpoint.url = null
	sasl.oauthbearer.scope.claim.name = scope
	sasl.oauthbearer.sub.claim.name = sub
	sasl.oauthbearer.token.endpoint.url = null
	security.protocol = PLAINTEXT
	security.providers = null
	send.buffer.bytes = 131072
	session.timeout.ms = 45000
	socket.connection.setup.timeout.max.ms = 30000
	socket.connection.setup.timeout.ms = 10000
	ssl.cipher.suites = null
	ssl.enabled.protocols = [TLSv1.2, TLSv1.3]
	ssl.endpoint.identification.algorithm = https
	ssl.engine.factory.class = null
	ssl.key.password = null
	ssl.keymanager.algorithm = SunX509
	ssl.keystore.certificate.chain = null
	ssl.keystore.key = null
	ssl.keystore.location = null
	ssl.keystore.password = null
	ssl.keystore.type = JKS
	ssl.protocol = TLSv1.3
	ssl.provider = null
	ssl.secure.random.implementation = null
	ssl.trustmanager.algorithm = PKIX
	ssl.truststore.certificates = null
	ssl.truststore.location = null
	ssl.truststore.password = null
	ssl.truststore.type = JKS
	value.deserializer = class org.apache.kafka.common.serialization.StringDeserializer
 
2025-02-14 16:11:01.945  INFO [org.apache.kafka.common.utils.AppInfoParser:119] Kafka version: 3.5.1 
2025-02-14 16:11:01.946  INFO [org.apache.kafka.common.utils.AppInfoParser:120] Kafka commitId: 2c6fb6c54472e90a 
2025-02-14 16:11:01.946  INFO [org.apache.kafka.common.utils.AppInfoParser:121] Kafka startTimeMs: 1739542261945 
2025-02-14 16:11:01.947  INFO [org.apache.kafka.clients.consumer.KafkaConsumer:980] [Consumer clientId=consumer-item_group-2, groupId=item_group] Subscribed to topic(s): Item_Topic 
2025-02-14 16:11:01.951  INFO [org.apache.kafka.clients.consumer.ConsumerConfig:369] ConsumerConfig values: 
	allow.auto.create.topics = true
	auto.commit.interval.ms = 5000
	auto.include.jmx.reporter = true
	auto.offset.reset = latest
	bootstrap.servers = [localhost:9092]
	check.crcs = true
	client.dns.lookup = use_all_dns_ips
	client.id = consumer-item_group-3
	client.rack = 
	connections.max.idle.ms = 540000
	default.api.timeout.ms = 60000
	enable.auto.commit = false
	exclude.internal.topics = true
	fetch.max.bytes = 52428800
	fetch.max.wait.ms = 500
	fetch.min.bytes = 1
	group.id = item_group
	group.instance.id = null
	heartbeat.interval.ms = 3000
	interceptor.classes = []
	internal.leave.group.on.close = true
	internal.throw.on.fetch.stable.offset.unsupported = false
	isolation.level = read_uncommitted
	key.deserializer = class org.apache.kafka.common.serialization.StringDeserializer
	max.partition.fetch.bytes = 1048576
	max.poll.interval.ms = 300000
	max.poll.records = 500
	metadata.max.age.ms = 300000
	metric.reporters = []
	metrics.num.samples = 2
	metrics.recording.level = INFO
	metrics.sample.window.ms = 30000
	partition.assignment.strategy = [class org.apache.kafka.clients.consumer.RangeAssignor, class org.apache.kafka.clients.consumer.CooperativeStickyAssignor]
	receive.buffer.bytes = 65536
	reconnect.backoff.max.ms = 1000
	reconnect.backoff.ms = 50
	request.timeout.ms = 30000
	retry.backoff.ms = 100
	sasl.client.callback.handler.class = null
	sasl.jaas.config = null
	sasl.kerberos.kinit.cmd = /usr/bin/kinit
	sasl.kerberos.min.time.before.relogin = 60000
	sasl.kerberos.service.name = null
	sasl.kerberos.ticket.renew.jitter = 0.05
	sasl.kerberos.ticket.renew.window.factor = 0.8
	sasl.login.callback.handler.class = null
	sasl.login.class = null
	sasl.login.connect.timeout.ms = null
	sasl.login.read.timeout.ms = null
	sasl.login.refresh.buffer.seconds = 300
	sasl.login.refresh.min.period.seconds = 60
	sasl.login.refresh.window.factor = 0.8
	sasl.login.refresh.window.jitter = 0.05
	sasl.login.retry.backoff.max.ms = 10000
	sasl.login.retry.backoff.ms = 100
	sasl.mechanism = GSSAPI
	sasl.oauthbearer.clock.skew.seconds = 30
	sasl.oauthbearer.expected.audience = null
	sasl.oauthbearer.expected.issuer = null
	sasl.oauthbearer.jwks.endpoint.refresh.ms = 3600000
	sasl.oauthbearer.jwks.endpoint.retry.backoff.max.ms = 10000
	sasl.oauthbearer.jwks.endpoint.retry.backoff.ms = 100
	sasl.oauthbearer.jwks.endpoint.url = null
	sasl.oauthbearer.scope.claim.name = scope
	sasl.oauthbearer.sub.claim.name = sub
	sasl.oauthbearer.token.endpoint.url = null
	security.protocol = PLAINTEXT
	security.providers = null
	send.buffer.bytes = 131072
	session.timeout.ms = 45000
	socket.connection.setup.timeout.max.ms = 30000
	socket.connection.setup.timeout.ms = 10000
	ssl.cipher.suites = null
	ssl.enabled.protocols = [TLSv1.2, TLSv1.3]
	ssl.endpoint.identification.algorithm = https
	ssl.engine.factory.class = null
	ssl.key.password = null
	ssl.keymanager.algorithm = SunX509
	ssl.keystore.certificate.chain = null
	ssl.keystore.key = null
	ssl.keystore.location = null
	ssl.keystore.password = null
	ssl.keystore.type = JKS
	ssl.protocol = TLSv1.3
	ssl.provider = null
	ssl.secure.random.implementation = null
	ssl.trustmanager.algorithm = PKIX
	ssl.truststore.certificates = null
	ssl.truststore.location = null
	ssl.truststore.password = null
	ssl.truststore.type = JKS
	value.deserializer = class org.apache.kafka.common.serialization.StringDeserializer
 
2025-02-14 16:11:01.960  INFO [org.apache.kafka.common.utils.AppInfoParser:119] Kafka version: 3.5.1 
2025-02-14 16:11:01.961  INFO [org.apache.kafka.common.utils.AppInfoParser:120] Kafka commitId: 2c6fb6c54472e90a 
2025-02-14 16:11:01.961  INFO [org.apache.kafka.common.utils.AppInfoParser:121] Kafka startTimeMs: 1739542261960 
2025-02-14 16:11:01.962  INFO [org.apache.kafka.clients.consumer.KafkaConsumer:980] [Consumer clientId=consumer-item_group-3, groupId=item_group] Subscribed to topic(s): Item_Topic 
2025-02-14 16:11:01.964  INFO [org.apache.coyote.http11.Http11NioProtocol:173] Starting ProtocolHandler ["http-nio-8081"] 
2025-02-14 16:11:01.986  INFO [org.springframework.boot.web.embedded.tomcat.TomcatWebServer:220] Tomcat started on port(s): 8081 (http) with context path '' 
2025-02-14 16:11:02.002  INFO [za.co.woolworths.itemkafka_poc.KafkaItemProducerPocApplication:61] Started KafkaItemProducerPocApplication in 7.155 seconds (JVM running for 7.617) 
2025-02-14 16:11:02.361  INFO [org.apache.kafka.clients.Metadata:287] [Consumer clientId=consumer-item_group-3, groupId=item_group] Cluster ID: 241EXJnpTO6SXdisTDqE6g 
2025-02-14 16:11:02.361  INFO [org.apache.kafka.clients.Metadata:287] [Consumer clientId=consumer-item_group-2, groupId=item_group] Cluster ID: 241EXJnpTO6SXdisTDqE6g 
2025-02-14 16:11:02.361  INFO [org.apache.kafka.clients.Metadata:287] [Consumer clientId=consumer-item_group-1, groupId=item_group] Cluster ID: 241EXJnpTO6SXdisTDqE6g 
2025-02-14 16:11:02.364  INFO [org.apache.kafka.clients.consumer.internals.ConsumerCoordinator:906] [Consumer clientId=consumer-item_group-1, groupId=item_group] Discovered group coordinator W49204302.woolworths.co.za:9092 (id: 2147483647 rack: null) 
2025-02-14 16:11:02.364  INFO [org.apache.kafka.clients.consumer.internals.ConsumerCoordinator:906] [Consumer clientId=consumer-item_group-2, groupId=item_group] Discovered group coordinator W49204302.woolworths.co.za:9092 (id: 2147483647 rack: null) 
2025-02-14 16:11:02.364  INFO [org.apache.kafka.clients.consumer.internals.ConsumerCoordinator:906] [Consumer clientId=consumer-item_group-3, groupId=item_group] Discovered group coordinator W49204302.woolworths.co.za:9092 (id: 2147483647 rack: null) 
2025-02-14 16:11:02.369  INFO [org.apache.kafka.clients.consumer.internals.ConsumerCoordinator:576] [Consumer clientId=consumer-item_group-3, groupId=item_group] (Re-)joining group 
2025-02-14 16:11:02.369  INFO [org.apache.kafka.clients.consumer.internals.ConsumerCoordinator:576] [Consumer clientId=consumer-item_group-2, groupId=item_group] (Re-)joining group 
2025-02-14 16:11:02.369  INFO [org.apache.kafka.clients.consumer.internals.ConsumerCoordinator:576] [Consumer clientId=consumer-item_group-1, groupId=item_group] (Re-)joining group 
2025-02-14 16:11:02.390  INFO [org.apache.kafka.clients.consumer.internals.ConsumerCoordinator:1072] [Consumer clientId=consumer-item_group-2, groupId=item_group] Request joining group due to: need to re-join with the given member-id: consumer-item_group-2-2c980519-0ea2-4fd7-8c30-5ea005324bf7 
2025-02-14 16:11:02.391  INFO [org.apache.kafka.clients.consumer.internals.ConsumerCoordinator:1072] [Consumer clientId=consumer-item_group-2, groupId=item_group] Request joining group due to: rebalance failed due to 'The group member needs to have a valid member id before actually entering a consumer group.' (MemberIdRequiredException) 
2025-02-14 16:11:02.392  INFO [org.apache.kafka.clients.consumer.internals.ConsumerCoordinator:576] [Consumer clientId=consumer-item_group-2, groupId=item_group] (Re-)joining group 
2025-02-14 16:11:02.393  INFO [org.apache.kafka.clients.consumer.internals.ConsumerCoordinator:1072] [Consumer clientId=consumer-item_group-1, groupId=item_group] Request joining group due to: need to re-join with the given member-id: consumer-item_group-1-3c6f1cf2-0411-410b-9303-2793e715d6c1 
2025-02-14 16:11:02.394  INFO [org.apache.kafka.clients.consumer.internals.ConsumerCoordinator:1072] [Consumer clientId=consumer-item_group-1, groupId=item_group] Request joining group due to: rebalance failed due to 'The group member needs to have a valid member id before actually entering a consumer group.' (MemberIdRequiredException) 
2025-02-14 16:11:02.394  INFO [org.apache.kafka.clients.consumer.internals.ConsumerCoordinator:576] [Consumer clientId=consumer-item_group-1, groupId=item_group] (Re-)joining group 
2025-02-14 16:11:02.396  INFO [org.apache.kafka.clients.consumer.internals.ConsumerCoordinator:1072] [Consumer clientId=consumer-item_group-3, groupId=item_group] Request joining group due to: need to re-join with the given member-id: consumer-item_group-3-e0e54437-3019-496d-b76f-c6bcfed1f771 
2025-02-14 16:11:02.397  INFO [org.apache.kafka.clients.consumer.internals.ConsumerCoordinator:1072] [Consumer clientId=consumer-item_group-3, groupId=item_group] Request joining group due to: rebalance failed due to 'The group member needs to have a valid member id before actually entering a consumer group.' (MemberIdRequiredException) 
2025-02-14 16:11:02.397  INFO [org.apache.kafka.clients.consumer.internals.ConsumerCoordinator:576] [Consumer clientId=consumer-item_group-3, groupId=item_group] (Re-)joining group 
2025-02-14 16:11:02.397  INFO [org.apache.kafka.clients.consumer.internals.ConsumerCoordinator:637] [Consumer clientId=consumer-item_group-2, groupId=item_group] Successfully joined group with generation Generation{generationId=26, memberId='consumer-item_group-2-2c980519-0ea2-4fd7-8c30-5ea005324bf7', protocol='range'} 
2025-02-14 16:11:02.403  INFO [org.apache.kafka.clients.consumer.internals.ConsumerCoordinator:712] [Consumer clientId=consumer-item_group-2, groupId=item_group] Finished assignment for group at generation 26: {consumer-item_group-2-2c980519-0ea2-4fd7-8c30-5ea005324bf7=Assignment(partitions=[Item_Topic-0])} 
2025-02-14 16:11:02.407  INFO [org.apache.kafka.clients.consumer.internals.ConsumerCoordinator:836] [Consumer clientId=consumer-item_group-2, groupId=item_group] SyncGroup failed: The group began another rebalance. Need to re-join the group. Sent generation was Generation{generationId=26, memberId='consumer-item_group-2-2c980519-0ea2-4fd7-8c30-5ea005324bf7', protocol='range'} 
2025-02-14 16:11:02.408  INFO [org.apache.kafka.clients.consumer.internals.ConsumerCoordinator:1072] [Consumer clientId=consumer-item_group-2, groupId=item_group] Request joining group due to: rebalance failed due to 'The group is rebalancing, so a rejoin is needed.' (RebalanceInProgressException) 
2025-02-14 16:11:02.408  INFO [org.apache.kafka.clients.consumer.internals.ConsumerCoordinator:576] [Consumer clientId=consumer-item_group-2, groupId=item_group] (Re-)joining group 
2025-02-14 16:11:02.413  INFO [org.apache.kafka.clients.consumer.internals.ConsumerCoordinator:637] [Consumer clientId=consumer-item_group-1, groupId=item_group] Successfully joined group with generation Generation{generationId=27, memberId='consumer-item_group-1-3c6f1cf2-0411-410b-9303-2793e715d6c1', protocol='range'} 
2025-02-14 16:11:02.413  INFO [org.apache.kafka.clients.consumer.internals.ConsumerCoordinator:637] [Consumer clientId=consumer-item_group-3, groupId=item_group] Successfully joined group with generation Generation{generationId=27, memberId='consumer-item_group-3-e0e54437-3019-496d-b76f-c6bcfed1f771', protocol='range'} 
2025-02-14 16:11:02.413  INFO [org.apache.kafka.clients.consumer.internals.ConsumerCoordinator:637] [Consumer clientId=consumer-item_group-2, groupId=item_group] Successfully joined group with generation Generation{generationId=27, memberId='consumer-item_group-2-2c980519-0ea2-4fd7-8c30-5ea005324bf7', protocol='range'} 
2025-02-14 16:11:02.415  INFO [org.apache.kafka.clients.consumer.internals.ConsumerCoordinator:712] [Consumer clientId=consumer-item_group-2, groupId=item_group] Finished assignment for group at generation 27: {consumer-item_group-3-e0e54437-3019-496d-b76f-c6bcfed1f771=Assignment(partitions=[]), consumer-item_group-2-2c980519-0ea2-4fd7-8c30-5ea005324bf7=Assignment(partitions=[]), consumer-item_group-1-3c6f1cf2-0411-410b-9303-2793e715d6c1=Assignment(partitions=[Item_Topic-0])} 
2025-02-14 16:11:02.418  INFO [org.apache.kafka.clients.consumer.internals.ConsumerCoordinator:812] [Consumer clientId=consumer-item_group-3, groupId=item_group] Successfully synced group in generation Generation{generationId=27, memberId='consumer-item_group-3-e0e54437-3019-496d-b76f-c6bcfed1f771', protocol='range'} 
2025-02-14 16:11:02.418  INFO [org.apache.kafka.clients.consumer.internals.ConsumerCoordinator:812] [Consumer clientId=consumer-item_group-1, groupId=item_group] Successfully synced group in generation Generation{generationId=27, memberId='consumer-item_group-1-3c6f1cf2-0411-410b-9303-2793e715d6c1', protocol='range'} 
2025-02-14 16:11:02.418  INFO [org.apache.kafka.clients.consumer.internals.ConsumerCoordinator:812] [Consumer clientId=consumer-item_group-2, groupId=item_group] Successfully synced group in generation Generation{generationId=27, memberId='consumer-item_group-2-2c980519-0ea2-4fd7-8c30-5ea005324bf7', protocol='range'} 
2025-02-14 16:11:02.419  INFO [org.apache.kafka.clients.consumer.internals.ConsumerCoordinator:307] [Consumer clientId=consumer-item_group-1, groupId=item_group] Notifying assignor about the new Assignment(partitions=[Item_Topic-0]) 
2025-02-14 16:11:02.419  INFO [org.apache.kafka.clients.consumer.internals.ConsumerCoordinator:307] [Consumer clientId=consumer-item_group-3, groupId=item_group] Notifying assignor about the new Assignment(partitions=[]) 
2025-02-14 16:11:02.419  INFO [org.apache.kafka.clients.consumer.internals.ConsumerCoordinator:307] [Consumer clientId=consumer-item_group-2, groupId=item_group] Notifying assignor about the new Assignment(partitions=[]) 
2025-02-14 16:11:02.420  INFO [org.apache.kafka.clients.consumer.internals.ConsumerCoordinator:319] [Consumer clientId=consumer-item_group-3, groupId=item_group] Adding newly assigned partitions:  
2025-02-14 16:11:02.420  INFO [org.apache.kafka.clients.consumer.internals.ConsumerCoordinator:319] [Consumer clientId=consumer-item_group-2, groupId=item_group] Adding newly assigned partitions:  
2025-02-14 16:11:02.422  INFO [org.springframework.kafka.listener.KafkaMessageListenerContainer:292] item_group: partitions assigned: [] 
2025-02-14 16:11:02.422  INFO [org.springframework.kafka.listener.KafkaMessageListenerContainer:292] item_group: partitions assigned: [] 
2025-02-14 16:11:02.423  INFO [org.apache.kafka.clients.consumer.internals.ConsumerCoordinator:319] [Consumer clientId=consumer-item_group-1, groupId=item_group] Adding newly assigned partitions: Item_Topic-0 
2025-02-14 16:11:02.434  INFO [org.apache.kafka.clients.consumer.internals.ConsumerCoordinator:975] [Consumer clientId=consumer-item_group-1, groupId=item_group] Setting offset for partition Item_Topic-0 to the committed offset FetchPosition{offset=0, offsetEpoch=Optional.empty, currentLeader=LeaderAndEpoch{leader=Optional[W49204302.woolworths.co.za:9092 (id: 0 rack: null)], epoch=0}} 
2025-02-14 16:11:02.435  INFO [org.springframework.kafka.listener.KafkaMessageListenerContainer:292] item_group: partitions assigned: [Item_Topic-0] 
2025-02-14 16:11:14.507  INFO [org.apache.catalina.core.ContainerBase.[Tomcat].[localhost].[/]:173] Initializing Spring DispatcherServlet 'dispatcherServlet' 
2025-02-14 16:11:14.507  INFO [org.springframework.web.servlet.DispatcherServlet:525] Initializing Servlet 'dispatcherServlet' 
2025-02-14 16:11:14.507 DEBUG [org.springframework.web.servlet.DispatcherServlet:520] Detected StandardServletMultipartResolver 
2025-02-14 16:11:14.507 DEBUG [org.springframework.web.servlet.DispatcherServlet:544] Detected AcceptHeaderLocaleResolver 
2025-02-14 16:11:14.507 DEBUG [org.springframework.web.servlet.DispatcherServlet:569] Detected FixedThemeResolver 
2025-02-14 16:11:14.508 DEBUG [org.springframework.web.servlet.DispatcherServlet:719] Detected org.springframework.web.servlet.view.DefaultRequestToViewNameTranslator@7151dd9d 
2025-02-14 16:11:14.508 DEBUG [org.springframework.web.servlet.DispatcherServlet:783] Detected org.springframework.web.servlet.support.SessionFlashMapManager@76efa2b7 
2025-02-14 16:11:14.508 DEBUG [org.springframework.web.servlet.DispatcherServlet:542] enableLoggingRequestDetails='false': request parameters and headers will be masked to prevent unsafe logging of potentially sensitive data 
2025-02-14 16:11:14.508  INFO [org.springframework.web.servlet.DispatcherServlet:547] Completed initialization in 1 ms 
2025-02-14 16:11:14.515 DEBUG [org.springframework.web.servlet.DispatcherServlet:119] POST "/flink/start-job1", parameters={} 
2025-02-14 16:11:14.520 DEBUG [org.springframework.web.servlet.mvc.method.annotation.RequestMappingHandlerMapping:522] Mapped to za.co.woolworths.itemkafka_poc.controller.FlinkJobController#triggerFlinkJob1() 
2025-02-14 16:12:35.357  INFO [org.apache.kafka.clients.consumer.internals.ConsumerCoordinator:969] [Consumer clientId=consumer-item_group-3, groupId=item_group] Group coordinator W49204302.woolworths.co.za:9092 (id: 2147483647 rack: null) is unavailable or invalid due to cause: session timed out without receiving a heartbeat response. isDisconnected: false. Rediscovery will be attempted. 
2025-02-14 16:12:35.357  WARN [com.zaxxer.hikari.pool.HikariPool:788] HikariPool-1 - Thread starvation or clock leap detected (housekeeper delta=1m36s608ms357µs200ns). 
2025-02-14 16:12:35.358  INFO [org.apache.kafka.clients.consumer.internals.ConsumerCoordinator:969] [Consumer clientId=consumer-item_group-1, groupId=item_group] Group coordinator W49204302.woolworths.co.za:9092 (id: 2147483647 rack: null) is unavailable or invalid due to cause: session timed out without receiving a heartbeat response. isDisconnected: false. Rediscovery will be attempted. 
2025-02-14 16:12:35.360  INFO [org.apache.kafka.clients.consumer.internals.ConsumerCoordinator:982] [Consumer clientId=consumer-item_group-3, groupId=item_group] Requesting disconnect from last known coordinator W49204302.woolworths.co.za:9092 (id: 2147483647 rack: null) 
2025-02-14 16:12:35.359  INFO [org.apache.kafka.clients.consumer.internals.ConsumerCoordinator:969] [Consumer clientId=consumer-item_group-2, groupId=item_group] Group coordinator W49204302.woolworths.co.za:9092 (id: 2147483647 rack: null) is unavailable or invalid due to cause: session timed out without receiving a heartbeat response. isDisconnected: false. Rediscovery will be attempted. 
2025-02-14 16:12:35.360  INFO [org.apache.kafka.clients.consumer.internals.ConsumerCoordinator:982] [Consumer clientId=consumer-item_group-1, groupId=item_group] Requesting disconnect from last known coordinator W49204302.woolworths.co.za:9092 (id: 2147483647 rack: null) 
2025-02-14 16:12:35.363  INFO [org.apache.kafka.clients.consumer.internals.ConsumerCoordinator:982] [Consumer clientId=consumer-item_group-2, groupId=item_group] Requesting disconnect from last known coordinator W49204302.woolworths.co.za:9092 (id: 2147483647 rack: null) 
2025-02-14 16:12:35.374  INFO [org.apache.kafka.clients.NetworkClient:324] [Consumer clientId=consumer-item_group-3, groupId=item_group] Client requested disconnect from node 2147483647 
2025-02-14 16:12:35.374  INFO [org.apache.kafka.clients.NetworkClient:324] [Consumer clientId=consumer-item_group-2, groupId=item_group] Client requested disconnect from node 2147483647 
2025-02-14 16:12:35.374  INFO [org.apache.kafka.clients.NetworkClient:324] [Consumer clientId=consumer-item_group-1, groupId=item_group] Client requested disconnect from node 2147483647 
2025-02-14 16:12:35.384  INFO [org.apache.kafka.clients.consumer.internals.ConsumerCoordinator:906] [Consumer clientId=consumer-item_group-1, groupId=item_group] Discovered group coordinator W49204302.woolworths.co.za:9092 (id: 2147483647 rack: null) 
2025-02-14 16:12:35.386  INFO [org.apache.kafka.clients.consumer.internals.ConsumerCoordinator:969] [Consumer clientId=consumer-item_group-1, groupId=item_group] Group coordinator W49204302.woolworths.co.za:9092 (id: 2147483647 rack: null) is unavailable or invalid due to cause: coordinator unavailable. isDisconnected: false. Rediscovery will be attempted. 
2025-02-14 16:12:35.388  INFO [org.apache.kafka.clients.consumer.internals.ConsumerCoordinator:982] [Consumer clientId=consumer-item_group-1, groupId=item_group] Requesting disconnect from last known coordinator W49204302.woolworths.co.za:9092 (id: 2147483647 rack: null) 
2025-02-14 16:12:35.396  INFO [org.apache.kafka.clients.consumer.internals.ConsumerCoordinator:906] [Consumer clientId=consumer-item_group-3, groupId=item_group] Discovered group coordinator W49204302.woolworths.co.za:9092 (id: 2147483647 rack: null) 
2025-02-14 16:12:35.397  INFO [org.apache.kafka.clients.consumer.internals.ConsumerCoordinator:906] [Consumer clientId=consumer-item_group-2, groupId=item_group] Discovered group coordinator W49204302.woolworths.co.za:9092 (id: 2147483647 rack: null) 
2025-02-14 16:12:35.397  INFO [org.apache.kafka.clients.consumer.internals.ConsumerCoordinator:969] [Consumer clientId=consumer-item_group-3, groupId=item_group] Group coordinator W49204302.woolworths.co.za:9092 (id: 2147483647 rack: null) is unavailable or invalid due to cause: coordinator unavailable. isDisconnected: false. Rediscovery will be attempted. 
2025-02-14 16:12:35.398  INFO [org.apache.kafka.clients.consumer.internals.ConsumerCoordinator:969] [Consumer clientId=consumer-item_group-2, groupId=item_group] Group coordinator W49204302.woolworths.co.za:9092 (id: 2147483647 rack: null) is unavailable or invalid due to cause: coordinator unavailable. isDisconnected: false. Rediscovery will be attempted. 
2025-02-14 16:12:35.399  INFO [org.apache.kafka.clients.consumer.internals.ConsumerCoordinator:982] [Consumer clientId=consumer-item_group-3, groupId=item_group] Requesting disconnect from last known coordinator W49204302.woolworths.co.za:9092 (id: 2147483647 rack: null) 
2025-02-14 16:12:35.399  INFO [org.apache.kafka.clients.consumer.internals.ConsumerCoordinator:982] [Consumer clientId=consumer-item_group-2, groupId=item_group] Requesting disconnect from last known coordinator W49204302.woolworths.co.za:9092 (id: 2147483647 rack: null) 
2025-02-14 16:12:35.494  INFO [org.apache.kafka.clients.consumer.internals.ConsumerCoordinator:906] [Consumer clientId=consumer-item_group-1, groupId=item_group] Discovered group coordinator W49204302.woolworths.co.za:9092 (id: 2147483647 rack: null) 
2025-02-14 16:12:35.497  INFO [org.apache.kafka.clients.consumer.internals.ConsumerCoordinator:1226] [Consumer clientId=consumer-item_group-1, groupId=item_group] Attempt to heartbeat with Generation{generationId=27, memberId='consumer-item_group-1-3c6f1cf2-0411-410b-9303-2793e715d6c1', protocol='range'} and group instance id Optional.empty failed due to UNKNOWN_MEMBER_ID, resetting generation 
2025-02-14 16:12:35.497  INFO [org.apache.kafka.clients.consumer.internals.ConsumerCoordinator:1025] [Consumer clientId=consumer-item_group-1, groupId=item_group] Resetting generation and member id due to: encountered UNKNOWN_MEMBER_ID from HEARTBEAT response 
2025-02-14 16:12:35.497  INFO [org.apache.kafka.clients.consumer.internals.ConsumerCoordinator:1072] [Consumer clientId=consumer-item_group-1, groupId=item_group] Request joining group due to: encountered UNKNOWN_MEMBER_ID from HEARTBEAT response 
2025-02-14 16:12:35.498  INFO [org.apache.kafka.clients.consumer.internals.ConsumerCoordinator:826] [Consumer clientId=consumer-item_group-1, groupId=item_group] Giving away all assigned partitions as lost since generation/memberID has been reset,indicating that consumer is in old state or no longer part of the group 
2025-02-14 16:12:35.498  INFO [org.apache.kafka.clients.consumer.internals.ConsumerCoordinator:361] [Consumer clientId=consumer-item_group-1, groupId=item_group] Lost previously assigned partitions Item_Topic-0 
2025-02-14 16:12:35.499  INFO [org.springframework.kafka.listener.KafkaMessageListenerContainer:292] item_group: partitions lost: [Item_Topic-0] 
2025-02-14 16:12:35.499  INFO [org.springframework.kafka.listener.KafkaMessageListenerContainer:292] item_group: partitions revoked: [Item_Topic-0] 
2025-02-14 16:12:35.499  INFO [org.apache.kafka.clients.consumer.internals.ConsumerCoordinator:576] [Consumer clientId=consumer-item_group-1, groupId=item_group] (Re-)joining group 
2025-02-14 16:12:35.502  INFO [org.apache.kafka.clients.consumer.internals.ConsumerCoordinator:1072] [Consumer clientId=consumer-item_group-1, groupId=item_group] Request joining group due to: need to re-join with the given member-id: consumer-item_group-1-519d1e69-06d7-44a9-bf40-9147abcee3f7 
2025-02-14 16:12:35.502  INFO [org.apache.kafka.clients.consumer.internals.ConsumerCoordinator:1072] [Consumer clientId=consumer-item_group-1, groupId=item_group] Request joining group due to: rebalance failed due to 'The group member needs to have a valid member id before actually entering a consumer group.' (MemberIdRequiredException) 
2025-02-14 16:12:35.502  INFO [org.apache.kafka.clients.consumer.internals.ConsumerCoordinator:576] [Consumer clientId=consumer-item_group-1, groupId=item_group] (Re-)joining group 
2025-02-14 16:12:35.505  INFO [org.apache.kafka.clients.consumer.internals.ConsumerCoordinator:637] [Consumer clientId=consumer-item_group-1, groupId=item_group] Successfully joined group with generation Generation{generationId=29, memberId='consumer-item_group-1-519d1e69-06d7-44a9-bf40-9147abcee3f7', protocol='range'} 
2025-02-14 16:12:35.505  INFO [org.apache.kafka.clients.consumer.internals.ConsumerCoordinator:712] [Consumer clientId=consumer-item_group-1, groupId=item_group] Finished assignment for group at generation 29: {consumer-item_group-1-519d1e69-06d7-44a9-bf40-9147abcee3f7=Assignment(partitions=[Item_Topic-0])} 
2025-02-14 16:12:35.508  INFO [org.apache.kafka.clients.consumer.internals.ConsumerCoordinator:812] [Consumer clientId=consumer-item_group-1, groupId=item_group] Successfully synced group in generation Generation{generationId=29, memberId='consumer-item_group-1-519d1e69-06d7-44a9-bf40-9147abcee3f7', protocol='range'} 
2025-02-14 16:12:35.509  INFO [org.apache.kafka.clients.consumer.internals.ConsumerCoordinator:307] [Consumer clientId=consumer-item_group-1, groupId=item_group] Notifying assignor about the new Assignment(partitions=[Item_Topic-0]) 
2025-02-14 16:12:35.509  INFO [org.apache.kafka.clients.consumer.internals.ConsumerCoordinator:319] [Consumer clientId=consumer-item_group-1, groupId=item_group] Adding newly assigned partitions: Item_Topic-0 
2025-02-14 16:12:35.510  INFO [org.apache.kafka.clients.consumer.internals.ConsumerCoordinator:906] [Consumer clientId=consumer-item_group-3, groupId=item_group] Discovered group coordinator W49204302.woolworths.co.za:9092 (id: 2147483647 rack: null) 
2025-02-14 16:12:35.510  INFO [org.apache.kafka.clients.consumer.internals.ConsumerCoordinator:906] [Consumer clientId=consumer-item_group-2, groupId=item_group] Discovered group coordinator W49204302.woolworths.co.za:9092 (id: 2147483647 rack: null) 
2025-02-14 16:12:35.513  INFO [org.apache.kafka.clients.consumer.internals.ConsumerCoordinator:975] [Consumer clientId=consumer-item_group-1, groupId=item_group] Setting offset for partition Item_Topic-0 to the committed offset FetchPosition{offset=0, offsetEpoch=Optional.empty, currentLeader=LeaderAndEpoch{leader=Optional[W49204302.woolworths.co.za:9092 (id: 0 rack: null)], epoch=0}} 
2025-02-14 16:12:35.513  INFO [org.springframework.kafka.listener.KafkaMessageListenerContainer:292] item_group: partitions assigned: [Item_Topic-0] 
2025-02-14 16:12:35.514  INFO [org.apache.kafka.clients.consumer.internals.ConsumerCoordinator:1226] [Consumer clientId=consumer-item_group-2, groupId=item_group] Attempt to heartbeat with Generation{generationId=27, memberId='consumer-item_group-2-2c980519-0ea2-4fd7-8c30-5ea005324bf7', protocol='range'} and group instance id Optional.empty failed due to UNKNOWN_MEMBER_ID, resetting generation 
2025-02-14 16:12:35.514  INFO [org.apache.kafka.clients.consumer.internals.ConsumerCoordinator:1226] [Consumer clientId=consumer-item_group-3, groupId=item_group] Attempt to heartbeat with Generation{generationId=27, memberId='consumer-item_group-3-e0e54437-3019-496d-b76f-c6bcfed1f771', protocol='range'} and group instance id Optional.empty failed due to UNKNOWN_MEMBER_ID, resetting generation 
2025-02-14 16:12:35.514  INFO [org.apache.kafka.clients.consumer.internals.ConsumerCoordinator:1025] [Consumer clientId=consumer-item_group-2, groupId=item_group] Resetting generation and member id due to: encountered UNKNOWN_MEMBER_ID from HEARTBEAT response 
2025-02-14 16:12:35.514  INFO [org.apache.kafka.clients.consumer.internals.ConsumerCoordinator:1072] [Consumer clientId=consumer-item_group-2, groupId=item_group] Request joining group due to: encountered UNKNOWN_MEMBER_ID from HEARTBEAT response 
2025-02-14 16:12:35.514  INFO [org.apache.kafka.clients.consumer.internals.ConsumerCoordinator:1025] [Consumer clientId=consumer-item_group-3, groupId=item_group] Resetting generation and member id due to: encountered UNKNOWN_MEMBER_ID from HEARTBEAT response 
2025-02-14 16:12:35.514  INFO [org.apache.kafka.clients.consumer.internals.ConsumerCoordinator:576] [Consumer clientId=consumer-item_group-2, groupId=item_group] (Re-)joining group 
2025-02-14 16:12:35.514  INFO [org.apache.kafka.clients.consumer.internals.ConsumerCoordinator:1072] [Consumer clientId=consumer-item_group-3, groupId=item_group] Request joining group due to: encountered UNKNOWN_MEMBER_ID from HEARTBEAT response 
2025-02-14 16:12:35.514  INFO [org.apache.kafka.clients.consumer.internals.ConsumerCoordinator:576] [Consumer clientId=consumer-item_group-3, groupId=item_group] (Re-)joining group 
2025-02-14 16:12:35.515  INFO [org.apache.kafka.clients.consumer.internals.ConsumerCoordinator:1072] [Consumer clientId=consumer-item_group-2, groupId=item_group] Request joining group due to: need to re-join with the given member-id: consumer-item_group-2-d072aec5-ffe1-4111-b967-f934267df4ee 
2025-02-14 16:12:35.516  INFO [org.apache.kafka.clients.consumer.internals.ConsumerCoordinator:1072] [Consumer clientId=consumer-item_group-2, groupId=item_group] Request joining group due to: rebalance failed due to 'The group member needs to have a valid member id before actually entering a consumer group.' (MemberIdRequiredException) 
2025-02-14 16:12:35.516  INFO [org.apache.kafka.clients.consumer.internals.ConsumerCoordinator:576] [Consumer clientId=consumer-item_group-2, groupId=item_group] (Re-)joining group 
2025-02-14 16:12:35.516  INFO [org.apache.kafka.clients.consumer.internals.ConsumerCoordinator:1072] [Consumer clientId=consumer-item_group-3, groupId=item_group] Request joining group due to: need to re-join with the given member-id: consumer-item_group-3-e304e48d-2aa8-439d-85be-1e7017f9d2e2 
2025-02-14 16:12:35.517  INFO [org.apache.kafka.clients.consumer.internals.ConsumerCoordinator:1072] [Consumer clientId=consumer-item_group-3, groupId=item_group] Request joining group due to: rebalance failed due to 'The group member needs to have a valid member id before actually entering a consumer group.' (MemberIdRequiredException) 
2025-02-14 16:12:35.517  INFO [org.apache.kafka.clients.consumer.internals.ConsumerCoordinator:576] [Consumer clientId=consumer-item_group-3, groupId=item_group] (Re-)joining group 
2025-02-14 16:12:36.349  INFO [org.apache.flink.api.java.typeutils.TypeExtractor:2069] class java.time.LocalDateTime does not contain a getter for field date 
2025-02-14 16:12:36.350  INFO [org.apache.flink.api.java.typeutils.TypeExtractor:2072] class java.time.LocalDateTime does not contain a setter for field date 
2025-02-14 16:12:36.350  INFO [org.apache.flink.api.java.typeutils.TypeExtractor:2116] Class class java.time.LocalDateTime cannot be used as a POJO type because not all fields are valid POJO fields, and must be processed as GenericType. Please read the Flink documentation on "Data Types & Serialization" for details of the effect on performance and schema evolution. 
2025-02-14 16:12:36.351  INFO [org.apache.flink.api.java.typeutils.TypeExtractor:2144] Field Item#createDte will be processed as GenericType. Please read the Flink documentation on "Data Types & Serialization" for details of the effect on performance and schema evolution. 
2025-02-14 16:12:36.369  INFO [org.apache.flink.api.java.typeutils.TypeExtractor:2069] class java.time.LocalDateTime does not contain a getter for field date 
2025-02-14 16:12:36.370  INFO [org.apache.flink.api.java.typeutils.TypeExtractor:2072] class java.time.LocalDateTime does not contain a setter for field date 
2025-02-14 16:12:36.370  INFO [org.apache.flink.api.java.typeutils.TypeExtractor:2116] Class class java.time.LocalDateTime cannot be used as a POJO type because not all fields are valid POJO fields, and must be processed as GenericType. Please read the Flink documentation on "Data Types & Serialization" for details of the effect on performance and schema evolution. 
2025-02-14 16:12:36.370  INFO [org.apache.flink.api.java.typeutils.TypeExtractor:2144] Field Item#lastUpdateDte will be processed as GenericType. Please read the Flink documentation on "Data Types & Serialization" for details of the effect on performance and schema evolution. 
2025-02-14 16:12:36.394  INFO [org.apache.flink.connector.datagen.functions.FromElementsGeneratorFunction:98] Serializing elements using  org.apache.flink.api.java.typeutils.runtime.PojoSerializer@40d1c41a 
2025-02-14 16:12:36.397  INFO [org.apache.flink.api.java.typeutils.runtime.kryo.KryoSerializer:494] Kryo serializer scala extensions are not available. 
2025-02-14 16:12:36.423  INFO [org.apache.flink.api.java.typeutils.runtime.kryo.KryoSerializer:494] Kryo serializer scala extensions are not available. 
2025-02-14 16:12:36.477 DEBUG [org.springframework.web.servlet.mvc.method.annotation.HttpEntityMethodProcessor:268] Using 'text/plain', given [*/*] and supported [text/plain, */*, application/json, application/*+json] 
2025-02-14 16:12:36.478 DEBUG [org.springframework.web.servlet.mvc.method.annotation.HttpEntityMethodProcessor:119] Writing ["Flink Job 1 started successfully."] 
2025-02-14 16:12:36.483 DEBUG [org.springframework.web.servlet.DispatcherServlet:1131] Completed 200 OK 
2025-02-14 16:12:36.583  INFO [org.apache.kafka.clients.consumer.internals.ConsumerCoordinator:1133] [Consumer clientId=consumer-item_group-3, groupId=item_group] Member consumer-item_group-3-e304e48d-2aa8-439d-85be-1e7017f9d2e2 sending LeaveGroup request to coordinator W49204302.woolworths.co.za:9092 (id: 2147483647 rack: null) due to the consumer unsubscribed from all topics 
2025-02-14 16:12:36.583  INFO [org.apache.kafka.clients.consumer.internals.ConsumerCoordinator:338] [Consumer clientId=consumer-item_group-1, groupId=item_group] Revoke previously assigned partitions Item_Topic-0 
2025-02-14 16:12:36.583  INFO [org.apache.kafka.clients.consumer.internals.ConsumerCoordinator:1133] [Consumer clientId=consumer-item_group-2, groupId=item_group] Member consumer-item_group-2-d072aec5-ffe1-4111-b967-f934267df4ee sending LeaveGroup request to coordinator W49204302.woolworths.co.za:9092 (id: 2147483647 rack: null) due to the consumer unsubscribed from all topics 
2025-02-14 16:12:36.583  INFO [org.springframework.kafka.listener.KafkaMessageListenerContainer:292] item_group: partitions revoked: [Item_Topic-0] 
2025-02-14 16:12:36.583  INFO [org.apache.kafka.clients.consumer.internals.ConsumerCoordinator:1133] [Consumer clientId=consumer-item_group-1, groupId=item_group] Member consumer-item_group-1-519d1e69-06d7-44a9-bf40-9147abcee3f7 sending LeaveGroup request to coordinator W49204302.woolworths.co.za:9092 (id: 2147483647 rack: null) due to the consumer unsubscribed from all topics 
2025-02-14 16:12:36.584  INFO [org.apache.kafka.clients.consumer.internals.ConsumerCoordinator:1025] [Consumer clientId=consumer-item_group-3, groupId=item_group] Resetting generation and member id due to: consumer pro-actively leaving the group 
2025-02-14 16:12:36.584  INFO [org.apache.kafka.clients.consumer.internals.ConsumerCoordinator:1025] [Consumer clientId=consumer-item_group-2, groupId=item_group] Resetting generation and member id due to: consumer pro-actively leaving the group 
2025-02-14 16:12:36.584  INFO [org.apache.kafka.clients.consumer.internals.ConsumerCoordinator:1025] [Consumer clientId=consumer-item_group-1, groupId=item_group] Resetting generation and member id due to: consumer pro-actively leaving the group 
2025-02-14 16:12:36.584  INFO [org.apache.kafka.clients.consumer.internals.ConsumerCoordinator:1072] [Consumer clientId=consumer-item_group-3, groupId=item_group] Request joining group due to: consumer pro-actively leaving the group 
2025-02-14 16:12:36.584  INFO [org.apache.kafka.clients.consumer.internals.ConsumerCoordinator:1072] [Consumer clientId=consumer-item_group-2, groupId=item_group] Request joining group due to: consumer pro-actively leaving the group 
2025-02-14 16:12:36.584  INFO [org.apache.kafka.clients.consumer.internals.ConsumerCoordinator:1072] [Consumer clientId=consumer-item_group-1, groupId=item_group] Request joining group due to: consumer pro-actively leaving the group 
2025-02-14 16:12:36.584  INFO [org.apache.kafka.clients.consumer.KafkaConsumer:1089] [Consumer clientId=consumer-item_group-3, groupId=item_group] Unsubscribed all topics or patterns and assigned partitions 
2025-02-14 16:12:36.584  INFO [org.apache.kafka.clients.consumer.KafkaConsumer:1089] [Consumer clientId=consumer-item_group-2, groupId=item_group] Unsubscribed all topics or patterns and assigned partitions 
2025-02-14 16:12:36.584  INFO [org.apache.kafka.clients.consumer.KafkaConsumer:1089] [Consumer clientId=consumer-item_group-1, groupId=item_group] Unsubscribed all topics or patterns and assigned partitions 
2025-02-14 16:12:36.586  INFO [org.apache.kafka.clients.consumer.internals.ConsumerCoordinator:1025] [Consumer clientId=consumer-item_group-3, groupId=item_group] Resetting generation and member id due to: consumer pro-actively leaving the group 
2025-02-14 16:12:36.586  INFO [org.apache.kafka.clients.consumer.internals.ConsumerCoordinator:1025] [Consumer clientId=consumer-item_group-2, groupId=item_group] Resetting generation and member id due to: consumer pro-actively leaving the group 
2025-02-14 16:12:36.586  INFO [org.apache.kafka.clients.consumer.internals.ConsumerCoordinator:1025] [Consumer clientId=consumer-item_group-1, groupId=item_group] Resetting generation and member id due to: consumer pro-actively leaving the group 
2025-02-14 16:12:36.586  INFO [org.apache.kafka.clients.consumer.internals.ConsumerCoordinator:1072] [Consumer clientId=consumer-item_group-3, groupId=item_group] Request joining group due to: consumer pro-actively leaving the group 
2025-02-14 16:12:36.587  INFO [org.apache.kafka.clients.consumer.internals.ConsumerCoordinator:1072] [Consumer clientId=consumer-item_group-2, groupId=item_group] Request joining group due to: consumer pro-actively leaving the group 
2025-02-14 16:12:36.587  INFO [org.apache.kafka.clients.consumer.internals.ConsumerCoordinator:1072] [Consumer clientId=consumer-item_group-1, groupId=item_group] Request joining group due to: consumer pro-actively leaving the group 
2025-02-14 16:12:36.595  INFO [org.apache.kafka.common.metrics.Metrics:693] Metrics scheduler closed 
2025-02-14 16:12:36.595  INFO [org.apache.kafka.common.metrics.Metrics:697] Closing reporter org.apache.kafka.common.metrics.JmxReporter 
2025-02-14 16:12:36.596  INFO [org.apache.kafka.common.metrics.Metrics:703] Metrics reporters closed 
2025-02-14 16:12:36.596  INFO [org.apache.kafka.common.metrics.Metrics:693] Metrics scheduler closed 
2025-02-14 16:12:36.596  INFO [org.apache.kafka.common.metrics.Metrics:697] Closing reporter org.apache.kafka.common.metrics.JmxReporter 
2025-02-14 16:12:36.596  INFO [org.apache.kafka.common.metrics.Metrics:703] Metrics reporters closed 
2025-02-14 16:12:36.603  INFO [org.apache.kafka.common.utils.AppInfoParser:83] App info kafka.consumer for consumer-item_group-3 unregistered 
2025-02-14 16:12:36.604  INFO [org.apache.kafka.common.utils.AppInfoParser:83] App info kafka.consumer for consumer-item_group-2 unregistered 
2025-02-14 16:12:36.605  INFO [org.springframework.kafka.listener.KafkaMessageListenerContainer:292] item_group: Consumer stopped 
2025-02-14 16:12:36.605  INFO [org.springframework.kafka.listener.KafkaMessageListenerContainer:292] item_group: Consumer stopped 
2025-02-14 16:12:37.018  INFO [org.apache.kafka.common.metrics.Metrics:693] Metrics scheduler closed 
2025-02-14 16:12:37.019  INFO [org.apache.kafka.common.metrics.Metrics:697] Closing reporter org.apache.kafka.common.metrics.JmxReporter 
2025-02-14 16:12:37.020  INFO [org.apache.kafka.common.metrics.Metrics:703] Metrics reporters closed 
2025-02-14 16:12:37.027  INFO [org.apache.kafka.common.utils.AppInfoParser:83] App info kafka.consumer for consumer-item_group-1 unregistered 
2025-02-14 16:12:37.028  INFO [org.springframework.kafka.listener.KafkaMessageListenerContainer:292] item_group: Consumer stopped 
2025-02-14 16:12:37.034  INFO [org.springframework.orm.jpa.LocalContainerEntityManagerFactoryBean:651] Closing JPA EntityManagerFactory for persistence unit 'default' 
2025-02-14 16:12:37.040  INFO [com.zaxxer.hikari.HikariDataSource:350] HikariPool-1 - Shutdown initiated... 
2025-02-14 16:12:37.043  INFO [com.zaxxer.hikari.HikariDataSource:352] HikariPool-1 - Shutdown completed. 
2025-02-14 16:14:20.683  INFO [za.co.woolworths.itemkafka_poc.KafkaItemProducerPocApplication:55] Starting KafkaItemProducerPocApplication using Java 15.0.2 on W49204302 with PID 20900 (C:\Workspaces\Item-Kafka-Producer-POC\Item-Kafka-Producer-POC\target\classes started by W7178930 in C:\Workspaces\Item-Kafka-Producer-POC\Item-Kafka-Producer-POC) 
2025-02-14 16:14:20.686  INFO [za.co.woolworths.itemkafka_poc.KafkaItemProducerPocApplication:640] The following 2 profiles are active: "swagger", "dev" 
2025-02-14 16:14:21.609  INFO [org.springframework.data.repository.config.RepositoryConfigurationDelegate:132] Bootstrapping Spring Data JPA repositories in DEFAULT mode. 
2025-02-14 16:14:21.685  INFO [org.springframework.data.repository.config.RepositoryConfigurationDelegate:201] Finished Spring Data repository scanning in 64 ms. Found 1 JPA repository interfaces. 
2025-02-14 16:14:22.431  INFO [org.springframework.boot.web.embedded.tomcat.TomcatWebServer:108] Tomcat initialized with port(s): 8081 (http) 
2025-02-14 16:14:22.438  INFO [org.apache.coyote.http11.Http11NioProtocol:173] Initializing ProtocolHandler ["http-nio-8081"] 
2025-02-14 16:14:22.439  INFO [org.apache.catalina.core.StandardService:173] Starting service [Tomcat] 
2025-02-14 16:14:22.439  INFO [org.apache.catalina.core.StandardEngine:173] Starting Servlet engine: [Apache Tomcat/9.0.64] 
2025-02-14 16:14:22.599  INFO [org.apache.catalina.core.ContainerBase.[Tomcat].[localhost].[/]:173] Initializing Spring embedded WebApplicationContext 
2025-02-14 16:14:22.600  INFO [org.springframework.boot.web.servlet.context.ServletWebServerApplicationContext:292] Root WebApplicationContext: initialization completed in 1876 ms 
2025-02-14 16:14:23.012  INFO [com.zaxxer.hikari.HikariDataSource:110] HikariPool-1 - Starting... 
2025-02-14 16:14:24.524  INFO [com.zaxxer.hikari.HikariDataSource:123] HikariPool-1 - Start completed. 
2025-02-14 16:14:24.582  INFO [org.hibernate.jpa.internal.util.LogHelper:31] HHH000204: Processing PersistenceUnitInfo [name: default] 
2025-02-14 16:14:24.643  INFO [org.hibernate.Version:44] HHH000412: Hibernate ORM core version 5.6.9.Final 
2025-02-14 16:14:24.833  INFO [org.hibernate.annotations.common.Version:56] HCANN000001: Hibernate Commons Annotations {5.1.2.Final} 
2025-02-14 16:14:24.964  INFO [org.hibernate.dialect.Dialect:175] HHH000400: Using dialect: org.hibernate.dialect.SQLServer2016Dialect 
2025-02-14 16:14:25.609  INFO [org.hibernate.engine.transaction.jta.platform.internal.JtaPlatformInitiator:52] HHH000490: Using JtaPlatform implementation: [org.hibernate.engine.transaction.jta.platform.internal.NoJtaPlatform] 
2025-02-14 16:14:25.615  INFO [org.springframework.orm.jpa.LocalContainerEntityManagerFactoryBean:437] Initialized JPA EntityManagerFactory for persistence unit 'default' 
2025-02-14 16:14:26.311  WARN [org.springframework.boot.autoconfigure.orm.jpa.JpaBaseConfiguration$JpaWebConfiguration:219] spring.jpa.open-in-view is enabled by default. Therefore, database queries may be performed during view rendering. Explicitly configure spring.jpa.open-in-view to disable this warning 
2025-02-14 16:14:26.409 DEBUG [org.springframework.web.servlet.mvc.method.annotation.RequestMappingHandlerMapping:367] 13 mappings in 'requestMappingHandlerMapping' 
2025-02-14 16:14:26.896 DEBUG [org.springframework.web.servlet.handler.SimpleUrlHandlerMapping:188] Patterns [/agent/swagger-ui*/**] in 'resourceHandlerMapping' 
2025-02-14 16:14:26.933 DEBUG [org.springframework.web.servlet.mvc.method.annotation.RequestMappingHandlerAdapter:625] ControllerAdvice beans: 0 @ModelAttribute, 0 @InitBinder, 1 RequestBodyAdvice, 1 ResponseBodyAdvice 
2025-02-14 16:14:26.981 DEBUG [org.springframework.web.servlet.mvc.method.annotation.ExceptionHandlerExceptionResolver:307] ControllerAdvice beans: 1 @ExceptionHandler, 1 ResponseBodyAdvice 
2025-02-14 16:14:27.284  INFO [org.springframework.boot.actuate.endpoint.web.EndpointLinksResolver:58] Exposing 1 endpoint(s) beneath base path '/actuator' 
2025-02-14 16:14:27.374  INFO [org.apache.kafka.clients.consumer.ConsumerConfig:369] ConsumerConfig values: 
	allow.auto.create.topics = true
	auto.commit.interval.ms = 5000
	auto.include.jmx.reporter = true
	auto.offset.reset = latest
	bootstrap.servers = [localhost:9092]
	check.crcs = true
	client.dns.lookup = use_all_dns_ips
	client.id = consumer-item_group-1
	client.rack = 
	connections.max.idle.ms = 540000
	default.api.timeout.ms = 60000
	enable.auto.commit = false
	exclude.internal.topics = true
	fetch.max.bytes = 52428800
	fetch.max.wait.ms = 500
	fetch.min.bytes = 1
	group.id = item_group
	group.instance.id = null
	heartbeat.interval.ms = 3000
	interceptor.classes = []
	internal.leave.group.on.close = true
	internal.throw.on.fetch.stable.offset.unsupported = false
	isolation.level = read_uncommitted
	key.deserializer = class org.apache.kafka.common.serialization.StringDeserializer
	max.partition.fetch.bytes = 1048576
	max.poll.interval.ms = 300000
	max.poll.records = 500
	metadata.max.age.ms = 300000
	metric.reporters = []
	metrics.num.samples = 2
	metrics.recording.level = INFO
	metrics.sample.window.ms = 30000
	partition.assignment.strategy = [class org.apache.kafka.clients.consumer.RangeAssignor, class org.apache.kafka.clients.consumer.CooperativeStickyAssignor]
	receive.buffer.bytes = 65536
	reconnect.backoff.max.ms = 1000
	reconnect.backoff.ms = 50
	request.timeout.ms = 30000
	retry.backoff.ms = 100
	sasl.client.callback.handler.class = null
	sasl.jaas.config = null
	sasl.kerberos.kinit.cmd = /usr/bin/kinit
	sasl.kerberos.min.time.before.relogin = 60000
	sasl.kerberos.service.name = null
	sasl.kerberos.ticket.renew.jitter = 0.05
	sasl.kerberos.ticket.renew.window.factor = 0.8
	sasl.login.callback.handler.class = null
	sasl.login.class = null
	sasl.login.connect.timeout.ms = null
	sasl.login.read.timeout.ms = null
	sasl.login.refresh.buffer.seconds = 300
	sasl.login.refresh.min.period.seconds = 60
	sasl.login.refresh.window.factor = 0.8
	sasl.login.refresh.window.jitter = 0.05
	sasl.login.retry.backoff.max.ms = 10000
	sasl.login.retry.backoff.ms = 100
	sasl.mechanism = GSSAPI
	sasl.oauthbearer.clock.skew.seconds = 30
	sasl.oauthbearer.expected.audience = null
	sasl.oauthbearer.expected.issuer = null
	sasl.oauthbearer.jwks.endpoint.refresh.ms = 3600000
	sasl.oauthbearer.jwks.endpoint.retry.backoff.max.ms = 10000
	sasl.oauthbearer.jwks.endpoint.retry.backoff.ms = 100
	sasl.oauthbearer.jwks.endpoint.url = null
	sasl.oauthbearer.scope.claim.name = scope
	sasl.oauthbearer.sub.claim.name = sub
	sasl.oauthbearer.token.endpoint.url = null
	security.protocol = PLAINTEXT
	security.providers = null
	send.buffer.bytes = 131072
	session.timeout.ms = 45000
	socket.connection.setup.timeout.max.ms = 30000
	socket.connection.setup.timeout.ms = 10000
	ssl.cipher.suites = null
	ssl.enabled.protocols = [TLSv1.2, TLSv1.3]
	ssl.endpoint.identification.algorithm = https
	ssl.engine.factory.class = null
	ssl.key.password = null
	ssl.keymanager.algorithm = SunX509
	ssl.keystore.certificate.chain = null
	ssl.keystore.key = null
	ssl.keystore.location = null
	ssl.keystore.password = null
	ssl.keystore.type = JKS
	ssl.protocol = TLSv1.3
	ssl.provider = null
	ssl.secure.random.implementation = null
	ssl.trustmanager.algorithm = PKIX
	ssl.truststore.certificates = null
	ssl.truststore.location = null
	ssl.truststore.password = null
	ssl.truststore.type = JKS
	value.deserializer = class org.apache.kafka.common.serialization.StringDeserializer
 
2025-02-14 16:14:27.544  INFO [org.apache.kafka.common.utils.AppInfoParser:119] Kafka version: 3.5.1 
2025-02-14 16:14:27.545  INFO [org.apache.kafka.common.utils.AppInfoParser:120] Kafka commitId: 2c6fb6c54472e90a 
2025-02-14 16:14:27.545  INFO [org.apache.kafka.common.utils.AppInfoParser:121] Kafka startTimeMs: 1739542467542 
2025-02-14 16:14:27.548  INFO [org.apache.kafka.clients.consumer.KafkaConsumer:980] [Consumer clientId=consumer-item_group-1, groupId=item_group] Subscribed to topic(s): Item_Topic 
2025-02-14 16:14:27.559  INFO [org.apache.kafka.clients.consumer.ConsumerConfig:369] ConsumerConfig values: 
	allow.auto.create.topics = true
	auto.commit.interval.ms = 5000
	auto.include.jmx.reporter = true
	auto.offset.reset = latest
	bootstrap.servers = [localhost:9092]
	check.crcs = true
	client.dns.lookup = use_all_dns_ips
	client.id = consumer-item_group-2
	client.rack = 
	connections.max.idle.ms = 540000
	default.api.timeout.ms = 60000
	enable.auto.commit = false
	exclude.internal.topics = true
	fetch.max.bytes = 52428800
	fetch.max.wait.ms = 500
	fetch.min.bytes = 1
	group.id = item_group
	group.instance.id = null
	heartbeat.interval.ms = 3000
	interceptor.classes = []
	internal.leave.group.on.close = true
	internal.throw.on.fetch.stable.offset.unsupported = false
	isolation.level = read_uncommitted
	key.deserializer = class org.apache.kafka.common.serialization.StringDeserializer
	max.partition.fetch.bytes = 1048576
	max.poll.interval.ms = 300000
	max.poll.records = 500
	metadata.max.age.ms = 300000
	metric.reporters = []
	metrics.num.samples = 2
	metrics.recording.level = INFO
	metrics.sample.window.ms = 30000
	partition.assignment.strategy = [class org.apache.kafka.clients.consumer.RangeAssignor, class org.apache.kafka.clients.consumer.CooperativeStickyAssignor]
	receive.buffer.bytes = 65536
	reconnect.backoff.max.ms = 1000
	reconnect.backoff.ms = 50
	request.timeout.ms = 30000
	retry.backoff.ms = 100
	sasl.client.callback.handler.class = null
	sasl.jaas.config = null
	sasl.kerberos.kinit.cmd = /usr/bin/kinit
	sasl.kerberos.min.time.before.relogin = 60000
	sasl.kerberos.service.name = null
	sasl.kerberos.ticket.renew.jitter = 0.05
	sasl.kerberos.ticket.renew.window.factor = 0.8
	sasl.login.callback.handler.class = null
	sasl.login.class = null
	sasl.login.connect.timeout.ms = null
	sasl.login.read.timeout.ms = null
	sasl.login.refresh.buffer.seconds = 300
	sasl.login.refresh.min.period.seconds = 60
	sasl.login.refresh.window.factor = 0.8
	sasl.login.refresh.window.jitter = 0.05
	sasl.login.retry.backoff.max.ms = 10000
	sasl.login.retry.backoff.ms = 100
	sasl.mechanism = GSSAPI
	sasl.oauthbearer.clock.skew.seconds = 30
	sasl.oauthbearer.expected.audience = null
	sasl.oauthbearer.expected.issuer = null
	sasl.oauthbearer.jwks.endpoint.refresh.ms = 3600000
	sasl.oauthbearer.jwks.endpoint.retry.backoff.max.ms = 10000
	sasl.oauthbearer.jwks.endpoint.retry.backoff.ms = 100
	sasl.oauthbearer.jwks.endpoint.url = null
	sasl.oauthbearer.scope.claim.name = scope
	sasl.oauthbearer.sub.claim.name = sub
	sasl.oauthbearer.token.endpoint.url = null
	security.protocol = PLAINTEXT
	security.providers = null
	send.buffer.bytes = 131072
	session.timeout.ms = 45000
	socket.connection.setup.timeout.max.ms = 30000
	socket.connection.setup.timeout.ms = 10000
	ssl.cipher.suites = null
	ssl.enabled.protocols = [TLSv1.2, TLSv1.3]
	ssl.endpoint.identification.algorithm = https
	ssl.engine.factory.class = null
	ssl.key.password = null
	ssl.keymanager.algorithm = SunX509
	ssl.keystore.certificate.chain = null
	ssl.keystore.key = null
	ssl.keystore.location = null
	ssl.keystore.password = null
	ssl.keystore.type = JKS
	ssl.protocol = TLSv1.3
	ssl.provider = null
	ssl.secure.random.implementation = null
	ssl.trustmanager.algorithm = PKIX
	ssl.truststore.certificates = null
	ssl.truststore.location = null
	ssl.truststore.password = null
	ssl.truststore.type = JKS
	value.deserializer = class org.apache.kafka.common.serialization.StringDeserializer
 
2025-02-14 16:14:27.574  INFO [org.apache.kafka.common.utils.AppInfoParser:119] Kafka version: 3.5.1 
2025-02-14 16:14:27.575  INFO [org.apache.kafka.common.utils.AppInfoParser:120] Kafka commitId: 2c6fb6c54472e90a 
2025-02-14 16:14:27.575  INFO [org.apache.kafka.common.utils.AppInfoParser:121] Kafka startTimeMs: 1739542467574 
2025-02-14 16:14:27.576  INFO [org.apache.kafka.clients.consumer.KafkaConsumer:980] [Consumer clientId=consumer-item_group-2, groupId=item_group] Subscribed to topic(s): Item_Topic 
2025-02-14 16:14:27.579  INFO [org.apache.kafka.clients.consumer.ConsumerConfig:369] ConsumerConfig values: 
	allow.auto.create.topics = true
	auto.commit.interval.ms = 5000
	auto.include.jmx.reporter = true
	auto.offset.reset = latest
	bootstrap.servers = [localhost:9092]
	check.crcs = true
	client.dns.lookup = use_all_dns_ips
	client.id = consumer-item_group-3
	client.rack = 
	connections.max.idle.ms = 540000
	default.api.timeout.ms = 60000
	enable.auto.commit = false
	exclude.internal.topics = true
	fetch.max.bytes = 52428800
	fetch.max.wait.ms = 500
	fetch.min.bytes = 1
	group.id = item_group
	group.instance.id = null
	heartbeat.interval.ms = 3000
	interceptor.classes = []
	internal.leave.group.on.close = true
	internal.throw.on.fetch.stable.offset.unsupported = false
	isolation.level = read_uncommitted
	key.deserializer = class org.apache.kafka.common.serialization.StringDeserializer
	max.partition.fetch.bytes = 1048576
	max.poll.interval.ms = 300000
	max.poll.records = 500
	metadata.max.age.ms = 300000
	metric.reporters = []
	metrics.num.samples = 2
	metrics.recording.level = INFO
	metrics.sample.window.ms = 30000
	partition.assignment.strategy = [class org.apache.kafka.clients.consumer.RangeAssignor, class org.apache.kafka.clients.consumer.CooperativeStickyAssignor]
	receive.buffer.bytes = 65536
	reconnect.backoff.max.ms = 1000
	reconnect.backoff.ms = 50
	request.timeout.ms = 30000
	retry.backoff.ms = 100
	sasl.client.callback.handler.class = null
	sasl.jaas.config = null
	sasl.kerberos.kinit.cmd = /usr/bin/kinit
	sasl.kerberos.min.time.before.relogin = 60000
	sasl.kerberos.service.name = null
	sasl.kerberos.ticket.renew.jitter = 0.05
	sasl.kerberos.ticket.renew.window.factor = 0.8
	sasl.login.callback.handler.class = null
	sasl.login.class = null
	sasl.login.connect.timeout.ms = null
	sasl.login.read.timeout.ms = null
	sasl.login.refresh.buffer.seconds = 300
	sasl.login.refresh.min.period.seconds = 60
	sasl.login.refresh.window.factor = 0.8
	sasl.login.refresh.window.jitter = 0.05
	sasl.login.retry.backoff.max.ms = 10000
	sasl.login.retry.backoff.ms = 100
	sasl.mechanism = GSSAPI
	sasl.oauthbearer.clock.skew.seconds = 30
	sasl.oauthbearer.expected.audience = null
	sasl.oauthbearer.expected.issuer = null
	sasl.oauthbearer.jwks.endpoint.refresh.ms = 3600000
	sasl.oauthbearer.jwks.endpoint.retry.backoff.max.ms = 10000
	sasl.oauthbearer.jwks.endpoint.retry.backoff.ms = 100
	sasl.oauthbearer.jwks.endpoint.url = null
	sasl.oauthbearer.scope.claim.name = scope
	sasl.oauthbearer.sub.claim.name = sub
	sasl.oauthbearer.token.endpoint.url = null
	security.protocol = PLAINTEXT
	security.providers = null
	send.buffer.bytes = 131072
	session.timeout.ms = 45000
	socket.connection.setup.timeout.max.ms = 30000
	socket.connection.setup.timeout.ms = 10000
	ssl.cipher.suites = null
	ssl.enabled.protocols = [TLSv1.2, TLSv1.3]
	ssl.endpoint.identification.algorithm = https
	ssl.engine.factory.class = null
	ssl.key.password = null
	ssl.keymanager.algorithm = SunX509
	ssl.keystore.certificate.chain = null
	ssl.keystore.key = null
	ssl.keystore.location = null
	ssl.keystore.password = null
	ssl.keystore.type = JKS
	ssl.protocol = TLSv1.3
	ssl.provider = null
	ssl.secure.random.implementation = null
	ssl.trustmanager.algorithm = PKIX
	ssl.truststore.certificates = null
	ssl.truststore.location = null
	ssl.truststore.password = null
	ssl.truststore.type = JKS
	value.deserializer = class org.apache.kafka.common.serialization.StringDeserializer
 
2025-02-14 16:14:27.586  INFO [org.apache.kafka.common.utils.AppInfoParser:119] Kafka version: 3.5.1 
2025-02-14 16:14:27.587  INFO [org.apache.kafka.common.utils.AppInfoParser:120] Kafka commitId: 2c6fb6c54472e90a 
2025-02-14 16:14:27.587  INFO [org.apache.kafka.common.utils.AppInfoParser:121] Kafka startTimeMs: 1739542467586 
2025-02-14 16:14:27.587  INFO [org.apache.kafka.clients.consumer.KafkaConsumer:980] [Consumer clientId=consumer-item_group-3, groupId=item_group] Subscribed to topic(s): Item_Topic 
2025-02-14 16:14:27.589  INFO [org.apache.coyote.http11.Http11NioProtocol:173] Starting ProtocolHandler ["http-nio-8081"] 
2025-02-14 16:14:27.600  INFO [org.springframework.boot.web.embedded.tomcat.TomcatWebServer:220] Tomcat started on port(s): 8081 (http) with context path '' 
2025-02-14 16:14:27.608  INFO [za.co.woolworths.itemkafka_poc.KafkaItemProducerPocApplication:61] Started KafkaItemProducerPocApplication in 7.335 seconds (JVM running for 7.766) 
2025-02-14 16:14:27.882  INFO [org.apache.kafka.clients.Metadata:287] [Consumer clientId=consumer-item_group-3, groupId=item_group] Cluster ID: 241EXJnpTO6SXdisTDqE6g 
2025-02-14 16:14:27.882  INFO [org.apache.kafka.clients.Metadata:287] [Consumer clientId=consumer-item_group-2, groupId=item_group] Cluster ID: 241EXJnpTO6SXdisTDqE6g 
2025-02-14 16:14:27.882  INFO [org.apache.kafka.clients.Metadata:287] [Consumer clientId=consumer-item_group-1, groupId=item_group] Cluster ID: 241EXJnpTO6SXdisTDqE6g 
2025-02-14 16:14:27.884  INFO [org.apache.kafka.clients.consumer.internals.ConsumerCoordinator:906] [Consumer clientId=consumer-item_group-2, groupId=item_group] Discovered group coordinator W49204302.woolworths.co.za:9092 (id: 2147483647 rack: null) 
2025-02-14 16:14:27.884  INFO [org.apache.kafka.clients.consumer.internals.ConsumerCoordinator:906] [Consumer clientId=consumer-item_group-3, groupId=item_group] Discovered group coordinator W49204302.woolworths.co.za:9092 (id: 2147483647 rack: null) 
2025-02-14 16:14:27.884  INFO [org.apache.kafka.clients.consumer.internals.ConsumerCoordinator:906] [Consumer clientId=consumer-item_group-1, groupId=item_group] Discovered group coordinator W49204302.woolworths.co.za:9092 (id: 2147483647 rack: null) 
2025-02-14 16:14:27.888  INFO [org.apache.kafka.clients.consumer.internals.ConsumerCoordinator:576] [Consumer clientId=consumer-item_group-1, groupId=item_group] (Re-)joining group 
2025-02-14 16:14:27.888  INFO [org.apache.kafka.clients.consumer.internals.ConsumerCoordinator:576] [Consumer clientId=consumer-item_group-2, groupId=item_group] (Re-)joining group 
2025-02-14 16:14:27.888  INFO [org.apache.kafka.clients.consumer.internals.ConsumerCoordinator:576] [Consumer clientId=consumer-item_group-3, groupId=item_group] (Re-)joining group 
2025-02-14 16:14:27.907  INFO [org.apache.kafka.clients.consumer.internals.ConsumerCoordinator:1072] [Consumer clientId=consumer-item_group-1, groupId=item_group] Request joining group due to: need to re-join with the given member-id: consumer-item_group-1-90b0ce13-753d-4377-a5d2-4c9304a12d8d 
2025-02-14 16:14:27.908  INFO [org.apache.kafka.clients.consumer.internals.ConsumerCoordinator:1072] [Consumer clientId=consumer-item_group-1, groupId=item_group] Request joining group due to: rebalance failed due to 'The group member needs to have a valid member id before actually entering a consumer group.' (MemberIdRequiredException) 
2025-02-14 16:14:27.909  INFO [org.apache.kafka.clients.consumer.internals.ConsumerCoordinator:576] [Consumer clientId=consumer-item_group-1, groupId=item_group] (Re-)joining group 
2025-02-14 16:14:27.910  INFO [org.apache.kafka.clients.consumer.internals.ConsumerCoordinator:1072] [Consumer clientId=consumer-item_group-2, groupId=item_group] Request joining group due to: need to re-join with the given member-id: consumer-item_group-2-603e16e1-fb5b-4f6b-9a3f-115148847c67 
2025-02-14 16:14:27.910  INFO [org.apache.kafka.clients.consumer.internals.ConsumerCoordinator:1072] [Consumer clientId=consumer-item_group-3, groupId=item_group] Request joining group due to: need to re-join with the given member-id: consumer-item_group-3-6c6f3106-4024-4de9-aa13-b701c710b8b7 
2025-02-14 16:14:27.910  INFO [org.apache.kafka.clients.consumer.internals.ConsumerCoordinator:1072] [Consumer clientId=consumer-item_group-2, groupId=item_group] Request joining group due to: rebalance failed due to 'The group member needs to have a valid member id before actually entering a consumer group.' (MemberIdRequiredException) 
2025-02-14 16:14:27.910  INFO [org.apache.kafka.clients.consumer.internals.ConsumerCoordinator:1072] [Consumer clientId=consumer-item_group-3, groupId=item_group] Request joining group due to: rebalance failed due to 'The group member needs to have a valid member id before actually entering a consumer group.' (MemberIdRequiredException) 
2025-02-14 16:14:27.911  INFO [org.apache.kafka.clients.consumer.internals.ConsumerCoordinator:576] [Consumer clientId=consumer-item_group-2, groupId=item_group] (Re-)joining group 
2025-02-14 16:14:27.911  INFO [org.apache.kafka.clients.consumer.internals.ConsumerCoordinator:576] [Consumer clientId=consumer-item_group-3, groupId=item_group] (Re-)joining group 
2025-02-14 16:14:27.912  INFO [org.apache.kafka.clients.consumer.internals.ConsumerCoordinator:637] [Consumer clientId=consumer-item_group-1, groupId=item_group] Successfully joined group with generation Generation{generationId=32, memberId='consumer-item_group-1-90b0ce13-753d-4377-a5d2-4c9304a12d8d', protocol='range'} 
2025-02-14 16:14:27.917  INFO [org.apache.kafka.clients.consumer.internals.ConsumerCoordinator:712] [Consumer clientId=consumer-item_group-1, groupId=item_group] Finished assignment for group at generation 32: {consumer-item_group-1-90b0ce13-753d-4377-a5d2-4c9304a12d8d=Assignment(partitions=[Item_Topic-0])} 
2025-02-14 16:14:27.920  INFO [org.apache.kafka.clients.consumer.internals.ConsumerCoordinator:836] [Consumer clientId=consumer-item_group-1, groupId=item_group] SyncGroup failed: The group began another rebalance. Need to re-join the group. Sent generation was Generation{generationId=32, memberId='consumer-item_group-1-90b0ce13-753d-4377-a5d2-4c9304a12d8d', protocol='range'} 
2025-02-14 16:14:27.921  INFO [org.apache.kafka.clients.consumer.internals.ConsumerCoordinator:1072] [Consumer clientId=consumer-item_group-1, groupId=item_group] Request joining group due to: rebalance failed due to 'The group is rebalancing, so a rejoin is needed.' (RebalanceInProgressException) 
2025-02-14 16:14:27.921  INFO [org.apache.kafka.clients.consumer.internals.ConsumerCoordinator:576] [Consumer clientId=consumer-item_group-1, groupId=item_group] (Re-)joining group 
2025-02-14 16:14:27.924  INFO [org.apache.kafka.clients.consumer.internals.ConsumerCoordinator:637] [Consumer clientId=consumer-item_group-3, groupId=item_group] Successfully joined group with generation Generation{generationId=33, memberId='consumer-item_group-3-6c6f3106-4024-4de9-aa13-b701c710b8b7', protocol='range'} 
2025-02-14 16:14:27.924  INFO [org.apache.kafka.clients.consumer.internals.ConsumerCoordinator:637] [Consumer clientId=consumer-item_group-1, groupId=item_group] Successfully joined group with generation Generation{generationId=33, memberId='consumer-item_group-1-90b0ce13-753d-4377-a5d2-4c9304a12d8d', protocol='range'} 
2025-02-14 16:14:27.924  INFO [org.apache.kafka.clients.consumer.internals.ConsumerCoordinator:637] [Consumer clientId=consumer-item_group-2, groupId=item_group] Successfully joined group with generation Generation{generationId=33, memberId='consumer-item_group-2-603e16e1-fb5b-4f6b-9a3f-115148847c67', protocol='range'} 
2025-02-14 16:14:27.925  INFO [org.apache.kafka.clients.consumer.internals.ConsumerCoordinator:712] [Consumer clientId=consumer-item_group-1, groupId=item_group] Finished assignment for group at generation 33: {consumer-item_group-3-6c6f3106-4024-4de9-aa13-b701c710b8b7=Assignment(partitions=[]), consumer-item_group-1-90b0ce13-753d-4377-a5d2-4c9304a12d8d=Assignment(partitions=[Item_Topic-0]), consumer-item_group-2-603e16e1-fb5b-4f6b-9a3f-115148847c67=Assignment(partitions=[])} 
2025-02-14 16:14:27.927  INFO [org.apache.kafka.clients.consumer.internals.ConsumerCoordinator:812] [Consumer clientId=consumer-item_group-3, groupId=item_group] Successfully synced group in generation Generation{generationId=33, memberId='consumer-item_group-3-6c6f3106-4024-4de9-aa13-b701c710b8b7', protocol='range'} 
2025-02-14 16:14:27.927  INFO [org.apache.kafka.clients.consumer.internals.ConsumerCoordinator:812] [Consumer clientId=consumer-item_group-1, groupId=item_group] Successfully synced group in generation Generation{generationId=33, memberId='consumer-item_group-1-90b0ce13-753d-4377-a5d2-4c9304a12d8d', protocol='range'} 
2025-02-14 16:14:27.927  INFO [org.apache.kafka.clients.consumer.internals.ConsumerCoordinator:812] [Consumer clientId=consumer-item_group-2, groupId=item_group] Successfully synced group in generation Generation{generationId=33, memberId='consumer-item_group-2-603e16e1-fb5b-4f6b-9a3f-115148847c67', protocol='range'} 
2025-02-14 16:14:27.928  INFO [org.apache.kafka.clients.consumer.internals.ConsumerCoordinator:307] [Consumer clientId=consumer-item_group-1, groupId=item_group] Notifying assignor about the new Assignment(partitions=[Item_Topic-0]) 
2025-02-14 16:14:27.928  INFO [org.apache.kafka.clients.consumer.internals.ConsumerCoordinator:307] [Consumer clientId=consumer-item_group-2, groupId=item_group] Notifying assignor about the new Assignment(partitions=[]) 
2025-02-14 16:14:27.928  INFO [org.apache.kafka.clients.consumer.internals.ConsumerCoordinator:307] [Consumer clientId=consumer-item_group-3, groupId=item_group] Notifying assignor about the new Assignment(partitions=[]) 
2025-02-14 16:14:27.929  INFO [org.apache.kafka.clients.consumer.internals.ConsumerCoordinator:319] [Consumer clientId=consumer-item_group-2, groupId=item_group] Adding newly assigned partitions:  
2025-02-14 16:14:27.929  INFO [org.apache.kafka.clients.consumer.internals.ConsumerCoordinator:319] [Consumer clientId=consumer-item_group-3, groupId=item_group] Adding newly assigned partitions:  
2025-02-14 16:14:27.930  INFO [org.springframework.kafka.listener.KafkaMessageListenerContainer:292] item_group: partitions assigned: [] 
2025-02-14 16:14:27.931  INFO [org.springframework.kafka.listener.KafkaMessageListenerContainer:292] item_group: partitions assigned: [] 
2025-02-14 16:14:27.939  INFO [org.apache.kafka.clients.consumer.internals.ConsumerCoordinator:319] [Consumer clientId=consumer-item_group-1, groupId=item_group] Adding newly assigned partitions: Item_Topic-0 
2025-02-14 16:14:27.952  INFO [org.apache.kafka.clients.consumer.internals.ConsumerCoordinator:975] [Consumer clientId=consumer-item_group-1, groupId=item_group] Setting offset for partition Item_Topic-0 to the committed offset FetchPosition{offset=0, offsetEpoch=Optional.empty, currentLeader=LeaderAndEpoch{leader=Optional[W49204302.woolworths.co.za:9092 (id: 0 rack: null)], epoch=0}} 
2025-02-14 16:14:27.953  INFO [org.springframework.kafka.listener.KafkaMessageListenerContainer:292] item_group: partitions assigned: [Item_Topic-0] 
2025-02-14 16:14:37.266  INFO [org.apache.catalina.core.ContainerBase.[Tomcat].[localhost].[/]:173] Initializing Spring DispatcherServlet 'dispatcherServlet' 
2025-02-14 16:14:37.267  INFO [org.springframework.web.servlet.DispatcherServlet:525] Initializing Servlet 'dispatcherServlet' 
2025-02-14 16:14:37.267 DEBUG [org.springframework.web.servlet.DispatcherServlet:520] Detected StandardServletMultipartResolver 
2025-02-14 16:14:37.267 DEBUG [org.springframework.web.servlet.DispatcherServlet:544] Detected AcceptHeaderLocaleResolver 
2025-02-14 16:14:37.267 DEBUG [org.springframework.web.servlet.DispatcherServlet:569] Detected FixedThemeResolver 
2025-02-14 16:14:37.269 DEBUG [org.springframework.web.servlet.DispatcherServlet:719] Detected org.springframework.web.servlet.view.DefaultRequestToViewNameTranslator@6bf34912 
2025-02-14 16:14:37.269 DEBUG [org.springframework.web.servlet.DispatcherServlet:783] Detected org.springframework.web.servlet.support.SessionFlashMapManager@44c54463 
2025-02-14 16:14:37.269 DEBUG [org.springframework.web.servlet.DispatcherServlet:542] enableLoggingRequestDetails='false': request parameters and headers will be masked to prevent unsafe logging of potentially sensitive data 
2025-02-14 16:14:37.269  INFO [org.springframework.web.servlet.DispatcherServlet:547] Completed initialization in 2 ms 
2025-02-14 16:14:37.276 DEBUG [org.springframework.web.servlet.DispatcherServlet:119] POST "/flink/start-job1", parameters={} 
2025-02-14 16:14:37.285 DEBUG [org.springframework.web.servlet.mvc.method.annotation.RequestMappingHandlerMapping:522] Mapped to za.co.woolworths.itemkafka_poc.controller.FlinkJobController#triggerFlinkJob1() 
2025-02-14 16:15:04.501  INFO [org.apache.flink.api.java.typeutils.TypeExtractor:2069] class java.time.LocalDateTime does not contain a getter for field date 
2025-02-14 16:15:04.502  INFO [org.apache.flink.api.java.typeutils.TypeExtractor:2072] class java.time.LocalDateTime does not contain a setter for field date 
2025-02-14 16:15:04.502  INFO [org.apache.flink.api.java.typeutils.TypeExtractor:2116] Class class java.time.LocalDateTime cannot be used as a POJO type because not all fields are valid POJO fields, and must be processed as GenericType. Please read the Flink documentation on "Data Types & Serialization" for details of the effect on performance and schema evolution. 
2025-02-14 16:15:04.503  INFO [org.apache.flink.api.java.typeutils.TypeExtractor:2144] Field Item#createDte will be processed as GenericType. Please read the Flink documentation on "Data Types & Serialization" for details of the effect on performance and schema evolution. 
2025-02-14 16:15:04.548  INFO [org.apache.flink.api.java.typeutils.TypeExtractor:2069] class java.time.LocalDateTime does not contain a getter for field date 
2025-02-14 16:15:04.548  INFO [org.apache.flink.api.java.typeutils.TypeExtractor:2072] class java.time.LocalDateTime does not contain a setter for field date 
2025-02-14 16:15:04.548  INFO [org.apache.flink.api.java.typeutils.TypeExtractor:2116] Class class java.time.LocalDateTime cannot be used as a POJO type because not all fields are valid POJO fields, and must be processed as GenericType. Please read the Flink documentation on "Data Types & Serialization" for details of the effect on performance and schema evolution. 
2025-02-14 16:15:04.549  INFO [org.apache.flink.api.java.typeutils.TypeExtractor:2144] Field Item#lastUpdateDte will be processed as GenericType. Please read the Flink documentation on "Data Types & Serialization" for details of the effect on performance and schema evolution. 
2025-02-14 16:15:04.564  INFO [org.apache.flink.connector.datagen.functions.FromElementsGeneratorFunction:98] Serializing elements using  org.apache.flink.api.java.typeutils.runtime.PojoSerializer@fefefa6f 
2025-02-14 16:15:04.566  INFO [org.apache.flink.api.java.typeutils.runtime.kryo.KryoSerializer:494] Kryo serializer scala extensions are not available. 
2025-02-14 16:15:04.590  INFO [org.apache.flink.api.java.typeutils.runtime.kryo.KryoSerializer:494] Kryo serializer scala extensions are not available. 
2025-02-14 16:16:05.465  WARN [com.zaxxer.hikari.pool.HikariPool:788] HikariPool-1 - Thread starvation or clock leap detected (housekeeper delta=1m10s833ms870µs400ns). 
2025-02-14 16:16:05.466  INFO [org.apache.kafka.clients.consumer.internals.ConsumerCoordinator:969] [Consumer clientId=consumer-item_group-3, groupId=item_group] Group coordinator W49204302.woolworths.co.za:9092 (id: 2147483647 rack: null) is unavailable or invalid due to cause: session timed out without receiving a heartbeat response. isDisconnected: false. Rediscovery will be attempted. 
2025-02-14 16:16:05.466  INFO [org.apache.kafka.clients.consumer.internals.ConsumerCoordinator:969] [Consumer clientId=consumer-item_group-2, groupId=item_group] Group coordinator W49204302.woolworths.co.za:9092 (id: 2147483647 rack: null) is unavailable or invalid due to cause: session timed out without receiving a heartbeat response. isDisconnected: false. Rediscovery will be attempted. 
2025-02-14 16:16:05.466  INFO [org.apache.kafka.clients.consumer.internals.ConsumerCoordinator:969] [Consumer clientId=consumer-item_group-1, groupId=item_group] Group coordinator W49204302.woolworths.co.za:9092 (id: 2147483647 rack: null) is unavailable or invalid due to cause: session timed out without receiving a heartbeat response. isDisconnected: false. Rediscovery will be attempted. 
2025-02-14 16:16:05.467  INFO [org.apache.kafka.clients.consumer.internals.ConsumerCoordinator:982] [Consumer clientId=consumer-item_group-3, groupId=item_group] Requesting disconnect from last known coordinator W49204302.woolworths.co.za:9092 (id: 2147483647 rack: null) 
2025-02-14 16:16:05.467  INFO [org.apache.kafka.clients.consumer.internals.ConsumerCoordinator:982] [Consumer clientId=consumer-item_group-2, groupId=item_group] Requesting disconnect from last known coordinator W49204302.woolworths.co.za:9092 (id: 2147483647 rack: null) 
2025-02-14 16:16:05.468  INFO [org.apache.kafka.clients.consumer.internals.ConsumerCoordinator:982] [Consumer clientId=consumer-item_group-1, groupId=item_group] Requesting disconnect from last known coordinator W49204302.woolworths.co.za:9092 (id: 2147483647 rack: null) 
2025-02-14 16:16:05.469  INFO [org.apache.kafka.clients.NetworkClient:324] [Consumer clientId=consumer-item_group-3, groupId=item_group] Client requested disconnect from node 2147483647 
2025-02-14 16:16:05.469  INFO [org.apache.kafka.clients.NetworkClient:324] [Consumer clientId=consumer-item_group-2, groupId=item_group] Client requested disconnect from node 2147483647 
2025-02-14 16:16:05.469  INFO [org.apache.kafka.clients.NetworkClient:324] [Consumer clientId=consumer-item_group-1, groupId=item_group] Client requested disconnect from node 2147483647 
2025-02-14 16:16:05.475  INFO [org.apache.kafka.clients.consumer.internals.ConsumerCoordinator:906] [Consumer clientId=consumer-item_group-1, groupId=item_group] Discovered group coordinator W49204302.woolworths.co.za:9092 (id: 2147483647 rack: null) 
2025-02-14 16:16:05.477  INFO [org.apache.kafka.clients.consumer.internals.ConsumerCoordinator:969] [Consumer clientId=consumer-item_group-1, groupId=item_group] Group coordinator W49204302.woolworths.co.za:9092 (id: 2147483647 rack: null) is unavailable or invalid due to cause: coordinator unavailable. isDisconnected: false. Rediscovery will be attempted. 
2025-02-14 16:16:05.478  INFO [org.apache.kafka.clients.consumer.internals.ConsumerCoordinator:982] [Consumer clientId=consumer-item_group-1, groupId=item_group] Requesting disconnect from last known coordinator W49204302.woolworths.co.za:9092 (id: 2147483647 rack: null) 
2025-02-14 16:16:05.487  INFO [org.apache.kafka.clients.consumer.internals.ConsumerCoordinator:906] [Consumer clientId=consumer-item_group-2, groupId=item_group] Discovered group coordinator W49204302.woolworths.co.za:9092 (id: 2147483647 rack: null) 
2025-02-14 16:16:05.487  INFO [org.apache.kafka.clients.consumer.internals.ConsumerCoordinator:906] [Consumer clientId=consumer-item_group-3, groupId=item_group] Discovered group coordinator W49204302.woolworths.co.za:9092 (id: 2147483647 rack: null) 
2025-02-14 16:16:05.488  INFO [org.apache.kafka.clients.consumer.internals.ConsumerCoordinator:969] [Consumer clientId=consumer-item_group-2, groupId=item_group] Group coordinator W49204302.woolworths.co.za:9092 (id: 2147483647 rack: null) is unavailable or invalid due to cause: coordinator unavailable. isDisconnected: false. Rediscovery will be attempted. 
2025-02-14 16:16:05.489  INFO [org.apache.kafka.clients.consumer.internals.ConsumerCoordinator:969] [Consumer clientId=consumer-item_group-3, groupId=item_group] Group coordinator W49204302.woolworths.co.za:9092 (id: 2147483647 rack: null) is unavailable or invalid due to cause: coordinator unavailable. isDisconnected: false. Rediscovery will be attempted. 
2025-02-14 16:16:05.489  INFO [org.apache.kafka.clients.consumer.internals.ConsumerCoordinator:982] [Consumer clientId=consumer-item_group-2, groupId=item_group] Requesting disconnect from last known coordinator W49204302.woolworths.co.za:9092 (id: 2147483647 rack: null) 
2025-02-14 16:16:05.489  INFO [org.apache.kafka.clients.consumer.internals.ConsumerCoordinator:982] [Consumer clientId=consumer-item_group-3, groupId=item_group] Requesting disconnect from last known coordinator W49204302.woolworths.co.za:9092 (id: 2147483647 rack: null) 
2025-02-14 16:16:05.496 DEBUG [org.springframework.web.servlet.mvc.method.annotation.HttpEntityMethodProcessor:268] Using 'text/plain', given [*/*] and supported [text/plain, */*, application/json, application/*+json] 
2025-02-14 16:16:05.497 DEBUG [org.springframework.web.servlet.mvc.method.annotation.HttpEntityMethodProcessor:119] Writing ["Flink Job 1 started successfully."] 
2025-02-14 16:16:05.502 DEBUG [org.springframework.web.servlet.DispatcherServlet:1131] Completed 200 OK 
2025-02-14 16:16:05.592  INFO [org.apache.kafka.clients.consumer.internals.ConsumerCoordinator:906] [Consumer clientId=consumer-item_group-1, groupId=item_group] Discovered group coordinator W49204302.woolworths.co.za:9092 (id: 2147483647 rack: null) 
2025-02-14 16:16:05.599  INFO [org.apache.kafka.clients.consumer.internals.ConsumerCoordinator:1226] [Consumer clientId=consumer-item_group-1, groupId=item_group] Attempt to heartbeat with Generation{generationId=33, memberId='consumer-item_group-1-90b0ce13-753d-4377-a5d2-4c9304a12d8d', protocol='range'} and group instance id Optional.empty failed due to UNKNOWN_MEMBER_ID, resetting generation 
2025-02-14 16:16:05.599  INFO [org.apache.kafka.clients.consumer.internals.ConsumerCoordinator:1025] [Consumer clientId=consumer-item_group-1, groupId=item_group] Resetting generation and member id due to: encountered UNKNOWN_MEMBER_ID from HEARTBEAT response 
2025-02-14 16:16:05.600  INFO [org.apache.kafka.clients.consumer.internals.ConsumerCoordinator:1072] [Consumer clientId=consumer-item_group-1, groupId=item_group] Request joining group due to: encountered UNKNOWN_MEMBER_ID from HEARTBEAT response 
2025-02-14 16:16:05.600  INFO [org.apache.kafka.clients.consumer.internals.ConsumerCoordinator:826] [Consumer clientId=consumer-item_group-1, groupId=item_group] Giving away all assigned partitions as lost since generation/memberID has been reset,indicating that consumer is in old state or no longer part of the group 
2025-02-14 16:16:05.601  INFO [org.apache.kafka.clients.consumer.internals.ConsumerCoordinator:361] [Consumer clientId=consumer-item_group-1, groupId=item_group] Lost previously assigned partitions Item_Topic-0 
2025-02-14 16:16:05.602  INFO [org.springframework.kafka.listener.KafkaMessageListenerContainer:292] item_group: partitions lost: [Item_Topic-0] 
2025-02-14 16:16:05.603  INFO [org.springframework.kafka.listener.KafkaMessageListenerContainer:292] item_group: partitions revoked: [Item_Topic-0] 
2025-02-14 16:16:05.603  INFO [org.apache.kafka.clients.consumer.internals.ConsumerCoordinator:576] [Consumer clientId=consumer-item_group-1, groupId=item_group] (Re-)joining group 
2025-02-14 16:16:05.606  INFO [org.apache.kafka.clients.consumer.internals.ConsumerCoordinator:906] [Consumer clientId=consumer-item_group-2, groupId=item_group] Discovered group coordinator W49204302.woolworths.co.za:9092 (id: 2147483647 rack: null) 
2025-02-14 16:16:05.606  INFO [org.apache.kafka.clients.consumer.internals.ConsumerCoordinator:906] [Consumer clientId=consumer-item_group-3, groupId=item_group] Discovered group coordinator W49204302.woolworths.co.za:9092 (id: 2147483647 rack: null) 
2025-02-14 16:16:05.607  INFO [org.apache.kafka.clients.consumer.internals.ConsumerCoordinator:1072] [Consumer clientId=consumer-item_group-1, groupId=item_group] Request joining group due to: need to re-join with the given member-id: consumer-item_group-1-c2b2f42a-8adb-4c46-8667-40e3b1fb58be 
2025-02-14 16:16:05.609  INFO [org.apache.kafka.clients.consumer.internals.ConsumerCoordinator:1072] [Consumer clientId=consumer-item_group-1, groupId=item_group] Request joining group due to: rebalance failed due to 'The group member needs to have a valid member id before actually entering a consumer group.' (MemberIdRequiredException) 
2025-02-14 16:16:05.610  INFO [org.apache.kafka.clients.consumer.internals.ConsumerCoordinator:576] [Consumer clientId=consumer-item_group-1, groupId=item_group] (Re-)joining group 
2025-02-14 16:16:05.615  INFO [org.apache.kafka.clients.consumer.internals.ConsumerCoordinator:1226] [Consumer clientId=consumer-item_group-3, groupId=item_group] Attempt to heartbeat with Generation{generationId=33, memberId='consumer-item_group-3-6c6f3106-4024-4de9-aa13-b701c710b8b7', protocol='range'} and group instance id Optional.empty failed due to UNKNOWN_MEMBER_ID, resetting generation 
2025-02-14 16:16:05.615  INFO [org.apache.kafka.clients.consumer.internals.ConsumerCoordinator:1226] [Consumer clientId=consumer-item_group-2, groupId=item_group] Attempt to heartbeat with Generation{generationId=33, memberId='consumer-item_group-2-603e16e1-fb5b-4f6b-9a3f-115148847c67', protocol='range'} and group instance id Optional.empty failed due to UNKNOWN_MEMBER_ID, resetting generation 
2025-02-14 16:16:05.616  INFO [org.apache.kafka.clients.consumer.internals.ConsumerCoordinator:1025] [Consumer clientId=consumer-item_group-3, groupId=item_group] Resetting generation and member id due to: encountered UNKNOWN_MEMBER_ID from HEARTBEAT response 
2025-02-14 16:16:05.616  INFO [org.apache.kafka.clients.consumer.internals.ConsumerCoordinator:1025] [Consumer clientId=consumer-item_group-2, groupId=item_group] Resetting generation and member id due to: encountered UNKNOWN_MEMBER_ID from HEARTBEAT response 
2025-02-14 16:16:05.617  INFO [org.apache.kafka.clients.consumer.internals.ConsumerCoordinator:637] [Consumer clientId=consumer-item_group-1, groupId=item_group] Successfully joined group with generation Generation{generationId=35, memberId='consumer-item_group-1-c2b2f42a-8adb-4c46-8667-40e3b1fb58be', protocol='range'} 
2025-02-14 16:16:05.618  INFO [org.apache.kafka.clients.consumer.internals.ConsumerCoordinator:1072] [Consumer clientId=consumer-item_group-2, groupId=item_group] Request joining group due to: encountered UNKNOWN_MEMBER_ID from HEARTBEAT response 
2025-02-14 16:16:05.617  INFO [org.apache.kafka.clients.consumer.internals.ConsumerCoordinator:1072] [Consumer clientId=consumer-item_group-3, groupId=item_group] Request joining group due to: encountered UNKNOWN_MEMBER_ID from HEARTBEAT response 
2025-02-14 16:16:05.619  INFO [org.apache.kafka.clients.consumer.internals.ConsumerCoordinator:576] [Consumer clientId=consumer-item_group-2, groupId=item_group] (Re-)joining group 
2025-02-14 16:16:05.619  INFO [org.apache.kafka.clients.consumer.internals.ConsumerCoordinator:712] [Consumer clientId=consumer-item_group-1, groupId=item_group] Finished assignment for group at generation 35: {consumer-item_group-1-c2b2f42a-8adb-4c46-8667-40e3b1fb58be=Assignment(partitions=[Item_Topic-0])} 
2025-02-14 16:16:05.619  INFO [org.apache.kafka.clients.consumer.internals.ConsumerCoordinator:576] [Consumer clientId=consumer-item_group-3, groupId=item_group] (Re-)joining group 
2025-02-14 16:16:05.624  INFO [org.apache.kafka.clients.consumer.internals.ConsumerCoordinator:1072] [Consumer clientId=consumer-item_group-2, groupId=item_group] Request joining group due to: need to re-join with the given member-id: consumer-item_group-2-09c11b68-5765-4deb-a0bd-17607c871b20 
2025-02-14 16:16:05.626  INFO [org.apache.kafka.clients.consumer.internals.ConsumerCoordinator:1072] [Consumer clientId=consumer-item_group-2, groupId=item_group] Request joining group due to: rebalance failed due to 'The group member needs to have a valid member id before actually entering a consumer group.' (MemberIdRequiredException) 
2025-02-14 16:16:05.627  INFO [org.apache.kafka.clients.consumer.internals.ConsumerCoordinator:576] [Consumer clientId=consumer-item_group-2, groupId=item_group] (Re-)joining group 
2025-02-14 16:16:05.628  INFO [org.apache.kafka.clients.consumer.internals.ConsumerCoordinator:812] [Consumer clientId=consumer-item_group-1, groupId=item_group] Successfully synced group in generation Generation{generationId=35, memberId='consumer-item_group-1-c2b2f42a-8adb-4c46-8667-40e3b1fb58be', protocol='range'} 
2025-02-14 16:16:05.629  INFO [org.apache.kafka.clients.consumer.internals.ConsumerCoordinator:1072] [Consumer clientId=consumer-item_group-3, groupId=item_group] Request joining group due to: need to re-join with the given member-id: consumer-item_group-3-509b10ae-49df-457e-a860-86c4e63e78fa 
2025-02-14 16:16:05.630  INFO [org.apache.kafka.clients.consumer.internals.ConsumerCoordinator:307] [Consumer clientId=consumer-item_group-1, groupId=item_group] Notifying assignor about the new Assignment(partitions=[Item_Topic-0]) 
2025-02-14 16:16:05.631  INFO [org.apache.kafka.clients.consumer.internals.ConsumerCoordinator:1072] [Consumer clientId=consumer-item_group-3, groupId=item_group] Request joining group due to: rebalance failed due to 'The group member needs to have a valid member id before actually entering a consumer group.' (MemberIdRequiredException) 
2025-02-14 16:16:05.631  INFO [org.apache.kafka.clients.consumer.internals.ConsumerCoordinator:319] [Consumer clientId=consumer-item_group-1, groupId=item_group] Adding newly assigned partitions: Item_Topic-0 
2025-02-14 16:16:05.632  INFO [org.apache.kafka.clients.consumer.internals.ConsumerCoordinator:576] [Consumer clientId=consumer-item_group-3, groupId=item_group] (Re-)joining group 
2025-02-14 16:16:05.639  INFO [org.apache.kafka.clients.consumer.internals.ConsumerCoordinator:975] [Consumer clientId=consumer-item_group-1, groupId=item_group] Setting offset for partition Item_Topic-0 to the committed offset FetchPosition{offset=0, offsetEpoch=Optional.empty, currentLeader=LeaderAndEpoch{leader=Optional[W49204302.woolworths.co.za:9092 (id: 0 rack: null)], epoch=0}} 
2025-02-14 16:16:05.640  INFO [org.springframework.kafka.listener.KafkaMessageListenerContainer:292] item_group: partitions assigned: [Item_Topic-0] 
2025-02-14 16:16:08.628  INFO [org.apache.kafka.clients.consumer.internals.ConsumerCoordinator:1072] [Consumer clientId=consumer-item_group-1, groupId=item_group] Request joining group due to: group is already rebalancing 
2025-02-14 16:16:08.631  INFO [org.apache.kafka.clients.consumer.internals.ConsumerCoordinator:338] [Consumer clientId=consumer-item_group-1, groupId=item_group] Revoke previously assigned partitions Item_Topic-0 
2025-02-14 16:16:08.631  INFO [org.springframework.kafka.listener.KafkaMessageListenerContainer:292] item_group: partitions revoked: [Item_Topic-0] 
2025-02-14 16:16:08.632  INFO [org.apache.kafka.clients.consumer.internals.ConsumerCoordinator:576] [Consumer clientId=consumer-item_group-1, groupId=item_group] (Re-)joining group 
2025-02-14 16:16:08.636  INFO [org.apache.kafka.clients.consumer.internals.ConsumerCoordinator:637] [Consumer clientId=consumer-item_group-2, groupId=item_group] Successfully joined group with generation Generation{generationId=36, memberId='consumer-item_group-2-09c11b68-5765-4deb-a0bd-17607c871b20', protocol='range'} 
2025-02-14 16:16:08.636  INFO [org.apache.kafka.clients.consumer.internals.ConsumerCoordinator:637] [Consumer clientId=consumer-item_group-3, groupId=item_group] Successfully joined group with generation Generation{generationId=36, memberId='consumer-item_group-3-509b10ae-49df-457e-a860-86c4e63e78fa', protocol='range'} 
2025-02-14 16:16:08.637  INFO [org.apache.kafka.clients.consumer.internals.ConsumerCoordinator:637] [Consumer clientId=consumer-item_group-1, groupId=item_group] Successfully joined group with generation Generation{generationId=36, memberId='consumer-item_group-1-c2b2f42a-8adb-4c46-8667-40e3b1fb58be', protocol='range'} 
2025-02-14 16:16:08.638  INFO [org.apache.kafka.clients.consumer.internals.ConsumerCoordinator:712] [Consumer clientId=consumer-item_group-1, groupId=item_group] Finished assignment for group at generation 36: {consumer-item_group-1-c2b2f42a-8adb-4c46-8667-40e3b1fb58be=Assignment(partitions=[Item_Topic-0]), consumer-item_group-3-509b10ae-49df-457e-a860-86c4e63e78fa=Assignment(partitions=[]), consumer-item_group-2-09c11b68-5765-4deb-a0bd-17607c871b20=Assignment(partitions=[])} 
2025-02-14 16:16:08.644  INFO [org.apache.kafka.clients.consumer.internals.ConsumerCoordinator:812] [Consumer clientId=consumer-item_group-3, groupId=item_group] Successfully synced group in generation Generation{generationId=36, memberId='consumer-item_group-3-509b10ae-49df-457e-a860-86c4e63e78fa', protocol='range'} 
2025-02-14 16:16:08.644  INFO [org.apache.kafka.clients.consumer.internals.ConsumerCoordinator:812] [Consumer clientId=consumer-item_group-2, groupId=item_group] Successfully synced group in generation Generation{generationId=36, memberId='consumer-item_group-2-09c11b68-5765-4deb-a0bd-17607c871b20', protocol='range'} 
2025-02-14 16:16:08.644  INFO [org.apache.kafka.clients.consumer.internals.ConsumerCoordinator:812] [Consumer clientId=consumer-item_group-1, groupId=item_group] Successfully synced group in generation Generation{generationId=36, memberId='consumer-item_group-1-c2b2f42a-8adb-4c46-8667-40e3b1fb58be', protocol='range'} 
2025-02-14 16:16:08.645  INFO [org.apache.kafka.clients.consumer.internals.ConsumerCoordinator:307] [Consumer clientId=consumer-item_group-3, groupId=item_group] Notifying assignor about the new Assignment(partitions=[]) 
2025-02-14 16:16:08.646  INFO [org.apache.kafka.clients.consumer.internals.ConsumerCoordinator:307] [Consumer clientId=consumer-item_group-2, groupId=item_group] Notifying assignor about the new Assignment(partitions=[]) 
2025-02-14 16:16:08.646  INFO [org.apache.kafka.clients.consumer.internals.ConsumerCoordinator:319] [Consumer clientId=consumer-item_group-3, groupId=item_group] Adding newly assigned partitions:  
2025-02-14 16:16:08.646  INFO [org.apache.kafka.clients.consumer.internals.ConsumerCoordinator:307] [Consumer clientId=consumer-item_group-1, groupId=item_group] Notifying assignor about the new Assignment(partitions=[Item_Topic-0]) 
2025-02-14 16:16:08.646  INFO [org.apache.kafka.clients.consumer.internals.ConsumerCoordinator:319] [Consumer clientId=consumer-item_group-2, groupId=item_group] Adding newly assigned partitions:  
2025-02-14 16:16:08.647  INFO [org.springframework.kafka.listener.KafkaMessageListenerContainer:292] item_group: partitions assigned: [] 
2025-02-14 16:16:08.647  INFO [org.apache.kafka.clients.consumer.internals.ConsumerCoordinator:319] [Consumer clientId=consumer-item_group-1, groupId=item_group] Adding newly assigned partitions: Item_Topic-0 
2025-02-14 16:16:08.648  INFO [org.springframework.kafka.listener.KafkaMessageListenerContainer:292] item_group: partitions assigned: [] 
2025-02-14 16:16:08.654  INFO [org.apache.kafka.clients.consumer.internals.ConsumerCoordinator:975] [Consumer clientId=consumer-item_group-1, groupId=item_group] Setting offset for partition Item_Topic-0 to the committed offset FetchPosition{offset=0, offsetEpoch=Optional.empty, currentLeader=LeaderAndEpoch{leader=Optional[W49204302.woolworths.co.za:9092 (id: 0 rack: null)], epoch=0}} 
2025-02-14 16:16:08.654  INFO [org.springframework.kafka.listener.KafkaMessageListenerContainer:292] item_group: partitions assigned: [Item_Topic-0] 
2025-02-14 16:21:37.549  INFO [org.apache.kafka.clients.consumer.internals.ConsumerCoordinator:1133] [Consumer clientId=consumer-item_group-2, groupId=item_group] Member consumer-item_group-2-09c11b68-5765-4deb-a0bd-17607c871b20 sending LeaveGroup request to coordinator W49204302.woolworths.co.za:9092 (id: 2147483647 rack: null) due to the consumer unsubscribed from all topics 
2025-02-14 16:21:37.550  INFO [org.apache.kafka.clients.consumer.internals.ConsumerCoordinator:338] [Consumer clientId=consumer-item_group-1, groupId=item_group] Revoke previously assigned partitions Item_Topic-0 
2025-02-14 16:21:37.549  INFO [org.apache.kafka.clients.consumer.internals.ConsumerCoordinator:1133] [Consumer clientId=consumer-item_group-3, groupId=item_group] Member consumer-item_group-3-509b10ae-49df-457e-a860-86c4e63e78fa sending LeaveGroup request to coordinator W49204302.woolworths.co.za:9092 (id: 2147483647 rack: null) due to the consumer unsubscribed from all topics 
2025-02-14 16:21:37.550  INFO [org.springframework.kafka.listener.KafkaMessageListenerContainer:292] item_group: partitions revoked: [Item_Topic-0] 
2025-02-14 16:21:37.551  INFO [org.apache.kafka.clients.consumer.internals.ConsumerCoordinator:1133] [Consumer clientId=consumer-item_group-1, groupId=item_group] Member consumer-item_group-1-c2b2f42a-8adb-4c46-8667-40e3b1fb58be sending LeaveGroup request to coordinator W49204302.woolworths.co.za:9092 (id: 2147483647 rack: null) due to the consumer unsubscribed from all topics 
2025-02-14 16:21:37.551  INFO [org.apache.kafka.clients.consumer.internals.ConsumerCoordinator:1025] [Consumer clientId=consumer-item_group-2, groupId=item_group] Resetting generation and member id due to: consumer pro-actively leaving the group 
2025-02-14 16:21:37.551  INFO [org.apache.kafka.clients.consumer.internals.ConsumerCoordinator:1025] [Consumer clientId=consumer-item_group-1, groupId=item_group] Resetting generation and member id due to: consumer pro-actively leaving the group 
2025-02-14 16:21:37.551  INFO [org.apache.kafka.clients.consumer.internals.ConsumerCoordinator:1072] [Consumer clientId=consumer-item_group-2, groupId=item_group] Request joining group due to: consumer pro-actively leaving the group 
2025-02-14 16:21:37.551  INFO [org.apache.kafka.clients.consumer.internals.ConsumerCoordinator:1025] [Consumer clientId=consumer-item_group-3, groupId=item_group] Resetting generation and member id due to: consumer pro-actively leaving the group 
2025-02-14 16:21:37.552  INFO [org.apache.kafka.clients.consumer.internals.ConsumerCoordinator:1072] [Consumer clientId=consumer-item_group-1, groupId=item_group] Request joining group due to: consumer pro-actively leaving the group 
2025-02-14 16:21:37.552  INFO [org.apache.kafka.clients.consumer.KafkaConsumer:1089] [Consumer clientId=consumer-item_group-2, groupId=item_group] Unsubscribed all topics or patterns and assigned partitions 
2025-02-14 16:21:37.552  INFO [org.apache.kafka.clients.consumer.internals.ConsumerCoordinator:1072] [Consumer clientId=consumer-item_group-3, groupId=item_group] Request joining group due to: consumer pro-actively leaving the group 
2025-02-14 16:21:37.552  INFO [org.apache.kafka.clients.consumer.KafkaConsumer:1089] [Consumer clientId=consumer-item_group-1, groupId=item_group] Unsubscribed all topics or patterns and assigned partitions 
2025-02-14 16:21:37.552  INFO [org.apache.kafka.clients.consumer.KafkaConsumer:1089] [Consumer clientId=consumer-item_group-3, groupId=item_group] Unsubscribed all topics or patterns and assigned partitions 
2025-02-14 16:21:37.554  INFO [org.apache.kafka.clients.consumer.internals.ConsumerCoordinator:1025] [Consumer clientId=consumer-item_group-3, groupId=item_group] Resetting generation and member id due to: consumer pro-actively leaving the group 
2025-02-14 16:21:37.554  INFO [org.apache.kafka.clients.consumer.internals.ConsumerCoordinator:1025] [Consumer clientId=consumer-item_group-1, groupId=item_group] Resetting generation and member id due to: consumer pro-actively leaving the group 
2025-02-14 16:21:37.555  INFO [org.apache.kafka.clients.consumer.internals.ConsumerCoordinator:1072] [Consumer clientId=consumer-item_group-3, groupId=item_group] Request joining group due to: consumer pro-actively leaving the group 
2025-02-14 16:21:37.555  INFO [org.apache.kafka.clients.consumer.internals.ConsumerCoordinator:1072] [Consumer clientId=consumer-item_group-1, groupId=item_group] Request joining group due to: consumer pro-actively leaving the group 
2025-02-14 16:21:37.554  INFO [org.apache.kafka.clients.consumer.internals.ConsumerCoordinator:1025] [Consumer clientId=consumer-item_group-2, groupId=item_group] Resetting generation and member id due to: consumer pro-actively leaving the group 
2025-02-14 16:21:37.555  INFO [org.apache.kafka.clients.consumer.internals.ConsumerCoordinator:1072] [Consumer clientId=consumer-item_group-2, groupId=item_group] Request joining group due to: consumer pro-actively leaving the group 
2025-02-14 16:21:37.560  INFO [org.apache.kafka.common.metrics.Metrics:693] Metrics scheduler closed 
2025-02-14 16:21:37.560  INFO [org.apache.kafka.common.metrics.Metrics:697] Closing reporter org.apache.kafka.common.metrics.JmxReporter 
2025-02-14 16:21:37.561  INFO [org.apache.kafka.common.metrics.Metrics:703] Metrics reporters closed 
2025-02-14 16:21:37.562  INFO [org.apache.kafka.common.utils.AppInfoParser:83] App info kafka.consumer for consumer-item_group-3 unregistered 
2025-02-14 16:21:37.563  INFO [org.springframework.kafka.listener.KafkaMessageListenerContainer:292] item_group: Consumer stopped 
2025-02-14 16:21:37.566  INFO [org.apache.kafka.common.metrics.Metrics:693] Metrics scheduler closed 
2025-02-14 16:21:37.567  INFO [org.apache.kafka.common.metrics.Metrics:697] Closing reporter org.apache.kafka.common.metrics.JmxReporter 
2025-02-14 16:21:37.567  INFO [org.apache.kafka.common.metrics.Metrics:703] Metrics reporters closed 
2025-02-14 16:21:37.571  INFO [org.apache.kafka.common.utils.AppInfoParser:83] App info kafka.consumer for consumer-item_group-2 unregistered 
2025-02-14 16:21:37.571  INFO [org.springframework.kafka.listener.KafkaMessageListenerContainer:292] item_group: Consumer stopped 
2025-02-14 16:21:37.950  INFO [org.apache.kafka.common.metrics.Metrics:693] Metrics scheduler closed 
2025-02-14 16:21:37.951  INFO [org.apache.kafka.common.metrics.Metrics:697] Closing reporter org.apache.kafka.common.metrics.JmxReporter 
2025-02-14 16:21:37.951  INFO [org.apache.kafka.common.metrics.Metrics:703] Metrics reporters closed 
2025-02-14 16:21:37.955  INFO [org.apache.kafka.common.utils.AppInfoParser:83] App info kafka.consumer for consumer-item_group-1 unregistered 
2025-02-14 16:21:37.956  INFO [org.springframework.kafka.listener.KafkaMessageListenerContainer:292] item_group: Consumer stopped 
2025-02-14 16:21:37.961  INFO [org.springframework.orm.jpa.LocalContainerEntityManagerFactoryBean:651] Closing JPA EntityManagerFactory for persistence unit 'default' 
2025-02-14 16:21:37.966  INFO [com.zaxxer.hikari.HikariDataSource:350] HikariPool-1 - Shutdown initiated... 
2025-02-14 16:21:37.969  INFO [com.zaxxer.hikari.HikariDataSource:352] HikariPool-1 - Shutdown completed. 
