2025-01-06 13:18:41.193  INFO [za.co.woolworths.itemkafka_poc.KafkaItemProducerPocApplication:55] Starting KafkaItemProducerPocApplication using Java 15.0.2 on W49204302 with PID 9208 (C:\Workspaces\Item-Kafka-Producer-POC\Item-Kafka-Producer-POC\target\classes started by W7178930 in C:\Workspaces\Item-Kafka-Producer-POC\Item-Kafka-Producer-POC) 
2025-01-06 13:18:41.202  INFO [za.co.woolworths.itemkafka_poc.KafkaItemProducerPocApplication:640] The following 2 profiles are active: "swagger", "dev" 
2025-01-06 13:18:42.996  INFO [org.springframework.data.repository.config.RepositoryConfigurationDelegate:132] Bootstrapping Spring Data JPA repositories in DEFAULT mode. 
2025-01-06 13:18:43.097  INFO [org.springframework.data.repository.config.RepositoryConfigurationDelegate:201] Finished Spring Data repository scanning in 78 ms. Found 1 JPA repository interfaces. 
2025-01-06 13:18:44.415  INFO [org.springframework.boot.web.embedded.tomcat.TomcatWebServer:108] Tomcat initialized with port(s): 8081 (http) 
2025-01-06 13:18:44.430  INFO [org.apache.coyote.http11.Http11NioProtocol:173] Initializing ProtocolHandler ["http-nio-8081"] 
2025-01-06 13:18:44.431  INFO [org.apache.catalina.core.StandardService:173] Starting service [Tomcat] 
2025-01-06 13:18:44.431  INFO [org.apache.catalina.core.StandardEngine:173] Starting Servlet engine: [Apache Tomcat/9.0.64] 
2025-01-06 13:18:44.697  INFO [org.apache.catalina.core.ContainerBase.[Tomcat].[localhost].[/]:173] Initializing Spring embedded WebApplicationContext 
2025-01-06 13:18:44.697  INFO [org.springframework.boot.web.servlet.context.ServletWebServerApplicationContext:292] Root WebApplicationContext: initialization completed in 3412 ms 
2025-01-06 13:18:45.512  INFO [com.zaxxer.hikari.HikariDataSource:110] HikariPool-1 - Starting... 
2025-01-06 13:18:46.256  INFO [com.zaxxer.hikari.HikariDataSource:123] HikariPool-1 - Start completed. 
2025-01-06 13:18:46.364  INFO [org.hibernate.jpa.internal.util.LogHelper:31] HHH000204: Processing PersistenceUnitInfo [name: default] 
2025-01-06 13:18:46.534  INFO [org.hibernate.Version:44] HHH000412: Hibernate ORM core version 5.6.9.Final 
2025-01-06 13:18:47.105  INFO [org.hibernate.annotations.common.Version:56] HCANN000001: Hibernate Commons Annotations {5.1.2.Final} 
2025-01-06 13:18:47.518  INFO [org.hibernate.dialect.Dialect:175] HHH000400: Using dialect: org.hibernate.dialect.SQLServer2016Dialect 
2025-01-06 13:18:48.900  INFO [org.hibernate.engine.transaction.jta.platform.internal.JtaPlatformInitiator:52] HHH000490: Using JtaPlatform implementation: [org.hibernate.engine.transaction.jta.platform.internal.NoJtaPlatform] 
2025-01-06 13:18:48.920  INFO [org.springframework.orm.jpa.LocalContainerEntityManagerFactoryBean:437] Initialized JPA EntityManagerFactory for persistence unit 'default' 
2025-01-06 13:18:50.236  WARN [org.springframework.boot.autoconfigure.orm.jpa.JpaBaseConfiguration$JpaWebConfiguration:219] spring.jpa.open-in-view is enabled by default. Therefore, database queries may be performed during view rendering. Explicitly configure spring.jpa.open-in-view to disable this warning 
2025-01-06 13:18:50.415 DEBUG [org.springframework.web.servlet.mvc.method.annotation.RequestMappingHandlerMapping:367] 10 mappings in 'requestMappingHandlerMapping' 
2025-01-06 13:18:51.015 DEBUG [org.springframework.web.servlet.handler.SimpleUrlHandlerMapping:188] Patterns [/agent/swagger-ui*/**] in 'resourceHandlerMapping' 
2025-01-06 13:18:51.106 DEBUG [org.springframework.web.servlet.mvc.method.annotation.RequestMappingHandlerAdapter:625] ControllerAdvice beans: 0 @ModelAttribute, 0 @InitBinder, 1 RequestBodyAdvice, 1 ResponseBodyAdvice 
2025-01-06 13:18:51.178 DEBUG [org.springframework.web.servlet.mvc.method.annotation.ExceptionHandlerExceptionResolver:307] ControllerAdvice beans: 1 @ExceptionHandler, 1 ResponseBodyAdvice 
2025-01-06 13:18:51.862  INFO [org.springframework.boot.actuate.endpoint.web.EndpointLinksResolver:58] Exposing 1 endpoint(s) beneath base path '/actuator' 
2025-01-06 13:18:52.103  INFO [org.apache.kafka.clients.consumer.ConsumerConfig:376] ConsumerConfig values: 
	allow.auto.create.topics = true
	auto.commit.interval.ms = 5000
	auto.offset.reset = latest
	bootstrap.servers = [localhost:9092]
	check.crcs = true
	client.dns.lookup = use_all_dns_ips
	client.id = consumer-item_group-1
	client.rack = 
	connections.max.idle.ms = 540000
	default.api.timeout.ms = 60000
	enable.auto.commit = false
	exclude.internal.topics = true
	fetch.max.bytes = 52428800
	fetch.max.wait.ms = 500
	fetch.min.bytes = 1
	group.id = item_group
	group.instance.id = null
	heartbeat.interval.ms = 3000
	interceptor.classes = []
	internal.leave.group.on.close = true
	internal.throw.on.fetch.stable.offset.unsupported = false
	isolation.level = read_uncommitted
	key.deserializer = class org.apache.kafka.common.serialization.StringDeserializer
	max.partition.fetch.bytes = 1048576
	max.poll.interval.ms = 300000
	max.poll.records = 500
	metadata.max.age.ms = 300000
	metric.reporters = []
	metrics.num.samples = 2
	metrics.recording.level = INFO
	metrics.sample.window.ms = 30000
	partition.assignment.strategy = [class org.apache.kafka.clients.consumer.RangeAssignor, class org.apache.kafka.clients.consumer.CooperativeStickyAssignor]
	receive.buffer.bytes = 65536
	reconnect.backoff.max.ms = 1000
	reconnect.backoff.ms = 50
	request.timeout.ms = 30000
	retry.backoff.ms = 100
	sasl.client.callback.handler.class = null
	sasl.jaas.config = null
	sasl.kerberos.kinit.cmd = /usr/bin/kinit
	sasl.kerberos.min.time.before.relogin = 60000
	sasl.kerberos.service.name = null
	sasl.kerberos.ticket.renew.jitter = 0.05
	sasl.kerberos.ticket.renew.window.factor = 0.8
	sasl.login.callback.handler.class = null
	sasl.login.class = null
	sasl.login.connect.timeout.ms = null
	sasl.login.read.timeout.ms = null
	sasl.login.refresh.buffer.seconds = 300
	sasl.login.refresh.min.period.seconds = 60
	sasl.login.refresh.window.factor = 0.8
	sasl.login.refresh.window.jitter = 0.05
	sasl.login.retry.backoff.max.ms = 10000
	sasl.login.retry.backoff.ms = 100
	sasl.mechanism = GSSAPI
	sasl.oauthbearer.clock.skew.seconds = 30
	sasl.oauthbearer.expected.audience = null
	sasl.oauthbearer.expected.issuer = null
	sasl.oauthbearer.jwks.endpoint.refresh.ms = 3600000
	sasl.oauthbearer.jwks.endpoint.retry.backoff.max.ms = 10000
	sasl.oauthbearer.jwks.endpoint.retry.backoff.ms = 100
	sasl.oauthbearer.jwks.endpoint.url = null
	sasl.oauthbearer.scope.claim.name = scope
	sasl.oauthbearer.sub.claim.name = sub
	sasl.oauthbearer.token.endpoint.url = null
	security.protocol = PLAINTEXT
	security.providers = null
	send.buffer.bytes = 131072
	session.timeout.ms = 45000
	socket.connection.setup.timeout.max.ms = 30000
	socket.connection.setup.timeout.ms = 10000
	ssl.cipher.suites = null
	ssl.enabled.protocols = [TLSv1.2, TLSv1.3]
	ssl.endpoint.identification.algorithm = https
	ssl.engine.factory.class = null
	ssl.key.password = null
	ssl.keymanager.algorithm = SunX509
	ssl.keystore.certificate.chain = null
	ssl.keystore.key = null
	ssl.keystore.location = null
	ssl.keystore.password = null
	ssl.keystore.type = JKS
	ssl.protocol = TLSv1.3
	ssl.provider = null
	ssl.secure.random.implementation = null
	ssl.trustmanager.algorithm = PKIX
	ssl.truststore.certificates = null
	ssl.truststore.location = null
	ssl.truststore.password = null
	ssl.truststore.type = JKS
	value.deserializer = class org.apache.kafka.common.serialization.StringDeserializer
 
2025-01-06 13:18:52.436  INFO [org.apache.kafka.common.utils.AppInfoParser:119] Kafka version: 3.1.1 
2025-01-06 13:18:52.437  INFO [org.apache.kafka.common.utils.AppInfoParser:120] Kafka commitId: 97671528ba54a138 
2025-01-06 13:18:52.438  INFO [org.apache.kafka.common.utils.AppInfoParser:121] Kafka startTimeMs: 1736162332434 
2025-01-06 13:18:52.484  INFO [org.apache.kafka.clients.consumer.KafkaConsumer:966] [Consumer clientId=consumer-item_group-1, groupId=item_group] Subscribed to topic(s): Item_Topic 
2025-01-06 13:18:52.511  INFO [org.apache.coyote.http11.Http11NioProtocol:173] Starting ProtocolHandler ["http-nio-8081"] 
2025-01-06 13:18:52.542  INFO [org.springframework.boot.web.embedded.tomcat.TomcatWebServer:220] Tomcat started on port(s): 8081 (http) with context path '' 
2025-01-06 13:18:52.573  INFO [za.co.woolworths.itemkafka_poc.KafkaItemProducerPocApplication:61] Started KafkaItemProducerPocApplication in 12.395 seconds (JVM running for 13.236) 
2025-01-06 13:18:55.185  INFO [org.apache.kafka.clients.NetworkClient:935] [Consumer clientId=consumer-item_group-1, groupId=item_group] Node -1 disconnected. 
2025-01-06 13:18:55.190  WARN [org.apache.kafka.clients.NetworkClient:775] [Consumer clientId=consumer-item_group-1, groupId=item_group] Connection to node -1 (localhost/127.0.0.1:9092) could not be established. Broker may not be available. 
2025-01-06 13:18:55.191  WARN [org.apache.kafka.clients.NetworkClient:1063] [Consumer clientId=consumer-item_group-1, groupId=item_group] Bootstrap broker localhost:9092 (id: -1 rack: null) disconnected 
2025-01-06 13:18:57.307  INFO [org.apache.kafka.clients.NetworkClient:935] [Consumer clientId=consumer-item_group-1, groupId=item_group] Node -1 disconnected. 
2025-01-06 13:18:57.308  WARN [org.apache.kafka.clients.NetworkClient:775] [Consumer clientId=consumer-item_group-1, groupId=item_group] Connection to node -1 (localhost/127.0.0.1:9092) could not be established. Broker may not be available. 
2025-01-06 13:18:57.308  WARN [org.apache.kafka.clients.NetworkClient:1063] [Consumer clientId=consumer-item_group-1, groupId=item_group] Bootstrap broker localhost:9092 (id: -1 rack: null) disconnected 
2025-01-06 13:18:59.442  INFO [org.apache.kafka.clients.NetworkClient:935] [Consumer clientId=consumer-item_group-1, groupId=item_group] Node -1 disconnected. 
2025-01-06 13:18:59.443  WARN [org.apache.kafka.clients.NetworkClient:775] [Consumer clientId=consumer-item_group-1, groupId=item_group] Connection to node -1 (localhost/127.0.0.1:9092) could not be established. Broker may not be available. 
2025-01-06 13:18:59.444  WARN [org.apache.kafka.clients.NetworkClient:1063] [Consumer clientId=consumer-item_group-1, groupId=item_group] Bootstrap broker localhost:9092 (id: -1 rack: null) disconnected 
2025-01-06 13:19:01.719  INFO [org.apache.kafka.clients.NetworkClient:935] [Consumer clientId=consumer-item_group-1, groupId=item_group] Node -1 disconnected. 
2025-01-06 13:19:01.719  WARN [org.apache.kafka.clients.NetworkClient:775] [Consumer clientId=consumer-item_group-1, groupId=item_group] Connection to node -1 (localhost/127.0.0.1:9092) could not be established. Broker may not be available. 
2025-01-06 13:19:01.719  WARN [org.apache.kafka.clients.NetworkClient:1063] [Consumer clientId=consumer-item_group-1, groupId=item_group] Bootstrap broker localhost:9092 (id: -1 rack: null) disconnected 
2025-01-06 13:19:04.124  INFO [org.apache.kafka.clients.NetworkClient:935] [Consumer clientId=consumer-item_group-1, groupId=item_group] Node -1 disconnected. 
2025-01-06 13:19:04.125  WARN [org.apache.kafka.clients.NetworkClient:775] [Consumer clientId=consumer-item_group-1, groupId=item_group] Connection to node -1 (localhost/127.0.0.1:9092) could not be established. Broker may not be available. 
2025-01-06 13:19:04.126  WARN [org.apache.kafka.clients.NetworkClient:1063] [Consumer clientId=consumer-item_group-1, groupId=item_group] Bootstrap broker localhost:9092 (id: -1 rack: null) disconnected 
2025-01-06 13:19:07.074  INFO [org.apache.kafka.clients.NetworkClient:935] [Consumer clientId=consumer-item_group-1, groupId=item_group] Node -1 disconnected. 
2025-01-06 13:19:07.075  WARN [org.apache.kafka.clients.NetworkClient:775] [Consumer clientId=consumer-item_group-1, groupId=item_group] Connection to node -1 (localhost/127.0.0.1:9092) could not be established. Broker may not be available. 
2025-01-06 13:19:07.075  WARN [org.apache.kafka.clients.NetworkClient:1063] [Consumer clientId=consumer-item_group-1, groupId=item_group] Bootstrap broker localhost:9092 (id: -1 rack: null) disconnected 
2025-01-06 13:19:10.207  INFO [org.apache.kafka.clients.NetworkClient:935] [Consumer clientId=consumer-item_group-1, groupId=item_group] Node -1 disconnected. 
2025-01-06 13:19:10.207  WARN [org.apache.kafka.clients.NetworkClient:775] [Consumer clientId=consumer-item_group-1, groupId=item_group] Connection to node -1 (localhost/127.0.0.1:9092) could not be established. Broker may not be available. 
2025-01-06 13:19:10.208  WARN [org.apache.kafka.clients.NetworkClient:1063] [Consumer clientId=consumer-item_group-1, groupId=item_group] Bootstrap broker localhost:9092 (id: -1 rack: null) disconnected 
2025-01-06 13:19:13.297  INFO [org.apache.kafka.clients.NetworkClient:935] [Consumer clientId=consumer-item_group-1, groupId=item_group] Node -1 disconnected. 
2025-01-06 13:19:13.298  WARN [org.apache.kafka.clients.NetworkClient:775] [Consumer clientId=consumer-item_group-1, groupId=item_group] Connection to node -1 (localhost/127.0.0.1:9092) could not be established. Broker may not be available. 
2025-01-06 13:19:13.298  WARN [org.apache.kafka.clients.NetworkClient:1063] [Consumer clientId=consumer-item_group-1, groupId=item_group] Bootstrap broker localhost:9092 (id: -1 rack: null) disconnected 
2025-01-06 13:19:16.509  INFO [org.apache.kafka.clients.NetworkClient:935] [Consumer clientId=consumer-item_group-1, groupId=item_group] Node -1 disconnected. 
2025-01-06 13:19:16.510  WARN [org.apache.kafka.clients.NetworkClient:775] [Consumer clientId=consumer-item_group-1, groupId=item_group] Connection to node -1 (localhost/127.0.0.1:9092) could not be established. Broker may not be available. 
2025-01-06 13:19:16.510  WARN [org.apache.kafka.clients.NetworkClient:1063] [Consumer clientId=consumer-item_group-1, groupId=item_group] Bootstrap broker localhost:9092 (id: -1 rack: null) disconnected 
2025-01-06 13:19:19.482  INFO [org.apache.kafka.clients.NetworkClient:935] [Consumer clientId=consumer-item_group-1, groupId=item_group] Node -1 disconnected. 
2025-01-06 13:19:19.484  WARN [org.apache.kafka.clients.NetworkClient:775] [Consumer clientId=consumer-item_group-1, groupId=item_group] Connection to node -1 (localhost/127.0.0.1:9092) could not be established. Broker may not be available. 
2025-01-06 13:19:19.484  WARN [org.apache.kafka.clients.NetworkClient:1063] [Consumer clientId=consumer-item_group-1, groupId=item_group] Bootstrap broker localhost:9092 (id: -1 rack: null) disconnected 
2025-01-06 13:19:22.563  INFO [org.apache.kafka.clients.NetworkClient:935] [Consumer clientId=consumer-item_group-1, groupId=item_group] Node -1 disconnected. 
2025-01-06 13:19:22.564  WARN [org.apache.kafka.clients.NetworkClient:775] [Consumer clientId=consumer-item_group-1, groupId=item_group] Connection to node -1 (localhost/127.0.0.1:9092) could not be established. Broker may not be available. 
2025-01-06 13:19:22.565  WARN [org.apache.kafka.clients.NetworkClient:1063] [Consumer clientId=consumer-item_group-1, groupId=item_group] Bootstrap broker localhost:9092 (id: -1 rack: null) disconnected 
2025-01-06 13:19:25.706  INFO [org.apache.kafka.clients.NetworkClient:935] [Consumer clientId=consumer-item_group-1, groupId=item_group] Node -1 disconnected. 
2025-01-06 13:19:25.707  WARN [org.apache.kafka.clients.NetworkClient:775] [Consumer clientId=consumer-item_group-1, groupId=item_group] Connection to node -1 (localhost/127.0.0.1:9092) could not be established. Broker may not be available. 
2025-01-06 13:19:25.707  WARN [org.apache.kafka.clients.NetworkClient:1063] [Consumer clientId=consumer-item_group-1, groupId=item_group] Bootstrap broker localhost:9092 (id: -1 rack: null) disconnected 
2025-01-06 13:19:28.799  INFO [org.apache.kafka.clients.NetworkClient:935] [Consumer clientId=consumer-item_group-1, groupId=item_group] Node -1 disconnected. 
2025-01-06 13:19:28.800  WARN [org.apache.kafka.clients.NetworkClient:775] [Consumer clientId=consumer-item_group-1, groupId=item_group] Connection to node -1 (localhost/127.0.0.1:9092) could not be established. Broker may not be available. 
2025-01-06 13:19:28.801  WARN [org.apache.kafka.clients.NetworkClient:1063] [Consumer clientId=consumer-item_group-1, groupId=item_group] Bootstrap broker localhost:9092 (id: -1 rack: null) disconnected 
2025-01-06 13:19:31.966  INFO [org.apache.kafka.clients.NetworkClient:935] [Consumer clientId=consumer-item_group-1, groupId=item_group] Node -1 disconnected. 
2025-01-06 13:19:31.967  WARN [org.apache.kafka.clients.NetworkClient:775] [Consumer clientId=consumer-item_group-1, groupId=item_group] Connection to node -1 (localhost/127.0.0.1:9092) could not be established. Broker may not be available. 
2025-01-06 13:19:31.969  WARN [org.apache.kafka.clients.NetworkClient:1063] [Consumer clientId=consumer-item_group-1, groupId=item_group] Bootstrap broker localhost:9092 (id: -1 rack: null) disconnected 
2025-01-06 13:19:35.225  INFO [org.apache.kafka.clients.NetworkClient:935] [Consumer clientId=consumer-item_group-1, groupId=item_group] Node -1 disconnected. 
2025-01-06 13:19:35.226  WARN [org.apache.kafka.clients.NetworkClient:775] [Consumer clientId=consumer-item_group-1, groupId=item_group] Connection to node -1 (localhost/127.0.0.1:9092) could not be established. Broker may not be available. 
2025-01-06 13:19:35.227  WARN [org.apache.kafka.clients.NetworkClient:1063] [Consumer clientId=consumer-item_group-1, groupId=item_group] Bootstrap broker localhost:9092 (id: -1 rack: null) disconnected 
2025-01-06 13:19:35.623  INFO [org.apache.catalina.core.ContainerBase.[Tomcat].[localhost].[/]:173] Initializing Spring DispatcherServlet 'dispatcherServlet' 
2025-01-06 13:19:35.623  INFO [org.springframework.web.servlet.DispatcherServlet:525] Initializing Servlet 'dispatcherServlet' 
2025-01-06 13:19:35.624 DEBUG [org.springframework.web.servlet.DispatcherServlet:520] Detected StandardServletMultipartResolver 
2025-01-06 13:19:35.624 DEBUG [org.springframework.web.servlet.DispatcherServlet:544] Detected AcceptHeaderLocaleResolver 
2025-01-06 13:19:35.625 DEBUG [org.springframework.web.servlet.DispatcherServlet:569] Detected FixedThemeResolver 
2025-01-06 13:19:35.626 DEBUG [org.springframework.web.servlet.DispatcherServlet:719] Detected org.springframework.web.servlet.view.DefaultRequestToViewNameTranslator@11a0c708 
2025-01-06 13:19:35.627 DEBUG [org.springframework.web.servlet.DispatcherServlet:783] Detected org.springframework.web.servlet.support.SessionFlashMapManager@3052395d 
2025-01-06 13:19:35.628 DEBUG [org.springframework.web.servlet.DispatcherServlet:542] enableLoggingRequestDetails='false': request parameters and headers will be masked to prevent unsafe logging of potentially sensitive data 
2025-01-06 13:19:35.628  INFO [org.springframework.web.servlet.DispatcherServlet:547] Completed initialization in 4 ms 
2025-01-06 13:19:35.641 DEBUG [org.springframework.web.servlet.DispatcherServlet:119] POST "/item-kafka/app/publish-items/v1", parameters={} 
2025-01-06 13:19:35.656 DEBUG [org.springframework.web.servlet.mvc.method.annotation.RequestMappingHandlerMapping:522] Mapped to za.co.woolworths.itemkafka_poc.controller.ItemProducerController#createItemKafkaTopic() 
2025-01-06 13:19:36.299  INFO [org.apache.kafka.clients.producer.ProducerConfig:376] ProducerConfig values: 
	acks = -1
	batch.size = 16384
	bootstrap.servers = [localhost:9092]
	buffer.memory = 33554432
	client.dns.lookup = use_all_dns_ips
	client.id = producer-1
	compression.type = none
	connections.max.idle.ms = 540000
	delivery.timeout.ms = 120000
	enable.idempotence = true
	interceptor.classes = []
	key.serializer = class org.apache.kafka.common.serialization.StringSerializer
	linger.ms = 0
	max.block.ms = 60000
	max.in.flight.requests.per.connection = 5
	max.request.size = 1048576
	metadata.max.age.ms = 300000
	metadata.max.idle.ms = 300000
	metric.reporters = []
	metrics.num.samples = 2
	metrics.recording.level = INFO
	metrics.sample.window.ms = 30000
	partitioner.class = class org.apache.kafka.clients.producer.internals.DefaultPartitioner
	receive.buffer.bytes = 32768
	reconnect.backoff.max.ms = 1000
	reconnect.backoff.ms = 50
	request.timeout.ms = 30000
	retries = 2147483647
	retry.backoff.ms = 100
	sasl.client.callback.handler.class = null
	sasl.jaas.config = null
	sasl.kerberos.kinit.cmd = /usr/bin/kinit
	sasl.kerberos.min.time.before.relogin = 60000
	sasl.kerberos.service.name = null
	sasl.kerberos.ticket.renew.jitter = 0.05
	sasl.kerberos.ticket.renew.window.factor = 0.8
	sasl.login.callback.handler.class = null
	sasl.login.class = null
	sasl.login.connect.timeout.ms = null
	sasl.login.read.timeout.ms = null
	sasl.login.refresh.buffer.seconds = 300
	sasl.login.refresh.min.period.seconds = 60
	sasl.login.refresh.window.factor = 0.8
	sasl.login.refresh.window.jitter = 0.05
	sasl.login.retry.backoff.max.ms = 10000
	sasl.login.retry.backoff.ms = 100
	sasl.mechanism = GSSAPI
	sasl.oauthbearer.clock.skew.seconds = 30
	sasl.oauthbearer.expected.audience = null
	sasl.oauthbearer.expected.issuer = null
	sasl.oauthbearer.jwks.endpoint.refresh.ms = 3600000
	sasl.oauthbearer.jwks.endpoint.retry.backoff.max.ms = 10000
	sasl.oauthbearer.jwks.endpoint.retry.backoff.ms = 100
	sasl.oauthbearer.jwks.endpoint.url = null
	sasl.oauthbearer.scope.claim.name = scope
	sasl.oauthbearer.sub.claim.name = sub
	sasl.oauthbearer.token.endpoint.url = null
	security.protocol = PLAINTEXT
	security.providers = null
	send.buffer.bytes = 131072
	socket.connection.setup.timeout.max.ms = 30000
	socket.connection.setup.timeout.ms = 10000
	ssl.cipher.suites = null
	ssl.enabled.protocols = [TLSv1.2, TLSv1.3]
	ssl.endpoint.identification.algorithm = https
	ssl.engine.factory.class = null
	ssl.key.password = null
	ssl.keymanager.algorithm = SunX509
	ssl.keystore.certificate.chain = null
	ssl.keystore.key = null
	ssl.keystore.location = null
	ssl.keystore.password = null
	ssl.keystore.type = JKS
	ssl.protocol = TLSv1.3
	ssl.provider = null
	ssl.secure.random.implementation = null
	ssl.trustmanager.algorithm = PKIX
	ssl.truststore.certificates = null
	ssl.truststore.location = null
	ssl.truststore.password = null
	ssl.truststore.type = JKS
	transaction.timeout.ms = 60000
	transactional.id = null
	value.serializer = class org.apache.kafka.common.serialization.StringSerializer
 
2025-01-06 13:19:36.326  INFO [org.apache.kafka.clients.producer.KafkaProducer:572] [Producer clientId=producer-1] Instantiated an idempotent producer. 
2025-01-06 13:19:36.358  INFO [org.apache.kafka.common.utils.AppInfoParser:119] Kafka version: 3.1.1 
2025-01-06 13:19:36.359  INFO [org.apache.kafka.common.utils.AppInfoParser:120] Kafka commitId: 97671528ba54a138 
2025-01-06 13:19:36.359  INFO [org.apache.kafka.common.utils.AppInfoParser:121] Kafka startTimeMs: 1736162376358 
2025-01-06 13:19:38.321  INFO [org.apache.kafka.clients.NetworkClient:935] [Consumer clientId=consumer-item_group-1, groupId=item_group] Node -1 disconnected. 
2025-01-06 13:19:38.322  WARN [org.apache.kafka.clients.NetworkClient:775] [Consumer clientId=consumer-item_group-1, groupId=item_group] Connection to node -1 (localhost/127.0.0.1:9092) could not be established. Broker may not be available. 
2025-01-06 13:19:38.323  WARN [org.apache.kafka.clients.NetworkClient:1063] [Consumer clientId=consumer-item_group-1, groupId=item_group] Bootstrap broker localhost:9092 (id: -1 rack: null) disconnected 
2025-01-06 13:19:38.404  INFO [org.apache.kafka.clients.NetworkClient:935] [Producer clientId=producer-1] Node -1 disconnected. 
2025-01-06 13:19:38.405  WARN [org.apache.kafka.clients.NetworkClient:775] [Producer clientId=producer-1] Connection to node -1 (localhost/127.0.0.1:9092) could not be established. Broker may not be available. 
2025-01-06 13:19:38.406  WARN [org.apache.kafka.clients.NetworkClient:1063] [Producer clientId=producer-1] Bootstrap broker localhost:9092 (id: -1 rack: null) disconnected 
2025-01-06 13:19:40.543  INFO [org.apache.kafka.clients.NetworkClient:935] [Producer clientId=producer-1] Node -1 disconnected. 
2025-01-06 13:19:40.544  WARN [org.apache.kafka.clients.NetworkClient:775] [Producer clientId=producer-1] Connection to node -1 (localhost/127.0.0.1:9092) could not be established. Broker may not be available. 
2025-01-06 13:19:40.544  WARN [org.apache.kafka.clients.NetworkClient:1063] [Producer clientId=producer-1] Bootstrap broker localhost:9092 (id: -1 rack: null) disconnected 
2025-01-06 13:19:41.372  INFO [org.apache.kafka.clients.NetworkClient:935] [Consumer clientId=consumer-item_group-1, groupId=item_group] Node -1 disconnected. 
2025-01-06 13:19:41.373  WARN [org.apache.kafka.clients.NetworkClient:775] [Consumer clientId=consumer-item_group-1, groupId=item_group] Connection to node -1 (localhost/127.0.0.1:9092) could not be established. Broker may not be available. 
2025-01-06 13:19:41.375  WARN [org.apache.kafka.clients.NetworkClient:1063] [Consumer clientId=consumer-item_group-1, groupId=item_group] Bootstrap broker localhost:9092 (id: -1 rack: null) disconnected 
2025-01-06 13:19:42.675  INFO [org.apache.kafka.clients.NetworkClient:935] [Producer clientId=producer-1] Node -1 disconnected. 
2025-01-06 13:19:42.675  WARN [org.apache.kafka.clients.NetworkClient:775] [Producer clientId=producer-1] Connection to node -1 (localhost/127.0.0.1:9092) could not be established. Broker may not be available. 
2025-01-06 13:19:42.676  WARN [org.apache.kafka.clients.NetworkClient:1063] [Producer clientId=producer-1] Bootstrap broker localhost:9092 (id: -1 rack: null) disconnected 
2025-01-06 13:19:44.574  INFO [org.apache.kafka.clients.NetworkClient:935] [Consumer clientId=consumer-item_group-1, groupId=item_group] Node -1 disconnected. 
2025-01-06 13:19:44.575  WARN [org.apache.kafka.clients.NetworkClient:775] [Consumer clientId=consumer-item_group-1, groupId=item_group] Connection to node -1 (localhost/127.0.0.1:9092) could not be established. Broker may not be available. 
2025-01-06 13:19:44.575  WARN [org.apache.kafka.clients.NetworkClient:1063] [Consumer clientId=consumer-item_group-1, groupId=item_group] Bootstrap broker localhost:9092 (id: -1 rack: null) disconnected 
2025-01-06 13:19:44.894  INFO [org.apache.kafka.clients.NetworkClient:935] [Producer clientId=producer-1] Node -1 disconnected. 
2025-01-06 13:19:44.895  WARN [org.apache.kafka.clients.NetworkClient:775] [Producer clientId=producer-1] Connection to node -1 (localhost/127.0.0.1:9092) could not be established. Broker may not be available. 
2025-01-06 13:19:44.895  WARN [org.apache.kafka.clients.NetworkClient:1063] [Producer clientId=producer-1] Bootstrap broker localhost:9092 (id: -1 rack: null) disconnected 
2025-01-06 13:19:47.383  INFO [org.apache.kafka.clients.NetworkClient:935] [Producer clientId=producer-1] Node -1 disconnected. 
2025-01-06 13:19:47.384  WARN [org.apache.kafka.clients.NetworkClient:775] [Producer clientId=producer-1] Connection to node -1 (localhost/127.0.0.1:9092) could not be established. Broker may not be available. 
2025-01-06 13:19:47.385  WARN [org.apache.kafka.clients.NetworkClient:1063] [Producer clientId=producer-1] Bootstrap broker localhost:9092 (id: -1 rack: null) disconnected 
2025-01-06 13:19:47.726  INFO [org.apache.kafka.clients.NetworkClient:935] [Consumer clientId=consumer-item_group-1, groupId=item_group] Node -1 disconnected. 
2025-01-06 13:19:47.728  WARN [org.apache.kafka.clients.NetworkClient:775] [Consumer clientId=consumer-item_group-1, groupId=item_group] Connection to node -1 (localhost/127.0.0.1:9092) could not be established. Broker may not be available. 
2025-01-06 13:19:47.728  WARN [org.apache.kafka.clients.NetworkClient:1063] [Consumer clientId=consumer-item_group-1, groupId=item_group] Bootstrap broker localhost:9092 (id: -1 rack: null) disconnected 
2025-01-06 13:19:50.181  INFO [org.apache.kafka.clients.NetworkClient:935] [Producer clientId=producer-1] Node -1 disconnected. 
2025-01-06 13:19:50.182  WARN [org.apache.kafka.clients.NetworkClient:775] [Producer clientId=producer-1] Connection to node -1 (localhost/127.0.0.1:9092) could not be established. Broker may not be available. 
2025-01-06 13:19:50.182  WARN [org.apache.kafka.clients.NetworkClient:1063] [Producer clientId=producer-1] Bootstrap broker localhost:9092 (id: -1 rack: null) disconnected 
2025-01-06 13:19:50.955  INFO [org.apache.kafka.clients.NetworkClient:935] [Consumer clientId=consumer-item_group-1, groupId=item_group] Node -1 disconnected. 
2025-01-06 13:19:50.955  WARN [org.apache.kafka.clients.NetworkClient:775] [Consumer clientId=consumer-item_group-1, groupId=item_group] Connection to node -1 (localhost/127.0.0.1:9092) could not be established. Broker may not be available. 
2025-01-06 13:19:50.956  WARN [org.apache.kafka.clients.NetworkClient:1063] [Consumer clientId=consumer-item_group-1, groupId=item_group] Bootstrap broker localhost:9092 (id: -1 rack: null) disconnected 
2025-01-06 13:19:53.394  INFO [org.apache.kafka.clients.NetworkClient:935] [Producer clientId=producer-1] Node -1 disconnected. 
2025-01-06 13:19:53.396  WARN [org.apache.kafka.clients.NetworkClient:775] [Producer clientId=producer-1] Connection to node -1 (localhost/127.0.0.1:9092) could not be established. Broker may not be available. 
2025-01-06 13:19:53.398  WARN [org.apache.kafka.clients.NetworkClient:1063] [Producer clientId=producer-1] Bootstrap broker localhost:9092 (id: -1 rack: null) disconnected 
2025-01-06 13:19:54.041  INFO [org.apache.kafka.clients.NetworkClient:935] [Consumer clientId=consumer-item_group-1, groupId=item_group] Node -1 disconnected. 
2025-01-06 13:19:54.042  WARN [org.apache.kafka.clients.NetworkClient:775] [Consumer clientId=consumer-item_group-1, groupId=item_group] Connection to node -1 (localhost/127.0.0.1:9092) could not be established. Broker may not be available. 
2025-01-06 13:19:54.043  WARN [org.apache.kafka.clients.NetworkClient:1063] [Consumer clientId=consumer-item_group-1, groupId=item_group] Bootstrap broker localhost:9092 (id: -1 rack: null) disconnected 
2025-01-06 13:19:56.451  INFO [org.apache.kafka.clients.NetworkClient:935] [Producer clientId=producer-1] Node -1 disconnected. 
2025-01-06 13:19:56.452  WARN [org.apache.kafka.clients.NetworkClient:775] [Producer clientId=producer-1] Connection to node -1 (localhost/127.0.0.1:9092) could not be established. Broker may not be available. 
2025-01-06 13:19:56.453  WARN [org.apache.kafka.clients.NetworkClient:1063] [Producer clientId=producer-1] Bootstrap broker localhost:9092 (id: -1 rack: null) disconnected 
2025-01-06 13:19:57.286  INFO [org.apache.kafka.clients.NetworkClient:935] [Consumer clientId=consumer-item_group-1, groupId=item_group] Node -1 disconnected. 
2025-01-06 13:19:57.287  WARN [org.apache.kafka.clients.NetworkClient:775] [Consumer clientId=consumer-item_group-1, groupId=item_group] Connection to node -1 (localhost/127.0.0.1:9092) could not be established. Broker may not be available. 
2025-01-06 13:19:57.288  WARN [org.apache.kafka.clients.NetworkClient:1063] [Consumer clientId=consumer-item_group-1, groupId=item_group] Bootstrap broker localhost:9092 (id: -1 rack: null) disconnected 
2025-01-06 13:19:59.487  INFO [org.apache.kafka.clients.NetworkClient:935] [Producer clientId=producer-1] Node -1 disconnected. 
2025-01-06 13:19:59.488  WARN [org.apache.kafka.clients.NetworkClient:775] [Producer clientId=producer-1] Connection to node -1 (localhost/127.0.0.1:9092) could not be established. Broker may not be available. 
2025-01-06 13:19:59.488  WARN [org.apache.kafka.clients.NetworkClient:1063] [Producer clientId=producer-1] Bootstrap broker localhost:9092 (id: -1 rack: null) disconnected 
2025-01-06 13:20:00.360  INFO [org.apache.kafka.clients.NetworkClient:935] [Consumer clientId=consumer-item_group-1, groupId=item_group] Node -1 disconnected. 
2025-01-06 13:20:00.362  WARN [org.apache.kafka.clients.NetworkClient:775] [Consumer clientId=consumer-item_group-1, groupId=item_group] Connection to node -1 (localhost/127.0.0.1:9092) could not be established. Broker may not be available. 
2025-01-06 13:20:00.362  WARN [org.apache.kafka.clients.NetworkClient:1063] [Consumer clientId=consumer-item_group-1, groupId=item_group] Bootstrap broker localhost:9092 (id: -1 rack: null) disconnected 
2025-01-06 13:20:02.725  INFO [org.apache.kafka.clients.NetworkClient:935] [Producer clientId=producer-1] Node -1 disconnected. 
2025-01-06 13:20:02.726  WARN [org.apache.kafka.clients.NetworkClient:775] [Producer clientId=producer-1] Connection to node -1 (localhost/127.0.0.1:9092) could not be established. Broker may not be available. 
2025-01-06 13:20:02.726  WARN [org.apache.kafka.clients.NetworkClient:1063] [Producer clientId=producer-1] Bootstrap broker localhost:9092 (id: -1 rack: null) disconnected 
2025-01-06 13:20:03.508  INFO [org.apache.kafka.clients.NetworkClient:935] [Consumer clientId=consumer-item_group-1, groupId=item_group] Node -1 disconnected. 
2025-01-06 13:20:03.509  WARN [org.apache.kafka.clients.NetworkClient:775] [Consumer clientId=consumer-item_group-1, groupId=item_group] Connection to node -1 (localhost/127.0.0.1:9092) could not be established. Broker may not be available. 
2025-01-06 13:20:03.509  WARN [org.apache.kafka.clients.NetworkClient:1063] [Consumer clientId=consumer-item_group-1, groupId=item_group] Bootstrap broker localhost:9092 (id: -1 rack: null) disconnected 
2025-01-06 13:20:05.832  INFO [org.apache.kafka.clients.NetworkClient:935] [Producer clientId=producer-1] Node -1 disconnected. 
2025-01-06 13:20:05.833  WARN [org.apache.kafka.clients.NetworkClient:775] [Producer clientId=producer-1] Connection to node -1 (localhost/127.0.0.1:9092) could not be established. Broker may not be available. 
2025-01-06 13:20:05.833  WARN [org.apache.kafka.clients.NetworkClient:1063] [Producer clientId=producer-1] Bootstrap broker localhost:9092 (id: -1 rack: null) disconnected 
2025-01-06 13:20:06.635  INFO [org.apache.kafka.clients.NetworkClient:935] [Consumer clientId=consumer-item_group-1, groupId=item_group] Node -1 disconnected. 
2025-01-06 13:20:06.636  WARN [org.apache.kafka.clients.NetworkClient:775] [Consumer clientId=consumer-item_group-1, groupId=item_group] Connection to node -1 (localhost/127.0.0.1:9092) could not be established. Broker may not be available. 
2025-01-06 13:20:06.637  WARN [org.apache.kafka.clients.NetworkClient:1063] [Consumer clientId=consumer-item_group-1, groupId=item_group] Bootstrap broker localhost:9092 (id: -1 rack: null) disconnected 
2025-01-06 13:20:08.983  INFO [org.apache.kafka.clients.NetworkClient:935] [Producer clientId=producer-1] Node -1 disconnected. 
2025-01-06 13:20:08.985  WARN [org.apache.kafka.clients.NetworkClient:775] [Producer clientId=producer-1] Connection to node -1 (localhost/127.0.0.1:9092) could not be established. Broker may not be available. 
2025-01-06 13:20:08.985  WARN [org.apache.kafka.clients.NetworkClient:1063] [Producer clientId=producer-1] Bootstrap broker localhost:9092 (id: -1 rack: null) disconnected 
2025-01-06 13:20:09.670  INFO [org.apache.kafka.clients.NetworkClient:935] [Consumer clientId=consumer-item_group-1, groupId=item_group] Node -1 disconnected. 
2025-01-06 13:20:09.671  WARN [org.apache.kafka.clients.NetworkClient:775] [Consumer clientId=consumer-item_group-1, groupId=item_group] Connection to node -1 (localhost/127.0.0.1:9092) could not be established. Broker may not be available. 
2025-01-06 13:20:09.671  WARN [org.apache.kafka.clients.NetworkClient:1063] [Consumer clientId=consumer-item_group-1, groupId=item_group] Bootstrap broker localhost:9092 (id: -1 rack: null) disconnected 
2025-01-06 13:20:11.983  INFO [org.apache.kafka.clients.NetworkClient:935] [Producer clientId=producer-1] Node -1 disconnected. 
2025-01-06 13:20:11.984  WARN [org.apache.kafka.clients.NetworkClient:775] [Producer clientId=producer-1] Connection to node -1 (localhost/127.0.0.1:9092) could not be established. Broker may not be available. 
2025-01-06 13:20:11.984  WARN [org.apache.kafka.clients.NetworkClient:1063] [Producer clientId=producer-1] Bootstrap broker localhost:9092 (id: -1 rack: null) disconnected 
2025-01-06 13:20:12.854  INFO [org.apache.kafka.clients.NetworkClient:935] [Consumer clientId=consumer-item_group-1, groupId=item_group] Node -1 disconnected. 
2025-01-06 13:20:12.855  WARN [org.apache.kafka.clients.NetworkClient:775] [Consumer clientId=consumer-item_group-1, groupId=item_group] Connection to node -1 (localhost/127.0.0.1:9092) could not be established. Broker may not be available. 
2025-01-06 13:20:12.855  WARN [org.apache.kafka.clients.NetworkClient:1063] [Consumer clientId=consumer-item_group-1, groupId=item_group] Bootstrap broker localhost:9092 (id: -1 rack: null) disconnected 
2025-01-06 13:20:15.171  INFO [org.apache.kafka.clients.NetworkClient:935] [Producer clientId=producer-1] Node -1 disconnected. 
2025-01-06 13:20:15.172  WARN [org.apache.kafka.clients.NetworkClient:775] [Producer clientId=producer-1] Connection to node -1 (localhost/127.0.0.1:9092) could not be established. Broker may not be available. 
2025-01-06 13:20:15.172  WARN [org.apache.kafka.clients.NetworkClient:1063] [Producer clientId=producer-1] Bootstrap broker localhost:9092 (id: -1 rack: null) disconnected 
2025-01-06 13:20:15.784  INFO [org.apache.kafka.clients.NetworkClient:935] [Consumer clientId=consumer-item_group-1, groupId=item_group] Node -1 disconnected. 
2025-01-06 13:20:15.785  WARN [org.apache.kafka.clients.NetworkClient:775] [Consumer clientId=consumer-item_group-1, groupId=item_group] Connection to node -1 (localhost/127.0.0.1:9092) could not be established. Broker may not be available. 
2025-01-06 13:20:15.786  WARN [org.apache.kafka.clients.NetworkClient:1063] [Consumer clientId=consumer-item_group-1, groupId=item_group] Bootstrap broker localhost:9092 (id: -1 rack: null) disconnected 
2025-01-06 13:20:18.350  INFO [org.apache.kafka.clients.NetworkClient:935] [Producer clientId=producer-1] Node -1 disconnected. 
2025-01-06 13:20:18.351  WARN [org.apache.kafka.clients.NetworkClient:775] [Producer clientId=producer-1] Connection to node -1 (localhost/127.0.0.1:9092) could not be established. Broker may not be available. 
2025-01-06 13:20:18.351  WARN [org.apache.kafka.clients.NetworkClient:1063] [Producer clientId=producer-1] Bootstrap broker localhost:9092 (id: -1 rack: null) disconnected 
2025-01-06 13:20:18.682  INFO [org.apache.kafka.clients.NetworkClient:935] [Consumer clientId=consumer-item_group-1, groupId=item_group] Node -1 disconnected. 
2025-01-06 13:20:18.683  WARN [org.apache.kafka.clients.NetworkClient:775] [Consumer clientId=consumer-item_group-1, groupId=item_group] Connection to node -1 (localhost/127.0.0.1:9092) could not be established. Broker may not be available. 
2025-01-06 13:20:18.683  WARN [org.apache.kafka.clients.NetworkClient:1063] [Consumer clientId=consumer-item_group-1, groupId=item_group] Bootstrap broker localhost:9092 (id: -1 rack: null) disconnected 
2025-01-06 13:20:21.338  INFO [org.apache.kafka.clients.NetworkClient:935] [Producer clientId=producer-1] Node -1 disconnected. 
2025-01-06 13:20:21.339  WARN [org.apache.kafka.clients.NetworkClient:775] [Producer clientId=producer-1] Connection to node -1 (localhost/127.0.0.1:9092) could not be established. Broker may not be available. 
2025-01-06 13:20:21.339  WARN [org.apache.kafka.clients.NetworkClient:1063] [Producer clientId=producer-1] Bootstrap broker localhost:9092 (id: -1 rack: null) disconnected 
2025-01-06 13:20:21.764  INFO [org.apache.kafka.clients.NetworkClient:935] [Consumer clientId=consumer-item_group-1, groupId=item_group] Node -1 disconnected. 
2025-01-06 13:20:21.765  WARN [org.apache.kafka.clients.NetworkClient:775] [Consumer clientId=consumer-item_group-1, groupId=item_group] Connection to node -1 (localhost/127.0.0.1:9092) could not be established. Broker may not be available. 
2025-01-06 13:20:21.766  WARN [org.apache.kafka.clients.NetworkClient:1063] [Consumer clientId=consumer-item_group-1, groupId=item_group] Bootstrap broker localhost:9092 (id: -1 rack: null) disconnected 
2025-01-06 13:20:24.178  INFO [org.apache.kafka.clients.NetworkClient:935] [Producer clientId=producer-1] Node -1 disconnected. 
2025-01-06 13:20:24.179  WARN [org.apache.kafka.clients.NetworkClient:775] [Producer clientId=producer-1] Connection to node -1 (localhost/127.0.0.1:9092) could not be established. Broker may not be available. 
2025-01-06 13:20:24.180  WARN [org.apache.kafka.clients.NetworkClient:1063] [Producer clientId=producer-1] Bootstrap broker localhost:9092 (id: -1 rack: null) disconnected 
2025-01-06 13:20:24.945  INFO [org.apache.kafka.clients.NetworkClient:935] [Consumer clientId=consumer-item_group-1, groupId=item_group] Node -1 disconnected. 
2025-01-06 13:20:24.946  WARN [org.apache.kafka.clients.NetworkClient:775] [Consumer clientId=consumer-item_group-1, groupId=item_group] Connection to node -1 (localhost/127.0.0.1:9092) could not be established. Broker may not be available. 
2025-01-06 13:20:24.946  WARN [org.apache.kafka.clients.NetworkClient:1063] [Consumer clientId=consumer-item_group-1, groupId=item_group] Bootstrap broker localhost:9092 (id: -1 rack: null) disconnected 
2025-01-06 13:20:27.062  INFO [org.apache.kafka.clients.NetworkClient:935] [Producer clientId=producer-1] Node -1 disconnected. 
2025-01-06 13:20:27.064  WARN [org.apache.kafka.clients.NetworkClient:775] [Producer clientId=producer-1] Connection to node -1 (localhost/127.0.0.1:9092) could not be established. Broker may not be available. 
2025-01-06 13:20:27.064  WARN [org.apache.kafka.clients.NetworkClient:1063] [Producer clientId=producer-1] Bootstrap broker localhost:9092 (id: -1 rack: null) disconnected 
2025-01-06 13:20:27.829  INFO [org.apache.kafka.clients.NetworkClient:935] [Consumer clientId=consumer-item_group-1, groupId=item_group] Node -1 disconnected. 
2025-01-06 13:20:27.830  WARN [org.apache.kafka.clients.NetworkClient:775] [Consumer clientId=consumer-item_group-1, groupId=item_group] Connection to node -1 (localhost/127.0.0.1:9092) could not be established. Broker may not be available. 
2025-01-06 13:20:27.831  WARN [org.apache.kafka.clients.NetworkClient:1063] [Consumer clientId=consumer-item_group-1, groupId=item_group] Bootstrap broker localhost:9092 (id: -1 rack: null) disconnected 
2025-01-06 13:20:30.209  INFO [org.apache.kafka.clients.NetworkClient:935] [Producer clientId=producer-1] Node -1 disconnected. 
2025-01-06 13:20:30.210  WARN [org.apache.kafka.clients.NetworkClient:775] [Producer clientId=producer-1] Connection to node -1 (localhost/127.0.0.1:9092) could not be established. Broker may not be available. 
2025-01-06 13:20:30.210  WARN [org.apache.kafka.clients.NetworkClient:1063] [Producer clientId=producer-1] Bootstrap broker localhost:9092 (id: -1 rack: null) disconnected 
2025-01-06 13:20:31.083  INFO [org.apache.kafka.clients.NetworkClient:935] [Consumer clientId=consumer-item_group-1, groupId=item_group] Node -1 disconnected. 
2025-01-06 13:20:31.084  WARN [org.apache.kafka.clients.NetworkClient:775] [Consumer clientId=consumer-item_group-1, groupId=item_group] Connection to node -1 (localhost/127.0.0.1:9092) could not be established. Broker may not be available. 
2025-01-06 13:20:31.085  WARN [org.apache.kafka.clients.NetworkClient:1063] [Consumer clientId=consumer-item_group-1, groupId=item_group] Bootstrap broker localhost:9092 (id: -1 rack: null) disconnected 
2025-01-06 13:20:33.127  INFO [org.apache.kafka.clients.NetworkClient:935] [Producer clientId=producer-1] Node -1 disconnected. 
2025-01-06 13:20:33.128  WARN [org.apache.kafka.clients.NetworkClient:775] [Producer clientId=producer-1] Connection to node -1 (localhost/127.0.0.1:9092) could not be established. Broker may not be available. 
2025-01-06 13:20:33.128  WARN [org.apache.kafka.clients.NetworkClient:1063] [Producer clientId=producer-1] Bootstrap broker localhost:9092 (id: -1 rack: null) disconnected 
2025-01-06 13:20:34.297  INFO [org.apache.kafka.clients.NetworkClient:935] [Consumer clientId=consumer-item_group-1, groupId=item_group] Node -1 disconnected. 
2025-01-06 13:20:34.298  WARN [org.apache.kafka.clients.NetworkClient:775] [Consumer clientId=consumer-item_group-1, groupId=item_group] Connection to node -1 (localhost/127.0.0.1:9092) could not be established. Broker may not be available. 
2025-01-06 13:20:34.299  WARN [org.apache.kafka.clients.NetworkClient:1063] [Consumer clientId=consumer-item_group-1, groupId=item_group] Bootstrap broker localhost:9092 (id: -1 rack: null) disconnected 
2025-01-06 13:20:36.113  INFO [org.apache.kafka.clients.NetworkClient:935] [Producer clientId=producer-1] Node -1 disconnected. 
2025-01-06 13:20:36.114  WARN [org.apache.kafka.clients.NetworkClient:775] [Producer clientId=producer-1] Connection to node -1 (localhost/127.0.0.1:9092) could not be established. Broker may not be available. 
2025-01-06 13:20:36.115  WARN [org.apache.kafka.clients.NetworkClient:1063] [Producer clientId=producer-1] Bootstrap broker localhost:9092 (id: -1 rack: null) disconnected 
2025-01-06 13:20:36.397 ERROR [org.springframework.kafka.support.LoggingProducerListener:261] Exception thrown when sending a message with key='100' and payload='{"itemId":"100","itemLevel":1,"itemNumberType":"PLU","businessUnitId":70,"catchWeightInd":"N","class...' to topic Item_Topic: org.apache.kafka.common.errors.TimeoutException: Topic Item_Topic not present in metadata after 60000 ms.

2025-01-06 13:20:36.400 ERROR [za.co.woolworths.itemkafka_poc.controller.ItemProducerController:56] Error occurred in createItemKafkaTopic:  org.springframework.kafka.KafkaException: Send failed; nested exception is org.apache.kafka.common.errors.TimeoutException: Topic Item_Topic not present in metadata after 60000 ms.
	at org.springframework.kafka.core.KafkaTemplate.doSend(KafkaTemplate.java:660)
	at org.springframework.kafka.core.KafkaTemplate.send(KafkaTemplate.java:409)
	at za.co.woolworths.itemkafka_poc.kafka.producer.ItemProducerService.sendItem(ItemProducerService.java:26)
	at za.co.woolworths.itemkafka_poc.kafka.producer.ItemProducerService.sendItems(ItemProducerService.java:34)
	at za.co.woolworths.itemkafka_poc.controller.ItemProducerController.createItemKafkaTopic(ItemProducerController.java:45)
	at java.base/jdk.internal.reflect.NativeMethodAccessorImpl.invoke0(Native Method)
	at java.base/jdk.internal.reflect.NativeMethodAccessorImpl.invoke(NativeMethodAccessorImpl.java:64)
	at java.base/jdk.internal.reflect.DelegatingMethodAccessorImpl.invoke(DelegatingMethodAccessorImpl.java:43)
	at java.base/java.lang.reflect.Method.invoke(Method.java:564)
	at org.springframework.web.method.support.InvocableHandlerMethod.doInvoke(InvocableHandlerMethod.java:205)
	at org.springframework.web.method.support.InvocableHandlerMethod.invokeForRequest(InvocableHandlerMethod.java:150)
	at org.springframework.web.servlet.mvc.method.annotation.ServletInvocableHandlerMethod.invokeAndHandle(ServletInvocableHandlerMethod.java:117)
	at org.springframework.web.servlet.mvc.method.annotation.RequestMappingHandlerAdapter.invokeHandlerMethod(RequestMappingHandlerAdapter.java:895)
	at org.springframework.web.servlet.mvc.method.annotation.RequestMappingHandlerAdapter.handleInternal(RequestMappingHandlerAdapter.java:808)
	at org.springframework.web.servlet.mvc.method.AbstractHandlerMethodAdapter.handle(AbstractHandlerMethodAdapter.java:87)
	at org.springframework.web.servlet.DispatcherServlet.doDispatch(DispatcherServlet.java:1067)
	at org.springframework.web.servlet.DispatcherServlet.doService(DispatcherServlet.java:963)
	at org.springframework.web.servlet.FrameworkServlet.processRequest(FrameworkServlet.java:1006)
	at org.springframework.web.servlet.FrameworkServlet.doPost(FrameworkServlet.java:909)
	at javax.servlet.http.HttpServlet.service(HttpServlet.java:681)
	at org.springframework.web.servlet.FrameworkServlet.service(FrameworkServlet.java:883)
	at javax.servlet.http.HttpServlet.service(HttpServlet.java:764)
	at org.apache.catalina.core.ApplicationFilterChain.internalDoFilter(ApplicationFilterChain.java:227)
	at org.apache.catalina.core.ApplicationFilterChain.doFilter(ApplicationFilterChain.java:162)
	at org.apache.tomcat.websocket.server.WsFilter.doFilter(WsFilter.java:53)
	at org.apache.catalina.core.ApplicationFilterChain.internalDoFilter(ApplicationFilterChain.java:189)
	at org.apache.catalina.core.ApplicationFilterChain.doFilter(ApplicationFilterChain.java:162)
	at org.springframework.boot.actuate.metrics.web.servlet.WebMvcMetricsFilter.doFilterInternal(WebMvcMetricsFilter.java:96)
	at org.springframework.web.filter.OncePerRequestFilter.doFilter(OncePerRequestFilter.java:117)
	at org.apache.catalina.core.ApplicationFilterChain.internalDoFilter(ApplicationFilterChain.java:189)
	at org.apache.catalina.core.ApplicationFilterChain.doFilter(ApplicationFilterChain.java:162)
	at org.springframework.web.filter.CharacterEncodingFilter.doFilterInternal(CharacterEncodingFilter.java:201)
	at org.springframework.web.filter.OncePerRequestFilter.doFilter(OncePerRequestFilter.java:117)
	at org.apache.catalina.core.ApplicationFilterChain.internalDoFilter(ApplicationFilterChain.java:189)
	at org.apache.catalina.core.ApplicationFilterChain.doFilter(ApplicationFilterChain.java:162)
	at org.apache.catalina.core.StandardWrapperValve.invoke(StandardWrapperValve.java:197)
	at org.apache.catalina.core.StandardContextValve.invoke(StandardContextValve.java:97)
	at org.apache.catalina.authenticator.AuthenticatorBase.invoke(AuthenticatorBase.java:541)
	at org.apache.catalina.core.StandardHostValve.invoke(StandardHostValve.java:135)
	at org.apache.catalina.valves.ErrorReportValve.invoke(ErrorReportValve.java:92)
	at org.apache.catalina.core.StandardEngineValve.invoke(StandardEngineValve.java:78)
	at org.apache.catalina.connector.CoyoteAdapter.service(CoyoteAdapter.java:360)
	at org.apache.coyote.http11.Http11Processor.service(Http11Processor.java:399)
	at org.apache.coyote.AbstractProcessorLight.process(AbstractProcessorLight.java:65)
	at org.apache.coyote.AbstractProtocol$ConnectionHandler.process(AbstractProtocol.java:890)
	at org.apache.tomcat.util.net.NioEndpoint$SocketProcessor.doRun(NioEndpoint.java:1787)
	at org.apache.tomcat.util.net.SocketProcessorBase.run(SocketProcessorBase.java:49)
	at org.apache.tomcat.util.threads.ThreadPoolExecutor.runWorker(ThreadPoolExecutor.java:1191)
	at org.apache.tomcat.util.threads.ThreadPoolExecutor$Worker.run(ThreadPoolExecutor.java:659)
	at org.apache.tomcat.util.threads.TaskThread$WrappingRunnable.run(TaskThread.java:61)
	at java.base/java.lang.Thread.run(Thread.java:832)
Caused by: org.apache.kafka.common.errors.TimeoutException: Topic Item_Topic not present in metadata after 60000 ms.

2025-01-06 13:20:36.410 DEBUG [org.springframework.web.servlet.mvc.method.annotation.RequestResponseBodyMethodProcessor:268] Using 'application/text', given [application/text] and supported [application/text] 
2025-01-06 13:20:36.411 DEBUG [org.springframework.web.servlet.mvc.method.annotation.RequestResponseBodyMethodProcessor:119] Writing ["Error occurred in createItemKafkaTopic!"] 
2025-01-06 13:20:36.422 DEBUG [org.springframework.web.servlet.DispatcherServlet:1131] Completed 200 OK 
2025-01-06 13:20:37.483  INFO [org.apache.kafka.clients.NetworkClient:935] [Consumer clientId=consumer-item_group-1, groupId=item_group] Node -1 disconnected. 
2025-01-06 13:20:37.483  WARN [org.apache.kafka.clients.NetworkClient:775] [Consumer clientId=consumer-item_group-1, groupId=item_group] Connection to node -1 (localhost/127.0.0.1:9092) could not be established. Broker may not be available. 
2025-01-06 13:20:37.484  WARN [org.apache.kafka.clients.NetworkClient:1063] [Consumer clientId=consumer-item_group-1, groupId=item_group] Bootstrap broker localhost:9092 (id: -1 rack: null) disconnected 
2025-01-06 13:20:39.000  INFO [org.apache.kafka.clients.NetworkClient:935] [Producer clientId=producer-1] Node -1 disconnected. 
2025-01-06 13:20:39.001  WARN [org.apache.kafka.clients.NetworkClient:775] [Producer clientId=producer-1] Connection to node -1 (localhost/127.0.0.1:9092) could not be established. Broker may not be available. 
2025-01-06 13:20:39.001  WARN [org.apache.kafka.clients.NetworkClient:1063] [Producer clientId=producer-1] Bootstrap broker localhost:9092 (id: -1 rack: null) disconnected 
2025-01-06 13:20:40.539  INFO [org.apache.kafka.clients.NetworkClient:935] [Consumer clientId=consumer-item_group-1, groupId=item_group] Node -1 disconnected. 
2025-01-06 13:20:40.540  WARN [org.apache.kafka.clients.NetworkClient:775] [Consumer clientId=consumer-item_group-1, groupId=item_group] Connection to node -1 (localhost/127.0.0.1:9092) could not be established. Broker may not be available. 
2025-01-06 13:20:40.541  WARN [org.apache.kafka.clients.NetworkClient:1063] [Consumer clientId=consumer-item_group-1, groupId=item_group] Bootstrap broker localhost:9092 (id: -1 rack: null) disconnected 
2025-01-06 13:20:42.013  INFO [org.apache.kafka.clients.NetworkClient:935] [Producer clientId=producer-1] Node -1 disconnected. 
2025-01-06 13:20:42.014  WARN [org.apache.kafka.clients.NetworkClient:775] [Producer clientId=producer-1] Connection to node -1 (localhost/127.0.0.1:9092) could not be established. Broker may not be available. 
2025-01-06 13:20:42.014  WARN [org.apache.kafka.clients.NetworkClient:1063] [Producer clientId=producer-1] Bootstrap broker localhost:9092 (id: -1 rack: null) disconnected 
2025-01-06 13:20:43.678  INFO [org.apache.kafka.clients.NetworkClient:935] [Consumer clientId=consumer-item_group-1, groupId=item_group] Node -1 disconnected. 
2025-01-06 13:20:43.679  WARN [org.apache.kafka.clients.NetworkClient:775] [Consumer clientId=consumer-item_group-1, groupId=item_group] Connection to node -1 (localhost/127.0.0.1:9092) could not be established. Broker may not be available. 
2025-01-06 13:20:43.680  WARN [org.apache.kafka.clients.NetworkClient:1063] [Consumer clientId=consumer-item_group-1, groupId=item_group] Bootstrap broker localhost:9092 (id: -1 rack: null) disconnected 
2025-01-06 13:20:44.902  INFO [org.apache.kafka.clients.NetworkClient:935] [Producer clientId=producer-1] Node -1 disconnected. 
2025-01-06 13:20:44.903  WARN [org.apache.kafka.clients.NetworkClient:775] [Producer clientId=producer-1] Connection to node -1 (localhost/127.0.0.1:9092) could not be established. Broker may not be available. 
2025-01-06 13:20:44.904  WARN [org.apache.kafka.clients.NetworkClient:1063] [Producer clientId=producer-1] Bootstrap broker localhost:9092 (id: -1 rack: null) disconnected 
2025-01-06 13:20:46.623  INFO [org.apache.kafka.clients.NetworkClient:935] [Consumer clientId=consumer-item_group-1, groupId=item_group] Node -1 disconnected. 
2025-01-06 13:20:46.624  WARN [org.apache.kafka.clients.NetworkClient:775] [Consumer clientId=consumer-item_group-1, groupId=item_group] Connection to node -1 (localhost/127.0.0.1:9092) could not be established. Broker may not be available. 
2025-01-06 13:20:46.625  WARN [org.apache.kafka.clients.NetworkClient:1063] [Consumer clientId=consumer-item_group-1, groupId=item_group] Bootstrap broker localhost:9092 (id: -1 rack: null) disconnected 
2025-01-06 13:20:47.945  INFO [org.apache.kafka.clients.NetworkClient:935] [Producer clientId=producer-1] Node -1 disconnected. 
2025-01-06 13:20:47.946  WARN [org.apache.kafka.clients.NetworkClient:775] [Producer clientId=producer-1] Connection to node -1 (localhost/127.0.0.1:9092) could not be established. Broker may not be available. 
2025-01-06 13:20:47.946  WARN [org.apache.kafka.clients.NetworkClient:1063] [Producer clientId=producer-1] Bootstrap broker localhost:9092 (id: -1 rack: null) disconnected 
2025-01-06 13:20:49.744  INFO [org.apache.kafka.clients.NetworkClient:935] [Consumer clientId=consumer-item_group-1, groupId=item_group] Node -1 disconnected. 
2025-01-06 13:20:49.745  WARN [org.apache.kafka.clients.NetworkClient:775] [Consumer clientId=consumer-item_group-1, groupId=item_group] Connection to node -1 (localhost/127.0.0.1:9092) could not be established. Broker may not be available. 
2025-01-06 13:20:49.745  WARN [org.apache.kafka.clients.NetworkClient:1063] [Consumer clientId=consumer-item_group-1, groupId=item_group] Bootstrap broker localhost:9092 (id: -1 rack: null) disconnected 
2025-01-06 13:20:51.054  INFO [org.apache.kafka.clients.NetworkClient:935] [Producer clientId=producer-1] Node -1 disconnected. 
2025-01-06 13:20:51.055  WARN [org.apache.kafka.clients.NetworkClient:775] [Producer clientId=producer-1] Connection to node -1 (localhost/127.0.0.1:9092) could not be established. Broker may not be available. 
2025-01-06 13:20:51.056  WARN [org.apache.kafka.clients.NetworkClient:1063] [Producer clientId=producer-1] Bootstrap broker localhost:9092 (id: -1 rack: null) disconnected 
2025-01-06 13:20:52.883  INFO [org.apache.kafka.clients.NetworkClient:935] [Consumer clientId=consumer-item_group-1, groupId=item_group] Node -1 disconnected. 
2025-01-06 13:20:52.885  WARN [org.apache.kafka.clients.NetworkClient:775] [Consumer clientId=consumer-item_group-1, groupId=item_group] Connection to node -1 (localhost/127.0.0.1:9092) could not be established. Broker may not be available. 
2025-01-06 13:20:52.885  WARN [org.apache.kafka.clients.NetworkClient:1063] [Consumer clientId=consumer-item_group-1, groupId=item_group] Bootstrap broker localhost:9092 (id: -1 rack: null) disconnected 
2025-01-06 13:20:54.249  INFO [org.apache.kafka.clients.NetworkClient:935] [Producer clientId=producer-1] Node -1 disconnected. 
2025-01-06 13:20:54.250  WARN [org.apache.kafka.clients.NetworkClient:775] [Producer clientId=producer-1] Connection to node -1 (localhost/127.0.0.1:9092) could not be established. Broker may not be available. 
2025-01-06 13:20:54.250  WARN [org.apache.kafka.clients.NetworkClient:1063] [Producer clientId=producer-1] Bootstrap broker localhost:9092 (id: -1 rack: null) disconnected 
2025-01-06 13:20:55.930  INFO [org.apache.kafka.clients.NetworkClient:935] [Consumer clientId=consumer-item_group-1, groupId=item_group] Node -1 disconnected. 
2025-01-06 13:20:55.932  WARN [org.apache.kafka.clients.NetworkClient:775] [Consumer clientId=consumer-item_group-1, groupId=item_group] Connection to node -1 (localhost/127.0.0.1:9092) could not be established. Broker may not be available. 
2025-01-06 13:20:55.933  WARN [org.apache.kafka.clients.NetworkClient:1063] [Consumer clientId=consumer-item_group-1, groupId=item_group] Bootstrap broker localhost:9092 (id: -1 rack: null) disconnected 
2025-01-06 13:20:57.333  INFO [org.apache.kafka.clients.NetworkClient:935] [Producer clientId=producer-1] Node -1 disconnected. 
2025-01-06 13:20:57.335  WARN [org.apache.kafka.clients.NetworkClient:775] [Producer clientId=producer-1] Connection to node -1 (localhost/127.0.0.1:9092) could not be established. Broker may not be available. 
2025-01-06 13:20:57.335  WARN [org.apache.kafka.clients.NetworkClient:1063] [Producer clientId=producer-1] Bootstrap broker localhost:9092 (id: -1 rack: null) disconnected 
2025-01-06 13:20:59.159  INFO [org.apache.kafka.clients.NetworkClient:935] [Consumer clientId=consumer-item_group-1, groupId=item_group] Node -1 disconnected. 
2025-01-06 13:20:59.160  WARN [org.apache.kafka.clients.NetworkClient:775] [Consumer clientId=consumer-item_group-1, groupId=item_group] Connection to node -1 (localhost/127.0.0.1:9092) could not be established. Broker may not be available. 
2025-01-06 13:20:59.160  WARN [org.apache.kafka.clients.NetworkClient:1063] [Consumer clientId=consumer-item_group-1, groupId=item_group] Bootstrap broker localhost:9092 (id: -1 rack: null) disconnected 
2025-01-06 13:21:00.595  INFO [org.apache.kafka.clients.NetworkClient:935] [Producer clientId=producer-1] Node -1 disconnected. 
2025-01-06 13:21:00.596  WARN [org.apache.kafka.clients.NetworkClient:775] [Producer clientId=producer-1] Connection to node -1 (localhost/127.0.0.1:9092) could not be established. Broker may not be available. 
2025-01-06 13:21:00.596  WARN [org.apache.kafka.clients.NetworkClient:1063] [Producer clientId=producer-1] Bootstrap broker localhost:9092 (id: -1 rack: null) disconnected 
2025-01-06 13:21:02.048  INFO [org.apache.kafka.clients.NetworkClient:935] [Consumer clientId=consumer-item_group-1, groupId=item_group] Node -1 disconnected. 
2025-01-06 13:21:02.049  WARN [org.apache.kafka.clients.NetworkClient:775] [Consumer clientId=consumer-item_group-1, groupId=item_group] Connection to node -1 (localhost/127.0.0.1:9092) could not be established. Broker may not be available. 
2025-01-06 13:21:02.049  WARN [org.apache.kafka.clients.NetworkClient:1063] [Consumer clientId=consumer-item_group-1, groupId=item_group] Bootstrap broker localhost:9092 (id: -1 rack: null) disconnected 
2025-01-06 13:21:03.540  INFO [org.apache.kafka.clients.NetworkClient:935] [Producer clientId=producer-1] Node -1 disconnected. 
2025-01-06 13:21:03.541  WARN [org.apache.kafka.clients.NetworkClient:775] [Producer clientId=producer-1] Connection to node -1 (localhost/127.0.0.1:9092) could not be established. Broker may not be available. 
2025-01-06 13:21:03.541  WARN [org.apache.kafka.clients.NetworkClient:1063] [Producer clientId=producer-1] Bootstrap broker localhost:9092 (id: -1 rack: null) disconnected 
2025-01-06 13:21:05.213  INFO [org.apache.kafka.clients.NetworkClient:935] [Consumer clientId=consumer-item_group-1, groupId=item_group] Node -1 disconnected. 
2025-01-06 13:21:05.214  WARN [org.apache.kafka.clients.NetworkClient:775] [Consumer clientId=consumer-item_group-1, groupId=item_group] Connection to node -1 (localhost/127.0.0.1:9092) could not be established. Broker may not be available. 
2025-01-06 13:21:05.215  WARN [org.apache.kafka.clients.NetworkClient:1063] [Consumer clientId=consumer-item_group-1, groupId=item_group] Bootstrap broker localhost:9092 (id: -1 rack: null) disconnected 
2025-01-06 13:21:06.495  INFO [org.apache.kafka.clients.NetworkClient:935] [Producer clientId=producer-1] Node -1 disconnected. 
2025-01-06 13:21:06.496  WARN [org.apache.kafka.clients.NetworkClient:775] [Producer clientId=producer-1] Connection to node -1 (localhost/127.0.0.1:9092) could not be established. Broker may not be available. 
2025-01-06 13:21:06.497  WARN [org.apache.kafka.clients.NetworkClient:1063] [Producer clientId=producer-1] Bootstrap broker localhost:9092 (id: -1 rack: null) disconnected 
2025-01-06 13:21:08.176  INFO [org.apache.kafka.clients.NetworkClient:935] [Consumer clientId=consumer-item_group-1, groupId=item_group] Node -1 disconnected. 
2025-01-06 13:21:08.177  WARN [org.apache.kafka.clients.NetworkClient:775] [Consumer clientId=consumer-item_group-1, groupId=item_group] Connection to node -1 (localhost/127.0.0.1:9092) could not be established. Broker may not be available. 
2025-01-06 13:21:08.177  WARN [org.apache.kafka.clients.NetworkClient:1063] [Consumer clientId=consumer-item_group-1, groupId=item_group] Bootstrap broker localhost:9092 (id: -1 rack: null) disconnected 
2025-01-06 13:21:09.698  INFO [org.apache.kafka.clients.NetworkClient:935] [Producer clientId=producer-1] Node -1 disconnected. 
2025-01-06 13:21:09.699  WARN [org.apache.kafka.clients.NetworkClient:775] [Producer clientId=producer-1] Connection to node -1 (localhost/127.0.0.1:9092) could not be established. Broker may not be available. 
2025-01-06 13:21:09.700  WARN [org.apache.kafka.clients.NetworkClient:1063] [Producer clientId=producer-1] Bootstrap broker localhost:9092 (id: -1 rack: null) disconnected 
2025-01-06 13:21:11.383  INFO [org.apache.kafka.clients.NetworkClient:935] [Consumer clientId=consumer-item_group-1, groupId=item_group] Node -1 disconnected. 
2025-01-06 13:21:11.384  WARN [org.apache.kafka.clients.NetworkClient:775] [Consumer clientId=consumer-item_group-1, groupId=item_group] Connection to node -1 (localhost/127.0.0.1:9092) could not be established. Broker may not be available. 
2025-01-06 13:21:11.385  WARN [org.apache.kafka.clients.NetworkClient:1063] [Consumer clientId=consumer-item_group-1, groupId=item_group] Bootstrap broker localhost:9092 (id: -1 rack: null) disconnected 
2025-01-06 13:21:12.647  INFO [org.apache.kafka.clients.NetworkClient:935] [Producer clientId=producer-1] Node -1 disconnected. 
2025-01-06 13:21:12.648  WARN [org.apache.kafka.clients.NetworkClient:775] [Producer clientId=producer-1] Connection to node -1 (localhost/127.0.0.1:9092) could not be established. Broker may not be available. 
2025-01-06 13:21:12.648  WARN [org.apache.kafka.clients.NetworkClient:1063] [Producer clientId=producer-1] Bootstrap broker localhost:9092 (id: -1 rack: null) disconnected 
2025-01-06 13:21:14.476  INFO [org.apache.kafka.clients.NetworkClient:935] [Consumer clientId=consumer-item_group-1, groupId=item_group] Node -1 disconnected. 
2025-01-06 13:21:14.477  WARN [org.apache.kafka.clients.NetworkClient:775] [Consumer clientId=consumer-item_group-1, groupId=item_group] Connection to node -1 (localhost/127.0.0.1:9092) could not be established. Broker may not be available. 
2025-01-06 13:21:14.478  WARN [org.apache.kafka.clients.NetworkClient:1063] [Consumer clientId=consumer-item_group-1, groupId=item_group] Bootstrap broker localhost:9092 (id: -1 rack: null) disconnected 
2025-01-06 13:21:15.878  INFO [org.apache.kafka.clients.NetworkClient:935] [Producer clientId=producer-1] Node -1 disconnected. 
2025-01-06 13:21:15.879  WARN [org.apache.kafka.clients.NetworkClient:775] [Producer clientId=producer-1] Connection to node -1 (localhost/127.0.0.1:9092) could not be established. Broker may not be available. 
2025-01-06 13:21:15.880  WARN [org.apache.kafka.clients.NetworkClient:1063] [Producer clientId=producer-1] Bootstrap broker localhost:9092 (id: -1 rack: null) disconnected 
2025-01-06 13:21:17.738  INFO [org.apache.kafka.clients.NetworkClient:935] [Consumer clientId=consumer-item_group-1, groupId=item_group] Node -1 disconnected. 
2025-01-06 13:21:17.738  WARN [org.apache.kafka.clients.NetworkClient:775] [Consumer clientId=consumer-item_group-1, groupId=item_group] Connection to node -1 (localhost/127.0.0.1:9092) could not be established. Broker may not be available. 
2025-01-06 13:21:17.739  WARN [org.apache.kafka.clients.NetworkClient:1063] [Consumer clientId=consumer-item_group-1, groupId=item_group] Bootstrap broker localhost:9092 (id: -1 rack: null) disconnected 
2025-01-06 13:21:19.028  INFO [org.apache.kafka.clients.NetworkClient:935] [Producer clientId=producer-1] Node -1 disconnected. 
2025-01-06 13:21:19.029  WARN [org.apache.kafka.clients.NetworkClient:775] [Producer clientId=producer-1] Connection to node -1 (localhost/127.0.0.1:9092) could not be established. Broker may not be available. 
2025-01-06 13:21:19.030  WARN [org.apache.kafka.clients.NetworkClient:1063] [Producer clientId=producer-1] Bootstrap broker localhost:9092 (id: -1 rack: null) disconnected 
2025-01-06 13:21:20.959  INFO [org.apache.kafka.clients.NetworkClient:935] [Consumer clientId=consumer-item_group-1, groupId=item_group] Node -1 disconnected. 
2025-01-06 13:21:20.960  WARN [org.apache.kafka.clients.NetworkClient:775] [Consumer clientId=consumer-item_group-1, groupId=item_group] Connection to node -1 (localhost/127.0.0.1:9092) could not be established. Broker may not be available. 
2025-01-06 13:21:20.961  WARN [org.apache.kafka.clients.NetworkClient:1063] [Consumer clientId=consumer-item_group-1, groupId=item_group] Bootstrap broker localhost:9092 (id: -1 rack: null) disconnected 
2025-01-06 13:21:22.177  INFO [org.apache.kafka.clients.NetworkClient:935] [Producer clientId=producer-1] Node -1 disconnected. 
2025-01-06 13:21:22.178  WARN [org.apache.kafka.clients.NetworkClient:775] [Producer clientId=producer-1] Connection to node -1 (localhost/127.0.0.1:9092) could not be established. Broker may not be available. 
2025-01-06 13:21:22.178  WARN [org.apache.kafka.clients.NetworkClient:1063] [Producer clientId=producer-1] Bootstrap broker localhost:9092 (id: -1 rack: null) disconnected 
2025-01-06 13:21:24.154  INFO [org.apache.kafka.clients.NetworkClient:935] [Consumer clientId=consumer-item_group-1, groupId=item_group] Node -1 disconnected. 
2025-01-06 13:21:24.154  WARN [org.apache.kafka.clients.NetworkClient:775] [Consumer clientId=consumer-item_group-1, groupId=item_group] Connection to node -1 (localhost/127.0.0.1:9092) could not be established. Broker may not be available. 
2025-01-06 13:21:24.155  WARN [org.apache.kafka.clients.NetworkClient:1063] [Consumer clientId=consumer-item_group-1, groupId=item_group] Bootstrap broker localhost:9092 (id: -1 rack: null) disconnected 
2025-01-06 13:21:25.114  INFO [org.apache.kafka.clients.NetworkClient:935] [Producer clientId=producer-1] Node -1 disconnected. 
2025-01-06 13:21:25.115  WARN [org.apache.kafka.clients.NetworkClient:775] [Producer clientId=producer-1] Connection to node -1 (localhost/127.0.0.1:9092) could not be established. Broker may not be available. 
2025-01-06 13:21:25.116  WARN [org.apache.kafka.clients.NetworkClient:1063] [Producer clientId=producer-1] Bootstrap broker localhost:9092 (id: -1 rack: null) disconnected 
2025-01-06 13:21:27.193  INFO [org.apache.kafka.clients.NetworkClient:935] [Consumer clientId=consumer-item_group-1, groupId=item_group] Node -1 disconnected. 
2025-01-06 13:21:27.194  WARN [org.apache.kafka.clients.NetworkClient:775] [Consumer clientId=consumer-item_group-1, groupId=item_group] Connection to node -1 (localhost/127.0.0.1:9092) could not be established. Broker may not be available. 
2025-01-06 13:21:27.195  WARN [org.apache.kafka.clients.NetworkClient:1063] [Consumer clientId=consumer-item_group-1, groupId=item_group] Bootstrap broker localhost:9092 (id: -1 rack: null) disconnected 
2025-01-06 13:21:28.301  INFO [org.apache.kafka.clients.NetworkClient:935] [Producer clientId=producer-1] Node -1 disconnected. 
2025-01-06 13:21:28.302  WARN [org.apache.kafka.clients.NetworkClient:775] [Producer clientId=producer-1] Connection to node -1 (localhost/127.0.0.1:9092) could not be established. Broker may not be available. 
2025-01-06 13:21:28.303  WARN [org.apache.kafka.clients.NetworkClient:1063] [Producer clientId=producer-1] Bootstrap broker localhost:9092 (id: -1 rack: null) disconnected 
2025-01-06 13:21:30.309  INFO [org.apache.kafka.clients.NetworkClient:935] [Consumer clientId=consumer-item_group-1, groupId=item_group] Node -1 disconnected. 
2025-01-06 13:21:30.310  WARN [org.apache.kafka.clients.NetworkClient:775] [Consumer clientId=consumer-item_group-1, groupId=item_group] Connection to node -1 (localhost/127.0.0.1:9092) could not be established. Broker may not be available. 
2025-01-06 13:21:30.310  WARN [org.apache.kafka.clients.NetworkClient:1063] [Consumer clientId=consumer-item_group-1, groupId=item_group] Bootstrap broker localhost:9092 (id: -1 rack: null) disconnected 
2025-01-06 13:21:31.150  INFO [org.apache.kafka.clients.consumer.internals.ConsumerCoordinator:972] [Consumer clientId=consumer-item_group-1, groupId=item_group] Resetting generation due to: consumer pro-actively leaving the group 
2025-01-06 13:21:31.151  INFO [org.apache.kafka.clients.consumer.internals.ConsumerCoordinator:1000] [Consumer clientId=consumer-item_group-1, groupId=item_group] Request joining group due to: consumer pro-actively leaving the group 
2025-01-06 13:21:31.151  INFO [org.apache.kafka.clients.consumer.KafkaConsumer:1075] [Consumer clientId=consumer-item_group-1, groupId=item_group] Unsubscribed all topics or patterns and assigned partitions 
2025-01-06 13:21:31.152  INFO [org.apache.kafka.clients.consumer.internals.ConsumerCoordinator:972] [Consumer clientId=consumer-item_group-1, groupId=item_group] Resetting generation due to: consumer pro-actively leaving the group 
2025-01-06 13:21:31.153  INFO [org.apache.kafka.clients.consumer.internals.ConsumerCoordinator:1000] [Consumer clientId=consumer-item_group-1, groupId=item_group] Request joining group due to: consumer pro-actively leaving the group 
2025-01-06 13:21:31.154  INFO [org.apache.kafka.common.metrics.Metrics:659] Metrics scheduler closed 
2025-01-06 13:21:31.155  INFO [org.apache.kafka.common.metrics.Metrics:663] Closing reporter org.apache.kafka.common.metrics.JmxReporter 
2025-01-06 13:21:31.155  INFO [org.apache.kafka.common.metrics.Metrics:669] Metrics reporters closed 
2025-01-06 13:21:31.161  INFO [org.apache.kafka.common.utils.AppInfoParser:83] App info kafka.consumer for consumer-item_group-1 unregistered 
2025-01-06 13:21:31.162  INFO [org.springframework.kafka.listener.KafkaMessageListenerContainer:292] item_group: Consumer stopped 
2025-01-06 13:21:31.168  INFO [org.apache.kafka.clients.producer.KafkaProducer:1249] [Producer clientId=producer-1] Closing the Kafka producer with timeoutMillis = 30000 ms. 
2025-01-06 13:21:31.483  INFO [org.apache.kafka.clients.NetworkClient:935] [Producer clientId=producer-1] Node -1 disconnected. 
2025-01-06 13:21:31.484  WARN [org.apache.kafka.clients.NetworkClient:775] [Producer clientId=producer-1] Connection to node -1 (localhost/127.0.0.1:9092) could not be established. Broker may not be available. 
2025-01-06 13:21:31.485  WARN [org.apache.kafka.clients.NetworkClient:1063] [Producer clientId=producer-1] Bootstrap broker localhost:9092 (id: -1 rack: null) disconnected 
2025-01-06 13:21:31.597  INFO [org.apache.kafka.common.metrics.Metrics:659] Metrics scheduler closed 
2025-01-06 13:21:31.598  INFO [org.apache.kafka.common.metrics.Metrics:663] Closing reporter org.apache.kafka.common.metrics.JmxReporter 
2025-01-06 13:21:31.598  INFO [org.apache.kafka.common.metrics.Metrics:669] Metrics reporters closed 
2025-01-06 13:21:31.599  INFO [org.apache.kafka.common.utils.AppInfoParser:83] App info kafka.producer for producer-1 unregistered 
2025-01-06 13:21:31.602  INFO [org.springframework.orm.jpa.LocalContainerEntityManagerFactoryBean:651] Closing JPA EntityManagerFactory for persistence unit 'default' 
2025-01-06 13:21:31.622  INFO [com.zaxxer.hikari.HikariDataSource:350] HikariPool-1 - Shutdown initiated... 
2025-01-06 13:21:31.627  INFO [com.zaxxer.hikari.HikariDataSource:352] HikariPool-1 - Shutdown completed. 
2025-01-06 13:21:44.399  INFO [za.co.woolworths.itemkafka_poc.KafkaItemProducerPocApplication:55] Starting KafkaItemProducerPocApplication using Java 15.0.2 on W49204302 with PID 5192 (C:\Workspaces\Item-Kafka-Producer-POC\Item-Kafka-Producer-POC\target\classes started by W7178930 in C:\Workspaces\Item-Kafka-Producer-POC\Item-Kafka-Producer-POC) 
2025-01-06 13:21:44.407  INFO [za.co.woolworths.itemkafka_poc.KafkaItemProducerPocApplication:640] The following 2 profiles are active: "swagger", "dev" 
2025-01-06 13:21:45.855  INFO [org.springframework.data.repository.config.RepositoryConfigurationDelegate:132] Bootstrapping Spring Data JPA repositories in DEFAULT mode. 
2025-01-06 13:21:46.000  INFO [org.springframework.data.repository.config.RepositoryConfigurationDelegate:201] Finished Spring Data repository scanning in 118 ms. Found 1 JPA repository interfaces. 
2025-01-06 13:21:47.216  INFO [org.springframework.boot.web.embedded.tomcat.TomcatWebServer:108] Tomcat initialized with port(s): 8081 (http) 
2025-01-06 13:21:47.228  INFO [org.apache.coyote.http11.Http11NioProtocol:173] Initializing ProtocolHandler ["http-nio-8081"] 
2025-01-06 13:21:47.229  INFO [org.apache.catalina.core.StandardService:173] Starting service [Tomcat] 
2025-01-06 13:21:47.230  INFO [org.apache.catalina.core.StandardEngine:173] Starting Servlet engine: [Apache Tomcat/9.0.64] 
2025-01-06 13:21:47.505  INFO [org.apache.catalina.core.ContainerBase.[Tomcat].[localhost].[/]:173] Initializing Spring embedded WebApplicationContext 
2025-01-06 13:21:47.506  INFO [org.springframework.boot.web.servlet.context.ServletWebServerApplicationContext:292] Root WebApplicationContext: initialization completed in 3021 ms 
2025-01-06 13:21:48.198  INFO [com.zaxxer.hikari.HikariDataSource:110] HikariPool-1 - Starting... 
2025-01-06 13:21:48.909  INFO [com.zaxxer.hikari.HikariDataSource:123] HikariPool-1 - Start completed. 
2025-01-06 13:21:49.023  INFO [org.hibernate.jpa.internal.util.LogHelper:31] HHH000204: Processing PersistenceUnitInfo [name: default] 
2025-01-06 13:21:49.181  INFO [org.hibernate.Version:44] HHH000412: Hibernate ORM core version 5.6.9.Final 
2025-01-06 13:21:49.562  INFO [org.hibernate.annotations.common.Version:56] HCANN000001: Hibernate Commons Annotations {5.1.2.Final} 
2025-01-06 13:21:49.854  INFO [org.hibernate.dialect.Dialect:175] HHH000400: Using dialect: org.hibernate.dialect.SQLServer2016Dialect 
2025-01-06 13:21:50.876  INFO [org.hibernate.engine.transaction.jta.platform.internal.JtaPlatformInitiator:52] HHH000490: Using JtaPlatform implementation: [org.hibernate.engine.transaction.jta.platform.internal.NoJtaPlatform] 
2025-01-06 13:21:50.886  INFO [org.springframework.orm.jpa.LocalContainerEntityManagerFactoryBean:437] Initialized JPA EntityManagerFactory for persistence unit 'default' 
2025-01-06 13:21:52.218  WARN [org.springframework.boot.autoconfigure.orm.jpa.JpaBaseConfiguration$JpaWebConfiguration:219] spring.jpa.open-in-view is enabled by default. Therefore, database queries may be performed during view rendering. Explicitly configure spring.jpa.open-in-view to disable this warning 
2025-01-06 13:21:52.386 DEBUG [org.springframework.web.servlet.mvc.method.annotation.RequestMappingHandlerMapping:367] 10 mappings in 'requestMappingHandlerMapping' 
2025-01-06 13:21:53.019 DEBUG [org.springframework.web.servlet.handler.SimpleUrlHandlerMapping:188] Patterns [/agent/swagger-ui*/**] in 'resourceHandlerMapping' 
2025-01-06 13:21:53.091 DEBUG [org.springframework.web.servlet.mvc.method.annotation.RequestMappingHandlerAdapter:625] ControllerAdvice beans: 0 @ModelAttribute, 0 @InitBinder, 1 RequestBodyAdvice, 1 ResponseBodyAdvice 
2025-01-06 13:21:53.170 DEBUG [org.springframework.web.servlet.mvc.method.annotation.ExceptionHandlerExceptionResolver:307] ControllerAdvice beans: 1 @ExceptionHandler, 1 ResponseBodyAdvice 
2025-01-06 13:21:53.956  INFO [org.springframework.boot.actuate.endpoint.web.EndpointLinksResolver:58] Exposing 1 endpoint(s) beneath base path '/actuator' 
2025-01-06 13:21:54.174  INFO [org.apache.kafka.clients.consumer.ConsumerConfig:376] ConsumerConfig values: 
	allow.auto.create.topics = true
	auto.commit.interval.ms = 5000
	auto.offset.reset = latest
	bootstrap.servers = [localhost:9092]
	check.crcs = true
	client.dns.lookup = use_all_dns_ips
	client.id = consumer-item_group-1
	client.rack = 
	connections.max.idle.ms = 540000
	default.api.timeout.ms = 60000
	enable.auto.commit = false
	exclude.internal.topics = true
	fetch.max.bytes = 52428800
	fetch.max.wait.ms = 500
	fetch.min.bytes = 1
	group.id = item_group
	group.instance.id = null
	heartbeat.interval.ms = 3000
	interceptor.classes = []
	internal.leave.group.on.close = true
	internal.throw.on.fetch.stable.offset.unsupported = false
	isolation.level = read_uncommitted
	key.deserializer = class org.apache.kafka.common.serialization.StringDeserializer
	max.partition.fetch.bytes = 1048576
	max.poll.interval.ms = 300000
	max.poll.records = 500
	metadata.max.age.ms = 300000
	metric.reporters = []
	metrics.num.samples = 2
	metrics.recording.level = INFO
	metrics.sample.window.ms = 30000
	partition.assignment.strategy = [class org.apache.kafka.clients.consumer.RangeAssignor, class org.apache.kafka.clients.consumer.CooperativeStickyAssignor]
	receive.buffer.bytes = 65536
	reconnect.backoff.max.ms = 1000
	reconnect.backoff.ms = 50
	request.timeout.ms = 30000
	retry.backoff.ms = 100
	sasl.client.callback.handler.class = null
	sasl.jaas.config = null
	sasl.kerberos.kinit.cmd = /usr/bin/kinit
	sasl.kerberos.min.time.before.relogin = 60000
	sasl.kerberos.service.name = null
	sasl.kerberos.ticket.renew.jitter = 0.05
	sasl.kerberos.ticket.renew.window.factor = 0.8
	sasl.login.callback.handler.class = null
	sasl.login.class = null
	sasl.login.connect.timeout.ms = null
	sasl.login.read.timeout.ms = null
	sasl.login.refresh.buffer.seconds = 300
	sasl.login.refresh.min.period.seconds = 60
	sasl.login.refresh.window.factor = 0.8
	sasl.login.refresh.window.jitter = 0.05
	sasl.login.retry.backoff.max.ms = 10000
	sasl.login.retry.backoff.ms = 100
	sasl.mechanism = GSSAPI
	sasl.oauthbearer.clock.skew.seconds = 30
	sasl.oauthbearer.expected.audience = null
	sasl.oauthbearer.expected.issuer = null
	sasl.oauthbearer.jwks.endpoint.refresh.ms = 3600000
	sasl.oauthbearer.jwks.endpoint.retry.backoff.max.ms = 10000
	sasl.oauthbearer.jwks.endpoint.retry.backoff.ms = 100
	sasl.oauthbearer.jwks.endpoint.url = null
	sasl.oauthbearer.scope.claim.name = scope
	sasl.oauthbearer.sub.claim.name = sub
	sasl.oauthbearer.token.endpoint.url = null
	security.protocol = PLAINTEXT
	security.providers = null
	send.buffer.bytes = 131072
	session.timeout.ms = 45000
	socket.connection.setup.timeout.max.ms = 30000
	socket.connection.setup.timeout.ms = 10000
	ssl.cipher.suites = null
	ssl.enabled.protocols = [TLSv1.2, TLSv1.3]
	ssl.endpoint.identification.algorithm = https
	ssl.engine.factory.class = null
	ssl.key.password = null
	ssl.keymanager.algorithm = SunX509
	ssl.keystore.certificate.chain = null
	ssl.keystore.key = null
	ssl.keystore.location = null
	ssl.keystore.password = null
	ssl.keystore.type = JKS
	ssl.protocol = TLSv1.3
	ssl.provider = null
	ssl.secure.random.implementation = null
	ssl.trustmanager.algorithm = PKIX
	ssl.truststore.certificates = null
	ssl.truststore.location = null
	ssl.truststore.password = null
	ssl.truststore.type = JKS
	value.deserializer = class org.apache.kafka.common.serialization.StringDeserializer
 
2025-01-06 13:21:54.449  INFO [org.apache.kafka.common.utils.AppInfoParser:119] Kafka version: 3.1.1 
2025-01-06 13:21:54.450  INFO [org.apache.kafka.common.utils.AppInfoParser:120] Kafka commitId: 97671528ba54a138 
2025-01-06 13:21:54.451  INFO [org.apache.kafka.common.utils.AppInfoParser:121] Kafka startTimeMs: 1736162514445 
2025-01-06 13:21:54.485  INFO [org.apache.kafka.clients.consumer.KafkaConsumer:966] [Consumer clientId=consumer-item_group-1, groupId=item_group] Subscribed to topic(s): Item_Topic 
2025-01-06 13:21:54.511  INFO [org.apache.coyote.http11.Http11NioProtocol:173] Starting ProtocolHandler ["http-nio-8081"] 
2025-01-06 13:21:54.541  INFO [org.springframework.boot.web.embedded.tomcat.TomcatWebServer:220] Tomcat started on port(s): 8081 (http) with context path '' 
2025-01-06 13:21:54.572  INFO [za.co.woolworths.itemkafka_poc.KafkaItemProducerPocApplication:61] Started KafkaItemProducerPocApplication in 10.9 seconds (JVM running for 12.122) 
2025-01-06 13:21:56.876  INFO [org.apache.kafka.clients.NetworkClient:935] [Consumer clientId=consumer-item_group-1, groupId=item_group] Node -1 disconnected. 
2025-01-06 13:21:56.881  WARN [org.apache.kafka.clients.NetworkClient:775] [Consumer clientId=consumer-item_group-1, groupId=item_group] Connection to node -1 (localhost/127.0.0.1:9092) could not be established. Broker may not be available. 
2025-01-06 13:21:56.882  WARN [org.apache.kafka.clients.NetworkClient:1063] [Consumer clientId=consumer-item_group-1, groupId=item_group] Bootstrap broker localhost:9092 (id: -1 rack: null) disconnected 
2025-01-06 13:21:59.040  INFO [org.apache.kafka.clients.NetworkClient:935] [Consumer clientId=consumer-item_group-1, groupId=item_group] Node -1 disconnected. 
2025-01-06 13:21:59.041  WARN [org.apache.kafka.clients.NetworkClient:775] [Consumer clientId=consumer-item_group-1, groupId=item_group] Connection to node -1 (localhost/127.0.0.1:9092) could not be established. Broker may not be available. 
2025-01-06 13:21:59.042  WARN [org.apache.kafka.clients.NetworkClient:1063] [Consumer clientId=consumer-item_group-1, groupId=item_group] Bootstrap broker localhost:9092 (id: -1 rack: null) disconnected 
2025-01-06 13:22:01.259  INFO [org.apache.kafka.clients.NetworkClient:935] [Consumer clientId=consumer-item_group-1, groupId=item_group] Node -1 disconnected. 
2025-01-06 13:22:01.260  WARN [org.apache.kafka.clients.NetworkClient:775] [Consumer clientId=consumer-item_group-1, groupId=item_group] Connection to node -1 (localhost/127.0.0.1:9092) could not be established. Broker may not be available. 
2025-01-06 13:22:01.260  WARN [org.apache.kafka.clients.NetworkClient:1063] [Consumer clientId=consumer-item_group-1, groupId=item_group] Bootstrap broker localhost:9092 (id: -1 rack: null) disconnected 
2025-01-06 13:22:01.373  INFO [org.apache.catalina.core.ContainerBase.[Tomcat].[localhost].[/]:173] Initializing Spring DispatcherServlet 'dispatcherServlet' 
2025-01-06 13:22:01.373  INFO [org.springframework.web.servlet.DispatcherServlet:525] Initializing Servlet 'dispatcherServlet' 
2025-01-06 13:22:01.373 DEBUG [org.springframework.web.servlet.DispatcherServlet:520] Detected StandardServletMultipartResolver 
2025-01-06 13:22:01.373 DEBUG [org.springframework.web.servlet.DispatcherServlet:544] Detected AcceptHeaderLocaleResolver 
2025-01-06 13:22:01.374 DEBUG [org.springframework.web.servlet.DispatcherServlet:569] Detected FixedThemeResolver 
2025-01-06 13:22:01.375 DEBUG [org.springframework.web.servlet.DispatcherServlet:719] Detected org.springframework.web.servlet.view.DefaultRequestToViewNameTranslator@c194c4e 
2025-01-06 13:22:01.375 DEBUG [org.springframework.web.servlet.DispatcherServlet:783] Detected org.springframework.web.servlet.support.SessionFlashMapManager@13f10967 
2025-01-06 13:22:01.375 DEBUG [org.springframework.web.servlet.DispatcherServlet:542] enableLoggingRequestDetails='false': request parameters and headers will be masked to prevent unsafe logging of potentially sensitive data 
2025-01-06 13:22:01.376  INFO [org.springframework.web.servlet.DispatcherServlet:547] Completed initialization in 3 ms 
2025-01-06 13:22:01.384 DEBUG [org.springframework.web.servlet.DispatcherServlet:119] POST "/item-kafka/app/publish-items/v1", parameters={} 
2025-01-06 13:22:01.392 DEBUG [org.springframework.web.servlet.mvc.method.annotation.RequestMappingHandlerMapping:522] Mapped to za.co.woolworths.itemkafka_poc.controller.ItemProducerController#createItemKafkaTopic() 
2025-01-06 13:22:42.726  WARN [com.zaxxer.hikari.pool.HikariPool:788] HikariPool-1 - Thread starvation or clock leap detected (housekeeper delta=53s708ms894µs100ns). 
2025-01-06 13:22:42.726  INFO [org.apache.kafka.clients.NetworkClient:819] [Consumer clientId=consumer-item_group-1, groupId=item_group] Disconnecting from node -1 due to socket connection setup timeout. The timeout value is 32255 ms. 
2025-01-06 13:22:42.731  WARN [org.apache.kafka.clients.NetworkClient:1063] [Consumer clientId=consumer-item_group-1, groupId=item_group] Bootstrap broker localhost:9092 (id: -1 rack: null) disconnected 
2025-01-06 13:23:17.229  INFO [org.apache.kafka.clients.NetworkClient:819] [Consumer clientId=consumer-item_group-1, groupId=item_group] Disconnecting from node -1 due to socket connection setup timeout. The timeout value is 26464 ms. 
2025-01-06 13:23:17.230  WARN [org.apache.kafka.clients.NetworkClient:1063] [Consumer clientId=consumer-item_group-1, groupId=item_group] Bootstrap broker localhost:9092 (id: -1 rack: null) disconnected 
2025-01-06 13:23:58.374  INFO [org.apache.kafka.clients.producer.ProducerConfig:376] ProducerConfig values: 
	acks = -1
	batch.size = 16384
	bootstrap.servers = [localhost:9092]
	buffer.memory = 33554432
	client.dns.lookup = use_all_dns_ips
	client.id = producer-1
	compression.type = none
	connections.max.idle.ms = 540000
	delivery.timeout.ms = 120000
	enable.idempotence = true
	interceptor.classes = []
	key.serializer = class org.apache.kafka.common.serialization.StringSerializer
	linger.ms = 0
	max.block.ms = 60000
	max.in.flight.requests.per.connection = 5
	max.request.size = 1048576
	metadata.max.age.ms = 300000
	metadata.max.idle.ms = 300000
	metric.reporters = []
	metrics.num.samples = 2
	metrics.recording.level = INFO
	metrics.sample.window.ms = 30000
	partitioner.class = class org.apache.kafka.clients.producer.internals.DefaultPartitioner
	receive.buffer.bytes = 32768
	reconnect.backoff.max.ms = 1000
	reconnect.backoff.ms = 50
	request.timeout.ms = 30000
	retries = 2147483647
	retry.backoff.ms = 100
	sasl.client.callback.handler.class = null
	sasl.jaas.config = null
	sasl.kerberos.kinit.cmd = /usr/bin/kinit
	sasl.kerberos.min.time.before.relogin = 60000
	sasl.kerberos.service.name = null
	sasl.kerberos.ticket.renew.jitter = 0.05
	sasl.kerberos.ticket.renew.window.factor = 0.8
	sasl.login.callback.handler.class = null
	sasl.login.class = null
	sasl.login.connect.timeout.ms = null
	sasl.login.read.timeout.ms = null
	sasl.login.refresh.buffer.seconds = 300
	sasl.login.refresh.min.period.seconds = 60
	sasl.login.refresh.window.factor = 0.8
	sasl.login.refresh.window.jitter = 0.05
	sasl.login.retry.backoff.max.ms = 10000
	sasl.login.retry.backoff.ms = 100
	sasl.mechanism = GSSAPI
	sasl.oauthbearer.clock.skew.seconds = 30
	sasl.oauthbearer.expected.audience = null
	sasl.oauthbearer.expected.issuer = null
	sasl.oauthbearer.jwks.endpoint.refresh.ms = 3600000
	sasl.oauthbearer.jwks.endpoint.retry.backoff.max.ms = 10000
	sasl.oauthbearer.jwks.endpoint.retry.backoff.ms = 100
	sasl.oauthbearer.jwks.endpoint.url = null
	sasl.oauthbearer.scope.claim.name = scope
	sasl.oauthbearer.sub.claim.name = sub
	sasl.oauthbearer.token.endpoint.url = null
	security.protocol = PLAINTEXT
	security.providers = null
	send.buffer.bytes = 131072
	socket.connection.setup.timeout.max.ms = 30000
	socket.connection.setup.timeout.ms = 10000
	ssl.cipher.suites = null
	ssl.enabled.protocols = [TLSv1.2, TLSv1.3]
	ssl.endpoint.identification.algorithm = https
	ssl.engine.factory.class = null
	ssl.key.password = null
	ssl.keymanager.algorithm = SunX509
	ssl.keystore.certificate.chain = null
	ssl.keystore.key = null
	ssl.keystore.location = null
	ssl.keystore.password = null
	ssl.keystore.type = JKS
	ssl.protocol = TLSv1.3
	ssl.provider = null
	ssl.secure.random.implementation = null
	ssl.trustmanager.algorithm = PKIX
	ssl.truststore.certificates = null
	ssl.truststore.location = null
	ssl.truststore.password = null
	ssl.truststore.type = JKS
	transaction.timeout.ms = 60000
	transactional.id = null
	value.serializer = class org.apache.kafka.common.serialization.StringSerializer
 
2025-01-06 13:23:58.448  INFO [org.apache.kafka.clients.producer.KafkaProducer:572] [Producer clientId=producer-1] Instantiated an idempotent producer. 
2025-01-06 13:23:58.546  INFO [org.apache.kafka.common.utils.AppInfoParser:119] Kafka version: 3.1.1 
2025-01-06 13:23:58.547  INFO [org.apache.kafka.common.utils.AppInfoParser:120] Kafka commitId: 97671528ba54a138 
2025-01-06 13:23:58.548  INFO [org.apache.kafka.common.utils.AppInfoParser:121] Kafka startTimeMs: 1736162638546 
2025-01-06 13:24:00.392  INFO [org.apache.kafka.clients.NetworkClient:935] [Consumer clientId=consumer-item_group-1, groupId=item_group] Node -1 disconnected. 
2025-01-06 13:24:00.393  WARN [org.apache.kafka.clients.NetworkClient:775] [Consumer clientId=consumer-item_group-1, groupId=item_group] Connection to node -1 (localhost/127.0.0.1:9092) could not be established. Broker may not be available. 
2025-01-06 13:24:00.394  WARN [org.apache.kafka.clients.NetworkClient:1063] [Consumer clientId=consumer-item_group-1, groupId=item_group] Bootstrap broker localhost:9092 (id: -1 rack: null) disconnected 
2025-01-06 13:24:00.582  INFO [org.apache.kafka.clients.NetworkClient:935] [Producer clientId=producer-1] Node -1 disconnected. 
2025-01-06 13:24:00.583  WARN [org.apache.kafka.clients.NetworkClient:775] [Producer clientId=producer-1] Connection to node -1 (localhost/127.0.0.1:9092) could not be established. Broker may not be available. 
2025-01-06 13:24:00.584  WARN [org.apache.kafka.clients.NetworkClient:1063] [Producer clientId=producer-1] Bootstrap broker localhost:9092 (id: -1 rack: null) disconnected 
2025-01-06 13:24:02.732  INFO [org.apache.kafka.clients.NetworkClient:935] [Producer clientId=producer-1] Node -1 disconnected. 
2025-01-06 13:24:02.733  WARN [org.apache.kafka.clients.NetworkClient:775] [Producer clientId=producer-1] Connection to node -1 (localhost/127.0.0.1:9092) could not be established. Broker may not be available. 
2025-01-06 13:24:02.734  WARN [org.apache.kafka.clients.NetworkClient:1063] [Producer clientId=producer-1] Bootstrap broker localhost:9092 (id: -1 rack: null) disconnected 
2025-01-06 13:24:03.436  INFO [org.apache.kafka.clients.NetworkClient:935] [Consumer clientId=consumer-item_group-1, groupId=item_group] Node -1 disconnected. 
2025-01-06 13:24:03.438  WARN [org.apache.kafka.clients.NetworkClient:775] [Consumer clientId=consumer-item_group-1, groupId=item_group] Connection to node -1 (localhost/127.0.0.1:9092) could not be established. Broker may not be available. 
2025-01-06 13:24:03.439  WARN [org.apache.kafka.clients.NetworkClient:1063] [Consumer clientId=consumer-item_group-1, groupId=item_group] Bootstrap broker localhost:9092 (id: -1 rack: null) disconnected 
2025-01-06 13:24:04.926  INFO [org.apache.kafka.clients.NetworkClient:935] [Producer clientId=producer-1] Node -1 disconnected. 
2025-01-06 13:24:04.927  WARN [org.apache.kafka.clients.NetworkClient:775] [Producer clientId=producer-1] Connection to node -1 (localhost/127.0.0.1:9092) could not be established. Broker may not be available. 
2025-01-06 13:24:04.928  WARN [org.apache.kafka.clients.NetworkClient:1063] [Producer clientId=producer-1] Bootstrap broker localhost:9092 (id: -1 rack: null) disconnected 
2025-01-06 13:24:06.645  INFO [org.apache.kafka.clients.NetworkClient:935] [Consumer clientId=consumer-item_group-1, groupId=item_group] Node -1 disconnected. 
2025-01-06 13:24:06.646  WARN [org.apache.kafka.clients.NetworkClient:775] [Consumer clientId=consumer-item_group-1, groupId=item_group] Connection to node -1 (localhost/127.0.0.1:9092) could not be established. Broker may not be available. 
2025-01-06 13:24:06.646  WARN [org.apache.kafka.clients.NetworkClient:1063] [Consumer clientId=consumer-item_group-1, groupId=item_group] Bootstrap broker localhost:9092 (id: -1 rack: null) disconnected 
2025-01-06 13:24:07.208  INFO [org.apache.kafka.clients.NetworkClient:935] [Producer clientId=producer-1] Node -1 disconnected. 
2025-01-06 13:24:07.209  WARN [org.apache.kafka.clients.NetworkClient:775] [Producer clientId=producer-1] Connection to node -1 (localhost/127.0.0.1:9092) could not be established. Broker may not be available. 
2025-01-06 13:24:07.210  WARN [org.apache.kafka.clients.NetworkClient:1063] [Producer clientId=producer-1] Bootstrap broker localhost:9092 (id: -1 rack: null) disconnected 
2025-01-06 13:24:09.609  INFO [org.apache.kafka.clients.NetworkClient:935] [Producer clientId=producer-1] Node -1 disconnected. 
2025-01-06 13:24:09.610  WARN [org.apache.kafka.clients.NetworkClient:775] [Producer clientId=producer-1] Connection to node -1 (localhost/127.0.0.1:9092) could not be established. Broker may not be available. 
2025-01-06 13:24:09.610  WARN [org.apache.kafka.clients.NetworkClient:1063] [Producer clientId=producer-1] Bootstrap broker localhost:9092 (id: -1 rack: null) disconnected 
2025-01-06 13:24:09.829  INFO [org.apache.kafka.clients.NetworkClient:935] [Consumer clientId=consumer-item_group-1, groupId=item_group] Node -1 disconnected. 
2025-01-06 13:24:09.830  WARN [org.apache.kafka.clients.NetworkClient:775] [Consumer clientId=consumer-item_group-1, groupId=item_group] Connection to node -1 (localhost/127.0.0.1:9092) could not be established. Broker may not be available. 
2025-01-06 13:24:09.831  WARN [org.apache.kafka.clients.NetworkClient:1063] [Consumer clientId=consumer-item_group-1, groupId=item_group] Bootstrap broker localhost:9092 (id: -1 rack: null) disconnected 
2025-01-06 13:24:12.549  INFO [org.apache.kafka.clients.NetworkClient:935] [Producer clientId=producer-1] Node -1 disconnected. 
2025-01-06 13:24:12.550  WARN [org.apache.kafka.clients.NetworkClient:775] [Producer clientId=producer-1] Connection to node -1 (localhost/127.0.0.1:9092) could not be established. Broker may not be available. 
2025-01-06 13:24:12.551  WARN [org.apache.kafka.clients.NetworkClient:1063] [Producer clientId=producer-1] Bootstrap broker localhost:9092 (id: -1 rack: null) disconnected 
2025-01-06 13:24:12.768  INFO [org.apache.kafka.clients.NetworkClient:935] [Consumer clientId=consumer-item_group-1, groupId=item_group] Node -1 disconnected. 
2025-01-06 13:24:12.769  WARN [org.apache.kafka.clients.NetworkClient:775] [Consumer clientId=consumer-item_group-1, groupId=item_group] Connection to node -1 (localhost/127.0.0.1:9092) could not be established. Broker may not be available. 
2025-01-06 13:24:12.770  WARN [org.apache.kafka.clients.NetworkClient:1063] [Consumer clientId=consumer-item_group-1, groupId=item_group] Bootstrap broker localhost:9092 (id: -1 rack: null) disconnected 
2025-01-06 13:24:15.395  INFO [org.apache.kafka.clients.NetworkClient:935] [Producer clientId=producer-1] Node -1 disconnected. 
2025-01-06 13:24:15.396  WARN [org.apache.kafka.clients.NetworkClient:775] [Producer clientId=producer-1] Connection to node -1 (localhost/127.0.0.1:9092) could not be established. Broker may not be available. 
2025-01-06 13:24:15.396  WARN [org.apache.kafka.clients.NetworkClient:1063] [Producer clientId=producer-1] Bootstrap broker localhost:9092 (id: -1 rack: null) disconnected 
2025-01-06 13:24:15.893  INFO [org.apache.kafka.clients.NetworkClient:935] [Consumer clientId=consumer-item_group-1, groupId=item_group] Node -1 disconnected. 
2025-01-06 13:24:15.895  WARN [org.apache.kafka.clients.NetworkClient:775] [Consumer clientId=consumer-item_group-1, groupId=item_group] Connection to node -1 (localhost/127.0.0.1:9092) could not be established. Broker may not be available. 
2025-01-06 13:24:15.896  WARN [org.apache.kafka.clients.NetworkClient:1063] [Consumer clientId=consumer-item_group-1, groupId=item_group] Bootstrap broker localhost:9092 (id: -1 rack: null) disconnected 
2025-01-06 13:24:18.298  INFO [org.apache.kafka.clients.NetworkClient:935] [Producer clientId=producer-1] Node -1 disconnected. 
2025-01-06 13:24:18.299  WARN [org.apache.kafka.clients.NetworkClient:775] [Producer clientId=producer-1] Connection to node -1 (localhost/127.0.0.1:9092) could not be established. Broker may not be available. 
2025-01-06 13:24:18.300  WARN [org.apache.kafka.clients.NetworkClient:1063] [Producer clientId=producer-1] Bootstrap broker localhost:9092 (id: -1 rack: null) disconnected 
2025-01-06 13:24:18.893  INFO [org.apache.kafka.clients.NetworkClient:935] [Consumer clientId=consumer-item_group-1, groupId=item_group] Node -1 disconnected. 
2025-01-06 13:24:18.894  WARN [org.apache.kafka.clients.NetworkClient:775] [Consumer clientId=consumer-item_group-1, groupId=item_group] Connection to node -1 (localhost/127.0.0.1:9092) could not be established. Broker may not be available. 
2025-01-06 13:24:18.895  WARN [org.apache.kafka.clients.NetworkClient:1063] [Consumer clientId=consumer-item_group-1, groupId=item_group] Bootstrap broker localhost:9092 (id: -1 rack: null) disconnected 
2025-01-06 13:24:21.196  INFO [org.apache.kafka.clients.NetworkClient:935] [Producer clientId=producer-1] Node -1 disconnected. 
2025-01-06 13:24:21.197  WARN [org.apache.kafka.clients.NetworkClient:775] [Producer clientId=producer-1] Connection to node -1 (localhost/127.0.0.1:9092) could not be established. Broker may not be available. 
2025-01-06 13:24:21.198  WARN [org.apache.kafka.clients.NetworkClient:1063] [Producer clientId=producer-1] Bootstrap broker localhost:9092 (id: -1 rack: null) disconnected 
2025-01-06 13:24:21.933  INFO [org.apache.kafka.clients.NetworkClient:935] [Consumer clientId=consumer-item_group-1, groupId=item_group] Node -1 disconnected. 
2025-01-06 13:24:21.934  WARN [org.apache.kafka.clients.NetworkClient:775] [Consumer clientId=consumer-item_group-1, groupId=item_group] Connection to node -1 (localhost/127.0.0.1:9092) could not be established. Broker may not be available. 
2025-01-06 13:24:21.934  WARN [org.apache.kafka.clients.NetworkClient:1063] [Consumer clientId=consumer-item_group-1, groupId=item_group] Bootstrap broker localhost:9092 (id: -1 rack: null) disconnected 
2025-01-06 13:24:24.259  INFO [org.apache.kafka.clients.NetworkClient:935] [Producer clientId=producer-1] Node -1 disconnected. 
2025-01-06 13:24:24.260  WARN [org.apache.kafka.clients.NetworkClient:775] [Producer clientId=producer-1] Connection to node -1 (localhost/127.0.0.1:9092) could not be established. Broker may not be available. 
2025-01-06 13:24:24.261  WARN [org.apache.kafka.clients.NetworkClient:1063] [Producer clientId=producer-1] Bootstrap broker localhost:9092 (id: -1 rack: null) disconnected 
2025-01-06 13:24:25.167  INFO [org.apache.kafka.clients.NetworkClient:935] [Consumer clientId=consumer-item_group-1, groupId=item_group] Node -1 disconnected. 
2025-01-06 13:24:25.168  WARN [org.apache.kafka.clients.NetworkClient:775] [Consumer clientId=consumer-item_group-1, groupId=item_group] Connection to node -1 (localhost/127.0.0.1:9092) could not be established. Broker may not be available. 
2025-01-06 13:24:25.169  WARN [org.apache.kafka.clients.NetworkClient:1063] [Consumer clientId=consumer-item_group-1, groupId=item_group] Bootstrap broker localhost:9092 (id: -1 rack: null) disconnected 
2025-01-06 13:24:27.465  INFO [org.apache.kafka.clients.NetworkClient:935] [Producer clientId=producer-1] Node -1 disconnected. 
2025-01-06 13:24:27.466  WARN [org.apache.kafka.clients.NetworkClient:775] [Producer clientId=producer-1] Connection to node -1 (localhost/127.0.0.1:9092) could not be established. Broker may not be available. 
2025-01-06 13:24:27.467  WARN [org.apache.kafka.clients.NetworkClient:1063] [Producer clientId=producer-1] Bootstrap broker localhost:9092 (id: -1 rack: null) disconnected 
2025-01-06 13:24:28.157  INFO [org.apache.kafka.clients.NetworkClient:935] [Consumer clientId=consumer-item_group-1, groupId=item_group] Node -1 disconnected. 
2025-01-06 13:24:28.158  WARN [org.apache.kafka.clients.NetworkClient:775] [Consumer clientId=consumer-item_group-1, groupId=item_group] Connection to node -1 (localhost/127.0.0.1:9092) could not be established. Broker may not be available. 
2025-01-06 13:24:28.159  WARN [org.apache.kafka.clients.NetworkClient:1063] [Consumer clientId=consumer-item_group-1, groupId=item_group] Bootstrap broker localhost:9092 (id: -1 rack: null) disconnected 
2025-01-06 13:24:30.410  INFO [org.apache.kafka.clients.NetworkClient:935] [Producer clientId=producer-1] Node -1 disconnected. 
2025-01-06 13:24:30.411  WARN [org.apache.kafka.clients.NetworkClient:775] [Producer clientId=producer-1] Connection to node -1 (localhost/127.0.0.1:9092) could not be established. Broker may not be available. 
2025-01-06 13:24:30.411  WARN [org.apache.kafka.clients.NetworkClient:1063] [Producer clientId=producer-1] Bootstrap broker localhost:9092 (id: -1 rack: null) disconnected 
2025-01-06 13:24:31.375  INFO [org.apache.kafka.clients.NetworkClient:935] [Consumer clientId=consumer-item_group-1, groupId=item_group] Node -1 disconnected. 
2025-01-06 13:24:31.376  WARN [org.apache.kafka.clients.NetworkClient:775] [Consumer clientId=consumer-item_group-1, groupId=item_group] Connection to node -1 (localhost/127.0.0.1:9092) could not be established. Broker may not be available. 
2025-01-06 13:24:31.376  WARN [org.apache.kafka.clients.NetworkClient:1063] [Consumer clientId=consumer-item_group-1, groupId=item_group] Bootstrap broker localhost:9092 (id: -1 rack: null) disconnected 
2025-01-06 13:24:33.444  INFO [org.apache.kafka.clients.NetworkClient:935] [Producer clientId=producer-1] Node -1 disconnected. 
2025-01-06 13:24:33.445  WARN [org.apache.kafka.clients.NetworkClient:775] [Producer clientId=producer-1] Connection to node -1 (localhost/127.0.0.1:9092) could not be established. Broker may not be available. 
2025-01-06 13:24:33.446  WARN [org.apache.kafka.clients.NetworkClient:1063] [Producer clientId=producer-1] Bootstrap broker localhost:9092 (id: -1 rack: null) disconnected 
2025-01-06 13:24:34.632  INFO [org.apache.kafka.clients.NetworkClient:935] [Consumer clientId=consumer-item_group-1, groupId=item_group] Node -1 disconnected. 
2025-01-06 13:24:34.634  WARN [org.apache.kafka.clients.NetworkClient:775] [Consumer clientId=consumer-item_group-1, groupId=item_group] Connection to node -1 (localhost/127.0.0.1:9092) could not be established. Broker may not be available. 
2025-01-06 13:24:34.635  WARN [org.apache.kafka.clients.NetworkClient:1063] [Consumer clientId=consumer-item_group-1, groupId=item_group] Bootstrap broker localhost:9092 (id: -1 rack: null) disconnected 
2025-01-06 13:24:36.335  INFO [org.apache.kafka.clients.NetworkClient:935] [Producer clientId=producer-1] Node -1 disconnected. 
2025-01-06 13:24:36.336  WARN [org.apache.kafka.clients.NetworkClient:775] [Producer clientId=producer-1] Connection to node -1 (localhost/127.0.0.1:9092) could not be established. Broker may not be available. 
2025-01-06 13:24:36.337  WARN [org.apache.kafka.clients.NetworkClient:1063] [Producer clientId=producer-1] Bootstrap broker localhost:9092 (id: -1 rack: null) disconnected 
2025-01-06 13:24:37.826  INFO [org.apache.kafka.clients.NetworkClient:935] [Consumer clientId=consumer-item_group-1, groupId=item_group] Node -1 disconnected. 
2025-01-06 13:24:37.827  WARN [org.apache.kafka.clients.NetworkClient:775] [Consumer clientId=consumer-item_group-1, groupId=item_group] Connection to node -1 (localhost/127.0.0.1:9092) could not be established. Broker may not be available. 
2025-01-06 13:24:37.828  WARN [org.apache.kafka.clients.NetworkClient:1063] [Consumer clientId=consumer-item_group-1, groupId=item_group] Bootstrap broker localhost:9092 (id: -1 rack: null) disconnected 
2025-01-06 13:24:39.432  INFO [org.apache.kafka.clients.NetworkClient:935] [Producer clientId=producer-1] Node -1 disconnected. 
2025-01-06 13:24:39.433  WARN [org.apache.kafka.clients.NetworkClient:775] [Producer clientId=producer-1] Connection to node -1 (localhost/127.0.0.1:9092) could not be established. Broker may not be available. 
2025-01-06 13:24:39.433  WARN [org.apache.kafka.clients.NetworkClient:1063] [Producer clientId=producer-1] Bootstrap broker localhost:9092 (id: -1 rack: null) disconnected 
2025-01-06 13:24:40.969  INFO [org.apache.kafka.clients.NetworkClient:935] [Consumer clientId=consumer-item_group-1, groupId=item_group] Node -1 disconnected. 
2025-01-06 13:24:40.970  WARN [org.apache.kafka.clients.NetworkClient:775] [Consumer clientId=consumer-item_group-1, groupId=item_group] Connection to node -1 (localhost/127.0.0.1:9092) could not be established. Broker may not be available. 
2025-01-06 13:24:40.970  WARN [org.apache.kafka.clients.NetworkClient:1063] [Consumer clientId=consumer-item_group-1, groupId=item_group] Bootstrap broker localhost:9092 (id: -1 rack: null) disconnected 
2025-01-06 13:24:42.637  INFO [org.apache.kafka.clients.NetworkClient:935] [Producer clientId=producer-1] Node -1 disconnected. 
2025-01-06 13:24:42.638  WARN [org.apache.kafka.clients.NetworkClient:775] [Producer clientId=producer-1] Connection to node -1 (localhost/127.0.0.1:9092) could not be established. Broker may not be available. 
2025-01-06 13:24:42.639  WARN [org.apache.kafka.clients.NetworkClient:1063] [Producer clientId=producer-1] Bootstrap broker localhost:9092 (id: -1 rack: null) disconnected 
2025-01-06 13:24:43.966  INFO [org.apache.kafka.clients.NetworkClient:935] [Consumer clientId=consumer-item_group-1, groupId=item_group] Node -1 disconnected. 
2025-01-06 13:24:43.968  WARN [org.apache.kafka.clients.NetworkClient:775] [Consumer clientId=consumer-item_group-1, groupId=item_group] Connection to node -1 (localhost/127.0.0.1:9092) could not be established. Broker may not be available. 
2025-01-06 13:24:43.969  WARN [org.apache.kafka.clients.NetworkClient:1063] [Consumer clientId=consumer-item_group-1, groupId=item_group] Bootstrap broker localhost:9092 (id: -1 rack: null) disconnected 
2025-01-06 13:24:45.528  INFO [org.apache.kafka.clients.NetworkClient:935] [Producer clientId=producer-1] Node -1 disconnected. 
2025-01-06 13:24:45.529  WARN [org.apache.kafka.clients.NetworkClient:775] [Producer clientId=producer-1] Connection to node -1 (localhost/127.0.0.1:9092) could not be established. Broker may not be available. 
2025-01-06 13:24:45.530  WARN [org.apache.kafka.clients.NetworkClient:1063] [Producer clientId=producer-1] Bootstrap broker localhost:9092 (id: -1 rack: null) disconnected 
2025-01-06 13:24:47.042  INFO [org.apache.kafka.clients.NetworkClient:935] [Consumer clientId=consumer-item_group-1, groupId=item_group] Node -1 disconnected. 
2025-01-06 13:24:47.043  WARN [org.apache.kafka.clients.NetworkClient:775] [Consumer clientId=consumer-item_group-1, groupId=item_group] Connection to node -1 (localhost/127.0.0.1:9092) could not be established. Broker may not be available. 
2025-01-06 13:24:47.044  WARN [org.apache.kafka.clients.NetworkClient:1063] [Consumer clientId=consumer-item_group-1, groupId=item_group] Bootstrap broker localhost:9092 (id: -1 rack: null) disconnected 
2025-01-06 13:24:48.428  INFO [org.apache.kafka.clients.NetworkClient:935] [Producer clientId=producer-1] Node -1 disconnected. 
2025-01-06 13:24:48.429  WARN [org.apache.kafka.clients.NetworkClient:775] [Producer clientId=producer-1] Connection to node -1 (localhost/127.0.0.1:9092) could not be established. Broker may not be available. 
2025-01-06 13:24:48.429  WARN [org.apache.kafka.clients.NetworkClient:1063] [Producer clientId=producer-1] Bootstrap broker localhost:9092 (id: -1 rack: null) disconnected 
2025-01-06 13:24:50.149  INFO [org.apache.kafka.clients.NetworkClient:935] [Consumer clientId=consumer-item_group-1, groupId=item_group] Node -1 disconnected. 
2025-01-06 13:24:50.150  WARN [org.apache.kafka.clients.NetworkClient:775] [Consumer clientId=consumer-item_group-1, groupId=item_group] Connection to node -1 (localhost/127.0.0.1:9092) could not be established. Broker may not be available. 
2025-01-06 13:24:50.150  WARN [org.apache.kafka.clients.NetworkClient:1063] [Consumer clientId=consumer-item_group-1, groupId=item_group] Bootstrap broker localhost:9092 (id: -1 rack: null) disconnected 
2025-01-06 13:24:51.522  INFO [org.apache.kafka.clients.NetworkClient:935] [Producer clientId=producer-1] Node -1 disconnected. 
2025-01-06 13:24:51.523  WARN [org.apache.kafka.clients.NetworkClient:775] [Producer clientId=producer-1] Connection to node -1 (localhost/127.0.0.1:9092) could not be established. Broker may not be available. 
2025-01-06 13:24:51.523  WARN [org.apache.kafka.clients.NetworkClient:1063] [Producer clientId=producer-1] Bootstrap broker localhost:9092 (id: -1 rack: null) disconnected 
2025-01-06 13:24:53.030  INFO [org.apache.kafka.clients.NetworkClient:935] [Consumer clientId=consumer-item_group-1, groupId=item_group] Node -1 disconnected. 
2025-01-06 13:24:53.031  WARN [org.apache.kafka.clients.NetworkClient:775] [Consumer clientId=consumer-item_group-1, groupId=item_group] Connection to node -1 (localhost/127.0.0.1:9092) could not be established. Broker may not be available. 
2025-01-06 13:24:53.032  WARN [org.apache.kafka.clients.NetworkClient:1063] [Consumer clientId=consumer-item_group-1, groupId=item_group] Bootstrap broker localhost:9092 (id: -1 rack: null) disconnected 
2025-01-06 13:24:54.716  INFO [org.apache.kafka.clients.NetworkClient:935] [Producer clientId=producer-1] Node -1 disconnected. 
2025-01-06 13:24:54.717  WARN [org.apache.kafka.clients.NetworkClient:775] [Producer clientId=producer-1] Connection to node -1 (localhost/127.0.0.1:9092) could not be established. Broker may not be available. 
2025-01-06 13:24:54.717  WARN [org.apache.kafka.clients.NetworkClient:1063] [Producer clientId=producer-1] Bootstrap broker localhost:9092 (id: -1 rack: null) disconnected 
2025-01-06 13:24:55.994  INFO [org.apache.kafka.clients.NetworkClient:935] [Consumer clientId=consumer-item_group-1, groupId=item_group] Node -1 disconnected. 
2025-01-06 13:24:55.995  WARN [org.apache.kafka.clients.NetworkClient:775] [Consumer clientId=consumer-item_group-1, groupId=item_group] Connection to node -1 (localhost/127.0.0.1:9092) could not be established. Broker may not be available. 
2025-01-06 13:24:55.995  WARN [org.apache.kafka.clients.NetworkClient:1063] [Consumer clientId=consumer-item_group-1, groupId=item_group] Bootstrap broker localhost:9092 (id: -1 rack: null) disconnected 
2025-01-06 13:24:57.923  INFO [org.apache.kafka.clients.NetworkClient:935] [Producer clientId=producer-1] Node -1 disconnected. 
2025-01-06 13:24:57.925  WARN [org.apache.kafka.clients.NetworkClient:775] [Producer clientId=producer-1] Connection to node -1 (localhost/127.0.0.1:9092) could not be established. Broker may not be available. 
2025-01-06 13:24:57.925  WARN [org.apache.kafka.clients.NetworkClient:1063] [Producer clientId=producer-1] Bootstrap broker localhost:9092 (id: -1 rack: null) disconnected 
2025-01-06 13:24:58.623 ERROR [org.springframework.kafka.support.LoggingProducerListener:261] Exception thrown when sending a message with key='100' and payload='{"itemId":"100","itemLevel":1,"itemNumberType":"PLU","businessUnitId":70,"catchWeightInd":"N","class...' to topic Item_Topic: org.apache.kafka.common.errors.TimeoutException: Topic Item_Topic not present in metadata after 60000 ms.

2025-01-06 13:27:09.587  WARN [com.zaxxer.hikari.pool.HikariPool:788] HikariPool-1 - Thread starvation or clock leap detected (housekeeper delta=2m11s256ms967µs200ns). 
2025-01-06 13:27:09.587  INFO [org.apache.kafka.clients.NetworkClient:819] [Consumer clientId=consumer-item_group-1, groupId=item_group] Disconnecting from node -1 due to socket connection setup timeout. The timeout value is 33733 ms. 
2025-01-06 13:27:09.589  WARN [org.apache.kafka.clients.NetworkClient:1063] [Consumer clientId=consumer-item_group-1, groupId=item_group] Bootstrap broker localhost:9092 (id: -1 rack: null) disconnected 
2025-01-06 13:27:09.588 ERROR [za.co.woolworths.itemkafka_poc.controller.ItemProducerController:56] Error occurred in createItemKafkaTopic:  org.springframework.kafka.KafkaException: Send failed; nested exception is org.apache.kafka.common.errors.TimeoutException: Topic Item_Topic not present in metadata after 60000 ms.
	at org.springframework.kafka.core.KafkaTemplate.doSend(KafkaTemplate.java:660)
	at org.springframework.kafka.core.KafkaTemplate.send(KafkaTemplate.java:409)
	at za.co.woolworths.itemkafka_poc.kafka.producer.ItemProducerService.sendItem(ItemProducerService.java:26)
	at za.co.woolworths.itemkafka_poc.kafka.producer.ItemProducerService.sendItems(ItemProducerService.java:34)
	at za.co.woolworths.itemkafka_poc.controller.ItemProducerController.createItemKafkaTopic(ItemProducerController.java:45)
	at java.base/jdk.internal.reflect.NativeMethodAccessorImpl.invoke0(Native Method)
	at java.base/jdk.internal.reflect.NativeMethodAccessorImpl.invoke(NativeMethodAccessorImpl.java:64)
	at java.base/jdk.internal.reflect.DelegatingMethodAccessorImpl.invoke(DelegatingMethodAccessorImpl.java:43)
	at java.base/java.lang.reflect.Method.invoke(Method.java:564)
	at org.springframework.web.method.support.InvocableHandlerMethod.doInvoke(InvocableHandlerMethod.java:205)
	at org.springframework.web.method.support.InvocableHandlerMethod.invokeForRequest(InvocableHandlerMethod.java:150)
	at org.springframework.web.servlet.mvc.method.annotation.ServletInvocableHandlerMethod.invokeAndHandle(ServletInvocableHandlerMethod.java:117)
	at org.springframework.web.servlet.mvc.method.annotation.RequestMappingHandlerAdapter.invokeHandlerMethod(RequestMappingHandlerAdapter.java:895)
	at org.springframework.web.servlet.mvc.method.annotation.RequestMappingHandlerAdapter.handleInternal(RequestMappingHandlerAdapter.java:808)
	at org.springframework.web.servlet.mvc.method.AbstractHandlerMethodAdapter.handle(AbstractHandlerMethodAdapter.java:87)
	at org.springframework.web.servlet.DispatcherServlet.doDispatch(DispatcherServlet.java:1067)
	at org.springframework.web.servlet.DispatcherServlet.doService(DispatcherServlet.java:963)
	at org.springframework.web.servlet.FrameworkServlet.processRequest(FrameworkServlet.java:1006)
	at org.springframework.web.servlet.FrameworkServlet.doPost(FrameworkServlet.java:909)
	at javax.servlet.http.HttpServlet.service(HttpServlet.java:681)
	at org.springframework.web.servlet.FrameworkServlet.service(FrameworkServlet.java:883)
	at javax.servlet.http.HttpServlet.service(HttpServlet.java:764)
	at org.apache.catalina.core.ApplicationFilterChain.internalDoFilter(ApplicationFilterChain.java:227)
	at org.apache.catalina.core.ApplicationFilterChain.doFilter(ApplicationFilterChain.java:162)
	at org.apache.tomcat.websocket.server.WsFilter.doFilter(WsFilter.java:53)
	at org.apache.catalina.core.ApplicationFilterChain.internalDoFilter(ApplicationFilterChain.java:189)
	at org.apache.catalina.core.ApplicationFilterChain.doFilter(ApplicationFilterChain.java:162)
	at org.springframework.boot.actuate.metrics.web.servlet.WebMvcMetricsFilter.doFilterInternal(WebMvcMetricsFilter.java:96)
	at org.springframework.web.filter.OncePerRequestFilter.doFilter(OncePerRequestFilter.java:117)
	at org.apache.catalina.core.ApplicationFilterChain.internalDoFilter(ApplicationFilterChain.java:189)
	at org.apache.catalina.core.ApplicationFilterChain.doFilter(ApplicationFilterChain.java:162)
	at org.springframework.web.filter.CharacterEncodingFilter.doFilterInternal(CharacterEncodingFilter.java:201)
	at org.springframework.web.filter.OncePerRequestFilter.doFilter(OncePerRequestFilter.java:117)
	at org.apache.catalina.core.ApplicationFilterChain.internalDoFilter(ApplicationFilterChain.java:189)
	at org.apache.catalina.core.ApplicationFilterChain.doFilter(ApplicationFilterChain.java:162)
	at org.apache.catalina.core.StandardWrapperValve.invoke(StandardWrapperValve.java:197)
	at org.apache.catalina.core.StandardContextValve.invoke(StandardContextValve.java:97)
	at org.apache.catalina.authenticator.AuthenticatorBase.invoke(AuthenticatorBase.java:541)
	at org.apache.catalina.core.StandardHostValve.invoke(StandardHostValve.java:135)
	at org.apache.catalina.valves.ErrorReportValve.invoke(ErrorReportValve.java:92)
	at org.apache.catalina.core.StandardEngineValve.invoke(StandardEngineValve.java:78)
	at org.apache.catalina.connector.CoyoteAdapter.service(CoyoteAdapter.java:360)
	at org.apache.coyote.http11.Http11Processor.service(Http11Processor.java:399)
	at org.apache.coyote.AbstractProcessorLight.process(AbstractProcessorLight.java:65)
	at org.apache.coyote.AbstractProtocol$ConnectionHandler.process(AbstractProtocol.java:890)
	at org.apache.tomcat.util.net.NioEndpoint$SocketProcessor.doRun(NioEndpoint.java:1787)
	at org.apache.tomcat.util.net.SocketProcessorBase.run(SocketProcessorBase.java:49)
	at org.apache.tomcat.util.threads.ThreadPoolExecutor.runWorker(ThreadPoolExecutor.java:1191)
	at org.apache.tomcat.util.threads.ThreadPoolExecutor$Worker.run(ThreadPoolExecutor.java:659)
	at org.apache.tomcat.util.threads.TaskThread$WrappingRunnable.run(TaskThread.java:61)
	at java.base/java.lang.Thread.run(Thread.java:832)
Caused by: org.apache.kafka.common.errors.TimeoutException: Topic Item_Topic not present in metadata after 60000 ms.

2025-01-06 13:27:09.615 DEBUG [org.springframework.web.servlet.mvc.method.annotation.RequestResponseBodyMethodProcessor:268] Using 'application/text', given [application/text] and supported [application/text] 
2025-01-06 13:27:09.617 DEBUG [org.springframework.web.servlet.mvc.method.annotation.RequestResponseBodyMethodProcessor:119] Writing ["Error occurred in createItemKafkaTopic!"] 
2025-01-06 13:27:09.639 DEBUG [org.springframework.web.servlet.DispatcherServlet:1131] Completed 200 OK 
2025-01-06 13:27:09.777  INFO [org.apache.kafka.clients.consumer.internals.ConsumerCoordinator:972] [Consumer clientId=consumer-item_group-1, groupId=item_group] Resetting generation due to: consumer pro-actively leaving the group 
2025-01-06 13:27:09.779  INFO [org.apache.kafka.clients.consumer.internals.ConsumerCoordinator:1000] [Consumer clientId=consumer-item_group-1, groupId=item_group] Request joining group due to: consumer pro-actively leaving the group 
2025-01-06 13:27:09.779  INFO [org.apache.kafka.clients.consumer.KafkaConsumer:1075] [Consumer clientId=consumer-item_group-1, groupId=item_group] Unsubscribed all topics or patterns and assigned partitions 
2025-01-06 13:27:09.782  INFO [org.apache.kafka.clients.consumer.internals.ConsumerCoordinator:972] [Consumer clientId=consumer-item_group-1, groupId=item_group] Resetting generation due to: consumer pro-actively leaving the group 
2025-01-06 13:27:09.783  INFO [org.apache.kafka.clients.consumer.internals.ConsumerCoordinator:1000] [Consumer clientId=consumer-item_group-1, groupId=item_group] Request joining group due to: consumer pro-actively leaving the group 
2025-01-06 13:27:09.786  INFO [org.apache.kafka.common.metrics.Metrics:659] Metrics scheduler closed 
2025-01-06 13:27:09.787  INFO [org.apache.kafka.common.metrics.Metrics:663] Closing reporter org.apache.kafka.common.metrics.JmxReporter 
2025-01-06 13:27:09.788  INFO [org.apache.kafka.common.metrics.Metrics:669] Metrics reporters closed 
2025-01-06 13:27:09.800  INFO [org.apache.kafka.common.utils.AppInfoParser:83] App info kafka.consumer for consumer-item_group-1 unregistered 
2025-01-06 13:27:09.802  INFO [org.springframework.kafka.listener.KafkaMessageListenerContainer:292] item_group: Consumer stopped 
2025-01-06 13:27:09.811  INFO [org.apache.kafka.clients.producer.KafkaProducer:1249] [Producer clientId=producer-1] Closing the Kafka producer with timeoutMillis = 30000 ms. 
2025-01-06 13:27:11.628  INFO [org.apache.kafka.clients.NetworkClient:935] [Producer clientId=producer-1] Node -1 disconnected. 
2025-01-06 13:27:11.629  WARN [org.apache.kafka.clients.NetworkClient:775] [Producer clientId=producer-1] Connection to node -1 (localhost/127.0.0.1:9092) could not be established. Broker may not be available. 
2025-01-06 13:27:11.630  WARN [org.apache.kafka.clients.NetworkClient:1063] [Producer clientId=producer-1] Bootstrap broker localhost:9092 (id: -1 rack: null) disconnected 
2025-01-06 13:27:11.742  INFO [org.apache.kafka.common.metrics.Metrics:659] Metrics scheduler closed 
2025-01-06 13:27:11.742  INFO [org.apache.kafka.common.metrics.Metrics:663] Closing reporter org.apache.kafka.common.metrics.JmxReporter 
2025-01-06 13:27:11.743  INFO [org.apache.kafka.common.metrics.Metrics:669] Metrics reporters closed 
2025-01-06 13:27:11.744  INFO [org.apache.kafka.common.utils.AppInfoParser:83] App info kafka.producer for producer-1 unregistered 
2025-01-06 13:27:11.746  INFO [org.springframework.orm.jpa.LocalContainerEntityManagerFactoryBean:651] Closing JPA EntityManagerFactory for persistence unit 'default' 
2025-01-06 13:27:11.751  INFO [com.zaxxer.hikari.HikariDataSource:350] HikariPool-1 - Shutdown initiated... 
2025-01-06 13:27:11.756  INFO [com.zaxxer.hikari.HikariDataSource:352] HikariPool-1 - Shutdown completed. 
