2025-02-17 13:02:06.067  INFO [org.apache.kafka.clients.NetworkClient:977] [Consumer clientId=consumer-item_group-2, groupId=item_group] Node -1 disconnected. 
2025-02-17 13:02:06.074  INFO [org.apache.kafka.clients.NetworkClient:977] [Consumer clientId=consumer-item_group-3, groupId=item_group] Node -1 disconnected. 
2025-02-17 13:02:06.170  INFO [org.apache.kafka.clients.NetworkClient:977] [Consumer clientId=consumer-item_group-1, groupId=item_group] Node -1 disconnected. 
2025-02-17 13:03:16.086  INFO [org.apache.flink.runtime.blob.TransientBlobCache:251] Shutting down BLOB cache 
2025-02-17 13:03:16.086  INFO [org.apache.flink.runtime.blob.PermanentBlobCache:251] Shutting down BLOB cache 
2025-02-17 13:03:16.090  INFO [org.apache.flink.runtime.blob.BlobServer:397] Stopped BLOB server at 0.0.0.0:53292 
2025-02-17 13:03:16.124  INFO [org.apache.kafka.clients.consumer.internals.ConsumerCoordinator:1133] [Consumer clientId=consumer-item_group-2, groupId=item_group] Member consumer-item_group-2-f38db2aa-1659-4a87-b6c4-58de1988ddc2 sending LeaveGroup request to coordinator W49204302.mshome.net:9092 (id: 2147483647 rack: null) due to the consumer unsubscribed from all topics 
2025-02-17 13:03:16.124  INFO [org.apache.kafka.clients.consumer.internals.ConsumerCoordinator:338] [Consumer clientId=consumer-item_group-1, groupId=item_group] Revoke previously assigned partitions Item_Topic-0 
2025-02-17 13:03:16.124  INFO [org.apache.kafka.clients.consumer.internals.ConsumerCoordinator:1133] [Consumer clientId=consumer-item_group-3, groupId=item_group] Member consumer-item_group-3-301e9f37-ebf5-49ce-a969-db8173634694 sending LeaveGroup request to coordinator W49204302.mshome.net:9092 (id: 2147483647 rack: null) due to the consumer unsubscribed from all topics 
2025-02-17 13:03:16.125  INFO [org.apache.kafka.clients.consumer.internals.ConsumerCoordinator:1025] [Consumer clientId=consumer-item_group-3, groupId=item_group] Resetting generation and member id due to: consumer pro-actively leaving the group 
2025-02-17 13:03:16.125  INFO [org.apache.kafka.clients.consumer.internals.ConsumerCoordinator:1025] [Consumer clientId=consumer-item_group-2, groupId=item_group] Resetting generation and member id due to: consumer pro-actively leaving the group 
2025-02-17 13:03:16.126  INFO [org.apache.kafka.clients.consumer.internals.ConsumerCoordinator:1072] [Consumer clientId=consumer-item_group-2, groupId=item_group] Request joining group due to: consumer pro-actively leaving the group 
2025-02-17 13:03:16.125  INFO [org.springframework.kafka.listener.KafkaMessageListenerContainer:292] item_group: partitions revoked: [Item_Topic-0] 
2025-02-17 13:03:16.126  INFO [org.apache.kafka.clients.consumer.internals.ConsumerCoordinator:1072] [Consumer clientId=consumer-item_group-3, groupId=item_group] Request joining group due to: consumer pro-actively leaving the group 
2025-02-17 13:03:16.126  INFO [org.apache.kafka.clients.consumer.KafkaConsumer:1089] [Consumer clientId=consumer-item_group-2, groupId=item_group] Unsubscribed all topics or patterns and assigned partitions 
2025-02-17 13:03:16.127  INFO [org.apache.kafka.clients.consumer.KafkaConsumer:1089] [Consumer clientId=consumer-item_group-3, groupId=item_group] Unsubscribed all topics or patterns and assigned partitions 
2025-02-17 13:03:16.127  INFO [org.apache.kafka.clients.consumer.internals.ConsumerCoordinator:1133] [Consumer clientId=consumer-item_group-1, groupId=item_group] Member consumer-item_group-1-059347e8-040d-49a3-97be-bb79f90c852d sending LeaveGroup request to coordinator W49204302.mshome.net:9092 (id: 2147483647 rack: null) due to the consumer unsubscribed from all topics 
2025-02-17 13:03:16.127  INFO [org.apache.kafka.clients.consumer.internals.ConsumerCoordinator:1025] [Consumer clientId=consumer-item_group-1, groupId=item_group] Resetting generation and member id due to: consumer pro-actively leaving the group 
2025-02-17 13:03:16.128  INFO [org.apache.kafka.clients.consumer.internals.ConsumerCoordinator:1072] [Consumer clientId=consumer-item_group-1, groupId=item_group] Request joining group due to: consumer pro-actively leaving the group 
2025-02-17 13:03:16.128  INFO [org.apache.kafka.clients.consumer.KafkaConsumer:1089] [Consumer clientId=consumer-item_group-1, groupId=item_group] Unsubscribed all topics or patterns and assigned partitions 
2025-02-17 13:03:16.128  INFO [org.apache.kafka.clients.consumer.internals.ConsumerCoordinator:1025] [Consumer clientId=consumer-item_group-2, groupId=item_group] Resetting generation and member id due to: consumer pro-actively leaving the group 
2025-02-17 13:03:16.128  INFO [org.apache.kafka.clients.consumer.internals.ConsumerCoordinator:1025] [Consumer clientId=consumer-item_group-1, groupId=item_group] Resetting generation and member id due to: consumer pro-actively leaving the group 
2025-02-17 13:03:16.128  INFO [org.apache.kafka.clients.consumer.internals.ConsumerCoordinator:1025] [Consumer clientId=consumer-item_group-3, groupId=item_group] Resetting generation and member id due to: consumer pro-actively leaving the group 
2025-02-17 13:03:16.129  INFO [org.apache.kafka.clients.consumer.internals.ConsumerCoordinator:1072] [Consumer clientId=consumer-item_group-2, groupId=item_group] Request joining group due to: consumer pro-actively leaving the group 
2025-02-17 13:03:16.129  INFO [org.apache.kafka.clients.consumer.internals.ConsumerCoordinator:1072] [Consumer clientId=consumer-item_group-1, groupId=item_group] Request joining group due to: consumer pro-actively leaving the group 
2025-02-17 13:03:16.129  INFO [org.apache.kafka.clients.consumer.internals.ConsumerCoordinator:1072] [Consumer clientId=consumer-item_group-3, groupId=item_group] Request joining group due to: consumer pro-actively leaving the group 
2025-02-17 13:03:16.140  INFO [org.apache.kafka.common.metrics.Metrics:693] Metrics scheduler closed 
2025-02-17 13:03:16.140  INFO [org.apache.kafka.common.metrics.Metrics:697] Closing reporter org.apache.kafka.common.metrics.JmxReporter 
2025-02-17 13:03:16.141  INFO [org.apache.kafka.common.metrics.Metrics:703] Metrics reporters closed 
2025-02-17 13:03:16.143  INFO [org.apache.kafka.common.metrics.Metrics:693] Metrics scheduler closed 
2025-02-17 13:03:16.143  INFO [org.apache.kafka.common.metrics.Metrics:697] Closing reporter org.apache.kafka.common.metrics.JmxReporter 
2025-02-17 13:03:16.144  INFO [org.apache.kafka.common.metrics.Metrics:703] Metrics reporters closed 
2025-02-17 13:03:16.150  INFO [org.apache.kafka.common.utils.AppInfoParser:83] App info kafka.consumer for consumer-item_group-3 unregistered 
2025-02-17 13:03:16.151  INFO [org.apache.kafka.common.utils.AppInfoParser:83] App info kafka.consumer for consumer-item_group-2 unregistered 
2025-02-17 13:03:16.151  INFO [org.springframework.kafka.listener.KafkaMessageListenerContainer:292] item_group: Consumer stopped 
2025-02-17 13:03:16.152  INFO [org.springframework.kafka.listener.KafkaMessageListenerContainer:292] item_group: Consumer stopped 
2025-02-17 13:03:16.175  INFO [org.apache.kafka.common.metrics.Metrics:693] Metrics scheduler closed 
2025-02-17 13:03:16.176  INFO [org.apache.kafka.common.metrics.Metrics:697] Closing reporter org.apache.kafka.common.metrics.JmxReporter 
2025-02-17 13:03:16.176  INFO [org.apache.kafka.common.metrics.Metrics:703] Metrics reporters closed 
2025-02-17 13:03:16.180  INFO [org.apache.kafka.common.utils.AppInfoParser:83] App info kafka.consumer for consumer-item_group-1 unregistered 
2025-02-17 13:03:16.180  INFO [org.springframework.kafka.listener.KafkaMessageListenerContainer:292] item_group: Consumer stopped 
2025-02-17 13:03:16.186  INFO [org.springframework.orm.jpa.LocalContainerEntityManagerFactoryBean:651] Closing JPA EntityManagerFactory for persistence unit 'default' 
2025-02-17 13:03:16.191  INFO [com.zaxxer.hikari.HikariDataSource:350] HikariPool-1 - Shutdown initiated... 
2025-02-17 13:03:16.194  INFO [com.zaxxer.hikari.HikariDataSource:352] HikariPool-1 - Shutdown completed. 
2025-02-17 13:04:11.146  INFO [za.co.woolworths.itemkafka_poc.KafkaItemProducerPocApplication:55] Starting KafkaItemProducerPocApplication using Java 15.0.2 on W49204302 with PID 2412 (C:\Workspaces\Item-Kafka-Producer-POC\Item-Kafka-Producer-POC\target\classes started by W7178930 in C:\Workspaces\Item-Kafka-Producer-POC\Item-Kafka-Producer-POC) 
2025-02-17 13:04:11.149  INFO [za.co.woolworths.itemkafka_poc.KafkaItemProducerPocApplication:640] The following 2 profiles are active: "swagger", "dev" 
2025-02-17 13:04:12.142  INFO [org.springframework.data.repository.config.RepositoryConfigurationDelegate:132] Bootstrapping Spring Data JPA repositories in DEFAULT mode. 
2025-02-17 13:04:12.236  INFO [org.springframework.data.repository.config.RepositoryConfigurationDelegate:201] Finished Spring Data repository scanning in 78 ms. Found 1 JPA repository interfaces. 
2025-02-17 13:04:13.248  INFO [org.springframework.boot.web.embedded.tomcat.TomcatWebServer:108] Tomcat initialized with port(s): 8081 (http) 
2025-02-17 13:04:13.257  INFO [org.apache.coyote.http11.Http11NioProtocol:173] Initializing ProtocolHandler ["http-nio-8081"] 
2025-02-17 13:04:13.257  INFO [org.apache.catalina.core.StandardService:173] Starting service [Tomcat] 
2025-02-17 13:04:13.258  INFO [org.apache.catalina.core.StandardEngine:173] Starting Servlet engine: [Apache Tomcat/9.0.64] 
2025-02-17 13:04:13.483  INFO [org.apache.catalina.core.ContainerBase.[Tomcat].[localhost].[/]:173] Initializing Spring embedded WebApplicationContext 
2025-02-17 13:04:13.483  INFO [org.springframework.boot.web.servlet.context.ServletWebServerApplicationContext:292] Root WebApplicationContext: initialization completed in 2282 ms 
2025-02-17 13:04:13.968  INFO [com.zaxxer.hikari.HikariDataSource:110] HikariPool-1 - Starting... 
2025-02-17 13:04:14.354  INFO [com.zaxxer.hikari.HikariDataSource:123] HikariPool-1 - Start completed. 
2025-02-17 13:04:14.411  INFO [org.hibernate.jpa.internal.util.LogHelper:31] HHH000204: Processing PersistenceUnitInfo [name: default] 
2025-02-17 13:04:14.450  INFO [org.hibernate.Version:44] HHH000412: Hibernate ORM core version 5.6.9.Final 
2025-02-17 13:04:14.705  INFO [org.hibernate.annotations.common.Version:56] HCANN000001: Hibernate Commons Annotations {5.1.2.Final} 
2025-02-17 13:04:14.909  INFO [org.hibernate.dialect.Dialect:175] HHH000400: Using dialect: org.hibernate.dialect.SQLServer2016Dialect 
2025-02-17 13:04:15.525  INFO [org.hibernate.engine.transaction.jta.platform.internal.JtaPlatformInitiator:52] HHH000490: Using JtaPlatform implementation: [org.hibernate.engine.transaction.jta.platform.internal.NoJtaPlatform] 
2025-02-17 13:04:15.540  INFO [org.springframework.orm.jpa.LocalContainerEntityManagerFactoryBean:437] Initialized JPA EntityManagerFactory for persistence unit 'default' 
2025-02-17 13:04:16.425  WARN [org.springframework.boot.autoconfigure.orm.jpa.JpaBaseConfiguration$JpaWebConfiguration:219] spring.jpa.open-in-view is enabled by default. Therefore, database queries may be performed during view rendering. Explicitly configure spring.jpa.open-in-view to disable this warning 
2025-02-17 13:04:16.540 DEBUG [org.springframework.web.servlet.mvc.method.annotation.RequestMappingHandlerMapping:367] 13 mappings in 'requestMappingHandlerMapping' 
2025-02-17 13:04:17.060 DEBUG [org.springframework.web.servlet.handler.SimpleUrlHandlerMapping:188] Patterns [/agent/swagger-ui*/**] in 'resourceHandlerMapping' 
2025-02-17 13:04:17.115 DEBUG [org.springframework.web.servlet.mvc.method.annotation.RequestMappingHandlerAdapter:625] ControllerAdvice beans: 0 @ModelAttribute, 0 @InitBinder, 1 RequestBodyAdvice, 1 ResponseBodyAdvice 
2025-02-17 13:04:17.162 DEBUG [org.springframework.web.servlet.mvc.method.annotation.ExceptionHandlerExceptionResolver:307] ControllerAdvice beans: 1 @ExceptionHandler, 1 ResponseBodyAdvice 
2025-02-17 13:04:17.560  INFO [org.springframework.boot.actuate.endpoint.web.EndpointLinksResolver:58] Exposing 1 endpoint(s) beneath base path '/actuator' 
2025-02-17 13:04:17.696  INFO [org.apache.kafka.clients.consumer.ConsumerConfig:369] ConsumerConfig values: 
	allow.auto.create.topics = true
	auto.commit.interval.ms = 5000
	auto.include.jmx.reporter = true
	auto.offset.reset = latest
	bootstrap.servers = [localhost:9092]
	check.crcs = true
	client.dns.lookup = use_all_dns_ips
	client.id = consumer-item_group-1
	client.rack = 
	connections.max.idle.ms = 540000
	default.api.timeout.ms = 60000
	enable.auto.commit = false
	exclude.internal.topics = true
	fetch.max.bytes = 52428800
	fetch.max.wait.ms = 500
	fetch.min.bytes = 1
	group.id = item_group
	group.instance.id = null
	heartbeat.interval.ms = 3000
	interceptor.classes = []
	internal.leave.group.on.close = true
	internal.throw.on.fetch.stable.offset.unsupported = false
	isolation.level = read_uncommitted
	key.deserializer = class org.apache.kafka.common.serialization.StringDeserializer
	max.partition.fetch.bytes = 1048576
	max.poll.interval.ms = 300000
	max.poll.records = 500
	metadata.max.age.ms = 300000
	metric.reporters = []
	metrics.num.samples = 2
	metrics.recording.level = INFO
	metrics.sample.window.ms = 30000
	partition.assignment.strategy = [class org.apache.kafka.clients.consumer.RangeAssignor, class org.apache.kafka.clients.consumer.CooperativeStickyAssignor]
	receive.buffer.bytes = 65536
	reconnect.backoff.max.ms = 1000
	reconnect.backoff.ms = 50
	request.timeout.ms = 30000
	retry.backoff.ms = 100
	sasl.client.callback.handler.class = null
	sasl.jaas.config = null
	sasl.kerberos.kinit.cmd = /usr/bin/kinit
	sasl.kerberos.min.time.before.relogin = 60000
	sasl.kerberos.service.name = null
	sasl.kerberos.ticket.renew.jitter = 0.05
	sasl.kerberos.ticket.renew.window.factor = 0.8
	sasl.login.callback.handler.class = null
	sasl.login.class = null
	sasl.login.connect.timeout.ms = null
	sasl.login.read.timeout.ms = null
	sasl.login.refresh.buffer.seconds = 300
	sasl.login.refresh.min.period.seconds = 60
	sasl.login.refresh.window.factor = 0.8
	sasl.login.refresh.window.jitter = 0.05
	sasl.login.retry.backoff.max.ms = 10000
	sasl.login.retry.backoff.ms = 100
	sasl.mechanism = GSSAPI
	sasl.oauthbearer.clock.skew.seconds = 30
	sasl.oauthbearer.expected.audience = null
	sasl.oauthbearer.expected.issuer = null
	sasl.oauthbearer.jwks.endpoint.refresh.ms = 3600000
	sasl.oauthbearer.jwks.endpoint.retry.backoff.max.ms = 10000
	sasl.oauthbearer.jwks.endpoint.retry.backoff.ms = 100
	sasl.oauthbearer.jwks.endpoint.url = null
	sasl.oauthbearer.scope.claim.name = scope
	sasl.oauthbearer.sub.claim.name = sub
	sasl.oauthbearer.token.endpoint.url = null
	security.protocol = PLAINTEXT
	security.providers = null
	send.buffer.bytes = 131072
	session.timeout.ms = 45000
	socket.connection.setup.timeout.max.ms = 30000
	socket.connection.setup.timeout.ms = 10000
	ssl.cipher.suites = null
	ssl.enabled.protocols = [TLSv1.2, TLSv1.3]
	ssl.endpoint.identification.algorithm = https
	ssl.engine.factory.class = null
	ssl.key.password = null
	ssl.keymanager.algorithm = SunX509
	ssl.keystore.certificate.chain = null
	ssl.keystore.key = null
	ssl.keystore.location = null
	ssl.keystore.password = null
	ssl.keystore.type = JKS
	ssl.protocol = TLSv1.3
	ssl.provider = null
	ssl.secure.random.implementation = null
	ssl.trustmanager.algorithm = PKIX
	ssl.truststore.certificates = null
	ssl.truststore.location = null
	ssl.truststore.password = null
	ssl.truststore.type = JKS
	value.deserializer = class org.apache.kafka.common.serialization.StringDeserializer
 
2025-02-17 13:04:17.885  INFO [org.apache.kafka.common.utils.AppInfoParser:119] Kafka version: 3.5.1 
2025-02-17 13:04:17.885  INFO [org.apache.kafka.common.utils.AppInfoParser:120] Kafka commitId: 2c6fb6c54472e90a 
2025-02-17 13:04:17.885  INFO [org.apache.kafka.common.utils.AppInfoParser:121] Kafka startTimeMs: 1739790257884 
2025-02-17 13:04:17.888  INFO [org.apache.kafka.clients.consumer.KafkaConsumer:980] [Consumer clientId=consumer-item_group-1, groupId=item_group] Subscribed to topic(s): Item_Topic 
2025-02-17 13:04:17.897  INFO [org.apache.kafka.clients.consumer.ConsumerConfig:369] ConsumerConfig values: 
	allow.auto.create.topics = true
	auto.commit.interval.ms = 5000
	auto.include.jmx.reporter = true
	auto.offset.reset = latest
	bootstrap.servers = [localhost:9092]
	check.crcs = true
	client.dns.lookup = use_all_dns_ips
	client.id = consumer-item_group-2
	client.rack = 
	connections.max.idle.ms = 540000
	default.api.timeout.ms = 60000
	enable.auto.commit = false
	exclude.internal.topics = true
	fetch.max.bytes = 52428800
	fetch.max.wait.ms = 500
	fetch.min.bytes = 1
	group.id = item_group
	group.instance.id = null
	heartbeat.interval.ms = 3000
	interceptor.classes = []
	internal.leave.group.on.close = true
	internal.throw.on.fetch.stable.offset.unsupported = false
	isolation.level = read_uncommitted
	key.deserializer = class org.apache.kafka.common.serialization.StringDeserializer
	max.partition.fetch.bytes = 1048576
	max.poll.interval.ms = 300000
	max.poll.records = 500
	metadata.max.age.ms = 300000
	metric.reporters = []
	metrics.num.samples = 2
	metrics.recording.level = INFO
	metrics.sample.window.ms = 30000
	partition.assignment.strategy = [class org.apache.kafka.clients.consumer.RangeAssignor, class org.apache.kafka.clients.consumer.CooperativeStickyAssignor]
	receive.buffer.bytes = 65536
	reconnect.backoff.max.ms = 1000
	reconnect.backoff.ms = 50
	request.timeout.ms = 30000
	retry.backoff.ms = 100
	sasl.client.callback.handler.class = null
	sasl.jaas.config = null
	sasl.kerberos.kinit.cmd = /usr/bin/kinit
	sasl.kerberos.min.time.before.relogin = 60000
	sasl.kerberos.service.name = null
	sasl.kerberos.ticket.renew.jitter = 0.05
	sasl.kerberos.ticket.renew.window.factor = 0.8
	sasl.login.callback.handler.class = null
	sasl.login.class = null
	sasl.login.connect.timeout.ms = null
	sasl.login.read.timeout.ms = null
	sasl.login.refresh.buffer.seconds = 300
	sasl.login.refresh.min.period.seconds = 60
	sasl.login.refresh.window.factor = 0.8
	sasl.login.refresh.window.jitter = 0.05
	sasl.login.retry.backoff.max.ms = 10000
	sasl.login.retry.backoff.ms = 100
	sasl.mechanism = GSSAPI
	sasl.oauthbearer.clock.skew.seconds = 30
	sasl.oauthbearer.expected.audience = null
	sasl.oauthbearer.expected.issuer = null
	sasl.oauthbearer.jwks.endpoint.refresh.ms = 3600000
	sasl.oauthbearer.jwks.endpoint.retry.backoff.max.ms = 10000
	sasl.oauthbearer.jwks.endpoint.retry.backoff.ms = 100
	sasl.oauthbearer.jwks.endpoint.url = null
	sasl.oauthbearer.scope.claim.name = scope
	sasl.oauthbearer.sub.claim.name = sub
	sasl.oauthbearer.token.endpoint.url = null
	security.protocol = PLAINTEXT
	security.providers = null
	send.buffer.bytes = 131072
	session.timeout.ms = 45000
	socket.connection.setup.timeout.max.ms = 30000
	socket.connection.setup.timeout.ms = 10000
	ssl.cipher.suites = null
	ssl.enabled.protocols = [TLSv1.2, TLSv1.3]
	ssl.endpoint.identification.algorithm = https
	ssl.engine.factory.class = null
	ssl.key.password = null
	ssl.keymanager.algorithm = SunX509
	ssl.keystore.certificate.chain = null
	ssl.keystore.key = null
	ssl.keystore.location = null
	ssl.keystore.password = null
	ssl.keystore.type = JKS
	ssl.protocol = TLSv1.3
	ssl.provider = null
	ssl.secure.random.implementation = null
	ssl.trustmanager.algorithm = PKIX
	ssl.truststore.certificates = null
	ssl.truststore.location = null
	ssl.truststore.password = null
	ssl.truststore.type = JKS
	value.deserializer = class org.apache.kafka.common.serialization.StringDeserializer
 
2025-02-17 13:04:17.903  INFO [org.apache.kafka.common.utils.AppInfoParser:119] Kafka version: 3.5.1 
2025-02-17 13:04:17.903  INFO [org.apache.kafka.common.utils.AppInfoParser:120] Kafka commitId: 2c6fb6c54472e90a 
2025-02-17 13:04:17.904  INFO [org.apache.kafka.common.utils.AppInfoParser:121] Kafka startTimeMs: 1739790257903 
2025-02-17 13:04:17.906  INFO [org.apache.kafka.clients.consumer.KafkaConsumer:980] [Consumer clientId=consumer-item_group-2, groupId=item_group] Subscribed to topic(s): Item_Topic 
2025-02-17 13:04:17.909  INFO [org.apache.kafka.clients.consumer.ConsumerConfig:369] ConsumerConfig values: 
	allow.auto.create.topics = true
	auto.commit.interval.ms = 5000
	auto.include.jmx.reporter = true
	auto.offset.reset = latest
	bootstrap.servers = [localhost:9092]
	check.crcs = true
	client.dns.lookup = use_all_dns_ips
	client.id = consumer-item_group-3
	client.rack = 
	connections.max.idle.ms = 540000
	default.api.timeout.ms = 60000
	enable.auto.commit = false
	exclude.internal.topics = true
	fetch.max.bytes = 52428800
	fetch.max.wait.ms = 500
	fetch.min.bytes = 1
	group.id = item_group
	group.instance.id = null
	heartbeat.interval.ms = 3000
	interceptor.classes = []
	internal.leave.group.on.close = true
	internal.throw.on.fetch.stable.offset.unsupported = false
	isolation.level = read_uncommitted
	key.deserializer = class org.apache.kafka.common.serialization.StringDeserializer
	max.partition.fetch.bytes = 1048576
	max.poll.interval.ms = 300000
	max.poll.records = 500
	metadata.max.age.ms = 300000
	metric.reporters = []
	metrics.num.samples = 2
	metrics.recording.level = INFO
	metrics.sample.window.ms = 30000
	partition.assignment.strategy = [class org.apache.kafka.clients.consumer.RangeAssignor, class org.apache.kafka.clients.consumer.CooperativeStickyAssignor]
	receive.buffer.bytes = 65536
	reconnect.backoff.max.ms = 1000
	reconnect.backoff.ms = 50
	request.timeout.ms = 30000
	retry.backoff.ms = 100
	sasl.client.callback.handler.class = null
	sasl.jaas.config = null
	sasl.kerberos.kinit.cmd = /usr/bin/kinit
	sasl.kerberos.min.time.before.relogin = 60000
	sasl.kerberos.service.name = null
	sasl.kerberos.ticket.renew.jitter = 0.05
	sasl.kerberos.ticket.renew.window.factor = 0.8
	sasl.login.callback.handler.class = null
	sasl.login.class = null
	sasl.login.connect.timeout.ms = null
	sasl.login.read.timeout.ms = null
	sasl.login.refresh.buffer.seconds = 300
	sasl.login.refresh.min.period.seconds = 60
	sasl.login.refresh.window.factor = 0.8
	sasl.login.refresh.window.jitter = 0.05
	sasl.login.retry.backoff.max.ms = 10000
	sasl.login.retry.backoff.ms = 100
	sasl.mechanism = GSSAPI
	sasl.oauthbearer.clock.skew.seconds = 30
	sasl.oauthbearer.expected.audience = null
	sasl.oauthbearer.expected.issuer = null
	sasl.oauthbearer.jwks.endpoint.refresh.ms = 3600000
	sasl.oauthbearer.jwks.endpoint.retry.backoff.max.ms = 10000
	sasl.oauthbearer.jwks.endpoint.retry.backoff.ms = 100
	sasl.oauthbearer.jwks.endpoint.url = null
	sasl.oauthbearer.scope.claim.name = scope
	sasl.oauthbearer.sub.claim.name = sub
	sasl.oauthbearer.token.endpoint.url = null
	security.protocol = PLAINTEXT
	security.providers = null
	send.buffer.bytes = 131072
	session.timeout.ms = 45000
	socket.connection.setup.timeout.max.ms = 30000
	socket.connection.setup.timeout.ms = 10000
	ssl.cipher.suites = null
	ssl.enabled.protocols = [TLSv1.2, TLSv1.3]
	ssl.endpoint.identification.algorithm = https
	ssl.engine.factory.class = null
	ssl.key.password = null
	ssl.keymanager.algorithm = SunX509
	ssl.keystore.certificate.chain = null
	ssl.keystore.key = null
	ssl.keystore.location = null
	ssl.keystore.password = null
	ssl.keystore.type = JKS
	ssl.protocol = TLSv1.3
	ssl.provider = null
	ssl.secure.random.implementation = null
	ssl.trustmanager.algorithm = PKIX
	ssl.truststore.certificates = null
	ssl.truststore.location = null
	ssl.truststore.password = null
	ssl.truststore.type = JKS
	value.deserializer = class org.apache.kafka.common.serialization.StringDeserializer
 
2025-02-17 13:04:17.923  INFO [org.apache.kafka.common.utils.AppInfoParser:119] Kafka version: 3.5.1 
2025-02-17 13:04:17.923  INFO [org.apache.kafka.common.utils.AppInfoParser:120] Kafka commitId: 2c6fb6c54472e90a 
2025-02-17 13:04:17.924  INFO [org.apache.kafka.common.utils.AppInfoParser:121] Kafka startTimeMs: 1739790257923 
2025-02-17 13:04:17.925  INFO [org.apache.kafka.clients.consumer.KafkaConsumer:980] [Consumer clientId=consumer-item_group-3, groupId=item_group] Subscribed to topic(s): Item_Topic 
2025-02-17 13:04:17.926  INFO [org.apache.coyote.http11.Http11NioProtocol:173] Starting ProtocolHandler ["http-nio-8081"] 
2025-02-17 13:04:17.946  INFO [org.springframework.boot.web.embedded.tomcat.TomcatWebServer:220] Tomcat started on port(s): 8081 (http) with context path '' 
2025-02-17 13:04:17.967  INFO [za.co.woolworths.itemkafka_poc.KafkaItemProducerPocApplication:61] Started KafkaItemProducerPocApplication in 7.249 seconds (JVM running for 7.873) 
2025-02-17 13:04:18.384  INFO [org.apache.kafka.clients.Metadata:287] [Consumer clientId=consumer-item_group-3, groupId=item_group] Cluster ID: 241EXJnpTO6SXdisTDqE6g 
2025-02-17 13:04:18.384  INFO [org.apache.kafka.clients.Metadata:287] [Consumer clientId=consumer-item_group-1, groupId=item_group] Cluster ID: 241EXJnpTO6SXdisTDqE6g 
2025-02-17 13:04:18.384  INFO [org.apache.kafka.clients.Metadata:287] [Consumer clientId=consumer-item_group-2, groupId=item_group] Cluster ID: 241EXJnpTO6SXdisTDqE6g 
2025-02-17 13:04:18.386  INFO [org.apache.kafka.clients.consumer.internals.ConsumerCoordinator:906] [Consumer clientId=consumer-item_group-2, groupId=item_group] Discovered group coordinator W49204302.mshome.net:9092 (id: 2147483647 rack: null) 
2025-02-17 13:04:18.386  INFO [org.apache.kafka.clients.consumer.internals.ConsumerCoordinator:906] [Consumer clientId=consumer-item_group-1, groupId=item_group] Discovered group coordinator W49204302.mshome.net:9092 (id: 2147483647 rack: null) 
2025-02-17 13:04:18.386  INFO [org.apache.kafka.clients.consumer.internals.ConsumerCoordinator:906] [Consumer clientId=consumer-item_group-3, groupId=item_group] Discovered group coordinator W49204302.mshome.net:9092 (id: 2147483647 rack: null) 
2025-02-17 13:04:18.394  INFO [org.apache.kafka.clients.consumer.internals.ConsumerCoordinator:576] [Consumer clientId=consumer-item_group-3, groupId=item_group] (Re-)joining group 
2025-02-17 13:04:18.394  INFO [org.apache.kafka.clients.consumer.internals.ConsumerCoordinator:576] [Consumer clientId=consumer-item_group-2, groupId=item_group] (Re-)joining group 
2025-02-17 13:04:18.394  INFO [org.apache.kafka.clients.consumer.internals.ConsumerCoordinator:576] [Consumer clientId=consumer-item_group-1, groupId=item_group] (Re-)joining group 
2025-02-17 13:04:18.421  INFO [org.apache.kafka.clients.consumer.internals.ConsumerCoordinator:1072] [Consumer clientId=consumer-item_group-2, groupId=item_group] Request joining group due to: need to re-join with the given member-id: consumer-item_group-2-26ed4284-211d-42dc-b569-a890523a4af9 
2025-02-17 13:04:18.421  INFO [org.apache.kafka.clients.consumer.internals.ConsumerCoordinator:1072] [Consumer clientId=consumer-item_group-3, groupId=item_group] Request joining group due to: need to re-join with the given member-id: consumer-item_group-3-8102ce57-54aa-486f-8a3a-798324a6cc2d 
2025-02-17 13:04:18.421  INFO [org.apache.kafka.clients.consumer.internals.ConsumerCoordinator:1072] [Consumer clientId=consumer-item_group-1, groupId=item_group] Request joining group due to: need to re-join with the given member-id: consumer-item_group-1-f1b52170-5cd6-4b4a-876a-d3b2c20b26c1 
2025-02-17 13:04:18.422  INFO [org.apache.kafka.clients.consumer.internals.ConsumerCoordinator:1072] [Consumer clientId=consumer-item_group-1, groupId=item_group] Request joining group due to: rebalance failed due to 'The group member needs to have a valid member id before actually entering a consumer group.' (MemberIdRequiredException) 
2025-02-17 13:04:18.422  INFO [org.apache.kafka.clients.consumer.internals.ConsumerCoordinator:1072] [Consumer clientId=consumer-item_group-2, groupId=item_group] Request joining group due to: rebalance failed due to 'The group member needs to have a valid member id before actually entering a consumer group.' (MemberIdRequiredException) 
2025-02-17 13:04:18.422  INFO [org.apache.kafka.clients.consumer.internals.ConsumerCoordinator:1072] [Consumer clientId=consumer-item_group-3, groupId=item_group] Request joining group due to: rebalance failed due to 'The group member needs to have a valid member id before actually entering a consumer group.' (MemberIdRequiredException) 
2025-02-17 13:04:18.423  INFO [org.apache.kafka.clients.consumer.internals.ConsumerCoordinator:576] [Consumer clientId=consumer-item_group-2, groupId=item_group] (Re-)joining group 
2025-02-17 13:04:18.423  INFO [org.apache.kafka.clients.consumer.internals.ConsumerCoordinator:576] [Consumer clientId=consumer-item_group-1, groupId=item_group] (Re-)joining group 
2025-02-17 13:04:18.423  INFO [org.apache.kafka.clients.consumer.internals.ConsumerCoordinator:576] [Consumer clientId=consumer-item_group-3, groupId=item_group] (Re-)joining group 
2025-02-17 13:04:18.429  INFO [org.apache.kafka.clients.consumer.internals.ConsumerCoordinator:637] [Consumer clientId=consumer-item_group-1, groupId=item_group] Successfully joined group with generation Generation{generationId=68, memberId='consumer-item_group-1-f1b52170-5cd6-4b4a-876a-d3b2c20b26c1', protocol='range'} 
2025-02-17 13:04:18.429  INFO [org.apache.kafka.clients.consumer.internals.ConsumerCoordinator:637] [Consumer clientId=consumer-item_group-3, groupId=item_group] Successfully joined group with generation Generation{generationId=68, memberId='consumer-item_group-3-8102ce57-54aa-486f-8a3a-798324a6cc2d', protocol='range'} 
2025-02-17 13:04:18.429  INFO [org.apache.kafka.clients.consumer.internals.ConsumerCoordinator:637] [Consumer clientId=consumer-item_group-2, groupId=item_group] Successfully joined group with generation Generation{generationId=68, memberId='consumer-item_group-2-26ed4284-211d-42dc-b569-a890523a4af9', protocol='range'} 
2025-02-17 13:04:18.436  INFO [org.apache.kafka.clients.consumer.internals.ConsumerCoordinator:712] [Consumer clientId=consumer-item_group-1, groupId=item_group] Finished assignment for group at generation 68: {consumer-item_group-3-8102ce57-54aa-486f-8a3a-798324a6cc2d=Assignment(partitions=[]), consumer-item_group-2-26ed4284-211d-42dc-b569-a890523a4af9=Assignment(partitions=[]), consumer-item_group-1-f1b52170-5cd6-4b4a-876a-d3b2c20b26c1=Assignment(partitions=[Item_Topic-0])} 
2025-02-17 13:04:18.443  INFO [org.apache.kafka.clients.consumer.internals.ConsumerCoordinator:812] [Consumer clientId=consumer-item_group-3, groupId=item_group] Successfully synced group in generation Generation{generationId=68, memberId='consumer-item_group-3-8102ce57-54aa-486f-8a3a-798324a6cc2d', protocol='range'} 
2025-02-17 13:04:18.443  INFO [org.apache.kafka.clients.consumer.internals.ConsumerCoordinator:812] [Consumer clientId=consumer-item_group-1, groupId=item_group] Successfully synced group in generation Generation{generationId=68, memberId='consumer-item_group-1-f1b52170-5cd6-4b4a-876a-d3b2c20b26c1', protocol='range'} 
2025-02-17 13:04:18.443  INFO [org.apache.kafka.clients.consumer.internals.ConsumerCoordinator:812] [Consumer clientId=consumer-item_group-2, groupId=item_group] Successfully synced group in generation Generation{generationId=68, memberId='consumer-item_group-2-26ed4284-211d-42dc-b569-a890523a4af9', protocol='range'} 
2025-02-17 13:04:18.444  INFO [org.apache.kafka.clients.consumer.internals.ConsumerCoordinator:307] [Consumer clientId=consumer-item_group-3, groupId=item_group] Notifying assignor about the new Assignment(partitions=[]) 
2025-02-17 13:04:18.444  INFO [org.apache.kafka.clients.consumer.internals.ConsumerCoordinator:307] [Consumer clientId=consumer-item_group-1, groupId=item_group] Notifying assignor about the new Assignment(partitions=[Item_Topic-0]) 
2025-02-17 13:04:18.444  INFO [org.apache.kafka.clients.consumer.internals.ConsumerCoordinator:307] [Consumer clientId=consumer-item_group-2, groupId=item_group] Notifying assignor about the new Assignment(partitions=[]) 
2025-02-17 13:04:18.445  INFO [org.apache.kafka.clients.consumer.internals.ConsumerCoordinator:319] [Consumer clientId=consumer-item_group-3, groupId=item_group] Adding newly assigned partitions:  
2025-02-17 13:04:18.445  INFO [org.apache.kafka.clients.consumer.internals.ConsumerCoordinator:319] [Consumer clientId=consumer-item_group-2, groupId=item_group] Adding newly assigned partitions:  
2025-02-17 13:04:18.447  INFO [org.springframework.kafka.listener.KafkaMessageListenerContainer:292] item_group: partitions assigned: [] 
2025-02-17 13:04:18.447  INFO [org.springframework.kafka.listener.KafkaMessageListenerContainer:292] item_group: partitions assigned: [] 
2025-02-17 13:04:18.449  INFO [org.apache.kafka.clients.consumer.internals.ConsumerCoordinator:319] [Consumer clientId=consumer-item_group-1, groupId=item_group] Adding newly assigned partitions: Item_Topic-0 
2025-02-17 13:04:18.462  INFO [org.apache.kafka.clients.consumer.internals.ConsumerCoordinator:975] [Consumer clientId=consumer-item_group-1, groupId=item_group] Setting offset for partition Item_Topic-0 to the committed offset FetchPosition{offset=100, offsetEpoch=Optional.empty, currentLeader=LeaderAndEpoch{leader=Optional[W49204302.mshome.net:9092 (id: 0 rack: null)], epoch=0}} 
2025-02-17 13:04:18.464  INFO [org.springframework.kafka.listener.KafkaMessageListenerContainer:292] item_group: partitions assigned: [Item_Topic-0] 
2025-02-17 13:04:24.455  INFO [org.apache.catalina.core.ContainerBase.[Tomcat].[localhost].[/]:173] Initializing Spring DispatcherServlet 'dispatcherServlet' 
2025-02-17 13:04:24.456  INFO [org.springframework.web.servlet.DispatcherServlet:525] Initializing Servlet 'dispatcherServlet' 
2025-02-17 13:04:24.456 DEBUG [org.springframework.web.servlet.DispatcherServlet:520] Detected StandardServletMultipartResolver 
2025-02-17 13:04:24.456 DEBUG [org.springframework.web.servlet.DispatcherServlet:544] Detected AcceptHeaderLocaleResolver 
2025-02-17 13:04:24.456 DEBUG [org.springframework.web.servlet.DispatcherServlet:569] Detected FixedThemeResolver 
2025-02-17 13:04:24.457 DEBUG [org.springframework.web.servlet.DispatcherServlet:719] Detected org.springframework.web.servlet.view.DefaultRequestToViewNameTranslator@3c7787a7 
2025-02-17 13:04:24.458 DEBUG [org.springframework.web.servlet.DispatcherServlet:783] Detected org.springframework.web.servlet.support.SessionFlashMapManager@6c2a33af 
2025-02-17 13:04:24.458 DEBUG [org.springframework.web.servlet.DispatcherServlet:542] enableLoggingRequestDetails='false': request parameters and headers will be masked to prevent unsafe logging of potentially sensitive data 
2025-02-17 13:04:24.458  INFO [org.springframework.web.servlet.DispatcherServlet:547] Completed initialization in 2 ms 
2025-02-17 13:04:24.465 DEBUG [org.springframework.web.servlet.DispatcherServlet:119] POST "/flink/start-job1", parameters={} 
2025-02-17 13:04:24.472 DEBUG [org.springframework.web.servlet.mvc.method.annotation.RequestMappingHandlerMapping:522] Mapped to za.co.woolworths.itemkafka_poc.controller.FlinkJobController#triggerFlinkJob1() 
2025-02-17 13:04:45.548  INFO [org.apache.flink.api.java.typeutils.TypeExtractor:2069] class java.time.LocalDateTime does not contain a getter for field date 
2025-02-17 13:04:45.548  INFO [org.apache.flink.api.java.typeutils.TypeExtractor:2072] class java.time.LocalDateTime does not contain a setter for field date 
2025-02-17 13:04:45.549  INFO [org.apache.flink.api.java.typeutils.TypeExtractor:2116] Class class java.time.LocalDateTime cannot be used as a POJO type because not all fields are valid POJO fields, and must be processed as GenericType. Please read the Flink documentation on "Data Types & Serialization" for details of the effect on performance and schema evolution. 
2025-02-17 13:04:45.550  INFO [org.apache.flink.api.java.typeutils.TypeExtractor:2144] Field Item#createDte will be processed as GenericType. Please read the Flink documentation on "Data Types & Serialization" for details of the effect on performance and schema evolution. 
2025-02-17 13:04:45.583  INFO [org.apache.flink.api.java.typeutils.TypeExtractor:2069] class java.time.LocalDateTime does not contain a getter for field date 
2025-02-17 13:04:45.584  INFO [org.apache.flink.api.java.typeutils.TypeExtractor:2072] class java.time.LocalDateTime does not contain a setter for field date 
2025-02-17 13:04:45.584  INFO [org.apache.flink.api.java.typeutils.TypeExtractor:2116] Class class java.time.LocalDateTime cannot be used as a POJO type because not all fields are valid POJO fields, and must be processed as GenericType. Please read the Flink documentation on "Data Types & Serialization" for details of the effect on performance and schema evolution. 
2025-02-17 13:04:45.584  INFO [org.apache.flink.api.java.typeutils.TypeExtractor:2144] Field Item#lastUpdateDte will be processed as GenericType. Please read the Flink documentation on "Data Types & Serialization" for details of the effect on performance and schema evolution. 
2025-02-17 13:04:45.609  INFO [org.apache.flink.connector.datagen.functions.FromElementsGeneratorFunction:98] Serializing elements using  org.apache.flink.api.java.typeutils.runtime.PojoSerializer@436d73a9 
2025-02-17 13:04:45.614  INFO [org.apache.flink.api.java.typeutils.runtime.kryo.KryoSerializer:494] Kryo serializer scala extensions are not available. 
2025-02-17 13:04:45.647  INFO [org.apache.flink.api.java.typeutils.runtime.kryo.KryoSerializer:494] Kryo serializer scala extensions are not available. 
2025-02-17 13:04:56.223  INFO [org.apache.flink.runtime.taskexecutor.TaskExecutorResourceUtils:274] The configuration option taskmanager.cpu.cores required for local execution is not set, setting it to the maximal possible value. 
2025-02-17 13:04:56.223  INFO [org.apache.flink.runtime.taskexecutor.TaskExecutorResourceUtils:274] The configuration option taskmanager.memory.task.heap.size required for local execution is not set, setting it to the maximal possible value. 
2025-02-17 13:04:56.225  INFO [org.apache.flink.runtime.taskexecutor.TaskExecutorResourceUtils:274] The configuration option taskmanager.memory.task.off-heap.size required for local execution is not set, setting it to the maximal possible value. 
2025-02-17 13:04:56.227  INFO [org.apache.flink.runtime.taskexecutor.TaskExecutorResourceUtils:274] The configuration option taskmanager.memory.network.min required for local execution is not set, setting it to its default value 64 mb. 
2025-02-17 13:04:56.227  INFO [org.apache.flink.runtime.taskexecutor.TaskExecutorResourceUtils:274] The configuration option taskmanager.memory.network.max required for local execution is not set, setting it to its default value 64 mb. 
2025-02-17 13:04:56.228  INFO [org.apache.flink.runtime.taskexecutor.TaskExecutorResourceUtils:274] The configuration option taskmanager.memory.managed.size required for local execution is not set, setting it to its default value 128 mb. 
2025-02-17 13:04:56.234  INFO [org.apache.flink.runtime.minicluster.MiniCluster:324] Starting Flink Mini Cluster 
2025-02-17 13:04:57.086  INFO [org.apache.flink.runtime.minicluster.MiniCluster:343] Starting Metrics Registry 
2025-02-17 13:04:57.186  INFO [org.apache.flink.runtime.metrics.MetricRegistryImpl:177] No metrics reporter configured, no metrics will be exposed/reported. 
2025-02-17 13:04:57.187  INFO [org.apache.flink.runtime.metrics.MetricRegistryImpl:240] No trace reporter configured, no metrics will be exposed/reported. 
2025-02-17 13:04:57.187  INFO [org.apache.flink.runtime.minicluster.MiniCluster:350] Starting RPC Service(s) 
2025-02-17 13:04:57.221  INFO [org.apache.flink.runtime.rpc.pekko.PekkoRpcServiceUtils:225] Trying to start local actor system 
2025-02-17 13:04:58.526  INFO [org.apache.pekko.event.slf4j.Slf4jLogger:117] Slf4jLogger started 
2025-02-17 13:04:58.784  INFO [org.apache.flink.runtime.rpc.pekko.PekkoRpcServiceUtils:255] Actor system started at pekko://flink 
2025-02-17 13:04:58.827  INFO [org.apache.flink.runtime.rpc.pekko.PekkoRpcServiceUtils:225] Trying to start local actor system 
2025-02-17 13:04:58.878  INFO [org.apache.pekko.event.slf4j.Slf4jLogger:117] Slf4jLogger started 
2025-02-17 13:04:58.907  INFO [org.apache.flink.runtime.rpc.pekko.PekkoRpcServiceUtils:255] Actor system started at pekko://flink-metrics 
2025-02-17 13:04:58.939  INFO [org.apache.flink.runtime.rpc.pekko.PekkoRpcService:273] Starting RPC endpoint for org.apache.flink.runtime.metrics.dump.MetricQueryService at pekko://flink-metrics/user/rpc/MetricQueryService . 
2025-02-17 13:04:58.993  WARN [org.apache.flink.runtime.rpc.pekko.SupervisorActor:144] RpcActor pekko://flink-metrics/user/rpc/MetricQueryService has failed. Shutting it down now. java.lang.NullPointerException: Cannot invoke "java.util.Map.size()" because "m" is null
	at java.base/java.util.HashMap.putMapEntries(HashMap.java:497)
	at java.base/java.util.HashMap.putAll(HashMap.java:785)
	at java.base/java.util.Collections$SynchronizedMap.putAll(Collections.java:2644)
	at ch.qos.logback.classic.util.LogbackMDCAdapter.setContextMap(LogbackMDCAdapter.java:197)
	at org.slf4j.MDC.setContextMap(MDC.java:264)
	at org.apache.flink.util.MdcUtils.lambda$withContext$0(MdcUtils.java:48)
	at org.apache.flink.runtime.rpc.pekko.PekkoRpcActor.handleControlMessage(PekkoRpcActor.java:208)
	at org.apache.pekko.japi.pf.UnitCaseStatement.apply(CaseStatements.scala:33)
	at org.apache.pekko.japi.pf.UnitCaseStatement.apply(CaseStatements.scala:29)
	at scala.PartialFunction.applyOrElse(PartialFunction.scala:127)
	at scala.PartialFunction.applyOrElse$(PartialFunction.scala:126)
	at org.apache.pekko.japi.pf.UnitCaseStatement.applyOrElse(CaseStatements.scala:29)
	at scala.PartialFunction$OrElse.applyOrElse(PartialFunction.scala:175)
	at scala.PartialFunction$OrElse.applyOrElse(PartialFunction.scala:176)
	at org.apache.pekko.actor.Actor.aroundReceive(Actor.scala:547)
	at org.apache.pekko.actor.Actor.aroundReceive$(Actor.scala:545)
	at org.apache.pekko.actor.AbstractActor.aroundReceive(AbstractActor.scala:229)
	at org.apache.pekko.actor.ActorCell.receiveMessage(ActorCell.scala:590)
	at org.apache.pekko.actor.ActorCell.invoke(ActorCell.scala:557)
	at org.apache.pekko.dispatch.Mailbox.processMailbox(Mailbox.scala:280)
	at org.apache.pekko.dispatch.Mailbox.run(Mailbox.scala:241)
	at java.base/java.util.concurrent.ThreadPoolExecutor.runWorker(ThreadPoolExecutor.java:1130)
	at java.base/java.util.concurrent.ThreadPoolExecutor$Worker.run(ThreadPoolExecutor.java:630)
	at java.base/java.lang.Thread.run(Thread.java:832)

2025-02-17 13:04:59.010  INFO [org.apache.flink.runtime.security.token.DefaultDelegationTokenManager:127] Loading delegation token providers 
2025-02-17 13:04:59.025  INFO [org.apache.flink.runtime.security.token.hadoop.HadoopFSDelegationTokenProvider:78] Hadoop FS is not available (not packaged with this application): NoClassDefFoundError : "org/apache/hadoop/conf/Configuration". 
2025-02-17 13:04:59.026  INFO [org.apache.flink.runtime.security.token.DefaultDelegationTokenManager:135] Delegation token provider hadoopfs loaded and initialized 
2025-02-17 13:04:59.032  INFO [org.apache.flink.runtime.security.token.DefaultDelegationTokenManager:135] Delegation token provider hbase loaded and initialized 
2025-02-17 13:04:59.033  INFO [org.apache.flink.runtime.security.token.DefaultDelegationTokenManager:165] Delegation token providers loaded successfully 
2025-02-17 13:04:59.035  INFO [org.apache.flink.runtime.security.token.DelegationTokenReceiverRepository:64] Loading delegation token receivers 
2025-02-17 13:04:59.038  INFO [org.apache.pekko.actor.CoordinatedShutdown:108] Running CoordinatedShutdown with reason [ActorSystemTerminateReason] 
2025-02-17 13:04:59.047  INFO [org.apache.flink.runtime.security.token.DelegationTokenReceiverRepository:72] Delegation token receiver hadoopfs loaded and initialized 
2025-02-17 13:04:59.049  INFO [org.apache.flink.runtime.security.token.DelegationTokenReceiverRepository:72] Delegation token receiver hbase loaded and initialized 
2025-02-17 13:04:59.050  INFO [org.apache.flink.runtime.security.token.DelegationTokenReceiverRepository:101] Delegation token receivers loaded successfully 
2025-02-17 13:04:59.051  INFO [org.apache.flink.runtime.security.token.DefaultDelegationTokenManager:189] Checking provider and receiver instances consistency 
2025-02-17 13:04:59.052  INFO [org.apache.flink.runtime.security.token.DefaultDelegationTokenManager:209] Provider and receiver instances are consistent 
2025-02-17 13:04:59.053  INFO [org.apache.flink.runtime.security.token.DefaultDelegationTokenManager:240] Obtaining delegation tokens 
2025-02-17 13:04:59.059  INFO [org.apache.flink.runtime.security.token.DefaultDelegationTokenManager:243] Delegation tokens obtained successfully 
2025-02-17 13:04:59.060  WARN [org.apache.flink.runtime.security.token.DefaultDelegationTokenManager:248] No tokens obtained so skipping notifications 
2025-02-17 13:04:59.060  INFO [org.apache.flink.runtime.security.token.DelegationTokenReceiverRepository:64] Loading delegation token receivers 
2025-02-17 13:04:59.064  INFO [org.apache.flink.runtime.security.token.DelegationTokenReceiverRepository:72] Delegation token receiver hadoopfs loaded and initialized 
2025-02-17 13:04:59.064  INFO [org.apache.flink.runtime.security.token.DelegationTokenReceiverRepository:72] Delegation token receiver hbase loaded and initialized 
2025-02-17 13:04:59.065  INFO [org.apache.flink.runtime.security.token.DelegationTokenReceiverRepository:101] Delegation token receivers loaded successfully 
2025-02-17 13:04:59.069  INFO [org.apache.flink.runtime.rpc.pekko.PekkoRpcActor:149] The RpcEndpoint MetricQueryService failed. java.lang.NullPointerException: Cannot invoke "java.util.Map.size()" because "m" is null
	at java.base/java.util.HashMap.putMapEntries(HashMap.java:497)
	at java.base/java.util.HashMap.putAll(HashMap.java:785)
	at java.base/java.util.Collections$SynchronizedMap.putAll(Collections.java:2644)
	at ch.qos.logback.classic.util.LogbackMDCAdapter.setContextMap(LogbackMDCAdapter.java:197)
	at org.slf4j.MDC.setContextMap(MDC.java:264)
	at org.apache.flink.util.MdcUtils.lambda$withContext$0(MdcUtils.java:48)
	at org.apache.flink.runtime.rpc.pekko.PekkoRpcActor.handleControlMessage(PekkoRpcActor.java:208)
	at org.apache.pekko.japi.pf.UnitCaseStatement.apply(CaseStatements.scala:33)
	at org.apache.pekko.japi.pf.UnitCaseStatement.apply(CaseStatements.scala:29)
	at scala.PartialFunction.applyOrElse(PartialFunction.scala:127)
	at scala.PartialFunction.applyOrElse$(PartialFunction.scala:126)
	at org.apache.pekko.japi.pf.UnitCaseStatement.applyOrElse(CaseStatements.scala:29)
	at scala.PartialFunction$OrElse.applyOrElse(PartialFunction.scala:175)
	at scala.PartialFunction$OrElse.applyOrElse(PartialFunction.scala:176)
	at org.apache.pekko.actor.Actor.aroundReceive(Actor.scala:547)
	at org.apache.pekko.actor.Actor.aroundReceive$(Actor.scala:545)
	at org.apache.pekko.actor.AbstractActor.aroundReceive(AbstractActor.scala:229)
	at org.apache.pekko.actor.ActorCell.receiveMessage(ActorCell.scala:590)
	at org.apache.pekko.actor.ActorCell.invoke(ActorCell.scala:557)
	at org.apache.pekko.dispatch.Mailbox.processMailbox(Mailbox.scala:280)
	at org.apache.pekko.dispatch.Mailbox.run(Mailbox.scala:241)
	at java.base/java.util.concurrent.ThreadPoolExecutor.runWorker(ThreadPoolExecutor.java:1130)
	at java.base/java.util.concurrent.ThreadPoolExecutor$Worker.run(ThreadPoolExecutor.java:630)
	at java.base/java.lang.Thread.run(Thread.java:832)

2025-02-17 13:04:59.106  INFO [org.apache.flink.runtime.blob.BlobServer:164] Created BLOB server storage directory C:\Users\w7178930\AppData\Local\Temp\minicluster_614530c770221dccf9464ba3d0a2adb3\blobStorage 
2025-02-17 13:04:59.116  INFO [org.apache.flink.runtime.blob.BlobServer:238] Started BLOB server at 0.0.0.0:54695 - max concurrent requests: 50 - max backlog: 1000 
2025-02-17 13:04:59.136  INFO [org.apache.flink.runtime.blob.PermanentBlobCache:93] Created BLOB cache storage directory C:\Users\w7178930\AppData\Local\Temp\minicluster_614530c770221dccf9464ba3d0a2adb3\blobStorage 
2025-02-17 13:04:59.141  INFO [org.apache.flink.runtime.blob.TransientBlobCache:93] Created BLOB cache storage directory C:\Users\w7178930\AppData\Local\Temp\minicluster_614530c770221dccf9464ba3d0a2adb3\blobStorage 
2025-02-17 13:04:59.144  INFO [org.apache.flink.runtime.minicluster.MiniCluster:745] Starting 1 TaskManager(s) 
2025-02-17 13:04:59.171  INFO [org.apache.flink.runtime.taskexecutor.TaskManagerRunner:609] Starting TaskManager with ResourceID: c22c1016-fdee-4e04-a151-9ae5c68354d4 
2025-02-17 13:04:59.251  INFO [org.apache.flink.runtime.taskexecutor.TaskManagerServices:553] Temporary file directory 'C:\Users\w7178930\AppData\Local\Temp': total 471 GB, usable 241 GB (51,17% usable) 
2025-02-17 13:04:59.277  INFO [org.apache.flink.runtime.io.disk.iomanager.IOManager:63] Created a new FileChannelManager for spilling of task related data to disk (joins, sorting, ...). Used directories:
	C:\Users\w7178930\AppData\Local\Temp\flink-io-31e0867b-13e1-41b4-a98e-54e12fcffd75 
2025-02-17 13:04:59.322  INFO [org.apache.flink.runtime.io.network.NettyShuffleServiceFactory:170] Created a new FileChannelManager for storing result partitions of BLOCKING shuffles. Used directories:
	C:\Users\w7178930\AppData\Local\Temp\flink-netty-shuffle-d86f124e-e875-4780-a8f3-a19e4742b60a 
2025-02-17 13:04:59.398  INFO [org.apache.flink.runtime.io.network.buffer.NetworkBufferPool:156] Allocated 64 MB for network buffer pool (number of memory segments: 2048, bytes per segment: 32768). 
2025-02-17 13:04:59.439  INFO [org.apache.flink.runtime.io.network.NettyShuffleEnvironment:362] Starting the network environment and its components. 
2025-02-17 13:04:59.440  INFO [org.apache.flink.runtime.taskexecutor.TaskManagerServices:353] TaskManager data connection initialized successfully; listening internally on port: -1 
2025-02-17 13:04:59.445  INFO [org.apache.flink.runtime.taskexecutor.KvStateService:92] Starting the kvState service and its components. 
2025-02-17 13:04:59.572  INFO [org.apache.flink.configuration.Configuration:985] Config uses fallback configuration key 'pekko.ask.timeout' instead of key 'taskmanager.slot.timeout' 
2025-02-17 13:04:59.617  INFO [org.apache.flink.runtime.rpc.pekko.PekkoRpcService:273] Starting RPC endpoint for org.apache.flink.runtime.taskexecutor.TaskExecutor at pekko://flink/user/rpc/taskmanager_0 . 
2025-02-17 13:04:59.680  INFO [org.apache.flink.runtime.taskexecutor.DefaultJobLeaderService:127] Start job leader service. 
2025-02-17 13:04:59.683  INFO [org.apache.flink.runtime.filecache.FileCache:116] User file cache uses directory C:\Users\w7178930\AppData\Local\Temp\flink-dist-cache-4bafd22e-e2fa-400e-a328-bdc4e44e426c 
2025-02-17 13:04:59.689  WARN [org.apache.flink.runtime.rpc.pekko.SupervisorActor:144] RpcActor pekko://flink/user/rpc/taskmanager_0 has failed. Shutting it down now. java.lang.NullPointerException: Cannot invoke "java.util.Map.size()" because "m" is null
	at java.base/java.util.HashMap.putMapEntries(HashMap.java:497)
	at java.base/java.util.HashMap.putAll(HashMap.java:785)
	at java.base/java.util.Collections$SynchronizedMap.putAll(Collections.java:2644)
	at ch.qos.logback.classic.util.LogbackMDCAdapter.setContextMap(LogbackMDCAdapter.java:197)
	at org.slf4j.MDC.setContextMap(MDC.java:264)
	at org.apache.flink.util.MdcUtils.lambda$withContext$0(MdcUtils.java:48)
	at org.apache.flink.runtime.rpc.pekko.PekkoRpcActor.handleControlMessage(PekkoRpcActor.java:208)
	at org.apache.pekko.japi.pf.UnitCaseStatement.apply(CaseStatements.scala:33)
	at org.apache.pekko.japi.pf.UnitCaseStatement.apply(CaseStatements.scala:29)
	at scala.PartialFunction.applyOrElse(PartialFunction.scala:127)
	at scala.PartialFunction.applyOrElse$(PartialFunction.scala:126)
	at org.apache.pekko.japi.pf.UnitCaseStatement.applyOrElse(CaseStatements.scala:29)
	at scala.PartialFunction$OrElse.applyOrElse(PartialFunction.scala:175)
	at scala.PartialFunction$OrElse.applyOrElse(PartialFunction.scala:176)
	at org.apache.pekko.actor.Actor.aroundReceive(Actor.scala:547)
	at org.apache.pekko.actor.Actor.aroundReceive$(Actor.scala:545)
	at org.apache.pekko.actor.AbstractActor.aroundReceive(AbstractActor.scala:229)
	at org.apache.pekko.actor.ActorCell.receiveMessage(ActorCell.scala:590)
	at org.apache.pekko.actor.ActorCell.invoke(ActorCell.scala:557)
	at org.apache.pekko.dispatch.Mailbox.processMailbox(Mailbox.scala:280)
	at org.apache.pekko.dispatch.Mailbox.run(Mailbox.scala:241)
	at org.apache.pekko.dispatch.Mailbox.exec(Mailbox.scala:253)
	at java.base/java.util.concurrent.ForkJoinTask.doExec$$$capture(ForkJoinTask.java:290)
	at java.base/java.util.concurrent.ForkJoinTask.doExec(ForkJoinTask.java)
	at java.base/java.util.concurrent.ForkJoinPool$WorkQueue.topLevelExec(ForkJoinPool.java:1016)
	at java.base/java.util.concurrent.ForkJoinPool.scan(ForkJoinPool.java:1665)
	at java.base/java.util.concurrent.ForkJoinPool.runWorker(ForkJoinPool.java:1598)
	at java.base/java.util.concurrent.ForkJoinWorkerThread.run(ForkJoinWorkerThread.java:183)

2025-02-17 13:04:59.698  INFO [org.apache.pekko.actor.CoordinatedShutdown:108] Running CoordinatedShutdown with reason [ActorSystemTerminateReason] 
2025-02-17 13:04:59.700  INFO [org.apache.flink.runtime.rpc.pekko.PekkoRpcActor:149] The RpcEndpoint taskmanager_0 failed. java.lang.NullPointerException: Cannot invoke "java.util.Map.size()" because "m" is null
	at java.base/java.util.HashMap.putMapEntries(HashMap.java:497)
	at java.base/java.util.HashMap.putAll(HashMap.java:785)
	at java.base/java.util.Collections$SynchronizedMap.putAll(Collections.java:2644)
	at ch.qos.logback.classic.util.LogbackMDCAdapter.setContextMap(LogbackMDCAdapter.java:197)
	at org.slf4j.MDC.setContextMap(MDC.java:264)
	at org.apache.flink.util.MdcUtils.lambda$withContext$0(MdcUtils.java:48)
	at org.apache.flink.runtime.rpc.pekko.PekkoRpcActor.handleControlMessage(PekkoRpcActor.java:208)
	at org.apache.pekko.japi.pf.UnitCaseStatement.apply(CaseStatements.scala:33)
	at org.apache.pekko.japi.pf.UnitCaseStatement.apply(CaseStatements.scala:29)
	at scala.PartialFunction.applyOrElse(PartialFunction.scala:127)
	at scala.PartialFunction.applyOrElse$(PartialFunction.scala:126)
	at org.apache.pekko.japi.pf.UnitCaseStatement.applyOrElse(CaseStatements.scala:29)
	at scala.PartialFunction$OrElse.applyOrElse(PartialFunction.scala:175)
	at scala.PartialFunction$OrElse.applyOrElse(PartialFunction.scala:176)
	at org.apache.pekko.actor.Actor.aroundReceive(Actor.scala:547)
	at org.apache.pekko.actor.Actor.aroundReceive$(Actor.scala:545)
	at org.apache.pekko.actor.AbstractActor.aroundReceive(AbstractActor.scala:229)
	at org.apache.pekko.actor.ActorCell.receiveMessage(ActorCell.scala:590)
	at org.apache.pekko.actor.ActorCell.invoke(ActorCell.scala:557)
	at org.apache.pekko.dispatch.Mailbox.processMailbox(Mailbox.scala:280)
	at org.apache.pekko.dispatch.Mailbox.run(Mailbox.scala:241)
	at org.apache.pekko.dispatch.Mailbox.exec(Mailbox.scala:253)
	at java.base/java.util.concurrent.ForkJoinTask.doExec$$$capture(ForkJoinTask.java:290)
	at java.base/java.util.concurrent.ForkJoinTask.doExec(ForkJoinTask.java)
	at java.base/java.util.concurrent.ForkJoinPool$WorkQueue.topLevelExec(ForkJoinPool.java:1016)
	at java.base/java.util.concurrent.ForkJoinPool.scan(ForkJoinPool.java:1665)
	at java.base/java.util.concurrent.ForkJoinPool.runWorker(ForkJoinPool.java:1598)
	at java.base/java.util.concurrent.ForkJoinWorkerThread.run(ForkJoinWorkerThread.java:183)

2025-02-17 13:04:59.969  INFO [org.apache.flink.runtime.dispatcher.DispatcherRestEndpoint:567] Upload directory C:\Users\w7178930\AppData\Local\Temp\flink-web-upload does not exist.  
2025-02-17 13:04:59.974  INFO [org.apache.flink.runtime.dispatcher.DispatcherRestEndpoint:592] Created directory C:\Users\w7178930\AppData\Local\Temp\flink-web-upload for file uploads. 
2025-02-17 13:04:59.989  INFO [org.apache.flink.runtime.dispatcher.DispatcherRestEndpoint:182] Starting rest endpoint. 
2025-02-17 13:04:59.995  INFO [org.apache.flink.runtime.dispatcher.DispatcherRestEndpoint:124] Failed to load web based job submission extension. Probable reason: flink-runtime-web is not in the classpath. 
2025-02-17 13:05:00.971  WARN [org.apache.flink.runtime.webmonitor.WebMonitorUtils:76] Log file environment variable 'log.file' is not set. 
2025-02-17 13:05:00.972  WARN [org.apache.flink.runtime.webmonitor.WebMonitorUtils:82] JobManager log files are unavailable in the web dashboard. Log file location not found in environment variable 'log.file' or configuration key 'web.log.path'. 
2025-02-17 13:05:01.546  INFO [org.apache.flink.runtime.dispatcher.DispatcherRestEndpoint:308] Rest endpoint listening at localhost:54748 
2025-02-17 13:05:01.547  INFO [org.apache.flink.runtime.highavailability.nonha.embedded.EmbeddedLeaderService:314] Proposing leadership to the contender that is registered under component ID 'rest_server'. 
2025-02-17 13:05:01.552  INFO [org.apache.flink.runtime.dispatcher.DispatcherRestEndpoint:1212] http://localhost:54748 was granted leadership with leaderSessionID=9431e218-247e-4d3e-9783-129338f83236 
2025-02-17 13:05:01.553  INFO [org.apache.flink.runtime.highavailability.nonha.embedded.EmbeddedLeaderService:261] Received confirmation of leadership for leader http://localhost:54748 , session=9431e218-247e-4d3e-9783-129338f83236 
2025-02-17 13:05:01.591  INFO [org.apache.flink.runtime.highavailability.nonha.embedded.EmbeddedLeaderService:314] Proposing leadership to the contender that is registered under component ID 'dispatcher'. 
2025-02-17 13:05:01.592  INFO [org.apache.flink.runtime.resourcemanager.ResourceManagerServiceImpl:118] Starting resource manager service. 
2025-02-17 13:05:01.593  INFO [org.apache.flink.runtime.highavailability.nonha.embedded.EmbeddedLeaderService:314] Proposing leadership to the contender that is registered under component ID 'resource_manager'. 
2025-02-17 13:05:01.593  INFO [org.apache.flink.runtime.dispatcher.runner.DefaultDispatcherRunner:114] DefaultDispatcherRunner was granted leadership with leader id 59bbc486-cc66-4db9-9987-99e8c55d2046. Creating new DispatcherLeaderProcess. 
2025-02-17 13:05:01.597  INFO [org.apache.flink.runtime.resourcemanager.ResourceManagerServiceImpl:198] Resource manager service is granted leadership with session id b3ff3b52-6d54-4590-a9fe-69c92ec26936. 
2025-02-17 13:05:01.604  INFO [org.apache.flink.runtime.minicluster.MiniCluster:510] Flink Mini Cluster started successfully 
2025-02-17 13:05:01.609  INFO [org.apache.flink.runtime.dispatcher.runner.SessionDispatcherLeaderProcess:99] Start SessionDispatcherLeaderProcess. 
2025-02-17 13:05:01.622  INFO [org.apache.flink.runtime.dispatcher.runner.SessionDispatcherLeaderProcess:144] Recover all persisted job graphs that are not finished, yet. 
2025-02-17 13:05:01.623  INFO [org.apache.flink.runtime.dispatcher.runner.SessionDispatcherLeaderProcess:158] Successfully recovered 0 persisted job graphs. 
2025-02-17 13:05:01.670  WARN [org.apache.flink.runtime.minicluster.MiniCluster:1510] Error in MiniCluster. Shutting the MiniCluster down. org.apache.flink.util.FlinkException: Cannot start resource manager.
	at org.apache.flink.runtime.resourcemanager.ResourceManagerServiceImpl.lambda$grantLeadership$2(ResourceManagerServiceImpl.java:205)
	at java.base/java.util.concurrent.ThreadPoolExecutor.runWorker(ThreadPoolExecutor.java:1130)
	at java.base/java.util.concurrent.ThreadPoolExecutor$Worker.run(ThreadPoolExecutor.java:630)
	at java.base/java.lang.Thread.run(Thread.java:832)
Caused by: java.util.concurrent.CompletionException: org.apache.pekko.pattern.AskTimeoutException: Recipient [Actor[pekko://flink/user/rpc#30271190]] had already been terminated. Message of type [org.apache.flink.runtime.rpc.pekko.SupervisorActor$StartRpcActor].
	at java.base/java.util.concurrent.CompletableFuture.encodeThrowable(CompletableFuture.java:331)
	at java.base/java.util.concurrent.CompletableFuture.uniApplyNow(CompletableFuture.java:670)
	at java.base/java.util.concurrent.CompletableFuture.uniApplyStage(CompletableFuture.java:658)
	at java.base/java.util.concurrent.CompletableFuture.thenApplyAsync(CompletableFuture.java:2163)
	at scala.concurrent.java8.FuturesConvertersImpl$CF.thenApply(FutureConvertersImpl.scala:35)
	at org.apache.flink.runtime.rpc.pekko.SupervisorActor.startRpcActor(SupervisorActor.java:205)
	at org.apache.flink.runtime.rpc.pekko.PekkoRpcService.registerRpcActor(PekkoRpcService.java:354)
	at org.apache.flink.runtime.rpc.pekko.PekkoRpcService.startServer(PekkoRpcService.java:268)
	at org.apache.flink.runtime.rpc.RpcEndpoint.<init>(RpcEndpoint.java:147)
	at org.apache.flink.runtime.rpc.FencedRpcEndpoint.<init>(FencedRpcEndpoint.java:44)
	at org.apache.flink.runtime.rpc.FencedRpcEndpoint.<init>(FencedRpcEndpoint.java:53)
	at org.apache.flink.runtime.resourcemanager.ResourceManager.<init>(ResourceManager.java:195)
	at org.apache.flink.runtime.resourcemanager.StandaloneResourceManager.<init>(StandaloneResourceManager.java:73)
	at org.apache.flink.runtime.resourcemanager.StandaloneResourceManagerFactory.createResourceManager(StandaloneResourceManagerFactory.java:92)
	at org.apache.flink.runtime.resourcemanager.ResourceManagerFactory.createResourceManager(ResourceManagerFactory.java:103)
	at org.apache.flink.runtime.resourcemanager.ResourceManagerServiceImpl.startNewLeaderResourceManager(ResourceManagerServiceImpl.java:254)
	at org.apache.flink.runtime.resourcemanager.ResourceManagerServiceImpl.lambda$grantLeadership$2(ResourceManagerServiceImpl.java:203)
	... 3 common frames omitted
Caused by: org.apache.pekko.pattern.AskTimeoutException: Recipient [Actor[pekko://flink/user/rpc#30271190]] had already been terminated. Message of type [org.apache.flink.runtime.rpc.pekko.SupervisorActor$StartRpcActor].

2025-02-17 13:05:01.671  INFO [org.apache.flink.runtime.minicluster.MiniCluster:664] Shutting down Flink Mini Cluster 
2025-02-17 13:05:01.673  INFO [org.apache.flink.runtime.dispatcher.runner.SessionDispatcherLeaderProcess:136] Stopping SessionDispatcherLeaderProcess. 
2025-02-17 13:05:01.680  WARN [org.apache.flink.runtime.minicluster.MiniCluster:1510] Error in MiniCluster. Shutting the MiniCluster down. java.util.concurrent.CompletionException: org.apache.flink.util.FlinkRuntimeException: Could not create the Dispatcher rpc endpoint.
	at java.base/java.util.concurrent.CompletableFuture.encodeThrowable(CompletableFuture.java:314)
	at java.base/java.util.concurrent.CompletableFuture.completeThrowable(CompletableFuture.java:319)
	at java.base/java.util.concurrent.CompletableFuture.biAccept(CompletableFuture.java:1385)
	at java.base/java.util.concurrent.CompletableFuture$BiAccept.tryFire(CompletableFuture.java:1351)
	at java.base/java.util.concurrent.CompletableFuture.postComplete(CompletableFuture.java:506)
	at java.base/java.util.concurrent.CompletableFuture.postFire(CompletableFuture.java:610)
	at java.base/java.util.concurrent.CompletableFuture$UniApply.tryFire(CompletableFuture.java:649)
	at java.base/java.util.concurrent.CompletableFuture$Completion.run(CompletableFuture.java:478)
	at java.base/java.util.concurrent.ThreadPoolExecutor.runWorker(ThreadPoolExecutor.java:1130)
	at java.base/java.util.concurrent.ThreadPoolExecutor$Worker.run(ThreadPoolExecutor.java:630)
	at java.base/java.lang.Thread.run(Thread.java:832)
Caused by: org.apache.flink.util.FlinkRuntimeException: Could not create the Dispatcher rpc endpoint.
	at org.apache.flink.runtime.dispatcher.runner.DefaultDispatcherGatewayServiceFactory.create(DefaultDispatcherGatewayServiceFactory.java:76)
	at org.apache.flink.runtime.dispatcher.runner.SessionDispatcherLeaderProcess.createDispatcher(SessionDispatcherLeaderProcess.java:111)
	at org.apache.flink.runtime.dispatcher.runner.SessionDispatcherLeaderProcess.lambda$createDispatcherIfRunning$0(SessionDispatcherLeaderProcess.java:104)
	at org.apache.flink.runtime.dispatcher.runner.AbstractDispatcherLeaderProcess.runIfState(AbstractDispatcherLeaderProcess.java:222)
	at org.apache.flink.runtime.dispatcher.runner.AbstractDispatcherLeaderProcess.runIfStateIs(AbstractDispatcherLeaderProcess.java:212)
	at org.apache.flink.runtime.dispatcher.runner.SessionDispatcherLeaderProcess.createDispatcherIfRunning(SessionDispatcherLeaderProcess.java:104)
	at java.base/java.util.concurrent.CompletableFuture.biAccept(CompletableFuture.java:1382)
	... 8 common frames omitted
Caused by: java.util.concurrent.CompletionException: org.apache.pekko.pattern.AskTimeoutException: Recipient [Actor[pekko://flink/user/rpc#30271190]] had already been terminated. Message of type [org.apache.flink.runtime.rpc.pekko.SupervisorActor$StartRpcActor].
	at java.base/java.util.concurrent.CompletableFuture.encodeThrowable(CompletableFuture.java:331)
	at java.base/java.util.concurrent.CompletableFuture.uniApplyNow(CompletableFuture.java:670)
	at java.base/java.util.concurrent.CompletableFuture.uniApplyStage(CompletableFuture.java:658)
	at java.base/java.util.concurrent.CompletableFuture.thenApplyAsync(CompletableFuture.java:2163)
	at scala.concurrent.java8.FuturesConvertersImpl$CF.thenApply(FutureConvertersImpl.scala:35)
	at org.apache.flink.runtime.rpc.pekko.SupervisorActor.startRpcActor(SupervisorActor.java:205)
	at org.apache.flink.runtime.rpc.pekko.PekkoRpcService.registerRpcActor(PekkoRpcService.java:354)
	at org.apache.flink.runtime.rpc.pekko.PekkoRpcService.startServer(PekkoRpcService.java:268)
	at org.apache.flink.runtime.rpc.RpcEndpoint.<init>(RpcEndpoint.java:147)
	at org.apache.flink.runtime.rpc.FencedRpcEndpoint.<init>(FencedRpcEndpoint.java:44)
	at org.apache.flink.runtime.rpc.FencedRpcEndpoint.<init>(FencedRpcEndpoint.java:53)
	at org.apache.flink.runtime.dispatcher.Dispatcher.<init>(Dispatcher.java:269)
	at org.apache.flink.runtime.dispatcher.Dispatcher.<init>(Dispatcher.java:247)
	at org.apache.flink.runtime.dispatcher.Dispatcher.<init>(Dispatcher.java:228)
	at org.apache.flink.runtime.dispatcher.StandaloneDispatcher.<init>(StandaloneDispatcher.java:42)
	at org.apache.flink.runtime.dispatcher.SessionDispatcherFactory.createDispatcher(SessionDispatcherFactory.java:49)
	at org.apache.flink.runtime.dispatcher.SessionDispatcherFactory.createDispatcher(SessionDispatcherFactory.java:29)
	at org.apache.flink.runtime.dispatcher.runner.DefaultDispatcherGatewayServiceFactory.create(DefaultDispatcherGatewayServiceFactory.java:66)
	... 14 common frames omitted
Caused by: org.apache.pekko.pattern.AskTimeoutException: Recipient [Actor[pekko://flink/user/rpc#30271190]] had already been terminated. Message of type [org.apache.flink.runtime.rpc.pekko.SupervisorActor$StartRpcActor].

2025-02-17 13:05:01.693  INFO [org.apache.flink.runtime.dispatcher.DispatcherRestEndpoint:378] Shutting down rest endpoint. 
2025-02-17 13:05:01.715  INFO [org.apache.flink.runtime.dispatcher.DispatcherRestEndpoint:1186] Removing cache directory C:\Users\w7178930\AppData\Local\Temp\flink-web-ui 
2025-02-17 13:05:01.717  INFO [org.apache.flink.runtime.dispatcher.DispatcherRestEndpoint:1221] http://localhost:54748 lost leadership 
2025-02-17 13:05:01.719  INFO [org.apache.flink.runtime.dispatcher.DispatcherRestEndpoint:386] Shut down complete. 
2025-02-17 13:05:01.723  WARN [org.apache.flink.runtime.resourcemanager.ResourceManagerServiceImpl:158] Cannot deregister application. Resource manager service is not available. 
2025-02-17 13:05:01.723  INFO [org.apache.flink.runtime.entrypoint.component.DispatcherResourceManagerComponent:165] Closing components. 
2025-02-17 13:05:01.724  INFO [org.apache.flink.runtime.resourcemanager.ResourceManagerServiceImpl:166] Stopping resource manager service. 
2025-02-17 13:05:09.321  INFO [org.apache.flink.runtime.resourcemanager.ResourceManagerServiceImpl:218] Resource manager service is not running. Ignore revoking leadership. 
2025-02-17 13:05:09.329  INFO [org.apache.flink.runtime.rpc.pekko.PekkoRpcService:417] Stopping Pekko RPC service. 
2025-02-17 13:05:09.345  INFO [org.apache.flink.runtime.rpc.pekko.PekkoRpcService:417] Stopping Pekko RPC service. 
2025-02-17 13:05:09.346  INFO [org.apache.flink.runtime.rpc.pekko.PekkoRpcService:438] Stopped Pekko RPC service. 
2025-02-17 13:05:09.346  INFO [org.apache.flink.runtime.blob.PermanentBlobCache:251] Shutting down BLOB cache 
2025-02-17 13:05:09.350  INFO [org.apache.flink.runtime.blob.TransientBlobCache:251] Shutting down BLOB cache 
2025-02-17 13:05:09.352  INFO [org.apache.flink.runtime.blob.BlobServer:397] Stopped BLOB server at 0.0.0.0:54695 
2025-02-17 13:05:09.357  INFO [org.apache.flink.runtime.rpc.pekko.PekkoRpcService:438] Stopped Pekko RPC service. 
2025-02-17 13:05:09.362 DEBUG [org.springframework.web.servlet.mvc.method.annotation.HttpEntityMethodProcessor:268] Using 'text/plain', given [*/*] and supported [text/plain, */*, application/json, application/*+json] 
2025-02-17 13:05:09.364 DEBUG [org.springframework.web.servlet.mvc.method.annotation.HttpEntityMethodProcessor:119] Writing ["Flink Job 1 started successfully."] 
2025-02-17 13:05:09.399 DEBUG [org.springframework.web.servlet.DispatcherServlet:1131] Completed 200 OK 
2025-02-17 13:12:02.256  INFO [org.apache.flink.runtime.state.TaskExecutorLocalStateStoresManager:319] Shutting down TaskExecutorLocalStateStoresManager. 
2025-02-17 13:12:02.256  INFO [org.apache.flink.runtime.state.TaskExecutorFileMergingManager:216] Shutting down TaskExecutorFileMergingManager. 
2025-02-17 13:12:02.257  INFO [org.apache.flink.runtime.state.TaskExecutorStateChangelogStoragesManager:234] Shutting down TaskExecutorStateChangelogStoragesManager. 
2025-02-17 13:12:02.258  INFO [org.apache.flink.runtime.filecache.FileCache:160] removed file cache directory C:\Users\w7178930\AppData\Local\Temp\flink-dist-cache-4bafd22e-e2fa-400e-a328-bdc4e44e426c 
2025-02-17 13:12:02.260  INFO [org.apache.flink.runtime.io.disk.FileChannelManagerImpl:149] FileChannelManager removed spill file directory C:\Users\w7178930\AppData\Local\Temp\flink-netty-shuffle-d86f124e-e875-4780-a8f3-a19e4742b60a 
2025-02-17 13:12:02.261  INFO [org.apache.flink.runtime.io.disk.FileChannelManagerImpl:149] FileChannelManager removed spill file directory C:\Users\w7178930\AppData\Local\Temp\flink-io-31e0867b-13e1-41b4-a98e-54e12fcffd75 
2025-02-17 13:12:02.313  INFO [org.apache.kafka.clients.consumer.internals.ConsumerCoordinator:1133] [Consumer clientId=consumer-item_group-3, groupId=item_group] Member consumer-item_group-3-8102ce57-54aa-486f-8a3a-798324a6cc2d sending LeaveGroup request to coordinator W49204302.mshome.net:9092 (id: 2147483647 rack: null) due to the consumer unsubscribed from all topics 
2025-02-17 13:12:02.313  INFO [org.apache.kafka.clients.consumer.internals.ConsumerCoordinator:338] [Consumer clientId=consumer-item_group-1, groupId=item_group] Revoke previously assigned partitions Item_Topic-0 
2025-02-17 13:12:02.313  INFO [org.apache.kafka.clients.consumer.internals.ConsumerCoordinator:1133] [Consumer clientId=consumer-item_group-2, groupId=item_group] Member consumer-item_group-2-26ed4284-211d-42dc-b569-a890523a4af9 sending LeaveGroup request to coordinator W49204302.mshome.net:9092 (id: 2147483647 rack: null) due to the consumer unsubscribed from all topics 
2025-02-17 13:12:02.314  INFO [org.springframework.kafka.listener.KafkaMessageListenerContainer:292] item_group: partitions revoked: [Item_Topic-0] 
2025-02-17 13:12:02.314  INFO [org.apache.kafka.clients.consumer.internals.ConsumerCoordinator:1025] [Consumer clientId=consumer-item_group-2, groupId=item_group] Resetting generation and member id due to: consumer pro-actively leaving the group 
2025-02-17 13:12:02.314  INFO [org.apache.kafka.clients.consumer.internals.ConsumerCoordinator:1025] [Consumer clientId=consumer-item_group-3, groupId=item_group] Resetting generation and member id due to: consumer pro-actively leaving the group 
2025-02-17 13:12:02.315  INFO [org.apache.kafka.clients.consumer.internals.ConsumerCoordinator:1072] [Consumer clientId=consumer-item_group-2, groupId=item_group] Request joining group due to: consumer pro-actively leaving the group 
2025-02-17 13:12:02.315  INFO [org.apache.kafka.clients.consumer.internals.ConsumerCoordinator:1133] [Consumer clientId=consumer-item_group-1, groupId=item_group] Member consumer-item_group-1-f1b52170-5cd6-4b4a-876a-d3b2c20b26c1 sending LeaveGroup request to coordinator W49204302.mshome.net:9092 (id: 2147483647 rack: null) due to the consumer unsubscribed from all topics 
2025-02-17 13:12:02.315  INFO [org.apache.kafka.clients.consumer.KafkaConsumer:1089] [Consumer clientId=consumer-item_group-2, groupId=item_group] Unsubscribed all topics or patterns and assigned partitions 
2025-02-17 13:12:02.315  INFO [org.apache.kafka.clients.consumer.internals.ConsumerCoordinator:1072] [Consumer clientId=consumer-item_group-3, groupId=item_group] Request joining group due to: consumer pro-actively leaving the group 
2025-02-17 13:12:02.315  INFO [org.apache.kafka.clients.consumer.internals.ConsumerCoordinator:1025] [Consumer clientId=consumer-item_group-1, groupId=item_group] Resetting generation and member id due to: consumer pro-actively leaving the group 
2025-02-17 13:12:02.315  INFO [org.apache.kafka.clients.consumer.KafkaConsumer:1089] [Consumer clientId=consumer-item_group-3, groupId=item_group] Unsubscribed all topics or patterns and assigned partitions 
2025-02-17 13:12:02.316  INFO [org.apache.kafka.clients.consumer.internals.ConsumerCoordinator:1072] [Consumer clientId=consumer-item_group-1, groupId=item_group] Request joining group due to: consumer pro-actively leaving the group 
2025-02-17 13:12:02.316  INFO [org.apache.kafka.clients.consumer.KafkaConsumer:1089] [Consumer clientId=consumer-item_group-1, groupId=item_group] Unsubscribed all topics or patterns and assigned partitions 
2025-02-17 13:12:02.317  INFO [org.apache.kafka.clients.consumer.internals.ConsumerCoordinator:1025] [Consumer clientId=consumer-item_group-3, groupId=item_group] Resetting generation and member id due to: consumer pro-actively leaving the group 
2025-02-17 13:12:02.317  INFO [org.apache.kafka.clients.consumer.internals.ConsumerCoordinator:1025] [Consumer clientId=consumer-item_group-2, groupId=item_group] Resetting generation and member id due to: consumer pro-actively leaving the group 
2025-02-17 13:12:02.317  INFO [org.apache.kafka.clients.consumer.internals.ConsumerCoordinator:1025] [Consumer clientId=consumer-item_group-1, groupId=item_group] Resetting generation and member id due to: consumer pro-actively leaving the group 
2025-02-17 13:12:02.317  INFO [org.apache.kafka.clients.consumer.internals.ConsumerCoordinator:1072] [Consumer clientId=consumer-item_group-3, groupId=item_group] Request joining group due to: consumer pro-actively leaving the group 
2025-02-17 13:12:02.317  INFO [org.apache.kafka.clients.consumer.internals.ConsumerCoordinator:1072] [Consumer clientId=consumer-item_group-2, groupId=item_group] Request joining group due to: consumer pro-actively leaving the group 
2025-02-17 13:12:02.317  INFO [org.apache.kafka.clients.consumer.internals.ConsumerCoordinator:1072] [Consumer clientId=consumer-item_group-1, groupId=item_group] Request joining group due to: consumer pro-actively leaving the group 
2025-02-17 13:12:02.322  INFO [org.apache.kafka.common.metrics.Metrics:693] Metrics scheduler closed 
2025-02-17 13:12:02.322  INFO [org.apache.kafka.common.metrics.Metrics:693] Metrics scheduler closed 
2025-02-17 13:12:02.323  INFO [org.apache.kafka.common.metrics.Metrics:697] Closing reporter org.apache.kafka.common.metrics.JmxReporter 
2025-02-17 13:12:02.323  INFO [org.apache.kafka.common.metrics.Metrics:697] Closing reporter org.apache.kafka.common.metrics.JmxReporter 
2025-02-17 13:12:02.323  INFO [org.apache.kafka.common.metrics.Metrics:703] Metrics reporters closed 
2025-02-17 13:12:02.323  INFO [org.apache.kafka.common.metrics.Metrics:703] Metrics reporters closed 
2025-02-17 13:12:02.332  INFO [org.apache.kafka.common.utils.AppInfoParser:83] App info kafka.consumer for consumer-item_group-3 unregistered 
2025-02-17 13:12:02.333  INFO [org.apache.kafka.common.utils.AppInfoParser:83] App info kafka.consumer for consumer-item_group-2 unregistered 
2025-02-17 13:12:02.333  INFO [org.springframework.kafka.listener.KafkaMessageListenerContainer:292] item_group: Consumer stopped 
2025-02-17 13:12:02.333  INFO [org.springframework.kafka.listener.KafkaMessageListenerContainer:292] item_group: Consumer stopped 
2025-02-17 13:12:02.511  INFO [org.apache.kafka.common.metrics.Metrics:693] Metrics scheduler closed 
2025-02-17 13:12:02.511  INFO [org.apache.kafka.common.metrics.Metrics:697] Closing reporter org.apache.kafka.common.metrics.JmxReporter 
2025-02-17 13:12:02.511  INFO [org.apache.kafka.common.metrics.Metrics:703] Metrics reporters closed 
2025-02-17 13:12:02.514  INFO [org.apache.kafka.common.utils.AppInfoParser:83] App info kafka.consumer for consumer-item_group-1 unregistered 
2025-02-17 13:12:02.515  INFO [org.springframework.kafka.listener.KafkaMessageListenerContainer:292] item_group: Consumer stopped 
2025-02-17 13:12:02.519  INFO [org.springframework.orm.jpa.LocalContainerEntityManagerFactoryBean:651] Closing JPA EntityManagerFactory for persistence unit 'default' 
2025-02-17 13:12:02.523  INFO [com.zaxxer.hikari.HikariDataSource:350] HikariPool-1 - Shutdown initiated... 
2025-02-17 13:12:02.526  INFO [com.zaxxer.hikari.HikariDataSource:352] HikariPool-1 - Shutdown completed. 
2025-02-17 13:23:29.353  INFO [za.co.woolworths.itemkafka_poc.KafkaItemProducerPocApplication:55] Starting KafkaItemProducerPocApplication using Java 11.0.2 on W49204302 with PID 15744 (C:\Workspaces\Item-Kafka-Producer-POC\Item-Kafka-Producer-POC\target\classes started by W7178930 in C:\Workspaces\Item-Kafka-Producer-POC\Item-Kafka-Producer-POC) 
2025-02-17 13:23:29.357  INFO [za.co.woolworths.itemkafka_poc.KafkaItemProducerPocApplication:640] The following 2 profiles are active: "swagger", "dev" 
2025-02-17 13:23:31.089  INFO [org.springframework.data.repository.config.RepositoryConfigurationDelegate:132] Bootstrapping Spring Data JPA repositories in DEFAULT mode. 
2025-02-17 13:23:31.208  INFO [org.springframework.data.repository.config.RepositoryConfigurationDelegate:201] Finished Spring Data repository scanning in 98 ms. Found 1 JPA repository interfaces. 
2025-02-17 13:23:33.771  INFO [org.springframework.boot.web.embedded.tomcat.TomcatWebServer:108] Tomcat initialized with port(s): 8081 (http) 
2025-02-17 13:23:33.784  INFO [org.apache.coyote.http11.Http11NioProtocol:173] Initializing ProtocolHandler ["http-nio-8081"] 
2025-02-17 13:23:33.785  INFO [org.apache.catalina.core.StandardService:173] Starting service [Tomcat] 
2025-02-17 13:23:33.786  INFO [org.apache.catalina.core.StandardEngine:173] Starting Servlet engine: [Apache Tomcat/9.0.64] 
2025-02-17 13:23:34.084  INFO [org.apache.catalina.core.ContainerBase.[Tomcat].[localhost].[/]:173] Initializing Spring embedded WebApplicationContext 
2025-02-17 13:23:34.085  INFO [org.springframework.boot.web.servlet.context.ServletWebServerApplicationContext:292] Root WebApplicationContext: initialization completed in 4628 ms 
2025-02-17 13:23:34.911  INFO [com.zaxxer.hikari.HikariDataSource:110] HikariPool-1 - Starting... 
2025-02-17 13:23:35.621  INFO [com.zaxxer.hikari.HikariDataSource:123] HikariPool-1 - Start completed. 
2025-02-17 13:23:35.731  INFO [org.hibernate.jpa.internal.util.LogHelper:31] HHH000204: Processing PersistenceUnitInfo [name: default] 
2025-02-17 13:23:35.846  INFO [org.hibernate.Version:44] HHH000412: Hibernate ORM core version 5.6.9.Final 
2025-02-17 13:23:36.150  INFO [org.hibernate.annotations.common.Version:56] HCANN000001: Hibernate Commons Annotations {5.1.2.Final} 
2025-02-17 13:23:36.431  INFO [org.hibernate.dialect.Dialect:175] HHH000400: Using dialect: org.hibernate.dialect.SQLServer2016Dialect 
2025-02-17 13:23:37.421  INFO [org.hibernate.engine.transaction.jta.platform.internal.JtaPlatformInitiator:52] HHH000490: Using JtaPlatform implementation: [org.hibernate.engine.transaction.jta.platform.internal.NoJtaPlatform] 
2025-02-17 13:23:37.439  INFO [org.springframework.orm.jpa.LocalContainerEntityManagerFactoryBean:437] Initialized JPA EntityManagerFactory for persistence unit 'default' 
2025-02-17 13:23:38.905  WARN [org.springframework.boot.autoconfigure.orm.jpa.JpaBaseConfiguration$JpaWebConfiguration:219] spring.jpa.open-in-view is enabled by default. Therefore, database queries may be performed during view rendering. Explicitly configure spring.jpa.open-in-view to disable this warning 
2025-02-17 13:23:39.123 DEBUG [org.springframework.web.servlet.mvc.method.annotation.RequestMappingHandlerMapping:367] 13 mappings in 'requestMappingHandlerMapping' 
2025-02-17 13:23:39.933 DEBUG [org.springframework.web.servlet.handler.SimpleUrlHandlerMapping:188] Patterns [/agent/swagger-ui*/**] in 'resourceHandlerMapping' 
2025-02-17 13:23:40.030 DEBUG [org.springframework.web.servlet.mvc.method.annotation.RequestMappingHandlerAdapter:625] ControllerAdvice beans: 0 @ModelAttribute, 0 @InitBinder, 1 RequestBodyAdvice, 1 ResponseBodyAdvice 
2025-02-17 13:23:40.122 DEBUG [org.springframework.web.servlet.mvc.method.annotation.ExceptionHandlerExceptionResolver:307] ControllerAdvice beans: 1 @ExceptionHandler, 1 ResponseBodyAdvice 
2025-02-17 13:23:40.782  INFO [org.springframework.boot.actuate.endpoint.web.EndpointLinksResolver:58] Exposing 1 endpoint(s) beneath base path '/actuator' 
2025-02-17 13:23:41.021  INFO [org.apache.kafka.clients.consumer.ConsumerConfig:369] ConsumerConfig values: 
	allow.auto.create.topics = true
	auto.commit.interval.ms = 5000
	auto.include.jmx.reporter = true
	auto.offset.reset = latest
	bootstrap.servers = [localhost:9092]
	check.crcs = true
	client.dns.lookup = use_all_dns_ips
	client.id = consumer-item_group-1
	client.rack = 
	connections.max.idle.ms = 540000
	default.api.timeout.ms = 60000
	enable.auto.commit = false
	exclude.internal.topics = true
	fetch.max.bytes = 52428800
	fetch.max.wait.ms = 500
	fetch.min.bytes = 1
	group.id = item_group
	group.instance.id = null
	heartbeat.interval.ms = 3000
	interceptor.classes = []
	internal.leave.group.on.close = true
	internal.throw.on.fetch.stable.offset.unsupported = false
	isolation.level = read_uncommitted
	key.deserializer = class org.apache.kafka.common.serialization.StringDeserializer
	max.partition.fetch.bytes = 1048576
	max.poll.interval.ms = 300000
	max.poll.records = 500
	metadata.max.age.ms = 300000
	metric.reporters = []
	metrics.num.samples = 2
	metrics.recording.level = INFO
	metrics.sample.window.ms = 30000
	partition.assignment.strategy = [class org.apache.kafka.clients.consumer.RangeAssignor, class org.apache.kafka.clients.consumer.CooperativeStickyAssignor]
	receive.buffer.bytes = 65536
	reconnect.backoff.max.ms = 1000
	reconnect.backoff.ms = 50
	request.timeout.ms = 30000
	retry.backoff.ms = 100
	sasl.client.callback.handler.class = null
	sasl.jaas.config = null
	sasl.kerberos.kinit.cmd = /usr/bin/kinit
	sasl.kerberos.min.time.before.relogin = 60000
	sasl.kerberos.service.name = null
	sasl.kerberos.ticket.renew.jitter = 0.05
	sasl.kerberos.ticket.renew.window.factor = 0.8
	sasl.login.callback.handler.class = null
	sasl.login.class = null
	sasl.login.connect.timeout.ms = null
	sasl.login.read.timeout.ms = null
	sasl.login.refresh.buffer.seconds = 300
	sasl.login.refresh.min.period.seconds = 60
	sasl.login.refresh.window.factor = 0.8
	sasl.login.refresh.window.jitter = 0.05
	sasl.login.retry.backoff.max.ms = 10000
	sasl.login.retry.backoff.ms = 100
	sasl.mechanism = GSSAPI
	sasl.oauthbearer.clock.skew.seconds = 30
	sasl.oauthbearer.expected.audience = null
	sasl.oauthbearer.expected.issuer = null
	sasl.oauthbearer.jwks.endpoint.refresh.ms = 3600000
	sasl.oauthbearer.jwks.endpoint.retry.backoff.max.ms = 10000
	sasl.oauthbearer.jwks.endpoint.retry.backoff.ms = 100
	sasl.oauthbearer.jwks.endpoint.url = null
	sasl.oauthbearer.scope.claim.name = scope
	sasl.oauthbearer.sub.claim.name = sub
	sasl.oauthbearer.token.endpoint.url = null
	security.protocol = PLAINTEXT
	security.providers = null
	send.buffer.bytes = 131072
	session.timeout.ms = 45000
	socket.connection.setup.timeout.max.ms = 30000
	socket.connection.setup.timeout.ms = 10000
	ssl.cipher.suites = null
	ssl.enabled.protocols = [TLSv1.2, TLSv1.3]
	ssl.endpoint.identification.algorithm = https
	ssl.engine.factory.class = null
	ssl.key.password = null
	ssl.keymanager.algorithm = SunX509
	ssl.keystore.certificate.chain = null
	ssl.keystore.key = null
	ssl.keystore.location = null
	ssl.keystore.password = null
	ssl.keystore.type = JKS
	ssl.protocol = TLSv1.3
	ssl.provider = null
	ssl.secure.random.implementation = null
	ssl.trustmanager.algorithm = PKIX
	ssl.truststore.certificates = null
	ssl.truststore.location = null
	ssl.truststore.password = null
	ssl.truststore.type = JKS
	value.deserializer = class org.apache.kafka.common.serialization.StringDeserializer
 
2025-02-17 13:23:41.348  INFO [org.apache.kafka.common.utils.AppInfoParser:119] Kafka version: 3.5.1 
2025-02-17 13:23:41.349  INFO [org.apache.kafka.common.utils.AppInfoParser:120] Kafka commitId: 2c6fb6c54472e90a 
2025-02-17 13:23:41.351  INFO [org.apache.kafka.common.utils.AppInfoParser:121] Kafka startTimeMs: 1739791421344 
2025-02-17 13:23:41.360  INFO [org.apache.kafka.clients.consumer.KafkaConsumer:980] [Consumer clientId=consumer-item_group-1, groupId=item_group] Subscribed to topic(s): Item_Topic 
2025-02-17 13:23:41.396  INFO [org.apache.kafka.clients.consumer.ConsumerConfig:369] ConsumerConfig values: 
	allow.auto.create.topics = true
	auto.commit.interval.ms = 5000
	auto.include.jmx.reporter = true
	auto.offset.reset = latest
	bootstrap.servers = [localhost:9092]
	check.crcs = true
	client.dns.lookup = use_all_dns_ips
	client.id = consumer-item_group-2
	client.rack = 
	connections.max.idle.ms = 540000
	default.api.timeout.ms = 60000
	enable.auto.commit = false
	exclude.internal.topics = true
	fetch.max.bytes = 52428800
	fetch.max.wait.ms = 500
	fetch.min.bytes = 1
	group.id = item_group
	group.instance.id = null
	heartbeat.interval.ms = 3000
	interceptor.classes = []
	internal.leave.group.on.close = true
	internal.throw.on.fetch.stable.offset.unsupported = false
	isolation.level = read_uncommitted
	key.deserializer = class org.apache.kafka.common.serialization.StringDeserializer
	max.partition.fetch.bytes = 1048576
	max.poll.interval.ms = 300000
	max.poll.records = 500
	metadata.max.age.ms = 300000
	metric.reporters = []
	metrics.num.samples = 2
	metrics.recording.level = INFO
	metrics.sample.window.ms = 30000
	partition.assignment.strategy = [class org.apache.kafka.clients.consumer.RangeAssignor, class org.apache.kafka.clients.consumer.CooperativeStickyAssignor]
	receive.buffer.bytes = 65536
	reconnect.backoff.max.ms = 1000
	reconnect.backoff.ms = 50
	request.timeout.ms = 30000
	retry.backoff.ms = 100
	sasl.client.callback.handler.class = null
	sasl.jaas.config = null
	sasl.kerberos.kinit.cmd = /usr/bin/kinit
	sasl.kerberos.min.time.before.relogin = 60000
	sasl.kerberos.service.name = null
	sasl.kerberos.ticket.renew.jitter = 0.05
	sasl.kerberos.ticket.renew.window.factor = 0.8
	sasl.login.callback.handler.class = null
	sasl.login.class = null
	sasl.login.connect.timeout.ms = null
	sasl.login.read.timeout.ms = null
	sasl.login.refresh.buffer.seconds = 300
	sasl.login.refresh.min.period.seconds = 60
	sasl.login.refresh.window.factor = 0.8
	sasl.login.refresh.window.jitter = 0.05
	sasl.login.retry.backoff.max.ms = 10000
	sasl.login.retry.backoff.ms = 100
	sasl.mechanism = GSSAPI
	sasl.oauthbearer.clock.skew.seconds = 30
	sasl.oauthbearer.expected.audience = null
	sasl.oauthbearer.expected.issuer = null
	sasl.oauthbearer.jwks.endpoint.refresh.ms = 3600000
	sasl.oauthbearer.jwks.endpoint.retry.backoff.max.ms = 10000
	sasl.oauthbearer.jwks.endpoint.retry.backoff.ms = 100
	sasl.oauthbearer.jwks.endpoint.url = null
	sasl.oauthbearer.scope.claim.name = scope
	sasl.oauthbearer.sub.claim.name = sub
	sasl.oauthbearer.token.endpoint.url = null
	security.protocol = PLAINTEXT
	security.providers = null
	send.buffer.bytes = 131072
	session.timeout.ms = 45000
	socket.connection.setup.timeout.max.ms = 30000
	socket.connection.setup.timeout.ms = 10000
	ssl.cipher.suites = null
	ssl.enabled.protocols = [TLSv1.2, TLSv1.3]
	ssl.endpoint.identification.algorithm = https
	ssl.engine.factory.class = null
	ssl.key.password = null
	ssl.keymanager.algorithm = SunX509
	ssl.keystore.certificate.chain = null
	ssl.keystore.key = null
	ssl.keystore.location = null
	ssl.keystore.password = null
	ssl.keystore.type = JKS
	ssl.protocol = TLSv1.3
	ssl.provider = null
	ssl.secure.random.implementation = null
	ssl.trustmanager.algorithm = PKIX
	ssl.truststore.certificates = null
	ssl.truststore.location = null
	ssl.truststore.password = null
	ssl.truststore.type = JKS
	value.deserializer = class org.apache.kafka.common.serialization.StringDeserializer
 
2025-02-17 13:23:41.419  INFO [org.apache.kafka.common.utils.AppInfoParser:119] Kafka version: 3.5.1 
2025-02-17 13:23:41.420  INFO [org.apache.kafka.common.utils.AppInfoParser:120] Kafka commitId: 2c6fb6c54472e90a 
2025-02-17 13:23:41.421  INFO [org.apache.kafka.common.utils.AppInfoParser:121] Kafka startTimeMs: 1739791421419 
2025-02-17 13:23:41.422  INFO [org.apache.kafka.clients.consumer.KafkaConsumer:980] [Consumer clientId=consumer-item_group-2, groupId=item_group] Subscribed to topic(s): Item_Topic 
2025-02-17 13:23:41.429  INFO [org.apache.kafka.clients.consumer.ConsumerConfig:369] ConsumerConfig values: 
	allow.auto.create.topics = true
	auto.commit.interval.ms = 5000
	auto.include.jmx.reporter = true
	auto.offset.reset = latest
	bootstrap.servers = [localhost:9092]
	check.crcs = true
	client.dns.lookup = use_all_dns_ips
	client.id = consumer-item_group-3
	client.rack = 
	connections.max.idle.ms = 540000
	default.api.timeout.ms = 60000
	enable.auto.commit = false
	exclude.internal.topics = true
	fetch.max.bytes = 52428800
	fetch.max.wait.ms = 500
	fetch.min.bytes = 1
	group.id = item_group
	group.instance.id = null
	heartbeat.interval.ms = 3000
	interceptor.classes = []
	internal.leave.group.on.close = true
	internal.throw.on.fetch.stable.offset.unsupported = false
	isolation.level = read_uncommitted
	key.deserializer = class org.apache.kafka.common.serialization.StringDeserializer
	max.partition.fetch.bytes = 1048576
	max.poll.interval.ms = 300000
	max.poll.records = 500
	metadata.max.age.ms = 300000
	metric.reporters = []
	metrics.num.samples = 2
	metrics.recording.level = INFO
	metrics.sample.window.ms = 30000
	partition.assignment.strategy = [class org.apache.kafka.clients.consumer.RangeAssignor, class org.apache.kafka.clients.consumer.CooperativeStickyAssignor]
	receive.buffer.bytes = 65536
	reconnect.backoff.max.ms = 1000
	reconnect.backoff.ms = 50
	request.timeout.ms = 30000
	retry.backoff.ms = 100
	sasl.client.callback.handler.class = null
	sasl.jaas.config = null
	sasl.kerberos.kinit.cmd = /usr/bin/kinit
	sasl.kerberos.min.time.before.relogin = 60000
	sasl.kerberos.service.name = null
	sasl.kerberos.ticket.renew.jitter = 0.05
	sasl.kerberos.ticket.renew.window.factor = 0.8
	sasl.login.callback.handler.class = null
	sasl.login.class = null
	sasl.login.connect.timeout.ms = null
	sasl.login.read.timeout.ms = null
	sasl.login.refresh.buffer.seconds = 300
	sasl.login.refresh.min.period.seconds = 60
	sasl.login.refresh.window.factor = 0.8
	sasl.login.refresh.window.jitter = 0.05
	sasl.login.retry.backoff.max.ms = 10000
	sasl.login.retry.backoff.ms = 100
	sasl.mechanism = GSSAPI
	sasl.oauthbearer.clock.skew.seconds = 30
	sasl.oauthbearer.expected.audience = null
	sasl.oauthbearer.expected.issuer = null
	sasl.oauthbearer.jwks.endpoint.refresh.ms = 3600000
	sasl.oauthbearer.jwks.endpoint.retry.backoff.max.ms = 10000
	sasl.oauthbearer.jwks.endpoint.retry.backoff.ms = 100
	sasl.oauthbearer.jwks.endpoint.url = null
	sasl.oauthbearer.scope.claim.name = scope
	sasl.oauthbearer.sub.claim.name = sub
	sasl.oauthbearer.token.endpoint.url = null
	security.protocol = PLAINTEXT
	security.providers = null
	send.buffer.bytes = 131072
	session.timeout.ms = 45000
	socket.connection.setup.timeout.max.ms = 30000
	socket.connection.setup.timeout.ms = 10000
	ssl.cipher.suites = null
	ssl.enabled.protocols = [TLSv1.2, TLSv1.3]
	ssl.endpoint.identification.algorithm = https
	ssl.engine.factory.class = null
	ssl.key.password = null
	ssl.keymanager.algorithm = SunX509
	ssl.keystore.certificate.chain = null
	ssl.keystore.key = null
	ssl.keystore.location = null
	ssl.keystore.password = null
	ssl.keystore.type = JKS
	ssl.protocol = TLSv1.3
	ssl.provider = null
	ssl.secure.random.implementation = null
	ssl.trustmanager.algorithm = PKIX
	ssl.truststore.certificates = null
	ssl.truststore.location = null
	ssl.truststore.password = null
	ssl.truststore.type = JKS
	value.deserializer = class org.apache.kafka.common.serialization.StringDeserializer
 
2025-02-17 13:23:41.449  INFO [org.apache.kafka.common.utils.AppInfoParser:119] Kafka version: 3.5.1 
2025-02-17 13:23:41.450  INFO [org.apache.kafka.common.utils.AppInfoParser:120] Kafka commitId: 2c6fb6c54472e90a 
2025-02-17 13:23:41.450  INFO [org.apache.kafka.common.utils.AppInfoParser:121] Kafka startTimeMs: 1739791421449 
2025-02-17 13:23:41.451  INFO [org.apache.kafka.clients.consumer.KafkaConsumer:980] [Consumer clientId=consumer-item_group-3, groupId=item_group] Subscribed to topic(s): Item_Topic 
2025-02-17 13:23:41.456  INFO [org.apache.coyote.http11.Http11NioProtocol:173] Starting ProtocolHandler ["http-nio-8081"] 
2025-02-17 13:23:41.491  INFO [org.springframework.boot.web.embedded.tomcat.TomcatWebServer:220] Tomcat started on port(s): 8081 (http) with context path '' 
2025-02-17 13:23:41.523  INFO [za.co.woolworths.itemkafka_poc.KafkaItemProducerPocApplication:61] Started KafkaItemProducerPocApplication in 13.099 seconds (JVM running for 13.982) 
2025-02-17 13:23:42.195  INFO [org.apache.kafka.clients.Metadata:287] [Consumer clientId=consumer-item_group-1, groupId=item_group] Cluster ID: 241EXJnpTO6SXdisTDqE6g 
2025-02-17 13:23:42.196  INFO [org.apache.kafka.clients.Metadata:287] [Consumer clientId=consumer-item_group-2, groupId=item_group] Cluster ID: 241EXJnpTO6SXdisTDqE6g 
2025-02-17 13:23:42.197  INFO [org.apache.kafka.clients.Metadata:287] [Consumer clientId=consumer-item_group-3, groupId=item_group] Cluster ID: 241EXJnpTO6SXdisTDqE6g 
2025-02-17 13:23:42.202  INFO [org.apache.kafka.clients.consumer.internals.ConsumerCoordinator:906] [Consumer clientId=consumer-item_group-3, groupId=item_group] Discovered group coordinator W49204302.mshome.net:9092 (id: 2147483647 rack: null) 
2025-02-17 13:23:42.202  INFO [org.apache.kafka.clients.consumer.internals.ConsumerCoordinator:906] [Consumer clientId=consumer-item_group-1, groupId=item_group] Discovered group coordinator W49204302.mshome.net:9092 (id: 2147483647 rack: null) 
2025-02-17 13:23:42.202  INFO [org.apache.kafka.clients.consumer.internals.ConsumerCoordinator:906] [Consumer clientId=consumer-item_group-2, groupId=item_group] Discovered group coordinator W49204302.mshome.net:9092 (id: 2147483647 rack: null) 
2025-02-17 13:23:42.213  INFO [org.apache.kafka.clients.consumer.internals.ConsumerCoordinator:576] [Consumer clientId=consumer-item_group-1, groupId=item_group] (Re-)joining group 
2025-02-17 13:23:42.213  INFO [org.apache.kafka.clients.consumer.internals.ConsumerCoordinator:576] [Consumer clientId=consumer-item_group-3, groupId=item_group] (Re-)joining group 
2025-02-17 13:23:42.213  INFO [org.apache.kafka.clients.consumer.internals.ConsumerCoordinator:576] [Consumer clientId=consumer-item_group-2, groupId=item_group] (Re-)joining group 
2025-02-17 13:23:42.245  INFO [org.apache.kafka.clients.consumer.internals.ConsumerCoordinator:1072] [Consumer clientId=consumer-item_group-1, groupId=item_group] Request joining group due to: need to re-join with the given member-id: consumer-item_group-1-3b2f5289-4caf-436d-bc28-5b2679269bef 
2025-02-17 13:23:42.246  INFO [org.apache.kafka.clients.consumer.internals.ConsumerCoordinator:1072] [Consumer clientId=consumer-item_group-3, groupId=item_group] Request joining group due to: need to re-join with the given member-id: consumer-item_group-3-42bc2bb1-23a8-43d8-8a8f-cd69013f06b9 
2025-02-17 13:23:42.246  INFO [org.apache.kafka.clients.consumer.internals.ConsumerCoordinator:1072] [Consumer clientId=consumer-item_group-1, groupId=item_group] Request joining group due to: rebalance failed due to 'The group member needs to have a valid member id before actually entering a consumer group.' (MemberIdRequiredException) 
2025-02-17 13:23:42.246  INFO [org.apache.kafka.clients.consumer.internals.ConsumerCoordinator:576] [Consumer clientId=consumer-item_group-1, groupId=item_group] (Re-)joining group 
2025-02-17 13:23:42.246  INFO [org.apache.kafka.clients.consumer.internals.ConsumerCoordinator:1072] [Consumer clientId=consumer-item_group-2, groupId=item_group] Request joining group due to: need to re-join with the given member-id: consumer-item_group-2-f2aa9cb4-68bd-481d-b31a-90ab04b0a02f 
2025-02-17 13:23:42.247  INFO [org.apache.kafka.clients.consumer.internals.ConsumerCoordinator:1072] [Consumer clientId=consumer-item_group-3, groupId=item_group] Request joining group due to: rebalance failed due to 'The group member needs to have a valid member id before actually entering a consumer group.' (MemberIdRequiredException) 
2025-02-17 13:23:42.248  INFO [org.apache.kafka.clients.consumer.internals.ConsumerCoordinator:1072] [Consumer clientId=consumer-item_group-2, groupId=item_group] Request joining group due to: rebalance failed due to 'The group member needs to have a valid member id before actually entering a consumer group.' (MemberIdRequiredException) 
2025-02-17 13:23:42.248  INFO [org.apache.kafka.clients.consumer.internals.ConsumerCoordinator:576] [Consumer clientId=consumer-item_group-3, groupId=item_group] (Re-)joining group 
2025-02-17 13:23:42.248  INFO [org.apache.kafka.clients.consumer.internals.ConsumerCoordinator:576] [Consumer clientId=consumer-item_group-2, groupId=item_group] (Re-)joining group 
2025-02-17 13:23:42.251  INFO [org.apache.kafka.clients.consumer.internals.ConsumerCoordinator:637] [Consumer clientId=consumer-item_group-1, groupId=item_group] Successfully joined group with generation Generation{generationId=70, memberId='consumer-item_group-1-3b2f5289-4caf-436d-bc28-5b2679269bef', protocol='range'} 
2025-02-17 13:23:42.260  INFO [org.apache.kafka.clients.consumer.internals.ConsumerCoordinator:712] [Consumer clientId=consumer-item_group-1, groupId=item_group] Finished assignment for group at generation 70: {consumer-item_group-1-3b2f5289-4caf-436d-bc28-5b2679269bef=Assignment(partitions=[Item_Topic-0])} 
2025-02-17 13:23:42.272  INFO [org.apache.kafka.clients.consumer.internals.ConsumerCoordinator:836] [Consumer clientId=consumer-item_group-1, groupId=item_group] SyncGroup failed: The group began another rebalance. Need to re-join the group. Sent generation was Generation{generationId=70, memberId='consumer-item_group-1-3b2f5289-4caf-436d-bc28-5b2679269bef', protocol='range'} 
2025-02-17 13:23:42.274  INFO [org.apache.kafka.clients.consumer.internals.ConsumerCoordinator:1072] [Consumer clientId=consumer-item_group-1, groupId=item_group] Request joining group due to: rebalance failed due to 'The group is rebalancing, so a rejoin is needed.' (RebalanceInProgressException) 
2025-02-17 13:23:42.274  INFO [org.apache.kafka.clients.consumer.internals.ConsumerCoordinator:576] [Consumer clientId=consumer-item_group-1, groupId=item_group] (Re-)joining group 
2025-02-17 13:23:42.278  INFO [org.apache.kafka.clients.consumer.internals.ConsumerCoordinator:637] [Consumer clientId=consumer-item_group-2, groupId=item_group] Successfully joined group with generation Generation{generationId=71, memberId='consumer-item_group-2-f2aa9cb4-68bd-481d-b31a-90ab04b0a02f', protocol='range'} 
2025-02-17 13:23:42.278  INFO [org.apache.kafka.clients.consumer.internals.ConsumerCoordinator:637] [Consumer clientId=consumer-item_group-3, groupId=item_group] Successfully joined group with generation Generation{generationId=71, memberId='consumer-item_group-3-42bc2bb1-23a8-43d8-8a8f-cd69013f06b9', protocol='range'} 
2025-02-17 13:23:42.278  INFO [org.apache.kafka.clients.consumer.internals.ConsumerCoordinator:637] [Consumer clientId=consumer-item_group-1, groupId=item_group] Successfully joined group with generation Generation{generationId=71, memberId='consumer-item_group-1-3b2f5289-4caf-436d-bc28-5b2679269bef', protocol='range'} 
2025-02-17 13:23:42.280  INFO [org.apache.kafka.clients.consumer.internals.ConsumerCoordinator:712] [Consumer clientId=consumer-item_group-1, groupId=item_group] Finished assignment for group at generation 71: {consumer-item_group-3-42bc2bb1-23a8-43d8-8a8f-cd69013f06b9=Assignment(partitions=[]), consumer-item_group-1-3b2f5289-4caf-436d-bc28-5b2679269bef=Assignment(partitions=[Item_Topic-0]), consumer-item_group-2-f2aa9cb4-68bd-481d-b31a-90ab04b0a02f=Assignment(partitions=[])} 
2025-02-17 13:23:42.287  INFO [org.apache.kafka.clients.consumer.internals.ConsumerCoordinator:812] [Consumer clientId=consumer-item_group-2, groupId=item_group] Successfully synced group in generation Generation{generationId=71, memberId='consumer-item_group-2-f2aa9cb4-68bd-481d-b31a-90ab04b0a02f', protocol='range'} 
2025-02-17 13:23:42.287  INFO [org.apache.kafka.clients.consumer.internals.ConsumerCoordinator:812] [Consumer clientId=consumer-item_group-3, groupId=item_group] Successfully synced group in generation Generation{generationId=71, memberId='consumer-item_group-3-42bc2bb1-23a8-43d8-8a8f-cd69013f06b9', protocol='range'} 
2025-02-17 13:23:42.287  INFO [org.apache.kafka.clients.consumer.internals.ConsumerCoordinator:812] [Consumer clientId=consumer-item_group-1, groupId=item_group] Successfully synced group in generation Generation{generationId=71, memberId='consumer-item_group-1-3b2f5289-4caf-436d-bc28-5b2679269bef', protocol='range'} 
2025-02-17 13:23:42.288  INFO [org.apache.kafka.clients.consumer.internals.ConsumerCoordinator:307] [Consumer clientId=consumer-item_group-2, groupId=item_group] Notifying assignor about the new Assignment(partitions=[]) 
2025-02-17 13:23:42.288  INFO [org.apache.kafka.clients.consumer.internals.ConsumerCoordinator:319] [Consumer clientId=consumer-item_group-2, groupId=item_group] Adding newly assigned partitions:  
2025-02-17 13:23:42.288  INFO [org.apache.kafka.clients.consumer.internals.ConsumerCoordinator:307] [Consumer clientId=consumer-item_group-3, groupId=item_group] Notifying assignor about the new Assignment(partitions=[]) 
2025-02-17 13:23:42.289  INFO [org.apache.kafka.clients.consumer.internals.ConsumerCoordinator:307] [Consumer clientId=consumer-item_group-1, groupId=item_group] Notifying assignor about the new Assignment(partitions=[Item_Topic-0]) 
2025-02-17 13:23:42.289  INFO [org.apache.kafka.clients.consumer.internals.ConsumerCoordinator:319] [Consumer clientId=consumer-item_group-3, groupId=item_group] Adding newly assigned partitions:  
2025-02-17 13:23:42.290  INFO [org.springframework.kafka.listener.KafkaMessageListenerContainer:292] item_group: partitions assigned: [] 
2025-02-17 13:23:42.291  INFO [org.springframework.kafka.listener.KafkaMessageListenerContainer:292] item_group: partitions assigned: [] 
2025-02-17 13:23:42.296  INFO [org.apache.kafka.clients.consumer.internals.ConsumerCoordinator:319] [Consumer clientId=consumer-item_group-1, groupId=item_group] Adding newly assigned partitions: Item_Topic-0 
2025-02-17 13:23:42.315  INFO [org.apache.kafka.clients.consumer.internals.ConsumerCoordinator:975] [Consumer clientId=consumer-item_group-1, groupId=item_group] Setting offset for partition Item_Topic-0 to the committed offset FetchPosition{offset=100, offsetEpoch=Optional.empty, currentLeader=LeaderAndEpoch{leader=Optional[W49204302.mshome.net:9092 (id: 0 rack: null)], epoch=0}} 
2025-02-17 13:23:42.318  INFO [org.springframework.kafka.listener.KafkaMessageListenerContainer:292] item_group: partitions assigned: [Item_Topic-0] 
2025-02-17 13:23:49.771  INFO [org.apache.catalina.core.ContainerBase.[Tomcat].[localhost].[/]:173] Initializing Spring DispatcherServlet 'dispatcherServlet' 
2025-02-17 13:23:49.771  INFO [org.springframework.web.servlet.DispatcherServlet:525] Initializing Servlet 'dispatcherServlet' 
2025-02-17 13:23:49.772 DEBUG [org.springframework.web.servlet.DispatcherServlet:520] Detected StandardServletMultipartResolver 
2025-02-17 13:23:49.772 DEBUG [org.springframework.web.servlet.DispatcherServlet:544] Detected AcceptHeaderLocaleResolver 
2025-02-17 13:23:49.773 DEBUG [org.springframework.web.servlet.DispatcherServlet:569] Detected FixedThemeResolver 
2025-02-17 13:23:49.774 DEBUG [org.springframework.web.servlet.DispatcherServlet:719] Detected org.springframework.web.servlet.view.DefaultRequestToViewNameTranslator@1784fcab 
2025-02-17 13:23:49.775 DEBUG [org.springframework.web.servlet.DispatcherServlet:783] Detected org.springframework.web.servlet.support.SessionFlashMapManager@63d43a5 
2025-02-17 13:23:49.775 DEBUG [org.springframework.web.servlet.DispatcherServlet:542] enableLoggingRequestDetails='false': request parameters and headers will be masked to prevent unsafe logging of potentially sensitive data 
2025-02-17 13:23:49.775  INFO [org.springframework.web.servlet.DispatcherServlet:547] Completed initialization in 3 ms 
2025-02-17 13:23:49.787 DEBUG [org.springframework.web.servlet.DispatcherServlet:119] POST "/flink/start-job1", parameters={} 
2025-02-17 13:23:49.796 DEBUG [org.springframework.web.servlet.mvc.method.annotation.RequestMappingHandlerMapping:522] Mapped to za.co.woolworths.itemkafka_poc.controller.FlinkJobController#triggerFlinkJob1() 
2025-02-17 13:23:55.273  INFO [org.apache.flink.api.java.typeutils.TypeExtractor:2069] class java.time.LocalDateTime does not contain a getter for field date 
2025-02-17 13:23:55.274  INFO [org.apache.flink.api.java.typeutils.TypeExtractor:2072] class java.time.LocalDateTime does not contain a setter for field date 
2025-02-17 13:23:55.274  INFO [org.apache.flink.api.java.typeutils.TypeExtractor:2116] Class class java.time.LocalDateTime cannot be used as a POJO type because not all fields are valid POJO fields, and must be processed as GenericType. Please read the Flink documentation on "Data Types & Serialization" for details of the effect on performance and schema evolution. 
2025-02-17 13:23:55.276  INFO [org.apache.flink.api.java.typeutils.TypeExtractor:2144] Field Item#createDte will be processed as GenericType. Please read the Flink documentation on "Data Types & Serialization" for details of the effect on performance and schema evolution. 
2025-02-17 13:23:55.297  INFO [org.apache.flink.api.java.typeutils.TypeExtractor:2069] class java.time.LocalDateTime does not contain a getter for field date 
2025-02-17 13:23:55.298  INFO [org.apache.flink.api.java.typeutils.TypeExtractor:2072] class java.time.LocalDateTime does not contain a setter for field date 
2025-02-17 13:23:55.298  INFO [org.apache.flink.api.java.typeutils.TypeExtractor:2116] Class class java.time.LocalDateTime cannot be used as a POJO type because not all fields are valid POJO fields, and must be processed as GenericType. Please read the Flink documentation on "Data Types & Serialization" for details of the effect on performance and schema evolution. 
2025-02-17 13:23:55.298  INFO [org.apache.flink.api.java.typeutils.TypeExtractor:2144] Field Item#lastUpdateDte will be processed as GenericType. Please read the Flink documentation on "Data Types & Serialization" for details of the effect on performance and schema evolution. 
2025-02-17 13:23:55.337  INFO [org.apache.flink.connector.datagen.functions.FromElementsGeneratorFunction:98] Serializing elements using  org.apache.flink.api.java.typeutils.runtime.PojoSerializer@e65891b9 
2025-02-17 13:23:55.347  INFO [org.apache.flink.api.java.typeutils.runtime.kryo.KryoSerializer:494] Kryo serializer scala extensions are not available. 
2025-02-17 13:23:55.406  INFO [org.apache.flink.api.java.typeutils.runtime.kryo.KryoSerializer:494] Kryo serializer scala extensions are not available. 
2025-02-17 13:24:05.928  INFO [org.apache.flink.runtime.taskexecutor.TaskExecutorResourceUtils:274] The configuration option taskmanager.cpu.cores required for local execution is not set, setting it to the maximal possible value. 
2025-02-17 13:24:05.930  INFO [org.apache.flink.runtime.taskexecutor.TaskExecutorResourceUtils:274] The configuration option taskmanager.memory.task.heap.size required for local execution is not set, setting it to the maximal possible value. 
2025-02-17 13:24:05.932  INFO [org.apache.flink.runtime.taskexecutor.TaskExecutorResourceUtils:274] The configuration option taskmanager.memory.task.off-heap.size required for local execution is not set, setting it to the maximal possible value. 
2025-02-17 13:24:05.937  INFO [org.apache.flink.runtime.taskexecutor.TaskExecutorResourceUtils:274] The configuration option taskmanager.memory.network.min required for local execution is not set, setting it to its default value 64 mb. 
2025-02-17 13:24:05.940  INFO [org.apache.flink.runtime.taskexecutor.TaskExecutorResourceUtils:274] The configuration option taskmanager.memory.network.max required for local execution is not set, setting it to its default value 64 mb. 
2025-02-17 13:24:05.942  INFO [org.apache.flink.runtime.taskexecutor.TaskExecutorResourceUtils:274] The configuration option taskmanager.memory.managed.size required for local execution is not set, setting it to its default value 128 mb. 
2025-02-17 13:24:05.981  INFO [org.apache.flink.runtime.minicluster.MiniCluster:324] Starting Flink Mini Cluster 
2025-02-17 13:24:07.953  INFO [org.apache.flink.runtime.minicluster.MiniCluster:343] Starting Metrics Registry 
2025-02-17 13:24:08.295  INFO [org.apache.flink.runtime.metrics.MetricRegistryImpl:177] No metrics reporter configured, no metrics will be exposed/reported. 
2025-02-17 13:24:08.297  INFO [org.apache.flink.runtime.metrics.MetricRegistryImpl:240] No trace reporter configured, no metrics will be exposed/reported. 
2025-02-17 13:24:08.299  INFO [org.apache.flink.runtime.minicluster.MiniCluster:350] Starting RPC Service(s) 
2025-02-17 13:24:08.452  INFO [org.apache.flink.runtime.rpc.pekko.PekkoRpcServiceUtils:225] Trying to start local actor system 
2025-02-17 13:24:12.175  INFO [org.apache.pekko.event.slf4j.Slf4jLogger:117] Slf4jLogger started 
2025-02-17 13:24:12.939  INFO [org.apache.flink.runtime.rpc.pekko.PekkoRpcServiceUtils:255] Actor system started at pekko://flink 
2025-02-17 13:24:13.140  INFO [org.apache.flink.runtime.rpc.pekko.PekkoRpcServiceUtils:225] Trying to start local actor system 
2025-02-17 13:24:13.295  INFO [org.apache.pekko.event.slf4j.Slf4jLogger:117] Slf4jLogger started 
2025-02-17 13:24:13.372  INFO [org.apache.flink.runtime.rpc.pekko.PekkoRpcServiceUtils:255] Actor system started at pekko://flink-metrics 
2025-02-17 13:24:13.505  INFO [org.apache.flink.runtime.rpc.pekko.PekkoRpcService:273] Starting RPC endpoint for org.apache.flink.runtime.metrics.dump.MetricQueryService at pekko://flink-metrics/user/rpc/MetricQueryService . 
2025-02-17 13:24:13.817  WARN [org.apache.flink.runtime.rpc.pekko.SupervisorActor:144] RpcActor pekko://flink-metrics/user/rpc/MetricQueryService has failed. Shutting it down now. java.lang.NullPointerException: null
	at java.base/java.util.HashMap.putMapEntries(HashMap.java:496)
	at java.base/java.util.HashMap.putAll(HashMap.java:780)
	at java.base/java.util.Collections$SynchronizedMap.putAll(Collections.java:2602)
	at ch.qos.logback.classic.util.LogbackMDCAdapter.setContextMap(LogbackMDCAdapter.java:197)
	at org.slf4j.MDC.setContextMap(MDC.java:264)
	at org.apache.flink.util.MdcUtils.lambda$withContext$0(MdcUtils.java:48)
	at org.apache.flink.runtime.rpc.pekko.PekkoRpcActor.handleControlMessage(PekkoRpcActor.java:208)
	at org.apache.pekko.japi.pf.UnitCaseStatement.apply(CaseStatements.scala:33)
	at org.apache.pekko.japi.pf.UnitCaseStatement.apply(CaseStatements.scala:29)
	at scala.PartialFunction.applyOrElse(PartialFunction.scala:127)
	at scala.PartialFunction.applyOrElse$(PartialFunction.scala:126)
	at org.apache.pekko.japi.pf.UnitCaseStatement.applyOrElse(CaseStatements.scala:29)
	at scala.PartialFunction$OrElse.applyOrElse(PartialFunction.scala:175)
	at scala.PartialFunction$OrElse.applyOrElse(PartialFunction.scala:176)
	at org.apache.pekko.actor.Actor.aroundReceive(Actor.scala:547)
	at org.apache.pekko.actor.Actor.aroundReceive$(Actor.scala:545)
	at org.apache.pekko.actor.AbstractActor.aroundReceive(AbstractActor.scala:229)
	at org.apache.pekko.actor.ActorCell.receiveMessage(ActorCell.scala:590)
	at org.apache.pekko.actor.ActorCell.invoke(ActorCell.scala:557)
	at org.apache.pekko.dispatch.Mailbox.processMailbox(Mailbox.scala:280)
	at org.apache.pekko.dispatch.Mailbox.run(Mailbox.scala:241)
	at java.base/java.util.concurrent.ThreadPoolExecutor.runWorker(ThreadPoolExecutor.java:1128)
	at java.base/java.util.concurrent.ThreadPoolExecutor$Worker.run(ThreadPoolExecutor.java:628)
	at java.base/java.lang.Thread.run(Thread.java:834)

2025-02-17 13:24:13.919  INFO [org.apache.flink.runtime.security.token.DefaultDelegationTokenManager:127] Loading delegation token providers 
2025-02-17 13:24:13.945  INFO [org.apache.pekko.actor.CoordinatedShutdown:108] Running CoordinatedShutdown with reason [ActorSystemTerminateReason] 
2025-02-17 13:24:14.002  INFO [org.apache.flink.runtime.security.token.hadoop.HadoopFSDelegationTokenProvider:78] Hadoop FS is not available (not packaged with this application): NoClassDefFoundError : "org/apache/hadoop/conf/Configuration". 
2025-02-17 13:24:14.004  INFO [org.apache.flink.runtime.security.token.DefaultDelegationTokenManager:135] Delegation token provider hadoopfs loaded and initialized 
2025-02-17 13:24:14.049  INFO [org.apache.flink.runtime.security.token.DefaultDelegationTokenManager:135] Delegation token provider hbase loaded and initialized 
2025-02-17 13:24:14.051  INFO [org.apache.flink.runtime.security.token.DefaultDelegationTokenManager:165] Delegation token providers loaded successfully 
2025-02-17 13:24:14.050  INFO [org.apache.flink.runtime.rpc.pekko.PekkoRpcActor:149] The RpcEndpoint MetricQueryService failed. java.lang.NullPointerException: null
	at java.base/java.util.HashMap.putMapEntries(HashMap.java:496)
	at java.base/java.util.HashMap.putAll(HashMap.java:780)
	at java.base/java.util.Collections$SynchronizedMap.putAll(Collections.java:2602)
	at ch.qos.logback.classic.util.LogbackMDCAdapter.setContextMap(LogbackMDCAdapter.java:197)
	at org.slf4j.MDC.setContextMap(MDC.java:264)
	at org.apache.flink.util.MdcUtils.lambda$withContext$0(MdcUtils.java:48)
	at org.apache.flink.runtime.rpc.pekko.PekkoRpcActor.handleControlMessage(PekkoRpcActor.java:208)
	at org.apache.pekko.japi.pf.UnitCaseStatement.apply(CaseStatements.scala:33)
	at org.apache.pekko.japi.pf.UnitCaseStatement.apply(CaseStatements.scala:29)
	at scala.PartialFunction.applyOrElse(PartialFunction.scala:127)
	at scala.PartialFunction.applyOrElse$(PartialFunction.scala:126)
	at org.apache.pekko.japi.pf.UnitCaseStatement.applyOrElse(CaseStatements.scala:29)
	at scala.PartialFunction$OrElse.applyOrElse(PartialFunction.scala:175)
	at scala.PartialFunction$OrElse.applyOrElse(PartialFunction.scala:176)
	at org.apache.pekko.actor.Actor.aroundReceive(Actor.scala:547)
	at org.apache.pekko.actor.Actor.aroundReceive$(Actor.scala:545)
	at org.apache.pekko.actor.AbstractActor.aroundReceive(AbstractActor.scala:229)
	at org.apache.pekko.actor.ActorCell.receiveMessage(ActorCell.scala:590)
	at org.apache.pekko.actor.ActorCell.invoke(ActorCell.scala:557)
	at org.apache.pekko.dispatch.Mailbox.processMailbox(Mailbox.scala:280)
	at org.apache.pekko.dispatch.Mailbox.run(Mailbox.scala:241)
	at java.base/java.util.concurrent.ThreadPoolExecutor.runWorker(ThreadPoolExecutor.java:1128)
	at java.base/java.util.concurrent.ThreadPoolExecutor$Worker.run(ThreadPoolExecutor.java:628)
	at java.base/java.lang.Thread.run(Thread.java:834)

2025-02-17 13:24:14.064  INFO [org.apache.flink.runtime.security.token.DelegationTokenReceiverRepository:64] Loading delegation token receivers 
2025-02-17 13:24:14.173  INFO [org.apache.flink.runtime.security.token.DelegationTokenReceiverRepository:72] Delegation token receiver hadoopfs loaded and initialized 
2025-02-17 13:24:14.188  INFO [org.apache.flink.runtime.security.token.DelegationTokenReceiverRepository:72] Delegation token receiver hbase loaded and initialized 
2025-02-17 13:24:14.190  INFO [org.apache.flink.runtime.security.token.DelegationTokenReceiverRepository:101] Delegation token receivers loaded successfully 
2025-02-17 13:24:14.191  INFO [org.apache.flink.runtime.security.token.DefaultDelegationTokenManager:189] Checking provider and receiver instances consistency 
2025-02-17 13:24:14.193  INFO [org.apache.flink.runtime.security.token.DefaultDelegationTokenManager:209] Provider and receiver instances are consistent 
2025-02-17 13:24:14.194  INFO [org.apache.flink.runtime.security.token.DefaultDelegationTokenManager:240] Obtaining delegation tokens 
2025-02-17 13:24:14.217  INFO [org.apache.flink.runtime.security.token.DefaultDelegationTokenManager:243] Delegation tokens obtained successfully 
2025-02-17 13:24:14.218  WARN [org.apache.flink.runtime.security.token.DefaultDelegationTokenManager:248] No tokens obtained so skipping notifications 
2025-02-17 13:24:14.220  INFO [org.apache.flink.runtime.security.token.DelegationTokenReceiverRepository:64] Loading delegation token receivers 
2025-02-17 13:24:14.237  INFO [org.apache.flink.runtime.security.token.DelegationTokenReceiverRepository:72] Delegation token receiver hadoopfs loaded and initialized 
2025-02-17 13:24:14.239  INFO [org.apache.flink.runtime.security.token.DelegationTokenReceiverRepository:72] Delegation token receiver hbase loaded and initialized 
2025-02-17 13:24:14.241  INFO [org.apache.flink.runtime.security.token.DelegationTokenReceiverRepository:101] Delegation token receivers loaded successfully 
2025-02-17 13:24:14.530  INFO [org.apache.flink.runtime.blob.BlobServer:164] Created BLOB server storage directory C:\Users\w7178930\AppData\Local\Temp\minicluster_84b02f02ab91a38f1f30c5db5ceb2e0c\blobStorage 
2025-02-17 13:24:14.584  INFO [org.apache.flink.runtime.blob.BlobServer:238] Started BLOB server at 0.0.0.0:57173 - max concurrent requests: 50 - max backlog: 1000 
2025-02-17 13:24:14.707  INFO [org.apache.flink.runtime.blob.PermanentBlobCache:93] Created BLOB cache storage directory C:\Users\w7178930\AppData\Local\Temp\minicluster_84b02f02ab91a38f1f30c5db5ceb2e0c\blobStorage 
2025-02-17 13:24:14.726  INFO [org.apache.flink.runtime.blob.TransientBlobCache:93] Created BLOB cache storage directory C:\Users\w7178930\AppData\Local\Temp\minicluster_84b02f02ab91a38f1f30c5db5ceb2e0c\blobStorage 
2025-02-17 13:24:14.735  INFO [org.apache.flink.runtime.minicluster.MiniCluster:745] Starting 1 TaskManager(s) 
2025-02-17 13:24:14.832  INFO [org.apache.flink.runtime.taskexecutor.TaskManagerRunner:609] Starting TaskManager with ResourceID: ff558fa9-f9a4-4c34-b012-0f9a0477892f 
2025-02-17 13:24:15.353  INFO [org.apache.flink.runtime.taskexecutor.TaskManagerServices:553] Temporary file directory 'C:\Users\w7178930\AppData\Local\Temp': total 471 GB, usable 240 GB (50,96% usable) 
2025-02-17 13:24:15.455  INFO [org.apache.flink.runtime.io.disk.iomanager.IOManager:63] Created a new FileChannelManager for spilling of task related data to disk (joins, sorting, ...). Used directories:
	C:\Users\w7178930\AppData\Local\Temp\flink-io-a1c683a8-7cc0-49b6-8bde-7f078d6b0032 
2025-02-17 13:24:15.712  INFO [org.apache.flink.runtime.io.network.NettyShuffleServiceFactory:170] Created a new FileChannelManager for storing result partitions of BLOCKING shuffles. Used directories:
	C:\Users\w7178930\AppData\Local\Temp\flink-netty-shuffle-1a0a39aa-8c43-499e-b125-879a1550a946 
2025-02-17 13:24:15.973  INFO [org.apache.flink.runtime.io.network.buffer.NetworkBufferPool:156] Allocated 64 MB for network buffer pool (number of memory segments: 2048, bytes per segment: 32768). 
2025-02-17 13:24:16.253  INFO [org.apache.flink.runtime.io.network.NettyShuffleEnvironment:362] Starting the network environment and its components. 
2025-02-17 13:24:16.255  INFO [org.apache.flink.runtime.taskexecutor.TaskManagerServices:353] TaskManager data connection initialized successfully; listening internally on port: -1 
2025-02-17 13:24:16.289  INFO [org.apache.flink.runtime.taskexecutor.KvStateService:92] Starting the kvState service and its components. 
2025-02-17 13:24:17.237  INFO [org.apache.flink.configuration.Configuration:985] Config uses fallback configuration key 'pekko.ask.timeout' instead of key 'taskmanager.slot.timeout' 
2025-02-17 13:24:17.560  INFO [org.apache.flink.runtime.rpc.pekko.PekkoRpcService:273] Starting RPC endpoint for org.apache.flink.runtime.taskexecutor.TaskExecutor at pekko://flink/user/rpc/taskmanager_0 . 
2025-02-17 13:24:17.942  INFO [org.apache.flink.runtime.taskexecutor.DefaultJobLeaderService:127] Start job leader service. 
2025-02-17 13:24:17.954  INFO [org.apache.flink.runtime.filecache.FileCache:116] User file cache uses directory C:\Users\w7178930\AppData\Local\Temp\flink-dist-cache-be9aed9b-0153-49fd-988f-41444f06446f 
2025-02-17 13:24:17.973  WARN [org.apache.flink.runtime.rpc.pekko.SupervisorActor:144] RpcActor pekko://flink/user/rpc/taskmanager_0 has failed. Shutting it down now. java.lang.NullPointerException: null
	at java.base/java.util.HashMap.putMapEntries(HashMap.java:496)
	at java.base/java.util.HashMap.putAll(HashMap.java:780)
	at java.base/java.util.Collections$SynchronizedMap.putAll(Collections.java:2602)
	at ch.qos.logback.classic.util.LogbackMDCAdapter.setContextMap(LogbackMDCAdapter.java:197)
	at org.slf4j.MDC.setContextMap(MDC.java:264)
	at org.apache.flink.util.MdcUtils.lambda$withContext$0(MdcUtils.java:48)
	at org.apache.flink.runtime.rpc.pekko.PekkoRpcActor.handleControlMessage(PekkoRpcActor.java:208)
	at org.apache.pekko.japi.pf.UnitCaseStatement.apply(CaseStatements.scala:33)
	at org.apache.pekko.japi.pf.UnitCaseStatement.apply(CaseStatements.scala:29)
	at scala.PartialFunction.applyOrElse(PartialFunction.scala:127)
	at scala.PartialFunction.applyOrElse$(PartialFunction.scala:126)
	at org.apache.pekko.japi.pf.UnitCaseStatement.applyOrElse(CaseStatements.scala:29)
	at scala.PartialFunction$OrElse.applyOrElse(PartialFunction.scala:175)
	at scala.PartialFunction$OrElse.applyOrElse(PartialFunction.scala:176)
	at org.apache.pekko.actor.Actor.aroundReceive(Actor.scala:547)
	at org.apache.pekko.actor.Actor.aroundReceive$(Actor.scala:545)
	at org.apache.pekko.actor.AbstractActor.aroundReceive(AbstractActor.scala:229)
	at org.apache.pekko.actor.ActorCell.receiveMessage(ActorCell.scala:590)
	at org.apache.pekko.actor.ActorCell.invoke(ActorCell.scala:557)
	at org.apache.pekko.dispatch.Mailbox.processMailbox(Mailbox.scala:280)
	at org.apache.pekko.dispatch.Mailbox.run(Mailbox.scala:241)
	at org.apache.pekko.dispatch.Mailbox.exec(Mailbox.scala:253)
	at java.base/java.util.concurrent.ForkJoinTask.doExec$$$capture(ForkJoinTask.java:290)
	at java.base/java.util.concurrent.ForkJoinTask.doExec(ForkJoinTask.java)
	at java.base/java.util.concurrent.ForkJoinPool$WorkQueue.topLevelExec(ForkJoinPool.java:1020)
	at java.base/java.util.concurrent.ForkJoinPool.scan(ForkJoinPool.java:1656)
	at java.base/java.util.concurrent.ForkJoinPool.runWorker(ForkJoinPool.java:1594)
	at java.base/java.util.concurrent.ForkJoinWorkerThread.run(ForkJoinWorkerThread.java:177)

2025-02-17 13:24:17.996  INFO [org.apache.pekko.actor.CoordinatedShutdown:108] Running CoordinatedShutdown with reason [ActorSystemTerminateReason] 
2025-02-17 13:24:18.001  INFO [org.apache.flink.runtime.rpc.pekko.PekkoRpcActor:149] The RpcEndpoint taskmanager_0 failed. java.lang.NullPointerException: null
	at java.base/java.util.HashMap.putMapEntries(HashMap.java:496)
	at java.base/java.util.HashMap.putAll(HashMap.java:780)
	at java.base/java.util.Collections$SynchronizedMap.putAll(Collections.java:2602)
	at ch.qos.logback.classic.util.LogbackMDCAdapter.setContextMap(LogbackMDCAdapter.java:197)
	at org.slf4j.MDC.setContextMap(MDC.java:264)
	at org.apache.flink.util.MdcUtils.lambda$withContext$0(MdcUtils.java:48)
	at org.apache.flink.runtime.rpc.pekko.PekkoRpcActor.handleControlMessage(PekkoRpcActor.java:208)
	at org.apache.pekko.japi.pf.UnitCaseStatement.apply(CaseStatements.scala:33)
	at org.apache.pekko.japi.pf.UnitCaseStatement.apply(CaseStatements.scala:29)
	at scala.PartialFunction.applyOrElse(PartialFunction.scala:127)
	at scala.PartialFunction.applyOrElse$(PartialFunction.scala:126)
	at org.apache.pekko.japi.pf.UnitCaseStatement.applyOrElse(CaseStatements.scala:29)
	at scala.PartialFunction$OrElse.applyOrElse(PartialFunction.scala:175)
	at scala.PartialFunction$OrElse.applyOrElse(PartialFunction.scala:176)
	at org.apache.pekko.actor.Actor.aroundReceive(Actor.scala:547)
	at org.apache.pekko.actor.Actor.aroundReceive$(Actor.scala:545)
	at org.apache.pekko.actor.AbstractActor.aroundReceive(AbstractActor.scala:229)
	at org.apache.pekko.actor.ActorCell.receiveMessage(ActorCell.scala:590)
	at org.apache.pekko.actor.ActorCell.invoke(ActorCell.scala:557)
	at org.apache.pekko.dispatch.Mailbox.processMailbox(Mailbox.scala:280)
	at org.apache.pekko.dispatch.Mailbox.run(Mailbox.scala:241)
	at org.apache.pekko.dispatch.Mailbox.exec(Mailbox.scala:253)
	at java.base/java.util.concurrent.ForkJoinTask.doExec$$$capture(ForkJoinTask.java:290)
	at java.base/java.util.concurrent.ForkJoinTask.doExec(ForkJoinTask.java)
	at java.base/java.util.concurrent.ForkJoinPool$WorkQueue.topLevelExec(ForkJoinPool.java:1020)
	at java.base/java.util.concurrent.ForkJoinPool.scan(ForkJoinPool.java:1656)
	at java.base/java.util.concurrent.ForkJoinPool.runWorker(ForkJoinPool.java:1594)
	at java.base/java.util.concurrent.ForkJoinWorkerThread.run(ForkJoinWorkerThread.java:177)

2025-02-17 13:24:19.782  INFO [org.apache.flink.runtime.dispatcher.DispatcherRestEndpoint:182] Starting rest endpoint. 
2025-02-17 13:24:19.821  INFO [org.apache.flink.runtime.dispatcher.DispatcherRestEndpoint:124] Failed to load web based job submission extension. Probable reason: flink-runtime-web is not in the classpath. 
2025-02-17 13:24:28.008  WARN [org.apache.flink.runtime.webmonitor.WebMonitorUtils:76] Log file environment variable 'log.file' is not set. 
2025-02-17 13:24:28.010  WARN [org.apache.flink.runtime.webmonitor.WebMonitorUtils:82] JobManager log files are unavailable in the web dashboard. Log file location not found in environment variable 'log.file' or configuration key 'web.log.path'. 
2025-02-17 13:24:32.614  INFO [org.apache.flink.runtime.dispatcher.DispatcherRestEndpoint:308] Rest endpoint listening at localhost:57239 
2025-02-17 13:24:32.617  INFO [org.apache.flink.runtime.highavailability.nonha.embedded.EmbeddedLeaderService:314] Proposing leadership to the contender that is registered under component ID 'rest_server'. 
2025-02-17 13:24:32.644  INFO [org.apache.flink.runtime.dispatcher.DispatcherRestEndpoint:1212] http://localhost:57239 was granted leadership with leaderSessionID=dd8a27dc-9616-409e-a626-cb382d1c03b6 
2025-02-17 13:24:32.646  INFO [org.apache.flink.runtime.highavailability.nonha.embedded.EmbeddedLeaderService:261] Received confirmation of leadership for leader http://localhost:57239 , session=dd8a27dc-9616-409e-a626-cb382d1c03b6 
2025-02-17 13:24:32.916  INFO [org.apache.flink.runtime.highavailability.nonha.embedded.EmbeddedLeaderService:314] Proposing leadership to the contender that is registered under component ID 'dispatcher'. 
2025-02-17 13:24:32.919  INFO [org.apache.flink.runtime.resourcemanager.ResourceManagerServiceImpl:118] Starting resource manager service. 
2025-02-17 13:24:32.923  INFO [org.apache.flink.runtime.dispatcher.runner.DefaultDispatcherRunner:114] DefaultDispatcherRunner was granted leadership with leader id 5d6a2bc4-a7bc-40c2-a375-dfc42a25ee1f. Creating new DispatcherLeaderProcess. 
2025-02-17 13:24:32.925  INFO [org.apache.flink.runtime.highavailability.nonha.embedded.EmbeddedLeaderService:314] Proposing leadership to the contender that is registered under component ID 'resource_manager'. 
2025-02-17 13:24:32.936  INFO [org.apache.flink.runtime.resourcemanager.ResourceManagerServiceImpl:198] Resource manager service is granted leadership with session id 7d0212ba-b23f-4e3e-8f74-62fb86b9ce31. 
2025-02-17 13:24:33.010  INFO [org.apache.flink.runtime.minicluster.MiniCluster:510] Flink Mini Cluster started successfully 
2025-02-17 13:24:33.028  INFO [org.apache.flink.runtime.dispatcher.runner.SessionDispatcherLeaderProcess:99] Start SessionDispatcherLeaderProcess. 
2025-02-17 13:24:33.101  INFO [org.apache.flink.runtime.dispatcher.runner.SessionDispatcherLeaderProcess:144] Recover all persisted job graphs that are not finished, yet. 
2025-02-17 13:24:33.102  INFO [org.apache.flink.runtime.dispatcher.runner.SessionDispatcherLeaderProcess:158] Successfully recovered 0 persisted job graphs. 
2025-02-17 13:24:33.492  WARN [org.apache.flink.runtime.minicluster.MiniCluster:1510] Error in MiniCluster. Shutting the MiniCluster down. org.apache.flink.util.FlinkException: Cannot start resource manager.
	at org.apache.flink.runtime.resourcemanager.ResourceManagerServiceImpl.lambda$grantLeadership$2(ResourceManagerServiceImpl.java:205)
	at java.base/java.util.concurrent.ThreadPoolExecutor.runWorker(ThreadPoolExecutor.java:1128)
	at java.base/java.util.concurrent.ThreadPoolExecutor$Worker.run(ThreadPoolExecutor.java:628)
	at java.base/java.lang.Thread.run(Thread.java:834)
Caused by: java.util.concurrent.CompletionException: org.apache.pekko.pattern.AskTimeoutException: Recipient [Actor[pekko://flink/user/rpc#-1727360945]] had already been terminated. Message of type [org.apache.flink.runtime.rpc.pekko.SupervisorActor$StartRpcActor].
	at java.base/java.util.concurrent.CompletableFuture.encodeThrowable(CompletableFuture.java:331)
	at java.base/java.util.concurrent.CompletableFuture.uniApplyNow(CompletableFuture.java:670)
	at java.base/java.util.concurrent.CompletableFuture.uniApplyStage(CompletableFuture.java:658)
	at java.base/java.util.concurrent.CompletableFuture.thenApplyAsync(CompletableFuture.java:2099)
	at scala.concurrent.java8.FuturesConvertersImpl$CF.thenApply(FutureConvertersImpl.scala:35)
	at org.apache.flink.runtime.rpc.pekko.SupervisorActor.startRpcActor(SupervisorActor.java:205)
	at org.apache.flink.runtime.rpc.pekko.PekkoRpcService.registerRpcActor(PekkoRpcService.java:354)
	at org.apache.flink.runtime.rpc.pekko.PekkoRpcService.startServer(PekkoRpcService.java:268)
	at org.apache.flink.runtime.rpc.RpcEndpoint.<init>(RpcEndpoint.java:147)
	at org.apache.flink.runtime.rpc.FencedRpcEndpoint.<init>(FencedRpcEndpoint.java:44)
	at org.apache.flink.runtime.rpc.FencedRpcEndpoint.<init>(FencedRpcEndpoint.java:53)
	at org.apache.flink.runtime.resourcemanager.ResourceManager.<init>(ResourceManager.java:195)
	at org.apache.flink.runtime.resourcemanager.StandaloneResourceManager.<init>(StandaloneResourceManager.java:73)
	at org.apache.flink.runtime.resourcemanager.StandaloneResourceManagerFactory.createResourceManager(StandaloneResourceManagerFactory.java:92)
	at org.apache.flink.runtime.resourcemanager.ResourceManagerFactory.createResourceManager(ResourceManagerFactory.java:103)
	at org.apache.flink.runtime.resourcemanager.ResourceManagerServiceImpl.startNewLeaderResourceManager(ResourceManagerServiceImpl.java:254)
	at org.apache.flink.runtime.resourcemanager.ResourceManagerServiceImpl.lambda$grantLeadership$2(ResourceManagerServiceImpl.java:203)
	... 3 common frames omitted
Caused by: org.apache.pekko.pattern.AskTimeoutException: Recipient [Actor[pekko://flink/user/rpc#-1727360945]] had already been terminated. Message of type [org.apache.flink.runtime.rpc.pekko.SupervisorActor$StartRpcActor].

2025-02-17 13:24:33.496  INFO [org.apache.flink.runtime.minicluster.MiniCluster:664] Shutting down Flink Mini Cluster 
2025-02-17 13:24:33.505  INFO [org.apache.flink.runtime.dispatcher.runner.SessionDispatcherLeaderProcess:136] Stopping SessionDispatcherLeaderProcess. 
2025-02-17 13:24:33.517  WARN [org.apache.flink.runtime.minicluster.MiniCluster:1510] Error in MiniCluster. Shutting the MiniCluster down. java.util.concurrent.CompletionException: org.apache.flink.util.FlinkRuntimeException: Could not create the Dispatcher rpc endpoint.
	at java.base/java.util.concurrent.CompletableFuture.encodeThrowable(CompletableFuture.java:314)
	at java.base/java.util.concurrent.CompletableFuture.completeThrowable(CompletableFuture.java:319)
	at java.base/java.util.concurrent.CompletableFuture.biAccept(CompletableFuture.java:1314)
	at java.base/java.util.concurrent.CompletableFuture$BiAccept.tryFire(CompletableFuture.java:1280)
	at java.base/java.util.concurrent.CompletableFuture.postComplete(CompletableFuture.java:506)
	at java.base/java.util.concurrent.CompletableFuture.postFire(CompletableFuture.java:610)
	at java.base/java.util.concurrent.CompletableFuture$UniApply.tryFire(CompletableFuture.java:649)
	at java.base/java.util.concurrent.CompletableFuture$Completion.run(CompletableFuture.java:478)
	at java.base/java.util.concurrent.ThreadPoolExecutor.runWorker(ThreadPoolExecutor.java:1128)
	at java.base/java.util.concurrent.ThreadPoolExecutor$Worker.run(ThreadPoolExecutor.java:628)
	at java.base/java.lang.Thread.run(Thread.java:834)
Caused by: org.apache.flink.util.FlinkRuntimeException: Could not create the Dispatcher rpc endpoint.
	at org.apache.flink.runtime.dispatcher.runner.DefaultDispatcherGatewayServiceFactory.create(DefaultDispatcherGatewayServiceFactory.java:76)
	at org.apache.flink.runtime.dispatcher.runner.SessionDispatcherLeaderProcess.createDispatcher(SessionDispatcherLeaderProcess.java:111)
	at org.apache.flink.runtime.dispatcher.runner.SessionDispatcherLeaderProcess.lambda$createDispatcherIfRunning$0(SessionDispatcherLeaderProcess.java:104)
	at org.apache.flink.runtime.dispatcher.runner.AbstractDispatcherLeaderProcess.runIfState(AbstractDispatcherLeaderProcess.java:222)
	at org.apache.flink.runtime.dispatcher.runner.AbstractDispatcherLeaderProcess.runIfStateIs(AbstractDispatcherLeaderProcess.java:212)
	at org.apache.flink.runtime.dispatcher.runner.SessionDispatcherLeaderProcess.createDispatcherIfRunning(SessionDispatcherLeaderProcess.java:104)
	at java.base/java.util.concurrent.CompletableFuture.biAccept(CompletableFuture.java:1311)
	... 8 common frames omitted
Caused by: java.util.concurrent.CompletionException: org.apache.pekko.pattern.AskTimeoutException: Recipient [Actor[pekko://flink/user/rpc#-1727360945]] had already been terminated. Message of type [org.apache.flink.runtime.rpc.pekko.SupervisorActor$StartRpcActor].
	at java.base/java.util.concurrent.CompletableFuture.encodeThrowable(CompletableFuture.java:331)
	at java.base/java.util.concurrent.CompletableFuture.uniApplyNow(CompletableFuture.java:670)
	at java.base/java.util.concurrent.CompletableFuture.uniApplyStage(CompletableFuture.java:658)
	at java.base/java.util.concurrent.CompletableFuture.thenApplyAsync(CompletableFuture.java:2099)
	at scala.concurrent.java8.FuturesConvertersImpl$CF.thenApply(FutureConvertersImpl.scala:35)
	at org.apache.flink.runtime.rpc.pekko.SupervisorActor.startRpcActor(SupervisorActor.java:205)
	at org.apache.flink.runtime.rpc.pekko.PekkoRpcService.registerRpcActor(PekkoRpcService.java:354)
	at org.apache.flink.runtime.rpc.pekko.PekkoRpcService.startServer(PekkoRpcService.java:268)
	at org.apache.flink.runtime.rpc.RpcEndpoint.<init>(RpcEndpoint.java:147)
	at org.apache.flink.runtime.rpc.FencedRpcEndpoint.<init>(FencedRpcEndpoint.java:44)
	at org.apache.flink.runtime.rpc.FencedRpcEndpoint.<init>(FencedRpcEndpoint.java:53)
	at org.apache.flink.runtime.dispatcher.Dispatcher.<init>(Dispatcher.java:269)
	at org.apache.flink.runtime.dispatcher.Dispatcher.<init>(Dispatcher.java:247)
	at org.apache.flink.runtime.dispatcher.Dispatcher.<init>(Dispatcher.java:228)
	at org.apache.flink.runtime.dispatcher.StandaloneDispatcher.<init>(StandaloneDispatcher.java:42)
	at org.apache.flink.runtime.dispatcher.SessionDispatcherFactory.createDispatcher(SessionDispatcherFactory.java:49)
	at org.apache.flink.runtime.dispatcher.SessionDispatcherFactory.createDispatcher(SessionDispatcherFactory.java:29)
	at org.apache.flink.runtime.dispatcher.runner.DefaultDispatcherGatewayServiceFactory.create(DefaultDispatcherGatewayServiceFactory.java:66)
	... 14 common frames omitted
Caused by: org.apache.pekko.pattern.AskTimeoutException: Recipient [Actor[pekko://flink/user/rpc#-1727360945]] had already been terminated. Message of type [org.apache.flink.runtime.rpc.pekko.SupervisorActor$StartRpcActor].

2025-02-17 13:24:33.657  INFO [org.apache.flink.runtime.dispatcher.DispatcherRestEndpoint:378] Shutting down rest endpoint. 
2025-02-17 13:24:34.065  INFO [org.apache.flink.runtime.dispatcher.DispatcherRestEndpoint:1186] Removing cache directory C:\Users\w7178930\AppData\Local\Temp\flink-web-ui 
2025-02-17 13:24:34.069  INFO [org.apache.flink.runtime.dispatcher.DispatcherRestEndpoint:1221] http://localhost:57239 lost leadership 
2025-02-17 13:24:34.077  INFO [org.apache.flink.runtime.dispatcher.DispatcherRestEndpoint:386] Shut down complete. 
2025-02-17 13:24:34.082  WARN [org.apache.flink.runtime.resourcemanager.ResourceManagerServiceImpl:158] Cannot deregister application. Resource manager service is not available. 
2025-02-17 13:24:34.084  INFO [org.apache.flink.runtime.entrypoint.component.DispatcherResourceManagerComponent:165] Closing components. 
2025-02-17 13:24:34.088  INFO [org.apache.flink.runtime.resourcemanager.ResourceManagerServiceImpl:166] Stopping resource manager service. 
2025-02-17 13:24:34.092  INFO [org.apache.flink.runtime.resourcemanager.ResourceManagerServiceImpl:218] Resource manager service is not running. Ignore revoking leadership. 
2025-02-17 13:24:34.119  INFO [org.apache.flink.runtime.rpc.pekko.PekkoRpcService:417] Stopping Pekko RPC service. 
2025-02-17 13:24:34.148  INFO [org.apache.flink.runtime.rpc.pekko.PekkoRpcService:438] Stopped Pekko RPC service. 
2025-02-17 13:24:34.154  INFO [org.apache.flink.runtime.rpc.pekko.PekkoRpcService:417] Stopping Pekko RPC service. 
2025-02-17 13:24:34.157  INFO [org.apache.flink.runtime.blob.PermanentBlobCache:251] Shutting down BLOB cache 
2025-02-17 13:24:34.163  INFO [org.apache.flink.runtime.blob.TransientBlobCache:251] Shutting down BLOB cache 
2025-02-17 13:24:34.168  INFO [org.apache.flink.runtime.blob.BlobServer:397] Stopped BLOB server at 0.0.0.0:57173 
2025-02-17 13:24:34.178  INFO [org.apache.flink.runtime.rpc.pekko.PekkoRpcService:438] Stopped Pekko RPC service. 
2025-02-17 13:32:42.218  INFO [org.apache.kafka.clients.NetworkClient:977] [Consumer clientId=consumer-item_group-1, groupId=item_group] Node -1 disconnected. 
2025-02-17 13:32:42.229  INFO [org.apache.kafka.clients.NetworkClient:977] [Consumer clientId=consumer-item_group-3, groupId=item_group] Node -1 disconnected. 
2025-02-17 13:32:42.277  INFO [org.apache.kafka.clients.NetworkClient:977] [Consumer clientId=consumer-item_group-2, groupId=item_group] Node -1 disconnected. 
2025-02-17 13:41:29.415  INFO [org.apache.flink.runtime.state.TaskExecutorLocalStateStoresManager:319] Shutting down TaskExecutorLocalStateStoresManager. 
2025-02-17 13:41:29.415  INFO [org.apache.flink.runtime.state.TaskExecutorStateChangelogStoragesManager:234] Shutting down TaskExecutorStateChangelogStoragesManager. 
2025-02-17 13:41:29.415  INFO [org.apache.flink.runtime.state.TaskExecutorFileMergingManager:216] Shutting down TaskExecutorFileMergingManager. 
2025-02-17 13:41:29.416  INFO [org.apache.flink.runtime.filecache.FileCache:160] removed file cache directory C:\Users\w7178930\AppData\Local\Temp\flink-dist-cache-be9aed9b-0153-49fd-988f-41444f06446f 
2025-02-17 13:41:29.419  INFO [org.apache.flink.runtime.io.disk.FileChannelManagerImpl:149] FileChannelManager removed spill file directory C:\Users\w7178930\AppData\Local\Temp\flink-io-a1c683a8-7cc0-49b6-8bde-7f078d6b0032 
2025-02-17 13:41:29.421  INFO [org.apache.flink.runtime.io.disk.FileChannelManagerImpl:149] FileChannelManager removed spill file directory C:\Users\w7178930\AppData\Local\Temp\flink-netty-shuffle-1a0a39aa-8c43-499e-b125-879a1550a946 
2025-02-17 13:41:33.029 DEBUG [org.springframework.web.servlet.mvc.method.annotation.HttpEntityMethodProcessor:268] Using 'text/plain', given [*/*] and supported [text/plain, */*, application/json, application/*+json] 
2025-02-17 13:41:33.030 DEBUG [org.springframework.web.servlet.mvc.method.annotation.HttpEntityMethodProcessor:119] Writing ["Flink Job 1 started successfully."] 
2025-02-17 13:41:33.044 DEBUG [org.springframework.web.servlet.DispatcherServlet:1101] Failed to complete request: org.apache.catalina.connector.ClientAbortException: java.nio.channels.ClosedChannelException 
2025-02-17 13:41:33.061  INFO [org.apache.kafka.clients.consumer.internals.ConsumerCoordinator:338] [Consumer clientId=consumer-item_group-1, groupId=item_group] Revoke previously assigned partitions Item_Topic-0 
2025-02-17 13:41:33.061  INFO [org.apache.kafka.clients.consumer.internals.ConsumerCoordinator:1133] [Consumer clientId=consumer-item_group-3, groupId=item_group] Member consumer-item_group-3-42bc2bb1-23a8-43d8-8a8f-cd69013f06b9 sending LeaveGroup request to coordinator W49204302.mshome.net:9092 (id: 2147483647 rack: null) due to the consumer unsubscribed from all topics 
2025-02-17 13:41:33.061  INFO [org.apache.kafka.clients.consumer.internals.ConsumerCoordinator:1133] [Consumer clientId=consumer-item_group-2, groupId=item_group] Member consumer-item_group-2-f2aa9cb4-68bd-481d-b31a-90ab04b0a02f sending LeaveGroup request to coordinator W49204302.mshome.net:9092 (id: 2147483647 rack: null) due to the consumer unsubscribed from all topics 
2025-02-17 13:41:33.061  INFO [org.springframework.kafka.listener.KafkaMessageListenerContainer:292] item_group: partitions revoked: [Item_Topic-0] 
2025-02-17 13:41:33.062  INFO [org.apache.kafka.clients.consumer.internals.ConsumerCoordinator:1133] [Consumer clientId=consumer-item_group-1, groupId=item_group] Member consumer-item_group-1-3b2f5289-4caf-436d-bc28-5b2679269bef sending LeaveGroup request to coordinator W49204302.mshome.net:9092 (id: 2147483647 rack: null) due to the consumer unsubscribed from all topics 
2025-02-17 13:41:33.062  INFO [org.apache.kafka.clients.consumer.internals.ConsumerCoordinator:1025] [Consumer clientId=consumer-item_group-3, groupId=item_group] Resetting generation and member id due to: consumer pro-actively leaving the group 
2025-02-17 13:41:33.063  INFO [org.apache.kafka.clients.consumer.internals.ConsumerCoordinator:1025] [Consumer clientId=consumer-item_group-1, groupId=item_group] Resetting generation and member id due to: consumer pro-actively leaving the group 
2025-02-17 13:41:33.062  INFO [org.apache.kafka.clients.consumer.internals.ConsumerCoordinator:1025] [Consumer clientId=consumer-item_group-2, groupId=item_group] Resetting generation and member id due to: consumer pro-actively leaving the group 
2025-02-17 13:41:33.063  INFO [org.apache.kafka.clients.consumer.internals.ConsumerCoordinator:1072] [Consumer clientId=consumer-item_group-3, groupId=item_group] Request joining group due to: consumer pro-actively leaving the group 
2025-02-17 13:41:33.063  INFO [org.apache.kafka.clients.consumer.internals.ConsumerCoordinator:1072] [Consumer clientId=consumer-item_group-1, groupId=item_group] Request joining group due to: consumer pro-actively leaving the group 
2025-02-17 13:41:33.063  INFO [org.apache.kafka.clients.consumer.internals.ConsumerCoordinator:1072] [Consumer clientId=consumer-item_group-2, groupId=item_group] Request joining group due to: consumer pro-actively leaving the group 
2025-02-17 13:41:33.064  INFO [org.apache.kafka.clients.consumer.KafkaConsumer:1089] [Consumer clientId=consumer-item_group-1, groupId=item_group] Unsubscribed all topics or patterns and assigned partitions 
2025-02-17 13:41:33.064  INFO [org.apache.kafka.clients.consumer.KafkaConsumer:1089] [Consumer clientId=consumer-item_group-3, groupId=item_group] Unsubscribed all topics or patterns and assigned partitions 
2025-02-17 13:41:33.064  INFO [org.apache.kafka.clients.consumer.KafkaConsumer:1089] [Consumer clientId=consumer-item_group-2, groupId=item_group] Unsubscribed all topics or patterns and assigned partitions 
2025-02-17 13:41:33.066  INFO [org.apache.kafka.clients.consumer.internals.ConsumerCoordinator:1025] [Consumer clientId=consumer-item_group-2, groupId=item_group] Resetting generation and member id due to: consumer pro-actively leaving the group 
2025-02-17 13:41:33.066  INFO [org.apache.kafka.clients.consumer.internals.ConsumerCoordinator:1025] [Consumer clientId=consumer-item_group-3, groupId=item_group] Resetting generation and member id due to: consumer pro-actively leaving the group 
2025-02-17 13:41:33.066  INFO [org.apache.kafka.clients.consumer.internals.ConsumerCoordinator:1025] [Consumer clientId=consumer-item_group-1, groupId=item_group] Resetting generation and member id due to: consumer pro-actively leaving the group 
2025-02-17 13:41:33.067  INFO [org.apache.kafka.clients.consumer.internals.ConsumerCoordinator:1072] [Consumer clientId=consumer-item_group-2, groupId=item_group] Request joining group due to: consumer pro-actively leaving the group 
2025-02-17 13:41:33.067  INFO [org.apache.kafka.clients.consumer.internals.ConsumerCoordinator:1072] [Consumer clientId=consumer-item_group-3, groupId=item_group] Request joining group due to: consumer pro-actively leaving the group 
2025-02-17 13:41:33.067  INFO [org.apache.kafka.clients.consumer.internals.ConsumerCoordinator:1072] [Consumer clientId=consumer-item_group-1, groupId=item_group] Request joining group due to: consumer pro-actively leaving the group 
2025-02-17 13:41:33.074  INFO [org.apache.kafka.common.metrics.Metrics:693] Metrics scheduler closed 
2025-02-17 13:41:33.074  INFO [org.apache.kafka.common.metrics.Metrics:693] Metrics scheduler closed 
2025-02-17 13:41:33.075  INFO [org.apache.kafka.common.metrics.Metrics:697] Closing reporter org.apache.kafka.common.metrics.JmxReporter 
2025-02-17 13:41:33.075  INFO [org.apache.kafka.common.metrics.Metrics:697] Closing reporter org.apache.kafka.common.metrics.JmxReporter 
2025-02-17 13:41:33.076  INFO [org.apache.kafka.common.metrics.Metrics:703] Metrics reporters closed 
2025-02-17 13:41:33.076  INFO [org.apache.kafka.common.metrics.Metrics:703] Metrics reporters closed 
2025-02-17 13:41:33.093  INFO [org.apache.kafka.common.utils.AppInfoParser:83] App info kafka.consumer for consumer-item_group-2 unregistered 
2025-02-17 13:41:33.094  INFO [org.apache.kafka.common.utils.AppInfoParser:83] App info kafka.consumer for consumer-item_group-3 unregistered 
2025-02-17 13:41:33.095  INFO [org.springframework.kafka.listener.KafkaMessageListenerContainer:292] item_group: Consumer stopped 
2025-02-17 13:41:33.095  INFO [org.springframework.kafka.listener.KafkaMessageListenerContainer:292] item_group: Consumer stopped 
2025-02-17 13:41:33.210  INFO [org.apache.kafka.common.metrics.Metrics:693] Metrics scheduler closed 
2025-02-17 13:41:33.211  INFO [org.apache.kafka.common.metrics.Metrics:697] Closing reporter org.apache.kafka.common.metrics.JmxReporter 
2025-02-17 13:41:33.212  INFO [org.apache.kafka.common.metrics.Metrics:703] Metrics reporters closed 
2025-02-17 13:41:33.219  INFO [org.apache.kafka.common.utils.AppInfoParser:83] App info kafka.consumer for consumer-item_group-1 unregistered 
2025-02-17 13:41:33.220  INFO [org.springframework.kafka.listener.KafkaMessageListenerContainer:292] item_group: Consumer stopped 
2025-02-17 13:41:33.232  INFO [org.springframework.orm.jpa.LocalContainerEntityManagerFactoryBean:651] Closing JPA EntityManagerFactory for persistence unit 'default' 
2025-02-17 13:41:33.245  INFO [com.zaxxer.hikari.HikariDataSource:350] HikariPool-1 - Shutdown initiated... 
2025-02-17 13:41:33.255  INFO [com.zaxxer.hikari.HikariDataSource:352] HikariPool-1 - Shutdown completed. 
2025-02-17 13:43:17.148  INFO [za.co.woolworths.itemkafka_poc.KafkaItemProducerPocApplication:55] Starting KafkaItemProducerPocApplication using Java 11.0.2 on W49204302 with PID 11552 (C:\Workspaces\Item-Kafka-Producer-POC\Item-Kafka-Producer-POC\target\classes started by W7178930 in C:\Workspaces\Item-Kafka-Producer-POC\Item-Kafka-Producer-POC) 
2025-02-17 13:43:17.154  INFO [za.co.woolworths.itemkafka_poc.KafkaItemProducerPocApplication:640] The following 2 profiles are active: "swagger", "dev" 
2025-02-17 13:43:19.025  INFO [org.springframework.data.repository.config.RepositoryConfigurationDelegate:132] Bootstrapping Spring Data JPA repositories in DEFAULT mode. 
2025-02-17 13:43:19.198  INFO [org.springframework.data.repository.config.RepositoryConfigurationDelegate:201] Finished Spring Data repository scanning in 148 ms. Found 1 JPA repository interfaces. 
2025-02-17 13:43:21.735  INFO [org.springframework.boot.web.embedded.tomcat.TomcatWebServer:108] Tomcat initialized with port(s): 8081 (http) 
2025-02-17 13:43:21.749  INFO [org.apache.coyote.http11.Http11NioProtocol:173] Initializing ProtocolHandler ["http-nio-8081"] 
2025-02-17 13:43:21.749  INFO [org.apache.catalina.core.StandardService:173] Starting service [Tomcat] 
2025-02-17 13:43:21.750  INFO [org.apache.catalina.core.StandardEngine:173] Starting Servlet engine: [Apache Tomcat/9.0.64] 
2025-02-17 13:43:22.072  INFO [org.apache.catalina.core.ContainerBase.[Tomcat].[localhost].[/]:173] Initializing Spring embedded WebApplicationContext 
2025-02-17 13:43:22.073  INFO [org.springframework.boot.web.servlet.context.ServletWebServerApplicationContext:292] Root WebApplicationContext: initialization completed in 4817 ms 
2025-02-17 13:43:22.826  INFO [com.zaxxer.hikari.HikariDataSource:110] HikariPool-1 - Starting... 
2025-02-17 13:43:23.663  INFO [com.zaxxer.hikari.HikariDataSource:123] HikariPool-1 - Start completed. 
2025-02-17 13:43:23.736  INFO [org.hibernate.jpa.internal.util.LogHelper:31] HHH000204: Processing PersistenceUnitInfo [name: default] 
2025-02-17 13:43:23.808  INFO [org.hibernate.Version:44] HHH000412: Hibernate ORM core version 5.6.9.Final 
2025-02-17 13:43:24.083  INFO [org.hibernate.annotations.common.Version:56] HCANN000001: Hibernate Commons Annotations {5.1.2.Final} 
2025-02-17 13:43:24.313  INFO [org.hibernate.dialect.Dialect:175] HHH000400: Using dialect: org.hibernate.dialect.SQLServer2016Dialect 
2025-02-17 13:43:25.390  INFO [org.hibernate.engine.transaction.jta.platform.internal.JtaPlatformInitiator:52] HHH000490: Using JtaPlatform implementation: [org.hibernate.engine.transaction.jta.platform.internal.NoJtaPlatform] 
2025-02-17 13:43:25.411  INFO [org.springframework.orm.jpa.LocalContainerEntityManagerFactoryBean:437] Initialized JPA EntityManagerFactory for persistence unit 'default' 
2025-02-17 13:43:26.786  WARN [org.springframework.boot.autoconfigure.orm.jpa.JpaBaseConfiguration$JpaWebConfiguration:219] spring.jpa.open-in-view is enabled by default. Therefore, database queries may be performed during view rendering. Explicitly configure spring.jpa.open-in-view to disable this warning 
2025-02-17 13:43:26.970 DEBUG [org.springframework.web.servlet.mvc.method.annotation.RequestMappingHandlerMapping:367] 14 mappings in 'requestMappingHandlerMapping' 
2025-02-17 13:43:27.668 DEBUG [org.springframework.web.servlet.handler.SimpleUrlHandlerMapping:188] Patterns [/agent/swagger-ui*/**] in 'resourceHandlerMapping' 
2025-02-17 13:43:27.753 DEBUG [org.springframework.web.servlet.mvc.method.annotation.RequestMappingHandlerAdapter:625] ControllerAdvice beans: 0 @ModelAttribute, 0 @InitBinder, 1 RequestBodyAdvice, 1 ResponseBodyAdvice 
2025-02-17 13:43:27.810 DEBUG [org.springframework.web.servlet.mvc.method.annotation.ExceptionHandlerExceptionResolver:307] ControllerAdvice beans: 1 @ExceptionHandler, 1 ResponseBodyAdvice 
2025-02-17 13:43:28.399  INFO [org.springframework.boot.actuate.endpoint.web.EndpointLinksResolver:58] Exposing 1 endpoint(s) beneath base path '/actuator' 
2025-02-17 13:43:28.616  INFO [org.apache.kafka.clients.consumer.ConsumerConfig:369] ConsumerConfig values: 
	allow.auto.create.topics = true
	auto.commit.interval.ms = 5000
	auto.include.jmx.reporter = true
	auto.offset.reset = latest
	bootstrap.servers = [localhost:9092]
	check.crcs = true
	client.dns.lookup = use_all_dns_ips
	client.id = consumer-item_group-1
	client.rack = 
	connections.max.idle.ms = 540000
	default.api.timeout.ms = 60000
	enable.auto.commit = false
	exclude.internal.topics = true
	fetch.max.bytes = 52428800
	fetch.max.wait.ms = 500
	fetch.min.bytes = 1
	group.id = item_group
	group.instance.id = null
	heartbeat.interval.ms = 3000
	interceptor.classes = []
	internal.leave.group.on.close = true
	internal.throw.on.fetch.stable.offset.unsupported = false
	isolation.level = read_uncommitted
	key.deserializer = class org.apache.kafka.common.serialization.StringDeserializer
	max.partition.fetch.bytes = 1048576
	max.poll.interval.ms = 300000
	max.poll.records = 500
	metadata.max.age.ms = 300000
	metric.reporters = []
	metrics.num.samples = 2
	metrics.recording.level = INFO
	metrics.sample.window.ms = 30000
	partition.assignment.strategy = [class org.apache.kafka.clients.consumer.RangeAssignor, class org.apache.kafka.clients.consumer.CooperativeStickyAssignor]
	receive.buffer.bytes = 65536
	reconnect.backoff.max.ms = 1000
	reconnect.backoff.ms = 50
	request.timeout.ms = 30000
	retry.backoff.ms = 100
	sasl.client.callback.handler.class = null
	sasl.jaas.config = null
	sasl.kerberos.kinit.cmd = /usr/bin/kinit
	sasl.kerberos.min.time.before.relogin = 60000
	sasl.kerberos.service.name = null
	sasl.kerberos.ticket.renew.jitter = 0.05
	sasl.kerberos.ticket.renew.window.factor = 0.8
	sasl.login.callback.handler.class = null
	sasl.login.class = null
	sasl.login.connect.timeout.ms = null
	sasl.login.read.timeout.ms = null
	sasl.login.refresh.buffer.seconds = 300
	sasl.login.refresh.min.period.seconds = 60
	sasl.login.refresh.window.factor = 0.8
	sasl.login.refresh.window.jitter = 0.05
	sasl.login.retry.backoff.max.ms = 10000
	sasl.login.retry.backoff.ms = 100
	sasl.mechanism = GSSAPI
	sasl.oauthbearer.clock.skew.seconds = 30
	sasl.oauthbearer.expected.audience = null
	sasl.oauthbearer.expected.issuer = null
	sasl.oauthbearer.jwks.endpoint.refresh.ms = 3600000
	sasl.oauthbearer.jwks.endpoint.retry.backoff.max.ms = 10000
	sasl.oauthbearer.jwks.endpoint.retry.backoff.ms = 100
	sasl.oauthbearer.jwks.endpoint.url = null
	sasl.oauthbearer.scope.claim.name = scope
	sasl.oauthbearer.sub.claim.name = sub
	sasl.oauthbearer.token.endpoint.url = null
	security.protocol = PLAINTEXT
	security.providers = null
	send.buffer.bytes = 131072
	session.timeout.ms = 45000
	socket.connection.setup.timeout.max.ms = 30000
	socket.connection.setup.timeout.ms = 10000
	ssl.cipher.suites = null
	ssl.enabled.protocols = [TLSv1.2, TLSv1.3]
	ssl.endpoint.identification.algorithm = https
	ssl.engine.factory.class = null
	ssl.key.password = null
	ssl.keymanager.algorithm = SunX509
	ssl.keystore.certificate.chain = null
	ssl.keystore.key = null
	ssl.keystore.location = null
	ssl.keystore.password = null
	ssl.keystore.type = JKS
	ssl.protocol = TLSv1.3
	ssl.provider = null
	ssl.secure.random.implementation = null
	ssl.trustmanager.algorithm = PKIX
	ssl.truststore.certificates = null
	ssl.truststore.location = null
	ssl.truststore.password = null
	ssl.truststore.type = JKS
	value.deserializer = class org.apache.kafka.common.serialization.StringDeserializer
 
2025-02-17 13:43:28.961  INFO [org.apache.kafka.common.utils.AppInfoParser:119] Kafka version: 3.5.1 
2025-02-17 13:43:28.962  INFO [org.apache.kafka.common.utils.AppInfoParser:120] Kafka commitId: 2c6fb6c54472e90a 
2025-02-17 13:43:28.962  INFO [org.apache.kafka.common.utils.AppInfoParser:121] Kafka startTimeMs: 1739792608957 
2025-02-17 13:43:28.970  INFO [org.apache.kafka.clients.consumer.KafkaConsumer:980] [Consumer clientId=consumer-item_group-1, groupId=item_group] Subscribed to topic(s): Item_Topic 
2025-02-17 13:43:29.005  INFO [org.apache.kafka.clients.consumer.ConsumerConfig:369] ConsumerConfig values: 
	allow.auto.create.topics = true
	auto.commit.interval.ms = 5000
	auto.include.jmx.reporter = true
	auto.offset.reset = latest
	bootstrap.servers = [localhost:9092]
	check.crcs = true
	client.dns.lookup = use_all_dns_ips
	client.id = consumer-item_group-2
	client.rack = 
	connections.max.idle.ms = 540000
	default.api.timeout.ms = 60000
	enable.auto.commit = false
	exclude.internal.topics = true
	fetch.max.bytes = 52428800
	fetch.max.wait.ms = 500
	fetch.min.bytes = 1
	group.id = item_group
	group.instance.id = null
	heartbeat.interval.ms = 3000
	interceptor.classes = []
	internal.leave.group.on.close = true
	internal.throw.on.fetch.stable.offset.unsupported = false
	isolation.level = read_uncommitted
	key.deserializer = class org.apache.kafka.common.serialization.StringDeserializer
	max.partition.fetch.bytes = 1048576
	max.poll.interval.ms = 300000
	max.poll.records = 500
	metadata.max.age.ms = 300000
	metric.reporters = []
	metrics.num.samples = 2
	metrics.recording.level = INFO
	metrics.sample.window.ms = 30000
	partition.assignment.strategy = [class org.apache.kafka.clients.consumer.RangeAssignor, class org.apache.kafka.clients.consumer.CooperativeStickyAssignor]
	receive.buffer.bytes = 65536
	reconnect.backoff.max.ms = 1000
	reconnect.backoff.ms = 50
	request.timeout.ms = 30000
	retry.backoff.ms = 100
	sasl.client.callback.handler.class = null
	sasl.jaas.config = null
	sasl.kerberos.kinit.cmd = /usr/bin/kinit
	sasl.kerberos.min.time.before.relogin = 60000
	sasl.kerberos.service.name = null
	sasl.kerberos.ticket.renew.jitter = 0.05
	sasl.kerberos.ticket.renew.window.factor = 0.8
	sasl.login.callback.handler.class = null
	sasl.login.class = null
	sasl.login.connect.timeout.ms = null
	sasl.login.read.timeout.ms = null
	sasl.login.refresh.buffer.seconds = 300
	sasl.login.refresh.min.period.seconds = 60
	sasl.login.refresh.window.factor = 0.8
	sasl.login.refresh.window.jitter = 0.05
	sasl.login.retry.backoff.max.ms = 10000
	sasl.login.retry.backoff.ms = 100
	sasl.mechanism = GSSAPI
	sasl.oauthbearer.clock.skew.seconds = 30
	sasl.oauthbearer.expected.audience = null
	sasl.oauthbearer.expected.issuer = null
	sasl.oauthbearer.jwks.endpoint.refresh.ms = 3600000
	sasl.oauthbearer.jwks.endpoint.retry.backoff.max.ms = 10000
	sasl.oauthbearer.jwks.endpoint.retry.backoff.ms = 100
	sasl.oauthbearer.jwks.endpoint.url = null
	sasl.oauthbearer.scope.claim.name = scope
	sasl.oauthbearer.sub.claim.name = sub
	sasl.oauthbearer.token.endpoint.url = null
	security.protocol = PLAINTEXT
	security.providers = null
	send.buffer.bytes = 131072
	session.timeout.ms = 45000
	socket.connection.setup.timeout.max.ms = 30000
	socket.connection.setup.timeout.ms = 10000
	ssl.cipher.suites = null
	ssl.enabled.protocols = [TLSv1.2, TLSv1.3]
	ssl.endpoint.identification.algorithm = https
	ssl.engine.factory.class = null
	ssl.key.password = null
	ssl.keymanager.algorithm = SunX509
	ssl.keystore.certificate.chain = null
	ssl.keystore.key = null
	ssl.keystore.location = null
	ssl.keystore.password = null
	ssl.keystore.type = JKS
	ssl.protocol = TLSv1.3
	ssl.provider = null
	ssl.secure.random.implementation = null
	ssl.trustmanager.algorithm = PKIX
	ssl.truststore.certificates = null
	ssl.truststore.location = null
	ssl.truststore.password = null
	ssl.truststore.type = JKS
	value.deserializer = class org.apache.kafka.common.serialization.StringDeserializer
 
2025-02-17 13:43:29.025  INFO [org.apache.kafka.common.utils.AppInfoParser:119] Kafka version: 3.5.1 
2025-02-17 13:43:29.026  INFO [org.apache.kafka.common.utils.AppInfoParser:120] Kafka commitId: 2c6fb6c54472e90a 
2025-02-17 13:43:29.026  INFO [org.apache.kafka.common.utils.AppInfoParser:121] Kafka startTimeMs: 1739792609025 
2025-02-17 13:43:29.027  INFO [org.apache.kafka.clients.consumer.KafkaConsumer:980] [Consumer clientId=consumer-item_group-2, groupId=item_group] Subscribed to topic(s): Item_Topic 
2025-02-17 13:43:29.034  INFO [org.apache.kafka.clients.consumer.ConsumerConfig:369] ConsumerConfig values: 
	allow.auto.create.topics = true
	auto.commit.interval.ms = 5000
	auto.include.jmx.reporter = true
	auto.offset.reset = latest
	bootstrap.servers = [localhost:9092]
	check.crcs = true
	client.dns.lookup = use_all_dns_ips
	client.id = consumer-item_group-3
	client.rack = 
	connections.max.idle.ms = 540000
	default.api.timeout.ms = 60000
	enable.auto.commit = false
	exclude.internal.topics = true
	fetch.max.bytes = 52428800
	fetch.max.wait.ms = 500
	fetch.min.bytes = 1
	group.id = item_group
	group.instance.id = null
	heartbeat.interval.ms = 3000
	interceptor.classes = []
	internal.leave.group.on.close = true
	internal.throw.on.fetch.stable.offset.unsupported = false
	isolation.level = read_uncommitted
	key.deserializer = class org.apache.kafka.common.serialization.StringDeserializer
	max.partition.fetch.bytes = 1048576
	max.poll.interval.ms = 300000
	max.poll.records = 500
	metadata.max.age.ms = 300000
	metric.reporters = []
	metrics.num.samples = 2
	metrics.recording.level = INFO
	metrics.sample.window.ms = 30000
	partition.assignment.strategy = [class org.apache.kafka.clients.consumer.RangeAssignor, class org.apache.kafka.clients.consumer.CooperativeStickyAssignor]
	receive.buffer.bytes = 65536
	reconnect.backoff.max.ms = 1000
	reconnect.backoff.ms = 50
	request.timeout.ms = 30000
	retry.backoff.ms = 100
	sasl.client.callback.handler.class = null
	sasl.jaas.config = null
	sasl.kerberos.kinit.cmd = /usr/bin/kinit
	sasl.kerberos.min.time.before.relogin = 60000
	sasl.kerberos.service.name = null
	sasl.kerberos.ticket.renew.jitter = 0.05
	sasl.kerberos.ticket.renew.window.factor = 0.8
	sasl.login.callback.handler.class = null
	sasl.login.class = null
	sasl.login.connect.timeout.ms = null
	sasl.login.read.timeout.ms = null
	sasl.login.refresh.buffer.seconds = 300
	sasl.login.refresh.min.period.seconds = 60
	sasl.login.refresh.window.factor = 0.8
	sasl.login.refresh.window.jitter = 0.05
	sasl.login.retry.backoff.max.ms = 10000
	sasl.login.retry.backoff.ms = 100
	sasl.mechanism = GSSAPI
	sasl.oauthbearer.clock.skew.seconds = 30
	sasl.oauthbearer.expected.audience = null
	sasl.oauthbearer.expected.issuer = null
	sasl.oauthbearer.jwks.endpoint.refresh.ms = 3600000
	sasl.oauthbearer.jwks.endpoint.retry.backoff.max.ms = 10000
	sasl.oauthbearer.jwks.endpoint.retry.backoff.ms = 100
	sasl.oauthbearer.jwks.endpoint.url = null
	sasl.oauthbearer.scope.claim.name = scope
	sasl.oauthbearer.sub.claim.name = sub
	sasl.oauthbearer.token.endpoint.url = null
	security.protocol = PLAINTEXT
	security.providers = null
	send.buffer.bytes = 131072
	session.timeout.ms = 45000
	socket.connection.setup.timeout.max.ms = 30000
	socket.connection.setup.timeout.ms = 10000
	ssl.cipher.suites = null
	ssl.enabled.protocols = [TLSv1.2, TLSv1.3]
	ssl.endpoint.identification.algorithm = https
	ssl.engine.factory.class = null
	ssl.key.password = null
	ssl.keymanager.algorithm = SunX509
	ssl.keystore.certificate.chain = null
	ssl.keystore.key = null
	ssl.keystore.location = null
	ssl.keystore.password = null
	ssl.keystore.type = JKS
	ssl.protocol = TLSv1.3
	ssl.provider = null
	ssl.secure.random.implementation = null
	ssl.trustmanager.algorithm = PKIX
	ssl.truststore.certificates = null
	ssl.truststore.location = null
	ssl.truststore.password = null
	ssl.truststore.type = JKS
	value.deserializer = class org.apache.kafka.common.serialization.StringDeserializer
 
2025-02-17 13:43:29.045  INFO [org.apache.kafka.common.utils.AppInfoParser:119] Kafka version: 3.5.1 
2025-02-17 13:43:29.046  INFO [org.apache.kafka.common.utils.AppInfoParser:120] Kafka commitId: 2c6fb6c54472e90a 
2025-02-17 13:43:29.046  INFO [org.apache.kafka.common.utils.AppInfoParser:121] Kafka startTimeMs: 1739792609045 
2025-02-17 13:43:29.046  INFO [org.apache.kafka.clients.consumer.KafkaConsumer:980] [Consumer clientId=consumer-item_group-3, groupId=item_group] Subscribed to topic(s): Item_Topic 
2025-02-17 13:43:29.050  INFO [org.apache.coyote.http11.Http11NioProtocol:173] Starting ProtocolHandler ["http-nio-8081"] 
2025-02-17 13:43:29.081  INFO [org.springframework.boot.web.embedded.tomcat.TomcatWebServer:220] Tomcat started on port(s): 8081 (http) with context path '' 
2025-02-17 13:43:29.109  INFO [za.co.woolworths.itemkafka_poc.KafkaItemProducerPocApplication:61] Started KafkaItemProducerPocApplication in 12.893 seconds (JVM running for 13.92) 
2025-02-17 13:43:29.720  INFO [org.apache.kafka.clients.Metadata:287] [Consumer clientId=consumer-item_group-1, groupId=item_group] Cluster ID: 241EXJnpTO6SXdisTDqE6g 
2025-02-17 13:43:29.720  INFO [org.apache.kafka.clients.Metadata:287] [Consumer clientId=consumer-item_group-2, groupId=item_group] Cluster ID: 241EXJnpTO6SXdisTDqE6g 
2025-02-17 13:43:29.720  INFO [org.apache.kafka.clients.Metadata:287] [Consumer clientId=consumer-item_group-3, groupId=item_group] Cluster ID: 241EXJnpTO6SXdisTDqE6g 
2025-02-17 13:43:29.726  INFO [org.apache.kafka.clients.consumer.internals.ConsumerCoordinator:906] [Consumer clientId=consumer-item_group-3, groupId=item_group] Discovered group coordinator W49204302.mshome.net:9092 (id: 2147483647 rack: null) 
2025-02-17 13:43:29.726  INFO [org.apache.kafka.clients.consumer.internals.ConsumerCoordinator:906] [Consumer clientId=consumer-item_group-1, groupId=item_group] Discovered group coordinator W49204302.mshome.net:9092 (id: 2147483647 rack: null) 
2025-02-17 13:43:29.727  INFO [org.apache.kafka.clients.consumer.internals.ConsumerCoordinator:906] [Consumer clientId=consumer-item_group-2, groupId=item_group] Discovered group coordinator W49204302.mshome.net:9092 (id: 2147483647 rack: null) 
2025-02-17 13:43:29.736  INFO [org.apache.kafka.clients.consumer.internals.ConsumerCoordinator:576] [Consumer clientId=consumer-item_group-2, groupId=item_group] (Re-)joining group 
2025-02-17 13:43:29.736  INFO [org.apache.kafka.clients.consumer.internals.ConsumerCoordinator:576] [Consumer clientId=consumer-item_group-3, groupId=item_group] (Re-)joining group 
2025-02-17 13:43:29.736  INFO [org.apache.kafka.clients.consumer.internals.ConsumerCoordinator:576] [Consumer clientId=consumer-item_group-1, groupId=item_group] (Re-)joining group 
2025-02-17 13:43:29.767  INFO [org.apache.kafka.clients.consumer.internals.ConsumerCoordinator:1072] [Consumer clientId=consumer-item_group-2, groupId=item_group] Request joining group due to: need to re-join with the given member-id: consumer-item_group-2-b778925b-8d99-4c42-8fd1-8a54f108f6bf 
2025-02-17 13:43:29.767  INFO [org.apache.kafka.clients.consumer.internals.ConsumerCoordinator:1072] [Consumer clientId=consumer-item_group-3, groupId=item_group] Request joining group due to: need to re-join with the given member-id: consumer-item_group-3-403d8a73-a9c3-49f7-a47f-eb7d8ef8d9c0 
2025-02-17 13:43:29.768  INFO [org.apache.kafka.clients.consumer.internals.ConsumerCoordinator:1072] [Consumer clientId=consumer-item_group-2, groupId=item_group] Request joining group due to: rebalance failed due to 'The group member needs to have a valid member id before actually entering a consumer group.' (MemberIdRequiredException) 
2025-02-17 13:43:29.768  INFO [org.apache.kafka.clients.consumer.internals.ConsumerCoordinator:1072] [Consumer clientId=consumer-item_group-1, groupId=item_group] Request joining group due to: need to re-join with the given member-id: consumer-item_group-1-3fd338d8-0e84-4a17-8765-19b374f2348a 
2025-02-17 13:43:29.769  INFO [org.apache.kafka.clients.consumer.internals.ConsumerCoordinator:576] [Consumer clientId=consumer-item_group-2, groupId=item_group] (Re-)joining group 
2025-02-17 13:43:29.769  INFO [org.apache.kafka.clients.consumer.internals.ConsumerCoordinator:1072] [Consumer clientId=consumer-item_group-3, groupId=item_group] Request joining group due to: rebalance failed due to 'The group member needs to have a valid member id before actually entering a consumer group.' (MemberIdRequiredException) 
2025-02-17 13:43:29.770  INFO [org.apache.kafka.clients.consumer.internals.ConsumerCoordinator:1072] [Consumer clientId=consumer-item_group-1, groupId=item_group] Request joining group due to: rebalance failed due to 'The group member needs to have a valid member id before actually entering a consumer group.' (MemberIdRequiredException) 
2025-02-17 13:43:29.770  INFO [org.apache.kafka.clients.consumer.internals.ConsumerCoordinator:576] [Consumer clientId=consumer-item_group-3, groupId=item_group] (Re-)joining group 
2025-02-17 13:43:29.770  INFO [org.apache.kafka.clients.consumer.internals.ConsumerCoordinator:576] [Consumer clientId=consumer-item_group-1, groupId=item_group] (Re-)joining group 
2025-02-17 13:43:29.775  INFO [org.apache.kafka.clients.consumer.internals.ConsumerCoordinator:637] [Consumer clientId=consumer-item_group-2, groupId=item_group] Successfully joined group with generation Generation{generationId=73, memberId='consumer-item_group-2-b778925b-8d99-4c42-8fd1-8a54f108f6bf', protocol='range'} 
2025-02-17 13:43:29.775  INFO [org.apache.kafka.clients.consumer.internals.ConsumerCoordinator:637] [Consumer clientId=consumer-item_group-3, groupId=item_group] Successfully joined group with generation Generation{generationId=73, memberId='consumer-item_group-3-403d8a73-a9c3-49f7-a47f-eb7d8ef8d9c0', protocol='range'} 
2025-02-17 13:43:29.782  INFO [org.apache.kafka.clients.consumer.internals.ConsumerCoordinator:836] [Consumer clientId=consumer-item_group-3, groupId=item_group] SyncGroup failed: The group began another rebalance. Need to re-join the group. Sent generation was Generation{generationId=73, memberId='consumer-item_group-3-403d8a73-a9c3-49f7-a47f-eb7d8ef8d9c0', protocol='range'} 
2025-02-17 13:43:29.782  INFO [org.apache.kafka.clients.consumer.internals.ConsumerCoordinator:1072] [Consumer clientId=consumer-item_group-3, groupId=item_group] Request joining group due to: rebalance failed due to 'The group is rebalancing, so a rejoin is needed.' (RebalanceInProgressException) 
2025-02-17 13:43:29.783  INFO [org.apache.kafka.clients.consumer.internals.ConsumerCoordinator:576] [Consumer clientId=consumer-item_group-3, groupId=item_group] (Re-)joining group 
2025-02-17 13:43:29.787  INFO [org.apache.kafka.clients.consumer.internals.ConsumerCoordinator:712] [Consumer clientId=consumer-item_group-2, groupId=item_group] Finished assignment for group at generation 73: {consumer-item_group-3-403d8a73-a9c3-49f7-a47f-eb7d8ef8d9c0=Assignment(partitions=[]), consumer-item_group-2-b778925b-8d99-4c42-8fd1-8a54f108f6bf=Assignment(partitions=[Item_Topic-0])} 
2025-02-17 13:43:29.794  INFO [org.apache.kafka.clients.consumer.internals.ConsumerCoordinator:836] [Consumer clientId=consumer-item_group-2, groupId=item_group] SyncGroup failed: The group began another rebalance. Need to re-join the group. Sent generation was Generation{generationId=73, memberId='consumer-item_group-2-b778925b-8d99-4c42-8fd1-8a54f108f6bf', protocol='range'} 
2025-02-17 13:43:29.795  INFO [org.apache.kafka.clients.consumer.internals.ConsumerCoordinator:1072] [Consumer clientId=consumer-item_group-2, groupId=item_group] Request joining group due to: rebalance failed due to 'The group is rebalancing, so a rejoin is needed.' (RebalanceInProgressException) 
2025-02-17 13:43:29.795  INFO [org.apache.kafka.clients.consumer.internals.ConsumerCoordinator:576] [Consumer clientId=consumer-item_group-2, groupId=item_group] (Re-)joining group 
2025-02-17 13:43:29.798  INFO [org.apache.kafka.clients.consumer.internals.ConsumerCoordinator:637] [Consumer clientId=consumer-item_group-1, groupId=item_group] Successfully joined group with generation Generation{generationId=74, memberId='consumer-item_group-1-3fd338d8-0e84-4a17-8765-19b374f2348a', protocol='range'} 
2025-02-17 13:43:29.798  INFO [org.apache.kafka.clients.consumer.internals.ConsumerCoordinator:637] [Consumer clientId=consumer-item_group-3, groupId=item_group] Successfully joined group with generation Generation{generationId=74, memberId='consumer-item_group-3-403d8a73-a9c3-49f7-a47f-eb7d8ef8d9c0', protocol='range'} 
2025-02-17 13:43:29.799  INFO [org.apache.kafka.clients.consumer.internals.ConsumerCoordinator:637] [Consumer clientId=consumer-item_group-2, groupId=item_group] Successfully joined group with generation Generation{generationId=74, memberId='consumer-item_group-2-b778925b-8d99-4c42-8fd1-8a54f108f6bf', protocol='range'} 
2025-02-17 13:43:29.801  INFO [org.apache.kafka.clients.consumer.internals.ConsumerCoordinator:712] [Consumer clientId=consumer-item_group-2, groupId=item_group] Finished assignment for group at generation 74: {consumer-item_group-1-3fd338d8-0e84-4a17-8765-19b374f2348a=Assignment(partitions=[Item_Topic-0]), consumer-item_group-3-403d8a73-a9c3-49f7-a47f-eb7d8ef8d9c0=Assignment(partitions=[]), consumer-item_group-2-b778925b-8d99-4c42-8fd1-8a54f108f6bf=Assignment(partitions=[])} 
2025-02-17 13:43:29.806  INFO [org.apache.kafka.clients.consumer.internals.ConsumerCoordinator:812] [Consumer clientId=consumer-item_group-3, groupId=item_group] Successfully synced group in generation Generation{generationId=74, memberId='consumer-item_group-3-403d8a73-a9c3-49f7-a47f-eb7d8ef8d9c0', protocol='range'} 
2025-02-17 13:43:29.806  INFO [org.apache.kafka.clients.consumer.internals.ConsumerCoordinator:812] [Consumer clientId=consumer-item_group-2, groupId=item_group] Successfully synced group in generation Generation{generationId=74, memberId='consumer-item_group-2-b778925b-8d99-4c42-8fd1-8a54f108f6bf', protocol='range'} 
2025-02-17 13:43:29.806  INFO [org.apache.kafka.clients.consumer.internals.ConsumerCoordinator:812] [Consumer clientId=consumer-item_group-1, groupId=item_group] Successfully synced group in generation Generation{generationId=74, memberId='consumer-item_group-1-3fd338d8-0e84-4a17-8765-19b374f2348a', protocol='range'} 
2025-02-17 13:43:29.808  INFO [org.apache.kafka.clients.consumer.internals.ConsumerCoordinator:307] [Consumer clientId=consumer-item_group-3, groupId=item_group] Notifying assignor about the new Assignment(partitions=[]) 
2025-02-17 13:43:29.808  INFO [org.apache.kafka.clients.consumer.internals.ConsumerCoordinator:307] [Consumer clientId=consumer-item_group-2, groupId=item_group] Notifying assignor about the new Assignment(partitions=[]) 
2025-02-17 13:43:29.808  INFO [org.apache.kafka.clients.consumer.internals.ConsumerCoordinator:307] [Consumer clientId=consumer-item_group-1, groupId=item_group] Notifying assignor about the new Assignment(partitions=[Item_Topic-0]) 
2025-02-17 13:43:29.809  INFO [org.apache.kafka.clients.consumer.internals.ConsumerCoordinator:319] [Consumer clientId=consumer-item_group-3, groupId=item_group] Adding newly assigned partitions:  
2025-02-17 13:43:29.809  INFO [org.apache.kafka.clients.consumer.internals.ConsumerCoordinator:319] [Consumer clientId=consumer-item_group-2, groupId=item_group] Adding newly assigned partitions:  
2025-02-17 13:43:29.812  INFO [org.springframework.kafka.listener.KafkaMessageListenerContainer:292] item_group: partitions assigned: [] 
2025-02-17 13:43:29.812  INFO [org.springframework.kafka.listener.KafkaMessageListenerContainer:292] item_group: partitions assigned: [] 
2025-02-17 13:43:29.815  INFO [org.apache.kafka.clients.consumer.internals.ConsumerCoordinator:319] [Consumer clientId=consumer-item_group-1, groupId=item_group] Adding newly assigned partitions: Item_Topic-0 
2025-02-17 13:43:29.828  INFO [org.apache.kafka.clients.consumer.internals.ConsumerCoordinator:975] [Consumer clientId=consumer-item_group-1, groupId=item_group] Setting offset for partition Item_Topic-0 to the committed offset FetchPosition{offset=100, offsetEpoch=Optional.empty, currentLeader=LeaderAndEpoch{leader=Optional[W49204302.mshome.net:9092 (id: 0 rack: null)], epoch=0}} 
2025-02-17 13:43:29.829  INFO [org.springframework.kafka.listener.KafkaMessageListenerContainer:292] item_group: partitions assigned: [Item_Topic-0] 
2025-02-17 13:43:38.962  INFO [org.apache.catalina.core.ContainerBase.[Tomcat].[localhost].[/]:173] Initializing Spring DispatcherServlet 'dispatcherServlet' 
2025-02-17 13:43:38.963  INFO [org.springframework.web.servlet.DispatcherServlet:525] Initializing Servlet 'dispatcherServlet' 
2025-02-17 13:43:38.964 DEBUG [org.springframework.web.servlet.DispatcherServlet:520] Detected StandardServletMultipartResolver 
2025-02-17 13:43:38.964 DEBUG [org.springframework.web.servlet.DispatcherServlet:544] Detected AcceptHeaderLocaleResolver 
2025-02-17 13:43:38.965 DEBUG [org.springframework.web.servlet.DispatcherServlet:569] Detected FixedThemeResolver 
2025-02-17 13:43:38.966 DEBUG [org.springframework.web.servlet.DispatcherServlet:719] Detected org.springframework.web.servlet.view.DefaultRequestToViewNameTranslator@2981064d 
2025-02-17 13:43:38.967 DEBUG [org.springframework.web.servlet.DispatcherServlet:783] Detected org.springframework.web.servlet.support.SessionFlashMapManager@56f569e 
2025-02-17 13:43:38.967 DEBUG [org.springframework.web.servlet.DispatcherServlet:542] enableLoggingRequestDetails='false': request parameters and headers will be masked to prevent unsafe logging of potentially sensitive data 
2025-02-17 13:43:38.968  INFO [org.springframework.web.servlet.DispatcherServlet:547] Completed initialization in 5 ms 
2025-02-17 13:43:38.983 DEBUG [org.springframework.web.servlet.DispatcherServlet:119] POST "/flink/start-simple-job", parameters={} 
2025-02-17 13:43:38.993 DEBUG [org.springframework.web.servlet.mvc.method.annotation.RequestMappingHandlerMapping:522] Mapped to za.co.woolworths.itemkafka_poc.controller.FlinkJobController#triggerFlinkSimpleJob() 
2025-02-17 13:44:01.439  INFO [org.apache.flink.runtime.taskexecutor.TaskExecutorResourceUtils:274] The configuration option taskmanager.cpu.cores required for local execution is not set, setting it to the maximal possible value. 
2025-02-17 13:44:01.441  INFO [org.apache.flink.runtime.taskexecutor.TaskExecutorResourceUtils:274] The configuration option taskmanager.memory.task.heap.size required for local execution is not set, setting it to the maximal possible value. 
2025-02-17 13:44:01.443  INFO [org.apache.flink.runtime.taskexecutor.TaskExecutorResourceUtils:274] The configuration option taskmanager.memory.task.off-heap.size required for local execution is not set, setting it to the maximal possible value. 
2025-02-17 13:44:01.448  INFO [org.apache.flink.runtime.taskexecutor.TaskExecutorResourceUtils:274] The configuration option taskmanager.memory.network.min required for local execution is not set, setting it to its default value 64 mb. 
2025-02-17 13:44:01.450  INFO [org.apache.flink.runtime.taskexecutor.TaskExecutorResourceUtils:274] The configuration option taskmanager.memory.network.max required for local execution is not set, setting it to its default value 64 mb. 
2025-02-17 13:44:01.452  INFO [org.apache.flink.runtime.taskexecutor.TaskExecutorResourceUtils:274] The configuration option taskmanager.memory.managed.size required for local execution is not set, setting it to its default value 128 mb. 
2025-02-17 13:44:01.496  INFO [org.apache.flink.runtime.minicluster.MiniCluster:324] Starting Flink Mini Cluster 
2025-02-17 13:44:03.524  INFO [org.apache.flink.runtime.minicluster.MiniCluster:343] Starting Metrics Registry 
2025-02-17 13:44:03.875  INFO [org.apache.flink.runtime.metrics.MetricRegistryImpl:177] No metrics reporter configured, no metrics will be exposed/reported. 
2025-02-17 13:44:03.877  INFO [org.apache.flink.runtime.metrics.MetricRegistryImpl:240] No trace reporter configured, no metrics will be exposed/reported. 
2025-02-17 13:44:03.878  INFO [org.apache.flink.runtime.minicluster.MiniCluster:350] Starting RPC Service(s) 
2025-02-17 13:44:04.018  INFO [org.apache.flink.runtime.rpc.pekko.PekkoRpcServiceUtils:225] Trying to start local actor system 
2025-02-17 13:44:07.983  INFO [org.apache.pekko.event.slf4j.Slf4jLogger:117] Slf4jLogger started 
2025-02-17 13:44:08.664  INFO [org.apache.flink.runtime.rpc.pekko.PekkoRpcServiceUtils:255] Actor system started at pekko://flink 
2025-02-17 13:44:08.865  INFO [org.apache.flink.runtime.rpc.pekko.PekkoRpcServiceUtils:225] Trying to start local actor system 
2025-02-17 13:44:09.017  INFO [org.apache.pekko.event.slf4j.Slf4jLogger:117] Slf4jLogger started 
2025-02-17 13:44:09.098  INFO [org.apache.flink.runtime.rpc.pekko.PekkoRpcServiceUtils:255] Actor system started at pekko://flink-metrics 
2025-02-17 13:44:09.208  INFO [org.apache.flink.runtime.rpc.pekko.PekkoRpcService:273] Starting RPC endpoint for org.apache.flink.runtime.metrics.dump.MetricQueryService at pekko://flink-metrics/user/rpc/MetricQueryService . 
2025-02-17 13:44:09.368  WARN [org.apache.flink.runtime.rpc.pekko.SupervisorActor:144] RpcActor pekko://flink-metrics/user/rpc/MetricQueryService has failed. Shutting it down now. java.lang.NullPointerException: null
	at java.base/java.util.HashMap.putMapEntries(HashMap.java:496)
	at java.base/java.util.HashMap.putAll(HashMap.java:780)
	at java.base/java.util.Collections$SynchronizedMap.putAll(Collections.java:2602)
	at ch.qos.logback.classic.util.LogbackMDCAdapter.setContextMap(LogbackMDCAdapter.java:197)
	at org.slf4j.MDC.setContextMap(MDC.java:264)
	at org.apache.flink.util.MdcUtils.lambda$withContext$0(MdcUtils.java:48)
	at org.apache.flink.runtime.rpc.pekko.PekkoRpcActor.handleControlMessage(PekkoRpcActor.java:208)
	at org.apache.pekko.japi.pf.UnitCaseStatement.apply(CaseStatements.scala:33)
	at org.apache.pekko.japi.pf.UnitCaseStatement.apply(CaseStatements.scala:29)
	at scala.PartialFunction.applyOrElse(PartialFunction.scala:127)
	at scala.PartialFunction.applyOrElse$(PartialFunction.scala:126)
	at org.apache.pekko.japi.pf.UnitCaseStatement.applyOrElse(CaseStatements.scala:29)
	at scala.PartialFunction$OrElse.applyOrElse(PartialFunction.scala:175)
	at scala.PartialFunction$OrElse.applyOrElse(PartialFunction.scala:176)
	at org.apache.pekko.actor.Actor.aroundReceive(Actor.scala:547)
	at org.apache.pekko.actor.Actor.aroundReceive$(Actor.scala:545)
	at org.apache.pekko.actor.AbstractActor.aroundReceive(AbstractActor.scala:229)
	at org.apache.pekko.actor.ActorCell.receiveMessage(ActorCell.scala:590)
	at org.apache.pekko.actor.ActorCell.invoke(ActorCell.scala:557)
	at org.apache.pekko.dispatch.Mailbox.processMailbox(Mailbox.scala:280)
	at org.apache.pekko.dispatch.Mailbox.run(Mailbox.scala:241)
	at java.base/java.util.concurrent.ThreadPoolExecutor.runWorker(ThreadPoolExecutor.java:1128)
	at java.base/java.util.concurrent.ThreadPoolExecutor$Worker.run(ThreadPoolExecutor.java:628)
	at java.base/java.lang.Thread.run(Thread.java:834)

2025-02-17 13:44:09.399  INFO [org.apache.pekko.actor.CoordinatedShutdown:108] Running CoordinatedShutdown with reason [ActorSystemTerminateReason] 
2025-02-17 13:44:09.419  INFO [org.apache.flink.runtime.rpc.pekko.PekkoRpcActor:149] The RpcEndpoint MetricQueryService failed. java.lang.NullPointerException: null
	at java.base/java.util.HashMap.putMapEntries(HashMap.java:496)
	at java.base/java.util.HashMap.putAll(HashMap.java:780)
	at java.base/java.util.Collections$SynchronizedMap.putAll(Collections.java:2602)
	at ch.qos.logback.classic.util.LogbackMDCAdapter.setContextMap(LogbackMDCAdapter.java:197)
	at org.slf4j.MDC.setContextMap(MDC.java:264)
	at org.apache.flink.util.MdcUtils.lambda$withContext$0(MdcUtils.java:48)
	at org.apache.flink.runtime.rpc.pekko.PekkoRpcActor.handleControlMessage(PekkoRpcActor.java:208)
	at org.apache.pekko.japi.pf.UnitCaseStatement.apply(CaseStatements.scala:33)
	at org.apache.pekko.japi.pf.UnitCaseStatement.apply(CaseStatements.scala:29)
	at scala.PartialFunction.applyOrElse(PartialFunction.scala:127)
	at scala.PartialFunction.applyOrElse$(PartialFunction.scala:126)
	at org.apache.pekko.japi.pf.UnitCaseStatement.applyOrElse(CaseStatements.scala:29)
	at scala.PartialFunction$OrElse.applyOrElse(PartialFunction.scala:175)
	at scala.PartialFunction$OrElse.applyOrElse(PartialFunction.scala:176)
	at org.apache.pekko.actor.Actor.aroundReceive(Actor.scala:547)
	at org.apache.pekko.actor.Actor.aroundReceive$(Actor.scala:545)
	at org.apache.pekko.actor.AbstractActor.aroundReceive(AbstractActor.scala:229)
	at org.apache.pekko.actor.ActorCell.receiveMessage(ActorCell.scala:590)
	at org.apache.pekko.actor.ActorCell.invoke(ActorCell.scala:557)
	at org.apache.pekko.dispatch.Mailbox.processMailbox(Mailbox.scala:280)
	at org.apache.pekko.dispatch.Mailbox.run(Mailbox.scala:241)
	at java.base/java.util.concurrent.ThreadPoolExecutor.runWorker(ThreadPoolExecutor.java:1128)
	at java.base/java.util.concurrent.ThreadPoolExecutor$Worker.run(ThreadPoolExecutor.java:628)
	at java.base/java.lang.Thread.run(Thread.java:834)

2025-02-17 13:44:09.639  INFO [org.apache.flink.runtime.security.token.DefaultDelegationTokenManager:127] Loading delegation token providers 
2025-02-17 13:44:09.725  INFO [org.apache.flink.runtime.security.token.hadoop.HadoopFSDelegationTokenProvider:78] Hadoop FS is not available (not packaged with this application): NoClassDefFoundError : "org/apache/hadoop/conf/Configuration". 
2025-02-17 13:44:09.726  INFO [org.apache.flink.runtime.security.token.DefaultDelegationTokenManager:135] Delegation token provider hadoopfs loaded and initialized 
2025-02-17 13:44:09.770  INFO [org.apache.flink.runtime.security.token.DefaultDelegationTokenManager:135] Delegation token provider hbase loaded and initialized 
2025-02-17 13:44:09.772  INFO [org.apache.flink.runtime.security.token.DefaultDelegationTokenManager:165] Delegation token providers loaded successfully 
2025-02-17 13:44:09.785  INFO [org.apache.flink.runtime.security.token.DelegationTokenReceiverRepository:64] Loading delegation token receivers 
2025-02-17 13:44:09.852  INFO [org.apache.flink.runtime.security.token.DelegationTokenReceiverRepository:72] Delegation token receiver hadoopfs loaded and initialized 
2025-02-17 13:44:09.866  INFO [org.apache.flink.runtime.security.token.DelegationTokenReceiverRepository:72] Delegation token receiver hbase loaded and initialized 
2025-02-17 13:44:09.869  INFO [org.apache.flink.runtime.security.token.DelegationTokenReceiverRepository:101] Delegation token receivers loaded successfully 
2025-02-17 13:44:09.870  INFO [org.apache.flink.runtime.security.token.DefaultDelegationTokenManager:189] Checking provider and receiver instances consistency 
2025-02-17 13:44:09.871  INFO [org.apache.flink.runtime.security.token.DefaultDelegationTokenManager:209] Provider and receiver instances are consistent 
2025-02-17 13:44:09.873  INFO [org.apache.flink.runtime.security.token.DefaultDelegationTokenManager:240] Obtaining delegation tokens 
2025-02-17 13:44:09.895  INFO [org.apache.flink.runtime.security.token.DefaultDelegationTokenManager:243] Delegation tokens obtained successfully 
2025-02-17 13:44:09.897  WARN [org.apache.flink.runtime.security.token.DefaultDelegationTokenManager:248] No tokens obtained so skipping notifications 
2025-02-17 13:44:09.898  INFO [org.apache.flink.runtime.security.token.DelegationTokenReceiverRepository:64] Loading delegation token receivers 
2025-02-17 13:44:09.916  INFO [org.apache.flink.runtime.security.token.DelegationTokenReceiverRepository:72] Delegation token receiver hadoopfs loaded and initialized 
2025-02-17 13:44:09.918  INFO [org.apache.flink.runtime.security.token.DelegationTokenReceiverRepository:72] Delegation token receiver hbase loaded and initialized 
2025-02-17 13:44:09.919  INFO [org.apache.flink.runtime.security.token.DelegationTokenReceiverRepository:101] Delegation token receivers loaded successfully 
2025-02-17 13:44:10.217  INFO [org.apache.flink.runtime.blob.BlobServer:164] Created BLOB server storage directory C:\Users\w7178930\AppData\Local\Temp\minicluster_41219304d5e6f3ff5a83b420315b1940\blobStorage 
2025-02-17 13:44:10.272  INFO [org.apache.flink.runtime.blob.BlobServer:238] Started BLOB server at 0.0.0.0:58376 - max concurrent requests: 50 - max backlog: 1000 
2025-02-17 13:44:10.400  INFO [org.apache.flink.runtime.blob.PermanentBlobCache:93] Created BLOB cache storage directory C:\Users\w7178930\AppData\Local\Temp\minicluster_41219304d5e6f3ff5a83b420315b1940\blobStorage 
2025-02-17 13:44:10.420  INFO [org.apache.flink.runtime.blob.TransientBlobCache:93] Created BLOB cache storage directory C:\Users\w7178930\AppData\Local\Temp\minicluster_41219304d5e6f3ff5a83b420315b1940\blobStorage 
2025-02-17 13:44:10.427  INFO [org.apache.flink.runtime.minicluster.MiniCluster:745] Starting 1 TaskManager(s) 
2025-02-17 13:44:10.515  INFO [org.apache.flink.runtime.taskexecutor.TaskManagerRunner:609] Starting TaskManager with ResourceID: b7d15f17-f0c9-4027-a83a-09da1fb41615 
2025-02-17 13:44:11.016  INFO [org.apache.flink.runtime.taskexecutor.TaskManagerServices:553] Temporary file directory 'C:\Users\w7178930\AppData\Local\Temp': total 471 GB, usable 240 GB (50,96% usable) 
2025-02-17 13:44:11.119  INFO [org.apache.flink.runtime.io.disk.iomanager.IOManager:63] Created a new FileChannelManager for spilling of task related data to disk (joins, sorting, ...). Used directories:
	C:\Users\w7178930\AppData\Local\Temp\flink-io-b4c82888-95b2-4086-ae5c-23413c03ef8e 
2025-02-17 13:44:11.371  INFO [org.apache.flink.runtime.io.network.NettyShuffleServiceFactory:170] Created a new FileChannelManager for storing result partitions of BLOCKING shuffles. Used directories:
	C:\Users\w7178930\AppData\Local\Temp\flink-netty-shuffle-3f2267c8-cd54-440b-8a4f-abd0ac3d114f 
2025-02-17 13:44:11.627  INFO [org.apache.flink.runtime.io.network.buffer.NetworkBufferPool:156] Allocated 64 MB for network buffer pool (number of memory segments: 2048, bytes per segment: 32768). 
2025-02-17 13:44:11.913  INFO [org.apache.flink.runtime.io.network.NettyShuffleEnvironment:362] Starting the network environment and its components. 
2025-02-17 13:44:11.915  INFO [org.apache.flink.runtime.taskexecutor.TaskManagerServices:353] TaskManager data connection initialized successfully; listening internally on port: -1 
2025-02-17 13:44:11.945  INFO [org.apache.flink.runtime.taskexecutor.KvStateService:92] Starting the kvState service and its components. 
2025-02-17 13:44:12.905  INFO [org.apache.flink.configuration.Configuration:985] Config uses fallback configuration key 'pekko.ask.timeout' instead of key 'taskmanager.slot.timeout' 
2025-02-17 13:44:13.221  INFO [org.apache.flink.runtime.rpc.pekko.PekkoRpcService:273] Starting RPC endpoint for org.apache.flink.runtime.taskexecutor.TaskExecutor at pekko://flink/user/rpc/taskmanager_0 . 
2025-02-17 13:44:13.550  INFO [org.apache.flink.runtime.taskexecutor.DefaultJobLeaderService:127] Start job leader service. 
2025-02-17 13:44:13.554  INFO [org.apache.flink.runtime.filecache.FileCache:116] User file cache uses directory C:\Users\w7178930\AppData\Local\Temp\flink-dist-cache-554f15bd-6514-4d30-8391-34bd19d27b50 
2025-02-17 13:44:13.560  WARN [org.apache.flink.runtime.rpc.pekko.SupervisorActor:144] RpcActor pekko://flink/user/rpc/taskmanager_0 has failed. Shutting it down now. java.lang.NullPointerException: null
	at java.base/java.util.HashMap.putMapEntries(HashMap.java:496)
	at java.base/java.util.HashMap.putAll(HashMap.java:780)
	at java.base/java.util.Collections$SynchronizedMap.putAll(Collections.java:2602)
	at ch.qos.logback.classic.util.LogbackMDCAdapter.setContextMap(LogbackMDCAdapter.java:197)
	at org.slf4j.MDC.setContextMap(MDC.java:264)
	at org.apache.flink.util.MdcUtils.lambda$withContext$0(MdcUtils.java:48)
	at org.apache.flink.runtime.rpc.pekko.PekkoRpcActor.handleControlMessage(PekkoRpcActor.java:208)
	at org.apache.pekko.japi.pf.UnitCaseStatement.apply(CaseStatements.scala:33)
	at org.apache.pekko.japi.pf.UnitCaseStatement.apply(CaseStatements.scala:29)
	at scala.PartialFunction.applyOrElse(PartialFunction.scala:127)
	at scala.PartialFunction.applyOrElse$(PartialFunction.scala:126)
	at org.apache.pekko.japi.pf.UnitCaseStatement.applyOrElse(CaseStatements.scala:29)
	at scala.PartialFunction$OrElse.applyOrElse(PartialFunction.scala:175)
	at scala.PartialFunction$OrElse.applyOrElse(PartialFunction.scala:176)
	at org.apache.pekko.actor.Actor.aroundReceive(Actor.scala:547)
	at org.apache.pekko.actor.Actor.aroundReceive$(Actor.scala:545)
	at org.apache.pekko.actor.AbstractActor.aroundReceive(AbstractActor.scala:229)
	at org.apache.pekko.actor.ActorCell.receiveMessage(ActorCell.scala:590)
	at org.apache.pekko.actor.ActorCell.invoke(ActorCell.scala:557)
	at org.apache.pekko.dispatch.Mailbox.processMailbox(Mailbox.scala:280)
	at org.apache.pekko.dispatch.Mailbox.run(Mailbox.scala:241)
	at org.apache.pekko.dispatch.Mailbox.exec(Mailbox.scala:253)
	at java.base/java.util.concurrent.ForkJoinTask.doExec$$$capture(ForkJoinTask.java:290)
	at java.base/java.util.concurrent.ForkJoinTask.doExec(ForkJoinTask.java)
	at java.base/java.util.concurrent.ForkJoinPool$WorkQueue.topLevelExec(ForkJoinPool.java:1020)
	at java.base/java.util.concurrent.ForkJoinPool.scan(ForkJoinPool.java:1656)
	at java.base/java.util.concurrent.ForkJoinPool.runWorker(ForkJoinPool.java:1594)
	at java.base/java.util.concurrent.ForkJoinWorkerThread.run(ForkJoinWorkerThread.java:177)

2025-02-17 13:44:13.571  INFO [org.apache.pekko.actor.CoordinatedShutdown:108] Running CoordinatedShutdown with reason [ActorSystemTerminateReason] 
2025-02-17 13:44:13.574  INFO [org.apache.flink.runtime.rpc.pekko.PekkoRpcActor:149] The RpcEndpoint taskmanager_0 failed. java.lang.NullPointerException: null
	at java.base/java.util.HashMap.putMapEntries(HashMap.java:496)
	at java.base/java.util.HashMap.putAll(HashMap.java:780)
	at java.base/java.util.Collections$SynchronizedMap.putAll(Collections.java:2602)
	at ch.qos.logback.classic.util.LogbackMDCAdapter.setContextMap(LogbackMDCAdapter.java:197)
	at org.slf4j.MDC.setContextMap(MDC.java:264)
	at org.apache.flink.util.MdcUtils.lambda$withContext$0(MdcUtils.java:48)
	at org.apache.flink.runtime.rpc.pekko.PekkoRpcActor.handleControlMessage(PekkoRpcActor.java:208)
	at org.apache.pekko.japi.pf.UnitCaseStatement.apply(CaseStatements.scala:33)
	at org.apache.pekko.japi.pf.UnitCaseStatement.apply(CaseStatements.scala:29)
	at scala.PartialFunction.applyOrElse(PartialFunction.scala:127)
	at scala.PartialFunction.applyOrElse$(PartialFunction.scala:126)
	at org.apache.pekko.japi.pf.UnitCaseStatement.applyOrElse(CaseStatements.scala:29)
	at scala.PartialFunction$OrElse.applyOrElse(PartialFunction.scala:175)
	at scala.PartialFunction$OrElse.applyOrElse(PartialFunction.scala:176)
	at org.apache.pekko.actor.Actor.aroundReceive(Actor.scala:547)
	at org.apache.pekko.actor.Actor.aroundReceive$(Actor.scala:545)
	at org.apache.pekko.actor.AbstractActor.aroundReceive(AbstractActor.scala:229)
	at org.apache.pekko.actor.ActorCell.receiveMessage(ActorCell.scala:590)
	at org.apache.pekko.actor.ActorCell.invoke(ActorCell.scala:557)
	at org.apache.pekko.dispatch.Mailbox.processMailbox(Mailbox.scala:280)
	at org.apache.pekko.dispatch.Mailbox.run(Mailbox.scala:241)
	at org.apache.pekko.dispatch.Mailbox.exec(Mailbox.scala:253)
	at java.base/java.util.concurrent.ForkJoinTask.doExec$$$capture(ForkJoinTask.java:290)
	at java.base/java.util.concurrent.ForkJoinTask.doExec(ForkJoinTask.java)
	at java.base/java.util.concurrent.ForkJoinPool$WorkQueue.topLevelExec(ForkJoinPool.java:1020)
	at java.base/java.util.concurrent.ForkJoinPool.scan(ForkJoinPool.java:1656)
	at java.base/java.util.concurrent.ForkJoinPool.runWorker(ForkJoinPool.java:1594)
	at java.base/java.util.concurrent.ForkJoinWorkerThread.run(ForkJoinWorkerThread.java:177)

2025-02-17 13:44:15.359  INFO [org.apache.flink.runtime.dispatcher.DispatcherRestEndpoint:182] Starting rest endpoint. 
2025-02-17 13:44:15.397  INFO [org.apache.flink.runtime.dispatcher.DispatcherRestEndpoint:124] Failed to load web based job submission extension. Probable reason: flink-runtime-web is not in the classpath. 
2025-02-17 13:44:23.680  WARN [org.apache.flink.runtime.webmonitor.WebMonitorUtils:76] Log file environment variable 'log.file' is not set. 
2025-02-17 13:44:23.682  WARN [org.apache.flink.runtime.webmonitor.WebMonitorUtils:82] JobManager log files are unavailable in the web dashboard. Log file location not found in environment variable 'log.file' or configuration key 'web.log.path'. 
2025-02-17 13:44:28.235  INFO [org.apache.flink.runtime.dispatcher.DispatcherRestEndpoint:308] Rest endpoint listening at localhost:58443 
2025-02-17 13:44:28.238  INFO [org.apache.flink.runtime.highavailability.nonha.embedded.EmbeddedLeaderService:314] Proposing leadership to the contender that is registered under component ID 'rest_server'. 
2025-02-17 13:44:28.262  INFO [org.apache.flink.runtime.dispatcher.DispatcherRestEndpoint:1212] http://localhost:58443 was granted leadership with leaderSessionID=56fa1776-7dbe-45d3-aa5f-3a6d54a54444 
2025-02-17 13:44:28.263  INFO [org.apache.flink.runtime.highavailability.nonha.embedded.EmbeddedLeaderService:261] Received confirmation of leadership for leader http://localhost:58443 , session=56fa1776-7dbe-45d3-aa5f-3a6d54a54444 
2025-02-17 13:44:28.529  INFO [org.apache.flink.runtime.highavailability.nonha.embedded.EmbeddedLeaderService:314] Proposing leadership to the contender that is registered under component ID 'dispatcher'. 
2025-02-17 13:44:28.531  INFO [org.apache.flink.runtime.resourcemanager.ResourceManagerServiceImpl:118] Starting resource manager service. 
2025-02-17 13:44:28.532  INFO [org.apache.flink.runtime.dispatcher.runner.DefaultDispatcherRunner:114] DefaultDispatcherRunner was granted leadership with leader id 669416e2-c7ed-4cfd-a3ed-f2c0c117c680. Creating new DispatcherLeaderProcess. 
2025-02-17 13:44:28.534  INFO [org.apache.flink.runtime.highavailability.nonha.embedded.EmbeddedLeaderService:314] Proposing leadership to the contender that is registered under component ID 'resource_manager'. 
2025-02-17 13:44:28.539  INFO [org.apache.flink.runtime.resourcemanager.ResourceManagerServiceImpl:198] Resource manager service is granted leadership with session id edc187ff-6284-41d9-ac72-9475790b84ad. 
2025-02-17 13:44:28.544  INFO [org.apache.flink.runtime.dispatcher.runner.SessionDispatcherLeaderProcess:99] Start SessionDispatcherLeaderProcess. 
2025-02-17 13:44:28.557  INFO [org.apache.flink.runtime.dispatcher.runner.SessionDispatcherLeaderProcess:144] Recover all persisted job graphs that are not finished, yet. 
2025-02-17 13:44:28.559  INFO [org.apache.flink.runtime.dispatcher.runner.SessionDispatcherLeaderProcess:158] Successfully recovered 0 persisted job graphs. 
2025-02-17 13:44:28.579  WARN [org.apache.flink.runtime.minicluster.MiniCluster:1510] Error in MiniCluster. Shutting the MiniCluster down. org.apache.flink.util.FlinkException: Cannot start resource manager.
	at org.apache.flink.runtime.resourcemanager.ResourceManagerServiceImpl.lambda$grantLeadership$2(ResourceManagerServiceImpl.java:205)
	at java.base/java.util.concurrent.ThreadPoolExecutor.runWorker(ThreadPoolExecutor.java:1128)
	at java.base/java.util.concurrent.ThreadPoolExecutor$Worker.run(ThreadPoolExecutor.java:628)
	at java.base/java.lang.Thread.run(Thread.java:834)
Caused by: java.util.concurrent.CompletionException: org.apache.pekko.pattern.AskTimeoutException: Recipient [Actor[pekko://flink/user/rpc#1552478704]] had already been terminated. Message of type [org.apache.flink.runtime.rpc.pekko.SupervisorActor$StartRpcActor].
	at java.base/java.util.concurrent.CompletableFuture.encodeThrowable(CompletableFuture.java:331)
	at java.base/java.util.concurrent.CompletableFuture.uniApplyNow(CompletableFuture.java:670)
	at java.base/java.util.concurrent.CompletableFuture.uniApplyStage(CompletableFuture.java:658)
	at java.base/java.util.concurrent.CompletableFuture.thenApplyAsync(CompletableFuture.java:2099)
	at scala.concurrent.java8.FuturesConvertersImpl$CF.thenApply(FutureConvertersImpl.scala:35)
	at org.apache.flink.runtime.rpc.pekko.SupervisorActor.startRpcActor(SupervisorActor.java:205)
	at org.apache.flink.runtime.rpc.pekko.PekkoRpcService.registerRpcActor(PekkoRpcService.java:354)
	at org.apache.flink.runtime.rpc.pekko.PekkoRpcService.startServer(PekkoRpcService.java:268)
	at org.apache.flink.runtime.rpc.RpcEndpoint.<init>(RpcEndpoint.java:147)
	at org.apache.flink.runtime.rpc.FencedRpcEndpoint.<init>(FencedRpcEndpoint.java:44)
	at org.apache.flink.runtime.rpc.FencedRpcEndpoint.<init>(FencedRpcEndpoint.java:53)
	at org.apache.flink.runtime.resourcemanager.ResourceManager.<init>(ResourceManager.java:195)
	at org.apache.flink.runtime.resourcemanager.StandaloneResourceManager.<init>(StandaloneResourceManager.java:73)
	at org.apache.flink.runtime.resourcemanager.StandaloneResourceManagerFactory.createResourceManager(StandaloneResourceManagerFactory.java:92)
	at org.apache.flink.runtime.resourcemanager.ResourceManagerFactory.createResourceManager(ResourceManagerFactory.java:103)
	at org.apache.flink.runtime.resourcemanager.ResourceManagerServiceImpl.startNewLeaderResourceManager(ResourceManagerServiceImpl.java:254)
	at org.apache.flink.runtime.resourcemanager.ResourceManagerServiceImpl.lambda$grantLeadership$2(ResourceManagerServiceImpl.java:203)
	... 3 common frames omitted
Caused by: org.apache.pekko.pattern.AskTimeoutException: Recipient [Actor[pekko://flink/user/rpc#1552478704]] had already been terminated. Message of type [org.apache.flink.runtime.rpc.pekko.SupervisorActor$StartRpcActor].

2025-02-17 13:44:28.584  INFO [org.apache.flink.runtime.dispatcher.runner.SessionDispatcherLeaderProcess:136] Stopping SessionDispatcherLeaderProcess. 
2025-02-17 13:44:28.587  WARN [org.apache.flink.runtime.minicluster.MiniCluster:1510] Error in MiniCluster. Shutting the MiniCluster down. java.util.concurrent.CompletionException: org.apache.flink.util.FlinkRuntimeException: Could not create the Dispatcher rpc endpoint.
	at java.base/java.util.concurrent.CompletableFuture.encodeThrowable(CompletableFuture.java:314)
	at java.base/java.util.concurrent.CompletableFuture.completeThrowable(CompletableFuture.java:319)
	at java.base/java.util.concurrent.CompletableFuture.biAccept(CompletableFuture.java:1314)
	at java.base/java.util.concurrent.CompletableFuture$BiAccept.tryFire(CompletableFuture.java:1280)
	at java.base/java.util.concurrent.CompletableFuture.postComplete(CompletableFuture.java:506)
	at java.base/java.util.concurrent.CompletableFuture.postFire(CompletableFuture.java:610)
	at java.base/java.util.concurrent.CompletableFuture$UniApply.tryFire(CompletableFuture.java:649)
	at java.base/java.util.concurrent.CompletableFuture$Completion.run(CompletableFuture.java:478)
	at java.base/java.util.concurrent.ThreadPoolExecutor.runWorker(ThreadPoolExecutor.java:1128)
	at java.base/java.util.concurrent.ThreadPoolExecutor$Worker.run(ThreadPoolExecutor.java:628)
	at java.base/java.lang.Thread.run(Thread.java:834)
Caused by: org.apache.flink.util.FlinkRuntimeException: Could not create the Dispatcher rpc endpoint.
	at org.apache.flink.runtime.dispatcher.runner.DefaultDispatcherGatewayServiceFactory.create(DefaultDispatcherGatewayServiceFactory.java:76)
	at org.apache.flink.runtime.dispatcher.runner.SessionDispatcherLeaderProcess.createDispatcher(SessionDispatcherLeaderProcess.java:111)
	at org.apache.flink.runtime.dispatcher.runner.SessionDispatcherLeaderProcess.lambda$createDispatcherIfRunning$0(SessionDispatcherLeaderProcess.java:104)
	at org.apache.flink.runtime.dispatcher.runner.AbstractDispatcherLeaderProcess.runIfState(AbstractDispatcherLeaderProcess.java:222)
	at org.apache.flink.runtime.dispatcher.runner.AbstractDispatcherLeaderProcess.runIfStateIs(AbstractDispatcherLeaderProcess.java:212)
	at org.apache.flink.runtime.dispatcher.runner.SessionDispatcherLeaderProcess.createDispatcherIfRunning(SessionDispatcherLeaderProcess.java:104)
	at java.base/java.util.concurrent.CompletableFuture.biAccept(CompletableFuture.java:1311)
	... 8 common frames omitted
Caused by: java.util.concurrent.CompletionException: org.apache.pekko.pattern.AskTimeoutException: Recipient [Actor[pekko://flink/user/rpc#1552478704]] had already been terminated. Message of type [org.apache.flink.runtime.rpc.pekko.SupervisorActor$StartRpcActor].
	at java.base/java.util.concurrent.CompletableFuture.encodeThrowable(CompletableFuture.java:331)
	at java.base/java.util.concurrent.CompletableFuture.uniApplyNow(CompletableFuture.java:670)
	at java.base/java.util.concurrent.CompletableFuture.uniApplyStage(CompletableFuture.java:658)
	at java.base/java.util.concurrent.CompletableFuture.thenApplyAsync(CompletableFuture.java:2099)
	at scala.concurrent.java8.FuturesConvertersImpl$CF.thenApply(FutureConvertersImpl.scala:35)
	at org.apache.flink.runtime.rpc.pekko.SupervisorActor.startRpcActor(SupervisorActor.java:205)
	at org.apache.flink.runtime.rpc.pekko.PekkoRpcService.registerRpcActor(PekkoRpcService.java:354)
	at org.apache.flink.runtime.rpc.pekko.PekkoRpcService.startServer(PekkoRpcService.java:268)
	at org.apache.flink.runtime.rpc.RpcEndpoint.<init>(RpcEndpoint.java:147)
	at org.apache.flink.runtime.rpc.FencedRpcEndpoint.<init>(FencedRpcEndpoint.java:44)
	at org.apache.flink.runtime.rpc.FencedRpcEndpoint.<init>(FencedRpcEndpoint.java:53)
	at org.apache.flink.runtime.dispatcher.Dispatcher.<init>(Dispatcher.java:269)
	at org.apache.flink.runtime.dispatcher.Dispatcher.<init>(Dispatcher.java:247)
	at org.apache.flink.runtime.dispatcher.Dispatcher.<init>(Dispatcher.java:228)
	at org.apache.flink.runtime.dispatcher.StandaloneDispatcher.<init>(StandaloneDispatcher.java:42)
	at org.apache.flink.runtime.dispatcher.SessionDispatcherFactory.createDispatcher(SessionDispatcherFactory.java:49)
	at org.apache.flink.runtime.dispatcher.SessionDispatcherFactory.createDispatcher(SessionDispatcherFactory.java:29)
	at org.apache.flink.runtime.dispatcher.runner.DefaultDispatcherGatewayServiceFactory.create(DefaultDispatcherGatewayServiceFactory.java:66)
	... 14 common frames omitted
Caused by: org.apache.pekko.pattern.AskTimeoutException: Recipient [Actor[pekko://flink/user/rpc#1552478704]] had already been terminated. Message of type [org.apache.flink.runtime.rpc.pekko.SupervisorActor$StartRpcActor].

2025-02-17 13:44:28.593  INFO [org.apache.flink.runtime.minicluster.MiniCluster:510] Flink Mini Cluster started successfully 
2025-02-17 13:44:28.595  INFO [org.apache.flink.runtime.minicluster.MiniCluster:664] Shutting down Flink Mini Cluster 
2025-02-17 13:44:28.608  INFO [org.apache.flink.runtime.dispatcher.DispatcherRestEndpoint:378] Shutting down rest endpoint. 
2025-02-17 13:44:28.816  INFO [org.apache.flink.runtime.dispatcher.DispatcherRestEndpoint:1186] Removing cache directory C:\Users\w7178930\AppData\Local\Temp\flink-web-ui 
2025-02-17 13:44:28.817  INFO [org.apache.flink.runtime.dispatcher.DispatcherRestEndpoint:1221] http://localhost:58443 lost leadership 
2025-02-17 13:44:28.819  INFO [org.apache.flink.runtime.dispatcher.DispatcherRestEndpoint:386] Shut down complete. 
2025-02-17 13:44:28.821  WARN [org.apache.flink.runtime.resourcemanager.ResourceManagerServiceImpl:158] Cannot deregister application. Resource manager service is not available. 
2025-02-17 13:44:28.821  INFO [org.apache.flink.runtime.entrypoint.component.DispatcherResourceManagerComponent:165] Closing components. 
2025-02-17 13:44:28.822  INFO [org.apache.flink.runtime.resourcemanager.ResourceManagerServiceImpl:166] Stopping resource manager service. 
2025-02-17 13:44:28.823  INFO [org.apache.flink.runtime.resourcemanager.ResourceManagerServiceImpl:218] Resource manager service is not running. Ignore revoking leadership. 
2025-02-17 13:44:28.833  INFO [org.apache.flink.runtime.rpc.pekko.PekkoRpcService:417] Stopping Pekko RPC service. 
2025-02-17 13:44:28.843  INFO [org.apache.flink.runtime.rpc.pekko.PekkoRpcService:417] Stopping Pekko RPC service. 
2025-02-17 13:44:28.844  INFO [org.apache.flink.runtime.rpc.pekko.PekkoRpcService:438] Stopped Pekko RPC service. 
2025-02-17 13:44:28.845  INFO [org.apache.flink.runtime.blob.PermanentBlobCache:251] Shutting down BLOB cache 
2025-02-17 13:44:28.850  INFO [org.apache.flink.runtime.blob.TransientBlobCache:251] Shutting down BLOB cache 
2025-02-17 13:44:28.853  INFO [org.apache.flink.runtime.blob.BlobServer:397] Stopped BLOB server at 0.0.0.0:58376 
2025-02-17 13:44:28.861  INFO [org.apache.flink.runtime.rpc.pekko.PekkoRpcService:438] Stopped Pekko RPC service. 
2025-02-17 13:47:07.831  INFO [org.apache.kafka.clients.consumer.internals.ConsumerCoordinator:969] [Consumer clientId=consumer-item_group-2, groupId=item_group] Group coordinator W49204302.mshome.net:9092 (id: 2147483647 rack: null) is unavailable or invalid due to cause: session timed out without receiving a heartbeat response. isDisconnected: false. Rediscovery will be attempted. 
2025-02-17 13:47:07.832  INFO [org.apache.kafka.clients.consumer.internals.ConsumerCoordinator:982] [Consumer clientId=consumer-item_group-2, groupId=item_group] Requesting disconnect from last known coordinator W49204302.mshome.net:9092 (id: 2147483647 rack: null) 
2025-02-17 13:47:07.833  INFO [org.apache.kafka.clients.consumer.internals.ConsumerCoordinator:969] [Consumer clientId=consumer-item_group-3, groupId=item_group] Group coordinator W49204302.mshome.net:9092 (id: 2147483647 rack: null) is unavailable or invalid due to cause: session timed out without receiving a heartbeat response. isDisconnected: false. Rediscovery will be attempted. 
2025-02-17 13:47:07.833  INFO [org.apache.kafka.clients.NetworkClient:324] [Consumer clientId=consumer-item_group-2, groupId=item_group] Client requested disconnect from node 2147483647 
2025-02-17 13:47:07.832  WARN [com.zaxxer.hikari.pool.HikariPool:788] HikariPool-1 - Thread starvation or clock leap detected (housekeeper delta=2m42s575ms419µs600ns). 
2025-02-17 13:47:07.844  INFO [org.apache.kafka.clients.consumer.internals.ConsumerCoordinator:982] [Consumer clientId=consumer-item_group-3, groupId=item_group] Requesting disconnect from last known coordinator W49204302.mshome.net:9092 (id: 2147483647 rack: null) 
2025-02-17 13:47:07.841  INFO [org.apache.kafka.clients.consumer.internals.ConsumerCoordinator:969] [Consumer clientId=consumer-item_group-1, groupId=item_group] Group coordinator W49204302.mshome.net:9092 (id: 2147483647 rack: null) is unavailable or invalid due to cause: session timed out without receiving a heartbeat response. isDisconnected: false. Rediscovery will be attempted. 
2025-02-17 13:47:07.852  INFO [org.apache.kafka.clients.consumer.internals.ConsumerCoordinator:982] [Consumer clientId=consumer-item_group-1, groupId=item_group] Requesting disconnect from last known coordinator W49204302.mshome.net:9092 (id: 2147483647 rack: null) 
2025-02-17 13:47:07.852  INFO [org.apache.kafka.clients.NetworkClient:324] [Consumer clientId=consumer-item_group-1, groupId=item_group] Client requested disconnect from node 2147483647 
2025-02-17 13:47:07.851  INFO [org.apache.kafka.clients.NetworkClient:324] [Consumer clientId=consumer-item_group-3, groupId=item_group] Client requested disconnect from node 2147483647 
2025-02-17 13:47:07.857  INFO [org.apache.kafka.clients.consumer.internals.ConsumerCoordinator:906] [Consumer clientId=consumer-item_group-1, groupId=item_group] Discovered group coordinator W49204302.mshome.net:9092 (id: 2147483647 rack: null) 
2025-02-17 13:47:07.859  INFO [org.apache.kafka.clients.consumer.internals.ConsumerCoordinator:969] [Consumer clientId=consumer-item_group-1, groupId=item_group] Group coordinator W49204302.mshome.net:9092 (id: 2147483647 rack: null) is unavailable or invalid due to cause: coordinator unavailable. isDisconnected: false. Rediscovery will be attempted. 
2025-02-17 13:47:07.859  INFO [org.apache.kafka.clients.consumer.internals.ConsumerCoordinator:982] [Consumer clientId=consumer-item_group-1, groupId=item_group] Requesting disconnect from last known coordinator W49204302.mshome.net:9092 (id: 2147483647 rack: null) 
2025-02-17 13:47:07.877  INFO [org.apache.kafka.clients.consumer.internals.ConsumerCoordinator:906] [Consumer clientId=consumer-item_group-2, groupId=item_group] Discovered group coordinator W49204302.mshome.net:9092 (id: 2147483647 rack: null) 
2025-02-17 13:47:07.878  INFO [org.apache.kafka.clients.consumer.internals.ConsumerCoordinator:969] [Consumer clientId=consumer-item_group-2, groupId=item_group] Group coordinator W49204302.mshome.net:9092 (id: 2147483647 rack: null) is unavailable or invalid due to cause: coordinator unavailable. isDisconnected: false. Rediscovery will be attempted. 
2025-02-17 13:47:07.879  INFO [org.apache.kafka.clients.consumer.internals.ConsumerCoordinator:982] [Consumer clientId=consumer-item_group-2, groupId=item_group] Requesting disconnect from last known coordinator W49204302.mshome.net:9092 (id: 2147483647 rack: null) 
2025-02-17 13:47:07.890  INFO [org.apache.kafka.clients.consumer.internals.ConsumerCoordinator:906] [Consumer clientId=consumer-item_group-3, groupId=item_group] Discovered group coordinator W49204302.mshome.net:9092 (id: 2147483647 rack: null) 
2025-02-17 13:47:07.891  INFO [org.apache.kafka.clients.consumer.internals.ConsumerCoordinator:969] [Consumer clientId=consumer-item_group-3, groupId=item_group] Group coordinator W49204302.mshome.net:9092 (id: 2147483647 rack: null) is unavailable or invalid due to cause: coordinator unavailable. isDisconnected: false. Rediscovery will be attempted. 
2025-02-17 13:47:07.892  INFO [org.apache.kafka.clients.consumer.internals.ConsumerCoordinator:982] [Consumer clientId=consumer-item_group-3, groupId=item_group] Requesting disconnect from last known coordinator W49204302.mshome.net:9092 (id: 2147483647 rack: null) 
2025-02-17 13:47:07.906 DEBUG [org.springframework.web.servlet.mvc.method.annotation.HttpEntityMethodProcessor:268] Using 'text/plain', given [*/*] and supported [text/plain, */*, application/json, application/*+json] 
2025-02-17 13:47:07.908 DEBUG [org.springframework.web.servlet.mvc.method.annotation.HttpEntityMethodProcessor:119] Writing ["Failed to start Flink Simple Job: MiniCluster is not yet running or has already been shut down."] 
2025-02-17 13:47:07.932 DEBUG [org.springframework.web.servlet.DispatcherServlet:1131] Completed 500 INTERNAL_SERVER_ERROR 
2025-02-17 13:47:07.977  INFO [org.apache.kafka.clients.consumer.internals.ConsumerCoordinator:906] [Consumer clientId=consumer-item_group-1, groupId=item_group] Discovered group coordinator W49204302.mshome.net:9092 (id: 2147483647 rack: null) 
2025-02-17 13:47:07.988  INFO [org.apache.kafka.clients.consumer.internals.ConsumerCoordinator:1226] [Consumer clientId=consumer-item_group-1, groupId=item_group] Attempt to heartbeat with Generation{generationId=74, memberId='consumer-item_group-1-3fd338d8-0e84-4a17-8765-19b374f2348a', protocol='range'} and group instance id Optional.empty failed due to UNKNOWN_MEMBER_ID, resetting generation 
2025-02-17 13:47:07.989  INFO [org.apache.kafka.clients.consumer.internals.ConsumerCoordinator:1025] [Consumer clientId=consumer-item_group-1, groupId=item_group] Resetting generation and member id due to: encountered UNKNOWN_MEMBER_ID from HEARTBEAT response 
2025-02-17 13:47:07.990  INFO [org.apache.kafka.clients.consumer.internals.ConsumerCoordinator:1072] [Consumer clientId=consumer-item_group-1, groupId=item_group] Request joining group due to: encountered UNKNOWN_MEMBER_ID from HEARTBEAT response 
2025-02-17 13:47:07.991  INFO [org.apache.kafka.clients.consumer.internals.ConsumerCoordinator:826] [Consumer clientId=consumer-item_group-1, groupId=item_group] Giving away all assigned partitions as lost since generation/memberID has been reset,indicating that consumer is in old state or no longer part of the group 
2025-02-17 13:47:07.992  INFO [org.apache.kafka.clients.consumer.internals.ConsumerCoordinator:361] [Consumer clientId=consumer-item_group-1, groupId=item_group] Lost previously assigned partitions Item_Topic-0 
2025-02-17 13:47:07.992  INFO [org.apache.kafka.clients.consumer.internals.ConsumerCoordinator:906] [Consumer clientId=consumer-item_group-2, groupId=item_group] Discovered group coordinator W49204302.mshome.net:9092 (id: 2147483647 rack: null) 
2025-02-17 13:47:07.993  INFO [org.springframework.kafka.listener.KafkaMessageListenerContainer:292] item_group: partitions lost: [Item_Topic-0] 
2025-02-17 13:47:07.994  INFO [org.springframework.kafka.listener.KafkaMessageListenerContainer:292] item_group: partitions revoked: [Item_Topic-0] 
2025-02-17 13:47:07.996  INFO [org.apache.kafka.clients.consumer.internals.ConsumerCoordinator:576] [Consumer clientId=consumer-item_group-1, groupId=item_group] (Re-)joining group 
2025-02-17 13:47:08.000  INFO [org.apache.kafka.clients.consumer.internals.ConsumerCoordinator:1226] [Consumer clientId=consumer-item_group-2, groupId=item_group] Attempt to heartbeat with Generation{generationId=74, memberId='consumer-item_group-2-b778925b-8d99-4c42-8fd1-8a54f108f6bf', protocol='range'} and group instance id Optional.empty failed due to UNKNOWN_MEMBER_ID, resetting generation 
2025-02-17 13:47:08.001  INFO [org.apache.kafka.clients.consumer.internals.ConsumerCoordinator:1025] [Consumer clientId=consumer-item_group-2, groupId=item_group] Resetting generation and member id due to: encountered UNKNOWN_MEMBER_ID from HEARTBEAT response 
2025-02-17 13:47:08.002  INFO [org.apache.kafka.clients.consumer.internals.ConsumerCoordinator:1072] [Consumer clientId=consumer-item_group-2, groupId=item_group] Request joining group due to: encountered UNKNOWN_MEMBER_ID from HEARTBEAT response 
2025-02-17 13:47:08.002  INFO [org.apache.kafka.clients.consumer.internals.ConsumerCoordinator:1072] [Consumer clientId=consumer-item_group-1, groupId=item_group] Request joining group due to: need to re-join with the given member-id: consumer-item_group-1-3c4f6335-e0d8-4537-9e4e-8f977c125d85 
2025-02-17 13:47:08.003  INFO [org.apache.kafka.clients.consumer.internals.ConsumerCoordinator:576] [Consumer clientId=consumer-item_group-2, groupId=item_group] (Re-)joining group 
2025-02-17 13:47:08.003  INFO [org.apache.kafka.clients.consumer.internals.ConsumerCoordinator:1072] [Consumer clientId=consumer-item_group-1, groupId=item_group] Request joining group due to: rebalance failed due to 'The group member needs to have a valid member id before actually entering a consumer group.' (MemberIdRequiredException) 
2025-02-17 13:47:08.004  INFO [org.apache.kafka.clients.consumer.internals.ConsumerCoordinator:576] [Consumer clientId=consumer-item_group-1, groupId=item_group] (Re-)joining group 
2025-02-17 13:47:08.008  INFO [org.apache.kafka.clients.consumer.internals.ConsumerCoordinator:906] [Consumer clientId=consumer-item_group-3, groupId=item_group] Discovered group coordinator W49204302.mshome.net:9092 (id: 2147483647 rack: null) 
2025-02-17 13:47:08.008  INFO [org.apache.kafka.clients.consumer.internals.ConsumerCoordinator:1072] [Consumer clientId=consumer-item_group-2, groupId=item_group] Request joining group due to: need to re-join with the given member-id: consumer-item_group-2-0043607f-1a10-4f36-956e-1c8b44c0fb4b 
2025-02-17 13:47:08.010  INFO [org.apache.kafka.clients.consumer.internals.ConsumerCoordinator:1072] [Consumer clientId=consumer-item_group-2, groupId=item_group] Request joining group due to: rebalance failed due to 'The group member needs to have a valid member id before actually entering a consumer group.' (MemberIdRequiredException) 
2025-02-17 13:47:08.011  INFO [org.apache.kafka.clients.consumer.internals.ConsumerCoordinator:576] [Consumer clientId=consumer-item_group-2, groupId=item_group] (Re-)joining group 
2025-02-17 13:47:08.015  INFO [org.apache.kafka.clients.consumer.internals.ConsumerCoordinator:637] [Consumer clientId=consumer-item_group-1, groupId=item_group] Successfully joined group with generation Generation{generationId=76, memberId='consumer-item_group-1-3c4f6335-e0d8-4537-9e4e-8f977c125d85', protocol='range'} 
2025-02-17 13:47:08.017  INFO [org.apache.kafka.clients.consumer.internals.ConsumerCoordinator:712] [Consumer clientId=consumer-item_group-1, groupId=item_group] Finished assignment for group at generation 76: {consumer-item_group-1-3c4f6335-e0d8-4537-9e4e-8f977c125d85=Assignment(partitions=[Item_Topic-0])} 
2025-02-17 13:47:08.018  INFO [org.apache.kafka.clients.consumer.internals.ConsumerCoordinator:1226] [Consumer clientId=consumer-item_group-3, groupId=item_group] Attempt to heartbeat with Generation{generationId=74, memberId='consumer-item_group-3-403d8a73-a9c3-49f7-a47f-eb7d8ef8d9c0', protocol='range'} and group instance id Optional.empty failed due to UNKNOWN_MEMBER_ID, resetting generation 
2025-02-17 13:47:08.019  INFO [org.apache.kafka.clients.consumer.internals.ConsumerCoordinator:1025] [Consumer clientId=consumer-item_group-3, groupId=item_group] Resetting generation and member id due to: encountered UNKNOWN_MEMBER_ID from HEARTBEAT response 
2025-02-17 13:47:08.020  INFO [org.apache.kafka.clients.consumer.internals.ConsumerCoordinator:1072] [Consumer clientId=consumer-item_group-3, groupId=item_group] Request joining group due to: encountered UNKNOWN_MEMBER_ID from HEARTBEAT response 
2025-02-17 13:47:08.021  INFO [org.apache.kafka.clients.consumer.internals.ConsumerCoordinator:576] [Consumer clientId=consumer-item_group-3, groupId=item_group] (Re-)joining group 
2025-02-17 13:47:08.021  INFO [org.apache.kafka.clients.consumer.internals.ConsumerCoordinator:836] [Consumer clientId=consumer-item_group-1, groupId=item_group] SyncGroup failed: The group began another rebalance. Need to re-join the group. Sent generation was Generation{generationId=76, memberId='consumer-item_group-1-3c4f6335-e0d8-4537-9e4e-8f977c125d85', protocol='range'} 
2025-02-17 13:47:08.022  INFO [org.apache.kafka.clients.consumer.internals.ConsumerCoordinator:1072] [Consumer clientId=consumer-item_group-1, groupId=item_group] Request joining group due to: rebalance failed due to 'The group is rebalancing, so a rejoin is needed.' (RebalanceInProgressException) 
2025-02-17 13:47:08.023  INFO [org.apache.kafka.clients.consumer.internals.ConsumerCoordinator:576] [Consumer clientId=consumer-item_group-1, groupId=item_group] (Re-)joining group 
2025-02-17 13:47:08.025  INFO [org.apache.kafka.clients.consumer.internals.ConsumerCoordinator:1072] [Consumer clientId=consumer-item_group-3, groupId=item_group] Request joining group due to: need to re-join with the given member-id: consumer-item_group-3-72e14e24-f12c-4499-8539-6235331940e4 
2025-02-17 13:47:08.026  INFO [org.apache.kafka.clients.consumer.internals.ConsumerCoordinator:1072] [Consumer clientId=consumer-item_group-3, groupId=item_group] Request joining group due to: rebalance failed due to 'The group member needs to have a valid member id before actually entering a consumer group.' (MemberIdRequiredException) 
2025-02-17 13:47:08.027  INFO [org.apache.kafka.clients.consumer.internals.ConsumerCoordinator:576] [Consumer clientId=consumer-item_group-3, groupId=item_group] (Re-)joining group 
2025-02-17 13:47:08.032  INFO [org.apache.kafka.clients.consumer.internals.ConsumerCoordinator:637] [Consumer clientId=consumer-item_group-1, groupId=item_group] Successfully joined group with generation Generation{generationId=77, memberId='consumer-item_group-1-3c4f6335-e0d8-4537-9e4e-8f977c125d85', protocol='range'} 
2025-02-17 13:47:08.032  INFO [org.apache.kafka.clients.consumer.internals.ConsumerCoordinator:637] [Consumer clientId=consumer-item_group-3, groupId=item_group] Successfully joined group with generation Generation{generationId=77, memberId='consumer-item_group-3-72e14e24-f12c-4499-8539-6235331940e4', protocol='range'} 
2025-02-17 13:47:08.032  INFO [org.apache.kafka.clients.consumer.internals.ConsumerCoordinator:637] [Consumer clientId=consumer-item_group-2, groupId=item_group] Successfully joined group with generation Generation{generationId=77, memberId='consumer-item_group-2-0043607f-1a10-4f36-956e-1c8b44c0fb4b', protocol='range'} 
2025-02-17 13:47:08.033  INFO [org.apache.kafka.clients.consumer.internals.ConsumerCoordinator:712] [Consumer clientId=consumer-item_group-1, groupId=item_group] Finished assignment for group at generation 77: {consumer-item_group-3-72e14e24-f12c-4499-8539-6235331940e4=Assignment(partitions=[]), consumer-item_group-1-3c4f6335-e0d8-4537-9e4e-8f977c125d85=Assignment(partitions=[Item_Topic-0]), consumer-item_group-2-0043607f-1a10-4f36-956e-1c8b44c0fb4b=Assignment(partitions=[])} 
2025-02-17 13:47:08.039  INFO [org.apache.kafka.clients.consumer.internals.ConsumerCoordinator:812] [Consumer clientId=consumer-item_group-3, groupId=item_group] Successfully synced group in generation Generation{generationId=77, memberId='consumer-item_group-3-72e14e24-f12c-4499-8539-6235331940e4', protocol='range'} 
2025-02-17 13:47:08.040  INFO [org.apache.kafka.clients.consumer.internals.ConsumerCoordinator:812] [Consumer clientId=consumer-item_group-1, groupId=item_group] Successfully synced group in generation Generation{generationId=77, memberId='consumer-item_group-1-3c4f6335-e0d8-4537-9e4e-8f977c125d85', protocol='range'} 
2025-02-17 13:47:08.041  INFO [org.apache.kafka.clients.consumer.internals.ConsumerCoordinator:307] [Consumer clientId=consumer-item_group-3, groupId=item_group] Notifying assignor about the new Assignment(partitions=[]) 
2025-02-17 13:47:08.041  INFO [org.apache.kafka.clients.consumer.internals.ConsumerCoordinator:307] [Consumer clientId=consumer-item_group-1, groupId=item_group] Notifying assignor about the new Assignment(partitions=[Item_Topic-0]) 
2025-02-17 13:47:08.041  INFO [org.apache.kafka.clients.consumer.internals.ConsumerCoordinator:319] [Consumer clientId=consumer-item_group-3, groupId=item_group] Adding newly assigned partitions:  
2025-02-17 13:47:08.042  INFO [org.apache.kafka.clients.consumer.internals.ConsumerCoordinator:319] [Consumer clientId=consumer-item_group-1, groupId=item_group] Adding newly assigned partitions: Item_Topic-0 
2025-02-17 13:47:08.042  INFO [org.springframework.kafka.listener.KafkaMessageListenerContainer:292] item_group: partitions assigned: [] 
2025-02-17 13:47:08.039  INFO [org.apache.kafka.clients.consumer.internals.ConsumerCoordinator:812] [Consumer clientId=consumer-item_group-2, groupId=item_group] Successfully synced group in generation Generation{generationId=77, memberId='consumer-item_group-2-0043607f-1a10-4f36-956e-1c8b44c0fb4b', protocol='range'} 
2025-02-17 13:47:08.044  INFO [org.apache.kafka.clients.consumer.internals.ConsumerCoordinator:307] [Consumer clientId=consumer-item_group-2, groupId=item_group] Notifying assignor about the new Assignment(partitions=[]) 
2025-02-17 13:47:08.045  INFO [org.apache.kafka.clients.consumer.internals.ConsumerCoordinator:319] [Consumer clientId=consumer-item_group-2, groupId=item_group] Adding newly assigned partitions:  
2025-02-17 13:47:08.046  INFO [org.springframework.kafka.listener.KafkaMessageListenerContainer:292] item_group: partitions assigned: [] 
2025-02-17 13:47:08.048  INFO [org.apache.kafka.clients.consumer.internals.ConsumerCoordinator:975] [Consumer clientId=consumer-item_group-1, groupId=item_group] Setting offset for partition Item_Topic-0 to the committed offset FetchPosition{offset=100, offsetEpoch=Optional.empty, currentLeader=LeaderAndEpoch{leader=Optional[W49204302.mshome.net:9092 (id: 0 rack: null)], epoch=0}} 
2025-02-17 13:47:08.049  INFO [org.springframework.kafka.listener.KafkaMessageListenerContainer:292] item_group: partitions assigned: [Item_Topic-0] 
2025-02-17 13:47:09.854  INFO [org.apache.flink.runtime.state.TaskExecutorLocalStateStoresManager:319] Shutting down TaskExecutorLocalStateStoresManager. 
2025-02-17 13:47:09.854  INFO [org.apache.flink.runtime.state.TaskExecutorStateChangelogStoragesManager:234] Shutting down TaskExecutorStateChangelogStoragesManager. 
2025-02-17 13:47:09.854  INFO [org.apache.flink.runtime.state.TaskExecutorFileMergingManager:216] Shutting down TaskExecutorFileMergingManager. 
2025-02-17 13:47:09.857  INFO [org.apache.flink.runtime.filecache.FileCache:160] removed file cache directory C:\Users\w7178930\AppData\Local\Temp\flink-dist-cache-554f15bd-6514-4d30-8391-34bd19d27b50 
2025-02-17 13:47:09.860  INFO [org.apache.flink.runtime.io.disk.FileChannelManagerImpl:149] FileChannelManager removed spill file directory C:\Users\w7178930\AppData\Local\Temp\flink-netty-shuffle-3f2267c8-cd54-440b-8a4f-abd0ac3d114f 
2025-02-17 13:47:09.862  INFO [org.apache.flink.runtime.io.disk.FileChannelManagerImpl:149] FileChannelManager removed spill file directory C:\Users\w7178930\AppData\Local\Temp\flink-io-b4c82888-95b2-4086-ae5c-23413c03ef8e 
2025-02-17 13:47:10.929  INFO [org.apache.kafka.clients.consumer.internals.ConsumerCoordinator:1133] [Consumer clientId=consumer-item_group-3, groupId=item_group] Member consumer-item_group-3-72e14e24-f12c-4499-8539-6235331940e4 sending LeaveGroup request to coordinator W49204302.mshome.net:9092 (id: 2147483647 rack: null) due to the consumer unsubscribed from all topics 
2025-02-17 13:47:10.929  INFO [org.apache.kafka.clients.consumer.internals.ConsumerCoordinator:1133] [Consumer clientId=consumer-item_group-2, groupId=item_group] Member consumer-item_group-2-0043607f-1a10-4f36-956e-1c8b44c0fb4b sending LeaveGroup request to coordinator W49204302.mshome.net:9092 (id: 2147483647 rack: null) due to the consumer unsubscribed from all topics 
2025-02-17 13:47:10.929  INFO [org.apache.kafka.clients.consumer.internals.ConsumerCoordinator:338] [Consumer clientId=consumer-item_group-1, groupId=item_group] Revoke previously assigned partitions Item_Topic-0 
2025-02-17 13:47:10.931  INFO [org.springframework.kafka.listener.KafkaMessageListenerContainer:292] item_group: partitions revoked: [Item_Topic-0] 
2025-02-17 13:47:10.931  INFO [org.apache.kafka.clients.consumer.internals.ConsumerCoordinator:1025] [Consumer clientId=consumer-item_group-2, groupId=item_group] Resetting generation and member id due to: consumer pro-actively leaving the group 
2025-02-17 13:47:10.931  INFO [org.apache.kafka.clients.consumer.internals.ConsumerCoordinator:1025] [Consumer clientId=consumer-item_group-3, groupId=item_group] Resetting generation and member id due to: consumer pro-actively leaving the group 
2025-02-17 13:47:10.932  INFO [org.apache.kafka.clients.consumer.internals.ConsumerCoordinator:1072] [Consumer clientId=consumer-item_group-2, groupId=item_group] Request joining group due to: consumer pro-actively leaving the group 
2025-02-17 13:47:10.932  INFO [org.apache.kafka.clients.consumer.internals.ConsumerCoordinator:1072] [Consumer clientId=consumer-item_group-3, groupId=item_group] Request joining group due to: consumer pro-actively leaving the group 
2025-02-17 13:47:10.932  INFO [org.apache.kafka.clients.consumer.KafkaConsumer:1089] [Consumer clientId=consumer-item_group-2, groupId=item_group] Unsubscribed all topics or patterns and assigned partitions 
2025-02-17 13:47:10.931  INFO [org.apache.kafka.clients.consumer.internals.ConsumerCoordinator:1133] [Consumer clientId=consumer-item_group-1, groupId=item_group] Member consumer-item_group-1-3c4f6335-e0d8-4537-9e4e-8f977c125d85 sending LeaveGroup request to coordinator W49204302.mshome.net:9092 (id: 2147483647 rack: null) due to the consumer unsubscribed from all topics 
2025-02-17 13:47:10.932  INFO [org.apache.kafka.clients.consumer.KafkaConsumer:1089] [Consumer clientId=consumer-item_group-3, groupId=item_group] Unsubscribed all topics or patterns and assigned partitions 
2025-02-17 13:47:10.934  INFO [org.apache.kafka.clients.consumer.internals.ConsumerCoordinator:1025] [Consumer clientId=consumer-item_group-1, groupId=item_group] Resetting generation and member id due to: consumer pro-actively leaving the group 
2025-02-17 13:47:10.934  INFO [org.apache.kafka.clients.consumer.internals.ConsumerCoordinator:1072] [Consumer clientId=consumer-item_group-1, groupId=item_group] Request joining group due to: consumer pro-actively leaving the group 
2025-02-17 13:47:10.934  INFO [org.apache.kafka.clients.consumer.KafkaConsumer:1089] [Consumer clientId=consumer-item_group-1, groupId=item_group] Unsubscribed all topics or patterns and assigned partitions 
2025-02-17 13:47:10.935  INFO [org.apache.kafka.clients.consumer.internals.ConsumerCoordinator:1025] [Consumer clientId=consumer-item_group-1, groupId=item_group] Resetting generation and member id due to: consumer pro-actively leaving the group 
2025-02-17 13:47:10.935  INFO [org.apache.kafka.clients.consumer.internals.ConsumerCoordinator:1025] [Consumer clientId=consumer-item_group-2, groupId=item_group] Resetting generation and member id due to: consumer pro-actively leaving the group 
2025-02-17 13:47:10.935  INFO [org.apache.kafka.clients.consumer.internals.ConsumerCoordinator:1025] [Consumer clientId=consumer-item_group-3, groupId=item_group] Resetting generation and member id due to: consumer pro-actively leaving the group 
2025-02-17 13:47:10.935  INFO [org.apache.kafka.clients.consumer.internals.ConsumerCoordinator:1072] [Consumer clientId=consumer-item_group-1, groupId=item_group] Request joining group due to: consumer pro-actively leaving the group 
2025-02-17 13:47:10.936  INFO [org.apache.kafka.clients.consumer.internals.ConsumerCoordinator:1072] [Consumer clientId=consumer-item_group-2, groupId=item_group] Request joining group due to: consumer pro-actively leaving the group 
2025-02-17 13:47:10.936  INFO [org.apache.kafka.clients.consumer.internals.ConsumerCoordinator:1072] [Consumer clientId=consumer-item_group-3, groupId=item_group] Request joining group due to: consumer pro-actively leaving the group 
2025-02-17 13:47:10.941  INFO [org.apache.kafka.common.metrics.Metrics:693] Metrics scheduler closed 
2025-02-17 13:47:10.942  INFO [org.apache.kafka.common.metrics.Metrics:697] Closing reporter org.apache.kafka.common.metrics.JmxReporter 
2025-02-17 13:47:10.942  INFO [org.apache.kafka.common.metrics.Metrics:703] Metrics reporters closed 
2025-02-17 13:47:10.943  INFO [org.apache.kafka.common.metrics.Metrics:693] Metrics scheduler closed 
2025-02-17 13:47:10.943  INFO [org.apache.kafka.common.metrics.Metrics:697] Closing reporter org.apache.kafka.common.metrics.JmxReporter 
2025-02-17 13:47:10.944  INFO [org.apache.kafka.common.metrics.Metrics:703] Metrics reporters closed 
2025-02-17 13:47:10.954  INFO [org.apache.kafka.common.utils.AppInfoParser:83] App info kafka.consumer for consumer-item_group-2 unregistered 
2025-02-17 13:47:10.956  INFO [org.springframework.kafka.listener.KafkaMessageListenerContainer:292] item_group: Consumer stopped 
2025-02-17 13:47:10.957  INFO [org.apache.kafka.common.utils.AppInfoParser:83] App info kafka.consumer for consumer-item_group-3 unregistered 
2025-02-17 13:47:10.957  INFO [org.springframework.kafka.listener.KafkaMessageListenerContainer:292] item_group: Consumer stopped 
2025-02-17 13:47:11.026  INFO [org.apache.kafka.common.metrics.Metrics:693] Metrics scheduler closed 
2025-02-17 13:47:11.027  INFO [org.apache.kafka.common.metrics.Metrics:697] Closing reporter org.apache.kafka.common.metrics.JmxReporter 
2025-02-17 13:47:11.027  INFO [org.apache.kafka.common.metrics.Metrics:703] Metrics reporters closed 
2025-02-17 13:47:11.030  INFO [org.apache.kafka.common.utils.AppInfoParser:83] App info kafka.consumer for consumer-item_group-1 unregistered 
2025-02-17 13:47:11.030  INFO [org.springframework.kafka.listener.KafkaMessageListenerContainer:292] item_group: Consumer stopped 
2025-02-17 13:47:11.040  INFO [org.springframework.orm.jpa.LocalContainerEntityManagerFactoryBean:651] Closing JPA EntityManagerFactory for persistence unit 'default' 
2025-02-17 13:47:11.046  INFO [com.zaxxer.hikari.HikariDataSource:350] HikariPool-1 - Shutdown initiated... 
2025-02-17 13:47:11.054  INFO [com.zaxxer.hikari.HikariDataSource:352] HikariPool-1 - Shutdown completed. 
