2025-01-06 09:14:11.458  INFO [za.co.woolworths.itemkafka_poc.KafkaItemProducerPocApplication:55] Starting KafkaItemProducerPocApplication using Java 15.0.2 on W49204302 with PID 2880 (C:\Workspaces\Item-Kafka-Producer-POC\Item-Kafka-Producer-POC\target\classes started by W7178930 in C:\Workspaces\Item-Kafka-Producer-POC\Item-Kafka-Producer-POC) 
2025-01-06 09:14:11.461  INFO [za.co.woolworths.itemkafka_poc.KafkaItemProducerPocApplication:640] The following 2 profiles are active: "swagger", "dev" 
2025-01-06 09:14:12.506  INFO [org.springframework.data.repository.config.RepositoryConfigurationDelegate:132] Bootstrapping Spring Data JPA repositories in DEFAULT mode. 
2025-01-06 09:14:12.570  INFO [org.springframework.data.repository.config.RepositoryConfigurationDelegate:201] Finished Spring Data repository scanning in 50 ms. Found 1 JPA repository interfaces. 
2025-01-06 09:14:13.441  INFO [org.springframework.boot.web.embedded.tomcat.TomcatWebServer:108] Tomcat initialized with port(s): 8081 (http) 
2025-01-06 09:14:13.450  INFO [org.apache.coyote.http11.Http11NioProtocol:173] Initializing ProtocolHandler ["http-nio-8081"] 
2025-01-06 09:14:13.451  INFO [org.apache.catalina.core.StandardService:173] Starting service [Tomcat] 
2025-01-06 09:14:13.451  INFO [org.apache.catalina.core.StandardEngine:173] Starting Servlet engine: [Apache Tomcat/9.0.64] 
2025-01-06 09:14:13.621  INFO [org.apache.catalina.core.ContainerBase.[Tomcat].[localhost].[/]:173] Initializing Spring embedded WebApplicationContext 
2025-01-06 09:14:13.621  INFO [org.springframework.boot.web.servlet.context.ServletWebServerApplicationContext:292] Root WebApplicationContext: initialization completed in 2108 ms 
2025-01-06 09:14:14.115  INFO [com.zaxxer.hikari.HikariDataSource:110] HikariPool-1 - Starting... 
2025-01-06 09:14:15.083  INFO [com.zaxxer.hikari.HikariDataSource:123] HikariPool-1 - Start completed. 
2025-01-06 09:14:15.145  INFO [org.hibernate.jpa.internal.util.LogHelper:31] HHH000204: Processing PersistenceUnitInfo [name: default] 
2025-01-06 09:14:15.258  INFO [org.hibernate.Version:44] HHH000412: Hibernate ORM core version 5.6.9.Final 
2025-01-06 09:14:15.521  INFO [org.hibernate.annotations.common.Version:56] HCANN000001: Hibernate Commons Annotations {5.1.2.Final} 
2025-01-06 09:14:15.747  INFO [org.hibernate.dialect.Dialect:175] HHH000400: Using dialect: org.hibernate.dialect.SQLServer2016Dialect 
2025-01-06 09:14:16.376  INFO [org.hibernate.engine.transaction.jta.platform.internal.JtaPlatformInitiator:52] HHH000490: Using JtaPlatform implementation: [org.hibernate.engine.transaction.jta.platform.internal.NoJtaPlatform] 
2025-01-06 09:14:16.384  INFO [org.springframework.orm.jpa.LocalContainerEntityManagerFactoryBean:437] Initialized JPA EntityManagerFactory for persistence unit 'default' 
2025-01-06 09:14:17.073  WARN [org.springframework.boot.autoconfigure.orm.jpa.JpaBaseConfiguration$JpaWebConfiguration:219] spring.jpa.open-in-view is enabled by default. Therefore, database queries may be performed during view rendering. Explicitly configure spring.jpa.open-in-view to disable this warning 
2025-01-06 09:14:17.175 DEBUG [org.springframework.web.servlet.mvc.method.annotation.RequestMappingHandlerMapping:367] 9 mappings in 'requestMappingHandlerMapping' 
2025-01-06 09:14:17.469 DEBUG [org.springframework.web.servlet.handler.SimpleUrlHandlerMapping:188] Patterns [/agent/swagger-ui*/**] in 'resourceHandlerMapping' 
2025-01-06 09:14:17.517 DEBUG [org.springframework.web.servlet.mvc.method.annotation.RequestMappingHandlerAdapter:625] ControllerAdvice beans: 0 @ModelAttribute, 0 @InitBinder, 1 RequestBodyAdvice, 1 ResponseBodyAdvice 
2025-01-06 09:14:17.558 DEBUG [org.springframework.web.servlet.mvc.method.annotation.ExceptionHandlerExceptionResolver:307] ControllerAdvice beans: 1 @ExceptionHandler, 1 ResponseBodyAdvice 
2025-01-06 09:14:17.902  INFO [org.springframework.boot.actuate.endpoint.web.EndpointLinksResolver:58] Exposing 1 endpoint(s) beneath base path '/actuator' 
2025-01-06 09:14:18.043  INFO [org.apache.kafka.clients.consumer.ConsumerConfig:376] ConsumerConfig values: 
	allow.auto.create.topics = true
	auto.commit.interval.ms = 5000
	auto.offset.reset = latest
	bootstrap.servers = [localhost:9092]
	check.crcs = true
	client.dns.lookup = use_all_dns_ips
	client.id = consumer-item_group-1
	client.rack = 
	connections.max.idle.ms = 540000
	default.api.timeout.ms = 60000
	enable.auto.commit = false
	exclude.internal.topics = true
	fetch.max.bytes = 52428800
	fetch.max.wait.ms = 500
	fetch.min.bytes = 1
	group.id = item_group
	group.instance.id = null
	heartbeat.interval.ms = 3000
	interceptor.classes = []
	internal.leave.group.on.close = true
	internal.throw.on.fetch.stable.offset.unsupported = false
	isolation.level = read_uncommitted
	key.deserializer = class org.apache.kafka.common.serialization.StringDeserializer
	max.partition.fetch.bytes = 1048576
	max.poll.interval.ms = 300000
	max.poll.records = 500
	metadata.max.age.ms = 300000
	metric.reporters = []
	metrics.num.samples = 2
	metrics.recording.level = INFO
	metrics.sample.window.ms = 30000
	partition.assignment.strategy = [class org.apache.kafka.clients.consumer.RangeAssignor, class org.apache.kafka.clients.consumer.CooperativeStickyAssignor]
	receive.buffer.bytes = 65536
	reconnect.backoff.max.ms = 1000
	reconnect.backoff.ms = 50
	request.timeout.ms = 30000
	retry.backoff.ms = 100
	sasl.client.callback.handler.class = null
	sasl.jaas.config = null
	sasl.kerberos.kinit.cmd = /usr/bin/kinit
	sasl.kerberos.min.time.before.relogin = 60000
	sasl.kerberos.service.name = null
	sasl.kerberos.ticket.renew.jitter = 0.05
	sasl.kerberos.ticket.renew.window.factor = 0.8
	sasl.login.callback.handler.class = null
	sasl.login.class = null
	sasl.login.connect.timeout.ms = null
	sasl.login.read.timeout.ms = null
	sasl.login.refresh.buffer.seconds = 300
	sasl.login.refresh.min.period.seconds = 60
	sasl.login.refresh.window.factor = 0.8
	sasl.login.refresh.window.jitter = 0.05
	sasl.login.retry.backoff.max.ms = 10000
	sasl.login.retry.backoff.ms = 100
	sasl.mechanism = GSSAPI
	sasl.oauthbearer.clock.skew.seconds = 30
	sasl.oauthbearer.expected.audience = null
	sasl.oauthbearer.expected.issuer = null
	sasl.oauthbearer.jwks.endpoint.refresh.ms = 3600000
	sasl.oauthbearer.jwks.endpoint.retry.backoff.max.ms = 10000
	sasl.oauthbearer.jwks.endpoint.retry.backoff.ms = 100
	sasl.oauthbearer.jwks.endpoint.url = null
	sasl.oauthbearer.scope.claim.name = scope
	sasl.oauthbearer.sub.claim.name = sub
	sasl.oauthbearer.token.endpoint.url = null
	security.protocol = PLAINTEXT
	security.providers = null
	send.buffer.bytes = 131072
	session.timeout.ms = 45000
	socket.connection.setup.timeout.max.ms = 30000
	socket.connection.setup.timeout.ms = 10000
	ssl.cipher.suites = null
	ssl.enabled.protocols = [TLSv1.2, TLSv1.3]
	ssl.endpoint.identification.algorithm = https
	ssl.engine.factory.class = null
	ssl.key.password = null
	ssl.keymanager.algorithm = SunX509
	ssl.keystore.certificate.chain = null
	ssl.keystore.key = null
	ssl.keystore.location = null
	ssl.keystore.password = null
	ssl.keystore.type = JKS
	ssl.protocol = TLSv1.3
	ssl.provider = null
	ssl.secure.random.implementation = null
	ssl.trustmanager.algorithm = PKIX
	ssl.truststore.certificates = null
	ssl.truststore.location = null
	ssl.truststore.password = null
	ssl.truststore.type = JKS
	value.deserializer = class org.apache.kafka.common.serialization.StringDeserializer
 
2025-01-06 09:14:18.273  INFO [org.apache.kafka.common.utils.AppInfoParser:119] Kafka version: 3.1.1 
2025-01-06 09:14:18.274  INFO [org.apache.kafka.common.utils.AppInfoParser:120] Kafka commitId: 97671528ba54a138 
2025-01-06 09:14:18.274  INFO [org.apache.kafka.common.utils.AppInfoParser:121] Kafka startTimeMs: 1736147658272 
2025-01-06 09:14:18.299  INFO [org.apache.kafka.clients.consumer.KafkaConsumer:966] [Consumer clientId=consumer-item_group-1, groupId=item_group] Subscribed to topic(s): Item_Topic 
2025-01-06 09:14:18.313  INFO [org.apache.coyote.http11.Http11NioProtocol:173] Starting ProtocolHandler ["http-nio-8081"] 
2025-01-06 09:14:18.333  INFO [org.springframework.boot.web.embedded.tomcat.TomcatWebServer:220] Tomcat started on port(s): 8081 (http) with context path '' 
2025-01-06 09:14:18.342  INFO [za.co.woolworths.itemkafka_poc.KafkaItemProducerPocApplication:61] Started KafkaItemProducerPocApplication in 7.411 seconds (JVM running for 8.0) 
2025-01-06 09:14:20.698  INFO [org.apache.kafka.clients.NetworkClient:935] [Consumer clientId=consumer-item_group-1, groupId=item_group] Node -1 disconnected. 
2025-01-06 09:14:20.701  WARN [org.apache.kafka.clients.NetworkClient:775] [Consumer clientId=consumer-item_group-1, groupId=item_group] Connection to node -1 (localhost/127.0.0.1:9092) could not be established. Broker may not be available. 
2025-01-06 09:14:20.702  WARN [org.apache.kafka.clients.NetworkClient:1063] [Consumer clientId=consumer-item_group-1, groupId=item_group] Bootstrap broker localhost:9092 (id: -1 rack: null) disconnected 
2025-01-06 09:14:22.846  INFO [org.apache.kafka.clients.NetworkClient:935] [Consumer clientId=consumer-item_group-1, groupId=item_group] Node -1 disconnected. 
2025-01-06 09:14:22.848  WARN [org.apache.kafka.clients.NetworkClient:775] [Consumer clientId=consumer-item_group-1, groupId=item_group] Connection to node -1 (localhost/127.0.0.1:9092) could not be established. Broker may not be available. 
2025-01-06 09:14:22.849  WARN [org.apache.kafka.clients.NetworkClient:1063] [Consumer clientId=consumer-item_group-1, groupId=item_group] Bootstrap broker localhost:9092 (id: -1 rack: null) disconnected 
2025-01-06 09:14:25.062  INFO [org.apache.kafka.clients.NetworkClient:935] [Consumer clientId=consumer-item_group-1, groupId=item_group] Node -1 disconnected. 
2025-01-06 09:14:25.063  WARN [org.apache.kafka.clients.NetworkClient:775] [Consumer clientId=consumer-item_group-1, groupId=item_group] Connection to node -1 (localhost/127.0.0.1:9092) could not be established. Broker may not be available. 
2025-01-06 09:14:25.064  WARN [org.apache.kafka.clients.NetworkClient:1063] [Consumer clientId=consumer-item_group-1, groupId=item_group] Bootstrap broker localhost:9092 (id: -1 rack: null) disconnected 
2025-01-06 09:14:27.343  INFO [org.apache.kafka.clients.NetworkClient:935] [Consumer clientId=consumer-item_group-1, groupId=item_group] Node -1 disconnected. 
2025-01-06 09:14:27.344  WARN [org.apache.kafka.clients.NetworkClient:775] [Consumer clientId=consumer-item_group-1, groupId=item_group] Connection to node -1 (localhost/127.0.0.1:9092) could not be established. Broker may not be available. 
2025-01-06 09:14:27.345  WARN [org.apache.kafka.clients.NetworkClient:1063] [Consumer clientId=consumer-item_group-1, groupId=item_group] Bootstrap broker localhost:9092 (id: -1 rack: null) disconnected 
2025-01-06 09:14:29.886  INFO [org.apache.kafka.clients.NetworkClient:935] [Consumer clientId=consumer-item_group-1, groupId=item_group] Node -1 disconnected. 
2025-01-06 09:14:29.887  WARN [org.apache.kafka.clients.NetworkClient:775] [Consumer clientId=consumer-item_group-1, groupId=item_group] Connection to node -1 (localhost/127.0.0.1:9092) could not be established. Broker may not be available. 
2025-01-06 09:14:29.887  WARN [org.apache.kafka.clients.NetworkClient:1063] [Consumer clientId=consumer-item_group-1, groupId=item_group] Bootstrap broker localhost:9092 (id: -1 rack: null) disconnected 
2025-01-06 09:14:32.669  INFO [org.apache.kafka.clients.NetworkClient:935] [Consumer clientId=consumer-item_group-1, groupId=item_group] Node -1 disconnected. 
2025-01-06 09:14:32.671  WARN [org.apache.kafka.clients.NetworkClient:775] [Consumer clientId=consumer-item_group-1, groupId=item_group] Connection to node -1 (localhost/127.0.0.1:9092) could not be established. Broker may not be available. 
2025-01-06 09:14:32.671  WARN [org.apache.kafka.clients.NetworkClient:1063] [Consumer clientId=consumer-item_group-1, groupId=item_group] Bootstrap broker localhost:9092 (id: -1 rack: null) disconnected 
2025-01-06 09:14:35.579  INFO [org.apache.kafka.clients.NetworkClient:935] [Consumer clientId=consumer-item_group-1, groupId=item_group] Node -1 disconnected. 
2025-01-06 09:14:35.580  WARN [org.apache.kafka.clients.NetworkClient:775] [Consumer clientId=consumer-item_group-1, groupId=item_group] Connection to node -1 (localhost/127.0.0.1:9092) could not be established. Broker may not be available. 
2025-01-06 09:14:35.580  WARN [org.apache.kafka.clients.NetworkClient:1063] [Consumer clientId=consumer-item_group-1, groupId=item_group] Bootstrap broker localhost:9092 (id: -1 rack: null) disconnected 
2025-01-06 09:14:38.757  INFO [org.apache.kafka.clients.NetworkClient:935] [Consumer clientId=consumer-item_group-1, groupId=item_group] Node -1 disconnected. 
2025-01-06 09:14:38.758  WARN [org.apache.kafka.clients.NetworkClient:775] [Consumer clientId=consumer-item_group-1, groupId=item_group] Connection to node -1 (localhost/127.0.0.1:9092) could not be established. Broker may not be available. 
2025-01-06 09:14:38.759  WARN [org.apache.kafka.clients.NetworkClient:1063] [Consumer clientId=consumer-item_group-1, groupId=item_group] Bootstrap broker localhost:9092 (id: -1 rack: null) disconnected 
2025-01-06 09:14:42.022  INFO [org.apache.kafka.clients.NetworkClient:935] [Consumer clientId=consumer-item_group-1, groupId=item_group] Node -1 disconnected. 
2025-01-06 09:14:42.023  WARN [org.apache.kafka.clients.NetworkClient:775] [Consumer clientId=consumer-item_group-1, groupId=item_group] Connection to node -1 (localhost/127.0.0.1:9092) could not be established. Broker may not be available. 
2025-01-06 09:14:42.023  WARN [org.apache.kafka.clients.NetworkClient:1063] [Consumer clientId=consumer-item_group-1, groupId=item_group] Bootstrap broker localhost:9092 (id: -1 rack: null) disconnected 
2025-01-06 09:14:44.976  INFO [org.apache.kafka.clients.NetworkClient:935] [Consumer clientId=consumer-item_group-1, groupId=item_group] Node -1 disconnected. 
2025-01-06 09:14:44.978  WARN [org.apache.kafka.clients.NetworkClient:775] [Consumer clientId=consumer-item_group-1, groupId=item_group] Connection to node -1 (localhost/127.0.0.1:9092) could not be established. Broker may not be available. 
2025-01-06 09:14:44.979  WARN [org.apache.kafka.clients.NetworkClient:1063] [Consumer clientId=consumer-item_group-1, groupId=item_group] Bootstrap broker localhost:9092 (id: -1 rack: null) disconnected 
2025-01-06 09:14:48.131  INFO [org.apache.kafka.clients.NetworkClient:935] [Consumer clientId=consumer-item_group-1, groupId=item_group] Node -1 disconnected. 
2025-01-06 09:14:48.132  WARN [org.apache.kafka.clients.NetworkClient:775] [Consumer clientId=consumer-item_group-1, groupId=item_group] Connection to node -1 (localhost/127.0.0.1:9092) could not be established. Broker may not be available. 
2025-01-06 09:14:48.135  WARN [org.apache.kafka.clients.NetworkClient:1063] [Consumer clientId=consumer-item_group-1, groupId=item_group] Bootstrap broker localhost:9092 (id: -1 rack: null) disconnected 
2025-01-06 09:14:51.358  INFO [org.apache.kafka.clients.NetworkClient:935] [Consumer clientId=consumer-item_group-1, groupId=item_group] Node -1 disconnected. 
2025-01-06 09:14:51.360  WARN [org.apache.kafka.clients.NetworkClient:775] [Consumer clientId=consumer-item_group-1, groupId=item_group] Connection to node -1 (localhost/127.0.0.1:9092) could not be established. Broker may not be available. 
2025-01-06 09:14:51.360  WARN [org.apache.kafka.clients.NetworkClient:1063] [Consumer clientId=consumer-item_group-1, groupId=item_group] Bootstrap broker localhost:9092 (id: -1 rack: null) disconnected 
2025-01-06 09:14:54.499  INFO [org.apache.kafka.clients.NetworkClient:935] [Consumer clientId=consumer-item_group-1, groupId=item_group] Node -1 disconnected. 
2025-01-06 09:14:54.501  WARN [org.apache.kafka.clients.NetworkClient:775] [Consumer clientId=consumer-item_group-1, groupId=item_group] Connection to node -1 (localhost/127.0.0.1:9092) could not be established. Broker may not be available. 
2025-01-06 09:14:54.502  WARN [org.apache.kafka.clients.NetworkClient:1063] [Consumer clientId=consumer-item_group-1, groupId=item_group] Bootstrap broker localhost:9092 (id: -1 rack: null) disconnected 
2025-01-06 09:14:57.651  INFO [org.apache.kafka.clients.NetworkClient:935] [Consumer clientId=consumer-item_group-1, groupId=item_group] Node -1 disconnected. 
2025-01-06 09:14:57.652  WARN [org.apache.kafka.clients.NetworkClient:775] [Consumer clientId=consumer-item_group-1, groupId=item_group] Connection to node -1 (localhost/127.0.0.1:9092) could not be established. Broker may not be available. 
2025-01-06 09:14:57.652  WARN [org.apache.kafka.clients.NetworkClient:1063] [Consumer clientId=consumer-item_group-1, groupId=item_group] Bootstrap broker localhost:9092 (id: -1 rack: null) disconnected 
2025-01-06 09:15:00.771  INFO [org.apache.kafka.clients.NetworkClient:935] [Consumer clientId=consumer-item_group-1, groupId=item_group] Node -1 disconnected. 
2025-01-06 09:15:00.772  WARN [org.apache.kafka.clients.NetworkClient:775] [Consumer clientId=consumer-item_group-1, groupId=item_group] Connection to node -1 (localhost/127.0.0.1:9092) could not be established. Broker may not be available. 
2025-01-06 09:15:00.773  WARN [org.apache.kafka.clients.NetworkClient:1063] [Consumer clientId=consumer-item_group-1, groupId=item_group] Bootstrap broker localhost:9092 (id: -1 rack: null) disconnected 
2025-01-06 09:15:03.986  INFO [org.apache.kafka.clients.NetworkClient:935] [Consumer clientId=consumer-item_group-1, groupId=item_group] Node -1 disconnected. 
2025-01-06 09:15:03.990  WARN [org.apache.kafka.clients.NetworkClient:775] [Consumer clientId=consumer-item_group-1, groupId=item_group] Connection to node -1 (localhost/127.0.0.1:9092) could not be established. Broker may not be available. 
2025-01-06 09:15:03.991  WARN [org.apache.kafka.clients.NetworkClient:1063] [Consumer clientId=consumer-item_group-1, groupId=item_group] Bootstrap broker localhost:9092 (id: -1 rack: null) disconnected 
2025-01-06 09:15:07.083  INFO [org.apache.kafka.clients.NetworkClient:935] [Consumer clientId=consumer-item_group-1, groupId=item_group] Node -1 disconnected. 
2025-01-06 09:15:07.085  WARN [org.apache.kafka.clients.NetworkClient:775] [Consumer clientId=consumer-item_group-1, groupId=item_group] Connection to node -1 (localhost/127.0.0.1:9092) could not be established. Broker may not be available. 
2025-01-06 09:15:07.088  WARN [org.apache.kafka.clients.NetworkClient:1063] [Consumer clientId=consumer-item_group-1, groupId=item_group] Bootstrap broker localhost:9092 (id: -1 rack: null) disconnected 
2025-01-06 09:15:10.059  INFO [org.apache.kafka.clients.NetworkClient:935] [Consumer clientId=consumer-item_group-1, groupId=item_group] Node -1 disconnected. 
2025-01-06 09:15:10.060  WARN [org.apache.kafka.clients.NetworkClient:775] [Consumer clientId=consumer-item_group-1, groupId=item_group] Connection to node -1 (localhost/127.0.0.1:9092) could not be established. Broker may not be available. 
2025-01-06 09:15:10.062  WARN [org.apache.kafka.clients.NetworkClient:1063] [Consumer clientId=consumer-item_group-1, groupId=item_group] Bootstrap broker localhost:9092 (id: -1 rack: null) disconnected 
2025-01-06 09:15:13.050  INFO [org.apache.kafka.clients.NetworkClient:935] [Consumer clientId=consumer-item_group-1, groupId=item_group] Node -1 disconnected. 
2025-01-06 09:15:13.051  WARN [org.apache.kafka.clients.NetworkClient:775] [Consumer clientId=consumer-item_group-1, groupId=item_group] Connection to node -1 (localhost/127.0.0.1:9092) could not be established. Broker may not be available. 
2025-01-06 09:15:13.052  WARN [org.apache.kafka.clients.NetworkClient:1063] [Consumer clientId=consumer-item_group-1, groupId=item_group] Bootstrap broker localhost:9092 (id: -1 rack: null) disconnected 
2025-01-06 09:15:15.972  INFO [org.apache.kafka.clients.NetworkClient:935] [Consumer clientId=consumer-item_group-1, groupId=item_group] Node -1 disconnected. 
2025-01-06 09:15:15.973  WARN [org.apache.kafka.clients.NetworkClient:775] [Consumer clientId=consumer-item_group-1, groupId=item_group] Connection to node -1 (localhost/127.0.0.1:9092) could not be established. Broker may not be available. 
2025-01-06 09:15:15.974  WARN [org.apache.kafka.clients.NetworkClient:1063] [Consumer clientId=consumer-item_group-1, groupId=item_group] Bootstrap broker localhost:9092 (id: -1 rack: null) disconnected 
2025-01-06 09:15:18.877  INFO [org.apache.kafka.clients.NetworkClient:935] [Consumer clientId=consumer-item_group-1, groupId=item_group] Node -1 disconnected. 
2025-01-06 09:15:18.878  WARN [org.apache.kafka.clients.NetworkClient:775] [Consumer clientId=consumer-item_group-1, groupId=item_group] Connection to node -1 (localhost/127.0.0.1:9092) could not be established. Broker may not be available. 
2025-01-06 09:15:18.879  WARN [org.apache.kafka.clients.NetworkClient:1063] [Consumer clientId=consumer-item_group-1, groupId=item_group] Bootstrap broker localhost:9092 (id: -1 rack: null) disconnected 
2025-01-06 09:15:21.985  INFO [org.apache.kafka.clients.NetworkClient:935] [Consumer clientId=consumer-item_group-1, groupId=item_group] Node -1 disconnected. 
2025-01-06 09:15:21.986  WARN [org.apache.kafka.clients.NetworkClient:775] [Consumer clientId=consumer-item_group-1, groupId=item_group] Connection to node -1 (localhost/127.0.0.1:9092) could not be established. Broker may not be available. 
2025-01-06 09:15:21.987  WARN [org.apache.kafka.clients.NetworkClient:1063] [Consumer clientId=consumer-item_group-1, groupId=item_group] Bootstrap broker localhost:9092 (id: -1 rack: null) disconnected 
2025-01-06 09:15:25.128  INFO [org.apache.kafka.clients.NetworkClient:935] [Consumer clientId=consumer-item_group-1, groupId=item_group] Node -1 disconnected. 
2025-01-06 09:15:25.129  WARN [org.apache.kafka.clients.NetworkClient:775] [Consumer clientId=consumer-item_group-1, groupId=item_group] Connection to node -1 (localhost/127.0.0.1:9092) could not be established. Broker may not be available. 
2025-01-06 09:15:25.130  WARN [org.apache.kafka.clients.NetworkClient:1063] [Consumer clientId=consumer-item_group-1, groupId=item_group] Bootstrap broker localhost:9092 (id: -1 rack: null) disconnected 
2025-01-06 09:15:28.358  INFO [org.apache.kafka.clients.NetworkClient:935] [Consumer clientId=consumer-item_group-1, groupId=item_group] Node -1 disconnected. 
2025-01-06 09:15:28.359  WARN [org.apache.kafka.clients.NetworkClient:775] [Consumer clientId=consumer-item_group-1, groupId=item_group] Connection to node -1 (localhost/127.0.0.1:9092) could not be established. Broker may not be available. 
2025-01-06 09:15:28.360  WARN [org.apache.kafka.clients.NetworkClient:1063] [Consumer clientId=consumer-item_group-1, groupId=item_group] Bootstrap broker localhost:9092 (id: -1 rack: null) disconnected 
2025-01-06 09:15:31.494  INFO [org.apache.kafka.clients.NetworkClient:935] [Consumer clientId=consumer-item_group-1, groupId=item_group] Node -1 disconnected. 
2025-01-06 09:15:31.496  WARN [org.apache.kafka.clients.NetworkClient:775] [Consumer clientId=consumer-item_group-1, groupId=item_group] Connection to node -1 (localhost/127.0.0.1:9092) could not be established. Broker may not be available. 
2025-01-06 09:15:31.497  WARN [org.apache.kafka.clients.NetworkClient:1063] [Consumer clientId=consumer-item_group-1, groupId=item_group] Bootstrap broker localhost:9092 (id: -1 rack: null) disconnected 
2025-01-06 09:15:34.600  INFO [org.apache.kafka.clients.NetworkClient:935] [Consumer clientId=consumer-item_group-1, groupId=item_group] Node -1 disconnected. 
2025-01-06 09:15:34.601  WARN [org.apache.kafka.clients.NetworkClient:775] [Consumer clientId=consumer-item_group-1, groupId=item_group] Connection to node -1 (localhost/127.0.0.1:9092) could not be established. Broker may not be available. 
2025-01-06 09:15:34.602  WARN [org.apache.kafka.clients.NetworkClient:1063] [Consumer clientId=consumer-item_group-1, groupId=item_group] Bootstrap broker localhost:9092 (id: -1 rack: null) disconnected 
2025-01-06 09:15:37.745  INFO [org.apache.kafka.clients.NetworkClient:935] [Consumer clientId=consumer-item_group-1, groupId=item_group] Node -1 disconnected. 
2025-01-06 09:15:37.746  WARN [org.apache.kafka.clients.NetworkClient:775] [Consumer clientId=consumer-item_group-1, groupId=item_group] Connection to node -1 (localhost/127.0.0.1:9092) could not be established. Broker may not be available. 
2025-01-06 09:15:37.747  WARN [org.apache.kafka.clients.NetworkClient:1063] [Consumer clientId=consumer-item_group-1, groupId=item_group] Bootstrap broker localhost:9092 (id: -1 rack: null) disconnected 
2025-01-06 09:15:40.710  INFO [org.apache.kafka.clients.NetworkClient:935] [Consumer clientId=consumer-item_group-1, groupId=item_group] Node -1 disconnected. 
2025-01-06 09:15:40.712  WARN [org.apache.kafka.clients.NetworkClient:775] [Consumer clientId=consumer-item_group-1, groupId=item_group] Connection to node -1 (localhost/127.0.0.1:9092) could not be established. Broker may not be available. 
2025-01-06 09:15:40.713  WARN [org.apache.kafka.clients.NetworkClient:1063] [Consumer clientId=consumer-item_group-1, groupId=item_group] Bootstrap broker localhost:9092 (id: -1 rack: null) disconnected 
2025-01-06 09:15:43.601  INFO [org.apache.kafka.clients.NetworkClient:935] [Consumer clientId=consumer-item_group-1, groupId=item_group] Node -1 disconnected. 
2025-01-06 09:15:43.602  WARN [org.apache.kafka.clients.NetworkClient:775] [Consumer clientId=consumer-item_group-1, groupId=item_group] Connection to node -1 (localhost/127.0.0.1:9092) could not be established. Broker may not be available. 
2025-01-06 09:15:43.602  WARN [org.apache.kafka.clients.NetworkClient:1063] [Consumer clientId=consumer-item_group-1, groupId=item_group] Bootstrap broker localhost:9092 (id: -1 rack: null) disconnected 
2025-01-06 09:15:46.689  INFO [org.apache.kafka.clients.NetworkClient:935] [Consumer clientId=consumer-item_group-1, groupId=item_group] Node -1 disconnected. 
2025-01-06 09:15:46.690  WARN [org.apache.kafka.clients.NetworkClient:775] [Consumer clientId=consumer-item_group-1, groupId=item_group] Connection to node -1 (localhost/127.0.0.1:9092) could not be established. Broker may not be available. 
2025-01-06 09:15:46.690  WARN [org.apache.kafka.clients.NetworkClient:1063] [Consumer clientId=consumer-item_group-1, groupId=item_group] Bootstrap broker localhost:9092 (id: -1 rack: null) disconnected 
2025-01-06 09:15:49.862  INFO [org.apache.kafka.clients.NetworkClient:935] [Consumer clientId=consumer-item_group-1, groupId=item_group] Node -1 disconnected. 
2025-01-06 09:15:49.863  WARN [org.apache.kafka.clients.NetworkClient:775] [Consumer clientId=consumer-item_group-1, groupId=item_group] Connection to node -1 (localhost/127.0.0.1:9092) could not be established. Broker may not be available. 
2025-01-06 09:15:49.864  WARN [org.apache.kafka.clients.NetworkClient:1063] [Consumer clientId=consumer-item_group-1, groupId=item_group] Bootstrap broker localhost:9092 (id: -1 rack: null) disconnected 
2025-01-06 09:15:53.082  INFO [org.apache.kafka.clients.NetworkClient:935] [Consumer clientId=consumer-item_group-1, groupId=item_group] Node -1 disconnected. 
2025-01-06 09:15:53.083  WARN [org.apache.kafka.clients.NetworkClient:775] [Consumer clientId=consumer-item_group-1, groupId=item_group] Connection to node -1 (localhost/127.0.0.1:9092) could not be established. Broker may not be available. 
2025-01-06 09:15:53.084  WARN [org.apache.kafka.clients.NetworkClient:1063] [Consumer clientId=consumer-item_group-1, groupId=item_group] Bootstrap broker localhost:9092 (id: -1 rack: null) disconnected 
2025-01-06 09:15:56.095  INFO [org.apache.kafka.clients.NetworkClient:935] [Consumer clientId=consumer-item_group-1, groupId=item_group] Node -1 disconnected. 
2025-01-06 09:15:56.096  WARN [org.apache.kafka.clients.NetworkClient:775] [Consumer clientId=consumer-item_group-1, groupId=item_group] Connection to node -1 (localhost/127.0.0.1:9092) could not be established. Broker may not be available. 
2025-01-06 09:15:56.096  WARN [org.apache.kafka.clients.NetworkClient:1063] [Consumer clientId=consumer-item_group-1, groupId=item_group] Bootstrap broker localhost:9092 (id: -1 rack: null) disconnected 
2025-01-06 09:15:59.000  INFO [org.apache.kafka.clients.NetworkClient:935] [Consumer clientId=consumer-item_group-1, groupId=item_group] Node -1 disconnected. 
2025-01-06 09:15:59.001  WARN [org.apache.kafka.clients.NetworkClient:775] [Consumer clientId=consumer-item_group-1, groupId=item_group] Connection to node -1 (localhost/127.0.0.1:9092) could not be established. Broker may not be available. 
2025-01-06 09:15:59.001  WARN [org.apache.kafka.clients.NetworkClient:1063] [Consumer clientId=consumer-item_group-1, groupId=item_group] Bootstrap broker localhost:9092 (id: -1 rack: null) disconnected 
2025-01-06 09:16:02.086  INFO [org.apache.kafka.clients.NetworkClient:935] [Consumer clientId=consumer-item_group-1, groupId=item_group] Node -1 disconnected. 
2025-01-06 09:16:02.087  WARN [org.apache.kafka.clients.NetworkClient:775] [Consumer clientId=consumer-item_group-1, groupId=item_group] Connection to node -1 (localhost/127.0.0.1:9092) could not be established. Broker may not be available. 
2025-01-06 09:16:02.087  WARN [org.apache.kafka.clients.NetworkClient:1063] [Consumer clientId=consumer-item_group-1, groupId=item_group] Bootstrap broker localhost:9092 (id: -1 rack: null) disconnected 
2025-01-06 09:16:05.025  INFO [org.apache.kafka.clients.NetworkClient:935] [Consumer clientId=consumer-item_group-1, groupId=item_group] Node -1 disconnected. 
2025-01-06 09:16:05.026  WARN [org.apache.kafka.clients.NetworkClient:775] [Consumer clientId=consumer-item_group-1, groupId=item_group] Connection to node -1 (localhost/127.0.0.1:9092) could not be established. Broker may not be available. 
2025-01-06 09:16:05.027  WARN [org.apache.kafka.clients.NetworkClient:1063] [Consumer clientId=consumer-item_group-1, groupId=item_group] Bootstrap broker localhost:9092 (id: -1 rack: null) disconnected 
2025-01-06 09:16:08.303  INFO [org.apache.kafka.clients.NetworkClient:935] [Consumer clientId=consumer-item_group-1, groupId=item_group] Node -1 disconnected. 
2025-01-06 09:16:08.306  WARN [org.apache.kafka.clients.NetworkClient:775] [Consumer clientId=consumer-item_group-1, groupId=item_group] Connection to node -1 (localhost/127.0.0.1:9092) could not be established. Broker may not be available. 
2025-01-06 09:16:08.315  WARN [org.apache.kafka.clients.NetworkClient:1063] [Consumer clientId=consumer-item_group-1, groupId=item_group] Bootstrap broker localhost:9092 (id: -1 rack: null) disconnected 
2025-01-06 09:16:11.271  INFO [org.apache.kafka.clients.NetworkClient:935] [Consumer clientId=consumer-item_group-1, groupId=item_group] Node -1 disconnected. 
2025-01-06 09:16:11.272  WARN [org.apache.kafka.clients.NetworkClient:775] [Consumer clientId=consumer-item_group-1, groupId=item_group] Connection to node -1 (localhost/127.0.0.1:9092) could not be established. Broker may not be available. 
2025-01-06 09:16:11.273  WARN [org.apache.kafka.clients.NetworkClient:1063] [Consumer clientId=consumer-item_group-1, groupId=item_group] Bootstrap broker localhost:9092 (id: -1 rack: null) disconnected 
2025-01-06 09:16:14.473  INFO [org.apache.kafka.clients.NetworkClient:935] [Consumer clientId=consumer-item_group-1, groupId=item_group] Node -1 disconnected. 
2025-01-06 09:16:14.474  WARN [org.apache.kafka.clients.NetworkClient:775] [Consumer clientId=consumer-item_group-1, groupId=item_group] Connection to node -1 (localhost/127.0.0.1:9092) could not be established. Broker may not be available. 
2025-01-06 09:16:14.474  WARN [org.apache.kafka.clients.NetworkClient:1063] [Consumer clientId=consumer-item_group-1, groupId=item_group] Bootstrap broker localhost:9092 (id: -1 rack: null) disconnected 
2025-01-06 09:16:17.361  INFO [org.apache.kafka.clients.NetworkClient:935] [Consumer clientId=consumer-item_group-1, groupId=item_group] Node -1 disconnected. 
2025-01-06 09:16:17.363  WARN [org.apache.kafka.clients.NetworkClient:775] [Consumer clientId=consumer-item_group-1, groupId=item_group] Connection to node -1 (localhost/127.0.0.1:9092) could not be established. Broker may not be available. 
2025-01-06 09:16:17.363  WARN [org.apache.kafka.clients.NetworkClient:1063] [Consumer clientId=consumer-item_group-1, groupId=item_group] Bootstrap broker localhost:9092 (id: -1 rack: null) disconnected 
2025-01-06 09:16:20.421  INFO [org.apache.kafka.clients.NetworkClient:935] [Consumer clientId=consumer-item_group-1, groupId=item_group] Node -1 disconnected. 
2025-01-06 09:16:20.422  WARN [org.apache.kafka.clients.NetworkClient:775] [Consumer clientId=consumer-item_group-1, groupId=item_group] Connection to node -1 (localhost/127.0.0.1:9092) could not be established. Broker may not be available. 
2025-01-06 09:16:20.423  WARN [org.apache.kafka.clients.NetworkClient:1063] [Consumer clientId=consumer-item_group-1, groupId=item_group] Bootstrap broker localhost:9092 (id: -1 rack: null) disconnected 
2025-01-06 09:16:23.647  INFO [org.apache.kafka.clients.NetworkClient:935] [Consumer clientId=consumer-item_group-1, groupId=item_group] Node -1 disconnected. 
2025-01-06 09:16:23.648  WARN [org.apache.kafka.clients.NetworkClient:775] [Consumer clientId=consumer-item_group-1, groupId=item_group] Connection to node -1 (localhost/127.0.0.1:9092) could not be established. Broker may not be available. 
2025-01-06 09:16:23.648  WARN [org.apache.kafka.clients.NetworkClient:1063] [Consumer clientId=consumer-item_group-1, groupId=item_group] Bootstrap broker localhost:9092 (id: -1 rack: null) disconnected 
2025-01-06 09:16:26.675  INFO [org.apache.kafka.clients.NetworkClient:935] [Consumer clientId=consumer-item_group-1, groupId=item_group] Node -1 disconnected. 
2025-01-06 09:16:26.676  WARN [org.apache.kafka.clients.NetworkClient:775] [Consumer clientId=consumer-item_group-1, groupId=item_group] Connection to node -1 (localhost/127.0.0.1:9092) could not be established. Broker may not be available. 
2025-01-06 09:16:26.677  WARN [org.apache.kafka.clients.NetworkClient:1063] [Consumer clientId=consumer-item_group-1, groupId=item_group] Bootstrap broker localhost:9092 (id: -1 rack: null) disconnected 
2025-01-06 09:16:29.741  INFO [org.apache.kafka.clients.NetworkClient:935] [Consumer clientId=consumer-item_group-1, groupId=item_group] Node -1 disconnected. 
2025-01-06 09:16:29.742  WARN [org.apache.kafka.clients.NetworkClient:775] [Consumer clientId=consumer-item_group-1, groupId=item_group] Connection to node -1 (localhost/127.0.0.1:9092) could not be established. Broker may not be available. 
2025-01-06 09:16:29.742  WARN [org.apache.kafka.clients.NetworkClient:1063] [Consumer clientId=consumer-item_group-1, groupId=item_group] Bootstrap broker localhost:9092 (id: -1 rack: null) disconnected 
2025-01-06 09:16:32.960  INFO [org.apache.kafka.clients.NetworkClient:935] [Consumer clientId=consumer-item_group-1, groupId=item_group] Node -1 disconnected. 
2025-01-06 09:16:32.962  WARN [org.apache.kafka.clients.NetworkClient:775] [Consumer clientId=consumer-item_group-1, groupId=item_group] Connection to node -1 (localhost/127.0.0.1:9092) could not be established. Broker may not be available. 
2025-01-06 09:16:32.963  WARN [org.apache.kafka.clients.NetworkClient:1063] [Consumer clientId=consumer-item_group-1, groupId=item_group] Bootstrap broker localhost:9092 (id: -1 rack: null) disconnected 
2025-01-06 09:16:36.165  INFO [org.apache.kafka.clients.NetworkClient:935] [Consumer clientId=consumer-item_group-1, groupId=item_group] Node -1 disconnected. 
2025-01-06 09:16:36.167  WARN [org.apache.kafka.clients.NetworkClient:775] [Consumer clientId=consumer-item_group-1, groupId=item_group] Connection to node -1 (localhost/127.0.0.1:9092) could not be established. Broker may not be available. 
2025-01-06 09:16:36.167  WARN [org.apache.kafka.clients.NetworkClient:1063] [Consumer clientId=consumer-item_group-1, groupId=item_group] Bootstrap broker localhost:9092 (id: -1 rack: null) disconnected 
2025-01-06 09:16:39.238  INFO [org.apache.kafka.clients.NetworkClient:935] [Consumer clientId=consumer-item_group-1, groupId=item_group] Node -1 disconnected. 
2025-01-06 09:16:39.239  WARN [org.apache.kafka.clients.NetworkClient:775] [Consumer clientId=consumer-item_group-1, groupId=item_group] Connection to node -1 (localhost/127.0.0.1:9092) could not be established. Broker may not be available. 
2025-01-06 09:16:39.242  WARN [org.apache.kafka.clients.NetworkClient:1063] [Consumer clientId=consumer-item_group-1, groupId=item_group] Bootstrap broker localhost:9092 (id: -1 rack: null) disconnected 
2025-01-06 09:16:42.330  INFO [org.apache.kafka.clients.NetworkClient:935] [Consumer clientId=consumer-item_group-1, groupId=item_group] Node -1 disconnected. 
2025-01-06 09:16:42.331  WARN [org.apache.kafka.clients.NetworkClient:775] [Consumer clientId=consumer-item_group-1, groupId=item_group] Connection to node -1 (localhost/127.0.0.1:9092) could not be established. Broker may not be available. 
2025-01-06 09:16:42.332  WARN [org.apache.kafka.clients.NetworkClient:1063] [Consumer clientId=consumer-item_group-1, groupId=item_group] Bootstrap broker localhost:9092 (id: -1 rack: null) disconnected 
2025-01-06 09:16:45.549  INFO [org.apache.kafka.clients.NetworkClient:935] [Consumer clientId=consumer-item_group-1, groupId=item_group] Node -1 disconnected. 
2025-01-06 09:16:45.550  WARN [org.apache.kafka.clients.NetworkClient:775] [Consumer clientId=consumer-item_group-1, groupId=item_group] Connection to node -1 (localhost/127.0.0.1:9092) could not be established. Broker may not be available. 
2025-01-06 09:16:45.551  WARN [org.apache.kafka.clients.NetworkClient:1063] [Consumer clientId=consumer-item_group-1, groupId=item_group] Bootstrap broker localhost:9092 (id: -1 rack: null) disconnected 
2025-01-06 09:16:48.743  INFO [org.apache.kafka.clients.NetworkClient:935] [Consumer clientId=consumer-item_group-1, groupId=item_group] Node -1 disconnected. 
2025-01-06 09:16:48.743  WARN [org.apache.kafka.clients.NetworkClient:775] [Consumer clientId=consumer-item_group-1, groupId=item_group] Connection to node -1 (localhost/127.0.0.1:9092) could not be established. Broker may not be available. 
2025-01-06 09:16:48.743  WARN [org.apache.kafka.clients.NetworkClient:1063] [Consumer clientId=consumer-item_group-1, groupId=item_group] Bootstrap broker localhost:9092 (id: -1 rack: null) disconnected 
2025-01-06 09:16:51.756  INFO [org.apache.kafka.clients.NetworkClient:935] [Consumer clientId=consumer-item_group-1, groupId=item_group] Node -1 disconnected. 
2025-01-06 09:16:51.757  WARN [org.apache.kafka.clients.NetworkClient:775] [Consumer clientId=consumer-item_group-1, groupId=item_group] Connection to node -1 (localhost/127.0.0.1:9092) could not be established. Broker may not be available. 
2025-01-06 09:16:51.758  WARN [org.apache.kafka.clients.NetworkClient:1063] [Consumer clientId=consumer-item_group-1, groupId=item_group] Bootstrap broker localhost:9092 (id: -1 rack: null) disconnected 
2025-01-06 09:16:54.720  INFO [org.apache.kafka.clients.NetworkClient:935] [Consumer clientId=consumer-item_group-1, groupId=item_group] Node -1 disconnected. 
2025-01-06 09:16:54.721  WARN [org.apache.kafka.clients.NetworkClient:775] [Consumer clientId=consumer-item_group-1, groupId=item_group] Connection to node -1 (localhost/127.0.0.1:9092) could not be established. Broker may not be available. 
2025-01-06 09:16:54.722  WARN [org.apache.kafka.clients.NetworkClient:1063] [Consumer clientId=consumer-item_group-1, groupId=item_group] Bootstrap broker localhost:9092 (id: -1 rack: null) disconnected 
2025-01-06 09:16:57.812  INFO [org.apache.kafka.clients.NetworkClient:935] [Consumer clientId=consumer-item_group-1, groupId=item_group] Node -1 disconnected. 
2025-01-06 09:16:57.812  WARN [org.apache.kafka.clients.NetworkClient:775] [Consumer clientId=consumer-item_group-1, groupId=item_group] Connection to node -1 (localhost/127.0.0.1:9092) could not be established. Broker may not be available. 
2025-01-06 09:16:57.813  WARN [org.apache.kafka.clients.NetworkClient:1063] [Consumer clientId=consumer-item_group-1, groupId=item_group] Bootstrap broker localhost:9092 (id: -1 rack: null) disconnected 
2025-01-06 09:17:00.786  INFO [org.apache.kafka.clients.NetworkClient:935] [Consumer clientId=consumer-item_group-1, groupId=item_group] Node -1 disconnected. 
2025-01-06 09:17:00.787  WARN [org.apache.kafka.clients.NetworkClient:775] [Consumer clientId=consumer-item_group-1, groupId=item_group] Connection to node -1 (localhost/127.0.0.1:9092) could not be established. Broker may not be available. 
2025-01-06 09:17:00.787  WARN [org.apache.kafka.clients.NetworkClient:1063] [Consumer clientId=consumer-item_group-1, groupId=item_group] Bootstrap broker localhost:9092 (id: -1 rack: null) disconnected 
2025-01-06 09:17:03.765  INFO [org.apache.kafka.clients.NetworkClient:935] [Consumer clientId=consumer-item_group-1, groupId=item_group] Node -1 disconnected. 
2025-01-06 09:17:03.766  WARN [org.apache.kafka.clients.NetworkClient:775] [Consumer clientId=consumer-item_group-1, groupId=item_group] Connection to node -1 (localhost/127.0.0.1:9092) could not be established. Broker may not be available. 
2025-01-06 09:17:03.767  WARN [org.apache.kafka.clients.NetworkClient:1063] [Consumer clientId=consumer-item_group-1, groupId=item_group] Bootstrap broker localhost:9092 (id: -1 rack: null) disconnected 
2025-01-06 09:17:06.753  INFO [org.apache.kafka.clients.NetworkClient:935] [Consumer clientId=consumer-item_group-1, groupId=item_group] Node -1 disconnected. 
2025-01-06 09:17:06.754  WARN [org.apache.kafka.clients.NetworkClient:775] [Consumer clientId=consumer-item_group-1, groupId=item_group] Connection to node -1 (localhost/127.0.0.1:9092) could not be established. Broker may not be available. 
2025-01-06 09:17:06.754  WARN [org.apache.kafka.clients.NetworkClient:1063] [Consumer clientId=consumer-item_group-1, groupId=item_group] Bootstrap broker localhost:9092 (id: -1 rack: null) disconnected 
2025-01-06 09:17:10.040  INFO [org.apache.kafka.clients.NetworkClient:935] [Consumer clientId=consumer-item_group-1, groupId=item_group] Node -1 disconnected. 
2025-01-06 09:17:10.041  WARN [org.apache.kafka.clients.NetworkClient:775] [Consumer clientId=consumer-item_group-1, groupId=item_group] Connection to node -1 (localhost/127.0.0.1:9092) could not be established. Broker may not be available. 
2025-01-06 09:17:10.042  WARN [org.apache.kafka.clients.NetworkClient:1063] [Consumer clientId=consumer-item_group-1, groupId=item_group] Bootstrap broker localhost:9092 (id: -1 rack: null) disconnected 
2025-01-06 09:17:13.126  INFO [org.apache.kafka.clients.NetworkClient:935] [Consumer clientId=consumer-item_group-1, groupId=item_group] Node -1 disconnected. 
2025-01-06 09:17:13.127  WARN [org.apache.kafka.clients.NetworkClient:775] [Consumer clientId=consumer-item_group-1, groupId=item_group] Connection to node -1 (localhost/127.0.0.1:9092) could not be established. Broker may not be available. 
2025-01-06 09:17:13.127  WARN [org.apache.kafka.clients.NetworkClient:1063] [Consumer clientId=consumer-item_group-1, groupId=item_group] Bootstrap broker localhost:9092 (id: -1 rack: null) disconnected 
2025-01-06 09:17:16.274  INFO [org.apache.kafka.clients.NetworkClient:935] [Consumer clientId=consumer-item_group-1, groupId=item_group] Node -1 disconnected. 
2025-01-06 09:17:16.275  WARN [org.apache.kafka.clients.NetworkClient:775] [Consumer clientId=consumer-item_group-1, groupId=item_group] Connection to node -1 (localhost/127.0.0.1:9092) could not be established. Broker may not be available. 
2025-01-06 09:17:16.276  WARN [org.apache.kafka.clients.NetworkClient:1063] [Consumer clientId=consumer-item_group-1, groupId=item_group] Bootstrap broker localhost:9092 (id: -1 rack: null) disconnected 
2025-01-06 09:17:19.361  INFO [org.apache.kafka.clients.NetworkClient:935] [Consumer clientId=consumer-item_group-1, groupId=item_group] Node -1 disconnected. 
2025-01-06 09:17:19.362  WARN [org.apache.kafka.clients.NetworkClient:775] [Consumer clientId=consumer-item_group-1, groupId=item_group] Connection to node -1 (localhost/127.0.0.1:9092) could not be established. Broker may not be available. 
2025-01-06 09:17:19.362  WARN [org.apache.kafka.clients.NetworkClient:1063] [Consumer clientId=consumer-item_group-1, groupId=item_group] Bootstrap broker localhost:9092 (id: -1 rack: null) disconnected 
2025-01-06 09:17:22.350  INFO [org.apache.kafka.clients.NetworkClient:935] [Consumer clientId=consumer-item_group-1, groupId=item_group] Node -1 disconnected. 
2025-01-06 09:17:22.351  WARN [org.apache.kafka.clients.NetworkClient:775] [Consumer clientId=consumer-item_group-1, groupId=item_group] Connection to node -1 (localhost/127.0.0.1:9092) could not be established. Broker may not be available. 
2025-01-06 09:17:22.351  WARN [org.apache.kafka.clients.NetworkClient:1063] [Consumer clientId=consumer-item_group-1, groupId=item_group] Bootstrap broker localhost:9092 (id: -1 rack: null) disconnected 
2025-01-06 09:17:25.366  INFO [org.apache.kafka.clients.NetworkClient:935] [Consumer clientId=consumer-item_group-1, groupId=item_group] Node -1 disconnected. 
2025-01-06 09:17:25.367  WARN [org.apache.kafka.clients.NetworkClient:775] [Consumer clientId=consumer-item_group-1, groupId=item_group] Connection to node -1 (localhost/127.0.0.1:9092) could not be established. Broker may not be available. 
2025-01-06 09:17:25.367  WARN [org.apache.kafka.clients.NetworkClient:1063] [Consumer clientId=consumer-item_group-1, groupId=item_group] Bootstrap broker localhost:9092 (id: -1 rack: null) disconnected 
2025-01-06 09:17:28.406  INFO [org.apache.kafka.clients.NetworkClient:935] [Consumer clientId=consumer-item_group-1, groupId=item_group] Node -1 disconnected. 
2025-01-06 09:17:28.407  WARN [org.apache.kafka.clients.NetworkClient:775] [Consumer clientId=consumer-item_group-1, groupId=item_group] Connection to node -1 (localhost/127.0.0.1:9092) could not be established. Broker may not be available. 
2025-01-06 09:17:28.407  WARN [org.apache.kafka.clients.NetworkClient:1063] [Consumer clientId=consumer-item_group-1, groupId=item_group] Bootstrap broker localhost:9092 (id: -1 rack: null) disconnected 
2025-01-06 09:17:31.407  INFO [org.apache.kafka.clients.NetworkClient:935] [Consumer clientId=consumer-item_group-1, groupId=item_group] Node -1 disconnected. 
2025-01-06 09:17:31.409  WARN [org.apache.kafka.clients.NetworkClient:775] [Consumer clientId=consumer-item_group-1, groupId=item_group] Connection to node -1 (localhost/127.0.0.1:9092) could not be established. Broker may not be available. 
2025-01-06 09:17:31.409  WARN [org.apache.kafka.clients.NetworkClient:1063] [Consumer clientId=consumer-item_group-1, groupId=item_group] Bootstrap broker localhost:9092 (id: -1 rack: null) disconnected 
2025-01-06 09:17:34.511  INFO [org.apache.kafka.clients.NetworkClient:935] [Consumer clientId=consumer-item_group-1, groupId=item_group] Node -1 disconnected. 
2025-01-06 09:17:34.512  WARN [org.apache.kafka.clients.NetworkClient:775] [Consumer clientId=consumer-item_group-1, groupId=item_group] Connection to node -1 (localhost/127.0.0.1:9092) could not be established. Broker may not be available. 
2025-01-06 09:17:34.512  WARN [org.apache.kafka.clients.NetworkClient:1063] [Consumer clientId=consumer-item_group-1, groupId=item_group] Bootstrap broker localhost:9092 (id: -1 rack: null) disconnected 
2025-01-06 09:17:37.713  INFO [org.apache.kafka.clients.NetworkClient:935] [Consumer clientId=consumer-item_group-1, groupId=item_group] Node -1 disconnected. 
2025-01-06 09:17:37.714  WARN [org.apache.kafka.clients.NetworkClient:775] [Consumer clientId=consumer-item_group-1, groupId=item_group] Connection to node -1 (localhost/127.0.0.1:9092) could not be established. Broker may not be available. 
2025-01-06 09:17:37.714  WARN [org.apache.kafka.clients.NetworkClient:1063] [Consumer clientId=consumer-item_group-1, groupId=item_group] Bootstrap broker localhost:9092 (id: -1 rack: null) disconnected 
2025-01-06 09:17:40.672  INFO [org.apache.kafka.clients.NetworkClient:935] [Consumer clientId=consumer-item_group-1, groupId=item_group] Node -1 disconnected. 
2025-01-06 09:17:40.673  WARN [org.apache.kafka.clients.NetworkClient:775] [Consumer clientId=consumer-item_group-1, groupId=item_group] Connection to node -1 (localhost/127.0.0.1:9092) could not be established. Broker may not be available. 
2025-01-06 09:17:40.674  WARN [org.apache.kafka.clients.NetworkClient:1063] [Consumer clientId=consumer-item_group-1, groupId=item_group] Bootstrap broker localhost:9092 (id: -1 rack: null) disconnected 
2025-01-06 09:17:43.961  INFO [org.apache.kafka.clients.NetworkClient:935] [Consumer clientId=consumer-item_group-1, groupId=item_group] Node -1 disconnected. 
2025-01-06 09:17:43.962  WARN [org.apache.kafka.clients.NetworkClient:775] [Consumer clientId=consumer-item_group-1, groupId=item_group] Connection to node -1 (localhost/127.0.0.1:9092) could not be established. Broker may not be available. 
2025-01-06 09:17:43.963  WARN [org.apache.kafka.clients.NetworkClient:1063] [Consumer clientId=consumer-item_group-1, groupId=item_group] Bootstrap broker localhost:9092 (id: -1 rack: null) disconnected 
2025-01-06 09:17:46.914  INFO [org.apache.kafka.clients.NetworkClient:935] [Consumer clientId=consumer-item_group-1, groupId=item_group] Node -1 disconnected. 
2025-01-06 09:17:46.915  WARN [org.apache.kafka.clients.NetworkClient:775] [Consumer clientId=consumer-item_group-1, groupId=item_group] Connection to node -1 (localhost/127.0.0.1:9092) could not be established. Broker may not be available. 
2025-01-06 09:17:46.915  WARN [org.apache.kafka.clients.NetworkClient:1063] [Consumer clientId=consumer-item_group-1, groupId=item_group] Bootstrap broker localhost:9092 (id: -1 rack: null) disconnected 
2025-01-06 09:17:49.943  INFO [org.apache.kafka.clients.NetworkClient:935] [Consumer clientId=consumer-item_group-1, groupId=item_group] Node -1 disconnected. 
2025-01-06 09:17:49.944  WARN [org.apache.kafka.clients.NetworkClient:775] [Consumer clientId=consumer-item_group-1, groupId=item_group] Connection to node -1 (localhost/127.0.0.1:9092) could not be established. Broker may not be available. 
2025-01-06 09:17:49.944  WARN [org.apache.kafka.clients.NetworkClient:1063] [Consumer clientId=consumer-item_group-1, groupId=item_group] Bootstrap broker localhost:9092 (id: -1 rack: null) disconnected 
2025-01-06 09:17:53.145  INFO [org.apache.kafka.clients.NetworkClient:935] [Consumer clientId=consumer-item_group-1, groupId=item_group] Node -1 disconnected. 
2025-01-06 09:17:53.146  WARN [org.apache.kafka.clients.NetworkClient:775] [Consumer clientId=consumer-item_group-1, groupId=item_group] Connection to node -1 (localhost/127.0.0.1:9092) could not be established. Broker may not be available. 
2025-01-06 09:17:53.147  WARN [org.apache.kafka.clients.NetworkClient:1063] [Consumer clientId=consumer-item_group-1, groupId=item_group] Bootstrap broker localhost:9092 (id: -1 rack: null) disconnected 
2025-01-06 09:17:56.348  INFO [org.apache.kafka.clients.NetworkClient:935] [Consumer clientId=consumer-item_group-1, groupId=item_group] Node -1 disconnected. 
2025-01-06 09:17:56.348  WARN [org.apache.kafka.clients.NetworkClient:775] [Consumer clientId=consumer-item_group-1, groupId=item_group] Connection to node -1 (localhost/127.0.0.1:9092) could not be established. Broker may not be available. 
2025-01-06 09:17:56.348  WARN [org.apache.kafka.clients.NetworkClient:1063] [Consumer clientId=consumer-item_group-1, groupId=item_group] Bootstrap broker localhost:9092 (id: -1 rack: null) disconnected 
2025-01-06 09:17:59.492  WARN [org.apache.kafka.clients.NetworkClient:1103] [Consumer clientId=consumer-item_group-1, groupId=item_group] Error while fetching metadata with correlation id 33 : {Item_Topic=LEADER_NOT_AVAILABLE} 
2025-01-06 09:17:59.493  INFO [org.apache.kafka.clients.Metadata:287] [Consumer clientId=consumer-item_group-1, groupId=item_group] Cluster ID: 49Hel6tlRGKTDkLdquKN7Q 
2025-01-06 09:17:59.600  WARN [org.apache.kafka.clients.NetworkClient:1103] [Consumer clientId=consumer-item_group-1, groupId=item_group] Error while fetching metadata with correlation id 35 : {Item_Topic=LEADER_NOT_AVAILABLE} 
2025-01-06 09:17:59.709  WARN [org.apache.kafka.clients.NetworkClient:1103] [Consumer clientId=consumer-item_group-1, groupId=item_group] Error while fetching metadata with correlation id 37 : {Item_Topic=LEADER_NOT_AVAILABLE} 
2025-01-06 09:17:59.818  WARN [org.apache.kafka.clients.NetworkClient:1103] [Consumer clientId=consumer-item_group-1, groupId=item_group] Error while fetching metadata with correlation id 39 : {Item_Topic=LEADER_NOT_AVAILABLE} 
2025-01-06 09:17:59.927  INFO [org.apache.kafka.clients.Metadata:402] [Consumer clientId=consumer-item_group-1, groupId=item_group] Resetting the last seen epoch of partition Item_Topic-0 to 0 since the associated topicId changed from null to YTJkIAJ9QSqaTtxaIiJZWw 
2025-01-06 09:17:59.931  INFO [org.apache.kafka.clients.consumer.internals.ConsumerCoordinator:853] [Consumer clientId=consumer-item_group-1, groupId=item_group] Discovered group coordinator W49204302.woolworths.co.za:9092 (id: 2147483647 rack: null) 
2025-01-06 09:17:59.933  INFO [org.apache.kafka.clients.consumer.internals.ConsumerCoordinator:535] [Consumer clientId=consumer-item_group-1, groupId=item_group] (Re-)joining group 
2025-01-06 09:17:59.953  INFO [org.apache.kafka.clients.consumer.internals.ConsumerCoordinator:1000] [Consumer clientId=consumer-item_group-1, groupId=item_group] Request joining group due to: need to re-join with the given member-id 
2025-01-06 09:17:59.954  INFO [org.apache.kafka.clients.consumer.internals.ConsumerCoordinator:535] [Consumer clientId=consumer-item_group-1, groupId=item_group] (Re-)joining group 
2025-01-06 09:18:13.866  INFO [org.apache.kafka.clients.NetworkClient:935] [Consumer clientId=consumer-item_group-1, groupId=item_group] Node -1 disconnected. 
2025-01-06 09:18:13.869  INFO [org.apache.kafka.clients.NetworkClient:935] [Consumer clientId=consumer-item_group-1, groupId=item_group] Node 0 disconnected. 
2025-01-06 09:18:13.870  INFO [org.apache.kafka.clients.NetworkClient:341] [Consumer clientId=consumer-item_group-1, groupId=item_group] Cancelled in-flight METADATA request with correlation id 46 due to node 0 being disconnected (elapsed time since creation: 0ms, elapsed time since send: 0ms, request timeout: 30000ms) 
2025-01-06 09:18:13.870  INFO [org.apache.kafka.clients.NetworkClient:935] [Consumer clientId=consumer-item_group-1, groupId=item_group] Node 2147483647 disconnected. 
2025-01-06 09:18:13.870  INFO [org.apache.kafka.clients.NetworkClient:341] [Consumer clientId=consumer-item_group-1, groupId=item_group] Cancelled in-flight JOIN_GROUP request with correlation id 45 due to node 2147483647 being disconnected (elapsed time since creation: 13915ms, elapsed time since send: 13915ms, request timeout: 305000ms) 
2025-01-06 09:18:13.871  INFO [org.apache.kafka.clients.consumer.internals.ConsumerCoordinator:916] [Consumer clientId=consumer-item_group-1, groupId=item_group] Group coordinator W49204302.woolworths.co.za:9092 (id: 2147483647 rack: null) is unavailable or invalid due to cause: null.isDisconnected: true. Rediscovery will be attempted. 
2025-01-06 09:18:16.024  INFO [org.apache.kafka.clients.NetworkClient:935] [Consumer clientId=consumer-item_group-1, groupId=item_group] Node 0 disconnected. 
2025-01-06 09:18:16.025  WARN [org.apache.kafka.clients.NetworkClient:775] [Consumer clientId=consumer-item_group-1, groupId=item_group] Connection to node 0 (W49204302.woolworths.co.za/172.18.65.175:9092) could not be established. Broker may not be available. 
2025-01-06 09:18:18.176  INFO [org.apache.kafka.clients.NetworkClient:935] [Consumer clientId=consumer-item_group-1, groupId=item_group] Node 0 disconnected. 
2025-01-06 09:18:18.177  WARN [org.apache.kafka.clients.NetworkClient:775] [Consumer clientId=consumer-item_group-1, groupId=item_group] Connection to node 0 (W49204302.woolworths.co.za/192.168.8.7:9092) could not be established. Broker may not be available. 
2025-01-06 09:18:20.443  INFO [org.apache.kafka.clients.NetworkClient:935] [Consumer clientId=consumer-item_group-1, groupId=item_group] Node 0 disconnected. 
2025-01-06 09:18:20.445  WARN [org.apache.kafka.clients.NetworkClient:775] [Consumer clientId=consumer-item_group-1, groupId=item_group] Connection to node 0 (W49204302.woolworths.co.za/172.18.65.175:9092) could not be established. Broker may not be available. 
2025-01-06 09:18:22.846  INFO [org.apache.kafka.clients.NetworkClient:935] [Consumer clientId=consumer-item_group-1, groupId=item_group] Node 0 disconnected. 
2025-01-06 09:18:22.847  WARN [org.apache.kafka.clients.NetworkClient:775] [Consumer clientId=consumer-item_group-1, groupId=item_group] Connection to node 0 (W49204302.woolworths.co.za/192.168.8.7:9092) could not be established. Broker may not be available. 
2025-01-06 09:18:25.803  INFO [org.apache.kafka.clients.NetworkClient:935] [Consumer clientId=consumer-item_group-1, groupId=item_group] Node 0 disconnected. 
2025-01-06 09:18:25.804  WARN [org.apache.kafka.clients.NetworkClient:775] [Consumer clientId=consumer-item_group-1, groupId=item_group] Connection to node 0 (W49204302.woolworths.co.za/172.18.65.175:9092) could not be established. Broker may not be available. 
2025-01-06 09:18:28.770  INFO [org.apache.kafka.clients.NetworkClient:935] [Consumer clientId=consumer-item_group-1, groupId=item_group] Node 0 disconnected. 
2025-01-06 09:18:28.771  WARN [org.apache.kafka.clients.NetworkClient:775] [Consumer clientId=consumer-item_group-1, groupId=item_group] Connection to node 0 (W49204302.woolworths.co.za/192.168.8.7:9092) could not be established. Broker may not be available. 
2025-01-06 09:18:31.811  INFO [org.apache.kafka.clients.NetworkClient:935] [Consumer clientId=consumer-item_group-1, groupId=item_group] Node 0 disconnected. 
2025-01-06 09:18:31.812  WARN [org.apache.kafka.clients.NetworkClient:775] [Consumer clientId=consumer-item_group-1, groupId=item_group] Connection to node 0 (W49204302.woolworths.co.za/172.18.65.175:9092) could not be established. Broker may not be available. 
2025-01-06 09:18:34.985  INFO [org.apache.kafka.clients.NetworkClient:935] [Consumer clientId=consumer-item_group-1, groupId=item_group] Node 0 disconnected. 
2025-01-06 09:18:34.985  WARN [org.apache.kafka.clients.NetworkClient:775] [Consumer clientId=consumer-item_group-1, groupId=item_group] Connection to node 0 (W49204302.woolworths.co.za/192.168.8.7:9092) could not be established. Broker may not be available. 
2025-01-06 09:18:37.977  INFO [org.apache.kafka.clients.NetworkClient:935] [Consumer clientId=consumer-item_group-1, groupId=item_group] Node 0 disconnected. 
2025-01-06 09:18:37.977  WARN [org.apache.kafka.clients.NetworkClient:775] [Consumer clientId=consumer-item_group-1, groupId=item_group] Connection to node 0 (W49204302.woolworths.co.za/172.18.65.175:9092) could not be established. Broker may not be available. 
2025-01-06 09:18:40.985  INFO [org.apache.kafka.clients.NetworkClient:935] [Consumer clientId=consumer-item_group-1, groupId=item_group] Node 0 disconnected. 
2025-01-06 09:18:40.985  WARN [org.apache.kafka.clients.NetworkClient:775] [Consumer clientId=consumer-item_group-1, groupId=item_group] Connection to node 0 (W49204302.woolworths.co.za/192.168.8.7:9092) could not be established. Broker may not be available. 
2025-01-06 09:18:44.114  INFO [org.apache.kafka.clients.NetworkClient:935] [Consumer clientId=consumer-item_group-1, groupId=item_group] Node 0 disconnected. 
2025-01-06 09:18:44.114  WARN [org.apache.kafka.clients.NetworkClient:775] [Consumer clientId=consumer-item_group-1, groupId=item_group] Connection to node 0 (W49204302.woolworths.co.za/172.18.65.175:9092) could not be established. Broker may not be available. 
2025-01-06 09:18:47.260  INFO [org.apache.kafka.clients.NetworkClient:935] [Consumer clientId=consumer-item_group-1, groupId=item_group] Node 0 disconnected. 
2025-01-06 09:18:47.261  WARN [org.apache.kafka.clients.NetworkClient:775] [Consumer clientId=consumer-item_group-1, groupId=item_group] Connection to node 0 (W49204302.woolworths.co.za/192.168.8.7:9092) could not be established. Broker may not be available. 
2025-01-06 09:18:50.223  INFO [org.apache.kafka.clients.NetworkClient:935] [Consumer clientId=consumer-item_group-1, groupId=item_group] Node 0 disconnected. 
2025-01-06 09:18:50.224  WARN [org.apache.kafka.clients.NetworkClient:775] [Consumer clientId=consumer-item_group-1, groupId=item_group] Connection to node 0 (W49204302.woolworths.co.za/172.18.65.175:9092) could not be established. Broker may not be available. 
2025-01-06 09:18:53.199  INFO [org.apache.kafka.clients.NetworkClient:935] [Consumer clientId=consumer-item_group-1, groupId=item_group] Node 0 disconnected. 
2025-01-06 09:18:53.199  WARN [org.apache.kafka.clients.NetworkClient:775] [Consumer clientId=consumer-item_group-1, groupId=item_group] Connection to node 0 (W49204302.woolworths.co.za/192.168.8.7:9092) could not be established. Broker may not be available. 
2025-01-06 09:18:56.328  INFO [org.apache.kafka.clients.NetworkClient:935] [Consumer clientId=consumer-item_group-1, groupId=item_group] Node 0 disconnected. 
2025-01-06 09:18:56.329  WARN [org.apache.kafka.clients.NetworkClient:775] [Consumer clientId=consumer-item_group-1, groupId=item_group] Connection to node 0 (W49204302.woolworths.co.za/172.18.65.175:9092) could not be established. Broker may not be available. 
2025-01-06 09:18:59.221  INFO [org.apache.kafka.clients.NetworkClient:935] [Consumer clientId=consumer-item_group-1, groupId=item_group] Node 0 disconnected. 
2025-01-06 09:18:59.222  WARN [org.apache.kafka.clients.NetworkClient:775] [Consumer clientId=consumer-item_group-1, groupId=item_group] Connection to node 0 (W49204302.woolworths.co.za/192.168.8.7:9092) could not be established. Broker may not be available. 
2025-01-06 09:19:02.315  INFO [org.apache.kafka.clients.NetworkClient:935] [Consumer clientId=consumer-item_group-1, groupId=item_group] Node 0 disconnected. 
2025-01-06 09:19:02.316  WARN [org.apache.kafka.clients.NetworkClient:775] [Consumer clientId=consumer-item_group-1, groupId=item_group] Connection to node 0 (W49204302.woolworths.co.za/172.18.65.175:9092) could not be established. Broker may not be available. 
2025-01-06 09:19:05.404  INFO [org.apache.kafka.clients.NetworkClient:935] [Consumer clientId=consumer-item_group-1, groupId=item_group] Node 0 disconnected. 
2025-01-06 09:19:05.405  WARN [org.apache.kafka.clients.NetworkClient:775] [Consumer clientId=consumer-item_group-1, groupId=item_group] Connection to node 0 (W49204302.woolworths.co.za/192.168.8.7:9092) could not be established. Broker may not be available. 
2025-01-06 09:19:08.552  INFO [org.apache.kafka.clients.NetworkClient:935] [Consumer clientId=consumer-item_group-1, groupId=item_group] Node 0 disconnected. 
2025-01-06 09:19:08.553  WARN [org.apache.kafka.clients.NetworkClient:775] [Consumer clientId=consumer-item_group-1, groupId=item_group] Connection to node 0 (W49204302.woolworths.co.za/172.18.65.175:9092) could not be established. Broker may not be available. 
2025-01-06 09:19:11.788  INFO [org.apache.kafka.clients.NetworkClient:935] [Consumer clientId=consumer-item_group-1, groupId=item_group] Node 0 disconnected. 
2025-01-06 09:19:11.789  WARN [org.apache.kafka.clients.NetworkClient:775] [Consumer clientId=consumer-item_group-1, groupId=item_group] Connection to node 0 (W49204302.woolworths.co.za/192.168.8.7:9092) could not be established. Broker may not be available. 
2025-01-06 09:19:14.695  INFO [org.apache.kafka.clients.NetworkClient:935] [Consumer clientId=consumer-item_group-1, groupId=item_group] Node 0 disconnected. 
2025-01-06 09:19:14.696  WARN [org.apache.kafka.clients.NetworkClient:775] [Consumer clientId=consumer-item_group-1, groupId=item_group] Connection to node 0 (W49204302.woolworths.co.za/172.18.65.175:9092) could not be established. Broker may not be available. 
2025-01-06 09:19:17.596  INFO [org.apache.kafka.clients.NetworkClient:935] [Consumer clientId=consumer-item_group-1, groupId=item_group] Node 0 disconnected. 
2025-01-06 09:19:17.597  WARN [org.apache.kafka.clients.NetworkClient:775] [Consumer clientId=consumer-item_group-1, groupId=item_group] Connection to node 0 (W49204302.woolworths.co.za/192.168.8.7:9092) could not be established. Broker may not be available. 
2025-01-06 09:19:20.752  INFO [org.apache.kafka.clients.NetworkClient:935] [Consumer clientId=consumer-item_group-1, groupId=item_group] Node 0 disconnected. 
2025-01-06 09:19:20.754  WARN [org.apache.kafka.clients.NetworkClient:775] [Consumer clientId=consumer-item_group-1, groupId=item_group] Connection to node 0 (W49204302.woolworths.co.za/172.18.65.175:9092) could not be established. Broker may not be available. 
2025-01-06 09:19:23.908  INFO [org.apache.kafka.clients.NetworkClient:935] [Consumer clientId=consumer-item_group-1, groupId=item_group] Node 0 disconnected. 
2025-01-06 09:19:23.909  WARN [org.apache.kafka.clients.NetworkClient:775] [Consumer clientId=consumer-item_group-1, groupId=item_group] Connection to node 0 (W49204302.woolworths.co.za/192.168.8.7:9092) could not be established. Broker may not be available. 
2025-01-06 09:19:27.180  INFO [org.apache.kafka.clients.NetworkClient:935] [Consumer clientId=consumer-item_group-1, groupId=item_group] Node 0 disconnected. 
2025-01-06 09:19:27.181  WARN [org.apache.kafka.clients.NetworkClient:775] [Consumer clientId=consumer-item_group-1, groupId=item_group] Connection to node 0 (W49204302.woolworths.co.za/172.18.65.175:9092) could not be established. Broker may not be available. 
2025-01-06 09:19:30.324  INFO [org.apache.kafka.clients.NetworkClient:935] [Consumer clientId=consumer-item_group-1, groupId=item_group] Node 0 disconnected. 
2025-01-06 09:19:30.325  WARN [org.apache.kafka.clients.NetworkClient:775] [Consumer clientId=consumer-item_group-1, groupId=item_group] Connection to node 0 (W49204302.woolworths.co.za/192.168.8.7:9092) could not be established. Broker may not be available. 
2025-01-06 09:19:33.421  INFO [org.apache.kafka.clients.NetworkClient:935] [Consumer clientId=consumer-item_group-1, groupId=item_group] Node 0 disconnected. 
2025-01-06 09:19:33.422  WARN [org.apache.kafka.clients.NetworkClient:775] [Consumer clientId=consumer-item_group-1, groupId=item_group] Connection to node 0 (W49204302.woolworths.co.za/172.18.65.175:9092) could not be established. Broker may not be available. 
2025-01-06 09:19:36.647  INFO [org.apache.kafka.clients.NetworkClient:935] [Consumer clientId=consumer-item_group-1, groupId=item_group] Node 0 disconnected. 
2025-01-06 09:19:36.648  WARN [org.apache.kafka.clients.NetworkClient:775] [Consumer clientId=consumer-item_group-1, groupId=item_group] Connection to node 0 (W49204302.woolworths.co.za/192.168.8.7:9092) could not be established. Broker may not be available. 
2025-01-06 09:19:39.770  INFO [org.apache.kafka.clients.NetworkClient:935] [Consumer clientId=consumer-item_group-1, groupId=item_group] Node 0 disconnected. 
2025-01-06 09:19:39.771  WARN [org.apache.kafka.clients.NetworkClient:775] [Consumer clientId=consumer-item_group-1, groupId=item_group] Connection to node 0 (W49204302.woolworths.co.za/172.18.65.175:9092) could not be established. Broker may not be available. 
2025-01-06 09:19:42.730  INFO [org.apache.kafka.clients.NetworkClient:935] [Consumer clientId=consumer-item_group-1, groupId=item_group] Node 0 disconnected. 
2025-01-06 09:19:42.731  WARN [org.apache.kafka.clients.NetworkClient:775] [Consumer clientId=consumer-item_group-1, groupId=item_group] Connection to node 0 (W49204302.woolworths.co.za/192.168.8.7:9092) could not be established. Broker may not be available. 
2025-01-06 09:19:45.926  INFO [org.apache.kafka.clients.NetworkClient:935] [Consumer clientId=consumer-item_group-1, groupId=item_group] Node 0 disconnected. 
2025-01-06 09:19:45.926  WARN [org.apache.kafka.clients.NetworkClient:775] [Consumer clientId=consumer-item_group-1, groupId=item_group] Connection to node 0 (W49204302.woolworths.co.za/172.18.65.175:9092) could not be established. Broker may not be available. 
2025-01-06 09:19:49.199  INFO [org.apache.kafka.clients.NetworkClient:935] [Consumer clientId=consumer-item_group-1, groupId=item_group] Node 0 disconnected. 
2025-01-06 09:19:49.199  WARN [org.apache.kafka.clients.NetworkClient:775] [Consumer clientId=consumer-item_group-1, groupId=item_group] Connection to node 0 (W49204302.woolworths.co.za/192.168.8.7:9092) could not be established. Broker may not be available. 
2025-01-06 09:19:52.255  INFO [org.apache.kafka.clients.NetworkClient:935] [Consumer clientId=consumer-item_group-1, groupId=item_group] Node 0 disconnected. 
2025-01-06 09:19:52.255  WARN [org.apache.kafka.clients.NetworkClient:775] [Consumer clientId=consumer-item_group-1, groupId=item_group] Connection to node 0 (W49204302.woolworths.co.za/172.18.65.175:9092) could not be established. Broker may not be available. 
2025-01-06 09:19:55.130  INFO [org.apache.kafka.clients.NetworkClient:935] [Consumer clientId=consumer-item_group-1, groupId=item_group] Node 0 disconnected. 
2025-01-06 09:19:55.130  WARN [org.apache.kafka.clients.NetworkClient:775] [Consumer clientId=consumer-item_group-1, groupId=item_group] Connection to node 0 (W49204302.woolworths.co.za/192.168.8.7:9092) could not be established. Broker may not be available. 
2025-01-06 09:19:58.270  INFO [org.apache.kafka.clients.NetworkClient:935] [Consumer clientId=consumer-item_group-1, groupId=item_group] Node 0 disconnected. 
2025-01-06 09:19:58.270  WARN [org.apache.kafka.clients.NetworkClient:775] [Consumer clientId=consumer-item_group-1, groupId=item_group] Connection to node 0 (W49204302.woolworths.co.za/172.18.65.175:9092) could not be established. Broker may not be available. 
2025-01-06 09:20:01.379  INFO [org.apache.kafka.clients.NetworkClient:935] [Consumer clientId=consumer-item_group-1, groupId=item_group] Node 0 disconnected. 
2025-01-06 09:20:01.380  WARN [org.apache.kafka.clients.NetworkClient:775] [Consumer clientId=consumer-item_group-1, groupId=item_group] Connection to node 0 (W49204302.woolworths.co.za/192.168.8.7:9092) could not be established. Broker may not be available. 
2025-01-06 09:20:04.356  INFO [org.apache.kafka.clients.NetworkClient:935] [Consumer clientId=consumer-item_group-1, groupId=item_group] Node 0 disconnected. 
2025-01-06 09:20:04.356  WARN [org.apache.kafka.clients.NetworkClient:775] [Consumer clientId=consumer-item_group-1, groupId=item_group] Connection to node 0 (W49204302.woolworths.co.za/172.18.65.175:9092) could not be established. Broker may not be available. 
2025-01-06 09:20:07.442  INFO [org.apache.kafka.clients.NetworkClient:935] [Consumer clientId=consumer-item_group-1, groupId=item_group] Node 0 disconnected. 
2025-01-06 09:20:07.443  WARN [org.apache.kafka.clients.NetworkClient:775] [Consumer clientId=consumer-item_group-1, groupId=item_group] Connection to node 0 (W49204302.woolworths.co.za/192.168.8.7:9092) could not be established. Broker may not be available. 
2025-01-06 09:20:10.522  INFO [org.apache.kafka.clients.NetworkClient:935] [Consumer clientId=consumer-item_group-1, groupId=item_group] Node 0 disconnected. 
2025-01-06 09:20:10.524  WARN [org.apache.kafka.clients.NetworkClient:775] [Consumer clientId=consumer-item_group-1, groupId=item_group] Connection to node 0 (W49204302.woolworths.co.za/172.18.65.175:9092) could not be established. Broker may not be available. 
2025-01-06 09:20:13.595  INFO [org.apache.kafka.clients.NetworkClient:935] [Consumer clientId=consumer-item_group-1, groupId=item_group] Node 0 disconnected. 
2025-01-06 09:20:13.595  WARN [org.apache.kafka.clients.NetworkClient:775] [Consumer clientId=consumer-item_group-1, groupId=item_group] Connection to node 0 (W49204302.woolworths.co.za/192.168.8.7:9092) could not be established. Broker may not be available. 
2025-01-06 09:20:16.477  INFO [org.apache.kafka.clients.NetworkClient:935] [Consumer clientId=consumer-item_group-1, groupId=item_group] Node 0 disconnected. 
2025-01-06 09:20:16.478  WARN [org.apache.kafka.clients.NetworkClient:775] [Consumer clientId=consumer-item_group-1, groupId=item_group] Connection to node 0 (W49204302.woolworths.co.za/172.18.65.175:9092) could not be established. Broker may not be available. 
2025-01-06 09:20:19.497  INFO [org.apache.kafka.clients.NetworkClient:935] [Consumer clientId=consumer-item_group-1, groupId=item_group] Node 0 disconnected. 
2025-01-06 09:20:19.497  WARN [org.apache.kafka.clients.NetworkClient:775] [Consumer clientId=consumer-item_group-1, groupId=item_group] Connection to node 0 (W49204302.woolworths.co.za/192.168.8.7:9092) could not be established. Broker may not be available. 
2025-01-06 09:20:22.785  INFO [org.apache.kafka.clients.NetworkClient:935] [Consumer clientId=consumer-item_group-1, groupId=item_group] Node 0 disconnected. 
2025-01-06 09:20:22.785  WARN [org.apache.kafka.clients.NetworkClient:775] [Consumer clientId=consumer-item_group-1, groupId=item_group] Connection to node 0 (W49204302.woolworths.co.za/172.18.65.175:9092) could not be established. Broker may not be available. 
2025-01-06 09:20:26.018  INFO [org.apache.kafka.clients.NetworkClient:935] [Consumer clientId=consumer-item_group-1, groupId=item_group] Node 0 disconnected. 
2025-01-06 09:20:26.018  WARN [org.apache.kafka.clients.NetworkClient:775] [Consumer clientId=consumer-item_group-1, groupId=item_group] Connection to node 0 (W49204302.woolworths.co.za/192.168.8.7:9092) could not be established. Broker may not be available. 
2025-01-06 09:20:29.156  INFO [org.apache.kafka.clients.NetworkClient:935] [Consumer clientId=consumer-item_group-1, groupId=item_group] Node 0 disconnected. 
2025-01-06 09:20:29.156  WARN [org.apache.kafka.clients.NetworkClient:775] [Consumer clientId=consumer-item_group-1, groupId=item_group] Connection to node 0 (W49204302.woolworths.co.za/172.18.65.175:9092) could not be established. Broker may not be available. 
2025-01-06 09:20:32.246  INFO [org.apache.kafka.clients.NetworkClient:935] [Consumer clientId=consumer-item_group-1, groupId=item_group] Node 0 disconnected. 
2025-01-06 09:20:32.247  WARN [org.apache.kafka.clients.NetworkClient:775] [Consumer clientId=consumer-item_group-1, groupId=item_group] Connection to node 0 (W49204302.woolworths.co.za/192.168.8.7:9092) could not be established. Broker may not be available. 
2025-01-06 09:20:35.341  INFO [org.apache.kafka.clients.NetworkClient:935] [Consumer clientId=consumer-item_group-1, groupId=item_group] Node 0 disconnected. 
2025-01-06 09:20:35.342  WARN [org.apache.kafka.clients.NetworkClient:775] [Consumer clientId=consumer-item_group-1, groupId=item_group] Connection to node 0 (W49204302.woolworths.co.za/172.18.65.175:9092) could not be established. Broker may not be available. 
2025-01-06 09:20:38.297  INFO [org.apache.kafka.clients.NetworkClient:935] [Consumer clientId=consumer-item_group-1, groupId=item_group] Node 0 disconnected. 
2025-01-06 09:20:38.298  WARN [org.apache.kafka.clients.NetworkClient:775] [Consumer clientId=consumer-item_group-1, groupId=item_group] Connection to node 0 (W49204302.woolworths.co.za/192.168.8.7:9092) could not be established. Broker may not be available. 
2025-01-06 09:20:41.439  INFO [org.apache.kafka.clients.NetworkClient:935] [Consumer clientId=consumer-item_group-1, groupId=item_group] Node 0 disconnected. 
2025-01-06 09:20:41.441  WARN [org.apache.kafka.clients.NetworkClient:775] [Consumer clientId=consumer-item_group-1, groupId=item_group] Connection to node 0 (W49204302.woolworths.co.za/172.18.65.175:9092) could not be established. Broker may not be available. 
2025-01-06 09:20:44.575  INFO [org.apache.kafka.clients.NetworkClient:935] [Consumer clientId=consumer-item_group-1, groupId=item_group] Node 0 disconnected. 
2025-01-06 09:20:44.576  WARN [org.apache.kafka.clients.NetworkClient:775] [Consumer clientId=consumer-item_group-1, groupId=item_group] Connection to node 0 (W49204302.woolworths.co.za/192.168.8.7:9092) could not be established. Broker may not be available. 
2025-01-06 09:20:47.546  INFO [org.apache.kafka.clients.NetworkClient:935] [Consumer clientId=consumer-item_group-1, groupId=item_group] Node 0 disconnected. 
2025-01-06 09:20:47.547  WARN [org.apache.kafka.clients.NetworkClient:775] [Consumer clientId=consumer-item_group-1, groupId=item_group] Connection to node 0 (W49204302.woolworths.co.za/172.18.65.175:9092) could not be established. Broker may not be available. 
2025-01-06 09:20:50.813  INFO [org.apache.kafka.clients.NetworkClient:935] [Consumer clientId=consumer-item_group-1, groupId=item_group] Node 0 disconnected. 
2025-01-06 09:20:50.814  WARN [org.apache.kafka.clients.NetworkClient:775] [Consumer clientId=consumer-item_group-1, groupId=item_group] Connection to node 0 (W49204302.woolworths.co.za/192.168.8.7:9092) could not be established. Broker may not be available. 
2025-01-06 09:20:54.040  INFO [org.apache.kafka.clients.NetworkClient:935] [Consumer clientId=consumer-item_group-1, groupId=item_group] Node 0 disconnected. 
2025-01-06 09:20:54.041  WARN [org.apache.kafka.clients.NetworkClient:775] [Consumer clientId=consumer-item_group-1, groupId=item_group] Connection to node 0 (W49204302.woolworths.co.za/172.18.65.175:9092) could not be established. Broker may not be available. 
2025-01-06 09:20:57.322  INFO [org.apache.kafka.clients.NetworkClient:935] [Consumer clientId=consumer-item_group-1, groupId=item_group] Node 0 disconnected. 
2025-01-06 09:20:57.323  WARN [org.apache.kafka.clients.NetworkClient:775] [Consumer clientId=consumer-item_group-1, groupId=item_group] Connection to node 0 (W49204302.woolworths.co.za/192.168.8.7:9092) could not be established. Broker may not be available. 
2025-01-06 09:21:00.477  INFO [org.apache.kafka.clients.NetworkClient:935] [Consumer clientId=consumer-item_group-1, groupId=item_group] Node 0 disconnected. 
2025-01-06 09:21:00.477  WARN [org.apache.kafka.clients.NetworkClient:775] [Consumer clientId=consumer-item_group-1, groupId=item_group] Connection to node 0 (W49204302.woolworths.co.za/172.18.65.175:9092) could not be established. Broker may not be available. 
2025-01-06 09:21:03.573  INFO [org.apache.kafka.clients.NetworkClient:935] [Consumer clientId=consumer-item_group-1, groupId=item_group] Node 0 disconnected. 
2025-01-06 09:21:03.575  WARN [org.apache.kafka.clients.NetworkClient:775] [Consumer clientId=consumer-item_group-1, groupId=item_group] Connection to node 0 (W49204302.woolworths.co.za/192.168.8.7:9092) could not be established. Broker may not be available. 
2025-01-06 09:21:06.522  INFO [org.apache.kafka.clients.NetworkClient:935] [Consumer clientId=consumer-item_group-1, groupId=item_group] Node 0 disconnected. 
2025-01-06 09:21:06.523  WARN [org.apache.kafka.clients.NetworkClient:775] [Consumer clientId=consumer-item_group-1, groupId=item_group] Connection to node 0 (W49204302.woolworths.co.za/172.18.65.175:9092) could not be established. Broker may not be available. 
2025-01-06 09:21:09.484  INFO [org.apache.kafka.clients.NetworkClient:935] [Consumer clientId=consumer-item_group-1, groupId=item_group] Node 0 disconnected. 
2025-01-06 09:21:09.485  WARN [org.apache.kafka.clients.NetworkClient:775] [Consumer clientId=consumer-item_group-1, groupId=item_group] Connection to node 0 (W49204302.woolworths.co.za/192.168.8.7:9092) could not be established. Broker may not be available. 
2025-01-06 09:21:12.442  INFO [org.apache.kafka.clients.NetworkClient:935] [Consumer clientId=consumer-item_group-1, groupId=item_group] Node 0 disconnected. 
2025-01-06 09:21:12.442  WARN [org.apache.kafka.clients.NetworkClient:775] [Consumer clientId=consumer-item_group-1, groupId=item_group] Connection to node 0 (W49204302.woolworths.co.za/172.18.65.175:9092) could not be established. Broker may not be available. 
2025-01-06 09:21:15.596  INFO [org.apache.kafka.clients.NetworkClient:935] [Consumer clientId=consumer-item_group-1, groupId=item_group] Node 0 disconnected. 
2025-01-06 09:21:15.596  WARN [org.apache.kafka.clients.NetworkClient:775] [Consumer clientId=consumer-item_group-1, groupId=item_group] Connection to node 0 (W49204302.woolworths.co.za/192.168.8.7:9092) could not be established. Broker may not be available. 
2025-01-06 09:21:18.745  INFO [org.apache.kafka.clients.NetworkClient:935] [Consumer clientId=consumer-item_group-1, groupId=item_group] Node 0 disconnected. 
2025-01-06 09:21:18.745  WARN [org.apache.kafka.clients.NetworkClient:775] [Consumer clientId=consumer-item_group-1, groupId=item_group] Connection to node 0 (W49204302.woolworths.co.za/172.18.65.175:9092) could not be established. Broker may not be available. 
2025-01-06 09:21:21.735  INFO [org.apache.kafka.clients.NetworkClient:935] [Consumer clientId=consumer-item_group-1, groupId=item_group] Node 0 disconnected. 
2025-01-06 09:21:21.735  WARN [org.apache.kafka.clients.NetworkClient:775] [Consumer clientId=consumer-item_group-1, groupId=item_group] Connection to node 0 (W49204302.woolworths.co.za/192.168.8.7:9092) could not be established. Broker may not be available. 
2025-01-06 09:21:24.748  INFO [org.apache.kafka.clients.NetworkClient:935] [Consumer clientId=consumer-item_group-1, groupId=item_group] Node 0 disconnected. 
2025-01-06 09:21:24.749  WARN [org.apache.kafka.clients.NetworkClient:775] [Consumer clientId=consumer-item_group-1, groupId=item_group] Connection to node 0 (W49204302.woolworths.co.za/172.18.65.175:9092) could not be established. Broker may not be available. 
2025-01-06 09:21:27.901  INFO [org.apache.kafka.clients.NetworkClient:935] [Consumer clientId=consumer-item_group-1, groupId=item_group] Node 0 disconnected. 
2025-01-06 09:21:27.901  WARN [org.apache.kafka.clients.NetworkClient:775] [Consumer clientId=consumer-item_group-1, groupId=item_group] Connection to node 0 (W49204302.woolworths.co.za/192.168.8.7:9092) could not be established. Broker may not be available. 
2025-01-06 09:21:31.061  INFO [org.apache.kafka.clients.NetworkClient:935] [Consumer clientId=consumer-item_group-1, groupId=item_group] Node 0 disconnected. 
2025-01-06 09:21:31.062  WARN [org.apache.kafka.clients.NetworkClient:775] [Consumer clientId=consumer-item_group-1, groupId=item_group] Connection to node 0 (W49204302.woolworths.co.za/172.18.65.175:9092) could not be established. Broker may not be available. 
2025-01-06 09:21:34.329  INFO [org.apache.kafka.clients.NetworkClient:935] [Consumer clientId=consumer-item_group-1, groupId=item_group] Node 0 disconnected. 
2025-01-06 09:21:34.330  WARN [org.apache.kafka.clients.NetworkClient:775] [Consumer clientId=consumer-item_group-1, groupId=item_group] Connection to node 0 (W49204302.woolworths.co.za/192.168.8.7:9092) could not be established. Broker may not be available. 
2025-01-06 09:21:37.550  INFO [org.apache.kafka.clients.NetworkClient:935] [Consumer clientId=consumer-item_group-1, groupId=item_group] Node 0 disconnected. 
2025-01-06 09:21:37.551  WARN [org.apache.kafka.clients.NetworkClient:775] [Consumer clientId=consumer-item_group-1, groupId=item_group] Connection to node 0 (W49204302.woolworths.co.za/172.18.65.175:9092) could not be established. Broker may not be available. 
2025-01-06 09:21:40.773  INFO [org.apache.kafka.clients.NetworkClient:935] [Consumer clientId=consumer-item_group-1, groupId=item_group] Node 0 disconnected. 
2025-01-06 09:21:40.774  WARN [org.apache.kafka.clients.NetworkClient:775] [Consumer clientId=consumer-item_group-1, groupId=item_group] Connection to node 0 (W49204302.woolworths.co.za/192.168.8.7:9092) could not be established. Broker may not be available. 
2025-01-06 09:21:43.750  INFO [org.apache.kafka.clients.NetworkClient:935] [Consumer clientId=consumer-item_group-1, groupId=item_group] Node 0 disconnected. 
2025-01-06 09:21:43.751  WARN [org.apache.kafka.clients.NetworkClient:775] [Consumer clientId=consumer-item_group-1, groupId=item_group] Connection to node 0 (W49204302.woolworths.co.za/172.18.65.175:9092) could not be established. Broker may not be available. 
2025-01-06 09:21:46.654  INFO [org.apache.kafka.clients.NetworkClient:935] [Consumer clientId=consumer-item_group-1, groupId=item_group] Node 0 disconnected. 
2025-01-06 09:21:46.655  WARN [org.apache.kafka.clients.NetworkClient:775] [Consumer clientId=consumer-item_group-1, groupId=item_group] Connection to node 0 (W49204302.woolworths.co.za/192.168.8.7:9092) could not be established. Broker may not be available. 
2025-01-06 09:21:49.741  INFO [org.apache.kafka.clients.NetworkClient:935] [Consumer clientId=consumer-item_group-1, groupId=item_group] Node 0 disconnected. 
2025-01-06 09:21:49.742  WARN [org.apache.kafka.clients.NetworkClient:775] [Consumer clientId=consumer-item_group-1, groupId=item_group] Connection to node 0 (W49204302.woolworths.co.za/172.18.65.175:9092) could not be established. Broker may not be available. 
2025-01-06 09:21:52.942  INFO [org.apache.kafka.clients.NetworkClient:935] [Consumer clientId=consumer-item_group-1, groupId=item_group] Node 0 disconnected. 
2025-01-06 09:21:52.943  WARN [org.apache.kafka.clients.NetworkClient:775] [Consumer clientId=consumer-item_group-1, groupId=item_group] Connection to node 0 (W49204302.woolworths.co.za/192.168.8.7:9092) could not be established. Broker may not be available. 
2025-01-06 09:21:56.153  INFO [org.apache.kafka.clients.NetworkClient:935] [Consumer clientId=consumer-item_group-1, groupId=item_group] Node 0 disconnected. 
2025-01-06 09:21:56.154  WARN [org.apache.kafka.clients.NetworkClient:775] [Consumer clientId=consumer-item_group-1, groupId=item_group] Connection to node 0 (W49204302.woolworths.co.za/172.18.65.175:9092) could not be established. Broker may not be available. 
2025-01-06 09:21:59.378  INFO [org.apache.kafka.clients.NetworkClient:935] [Consumer clientId=consumer-item_group-1, groupId=item_group] Node 0 disconnected. 
2025-01-06 09:21:59.380  WARN [org.apache.kafka.clients.NetworkClient:775] [Consumer clientId=consumer-item_group-1, groupId=item_group] Connection to node 0 (W49204302.woolworths.co.za/192.168.8.7:9092) could not be established. Broker may not be available. 
2025-01-06 09:22:02.350  INFO [org.apache.kafka.clients.NetworkClient:935] [Consumer clientId=consumer-item_group-1, groupId=item_group] Node 0 disconnected. 
2025-01-06 09:22:02.352  WARN [org.apache.kafka.clients.NetworkClient:775] [Consumer clientId=consumer-item_group-1, groupId=item_group] Connection to node 0 (W49204302.woolworths.co.za/172.18.65.175:9092) could not be established. Broker may not be available. 
2025-01-06 09:22:05.264  INFO [org.apache.kafka.clients.NetworkClient:935] [Consumer clientId=consumer-item_group-1, groupId=item_group] Node 0 disconnected. 
2025-01-06 09:22:05.265  WARN [org.apache.kafka.clients.NetworkClient:775] [Consumer clientId=consumer-item_group-1, groupId=item_group] Connection to node 0 (W49204302.woolworths.co.za/192.168.8.7:9092) could not be established. Broker may not be available. 
2025-01-06 09:22:08.484  INFO [org.apache.kafka.clients.NetworkClient:935] [Consumer clientId=consumer-item_group-1, groupId=item_group] Node 0 disconnected. 
2025-01-06 09:22:08.485  WARN [org.apache.kafka.clients.NetworkClient:775] [Consumer clientId=consumer-item_group-1, groupId=item_group] Connection to node 0 (W49204302.woolworths.co.za/172.18.65.175:9092) could not be established. Broker may not be available. 
2025-01-06 09:22:11.453  INFO [org.apache.kafka.clients.NetworkClient:935] [Consumer clientId=consumer-item_group-1, groupId=item_group] Node 0 disconnected. 
2025-01-06 09:22:11.454  WARN [org.apache.kafka.clients.NetworkClient:775] [Consumer clientId=consumer-item_group-1, groupId=item_group] Connection to node 0 (W49204302.woolworths.co.za/192.168.8.7:9092) could not be established. Broker may not be available. 
2025-01-06 09:22:14.355  INFO [org.apache.kafka.clients.NetworkClient:935] [Consumer clientId=consumer-item_group-1, groupId=item_group] Node 0 disconnected. 
2025-01-06 09:22:14.356  WARN [org.apache.kafka.clients.NetworkClient:775] [Consumer clientId=consumer-item_group-1, groupId=item_group] Connection to node 0 (W49204302.woolworths.co.za/172.18.65.175:9092) could not be established. Broker may not be available. 
2025-01-06 09:22:17.427  INFO [org.apache.catalina.core.ContainerBase.[Tomcat].[localhost].[/]:173] Initializing Spring DispatcherServlet 'dispatcherServlet' 
2025-01-06 09:22:17.428  INFO [org.springframework.web.servlet.DispatcherServlet:525] Initializing Servlet 'dispatcherServlet' 
2025-01-06 09:22:17.428 DEBUG [org.springframework.web.servlet.DispatcherServlet:520] Detected StandardServletMultipartResolver 
2025-01-06 09:22:17.429 DEBUG [org.springframework.web.servlet.DispatcherServlet:544] Detected AcceptHeaderLocaleResolver 
2025-01-06 09:22:17.429 DEBUG [org.springframework.web.servlet.DispatcherServlet:569] Detected FixedThemeResolver 
2025-01-06 09:22:17.430 DEBUG [org.springframework.web.servlet.DispatcherServlet:719] Detected org.springframework.web.servlet.view.DefaultRequestToViewNameTranslator@76876421 
2025-01-06 09:22:17.430 DEBUG [org.springframework.web.servlet.DispatcherServlet:783] Detected org.springframework.web.servlet.support.SessionFlashMapManager@13b5598b 
2025-01-06 09:22:17.431 DEBUG [org.springframework.web.servlet.DispatcherServlet:542] enableLoggingRequestDetails='false': request parameters and headers will be masked to prevent unsafe logging of potentially sensitive data 
2025-01-06 09:22:17.431  INFO [org.springframework.web.servlet.DispatcherServlet:547] Completed initialization in 3 ms 
2025-01-06 09:22:17.450 DEBUG [org.springframework.web.servlet.DispatcherServlet:119] POST "/item-kafka/app/publish-items/v1", parameters={} 
2025-01-06 09:22:17.458 DEBUG [org.springframework.web.servlet.mvc.method.annotation.RequestMappingHandlerMapping:522] Mapped to za.co.woolworths.itemkafka_poc.controller.ItemProducerController#createItemKafkaTopic() 
2025-01-06 09:22:17.571  INFO [org.apache.kafka.clients.NetworkClient:935] [Consumer clientId=consumer-item_group-1, groupId=item_group] Node 0 disconnected. 
2025-01-06 09:22:17.571  WARN [org.apache.kafka.clients.NetworkClient:775] [Consumer clientId=consumer-item_group-1, groupId=item_group] Connection to node 0 (W49204302.woolworths.co.za/192.168.8.7:9092) could not be established. Broker may not be available. 
2025-01-06 09:22:17.833  INFO [org.apache.kafka.clients.producer.ProducerConfig:376] ProducerConfig values: 
	acks = -1
	batch.size = 16384
	bootstrap.servers = [localhost:9092]
	buffer.memory = 33554432
	client.dns.lookup = use_all_dns_ips
	client.id = producer-1
	compression.type = none
	connections.max.idle.ms = 540000
	delivery.timeout.ms = 120000
	enable.idempotence = true
	interceptor.classes = []
	key.serializer = class org.apache.kafka.common.serialization.StringSerializer
	linger.ms = 0
	max.block.ms = 60000
	max.in.flight.requests.per.connection = 5
	max.request.size = 1048576
	metadata.max.age.ms = 300000
	metadata.max.idle.ms = 300000
	metric.reporters = []
	metrics.num.samples = 2
	metrics.recording.level = INFO
	metrics.sample.window.ms = 30000
	partitioner.class = class org.apache.kafka.clients.producer.internals.DefaultPartitioner
	receive.buffer.bytes = 32768
	reconnect.backoff.max.ms = 1000
	reconnect.backoff.ms = 50
	request.timeout.ms = 30000
	retries = 2147483647
	retry.backoff.ms = 100
	sasl.client.callback.handler.class = null
	sasl.jaas.config = null
	sasl.kerberos.kinit.cmd = /usr/bin/kinit
	sasl.kerberos.min.time.before.relogin = 60000
	sasl.kerberos.service.name = null
	sasl.kerberos.ticket.renew.jitter = 0.05
	sasl.kerberos.ticket.renew.window.factor = 0.8
	sasl.login.callback.handler.class = null
	sasl.login.class = null
	sasl.login.connect.timeout.ms = null
	sasl.login.read.timeout.ms = null
	sasl.login.refresh.buffer.seconds = 300
	sasl.login.refresh.min.period.seconds = 60
	sasl.login.refresh.window.factor = 0.8
	sasl.login.refresh.window.jitter = 0.05
	sasl.login.retry.backoff.max.ms = 10000
	sasl.login.retry.backoff.ms = 100
	sasl.mechanism = GSSAPI
	sasl.oauthbearer.clock.skew.seconds = 30
	sasl.oauthbearer.expected.audience = null
	sasl.oauthbearer.expected.issuer = null
	sasl.oauthbearer.jwks.endpoint.refresh.ms = 3600000
	sasl.oauthbearer.jwks.endpoint.retry.backoff.max.ms = 10000
	sasl.oauthbearer.jwks.endpoint.retry.backoff.ms = 100
	sasl.oauthbearer.jwks.endpoint.url = null
	sasl.oauthbearer.scope.claim.name = scope
	sasl.oauthbearer.sub.claim.name = sub
	sasl.oauthbearer.token.endpoint.url = null
	security.protocol = PLAINTEXT
	security.providers = null
	send.buffer.bytes = 131072
	socket.connection.setup.timeout.max.ms = 30000
	socket.connection.setup.timeout.ms = 10000
	ssl.cipher.suites = null
	ssl.enabled.protocols = [TLSv1.2, TLSv1.3]
	ssl.endpoint.identification.algorithm = https
	ssl.engine.factory.class = null
	ssl.key.password = null
	ssl.keymanager.algorithm = SunX509
	ssl.keystore.certificate.chain = null
	ssl.keystore.key = null
	ssl.keystore.location = null
	ssl.keystore.password = null
	ssl.keystore.type = JKS
	ssl.protocol = TLSv1.3
	ssl.provider = null
	ssl.secure.random.implementation = null
	ssl.trustmanager.algorithm = PKIX
	ssl.truststore.certificates = null
	ssl.truststore.location = null
	ssl.truststore.password = null
	ssl.truststore.type = JKS
	transaction.timeout.ms = 60000
	transactional.id = null
	value.serializer = class org.apache.kafka.common.serialization.StringSerializer
 
2025-01-06 09:22:17.850  INFO [org.apache.kafka.clients.producer.KafkaProducer:572] [Producer clientId=producer-1] Instantiated an idempotent producer. 
2025-01-06 09:22:17.861  INFO [org.apache.kafka.common.utils.AppInfoParser:119] Kafka version: 3.1.1 
2025-01-06 09:22:17.861  INFO [org.apache.kafka.common.utils.AppInfoParser:120] Kafka commitId: 97671528ba54a138 
2025-01-06 09:22:17.861  INFO [org.apache.kafka.common.utils.AppInfoParser:121] Kafka startTimeMs: 1736148137861 
2025-01-06 09:22:19.910  INFO [org.apache.kafka.clients.NetworkClient:935] [Producer clientId=producer-1] Node -1 disconnected. 
2025-01-06 09:22:19.911  WARN [org.apache.kafka.clients.NetworkClient:775] [Producer clientId=producer-1] Connection to node -1 (localhost/127.0.0.1:9092) could not be established. Broker may not be available. 
2025-01-06 09:22:19.911  WARN [org.apache.kafka.clients.NetworkClient:1063] [Producer clientId=producer-1] Bootstrap broker localhost:9092 (id: -1 rack: null) disconnected 
2025-01-06 09:22:20.779  INFO [org.apache.kafka.clients.NetworkClient:935] [Consumer clientId=consumer-item_group-1, groupId=item_group] Node 0 disconnected. 
2025-01-06 09:22:20.780  WARN [org.apache.kafka.clients.NetworkClient:775] [Consumer clientId=consumer-item_group-1, groupId=item_group] Connection to node 0 (W49204302.woolworths.co.za/172.18.65.175:9092) could not be established. Broker may not be available. 
2025-01-06 09:22:22.070  INFO [org.apache.kafka.clients.NetworkClient:935] [Producer clientId=producer-1] Node -1 disconnected. 
2025-01-06 09:22:22.070  WARN [org.apache.kafka.clients.NetworkClient:775] [Producer clientId=producer-1] Connection to node -1 (localhost/127.0.0.1:9092) could not be established. Broker may not be available. 
2025-01-06 09:22:22.070  WARN [org.apache.kafka.clients.NetworkClient:1063] [Producer clientId=producer-1] Bootstrap broker localhost:9092 (id: -1 rack: null) disconnected 
2025-01-06 09:22:24.057  INFO [org.apache.kafka.clients.NetworkClient:935] [Consumer clientId=consumer-item_group-1, groupId=item_group] Node 0 disconnected. 
2025-01-06 09:22:24.057  WARN [org.apache.kafka.clients.NetworkClient:775] [Consumer clientId=consumer-item_group-1, groupId=item_group] Connection to node 0 (W49204302.woolworths.co.za/192.168.8.7:9092) could not be established. Broker may not be available. 
2025-01-06 09:22:24.228  INFO [org.apache.kafka.clients.NetworkClient:935] [Producer clientId=producer-1] Node -1 disconnected. 
2025-01-06 09:22:24.229  WARN [org.apache.kafka.clients.NetworkClient:775] [Producer clientId=producer-1] Connection to node -1 (localhost/127.0.0.1:9092) could not be established. Broker may not be available. 
2025-01-06 09:22:24.230  WARN [org.apache.kafka.clients.NetworkClient:1063] [Producer clientId=producer-1] Bootstrap broker localhost:9092 (id: -1 rack: null) disconnected 
2025-01-06 09:22:26.509  INFO [org.apache.kafka.clients.NetworkClient:935] [Producer clientId=producer-1] Node -1 disconnected. 
2025-01-06 09:22:26.510  WARN [org.apache.kafka.clients.NetworkClient:775] [Producer clientId=producer-1] Connection to node -1 (localhost/127.0.0.1:9092) could not be established. Broker may not be available. 
2025-01-06 09:22:26.510  WARN [org.apache.kafka.clients.NetworkClient:1063] [Producer clientId=producer-1] Bootstrap broker localhost:9092 (id: -1 rack: null) disconnected 
2025-01-06 09:22:27.208  INFO [org.apache.kafka.clients.NetworkClient:935] [Consumer clientId=consumer-item_group-1, groupId=item_group] Node 0 disconnected. 
2025-01-06 09:22:27.209  WARN [org.apache.kafka.clients.NetworkClient:775] [Consumer clientId=consumer-item_group-1, groupId=item_group] Connection to node 0 (W49204302.woolworths.co.za/172.18.65.175:9092) could not be established. Broker may not be available. 
2025-01-06 09:22:28.908  INFO [org.apache.kafka.clients.NetworkClient:935] [Producer clientId=producer-1] Node -1 disconnected. 
2025-01-06 09:22:28.909  WARN [org.apache.kafka.clients.NetworkClient:775] [Producer clientId=producer-1] Connection to node -1 (localhost/127.0.0.1:9092) could not be established. Broker may not be available. 
2025-01-06 09:22:28.909  WARN [org.apache.kafka.clients.NetworkClient:1063] [Producer clientId=producer-1] Bootstrap broker localhost:9092 (id: -1 rack: null) disconnected 
2025-01-06 09:22:30.361  INFO [org.apache.kafka.clients.NetworkClient:935] [Consumer clientId=consumer-item_group-1, groupId=item_group] Node 0 disconnected. 
2025-01-06 09:22:30.362  WARN [org.apache.kafka.clients.NetworkClient:775] [Consumer clientId=consumer-item_group-1, groupId=item_group] Connection to node 0 (W49204302.woolworths.co.za/192.168.8.7:9092) could not be established. Broker may not be available. 
2025-01-06 09:22:31.798  INFO [org.apache.kafka.clients.NetworkClient:935] [Producer clientId=producer-1] Node -1 disconnected. 
2025-01-06 09:22:31.799  WARN [org.apache.kafka.clients.NetworkClient:775] [Producer clientId=producer-1] Connection to node -1 (localhost/127.0.0.1:9092) could not be established. Broker may not be available. 
2025-01-06 09:22:31.799  WARN [org.apache.kafka.clients.NetworkClient:1063] [Producer clientId=producer-1] Bootstrap broker localhost:9092 (id: -1 rack: null) disconnected 
2025-01-06 09:22:33.326  INFO [org.apache.kafka.clients.NetworkClient:935] [Consumer clientId=consumer-item_group-1, groupId=item_group] Node 0 disconnected. 
2025-01-06 09:22:33.327  WARN [org.apache.kafka.clients.NetworkClient:775] [Consumer clientId=consumer-item_group-1, groupId=item_group] Connection to node 0 (W49204302.woolworths.co.za/172.18.65.175:9092) could not be established. Broker may not be available. 
2025-01-06 09:22:34.823  INFO [org.apache.kafka.clients.NetworkClient:935] [Producer clientId=producer-1] Node -1 disconnected. 
2025-01-06 09:22:34.824  WARN [org.apache.kafka.clients.NetworkClient:775] [Producer clientId=producer-1] Connection to node -1 (localhost/127.0.0.1:9092) could not be established. Broker may not be available. 
2025-01-06 09:22:34.824  WARN [org.apache.kafka.clients.NetworkClient:1063] [Producer clientId=producer-1] Bootstrap broker localhost:9092 (id: -1 rack: null) disconnected 
2025-01-06 09:22:36.427  INFO [org.apache.kafka.clients.NetworkClient:935] [Consumer clientId=consumer-item_group-1, groupId=item_group] Node 0 disconnected. 
2025-01-06 09:22:36.427  WARN [org.apache.kafka.clients.NetworkClient:775] [Consumer clientId=consumer-item_group-1, groupId=item_group] Connection to node 0 (W49204302.woolworths.co.za/192.168.8.7:9092) could not be established. Broker may not be available. 
2025-01-06 09:22:37.797  INFO [org.apache.kafka.clients.NetworkClient:935] [Producer clientId=producer-1] Node -1 disconnected. 
2025-01-06 09:22:37.798  WARN [org.apache.kafka.clients.NetworkClient:775] [Producer clientId=producer-1] Connection to node -1 (localhost/127.0.0.1:9092) could not be established. Broker may not be available. 
2025-01-06 09:22:37.799  WARN [org.apache.kafka.clients.NetworkClient:1063] [Producer clientId=producer-1] Bootstrap broker localhost:9092 (id: -1 rack: null) disconnected 
2025-01-06 09:22:39.707  INFO [org.apache.kafka.clients.NetworkClient:935] [Consumer clientId=consumer-item_group-1, groupId=item_group] Node 0 disconnected. 
2025-01-06 09:22:39.708  WARN [org.apache.kafka.clients.NetworkClient:775] [Consumer clientId=consumer-item_group-1, groupId=item_group] Connection to node 0 (W49204302.woolworths.co.za/172.18.65.175:9092) could not be established. Broker may not be available. 
2025-01-06 09:22:40.702  INFO [org.apache.kafka.clients.NetworkClient:935] [Producer clientId=producer-1] Node -1 disconnected. 
2025-01-06 09:22:40.703  WARN [org.apache.kafka.clients.NetworkClient:775] [Producer clientId=producer-1] Connection to node -1 (localhost/127.0.0.1:9092) could not be established. Broker may not be available. 
2025-01-06 09:22:40.704  WARN [org.apache.kafka.clients.NetworkClient:1063] [Producer clientId=producer-1] Bootstrap broker localhost:9092 (id: -1 rack: null) disconnected 
2025-01-06 09:22:42.805  INFO [org.apache.kafka.clients.NetworkClient:935] [Consumer clientId=consumer-item_group-1, groupId=item_group] Node 0 disconnected. 
2025-01-06 09:22:42.806  WARN [org.apache.kafka.clients.NetworkClient:775] [Consumer clientId=consumer-item_group-1, groupId=item_group] Connection to node 0 (W49204302.woolworths.co.za/192.168.8.7:9092) could not be established. Broker may not be available. 
2025-01-06 09:22:43.613  INFO [org.apache.kafka.clients.NetworkClient:935] [Producer clientId=producer-1] Node -1 disconnected. 
2025-01-06 09:22:43.614  WARN [org.apache.kafka.clients.NetworkClient:775] [Producer clientId=producer-1] Connection to node -1 (localhost/127.0.0.1:9092) could not be established. Broker may not be available. 
2025-01-06 09:22:43.615  WARN [org.apache.kafka.clients.NetworkClient:1063] [Producer clientId=producer-1] Bootstrap broker localhost:9092 (id: -1 rack: null) disconnected 
2025-01-06 09:22:45.777  INFO [org.apache.kafka.clients.NetworkClient:935] [Consumer clientId=consumer-item_group-1, groupId=item_group] Node 0 disconnected. 
2025-01-06 09:22:45.778  WARN [org.apache.kafka.clients.NetworkClient:775] [Consumer clientId=consumer-item_group-1, groupId=item_group] Connection to node 0 (W49204302.woolworths.co.za/172.18.65.175:9092) could not be established. Broker may not be available. 
2025-01-06 09:22:46.775  INFO [org.apache.kafka.clients.NetworkClient:935] [Producer clientId=producer-1] Node -1 disconnected. 
2025-01-06 09:22:46.776  WARN [org.apache.kafka.clients.NetworkClient:775] [Producer clientId=producer-1] Connection to node -1 (localhost/127.0.0.1:9092) could not be established. Broker may not be available. 
2025-01-06 09:22:46.777  WARN [org.apache.kafka.clients.NetworkClient:1063] [Producer clientId=producer-1] Bootstrap broker localhost:9092 (id: -1 rack: null) disconnected 
2025-01-06 09:22:48.798  INFO [org.apache.kafka.clients.NetworkClient:935] [Consumer clientId=consumer-item_group-1, groupId=item_group] Node 0 disconnected. 
2025-01-06 09:22:48.799  WARN [org.apache.kafka.clients.NetworkClient:775] [Consumer clientId=consumer-item_group-1, groupId=item_group] Connection to node 0 (W49204302.woolworths.co.za/192.168.8.7:9092) could not be established. Broker may not be available. 
2025-01-06 09:22:49.728  INFO [org.apache.kafka.clients.NetworkClient:935] [Producer clientId=producer-1] Node -1 disconnected. 
2025-01-06 09:22:49.729  WARN [org.apache.kafka.clients.NetworkClient:775] [Producer clientId=producer-1] Connection to node -1 (localhost/127.0.0.1:9092) could not be established. Broker may not be available. 
2025-01-06 09:22:49.729  WARN [org.apache.kafka.clients.NetworkClient:1063] [Producer clientId=producer-1] Bootstrap broker localhost:9092 (id: -1 rack: null) disconnected 
2025-01-06 09:22:51.831  INFO [org.apache.kafka.clients.NetworkClient:935] [Consumer clientId=consumer-item_group-1, groupId=item_group] Node 0 disconnected. 
2025-01-06 09:22:51.832  WARN [org.apache.kafka.clients.NetworkClient:775] [Consumer clientId=consumer-item_group-1, groupId=item_group] Connection to node 0 (W49204302.woolworths.co.za/172.18.65.175:9092) could not be established. Broker may not be available. 
2025-01-06 09:22:52.985  INFO [org.apache.kafka.clients.NetworkClient:935] [Producer clientId=producer-1] Node -1 disconnected. 
2025-01-06 09:22:52.986  WARN [org.apache.kafka.clients.NetworkClient:775] [Producer clientId=producer-1] Connection to node -1 (localhost/127.0.0.1:9092) could not be established. Broker may not be available. 
2025-01-06 09:22:52.986  WARN [org.apache.kafka.clients.NetworkClient:1063] [Producer clientId=producer-1] Bootstrap broker localhost:9092 (id: -1 rack: null) disconnected 
2025-01-06 09:22:54.991  INFO [org.apache.kafka.clients.NetworkClient:935] [Consumer clientId=consumer-item_group-1, groupId=item_group] Node 0 disconnected. 
2025-01-06 09:22:54.992  WARN [org.apache.kafka.clients.NetworkClient:775] [Consumer clientId=consumer-item_group-1, groupId=item_group] Connection to node 0 (W49204302.woolworths.co.za/192.168.8.7:9092) could not be established. Broker may not be available. 
2025-01-06 09:22:56.205  INFO [org.apache.kafka.clients.NetworkClient:935] [Producer clientId=producer-1] Node -1 disconnected. 
2025-01-06 09:22:56.206  WARN [org.apache.kafka.clients.NetworkClient:775] [Producer clientId=producer-1] Connection to node -1 (localhost/127.0.0.1:9092) could not be established. Broker may not be available. 
2025-01-06 09:22:56.207  WARN [org.apache.kafka.clients.NetworkClient:1063] [Producer clientId=producer-1] Bootstrap broker localhost:9092 (id: -1 rack: null) disconnected 
2025-01-06 09:22:57.950  INFO [org.apache.kafka.clients.NetworkClient:935] [Consumer clientId=consumer-item_group-1, groupId=item_group] Node 0 disconnected. 
2025-01-06 09:22:57.951  WARN [org.apache.kafka.clients.NetworkClient:775] [Consumer clientId=consumer-item_group-1, groupId=item_group] Connection to node 0 (W49204302.woolworths.co.za/172.18.65.175:9092) could not be established. Broker may not be available. 
2025-01-06 09:22:59.182  INFO [org.apache.kafka.clients.NetworkClient:935] [Producer clientId=producer-1] Node -1 disconnected. 
2025-01-06 09:22:59.184  WARN [org.apache.kafka.clients.NetworkClient:775] [Producer clientId=producer-1] Connection to node -1 (localhost/127.0.0.1:9092) could not be established. Broker may not be available. 
2025-01-06 09:22:59.184  WARN [org.apache.kafka.clients.NetworkClient:1063] [Producer clientId=producer-1] Bootstrap broker localhost:9092 (id: -1 rack: null) disconnected 
2025-01-06 09:23:01.052  INFO [org.apache.kafka.clients.NetworkClient:935] [Consumer clientId=consumer-item_group-1, groupId=item_group] Node 0 disconnected. 
2025-01-06 09:23:01.053  WARN [org.apache.kafka.clients.NetworkClient:775] [Consumer clientId=consumer-item_group-1, groupId=item_group] Connection to node 0 (W49204302.woolworths.co.za/192.168.8.7:9092) could not be established. Broker may not be available. 
2025-01-06 09:23:02.279  INFO [org.apache.kafka.clients.NetworkClient:935] [Producer clientId=producer-1] Node -1 disconnected. 
2025-01-06 09:23:02.280  WARN [org.apache.kafka.clients.NetworkClient:775] [Producer clientId=producer-1] Connection to node -1 (localhost/127.0.0.1:9092) could not be established. Broker may not be available. 
2025-01-06 09:23:02.280  WARN [org.apache.kafka.clients.NetworkClient:1063] [Producer clientId=producer-1] Bootstrap broker localhost:9092 (id: -1 rack: null) disconnected 
2025-01-06 09:23:04.145  INFO [org.apache.kafka.clients.NetworkClient:935] [Consumer clientId=consumer-item_group-1, groupId=item_group] Node 0 disconnected. 
2025-01-06 09:23:04.146  WARN [org.apache.kafka.clients.NetworkClient:775] [Consumer clientId=consumer-item_group-1, groupId=item_group] Connection to node 0 (W49204302.woolworths.co.za/172.18.65.175:9092) could not be established. Broker may not be available. 
2025-01-06 09:23:05.499  INFO [org.apache.kafka.clients.NetworkClient:935] [Producer clientId=producer-1] Node -1 disconnected. 
2025-01-06 09:23:05.500  WARN [org.apache.kafka.clients.NetworkClient:775] [Producer clientId=producer-1] Connection to node -1 (localhost/127.0.0.1:9092) could not be established. Broker may not be available. 
2025-01-06 09:23:05.501  WARN [org.apache.kafka.clients.NetworkClient:1063] [Producer clientId=producer-1] Bootstrap broker localhost:9092 (id: -1 rack: null) disconnected 
2025-01-06 09:23:07.185  INFO [org.apache.kafka.clients.NetworkClient:935] [Consumer clientId=consumer-item_group-1, groupId=item_group] Node 0 disconnected. 
2025-01-06 09:23:07.186  WARN [org.apache.kafka.clients.NetworkClient:775] [Consumer clientId=consumer-item_group-1, groupId=item_group] Connection to node 0 (W49204302.woolworths.co.za/192.168.8.7:9092) could not be established. Broker may not be available. 
2025-01-06 09:23:08.403  INFO [org.apache.kafka.clients.NetworkClient:935] [Producer clientId=producer-1] Node -1 disconnected. 
2025-01-06 09:23:08.404  WARN [org.apache.kafka.clients.NetworkClient:775] [Producer clientId=producer-1] Connection to node -1 (localhost/127.0.0.1:9092) could not be established. Broker may not be available. 
2025-01-06 09:23:08.404  WARN [org.apache.kafka.clients.NetworkClient:1063] [Producer clientId=producer-1] Bootstrap broker localhost:9092 (id: -1 rack: null) disconnected 
2025-01-06 09:23:10.151  INFO [org.apache.kafka.clients.NetworkClient:935] [Consumer clientId=consumer-item_group-1, groupId=item_group] Node 0 disconnected. 
2025-01-06 09:23:10.152  WARN [org.apache.kafka.clients.NetworkClient:775] [Consumer clientId=consumer-item_group-1, groupId=item_group] Connection to node 0 (W49204302.woolworths.co.za/172.18.65.175:9092) could not be established. Broker may not be available. 
2025-01-06 09:23:11.679  INFO [org.apache.kafka.clients.NetworkClient:935] [Producer clientId=producer-1] Node -1 disconnected. 
2025-01-06 09:23:11.680  WARN [org.apache.kafka.clients.NetworkClient:775] [Producer clientId=producer-1] Connection to node -1 (localhost/127.0.0.1:9092) could not be established. Broker may not be available. 
2025-01-06 09:23:11.680  WARN [org.apache.kafka.clients.NetworkClient:1063] [Producer clientId=producer-1] Bootstrap broker localhost:9092 (id: -1 rack: null) disconnected 
2025-01-06 09:23:13.065  INFO [org.apache.kafka.clients.NetworkClient:935] [Consumer clientId=consumer-item_group-1, groupId=item_group] Node 0 disconnected. 
2025-01-06 09:23:13.066  WARN [org.apache.kafka.clients.NetworkClient:775] [Consumer clientId=consumer-item_group-1, groupId=item_group] Connection to node 0 (W49204302.woolworths.co.za/192.168.8.7:9092) could not be established. Broker may not be available. 
2025-01-06 09:23:14.903  INFO [org.apache.kafka.clients.NetworkClient:935] [Producer clientId=producer-1] Node -1 disconnected. 
2025-01-06 09:23:14.904  WARN [org.apache.kafka.clients.NetworkClient:775] [Producer clientId=producer-1] Connection to node -1 (localhost/127.0.0.1:9092) could not be established. Broker may not be available. 
2025-01-06 09:23:14.904  WARN [org.apache.kafka.clients.NetworkClient:1063] [Producer clientId=producer-1] Bootstrap broker localhost:9092 (id: -1 rack: null) disconnected 
2025-01-06 09:23:16.100  INFO [org.apache.kafka.clients.NetworkClient:935] [Consumer clientId=consumer-item_group-1, groupId=item_group] Node 0 disconnected. 
2025-01-06 09:23:16.101  WARN [org.apache.kafka.clients.NetworkClient:775] [Consumer clientId=consumer-item_group-1, groupId=item_group] Connection to node 0 (W49204302.woolworths.co.za/172.18.65.175:9092) could not be established. Broker may not be available. 
2025-01-06 09:23:17.878 ERROR [org.springframework.kafka.support.LoggingProducerListener:261] Exception thrown when sending a message with key='100' and payload='{"itemId":"100","itemLevel":1,"itemNumberType":"PLU","businessUnitId":70,"catchWeightInd":"N","class...' to topic Item_Topic: org.apache.kafka.common.errors.TimeoutException: Topic Item_Topic not present in metadata after 60000 ms.

2025-01-06 09:23:17.880 ERROR [za.co.woolworths.itemkafka_poc.controller.ItemProducerController:56] Error occurred in createItemKafkaTopic:  org.springframework.kafka.KafkaException: Send failed; nested exception is org.apache.kafka.common.errors.TimeoutException: Topic Item_Topic not present in metadata after 60000 ms.
	at org.springframework.kafka.core.KafkaTemplate.doSend(KafkaTemplate.java:660)
	at org.springframework.kafka.core.KafkaTemplate.send(KafkaTemplate.java:409)
	at za.co.woolworths.itemkafka_poc.kafka.producer.ItemProducerService.sendItem(ItemProducerService.java:26)
	at za.co.woolworths.itemkafka_poc.kafka.producer.ItemProducerService.sendItems(ItemProducerService.java:34)
	at za.co.woolworths.itemkafka_poc.controller.ItemProducerController.createItemKafkaTopic(ItemProducerController.java:45)
	at java.base/jdk.internal.reflect.NativeMethodAccessorImpl.invoke0(Native Method)
	at java.base/jdk.internal.reflect.NativeMethodAccessorImpl.invoke(NativeMethodAccessorImpl.java:64)
	at java.base/jdk.internal.reflect.DelegatingMethodAccessorImpl.invoke(DelegatingMethodAccessorImpl.java:43)
	at java.base/java.lang.reflect.Method.invoke(Method.java:564)
	at org.springframework.web.method.support.InvocableHandlerMethod.doInvoke(InvocableHandlerMethod.java:205)
	at org.springframework.web.method.support.InvocableHandlerMethod.invokeForRequest(InvocableHandlerMethod.java:150)
	at org.springframework.web.servlet.mvc.method.annotation.ServletInvocableHandlerMethod.invokeAndHandle(ServletInvocableHandlerMethod.java:117)
	at org.springframework.web.servlet.mvc.method.annotation.RequestMappingHandlerAdapter.invokeHandlerMethod(RequestMappingHandlerAdapter.java:895)
	at org.springframework.web.servlet.mvc.method.annotation.RequestMappingHandlerAdapter.handleInternal(RequestMappingHandlerAdapter.java:808)
	at org.springframework.web.servlet.mvc.method.AbstractHandlerMethodAdapter.handle(AbstractHandlerMethodAdapter.java:87)
	at org.springframework.web.servlet.DispatcherServlet.doDispatch(DispatcherServlet.java:1067)
	at org.springframework.web.servlet.DispatcherServlet.doService(DispatcherServlet.java:963)
	at org.springframework.web.servlet.FrameworkServlet.processRequest(FrameworkServlet.java:1006)
	at org.springframework.web.servlet.FrameworkServlet.doPost(FrameworkServlet.java:909)
	at javax.servlet.http.HttpServlet.service(HttpServlet.java:681)
	at org.springframework.web.servlet.FrameworkServlet.service(FrameworkServlet.java:883)
	at javax.servlet.http.HttpServlet.service(HttpServlet.java:764)
	at org.apache.catalina.core.ApplicationFilterChain.internalDoFilter(ApplicationFilterChain.java:227)
	at org.apache.catalina.core.ApplicationFilterChain.doFilter(ApplicationFilterChain.java:162)
	at org.apache.tomcat.websocket.server.WsFilter.doFilter(WsFilter.java:53)
	at org.apache.catalina.core.ApplicationFilterChain.internalDoFilter(ApplicationFilterChain.java:189)
	at org.apache.catalina.core.ApplicationFilterChain.doFilter(ApplicationFilterChain.java:162)
	at org.springframework.boot.actuate.metrics.web.servlet.WebMvcMetricsFilter.doFilterInternal(WebMvcMetricsFilter.java:96)
	at org.springframework.web.filter.OncePerRequestFilter.doFilter(OncePerRequestFilter.java:117)
	at org.apache.catalina.core.ApplicationFilterChain.internalDoFilter(ApplicationFilterChain.java:189)
	at org.apache.catalina.core.ApplicationFilterChain.doFilter(ApplicationFilterChain.java:162)
	at org.springframework.web.filter.CharacterEncodingFilter.doFilterInternal(CharacterEncodingFilter.java:201)
	at org.springframework.web.filter.OncePerRequestFilter.doFilter(OncePerRequestFilter.java:117)
	at org.apache.catalina.core.ApplicationFilterChain.internalDoFilter(ApplicationFilterChain.java:189)
	at org.apache.catalina.core.ApplicationFilterChain.doFilter(ApplicationFilterChain.java:162)
	at org.apache.catalina.core.StandardWrapperValve.invoke(StandardWrapperValve.java:197)
	at org.apache.catalina.core.StandardContextValve.invoke(StandardContextValve.java:97)
	at org.apache.catalina.authenticator.AuthenticatorBase.invoke(AuthenticatorBase.java:541)
	at org.apache.catalina.core.StandardHostValve.invoke(StandardHostValve.java:135)
	at org.apache.catalina.valves.ErrorReportValve.invoke(ErrorReportValve.java:92)
	at org.apache.catalina.core.StandardEngineValve.invoke(StandardEngineValve.java:78)
	at org.apache.catalina.connector.CoyoteAdapter.service(CoyoteAdapter.java:360)
	at org.apache.coyote.http11.Http11Processor.service(Http11Processor.java:399)
	at org.apache.coyote.AbstractProcessorLight.process(AbstractProcessorLight.java:65)
	at org.apache.coyote.AbstractProtocol$ConnectionHandler.process(AbstractProtocol.java:890)
	at org.apache.tomcat.util.net.NioEndpoint$SocketProcessor.doRun(NioEndpoint.java:1787)
	at org.apache.tomcat.util.net.SocketProcessorBase.run(SocketProcessorBase.java:49)
	at org.apache.tomcat.util.threads.ThreadPoolExecutor.runWorker(ThreadPoolExecutor.java:1191)
	at org.apache.tomcat.util.threads.ThreadPoolExecutor$Worker.run(ThreadPoolExecutor.java:659)
	at org.apache.tomcat.util.threads.TaskThread$WrappingRunnable.run(TaskThread.java:61)
	at java.base/java.lang.Thread.run(Thread.java:832)
Caused by: org.apache.kafka.common.errors.TimeoutException: Topic Item_Topic not present in metadata after 60000 ms.

2025-01-06 09:23:17.888 DEBUG [org.springframework.web.servlet.mvc.method.annotation.RequestResponseBodyMethodProcessor:268] Using 'application/text', given [application/text] and supported [application/text] 
2025-01-06 09:23:17.889 DEBUG [org.springframework.web.servlet.mvc.method.annotation.RequestResponseBodyMethodProcessor:119] Writing ["Error occurred in createItemKafkaTopic!"] 
2025-01-06 09:23:17.897 DEBUG [org.springframework.web.servlet.DispatcherServlet:1131] Completed 200 OK 
2025-01-06 09:23:17.995  INFO [org.apache.kafka.clients.NetworkClient:935] [Producer clientId=producer-1] Node -1 disconnected. 
2025-01-06 09:23:17.995  WARN [org.apache.kafka.clients.NetworkClient:775] [Producer clientId=producer-1] Connection to node -1 (localhost/127.0.0.1:9092) could not be established. Broker may not be available. 
2025-01-06 09:23:17.995  WARN [org.apache.kafka.clients.NetworkClient:1063] [Producer clientId=producer-1] Bootstrap broker localhost:9092 (id: -1 rack: null) disconnected 
2025-01-06 09:23:19.064  INFO [org.apache.kafka.clients.NetworkClient:935] [Consumer clientId=consumer-item_group-1, groupId=item_group] Node 0 disconnected. 
2025-01-06 09:23:19.065  WARN [org.apache.kafka.clients.NetworkClient:775] [Consumer clientId=consumer-item_group-1, groupId=item_group] Connection to node 0 (W49204302.woolworths.co.za/192.168.8.7:9092) could not be established. Broker may not be available. 
2025-01-06 09:23:21.217  INFO [org.apache.kafka.clients.NetworkClient:935] [Producer clientId=producer-1] Node -1 disconnected. 
2025-01-06 09:23:21.218  WARN [org.apache.kafka.clients.NetworkClient:775] [Producer clientId=producer-1] Connection to node -1 (localhost/127.0.0.1:9092) could not be established. Broker may not be available. 
2025-01-06 09:23:21.218  WARN [org.apache.kafka.clients.NetworkClient:1063] [Producer clientId=producer-1] Bootstrap broker localhost:9092 (id: -1 rack: null) disconnected 
2025-01-06 09:23:21.992  INFO [org.apache.kafka.clients.NetworkClient:935] [Consumer clientId=consumer-item_group-1, groupId=item_group] Node 0 disconnected. 
2025-01-06 09:23:21.993  WARN [org.apache.kafka.clients.NetworkClient:775] [Consumer clientId=consumer-item_group-1, groupId=item_group] Connection to node 0 (W49204302.woolworths.co.za/172.18.65.175:9092) could not be established. Broker may not be available. 
2025-01-06 09:23:24.110  INFO [org.apache.kafka.clients.NetworkClient:935] [Producer clientId=producer-1] Node -1 disconnected. 
2025-01-06 09:23:24.111  WARN [org.apache.kafka.clients.NetworkClient:775] [Producer clientId=producer-1] Connection to node -1 (localhost/127.0.0.1:9092) could not be established. Broker may not be available. 
2025-01-06 09:23:24.111  WARN [org.apache.kafka.clients.NetworkClient:1063] [Producer clientId=producer-1] Bootstrap broker localhost:9092 (id: -1 rack: null) disconnected 
2025-01-06 09:23:25.077  INFO [org.apache.kafka.clients.NetworkClient:935] [Consumer clientId=consumer-item_group-1, groupId=item_group] Node 0 disconnected. 
2025-01-06 09:23:25.078  WARN [org.apache.kafka.clients.NetworkClient:775] [Consumer clientId=consumer-item_group-1, groupId=item_group] Connection to node 0 (W49204302.woolworths.co.za/192.168.8.7:9092) could not be established. Broker may not be available. 
2025-01-06 09:23:27.025  INFO [org.apache.kafka.clients.NetworkClient:935] [Producer clientId=producer-1] Node -1 disconnected. 
2025-01-06 09:23:27.025  WARN [org.apache.kafka.clients.NetworkClient:775] [Producer clientId=producer-1] Connection to node -1 (localhost/127.0.0.1:9092) could not be established. Broker may not be available. 
2025-01-06 09:23:27.026  WARN [org.apache.kafka.clients.NetworkClient:1063] [Producer clientId=producer-1] Bootstrap broker localhost:9092 (id: -1 rack: null) disconnected 
2025-01-06 09:23:28.224  INFO [org.apache.kafka.clients.NetworkClient:935] [Consumer clientId=consumer-item_group-1, groupId=item_group] Node 0 disconnected. 
2025-01-06 09:23:28.225  WARN [org.apache.kafka.clients.NetworkClient:775] [Consumer clientId=consumer-item_group-1, groupId=item_group] Connection to node 0 (W49204302.woolworths.co.za/172.18.65.175:9092) could not be established. Broker may not be available. 
2025-01-06 09:23:29.998  INFO [org.apache.kafka.clients.NetworkClient:935] [Producer clientId=producer-1] Node -1 disconnected. 
2025-01-06 09:23:29.999  WARN [org.apache.kafka.clients.NetworkClient:775] [Producer clientId=producer-1] Connection to node -1 (localhost/127.0.0.1:9092) could not be established. Broker may not be available. 
2025-01-06 09:23:30.000  WARN [org.apache.kafka.clients.NetworkClient:1063] [Producer clientId=producer-1] Bootstrap broker localhost:9092 (id: -1 rack: null) disconnected 
2025-01-06 09:23:31.493  INFO [org.apache.kafka.clients.NetworkClient:935] [Consumer clientId=consumer-item_group-1, groupId=item_group] Node 0 disconnected. 
2025-01-06 09:23:31.494  WARN [org.apache.kafka.clients.NetworkClient:775] [Consumer clientId=consumer-item_group-1, groupId=item_group] Connection to node 0 (W49204302.woolworths.co.za/192.168.8.7:9092) could not be established. Broker may not be available. 
2025-01-06 09:23:33.146  INFO [org.apache.kafka.clients.NetworkClient:935] [Producer clientId=producer-1] Node -1 disconnected. 
2025-01-06 09:23:33.147  WARN [org.apache.kafka.clients.NetworkClient:775] [Producer clientId=producer-1] Connection to node -1 (localhost/127.0.0.1:9092) could not be established. Broker may not be available. 
2025-01-06 09:23:33.148  WARN [org.apache.kafka.clients.NetworkClient:1063] [Producer clientId=producer-1] Bootstrap broker localhost:9092 (id: -1 rack: null) disconnected 
2025-01-06 09:23:34.705  INFO [org.apache.kafka.clients.NetworkClient:935] [Consumer clientId=consumer-item_group-1, groupId=item_group] Node 0 disconnected. 
2025-01-06 09:23:34.706  WARN [org.apache.kafka.clients.NetworkClient:775] [Consumer clientId=consumer-item_group-1, groupId=item_group] Connection to node 0 (W49204302.woolworths.co.za/172.18.65.175:9092) could not be established. Broker may not be available. 
2025-01-06 09:23:36.196  INFO [org.apache.kafka.clients.NetworkClient:935] [Producer clientId=producer-1] Node -1 disconnected. 
2025-01-06 09:23:36.197  WARN [org.apache.kafka.clients.NetworkClient:775] [Producer clientId=producer-1] Connection to node -1 (localhost/127.0.0.1:9092) could not be established. Broker may not be available. 
2025-01-06 09:23:36.197  WARN [org.apache.kafka.clients.NetworkClient:1063] [Producer clientId=producer-1] Bootstrap broker localhost:9092 (id: -1 rack: null) disconnected 
2025-01-06 09:23:37.910  INFO [org.apache.kafka.clients.NetworkClient:935] [Consumer clientId=consumer-item_group-1, groupId=item_group] Node 0 disconnected. 
2025-01-06 09:23:37.911  WARN [org.apache.kafka.clients.NetworkClient:775] [Consumer clientId=consumer-item_group-1, groupId=item_group] Connection to node 0 (W49204302.woolworths.co.za/192.168.8.7:9092) could not be established. Broker may not be available. 
2025-01-06 09:23:39.296  INFO [org.apache.kafka.clients.NetworkClient:935] [Producer clientId=producer-1] Node -1 disconnected. 
2025-01-06 09:23:39.297  WARN [org.apache.kafka.clients.NetworkClient:775] [Producer clientId=producer-1] Connection to node -1 (localhost/127.0.0.1:9092) could not be established. Broker may not be available. 
2025-01-06 09:23:39.298  WARN [org.apache.kafka.clients.NetworkClient:1063] [Producer clientId=producer-1] Bootstrap broker localhost:9092 (id: -1 rack: null) disconnected 
2025-01-06 09:23:40.870  INFO [org.apache.kafka.clients.NetworkClient:935] [Consumer clientId=consumer-item_group-1, groupId=item_group] Node 0 disconnected. 
2025-01-06 09:23:40.871  WARN [org.apache.kafka.clients.NetworkClient:775] [Consumer clientId=consumer-item_group-1, groupId=item_group] Connection to node 0 (W49204302.woolworths.co.za/172.18.65.175:9092) could not be established. Broker may not be available. 
2025-01-06 09:23:42.260  INFO [org.apache.kafka.clients.NetworkClient:935] [Producer clientId=producer-1] Node -1 disconnected. 
2025-01-06 09:23:42.261  WARN [org.apache.kafka.clients.NetworkClient:775] [Producer clientId=producer-1] Connection to node -1 (localhost/127.0.0.1:9092) could not be established. Broker may not be available. 
2025-01-06 09:23:42.261  WARN [org.apache.kafka.clients.NetworkClient:1063] [Producer clientId=producer-1] Bootstrap broker localhost:9092 (id: -1 rack: null) disconnected 
2025-01-06 09:23:44.086  INFO [org.apache.kafka.clients.NetworkClient:935] [Consumer clientId=consumer-item_group-1, groupId=item_group] Node 0 disconnected. 
2025-01-06 09:23:44.087  WARN [org.apache.kafka.clients.NetworkClient:775] [Consumer clientId=consumer-item_group-1, groupId=item_group] Connection to node 0 (W49204302.woolworths.co.za/192.168.8.7:9092) could not be established. Broker may not be available. 
2025-01-06 09:23:45.348  INFO [org.apache.kafka.clients.NetworkClient:935] [Producer clientId=producer-1] Node -1 disconnected. 
2025-01-06 09:23:45.349  WARN [org.apache.kafka.clients.NetworkClient:775] [Producer clientId=producer-1] Connection to node -1 (localhost/127.0.0.1:9092) could not be established. Broker may not be available. 
2025-01-06 09:23:45.350  WARN [org.apache.kafka.clients.NetworkClient:1063] [Producer clientId=producer-1] Bootstrap broker localhost:9092 (id: -1 rack: null) disconnected 
2025-01-06 09:23:47.263  INFO [org.apache.kafka.clients.NetworkClient:935] [Consumer clientId=consumer-item_group-1, groupId=item_group] Node 0 disconnected. 
2025-01-06 09:23:47.265  WARN [org.apache.kafka.clients.NetworkClient:775] [Consumer clientId=consumer-item_group-1, groupId=item_group] Connection to node 0 (W49204302.woolworths.co.za/172.18.65.175:9092) could not be established. Broker may not be available. 
2025-01-06 09:23:48.525  INFO [org.apache.kafka.clients.NetworkClient:935] [Producer clientId=producer-1] Node -1 disconnected. 
2025-01-06 09:23:48.526  WARN [org.apache.kafka.clients.NetworkClient:775] [Producer clientId=producer-1] Connection to node -1 (localhost/127.0.0.1:9092) could not be established. Broker may not be available. 
2025-01-06 09:23:48.526  WARN [org.apache.kafka.clients.NetworkClient:1063] [Producer clientId=producer-1] Bootstrap broker localhost:9092 (id: -1 rack: null) disconnected 
2025-01-06 09:23:50.178  INFO [org.apache.kafka.clients.NetworkClient:935] [Consumer clientId=consumer-item_group-1, groupId=item_group] Node 0 disconnected. 
2025-01-06 09:23:50.179  WARN [org.apache.kafka.clients.NetworkClient:775] [Consumer clientId=consumer-item_group-1, groupId=item_group] Connection to node 0 (W49204302.woolworths.co.za/192.168.8.7:9092) could not be established. Broker may not be available. 
2025-01-06 09:23:51.813  INFO [org.apache.kafka.clients.NetworkClient:935] [Producer clientId=producer-1] Node -1 disconnected. 
2025-01-06 09:23:51.814  WARN [org.apache.kafka.clients.NetworkClient:775] [Producer clientId=producer-1] Connection to node -1 (localhost/127.0.0.1:9092) could not be established. Broker may not be available. 
2025-01-06 09:23:51.815  WARN [org.apache.kafka.clients.NetworkClient:1063] [Producer clientId=producer-1] Bootstrap broker localhost:9092 (id: -1 rack: null) disconnected 
2025-01-06 09:23:53.339  INFO [org.apache.kafka.clients.NetworkClient:935] [Consumer clientId=consumer-item_group-1, groupId=item_group] Node 0 disconnected. 
2025-01-06 09:23:53.339  WARN [org.apache.kafka.clients.NetworkClient:775] [Consumer clientId=consumer-item_group-1, groupId=item_group] Connection to node 0 (W49204302.woolworths.co.za/172.18.65.175:9092) could not be established. Broker may not be available. 
2025-01-06 09:23:55.098  INFO [org.apache.kafka.clients.NetworkClient:935] [Producer clientId=producer-1] Node -1 disconnected. 
2025-01-06 09:23:55.099  WARN [org.apache.kafka.clients.NetworkClient:775] [Producer clientId=producer-1] Connection to node -1 (localhost/127.0.0.1:9092) could not be established. Broker may not be available. 
2025-01-06 09:23:55.099  WARN [org.apache.kafka.clients.NetworkClient:1063] [Producer clientId=producer-1] Bootstrap broker localhost:9092 (id: -1 rack: null) disconnected 
2025-01-06 09:23:56.435  INFO [org.apache.kafka.clients.NetworkClient:935] [Consumer clientId=consumer-item_group-1, groupId=item_group] Node 0 disconnected. 
2025-01-06 09:23:56.435  WARN [org.apache.kafka.clients.NetworkClient:775] [Consumer clientId=consumer-item_group-1, groupId=item_group] Connection to node 0 (W49204302.woolworths.co.za/192.168.8.7:9092) could not be established. Broker may not be available. 
2025-01-06 09:23:58.140  INFO [org.apache.kafka.clients.NetworkClient:935] [Producer clientId=producer-1] Node -1 disconnected. 
2025-01-06 09:23:58.141  WARN [org.apache.kafka.clients.NetworkClient:775] [Producer clientId=producer-1] Connection to node -1 (localhost/127.0.0.1:9092) could not be established. Broker may not be available. 
2025-01-06 09:23:58.141  WARN [org.apache.kafka.clients.NetworkClient:1063] [Producer clientId=producer-1] Bootstrap broker localhost:9092 (id: -1 rack: null) disconnected 
2025-01-06 09:23:59.700  INFO [org.apache.kafka.clients.NetworkClient:935] [Consumer clientId=consumer-item_group-1, groupId=item_group] Node 0 disconnected. 
2025-01-06 09:23:59.701  WARN [org.apache.kafka.clients.NetworkClient:775] [Consumer clientId=consumer-item_group-1, groupId=item_group] Connection to node 0 (W49204302.woolworths.co.za/172.18.65.175:9092) could not be established. Broker may not be available. 
2025-01-06 09:24:01.171  INFO [org.apache.kafka.clients.NetworkClient:935] [Producer clientId=producer-1] Node -1 disconnected. 
2025-01-06 09:24:01.172  WARN [org.apache.kafka.clients.NetworkClient:775] [Producer clientId=producer-1] Connection to node -1 (localhost/127.0.0.1:9092) could not be established. Broker may not be available. 
2025-01-06 09:24:01.173  WARN [org.apache.kafka.clients.NetworkClient:1063] [Producer clientId=producer-1] Bootstrap broker localhost:9092 (id: -1 rack: null) disconnected 
2025-01-06 09:24:02.715  INFO [org.apache.kafka.clients.NetworkClient:935] [Consumer clientId=consumer-item_group-1, groupId=item_group] Node 0 disconnected. 
2025-01-06 09:24:02.716  WARN [org.apache.kafka.clients.NetworkClient:775] [Consumer clientId=consumer-item_group-1, groupId=item_group] Connection to node 0 (W49204302.woolworths.co.za/192.168.8.7:9092) could not be established. Broker may not be available. 
2025-01-06 09:24:04.270  INFO [org.apache.kafka.clients.NetworkClient:935] [Producer clientId=producer-1] Node -1 disconnected. 
2025-01-06 09:24:04.270  WARN [org.apache.kafka.clients.NetworkClient:775] [Producer clientId=producer-1] Connection to node -1 (localhost/127.0.0.1:9092) could not be established. Broker may not be available. 
2025-01-06 09:24:04.271  WARN [org.apache.kafka.clients.NetworkClient:1063] [Producer clientId=producer-1] Bootstrap broker localhost:9092 (id: -1 rack: null) disconnected 
2025-01-06 09:24:05.861  INFO [org.apache.kafka.clients.NetworkClient:935] [Consumer clientId=consumer-item_group-1, groupId=item_group] Node 0 disconnected. 
2025-01-06 09:24:05.862  WARN [org.apache.kafka.clients.NetworkClient:775] [Consumer clientId=consumer-item_group-1, groupId=item_group] Connection to node 0 (W49204302.woolworths.co.za/172.18.65.175:9092) could not be established. Broker may not be available. 
2025-01-06 09:24:07.232  INFO [org.apache.kafka.clients.NetworkClient:935] [Producer clientId=producer-1] Node -1 disconnected. 
2025-01-06 09:24:07.233  WARN [org.apache.kafka.clients.NetworkClient:775] [Producer clientId=producer-1] Connection to node -1 (localhost/127.0.0.1:9092) could not be established. Broker may not be available. 
2025-01-06 09:24:07.234  WARN [org.apache.kafka.clients.NetworkClient:1063] [Producer clientId=producer-1] Bootstrap broker localhost:9092 (id: -1 rack: null) disconnected 
2025-01-06 09:24:08.756  INFO [org.apache.kafka.clients.NetworkClient:935] [Consumer clientId=consumer-item_group-1, groupId=item_group] Node 0 disconnected. 
2025-01-06 09:24:08.758  WARN [org.apache.kafka.clients.NetworkClient:775] [Consumer clientId=consumer-item_group-1, groupId=item_group] Connection to node 0 (W49204302.woolworths.co.za/192.168.8.7:9092) could not be established. Broker may not be available. 
2025-01-06 09:24:10.255  INFO [org.apache.kafka.clients.NetworkClient:935] [Producer clientId=producer-1] Node -1 disconnected. 
2025-01-06 09:24:10.256  WARN [org.apache.kafka.clients.NetworkClient:775] [Producer clientId=producer-1] Connection to node -1 (localhost/127.0.0.1:9092) could not be established. Broker may not be available. 
2025-01-06 09:24:10.256  WARN [org.apache.kafka.clients.NetworkClient:1063] [Producer clientId=producer-1] Bootstrap broker localhost:9092 (id: -1 rack: null) disconnected 
2025-01-06 09:24:11.798  INFO [org.apache.kafka.clients.NetworkClient:935] [Consumer clientId=consumer-item_group-1, groupId=item_group] Node 0 disconnected. 
2025-01-06 09:24:11.799  WARN [org.apache.kafka.clients.NetworkClient:775] [Consumer clientId=consumer-item_group-1, groupId=item_group] Connection to node 0 (W49204302.woolworths.co.za/172.18.65.175:9092) could not be established. Broker may not be available. 
2025-01-06 09:24:13.282  INFO [org.apache.kafka.clients.NetworkClient:935] [Producer clientId=producer-1] Node -1 disconnected. 
2025-01-06 09:24:13.283  WARN [org.apache.kafka.clients.NetworkClient:775] [Producer clientId=producer-1] Connection to node -1 (localhost/127.0.0.1:9092) could not be established. Broker may not be available. 
2025-01-06 09:24:13.283  WARN [org.apache.kafka.clients.NetworkClient:1063] [Producer clientId=producer-1] Bootstrap broker localhost:9092 (id: -1 rack: null) disconnected 
2025-01-06 09:24:14.697  INFO [org.apache.kafka.clients.NetworkClient:935] [Consumer clientId=consumer-item_group-1, groupId=item_group] Node 0 disconnected. 
2025-01-06 09:24:14.698  WARN [org.apache.kafka.clients.NetworkClient:775] [Consumer clientId=consumer-item_group-1, groupId=item_group] Connection to node 0 (W49204302.woolworths.co.za/192.168.8.7:9092) could not be established. Broker may not be available. 
2025-01-06 09:24:16.253  INFO [org.apache.kafka.clients.NetworkClient:935] [Producer clientId=producer-1] Node -1 disconnected. 
2025-01-06 09:24:16.254  WARN [org.apache.kafka.clients.NetworkClient:775] [Producer clientId=producer-1] Connection to node -1 (localhost/127.0.0.1:9092) could not be established. Broker may not be available. 
2025-01-06 09:24:16.255  WARN [org.apache.kafka.clients.NetworkClient:1063] [Producer clientId=producer-1] Bootstrap broker localhost:9092 (id: -1 rack: null) disconnected 
2025-01-06 09:24:17.782  INFO [org.apache.kafka.clients.NetworkClient:935] [Consumer clientId=consumer-item_group-1, groupId=item_group] Node 0 disconnected. 
2025-01-06 09:24:17.783  WARN [org.apache.kafka.clients.NetworkClient:775] [Consumer clientId=consumer-item_group-1, groupId=item_group] Connection to node 0 (W49204302.woolworths.co.za/172.18.65.175:9092) could not be established. Broker may not be available. 
2025-01-06 09:24:19.155  INFO [org.apache.kafka.clients.NetworkClient:935] [Producer clientId=producer-1] Node -1 disconnected. 
2025-01-06 09:24:19.156  WARN [org.apache.kafka.clients.NetworkClient:775] [Producer clientId=producer-1] Connection to node -1 (localhost/127.0.0.1:9092) could not be established. Broker may not be available. 
2025-01-06 09:24:19.156  WARN [org.apache.kafka.clients.NetworkClient:1063] [Producer clientId=producer-1] Bootstrap broker localhost:9092 (id: -1 rack: null) disconnected 
2025-01-06 09:24:20.820  INFO [org.apache.kafka.clients.NetworkClient:935] [Consumer clientId=consumer-item_group-1, groupId=item_group] Node 0 disconnected. 
2025-01-06 09:24:20.821  WARN [org.apache.kafka.clients.NetworkClient:775] [Consumer clientId=consumer-item_group-1, groupId=item_group] Connection to node 0 (W49204302.woolworths.co.za/192.168.8.7:9092) could not be established. Broker may not be available. 
2025-01-06 09:24:22.188  INFO [org.apache.kafka.clients.NetworkClient:935] [Producer clientId=producer-1] Node -1 disconnected. 
2025-01-06 09:24:22.189  WARN [org.apache.kafka.clients.NetworkClient:775] [Producer clientId=producer-1] Connection to node -1 (localhost/127.0.0.1:9092) could not be established. Broker may not be available. 
2025-01-06 09:24:22.189  WARN [org.apache.kafka.clients.NetworkClient:1063] [Producer clientId=producer-1] Bootstrap broker localhost:9092 (id: -1 rack: null) disconnected 
2025-01-06 09:24:23.931  INFO [org.apache.kafka.clients.NetworkClient:935] [Consumer clientId=consumer-item_group-1, groupId=item_group] Node 0 disconnected. 
2025-01-06 09:24:23.932  WARN [org.apache.kafka.clients.NetworkClient:775] [Consumer clientId=consumer-item_group-1, groupId=item_group] Connection to node 0 (W49204302.woolworths.co.za/172.18.65.175:9092) could not be established. Broker may not be available. 
2025-01-06 09:24:25.096  INFO [org.apache.kafka.clients.NetworkClient:935] [Producer clientId=producer-1] Node -1 disconnected. 
2025-01-06 09:24:25.097  WARN [org.apache.kafka.clients.NetworkClient:775] [Producer clientId=producer-1] Connection to node -1 (localhost/127.0.0.1:9092) could not be established. Broker may not be available. 
2025-01-06 09:24:25.097  WARN [org.apache.kafka.clients.NetworkClient:1063] [Producer clientId=producer-1] Bootstrap broker localhost:9092 (id: -1 rack: null) disconnected 
2025-01-06 09:24:26.940  INFO [org.apache.kafka.clients.NetworkClient:935] [Consumer clientId=consumer-item_group-1, groupId=item_group] Node 0 disconnected. 
2025-01-06 09:24:26.941  WARN [org.apache.kafka.clients.NetworkClient:775] [Consumer clientId=consumer-item_group-1, groupId=item_group] Connection to node 0 (W49204302.woolworths.co.za/192.168.8.7:9092) could not be established. Broker may not be available. 
2025-01-06 09:24:28.060  INFO [org.apache.kafka.clients.NetworkClient:935] [Producer clientId=producer-1] Node -1 disconnected. 
2025-01-06 09:24:28.060  WARN [org.apache.kafka.clients.NetworkClient:775] [Producer clientId=producer-1] Connection to node -1 (localhost/127.0.0.1:9092) could not be established. Broker may not be available. 
2025-01-06 09:24:28.060  WARN [org.apache.kafka.clients.NetworkClient:1063] [Producer clientId=producer-1] Bootstrap broker localhost:9092 (id: -1 rack: null) disconnected 
2025-01-06 09:24:30.092  INFO [org.apache.kafka.clients.NetworkClient:935] [Consumer clientId=consumer-item_group-1, groupId=item_group] Node 0 disconnected. 
2025-01-06 09:24:30.093  WARN [org.apache.kafka.clients.NetworkClient:775] [Consumer clientId=consumer-item_group-1, groupId=item_group] Connection to node 0 (W49204302.woolworths.co.za/172.18.65.175:9092) could not be established. Broker may not be available. 
2025-01-06 09:24:30.963  INFO [org.apache.kafka.clients.NetworkClient:935] [Producer clientId=producer-1] Node -1 disconnected. 
2025-01-06 09:24:30.964  WARN [org.apache.kafka.clients.NetworkClient:775] [Producer clientId=producer-1] Connection to node -1 (localhost/127.0.0.1:9092) could not be established. Broker may not be available. 
2025-01-06 09:24:30.965  WARN [org.apache.kafka.clients.NetworkClient:1063] [Producer clientId=producer-1] Bootstrap broker localhost:9092 (id: -1 rack: null) disconnected 
2025-01-06 09:24:33.053  INFO [org.apache.kafka.clients.NetworkClient:935] [Consumer clientId=consumer-item_group-1, groupId=item_group] Node 0 disconnected. 
2025-01-06 09:24:33.054  WARN [org.apache.kafka.clients.NetworkClient:775] [Consumer clientId=consumer-item_group-1, groupId=item_group] Connection to node 0 (W49204302.woolworths.co.za/192.168.8.7:9092) could not be established. Broker may not be available. 
2025-01-06 09:24:34.122  INFO [org.apache.kafka.clients.NetworkClient:935] [Producer clientId=producer-1] Node -1 disconnected. 
2025-01-06 09:24:34.125  WARN [org.apache.kafka.clients.NetworkClient:775] [Producer clientId=producer-1] Connection to node -1 (localhost/127.0.0.1:9092) could not be established. Broker may not be available. 
2025-01-06 09:24:34.125  WARN [org.apache.kafka.clients.NetworkClient:1063] [Producer clientId=producer-1] Bootstrap broker localhost:9092 (id: -1 rack: null) disconnected 
2025-01-06 09:24:36.184  INFO [org.apache.kafka.clients.NetworkClient:935] [Consumer clientId=consumer-item_group-1, groupId=item_group] Node 0 disconnected. 
2025-01-06 09:24:36.185  WARN [org.apache.kafka.clients.NetworkClient:775] [Consumer clientId=consumer-item_group-1, groupId=item_group] Connection to node 0 (W49204302.woolworths.co.za/172.18.65.175:9092) could not be established. Broker may not be available. 
2025-01-06 09:24:37.289  INFO [org.apache.kafka.clients.NetworkClient:935] [Producer clientId=producer-1] Node -1 disconnected. 
2025-01-06 09:24:37.290  WARN [org.apache.kafka.clients.NetworkClient:775] [Producer clientId=producer-1] Connection to node -1 (localhost/127.0.0.1:9092) could not be established. Broker may not be available. 
2025-01-06 09:24:37.291  WARN [org.apache.kafka.clients.NetworkClient:1063] [Producer clientId=producer-1] Bootstrap broker localhost:9092 (id: -1 rack: null) disconnected 
2025-01-06 09:24:39.210  INFO [org.apache.kafka.clients.NetworkClient:935] [Consumer clientId=consumer-item_group-1, groupId=item_group] Node 0 disconnected. 
2025-01-06 09:24:39.211  WARN [org.apache.kafka.clients.NetworkClient:775] [Consumer clientId=consumer-item_group-1, groupId=item_group] Connection to node 0 (W49204302.woolworths.co.za/192.168.8.7:9092) could not be established. Broker may not be available. 
2025-01-06 09:24:40.235  INFO [org.apache.kafka.clients.NetworkClient:935] [Producer clientId=producer-1] Node -1 disconnected. 
2025-01-06 09:24:40.236  WARN [org.apache.kafka.clients.NetworkClient:775] [Producer clientId=producer-1] Connection to node -1 (localhost/127.0.0.1:9092) could not be established. Broker may not be available. 
2025-01-06 09:24:40.236  WARN [org.apache.kafka.clients.NetworkClient:1063] [Producer clientId=producer-1] Bootstrap broker localhost:9092 (id: -1 rack: null) disconnected 
2025-01-06 09:24:42.106  INFO [org.apache.kafka.clients.NetworkClient:935] [Consumer clientId=consumer-item_group-1, groupId=item_group] Node 0 disconnected. 
2025-01-06 09:24:42.107  WARN [org.apache.kafka.clients.NetworkClient:775] [Consumer clientId=consumer-item_group-1, groupId=item_group] Connection to node 0 (W49204302.woolworths.co.za/172.18.65.175:9092) could not be established. Broker may not be available. 
2025-01-06 09:24:43.184  INFO [org.apache.kafka.clients.NetworkClient:935] [Producer clientId=producer-1] Node -1 disconnected. 
2025-01-06 09:24:43.185  WARN [org.apache.kafka.clients.NetworkClient:775] [Producer clientId=producer-1] Connection to node -1 (localhost/127.0.0.1:9092) could not be established. Broker may not be available. 
2025-01-06 09:24:43.185  WARN [org.apache.kafka.clients.NetworkClient:1063] [Producer clientId=producer-1] Bootstrap broker localhost:9092 (id: -1 rack: null) disconnected 
2025-01-06 09:24:45.195  INFO [org.apache.kafka.clients.NetworkClient:935] [Consumer clientId=consumer-item_group-1, groupId=item_group] Node 0 disconnected. 
2025-01-06 09:24:45.196  WARN [org.apache.kafka.clients.NetworkClient:775] [Consumer clientId=consumer-item_group-1, groupId=item_group] Connection to node 0 (W49204302.woolworths.co.za/192.168.8.7:9092) could not be established. Broker may not be available. 
2025-01-06 09:24:46.268  INFO [org.apache.kafka.clients.NetworkClient:935] [Producer clientId=producer-1] Node -1 disconnected. 
2025-01-06 09:24:46.270  WARN [org.apache.kafka.clients.NetworkClient:775] [Producer clientId=producer-1] Connection to node -1 (localhost/127.0.0.1:9092) could not be established. Broker may not be available. 
2025-01-06 09:24:46.270  WARN [org.apache.kafka.clients.NetworkClient:1063] [Producer clientId=producer-1] Bootstrap broker localhost:9092 (id: -1 rack: null) disconnected 
2025-01-06 09:24:48.398  INFO [org.apache.kafka.clients.NetworkClient:935] [Consumer clientId=consumer-item_group-1, groupId=item_group] Node 0 disconnected. 
2025-01-06 09:24:48.399  WARN [org.apache.kafka.clients.NetworkClient:775] [Consumer clientId=consumer-item_group-1, groupId=item_group] Connection to node 0 (W49204302.woolworths.co.za/172.18.65.175:9092) could not be established. Broker may not be available. 
2025-01-06 09:24:49.553  INFO [org.apache.kafka.clients.NetworkClient:935] [Producer clientId=producer-1] Node -1 disconnected. 
2025-01-06 09:24:49.554  WARN [org.apache.kafka.clients.NetworkClient:775] [Producer clientId=producer-1] Connection to node -1 (localhost/127.0.0.1:9092) could not be established. Broker may not be available. 
2025-01-06 09:24:49.556  WARN [org.apache.kafka.clients.NetworkClient:1063] [Producer clientId=producer-1] Bootstrap broker localhost:9092 (id: -1 rack: null) disconnected 
2025-01-06 09:24:51.623  INFO [org.apache.kafka.clients.NetworkClient:935] [Consumer clientId=consumer-item_group-1, groupId=item_group] Node 0 disconnected. 
2025-01-06 09:24:51.623  WARN [org.apache.kafka.clients.NetworkClient:775] [Consumer clientId=consumer-item_group-1, groupId=item_group] Connection to node 0 (W49204302.woolworths.co.za/192.168.8.7:9092) could not be established. Broker may not be available. 
2025-01-06 09:24:52.510  INFO [org.apache.kafka.clients.NetworkClient:935] [Producer clientId=producer-1] Node -1 disconnected. 
2025-01-06 09:24:52.511  WARN [org.apache.kafka.clients.NetworkClient:775] [Producer clientId=producer-1] Connection to node -1 (localhost/127.0.0.1:9092) could not be established. Broker may not be available. 
2025-01-06 09:24:52.511  WARN [org.apache.kafka.clients.NetworkClient:1063] [Producer clientId=producer-1] Bootstrap broker localhost:9092 (id: -1 rack: null) disconnected 
2025-01-06 09:24:54.841  INFO [org.apache.kafka.clients.NetworkClient:935] [Consumer clientId=consumer-item_group-1, groupId=item_group] Node 0 disconnected. 
2025-01-06 09:24:54.842  WARN [org.apache.kafka.clients.NetworkClient:775] [Consumer clientId=consumer-item_group-1, groupId=item_group] Connection to node 0 (W49204302.woolworths.co.za/172.18.65.175:9092) could not be established. Broker may not be available. 
2025-01-06 09:24:55.526  INFO [org.apache.kafka.clients.NetworkClient:935] [Producer clientId=producer-1] Node -1 disconnected. 
2025-01-06 09:24:55.526  WARN [org.apache.kafka.clients.NetworkClient:775] [Producer clientId=producer-1] Connection to node -1 (localhost/127.0.0.1:9092) could not be established. Broker may not be available. 
2025-01-06 09:24:55.526  WARN [org.apache.kafka.clients.NetworkClient:1063] [Producer clientId=producer-1] Bootstrap broker localhost:9092 (id: -1 rack: null) disconnected 
2025-01-06 09:24:58.013  INFO [org.apache.kafka.clients.NetworkClient:935] [Consumer clientId=consumer-item_group-1, groupId=item_group] Node 0 disconnected. 
2025-01-06 09:24:58.013  WARN [org.apache.kafka.clients.NetworkClient:775] [Consumer clientId=consumer-item_group-1, groupId=item_group] Connection to node 0 (W49204302.woolworths.co.za/192.168.8.7:9092) could not be established. Broker may not be available. 
2025-01-06 09:24:58.603  INFO [org.apache.kafka.clients.NetworkClient:935] [Producer clientId=producer-1] Node -1 disconnected. 
2025-01-06 09:24:58.604  WARN [org.apache.kafka.clients.NetworkClient:775] [Producer clientId=producer-1] Connection to node -1 (localhost/127.0.0.1:9092) could not be established. Broker may not be available. 
2025-01-06 09:24:58.605  WARN [org.apache.kafka.clients.NetworkClient:1063] [Producer clientId=producer-1] Bootstrap broker localhost:9092 (id: -1 rack: null) disconnected 
2025-01-06 09:25:01.048  INFO [org.apache.kafka.clients.NetworkClient:935] [Consumer clientId=consumer-item_group-1, groupId=item_group] Node 0 disconnected. 
2025-01-06 09:25:01.049  WARN [org.apache.kafka.clients.NetworkClient:775] [Consumer clientId=consumer-item_group-1, groupId=item_group] Connection to node 0 (W49204302.woolworths.co.za/172.18.65.175:9092) could not be established. Broker may not be available. 
2025-01-06 09:25:01.812  INFO [org.apache.kafka.clients.NetworkClient:935] [Producer clientId=producer-1] Node -1 disconnected. 
2025-01-06 09:25:01.813  WARN [org.apache.kafka.clients.NetworkClient:775] [Producer clientId=producer-1] Connection to node -1 (localhost/127.0.0.1:9092) could not be established. Broker may not be available. 
2025-01-06 09:25:01.814  WARN [org.apache.kafka.clients.NetworkClient:1063] [Producer clientId=producer-1] Bootstrap broker localhost:9092 (id: -1 rack: null) disconnected 
2025-01-06 09:25:04.348  INFO [org.apache.kafka.clients.NetworkClient:935] [Consumer clientId=consumer-item_group-1, groupId=item_group] Node 0 disconnected. 
2025-01-06 09:25:04.348  WARN [org.apache.kafka.clients.NetworkClient:775] [Consumer clientId=consumer-item_group-1, groupId=item_group] Connection to node 0 (W49204302.woolworths.co.za/192.168.8.7:9092) could not be established. Broker may not be available. 
2025-01-06 09:25:04.970  INFO [org.apache.kafka.clients.NetworkClient:935] [Producer clientId=producer-1] Node -1 disconnected. 
2025-01-06 09:25:04.971  WARN [org.apache.kafka.clients.NetworkClient:775] [Producer clientId=producer-1] Connection to node -1 (localhost/127.0.0.1:9092) could not be established. Broker may not be available. 
2025-01-06 09:25:04.972  WARN [org.apache.kafka.clients.NetworkClient:1063] [Producer clientId=producer-1] Bootstrap broker localhost:9092 (id: -1 rack: null) disconnected 
2025-01-06 09:25:07.314  INFO [org.apache.kafka.clients.NetworkClient:935] [Consumer clientId=consumer-item_group-1, groupId=item_group] Node 0 disconnected. 
2025-01-06 09:25:07.315  WARN [org.apache.kafka.clients.NetworkClient:775] [Consumer clientId=consumer-item_group-1, groupId=item_group] Connection to node 0 (W49204302.woolworths.co.za/172.18.65.175:9092) could not be established. Broker may not be available. 
2025-01-06 09:25:08.126  INFO [org.apache.kafka.clients.NetworkClient:935] [Producer clientId=producer-1] Node -1 disconnected. 
2025-01-06 09:25:08.127  WARN [org.apache.kafka.clients.NetworkClient:775] [Producer clientId=producer-1] Connection to node -1 (localhost/127.0.0.1:9092) could not be established. Broker may not be available. 
2025-01-06 09:25:08.127  WARN [org.apache.kafka.clients.NetworkClient:1063] [Producer clientId=producer-1] Bootstrap broker localhost:9092 (id: -1 rack: null) disconnected 
2025-01-06 09:25:10.461  INFO [org.apache.kafka.clients.NetworkClient:935] [Consumer clientId=consumer-item_group-1, groupId=item_group] Node 0 disconnected. 
2025-01-06 09:25:10.462  WARN [org.apache.kafka.clients.NetworkClient:775] [Consumer clientId=consumer-item_group-1, groupId=item_group] Connection to node 0 (W49204302.woolworths.co.za/192.168.8.7:9092) could not be established. Broker may not be available. 
2025-01-06 09:25:11.037  INFO [org.apache.kafka.clients.NetworkClient:935] [Producer clientId=producer-1] Node -1 disconnected. 
2025-01-06 09:25:11.038  WARN [org.apache.kafka.clients.NetworkClient:775] [Producer clientId=producer-1] Connection to node -1 (localhost/127.0.0.1:9092) could not be established. Broker may not be available. 
2025-01-06 09:25:11.038  WARN [org.apache.kafka.clients.NetworkClient:1063] [Producer clientId=producer-1] Bootstrap broker localhost:9092 (id: -1 rack: null) disconnected 
2025-01-06 09:25:13.436  INFO [org.apache.kafka.clients.NetworkClient:935] [Consumer clientId=consumer-item_group-1, groupId=item_group] Node 0 disconnected. 
2025-01-06 09:25:13.437  WARN [org.apache.kafka.clients.NetworkClient:775] [Consumer clientId=consumer-item_group-1, groupId=item_group] Connection to node 0 (W49204302.woolworths.co.za/172.18.65.175:9092) could not be established. Broker may not be available. 
2025-01-06 09:25:14.012  INFO [org.apache.kafka.clients.NetworkClient:935] [Producer clientId=producer-1] Node -1 disconnected. 
2025-01-06 09:25:14.013  WARN [org.apache.kafka.clients.NetworkClient:775] [Producer clientId=producer-1] Connection to node -1 (localhost/127.0.0.1:9092) could not be established. Broker may not be available. 
2025-01-06 09:25:14.014  WARN [org.apache.kafka.clients.NetworkClient:1063] [Producer clientId=producer-1] Bootstrap broker localhost:9092 (id: -1 rack: null) disconnected 
2025-01-06 09:25:16.471  INFO [org.apache.kafka.clients.NetworkClient:935] [Consumer clientId=consumer-item_group-1, groupId=item_group] Node 0 disconnected. 
2025-01-06 09:25:16.473  WARN [org.apache.kafka.clients.NetworkClient:775] [Consumer clientId=consumer-item_group-1, groupId=item_group] Connection to node 0 (W49204302.woolworths.co.za/192.168.8.7:9092) could not be established. Broker may not be available. 
2025-01-06 09:25:17.314  INFO [org.apache.kafka.clients.NetworkClient:935] [Producer clientId=producer-1] Node -1 disconnected. 
2025-01-06 09:25:17.315  WARN [org.apache.kafka.clients.NetworkClient:775] [Producer clientId=producer-1] Connection to node -1 (localhost/127.0.0.1:9092) could not be established. Broker may not be available. 
2025-01-06 09:25:17.316  WARN [org.apache.kafka.clients.NetworkClient:1063] [Producer clientId=producer-1] Bootstrap broker localhost:9092 (id: -1 rack: null) disconnected 
2025-01-06 09:25:19.696  INFO [org.apache.kafka.clients.NetworkClient:935] [Consumer clientId=consumer-item_group-1, groupId=item_group] Node 0 disconnected. 
2025-01-06 09:25:19.697  WARN [org.apache.kafka.clients.NetworkClient:775] [Consumer clientId=consumer-item_group-1, groupId=item_group] Connection to node 0 (W49204302.woolworths.co.za/172.18.65.175:9092) could not be established. Broker may not be available. 
2025-01-06 09:25:20.474  INFO [org.apache.kafka.clients.NetworkClient:935] [Producer clientId=producer-1] Node -1 disconnected. 
2025-01-06 09:25:20.476  WARN [org.apache.kafka.clients.NetworkClient:775] [Producer clientId=producer-1] Connection to node -1 (localhost/127.0.0.1:9092) could not be established. Broker may not be available. 
2025-01-06 09:25:20.477  WARN [org.apache.kafka.clients.NetworkClient:1063] [Producer clientId=producer-1] Bootstrap broker localhost:9092 (id: -1 rack: null) disconnected 
2025-01-06 09:25:22.580  INFO [org.apache.kafka.clients.NetworkClient:935] [Consumer clientId=consumer-item_group-1, groupId=item_group] Node 0 disconnected. 
2025-01-06 09:25:22.581  WARN [org.apache.kafka.clients.NetworkClient:775] [Consumer clientId=consumer-item_group-1, groupId=item_group] Connection to node 0 (W49204302.woolworths.co.za/192.168.8.7:9092) could not be established. Broker may not be available. 
2025-01-06 09:25:23.610  INFO [org.apache.kafka.clients.NetworkClient:935] [Producer clientId=producer-1] Node -1 disconnected. 
2025-01-06 09:25:23.611  WARN [org.apache.kafka.clients.NetworkClient:775] [Producer clientId=producer-1] Connection to node -1 (localhost/127.0.0.1:9092) could not be established. Broker may not be available. 
2025-01-06 09:25:23.612  WARN [org.apache.kafka.clients.NetworkClient:1063] [Producer clientId=producer-1] Bootstrap broker localhost:9092 (id: -1 rack: null) disconnected 
2025-01-06 09:25:25.554  INFO [org.apache.kafka.clients.NetworkClient:935] [Consumer clientId=consumer-item_group-1, groupId=item_group] Node 0 disconnected. 
2025-01-06 09:25:25.555  WARN [org.apache.kafka.clients.NetworkClient:775] [Consumer clientId=consumer-item_group-1, groupId=item_group] Connection to node 0 (W49204302.woolworths.co.za/172.18.65.175:9092) could not be established. Broker may not be available. 
2025-01-06 09:25:26.817  INFO [org.apache.kafka.clients.NetworkClient:935] [Producer clientId=producer-1] Node -1 disconnected. 
2025-01-06 09:25:26.818  WARN [org.apache.kafka.clients.NetworkClient:775] [Producer clientId=producer-1] Connection to node -1 (localhost/127.0.0.1:9092) could not be established. Broker may not be available. 
2025-01-06 09:25:26.819  WARN [org.apache.kafka.clients.NetworkClient:1063] [Producer clientId=producer-1] Bootstrap broker localhost:9092 (id: -1 rack: null) disconnected 
2025-01-06 09:25:28.713  INFO [org.apache.kafka.clients.NetworkClient:935] [Consumer clientId=consumer-item_group-1, groupId=item_group] Node 0 disconnected. 
2025-01-06 09:25:28.714  WARN [org.apache.kafka.clients.NetworkClient:775] [Consumer clientId=consumer-item_group-1, groupId=item_group] Connection to node 0 (W49204302.woolworths.co.za/192.168.8.7:9092) could not be established. Broker may not be available. 
2025-01-06 09:25:30.098  INFO [org.apache.kafka.clients.NetworkClient:935] [Producer clientId=producer-1] Node -1 disconnected. 
2025-01-06 09:25:30.099  WARN [org.apache.kafka.clients.NetworkClient:775] [Producer clientId=producer-1] Connection to node -1 (localhost/127.0.0.1:9092) could not be established. Broker may not be available. 
2025-01-06 09:25:30.099  WARN [org.apache.kafka.clients.NetworkClient:1063] [Producer clientId=producer-1] Bootstrap broker localhost:9092 (id: -1 rack: null) disconnected 
2025-01-06 09:25:31.883  INFO [org.apache.kafka.clients.NetworkClient:935] [Consumer clientId=consumer-item_group-1, groupId=item_group] Node 0 disconnected. 
2025-01-06 09:25:31.883  WARN [org.apache.kafka.clients.NetworkClient:775] [Consumer clientId=consumer-item_group-1, groupId=item_group] Connection to node 0 (W49204302.woolworths.co.za/172.18.65.175:9092) could not be established. Broker may not be available. 
2025-01-06 09:25:33.257  INFO [org.apache.kafka.clients.NetworkClient:935] [Producer clientId=producer-1] Node -1 disconnected. 
2025-01-06 09:25:33.258  WARN [org.apache.kafka.clients.NetworkClient:775] [Producer clientId=producer-1] Connection to node -1 (localhost/127.0.0.1:9092) could not be established. Broker may not be available. 
2025-01-06 09:25:33.258  WARN [org.apache.kafka.clients.NetworkClient:1063] [Producer clientId=producer-1] Bootstrap broker localhost:9092 (id: -1 rack: null) disconnected 
2025-01-06 09:25:35.104  INFO [org.apache.kafka.clients.NetworkClient:935] [Consumer clientId=consumer-item_group-1, groupId=item_group] Node 0 disconnected. 
2025-01-06 09:25:35.105  WARN [org.apache.kafka.clients.NetworkClient:775] [Consumer clientId=consumer-item_group-1, groupId=item_group] Connection to node 0 (W49204302.woolworths.co.za/192.168.8.7:9092) could not be established. Broker may not be available. 
2025-01-06 09:25:36.523  INFO [org.apache.kafka.clients.NetworkClient:935] [Producer clientId=producer-1] Node -1 disconnected. 
2025-01-06 09:25:36.524  WARN [org.apache.kafka.clients.NetworkClient:775] [Producer clientId=producer-1] Connection to node -1 (localhost/127.0.0.1:9092) could not be established. Broker may not be available. 
2025-01-06 09:25:36.525  WARN [org.apache.kafka.clients.NetworkClient:1063] [Producer clientId=producer-1] Bootstrap broker localhost:9092 (id: -1 rack: null) disconnected 
2025-01-06 09:25:38.062  INFO [org.apache.kafka.clients.NetworkClient:935] [Consumer clientId=consumer-item_group-1, groupId=item_group] Node 0 disconnected. 
2025-01-06 09:25:38.063  WARN [org.apache.kafka.clients.NetworkClient:775] [Consumer clientId=consumer-item_group-1, groupId=item_group] Connection to node 0 (W49204302.woolworths.co.za/172.18.65.175:9092) could not be established. Broker may not be available. 
2025-01-06 09:25:39.555  INFO [org.apache.kafka.clients.NetworkClient:935] [Producer clientId=producer-1] Node -1 disconnected. 
2025-01-06 09:25:39.556  WARN [org.apache.kafka.clients.NetworkClient:775] [Producer clientId=producer-1] Connection to node -1 (localhost/127.0.0.1:9092) could not be established. Broker may not be available. 
2025-01-06 09:25:39.557  WARN [org.apache.kafka.clients.NetworkClient:1063] [Producer clientId=producer-1] Bootstrap broker localhost:9092 (id: -1 rack: null) disconnected 
2025-01-06 09:25:41.287  INFO [org.apache.kafka.clients.NetworkClient:935] [Consumer clientId=consumer-item_group-1, groupId=item_group] Node 0 disconnected. 
2025-01-06 09:25:41.288  WARN [org.apache.kafka.clients.NetworkClient:775] [Consumer clientId=consumer-item_group-1, groupId=item_group] Connection to node 0 (W49204302.woolworths.co.za/192.168.8.7:9092) could not be established. Broker may not be available. 
2025-01-06 09:25:42.768  INFO [org.apache.kafka.clients.NetworkClient:935] [Producer clientId=producer-1] Node -1 disconnected. 
2025-01-06 09:25:42.769  WARN [org.apache.kafka.clients.NetworkClient:775] [Producer clientId=producer-1] Connection to node -1 (localhost/127.0.0.1:9092) could not be established. Broker may not be available. 
2025-01-06 09:25:42.769  WARN [org.apache.kafka.clients.NetworkClient:1063] [Producer clientId=producer-1] Bootstrap broker localhost:9092 (id: -1 rack: null) disconnected 
2025-01-06 09:25:44.577  INFO [org.apache.kafka.clients.NetworkClient:935] [Consumer clientId=consumer-item_group-1, groupId=item_group] Node 0 disconnected. 
2025-01-06 09:25:44.579  WARN [org.apache.kafka.clients.NetworkClient:775] [Consumer clientId=consumer-item_group-1, groupId=item_group] Connection to node 0 (W49204302.woolworths.co.za/172.18.65.175:9092) could not be established. Broker may not be available. 
2025-01-06 09:25:45.858  INFO [org.apache.kafka.clients.NetworkClient:935] [Producer clientId=producer-1] Node -1 disconnected. 
2025-01-06 09:25:45.859  WARN [org.apache.kafka.clients.NetworkClient:775] [Producer clientId=producer-1] Connection to node -1 (localhost/127.0.0.1:9092) could not be established. Broker may not be available. 
2025-01-06 09:25:45.859  WARN [org.apache.kafka.clients.NetworkClient:1063] [Producer clientId=producer-1] Bootstrap broker localhost:9092 (id: -1 rack: null) disconnected 
2025-01-06 09:25:47.680  INFO [org.apache.kafka.clients.NetworkClient:935] [Consumer clientId=consumer-item_group-1, groupId=item_group] Node 0 disconnected. 
2025-01-06 09:25:47.681  WARN [org.apache.kafka.clients.NetworkClient:775] [Consumer clientId=consumer-item_group-1, groupId=item_group] Connection to node 0 (W49204302.woolworths.co.za/192.168.8.7:9092) could not be established. Broker may not be available. 
2025-01-06 09:25:49.080  INFO [org.apache.kafka.clients.NetworkClient:935] [Producer clientId=producer-1] Node -1 disconnected. 
2025-01-06 09:25:49.081  WARN [org.apache.kafka.clients.NetworkClient:775] [Producer clientId=producer-1] Connection to node -1 (localhost/127.0.0.1:9092) could not be established. Broker may not be available. 
2025-01-06 09:25:49.081  WARN [org.apache.kafka.clients.NetworkClient:1063] [Producer clientId=producer-1] Bootstrap broker localhost:9092 (id: -1 rack: null) disconnected 
2025-01-06 09:25:50.898  INFO [org.apache.kafka.clients.NetworkClient:935] [Consumer clientId=consumer-item_group-1, groupId=item_group] Node 0 disconnected. 
2025-01-06 09:25:50.899  WARN [org.apache.kafka.clients.NetworkClient:775] [Consumer clientId=consumer-item_group-1, groupId=item_group] Connection to node 0 (W49204302.woolworths.co.za/172.18.65.175:9092) could not be established. Broker may not be available. 
2025-01-06 09:25:52.051  INFO [org.apache.kafka.clients.NetworkClient:935] [Producer clientId=producer-1] Node -1 disconnected. 
2025-01-06 09:25:52.052  WARN [org.apache.kafka.clients.NetworkClient:775] [Producer clientId=producer-1] Connection to node -1 (localhost/127.0.0.1:9092) could not be established. Broker may not be available. 
2025-01-06 09:25:52.052  WARN [org.apache.kafka.clients.NetworkClient:1063] [Producer clientId=producer-1] Bootstrap broker localhost:9092 (id: -1 rack: null) disconnected 
2025-01-06 09:25:53.872  INFO [org.apache.kafka.clients.NetworkClient:935] [Consumer clientId=consumer-item_group-1, groupId=item_group] Node 0 disconnected. 
2025-01-06 09:25:53.873  WARN [org.apache.kafka.clients.NetworkClient:775] [Consumer clientId=consumer-item_group-1, groupId=item_group] Connection to node 0 (W49204302.woolworths.co.za/192.168.8.7:9092) could not be established. Broker may not be available. 
2025-01-06 09:25:54.942  INFO [org.apache.kafka.clients.NetworkClient:935] [Producer clientId=producer-1] Node -1 disconnected. 
2025-01-06 09:25:54.943  WARN [org.apache.kafka.clients.NetworkClient:775] [Producer clientId=producer-1] Connection to node -1 (localhost/127.0.0.1:9092) could not be established. Broker may not be available. 
2025-01-06 09:25:54.943  WARN [org.apache.kafka.clients.NetworkClient:1063] [Producer clientId=producer-1] Bootstrap broker localhost:9092 (id: -1 rack: null) disconnected 
2025-01-06 09:25:56.796  INFO [org.apache.kafka.clients.NetworkClient:935] [Consumer clientId=consumer-item_group-1, groupId=item_group] Node 0 disconnected. 
2025-01-06 09:25:56.798  WARN [org.apache.kafka.clients.NetworkClient:775] [Consumer clientId=consumer-item_group-1, groupId=item_group] Connection to node 0 (W49204302.woolworths.co.za/172.18.65.175:9092) could not be established. Broker may not be available. 
2025-01-06 09:25:57.841  INFO [org.apache.kafka.clients.NetworkClient:935] [Producer clientId=producer-1] Node -1 disconnected. 
2025-01-06 09:25:57.841  WARN [org.apache.kafka.clients.NetworkClient:775] [Producer clientId=producer-1] Connection to node -1 (localhost/127.0.0.1:9092) could not be established. Broker may not be available. 
2025-01-06 09:25:57.841  WARN [org.apache.kafka.clients.NetworkClient:1063] [Producer clientId=producer-1] Bootstrap broker localhost:9092 (id: -1 rack: null) disconnected 
2025-01-06 09:25:59.774  INFO [org.apache.kafka.clients.NetworkClient:935] [Consumer clientId=consumer-item_group-1, groupId=item_group] Node 0 disconnected. 
2025-01-06 09:25:59.774  WARN [org.apache.kafka.clients.NetworkClient:775] [Consumer clientId=consumer-item_group-1, groupId=item_group] Connection to node 0 (W49204302.woolworths.co.za/192.168.8.7:9092) could not be established. Broker may not be available. 
2025-01-06 09:26:00.942  INFO [org.apache.kafka.clients.NetworkClient:935] [Producer clientId=producer-1] Node -1 disconnected. 
2025-01-06 09:26:00.942  WARN [org.apache.kafka.clients.NetworkClient:775] [Producer clientId=producer-1] Connection to node -1 (localhost/127.0.0.1:9092) could not be established. Broker may not be available. 
2025-01-06 09:26:00.942  WARN [org.apache.kafka.clients.NetworkClient:1063] [Producer clientId=producer-1] Bootstrap broker localhost:9092 (id: -1 rack: null) disconnected 
2025-01-06 09:26:02.811  INFO [org.apache.kafka.clients.NetworkClient:935] [Consumer clientId=consumer-item_group-1, groupId=item_group] Node 0 disconnected. 
2025-01-06 09:26:02.812  WARN [org.apache.kafka.clients.NetworkClient:775] [Consumer clientId=consumer-item_group-1, groupId=item_group] Connection to node 0 (W49204302.woolworths.co.za/172.18.65.175:9092) could not be established. Broker may not be available. 
2025-01-06 09:26:04.043  INFO [org.apache.kafka.clients.NetworkClient:935] [Producer clientId=producer-1] Node -1 disconnected. 
2025-01-06 09:26:04.043  WARN [org.apache.kafka.clients.NetworkClient:775] [Producer clientId=producer-1] Connection to node -1 (localhost/127.0.0.1:9092) could not be established. Broker may not be available. 
2025-01-06 09:26:04.043  WARN [org.apache.kafka.clients.NetworkClient:1063] [Producer clientId=producer-1] Bootstrap broker localhost:9092 (id: -1 rack: null) disconnected 
2025-01-06 09:26:05.784  INFO [org.apache.kafka.clients.NetworkClient:935] [Consumer clientId=consumer-item_group-1, groupId=item_group] Node 0 disconnected. 
2025-01-06 09:26:05.785  WARN [org.apache.kafka.clients.NetworkClient:775] [Consumer clientId=consumer-item_group-1, groupId=item_group] Connection to node 0 (W49204302.woolworths.co.za/192.168.8.7:9092) could not be established. Broker may not be available. 
2025-01-06 09:26:07.200  INFO [org.apache.kafka.clients.NetworkClient:935] [Producer clientId=producer-1] Node -1 disconnected. 
2025-01-06 09:26:07.200  WARN [org.apache.kafka.clients.NetworkClient:775] [Producer clientId=producer-1] Connection to node -1 (localhost/127.0.0.1:9092) could not be established. Broker may not be available. 
2025-01-06 09:26:07.200  WARN [org.apache.kafka.clients.NetworkClient:1063] [Producer clientId=producer-1] Bootstrap broker localhost:9092 (id: -1 rack: null) disconnected 
2025-01-06 09:26:08.941  INFO [org.apache.kafka.clients.NetworkClient:935] [Consumer clientId=consumer-item_group-1, groupId=item_group] Node 0 disconnected. 
2025-01-06 09:26:08.941  WARN [org.apache.kafka.clients.NetworkClient:775] [Consumer clientId=consumer-item_group-1, groupId=item_group] Connection to node 0 (W49204302.woolworths.co.za/172.18.65.175:9092) could not be established. Broker may not be available. 
2025-01-06 09:26:10.169  INFO [org.apache.kafka.clients.NetworkClient:935] [Producer clientId=producer-1] Node -1 disconnected. 
2025-01-06 09:26:10.170  WARN [org.apache.kafka.clients.NetworkClient:775] [Producer clientId=producer-1] Connection to node -1 (localhost/127.0.0.1:9092) could not be established. Broker may not be available. 
2025-01-06 09:26:10.170  WARN [org.apache.kafka.clients.NetworkClient:1063] [Producer clientId=producer-1] Bootstrap broker localhost:9092 (id: -1 rack: null) disconnected 
2025-01-06 09:26:12.006  INFO [org.apache.kafka.clients.NetworkClient:935] [Consumer clientId=consumer-item_group-1, groupId=item_group] Node 0 disconnected. 
2025-01-06 09:26:12.006  WARN [org.apache.kafka.clients.NetworkClient:775] [Consumer clientId=consumer-item_group-1, groupId=item_group] Connection to node 0 (W49204302.woolworths.co.za/192.168.8.7:9092) could not be established. Broker may not be available. 
2025-01-06 09:26:13.315  INFO [org.apache.kafka.clients.NetworkClient:935] [Producer clientId=producer-1] Node -1 disconnected. 
2025-01-06 09:26:13.315  WARN [org.apache.kafka.clients.NetworkClient:775] [Producer clientId=producer-1] Connection to node -1 (localhost/127.0.0.1:9092) could not be established. Broker may not be available. 
2025-01-06 09:26:13.315  WARN [org.apache.kafka.clients.NetworkClient:1063] [Producer clientId=producer-1] Bootstrap broker localhost:9092 (id: -1 rack: null) disconnected 
2025-01-06 09:26:15.233  INFO [org.apache.kafka.clients.NetworkClient:935] [Consumer clientId=consumer-item_group-1, groupId=item_group] Node 0 disconnected. 
2025-01-06 09:26:15.233  WARN [org.apache.kafka.clients.NetworkClient:775] [Consumer clientId=consumer-item_group-1, groupId=item_group] Connection to node 0 (W49204302.woolworths.co.za/172.18.65.175:9092) could not be established. Broker may not be available. 
2025-01-06 09:26:16.289  INFO [org.apache.kafka.clients.NetworkClient:935] [Producer clientId=producer-1] Node -1 disconnected. 
2025-01-06 09:26:16.289  WARN [org.apache.kafka.clients.NetworkClient:775] [Producer clientId=producer-1] Connection to node -1 (localhost/127.0.0.1:9092) could not be established. Broker may not be available. 
2025-01-06 09:26:16.290  WARN [org.apache.kafka.clients.NetworkClient:1063] [Producer clientId=producer-1] Bootstrap broker localhost:9092 (id: -1 rack: null) disconnected 
2025-01-06 09:26:18.329  INFO [org.apache.kafka.clients.NetworkClient:935] [Consumer clientId=consumer-item_group-1, groupId=item_group] Node 0 disconnected. 
2025-01-06 09:26:18.331  WARN [org.apache.kafka.clients.NetworkClient:775] [Consumer clientId=consumer-item_group-1, groupId=item_group] Connection to node 0 (W49204302.woolworths.co.za/192.168.8.7:9092) could not be established. Broker may not be available. 
2025-01-06 09:26:19.261  INFO [org.apache.kafka.clients.NetworkClient:935] [Producer clientId=producer-1] Node -1 disconnected. 
2025-01-06 09:26:19.262  WARN [org.apache.kafka.clients.NetworkClient:775] [Producer clientId=producer-1] Connection to node -1 (localhost/127.0.0.1:9092) could not be established. Broker may not be available. 
2025-01-06 09:26:19.262  WARN [org.apache.kafka.clients.NetworkClient:1063] [Producer clientId=producer-1] Bootstrap broker localhost:9092 (id: -1 rack: null) disconnected 
2025-01-06 09:26:21.238  INFO [org.apache.kafka.clients.NetworkClient:935] [Consumer clientId=consumer-item_group-1, groupId=item_group] Node 0 disconnected. 
2025-01-06 09:26:21.239  WARN [org.apache.kafka.clients.NetworkClient:775] [Consumer clientId=consumer-item_group-1, groupId=item_group] Connection to node 0 (W49204302.woolworths.co.za/172.18.65.175:9092) could not be established. Broker may not be available. 
2025-01-06 09:26:22.231  INFO [org.apache.kafka.clients.NetworkClient:935] [Producer clientId=producer-1] Node -1 disconnected. 
2025-01-06 09:26:22.232  WARN [org.apache.kafka.clients.NetworkClient:775] [Producer clientId=producer-1] Connection to node -1 (localhost/127.0.0.1:9092) could not be established. Broker may not be available. 
2025-01-06 09:26:22.233  WARN [org.apache.kafka.clients.NetworkClient:1063] [Producer clientId=producer-1] Bootstrap broker localhost:9092 (id: -1 rack: null) disconnected 
2025-01-06 09:26:24.195  INFO [org.apache.kafka.clients.NetworkClient:935] [Consumer clientId=consumer-item_group-1, groupId=item_group] Node 0 disconnected. 
2025-01-06 09:26:24.197  WARN [org.apache.kafka.clients.NetworkClient:775] [Consumer clientId=consumer-item_group-1, groupId=item_group] Connection to node 0 (W49204302.woolworths.co.za/192.168.8.7:9092) could not be established. Broker may not be available. 
2025-01-06 09:26:25.397  INFO [org.apache.kafka.clients.NetworkClient:935] [Producer clientId=producer-1] Node -1 disconnected. 
2025-01-06 09:26:25.398  WARN [org.apache.kafka.clients.NetworkClient:775] [Producer clientId=producer-1] Connection to node -1 (localhost/127.0.0.1:9092) could not be established. Broker may not be available. 
2025-01-06 09:26:25.398  WARN [org.apache.kafka.clients.NetworkClient:1063] [Producer clientId=producer-1] Bootstrap broker localhost:9092 (id: -1 rack: null) disconnected 
2025-01-06 09:26:27.497  INFO [org.apache.kafka.clients.NetworkClient:935] [Consumer clientId=consumer-item_group-1, groupId=item_group] Node 0 disconnected. 
2025-01-06 09:26:27.498  WARN [org.apache.kafka.clients.NetworkClient:775] [Consumer clientId=consumer-item_group-1, groupId=item_group] Connection to node 0 (W49204302.woolworths.co.za/172.18.65.175:9092) could not be established. Broker may not be available. 
2025-01-06 09:26:28.306  INFO [org.apache.kafka.clients.NetworkClient:935] [Producer clientId=producer-1] Node -1 disconnected. 
2025-01-06 09:26:28.307  WARN [org.apache.kafka.clients.NetworkClient:775] [Producer clientId=producer-1] Connection to node -1 (localhost/127.0.0.1:9092) could not be established. Broker may not be available. 
2025-01-06 09:26:28.308  WARN [org.apache.kafka.clients.NetworkClient:1063] [Producer clientId=producer-1] Bootstrap broker localhost:9092 (id: -1 rack: null) disconnected 
2025-01-06 09:26:30.581  INFO [org.apache.kafka.clients.NetworkClient:935] [Consumer clientId=consumer-item_group-1, groupId=item_group] Node 0 disconnected. 
2025-01-06 09:26:30.583  WARN [org.apache.kafka.clients.NetworkClient:775] [Consumer clientId=consumer-item_group-1, groupId=item_group] Connection to node 0 (W49204302.woolworths.co.za/192.168.8.7:9092) could not be established. Broker may not be available. 
2025-01-06 09:26:31.567  INFO [org.apache.kafka.clients.NetworkClient:935] [Producer clientId=producer-1] Node -1 disconnected. 
2025-01-06 09:26:31.568  WARN [org.apache.kafka.clients.NetworkClient:775] [Producer clientId=producer-1] Connection to node -1 (localhost/127.0.0.1:9092) could not be established. Broker may not be available. 
2025-01-06 09:26:31.569  WARN [org.apache.kafka.clients.NetworkClient:1063] [Producer clientId=producer-1] Bootstrap broker localhost:9092 (id: -1 rack: null) disconnected 
2025-01-06 09:26:33.736  INFO [org.apache.kafka.clients.NetworkClient:935] [Consumer clientId=consumer-item_group-1, groupId=item_group] Node 0 disconnected. 
2025-01-06 09:26:33.736  WARN [org.apache.kafka.clients.NetworkClient:775] [Consumer clientId=consumer-item_group-1, groupId=item_group] Connection to node 0 (W49204302.woolworths.co.za/172.18.65.175:9092) could not be established. Broker may not be available. 
2025-01-06 09:26:34.734  INFO [org.apache.kafka.clients.NetworkClient:935] [Producer clientId=producer-1] Node -1 disconnected. 
2025-01-06 09:26:34.735  WARN [org.apache.kafka.clients.NetworkClient:775] [Producer clientId=producer-1] Connection to node -1 (localhost/127.0.0.1:9092) could not be established. Broker may not be available. 
2025-01-06 09:26:34.736  WARN [org.apache.kafka.clients.NetworkClient:1063] [Producer clientId=producer-1] Bootstrap broker localhost:9092 (id: -1 rack: null) disconnected 
2025-01-06 09:26:36.698  INFO [org.apache.kafka.clients.NetworkClient:935] [Consumer clientId=consumer-item_group-1, groupId=item_group] Node 0 disconnected. 
2025-01-06 09:26:36.699  WARN [org.apache.kafka.clients.NetworkClient:775] [Consumer clientId=consumer-item_group-1, groupId=item_group] Connection to node 0 (W49204302.woolworths.co.za/192.168.8.7:9092) could not be established. Broker may not be available. 
2025-01-06 09:26:38.020  INFO [org.apache.kafka.clients.NetworkClient:935] [Producer clientId=producer-1] Node -1 disconnected. 
2025-01-06 09:26:38.021  WARN [org.apache.kafka.clients.NetworkClient:775] [Producer clientId=producer-1] Connection to node -1 (localhost/127.0.0.1:9092) could not be established. Broker may not be available. 
2025-01-06 09:26:38.022  WARN [org.apache.kafka.clients.NetworkClient:1063] [Producer clientId=producer-1] Bootstrap broker localhost:9092 (id: -1 rack: null) disconnected 
2025-01-06 09:26:39.892  INFO [org.apache.kafka.clients.NetworkClient:935] [Consumer clientId=consumer-item_group-1, groupId=item_group] Node 0 disconnected. 
2025-01-06 09:26:39.893  WARN [org.apache.kafka.clients.NetworkClient:775] [Consumer clientId=consumer-item_group-1, groupId=item_group] Connection to node 0 (W49204302.woolworths.co.za/172.18.65.175:9092) could not be established. Broker may not be available. 
2025-01-06 09:26:40.916  INFO [org.apache.kafka.clients.NetworkClient:935] [Producer clientId=producer-1] Node -1 disconnected. 
2025-01-06 09:26:40.917  WARN [org.apache.kafka.clients.NetworkClient:775] [Producer clientId=producer-1] Connection to node -1 (localhost/127.0.0.1:9092) could not be established. Broker may not be available. 
2025-01-06 09:26:40.918  WARN [org.apache.kafka.clients.NetworkClient:1063] [Producer clientId=producer-1] Bootstrap broker localhost:9092 (id: -1 rack: null) disconnected 
2025-01-06 09:26:43.156  INFO [org.apache.kafka.clients.NetworkClient:935] [Consumer clientId=consumer-item_group-1, groupId=item_group] Node 0 disconnected. 
2025-01-06 09:26:43.157  WARN [org.apache.kafka.clients.NetworkClient:775] [Consumer clientId=consumer-item_group-1, groupId=item_group] Connection to node 0 (W49204302.woolworths.co.za/192.168.8.7:9092) could not be established. Broker may not be available. 
2025-01-06 09:26:43.825  INFO [org.apache.kafka.clients.NetworkClient:935] [Producer clientId=producer-1] Node -1 disconnected. 
2025-01-06 09:26:43.826  WARN [org.apache.kafka.clients.NetworkClient:775] [Producer clientId=producer-1] Connection to node -1 (localhost/127.0.0.1:9092) could not be established. Broker may not be available. 
2025-01-06 09:26:43.827  WARN [org.apache.kafka.clients.NetworkClient:1063] [Producer clientId=producer-1] Bootstrap broker localhost:9092 (id: -1 rack: null) disconnected 
2025-01-06 09:26:46.044  INFO [org.apache.kafka.clients.NetworkClient:935] [Consumer clientId=consumer-item_group-1, groupId=item_group] Node 0 disconnected. 
2025-01-06 09:26:46.045  WARN [org.apache.kafka.clients.NetworkClient:775] [Consumer clientId=consumer-item_group-1, groupId=item_group] Connection to node 0 (W49204302.woolworths.co.za/172.18.65.175:9092) could not be established. Broker may not be available. 
2025-01-06 09:26:46.774  INFO [org.apache.kafka.clients.NetworkClient:935] [Producer clientId=producer-1] Node -1 disconnected. 
2025-01-06 09:26:46.775  WARN [org.apache.kafka.clients.NetworkClient:775] [Producer clientId=producer-1] Connection to node -1 (localhost/127.0.0.1:9092) could not be established. Broker may not be available. 
2025-01-06 09:26:46.776  WARN [org.apache.kafka.clients.NetworkClient:1063] [Producer clientId=producer-1] Bootstrap broker localhost:9092 (id: -1 rack: null) disconnected 
2025-01-06 09:26:49.189  INFO [org.apache.kafka.clients.NetworkClient:935] [Consumer clientId=consumer-item_group-1, groupId=item_group] Node 0 disconnected. 
2025-01-06 09:26:49.189  WARN [org.apache.kafka.clients.NetworkClient:775] [Consumer clientId=consumer-item_group-1, groupId=item_group] Connection to node 0 (W49204302.woolworths.co.za/192.168.8.7:9092) could not be established. Broker may not be available. 
2025-01-06 09:26:49.858  INFO [org.apache.kafka.clients.NetworkClient:935] [Producer clientId=producer-1] Node -1 disconnected. 
2025-01-06 09:26:49.859  WARN [org.apache.kafka.clients.NetworkClient:775] [Producer clientId=producer-1] Connection to node -1 (localhost/127.0.0.1:9092) could not be established. Broker may not be available. 
2025-01-06 09:26:49.859  WARN [org.apache.kafka.clients.NetworkClient:1063] [Producer clientId=producer-1] Bootstrap broker localhost:9092 (id: -1 rack: null) disconnected 
2025-01-06 09:26:52.289  INFO [org.apache.kafka.clients.NetworkClient:935] [Consumer clientId=consumer-item_group-1, groupId=item_group] Node 0 disconnected. 
2025-01-06 09:26:52.290  WARN [org.apache.kafka.clients.NetworkClient:775] [Consumer clientId=consumer-item_group-1, groupId=item_group] Connection to node 0 (W49204302.woolworths.co.za/172.18.65.175:9092) could not be established. Broker may not be available. 
2025-01-06 09:26:52.758  INFO [org.apache.kafka.clients.NetworkClient:935] [Producer clientId=producer-1] Node -1 disconnected. 
2025-01-06 09:26:52.759  WARN [org.apache.kafka.clients.NetworkClient:775] [Producer clientId=producer-1] Connection to node -1 (localhost/127.0.0.1:9092) could not be established. Broker may not be available. 
2025-01-06 09:26:52.760  WARN [org.apache.kafka.clients.NetworkClient:1063] [Producer clientId=producer-1] Bootstrap broker localhost:9092 (id: -1 rack: null) disconnected 
2025-01-06 09:26:55.437  INFO [org.apache.kafka.clients.NetworkClient:935] [Consumer clientId=consumer-item_group-1, groupId=item_group] Node 0 disconnected. 
2025-01-06 09:26:55.438  WARN [org.apache.kafka.clients.NetworkClient:775] [Consumer clientId=consumer-item_group-1, groupId=item_group] Connection to node 0 (W49204302.woolworths.co.za/192.168.8.7:9092) could not be established. Broker may not be available. 
2025-01-06 09:26:55.731  INFO [org.apache.kafka.clients.NetworkClient:935] [Producer clientId=producer-1] Node -1 disconnected. 
2025-01-06 09:26:55.732  WARN [org.apache.kafka.clients.NetworkClient:775] [Producer clientId=producer-1] Connection to node -1 (localhost/127.0.0.1:9092) could not be established. Broker may not be available. 
2025-01-06 09:26:55.732  WARN [org.apache.kafka.clients.NetworkClient:1063] [Producer clientId=producer-1] Bootstrap broker localhost:9092 (id: -1 rack: null) disconnected 
2025-01-06 09:26:58.457  INFO [org.apache.kafka.clients.NetworkClient:935] [Consumer clientId=consumer-item_group-1, groupId=item_group] Node 0 disconnected. 
2025-01-06 09:26:58.458  WARN [org.apache.kafka.clients.NetworkClient:775] [Consumer clientId=consumer-item_group-1, groupId=item_group] Connection to node 0 (W49204302.woolworths.co.za/172.18.65.175:9092) could not be established. Broker may not be available. 
2025-01-06 09:26:58.691  INFO [org.apache.kafka.clients.NetworkClient:935] [Producer clientId=producer-1] Node -1 disconnected. 
2025-01-06 09:26:58.691  WARN [org.apache.kafka.clients.NetworkClient:775] [Producer clientId=producer-1] Connection to node -1 (localhost/127.0.0.1:9092) could not be established. Broker may not be available. 
2025-01-06 09:26:58.692  WARN [org.apache.kafka.clients.NetworkClient:1063] [Producer clientId=producer-1] Bootstrap broker localhost:9092 (id: -1 rack: null) disconnected 
2025-01-06 09:27:01.602  INFO [org.apache.kafka.clients.NetworkClient:935] [Consumer clientId=consumer-item_group-1, groupId=item_group] Node 0 disconnected. 
2025-01-06 09:27:01.603  WARN [org.apache.kafka.clients.NetworkClient:775] [Consumer clientId=consumer-item_group-1, groupId=item_group] Connection to node 0 (W49204302.woolworths.co.za/192.168.8.7:9092) could not be established. Broker may not be available. 
2025-01-06 09:27:01.727  INFO [org.apache.kafka.clients.NetworkClient:935] [Producer clientId=producer-1] Node -1 disconnected. 
2025-01-06 09:27:01.727  WARN [org.apache.kafka.clients.NetworkClient:775] [Producer clientId=producer-1] Connection to node -1 (localhost/127.0.0.1:9092) could not be established. Broker may not be available. 
2025-01-06 09:27:01.728  WARN [org.apache.kafka.clients.NetworkClient:1063] [Producer clientId=producer-1] Bootstrap broker localhost:9092 (id: -1 rack: null) disconnected 
2025-01-06 09:27:04.749  INFO [org.apache.kafka.clients.NetworkClient:935] [Consumer clientId=consumer-item_group-1, groupId=item_group] Node 0 disconnected. 
2025-01-06 09:27:04.750  INFO [org.apache.kafka.clients.NetworkClient:935] [Producer clientId=producer-1] Node -1 disconnected. 
2025-01-06 09:27:04.750  WARN [org.apache.kafka.clients.NetworkClient:775] [Consumer clientId=consumer-item_group-1, groupId=item_group] Connection to node 0 (W49204302.woolworths.co.za/172.18.65.175:9092) could not be established. Broker may not be available. 
2025-01-06 09:27:04.751  WARN [org.apache.kafka.clients.NetworkClient:775] [Producer clientId=producer-1] Connection to node -1 (localhost/127.0.0.1:9092) could not be established. Broker may not be available. 
2025-01-06 09:27:04.752  WARN [org.apache.kafka.clients.NetworkClient:1063] [Producer clientId=producer-1] Bootstrap broker localhost:9092 (id: -1 rack: null) disconnected 
2025-01-06 09:27:07.712  INFO [org.apache.kafka.clients.NetworkClient:935] [Consumer clientId=consumer-item_group-1, groupId=item_group] Node 0 disconnected. 
2025-01-06 09:27:07.712  WARN [org.apache.kafka.clients.NetworkClient:775] [Consumer clientId=consumer-item_group-1, groupId=item_group] Connection to node 0 (W49204302.woolworths.co.za/192.168.8.7:9092) could not be established. Broker may not be available. 
2025-01-06 09:27:07.775  INFO [org.apache.kafka.clients.NetworkClient:935] [Producer clientId=producer-1] Node -1 disconnected. 
2025-01-06 09:27:07.775  WARN [org.apache.kafka.clients.NetworkClient:775] [Producer clientId=producer-1] Connection to node -1 (localhost/127.0.0.1:9092) could not be established. Broker may not be available. 
2025-01-06 09:27:07.776  WARN [org.apache.kafka.clients.NetworkClient:1063] [Producer clientId=producer-1] Bootstrap broker localhost:9092 (id: -1 rack: null) disconnected 
2025-01-06 09:27:10.979  INFO [org.apache.kafka.clients.NetworkClient:935] [Consumer clientId=consumer-item_group-1, groupId=item_group] Node 0 disconnected. 
2025-01-06 09:27:10.979  WARN [org.apache.kafka.clients.NetworkClient:775] [Consumer clientId=consumer-item_group-1, groupId=item_group] Connection to node 0 (W49204302.woolworths.co.za/172.18.65.175:9092) could not be established. Broker may not be available. 
2025-01-06 09:27:10.979  INFO [org.apache.kafka.clients.NetworkClient:935] [Producer clientId=producer-1] Node -1 disconnected. 
2025-01-06 09:27:10.980  WARN [org.apache.kafka.clients.NetworkClient:775] [Producer clientId=producer-1] Connection to node -1 (localhost/127.0.0.1:9092) could not be established. Broker may not be available. 
2025-01-06 09:27:10.980  WARN [org.apache.kafka.clients.NetworkClient:1063] [Producer clientId=producer-1] Bootstrap broker localhost:9092 (id: -1 rack: null) disconnected 
2025-01-06 09:27:14.001  INFO [org.apache.kafka.clients.NetworkClient:935] [Consumer clientId=consumer-item_group-1, groupId=item_group] Node 0 disconnected. 
2025-01-06 09:27:14.002  WARN [org.apache.kafka.clients.NetworkClient:775] [Consumer clientId=consumer-item_group-1, groupId=item_group] Connection to node 0 (W49204302.woolworths.co.za/192.168.8.7:9092) could not be established. Broker may not be available. 
2025-01-06 09:27:14.127  INFO [org.apache.kafka.clients.NetworkClient:935] [Producer clientId=producer-1] Node -1 disconnected. 
2025-01-06 09:27:14.129  WARN [org.apache.kafka.clients.NetworkClient:775] [Producer clientId=producer-1] Connection to node -1 (localhost/127.0.0.1:9092) could not be established. Broker may not be available. 
2025-01-06 09:27:14.129  WARN [org.apache.kafka.clients.NetworkClient:1063] [Producer clientId=producer-1] Bootstrap broker localhost:9092 (id: -1 rack: null) disconnected 
2025-01-06 09:27:17.060  INFO [org.apache.kafka.clients.NetworkClient:935] [Consumer clientId=consumer-item_group-1, groupId=item_group] Node 0 disconnected. 
2025-01-06 09:27:17.061  WARN [org.apache.kafka.clients.NetworkClient:775] [Consumer clientId=consumer-item_group-1, groupId=item_group] Connection to node 0 (W49204302.woolworths.co.za/172.18.65.175:9092) could not be established. Broker may not be available. 
2025-01-06 09:27:17.092  INFO [org.apache.kafka.clients.NetworkClient:935] [Producer clientId=producer-1] Node -1 disconnected. 
2025-01-06 09:27:17.093  WARN [org.apache.kafka.clients.NetworkClient:775] [Producer clientId=producer-1] Connection to node -1 (localhost/127.0.0.1:9092) could not be established. Broker may not be available. 
2025-01-06 09:27:17.094  WARN [org.apache.kafka.clients.NetworkClient:1063] [Producer clientId=producer-1] Bootstrap broker localhost:9092 (id: -1 rack: null) disconnected 
2025-01-06 09:27:20.143  INFO [org.apache.kafka.clients.NetworkClient:935] [Consumer clientId=consumer-item_group-1, groupId=item_group] Node 0 disconnected. 
2025-01-06 09:27:20.143  WARN [org.apache.kafka.clients.NetworkClient:775] [Consumer clientId=consumer-item_group-1, groupId=item_group] Connection to node 0 (W49204302.woolworths.co.za/192.168.8.7:9092) could not be established. Broker may not be available. 
2025-01-06 09:27:20.235  INFO [org.apache.kafka.clients.NetworkClient:935] [Producer clientId=producer-1] Node -1 disconnected. 
2025-01-06 09:27:20.236  WARN [org.apache.kafka.clients.NetworkClient:775] [Producer clientId=producer-1] Connection to node -1 (localhost/127.0.0.1:9092) could not be established. Broker may not be available. 
2025-01-06 09:27:20.237  WARN [org.apache.kafka.clients.NetworkClient:1063] [Producer clientId=producer-1] Bootstrap broker localhost:9092 (id: -1 rack: null) disconnected 
2025-01-06 09:27:23.422  INFO [org.apache.kafka.clients.NetworkClient:935] [Consumer clientId=consumer-item_group-1, groupId=item_group] Node 0 disconnected. 
2025-01-06 09:27:23.423  WARN [org.apache.kafka.clients.NetworkClient:775] [Consumer clientId=consumer-item_group-1, groupId=item_group] Connection to node 0 (W49204302.woolworths.co.za/172.18.65.175:9092) could not be established. Broker may not be available. 
2025-01-06 09:27:23.514  INFO [org.apache.kafka.clients.NetworkClient:935] [Producer clientId=producer-1] Node -1 disconnected. 
2025-01-06 09:27:23.514  WARN [org.apache.kafka.clients.NetworkClient:775] [Producer clientId=producer-1] Connection to node -1 (localhost/127.0.0.1:9092) could not be established. Broker may not be available. 
2025-01-06 09:27:23.515  WARN [org.apache.kafka.clients.NetworkClient:1063] [Producer clientId=producer-1] Bootstrap broker localhost:9092 (id: -1 rack: null) disconnected 
2025-01-06 09:27:26.543  INFO [org.apache.kafka.clients.NetworkClient:935] [Producer clientId=producer-1] Node -1 disconnected. 
2025-01-06 09:27:26.544  WARN [org.apache.kafka.clients.NetworkClient:775] [Producer clientId=producer-1] Connection to node -1 (localhost/127.0.0.1:9092) could not be established. Broker may not be available. 
2025-01-06 09:27:26.545  WARN [org.apache.kafka.clients.NetworkClient:1063] [Producer clientId=producer-1] Bootstrap broker localhost:9092 (id: -1 rack: null) disconnected 
2025-01-06 09:27:26.697  INFO [org.apache.kafka.clients.NetworkClient:935] [Consumer clientId=consumer-item_group-1, groupId=item_group] Node 0 disconnected. 
2025-01-06 09:27:26.698  WARN [org.apache.kafka.clients.NetworkClient:775] [Consumer clientId=consumer-item_group-1, groupId=item_group] Connection to node 0 (W49204302.woolworths.co.za/192.168.8.7:9092) could not be established. Broker may not be available. 
2025-01-06 09:27:29.812  INFO [org.apache.kafka.clients.NetworkClient:935] [Producer clientId=producer-1] Node -1 disconnected. 
2025-01-06 09:27:29.813  WARN [org.apache.kafka.clients.NetworkClient:775] [Producer clientId=producer-1] Connection to node -1 (localhost/127.0.0.1:9092) could not be established. Broker may not be available. 
2025-01-06 09:27:29.814  WARN [org.apache.kafka.clients.NetworkClient:1063] [Producer clientId=producer-1] Bootstrap broker localhost:9092 (id: -1 rack: null) disconnected 
2025-01-06 09:27:29.906  INFO [org.apache.kafka.clients.NetworkClient:935] [Consumer clientId=consumer-item_group-1, groupId=item_group] Node 0 disconnected. 
2025-01-06 09:27:29.907  WARN [org.apache.kafka.clients.NetworkClient:775] [Consumer clientId=consumer-item_group-1, groupId=item_group] Connection to node 0 (W49204302.woolworths.co.za/172.18.65.175:9092) could not be established. Broker may not be available. 
2025-01-06 09:27:33.028  INFO [org.apache.kafka.clients.NetworkClient:935] [Producer clientId=producer-1] Node -1 disconnected. 
2025-01-06 09:27:33.029  WARN [org.apache.kafka.clients.NetworkClient:775] [Producer clientId=producer-1] Connection to node -1 (localhost/127.0.0.1:9092) could not be established. Broker may not be available. 
2025-01-06 09:27:33.029  WARN [org.apache.kafka.clients.NetworkClient:1063] [Producer clientId=producer-1] Bootstrap broker localhost:9092 (id: -1 rack: null) disconnected 
2025-01-06 09:27:33.120  INFO [org.apache.kafka.clients.NetworkClient:935] [Consumer clientId=consumer-item_group-1, groupId=item_group] Node 0 disconnected. 
2025-01-06 09:27:33.121  WARN [org.apache.kafka.clients.NetworkClient:775] [Consumer clientId=consumer-item_group-1, groupId=item_group] Connection to node 0 (W49204302.woolworths.co.za/192.168.8.7:9092) could not be established. Broker may not be available. 
2025-01-06 09:27:35.919  INFO [org.apache.kafka.clients.NetworkClient:935] [Producer clientId=producer-1] Node -1 disconnected. 
2025-01-06 09:27:35.920  WARN [org.apache.kafka.clients.NetworkClient:775] [Producer clientId=producer-1] Connection to node -1 (localhost/127.0.0.1:9092) could not be established. Broker may not be available. 
2025-01-06 09:27:35.920  WARN [org.apache.kafka.clients.NetworkClient:1063] [Producer clientId=producer-1] Bootstrap broker localhost:9092 (id: -1 rack: null) disconnected 
2025-01-06 09:27:36.073  INFO [org.apache.kafka.clients.NetworkClient:935] [Consumer clientId=consumer-item_group-1, groupId=item_group] Node 0 disconnected. 
2025-01-06 09:27:36.073  WARN [org.apache.kafka.clients.NetworkClient:775] [Consumer clientId=consumer-item_group-1, groupId=item_group] Connection to node 0 (W49204302.woolworths.co.za/172.18.65.175:9092) could not be established. Broker may not be available. 
2025-01-06 09:27:38.882  INFO [org.apache.kafka.clients.NetworkClient:935] [Producer clientId=producer-1] Node -1 disconnected. 
2025-01-06 09:27:38.882  WARN [org.apache.kafka.clients.NetworkClient:775] [Producer clientId=producer-1] Connection to node -1 (localhost/127.0.0.1:9092) could not be established. Broker may not be available. 
2025-01-06 09:27:38.883  WARN [org.apache.kafka.clients.NetworkClient:1063] [Producer clientId=producer-1] Bootstrap broker localhost:9092 (id: -1 rack: null) disconnected 
2025-01-06 09:27:39.283  INFO [org.apache.kafka.clients.NetworkClient:935] [Consumer clientId=consumer-item_group-1, groupId=item_group] Node 0 disconnected. 
2025-01-06 09:27:39.285  WARN [org.apache.kafka.clients.NetworkClient:775] [Consumer clientId=consumer-item_group-1, groupId=item_group] Connection to node 0 (W49204302.woolworths.co.za/192.168.8.7:9092) could not be established. Broker may not be available. 
2025-01-06 09:27:41.850  INFO [org.apache.kafka.clients.NetworkClient:935] [Producer clientId=producer-1] Node -1 disconnected. 
2025-01-06 09:27:41.851  WARN [org.apache.kafka.clients.NetworkClient:775] [Producer clientId=producer-1] Connection to node -1 (localhost/127.0.0.1:9092) could not be established. Broker may not be available. 
2025-01-06 09:27:41.852  WARN [org.apache.kafka.clients.NetworkClient:1063] [Producer clientId=producer-1] Bootstrap broker localhost:9092 (id: -1 rack: null) disconnected 
2025-01-06 09:27:42.469  INFO [org.apache.kafka.clients.NetworkClient:935] [Consumer clientId=consumer-item_group-1, groupId=item_group] Node 0 disconnected. 
2025-01-06 09:27:42.470  WARN [org.apache.kafka.clients.NetworkClient:775] [Consumer clientId=consumer-item_group-1, groupId=item_group] Connection to node 0 (W49204302.woolworths.co.za/172.18.65.175:9092) could not be established. Broker may not be available. 
2025-01-06 09:27:45.066  INFO [org.apache.kafka.clients.NetworkClient:935] [Producer clientId=producer-1] Node -1 disconnected. 
2025-01-06 09:27:45.067  WARN [org.apache.kafka.clients.NetworkClient:775] [Producer clientId=producer-1] Connection to node -1 (localhost/127.0.0.1:9092) could not be established. Broker may not be available. 
2025-01-06 09:27:45.068  WARN [org.apache.kafka.clients.NetworkClient:1063] [Producer clientId=producer-1] Bootstrap broker localhost:9092 (id: -1 rack: null) disconnected 
2025-01-06 09:27:45.502  INFO [org.apache.kafka.clients.NetworkClient:935] [Consumer clientId=consumer-item_group-1, groupId=item_group] Node 0 disconnected. 
2025-01-06 09:27:45.503  WARN [org.apache.kafka.clients.NetworkClient:775] [Consumer clientId=consumer-item_group-1, groupId=item_group] Connection to node 0 (W49204302.woolworths.co.za/192.168.8.7:9092) could not be established. Broker may not be available. 
2025-01-06 09:27:48.158  INFO [org.apache.kafka.clients.NetworkClient:935] [Producer clientId=producer-1] Node -1 disconnected. 
2025-01-06 09:27:48.160  WARN [org.apache.kafka.clients.NetworkClient:775] [Producer clientId=producer-1] Connection to node -1 (localhost/127.0.0.1:9092) could not be established. Broker may not be available. 
2025-01-06 09:27:48.161  WARN [org.apache.kafka.clients.NetworkClient:1063] [Producer clientId=producer-1] Bootstrap broker localhost:9092 (id: -1 rack: null) disconnected 
2025-01-06 09:27:48.404  INFO [org.apache.kafka.clients.NetworkClient:935] [Consumer clientId=consumer-item_group-1, groupId=item_group] Node 0 disconnected. 
2025-01-06 09:27:48.404  WARN [org.apache.kafka.clients.NetworkClient:775] [Consumer clientId=consumer-item_group-1, groupId=item_group] Connection to node 0 (W49204302.woolworths.co.za/172.18.65.175:9092) could not be established. Broker may not be available. 
2025-01-06 09:27:51.047  INFO [org.apache.kafka.clients.NetworkClient:935] [Producer clientId=producer-1] Node -1 disconnected. 
2025-01-06 09:27:51.048  WARN [org.apache.kafka.clients.NetworkClient:775] [Producer clientId=producer-1] Connection to node -1 (localhost/127.0.0.1:9092) could not be established. Broker may not be available. 
2025-01-06 09:27:51.048  WARN [org.apache.kafka.clients.NetworkClient:1063] [Producer clientId=producer-1] Bootstrap broker localhost:9092 (id: -1 rack: null) disconnected 
2025-01-06 09:27:51.610  INFO [org.apache.kafka.clients.NetworkClient:935] [Consumer clientId=consumer-item_group-1, groupId=item_group] Node 0 disconnected. 
2025-01-06 09:27:51.611  WARN [org.apache.kafka.clients.NetworkClient:775] [Consumer clientId=consumer-item_group-1, groupId=item_group] Connection to node 0 (W49204302.woolworths.co.za/192.168.8.7:9092) could not be established. Broker may not be available. 
2025-01-06 09:27:54.015  INFO [org.apache.kafka.clients.NetworkClient:935] [Producer clientId=producer-1] Node -1 disconnected. 
2025-01-06 09:27:54.016  WARN [org.apache.kafka.clients.NetworkClient:775] [Producer clientId=producer-1] Connection to node -1 (localhost/127.0.0.1:9092) could not be established. Broker may not be available. 
2025-01-06 09:27:54.016  WARN [org.apache.kafka.clients.NetworkClient:1063] [Producer clientId=producer-1] Bootstrap broker localhost:9092 (id: -1 rack: null) disconnected 
2025-01-06 09:27:54.559  INFO [org.apache.kafka.clients.NetworkClient:935] [Consumer clientId=consumer-item_group-1, groupId=item_group] Node 0 disconnected. 
2025-01-06 09:27:54.560  WARN [org.apache.kafka.clients.NetworkClient:775] [Consumer clientId=consumer-item_group-1, groupId=item_group] Connection to node 0 (W49204302.woolworths.co.za/172.18.65.175:9092) could not be established. Broker may not be available. 
2025-01-06 09:27:57.156  INFO [org.apache.kafka.clients.NetworkClient:935] [Producer clientId=producer-1] Node -1 disconnected. 
2025-01-06 09:27:57.157  WARN [org.apache.kafka.clients.NetworkClient:775] [Producer clientId=producer-1] Connection to node -1 (localhost/127.0.0.1:9092) could not be established. Broker may not be available. 
2025-01-06 09:27:57.158  WARN [org.apache.kafka.clients.NetworkClient:1063] [Producer clientId=producer-1] Bootstrap broker localhost:9092 (id: -1 rack: null) disconnected 
2025-01-06 09:27:57.731  INFO [org.apache.kafka.clients.NetworkClient:935] [Consumer clientId=consumer-item_group-1, groupId=item_group] Node 0 disconnected. 
2025-01-06 09:27:57.732  WARN [org.apache.kafka.clients.NetworkClient:775] [Consumer clientId=consumer-item_group-1, groupId=item_group] Connection to node 0 (W49204302.woolworths.co.za/192.168.8.7:9092) could not be established. Broker may not be available. 
2025-01-06 09:28:00.247  INFO [org.apache.kafka.clients.NetworkClient:935] [Producer clientId=producer-1] Node -1 disconnected. 
2025-01-06 09:28:00.248  WARN [org.apache.kafka.clients.NetworkClient:775] [Producer clientId=producer-1] Connection to node -1 (localhost/127.0.0.1:9092) could not be established. Broker may not be available. 
2025-01-06 09:28:00.248  WARN [org.apache.kafka.clients.NetworkClient:1063] [Producer clientId=producer-1] Bootstrap broker localhost:9092 (id: -1 rack: null) disconnected 
2025-01-06 09:28:00.691  INFO [org.apache.kafka.clients.NetworkClient:935] [Consumer clientId=consumer-item_group-1, groupId=item_group] Node 0 disconnected. 
2025-01-06 09:28:00.692  WARN [org.apache.kafka.clients.NetworkClient:775] [Consumer clientId=consumer-item_group-1, groupId=item_group] Connection to node 0 (W49204302.woolworths.co.za/172.18.65.175:9092) could not be established. Broker may not be available. 
2025-01-06 09:28:03.197  INFO [org.apache.kafka.clients.NetworkClient:935] [Producer clientId=producer-1] Node -1 disconnected. 
2025-01-06 09:28:03.198  WARN [org.apache.kafka.clients.NetworkClient:775] [Producer clientId=producer-1] Connection to node -1 (localhost/127.0.0.1:9092) could not be established. Broker may not be available. 
2025-01-06 09:28:03.198  WARN [org.apache.kafka.clients.NetworkClient:1063] [Producer clientId=producer-1] Bootstrap broker localhost:9092 (id: -1 rack: null) disconnected 
2025-01-06 09:28:03.584  INFO [org.apache.kafka.clients.NetworkClient:935] [Consumer clientId=consumer-item_group-1, groupId=item_group] Node 0 disconnected. 
2025-01-06 09:28:03.584  WARN [org.apache.kafka.clients.NetworkClient:775] [Consumer clientId=consumer-item_group-1, groupId=item_group] Connection to node 0 (W49204302.woolworths.co.za/192.168.8.7:9092) could not be established. Broker may not be available. 
2025-01-06 09:28:06.331  INFO [org.apache.kafka.clients.NetworkClient:935] [Producer clientId=producer-1] Node -1 disconnected. 
2025-01-06 09:28:06.332  WARN [org.apache.kafka.clients.NetworkClient:775] [Producer clientId=producer-1] Connection to node -1 (localhost/127.0.0.1:9092) could not be established. Broker may not be available. 
2025-01-06 09:28:06.332  WARN [org.apache.kafka.clients.NetworkClient:1063] [Producer clientId=producer-1] Bootstrap broker localhost:9092 (id: -1 rack: null) disconnected 
2025-01-06 09:28:06.809  INFO [org.apache.kafka.clients.NetworkClient:935] [Consumer clientId=consumer-item_group-1, groupId=item_group] Node 0 disconnected. 
2025-01-06 09:28:06.810  WARN [org.apache.kafka.clients.NetworkClient:775] [Consumer clientId=consumer-item_group-1, groupId=item_group] Connection to node 0 (W49204302.woolworths.co.za/172.18.65.175:9092) could not be established. Broker may not be available. 
2025-01-06 09:28:09.542  INFO [org.apache.kafka.clients.NetworkClient:935] [Producer clientId=producer-1] Node -1 disconnected. 
2025-01-06 09:28:09.543  WARN [org.apache.kafka.clients.NetworkClient:775] [Producer clientId=producer-1] Connection to node -1 (localhost/127.0.0.1:9092) could not be established. Broker may not be available. 
2025-01-06 09:28:09.543  WARN [org.apache.kafka.clients.NetworkClient:1063] [Producer clientId=producer-1] Bootstrap broker localhost:9092 (id: -1 rack: null) disconnected 
2025-01-06 09:28:10.071  INFO [org.apache.kafka.clients.NetworkClient:935] [Consumer clientId=consumer-item_group-1, groupId=item_group] Node 0 disconnected. 
2025-01-06 09:28:10.071  WARN [org.apache.kafka.clients.NetworkClient:775] [Consumer clientId=consumer-item_group-1, groupId=item_group] Connection to node 0 (W49204302.woolworths.co.za/192.168.8.7:9092) could not be established. Broker may not be available. 
2025-01-06 09:28:12.811  INFO [org.apache.kafka.clients.NetworkClient:935] [Producer clientId=producer-1] Node -1 disconnected. 
2025-01-06 09:28:12.812  WARN [org.apache.kafka.clients.NetworkClient:775] [Producer clientId=producer-1] Connection to node -1 (localhost/127.0.0.1:9092) could not be established. Broker may not be available. 
2025-01-06 09:28:12.812  WARN [org.apache.kafka.clients.NetworkClient:1063] [Producer clientId=producer-1] Bootstrap broker localhost:9092 (id: -1 rack: null) disconnected 
2025-01-06 09:28:13.028  INFO [org.apache.kafka.clients.NetworkClient:935] [Consumer clientId=consumer-item_group-1, groupId=item_group] Node 0 disconnected. 
2025-01-06 09:28:13.029  WARN [org.apache.kafka.clients.NetworkClient:775] [Consumer clientId=consumer-item_group-1, groupId=item_group] Connection to node 0 (W49204302.woolworths.co.za/172.18.65.175:9092) could not be established. Broker may not be available. 
2025-01-06 09:28:15.838  INFO [org.apache.kafka.clients.NetworkClient:935] [Producer clientId=producer-1] Node -1 disconnected. 
2025-01-06 09:28:15.840  WARN [org.apache.kafka.clients.NetworkClient:775] [Producer clientId=producer-1] Connection to node -1 (localhost/127.0.0.1:9092) could not be established. Broker may not be available. 
2025-01-06 09:28:15.840  WARN [org.apache.kafka.clients.NetworkClient:1063] [Producer clientId=producer-1] Bootstrap broker localhost:9092 (id: -1 rack: null) disconnected 
2025-01-06 09:28:16.010  INFO [org.apache.kafka.clients.NetworkClient:935] [Consumer clientId=consumer-item_group-1, groupId=item_group] Node 0 disconnected. 
2025-01-06 09:28:16.010  WARN [org.apache.kafka.clients.NetworkClient:775] [Consumer clientId=consumer-item_group-1, groupId=item_group] Connection to node 0 (W49204302.woolworths.co.za/192.168.8.7:9092) could not be established. Broker may not be available. 
2025-01-06 09:28:18.796  INFO [org.apache.kafka.clients.NetworkClient:935] [Producer clientId=producer-1] Node -1 disconnected. 
2025-01-06 09:28:18.797  WARN [org.apache.kafka.clients.NetworkClient:775] [Producer clientId=producer-1] Connection to node -1 (localhost/127.0.0.1:9092) could not be established. Broker may not be available. 
2025-01-06 09:28:18.797  WARN [org.apache.kafka.clients.NetworkClient:1063] [Producer clientId=producer-1] Bootstrap broker localhost:9092 (id: -1 rack: null) disconnected 
2025-01-06 09:28:19.032  INFO [org.apache.kafka.clients.NetworkClient:935] [Consumer clientId=consumer-item_group-1, groupId=item_group] Node 0 disconnected. 
2025-01-06 09:28:19.033  WARN [org.apache.kafka.clients.NetworkClient:775] [Consumer clientId=consumer-item_group-1, groupId=item_group] Connection to node 0 (W49204302.woolworths.co.za/172.18.65.175:9092) could not be established. Broker may not be available. 
2025-01-06 09:28:21.821  INFO [org.apache.kafka.clients.NetworkClient:935] [Producer clientId=producer-1] Node -1 disconnected. 
2025-01-06 09:28:21.822  WARN [org.apache.kafka.clients.NetworkClient:775] [Producer clientId=producer-1] Connection to node -1 (localhost/127.0.0.1:9092) could not be established. Broker may not be available. 
2025-01-06 09:28:21.822  WARN [org.apache.kafka.clients.NetworkClient:1063] [Producer clientId=producer-1] Bootstrap broker localhost:9092 (id: -1 rack: null) disconnected 
2025-01-06 09:28:22.269  INFO [org.apache.kafka.clients.NetworkClient:935] [Consumer clientId=consumer-item_group-1, groupId=item_group] Node 0 disconnected. 
2025-01-06 09:28:22.270  WARN [org.apache.kafka.clients.NetworkClient:775] [Consumer clientId=consumer-item_group-1, groupId=item_group] Connection to node 0 (W49204302.woolworths.co.za/192.168.8.7:9092) could not be established. Broker may not be available. 
2025-01-06 09:28:24.841  INFO [org.apache.kafka.clients.NetworkClient:935] [Producer clientId=producer-1] Node -1 disconnected. 
2025-01-06 09:28:24.842  WARN [org.apache.kafka.clients.NetworkClient:775] [Producer clientId=producer-1] Connection to node -1 (localhost/127.0.0.1:9092) could not be established. Broker may not be available. 
2025-01-06 09:28:24.843  WARN [org.apache.kafka.clients.NetworkClient:1063] [Producer clientId=producer-1] Bootstrap broker localhost:9092 (id: -1 rack: null) disconnected 
2025-01-06 09:28:25.414  INFO [org.apache.kafka.clients.NetworkClient:935] [Consumer clientId=consumer-item_group-1, groupId=item_group] Node 0 disconnected. 
2025-01-06 09:28:25.415  WARN [org.apache.kafka.clients.NetworkClient:775] [Consumer clientId=consumer-item_group-1, groupId=item_group] Connection to node 0 (W49204302.woolworths.co.za/172.18.65.175:9092) could not be established. Broker may not be available. 
2025-01-06 09:28:27.868  INFO [org.apache.kafka.clients.NetworkClient:935] [Producer clientId=producer-1] Node -1 disconnected. 
2025-01-06 09:28:27.869  WARN [org.apache.kafka.clients.NetworkClient:775] [Producer clientId=producer-1] Connection to node -1 (localhost/127.0.0.1:9092) could not be established. Broker may not be available. 
2025-01-06 09:28:27.869  WARN [org.apache.kafka.clients.NetworkClient:1063] [Producer clientId=producer-1] Bootstrap broker localhost:9092 (id: -1 rack: null) disconnected 
2025-01-06 09:28:28.316  INFO [org.apache.kafka.clients.NetworkClient:935] [Consumer clientId=consumer-item_group-1, groupId=item_group] Node 0 disconnected. 
2025-01-06 09:28:28.317  WARN [org.apache.kafka.clients.NetworkClient:775] [Consumer clientId=consumer-item_group-1, groupId=item_group] Connection to node 0 (W49204302.woolworths.co.za/192.168.8.7:9092) could not be established. Broker may not be available. 
2025-01-06 09:28:31.008  INFO [org.apache.kafka.clients.NetworkClient:935] [Producer clientId=producer-1] Node -1 disconnected. 
2025-01-06 09:28:31.008  WARN [org.apache.kafka.clients.NetworkClient:775] [Producer clientId=producer-1] Connection to node -1 (localhost/127.0.0.1:9092) could not be established. Broker may not be available. 
2025-01-06 09:28:31.008  WARN [org.apache.kafka.clients.NetworkClient:1063] [Producer clientId=producer-1] Bootstrap broker localhost:9092 (id: -1 rack: null) disconnected 
2025-01-06 09:28:31.459  INFO [org.apache.kafka.clients.NetworkClient:935] [Consumer clientId=consumer-item_group-1, groupId=item_group] Node 0 disconnected. 
2025-01-06 09:28:31.460  WARN [org.apache.kafka.clients.NetworkClient:775] [Consumer clientId=consumer-item_group-1, groupId=item_group] Connection to node 0 (W49204302.woolworths.co.za/172.18.65.175:9092) could not be established. Broker may not be available. 
2025-01-06 09:28:34.094  INFO [org.apache.kafka.clients.NetworkClient:935] [Producer clientId=producer-1] Node -1 disconnected. 
2025-01-06 09:28:34.095  WARN [org.apache.kafka.clients.NetworkClient:775] [Producer clientId=producer-1] Connection to node -1 (localhost/127.0.0.1:9092) could not be established. Broker may not be available. 
2025-01-06 09:28:34.096  WARN [org.apache.kafka.clients.NetworkClient:1063] [Producer clientId=producer-1] Bootstrap broker localhost:9092 (id: -1 rack: null) disconnected 
2025-01-06 09:28:34.420  INFO [org.apache.kafka.clients.NetworkClient:935] [Consumer clientId=consumer-item_group-1, groupId=item_group] Node 0 disconnected. 
2025-01-06 09:28:34.421  WARN [org.apache.kafka.clients.NetworkClient:775] [Consumer clientId=consumer-item_group-1, groupId=item_group] Connection to node 0 (W49204302.woolworths.co.za/192.168.8.7:9092) could not be established. Broker may not be available. 
2025-01-06 09:28:37.164  INFO [org.apache.kafka.clients.NetworkClient:935] [Producer clientId=producer-1] Node -1 disconnected. 
2025-01-06 09:28:37.164  WARN [org.apache.kafka.clients.NetworkClient:775] [Producer clientId=producer-1] Connection to node -1 (localhost/127.0.0.1:9092) could not be established. Broker may not be available. 
2025-01-06 09:28:37.164  WARN [org.apache.kafka.clients.NetworkClient:1063] [Producer clientId=producer-1] Bootstrap broker localhost:9092 (id: -1 rack: null) disconnected 
2025-01-06 09:28:37.677  INFO [org.apache.kafka.clients.NetworkClient:935] [Consumer clientId=consumer-item_group-1, groupId=item_group] Node 0 disconnected. 
2025-01-06 09:28:37.677  WARN [org.apache.kafka.clients.NetworkClient:775] [Consumer clientId=consumer-item_group-1, groupId=item_group] Connection to node 0 (W49204302.woolworths.co.za/172.18.65.175:9092) could not be established. Broker may not be available. 
2025-01-06 09:28:40.250  INFO [org.apache.kafka.clients.NetworkClient:935] [Producer clientId=producer-1] Node -1 disconnected. 
2025-01-06 09:28:40.251  WARN [org.apache.kafka.clients.NetworkClient:775] [Producer clientId=producer-1] Connection to node -1 (localhost/127.0.0.1:9092) could not be established. Broker may not be available. 
2025-01-06 09:28:40.252  WARN [org.apache.kafka.clients.NetworkClient:1063] [Producer clientId=producer-1] Bootstrap broker localhost:9092 (id: -1 rack: null) disconnected 
2025-01-06 09:28:40.639  INFO [org.apache.kafka.clients.NetworkClient:935] [Consumer clientId=consumer-item_group-1, groupId=item_group] Node 0 disconnected. 
2025-01-06 09:28:40.640  WARN [org.apache.kafka.clients.NetworkClient:775] [Consumer clientId=consumer-item_group-1, groupId=item_group] Connection to node 0 (W49204302.woolworths.co.za/192.168.8.7:9092) could not be established. Broker may not be available. 
2025-01-06 09:28:43.210  INFO [org.apache.kafka.clients.NetworkClient:935] [Producer clientId=producer-1] Node -1 disconnected. 
2025-01-06 09:28:43.211  WARN [org.apache.kafka.clients.NetworkClient:775] [Producer clientId=producer-1] Connection to node -1 (localhost/127.0.0.1:9092) could not be established. Broker may not be available. 
2025-01-06 09:28:43.211  WARN [org.apache.kafka.clients.NetworkClient:1063] [Producer clientId=producer-1] Bootstrap broker localhost:9092 (id: -1 rack: null) disconnected 
2025-01-06 09:28:43.659  INFO [org.apache.kafka.clients.NetworkClient:935] [Consumer clientId=consumer-item_group-1, groupId=item_group] Node 0 disconnected. 
2025-01-06 09:28:43.659  WARN [org.apache.kafka.clients.NetworkClient:775] [Consumer clientId=consumer-item_group-1, groupId=item_group] Connection to node 0 (W49204302.woolworths.co.za/172.18.65.175:9092) could not be established. Broker may not be available. 
2025-01-06 09:28:46.290  INFO [org.apache.kafka.clients.NetworkClient:935] [Producer clientId=producer-1] Node -1 disconnected. 
2025-01-06 09:28:46.290  WARN [org.apache.kafka.clients.NetworkClient:775] [Producer clientId=producer-1] Connection to node -1 (localhost/127.0.0.1:9092) could not be established. Broker may not be available. 
2025-01-06 09:28:46.290  WARN [org.apache.kafka.clients.NetworkClient:1063] [Producer clientId=producer-1] Bootstrap broker localhost:9092 (id: -1 rack: null) disconnected 
2025-01-06 09:28:46.923  INFO [org.apache.kafka.clients.NetworkClient:935] [Consumer clientId=consumer-item_group-1, groupId=item_group] Node 0 disconnected. 
2025-01-06 09:28:46.924  WARN [org.apache.kafka.clients.NetworkClient:775] [Consumer clientId=consumer-item_group-1, groupId=item_group] Connection to node 0 (W49204302.woolworths.co.za/192.168.8.7:9092) could not be established. Broker may not be available. 
2025-01-06 09:28:49.318  INFO [org.apache.kafka.clients.NetworkClient:935] [Producer clientId=producer-1] Node -1 disconnected. 
2025-01-06 09:28:49.319  WARN [org.apache.kafka.clients.NetworkClient:775] [Producer clientId=producer-1] Connection to node -1 (localhost/127.0.0.1:9092) could not be established. Broker may not be available. 
2025-01-06 09:28:49.319  WARN [org.apache.kafka.clients.NetworkClient:1063] [Producer clientId=producer-1] Bootstrap broker localhost:9092 (id: -1 rack: null) disconnected 
2025-01-06 09:28:49.894  INFO [org.apache.kafka.clients.NetworkClient:935] [Consumer clientId=consumer-item_group-1, groupId=item_group] Node 0 disconnected. 
2025-01-06 09:28:49.895  WARN [org.apache.kafka.clients.NetworkClient:775] [Consumer clientId=consumer-item_group-1, groupId=item_group] Connection to node 0 (W49204302.woolworths.co.za/172.18.65.175:9092) could not be established. Broker may not be available. 
2025-01-06 09:28:52.287  INFO [org.apache.kafka.clients.NetworkClient:935] [Producer clientId=producer-1] Node -1 disconnected. 
2025-01-06 09:28:52.288  WARN [org.apache.kafka.clients.NetworkClient:775] [Producer clientId=producer-1] Connection to node -1 (localhost/127.0.0.1:9092) could not be established. Broker may not be available. 
2025-01-06 09:28:52.289  WARN [org.apache.kafka.clients.NetworkClient:1063] [Producer clientId=producer-1] Bootstrap broker localhost:9092 (id: -1 rack: null) disconnected 
2025-01-06 09:28:52.850  INFO [org.apache.kafka.clients.NetworkClient:935] [Consumer clientId=consumer-item_group-1, groupId=item_group] Node 0 disconnected. 
2025-01-06 09:28:52.851  WARN [org.apache.kafka.clients.NetworkClient:775] [Consumer clientId=consumer-item_group-1, groupId=item_group] Connection to node 0 (W49204302.woolworths.co.za/192.168.8.7:9092) could not be established. Broker may not be available. 
2025-01-06 09:28:55.443  INFO [org.apache.kafka.clients.NetworkClient:935] [Producer clientId=producer-1] Node -1 disconnected. 
2025-01-06 09:28:55.443  WARN [org.apache.kafka.clients.NetworkClient:775] [Producer clientId=producer-1] Connection to node -1 (localhost/127.0.0.1:9092) could not be established. Broker may not be available. 
2025-01-06 09:28:55.443  WARN [org.apache.kafka.clients.NetworkClient:1063] [Producer clientId=producer-1] Bootstrap broker localhost:9092 (id: -1 rack: null) disconnected 
2025-01-06 09:28:56.065  INFO [org.apache.kafka.clients.NetworkClient:935] [Consumer clientId=consumer-item_group-1, groupId=item_group] Node 0 disconnected. 
2025-01-06 09:28:56.066  WARN [org.apache.kafka.clients.NetworkClient:775] [Consumer clientId=consumer-item_group-1, groupId=item_group] Connection to node 0 (W49204302.woolworths.co.za/172.18.65.175:9092) could not be established. Broker may not be available. 
2025-01-06 09:28:58.468  INFO [org.apache.kafka.clients.NetworkClient:935] [Producer clientId=producer-1] Node -1 disconnected. 
2025-01-06 09:28:58.469  WARN [org.apache.kafka.clients.NetworkClient:775] [Producer clientId=producer-1] Connection to node -1 (localhost/127.0.0.1:9092) could not be established. Broker may not be available. 
2025-01-06 09:28:58.469  WARN [org.apache.kafka.clients.NetworkClient:1063] [Producer clientId=producer-1] Bootstrap broker localhost:9092 (id: -1 rack: null) disconnected 
2025-01-06 09:28:59.279  INFO [org.apache.kafka.clients.NetworkClient:935] [Consumer clientId=consumer-item_group-1, groupId=item_group] Node 0 disconnected. 
2025-01-06 09:28:59.280  WARN [org.apache.kafka.clients.NetworkClient:775] [Consumer clientId=consumer-item_group-1, groupId=item_group] Connection to node 0 (W49204302.woolworths.co.za/192.168.8.7:9092) could not be established. Broker may not be available. 
2025-01-06 09:29:01.375  INFO [org.apache.kafka.clients.NetworkClient:935] [Producer clientId=producer-1] Node -1 disconnected. 
2025-01-06 09:29:01.375  WARN [org.apache.kafka.clients.NetworkClient:775] [Producer clientId=producer-1] Connection to node -1 (localhost/127.0.0.1:9092) could not be established. Broker may not be available. 
2025-01-06 09:29:01.375  WARN [org.apache.kafka.clients.NetworkClient:1063] [Producer clientId=producer-1] Bootstrap broker localhost:9092 (id: -1 rack: null) disconnected 
2025-01-06 09:29:02.386  INFO [org.apache.kafka.clients.NetworkClient:935] [Consumer clientId=consumer-item_group-1, groupId=item_group] Node 0 disconnected. 
2025-01-06 09:29:02.387  WARN [org.apache.kafka.clients.NetworkClient:775] [Consumer clientId=consumer-item_group-1, groupId=item_group] Connection to node 0 (W49204302.woolworths.co.za/172.18.65.175:9092) could not be established. Broker may not be available. 
2025-01-06 09:29:04.400  INFO [org.apache.kafka.clients.NetworkClient:935] [Producer clientId=producer-1] Node -1 disconnected. 
2025-01-06 09:29:04.402  WARN [org.apache.kafka.clients.NetworkClient:775] [Producer clientId=producer-1] Connection to node -1 (localhost/127.0.0.1:9092) could not be established. Broker may not be available. 
2025-01-06 09:29:04.402  WARN [org.apache.kafka.clients.NetworkClient:1063] [Producer clientId=producer-1] Bootstrap broker localhost:9092 (id: -1 rack: null) disconnected 
2025-01-06 09:29:05.287  INFO [org.apache.kafka.clients.NetworkClient:935] [Consumer clientId=consumer-item_group-1, groupId=item_group] Node 0 disconnected. 
2025-01-06 09:29:05.288  WARN [org.apache.kafka.clients.NetworkClient:775] [Consumer clientId=consumer-item_group-1, groupId=item_group] Connection to node 0 (W49204302.woolworths.co.za/192.168.8.7:9092) could not be established. Broker may not be available. 
2025-01-06 09:29:07.415  INFO [org.apache.kafka.clients.NetworkClient:935] [Producer clientId=producer-1] Node -1 disconnected. 
2025-01-06 09:29:07.416  WARN [org.apache.kafka.clients.NetworkClient:775] [Producer clientId=producer-1] Connection to node -1 (localhost/127.0.0.1:9092) could not be established. Broker may not be available. 
2025-01-06 09:29:07.416  WARN [org.apache.kafka.clients.NetworkClient:1063] [Producer clientId=producer-1] Bootstrap broker localhost:9092 (id: -1 rack: null) disconnected 
2025-01-06 09:29:08.317  INFO [org.apache.kafka.clients.NetworkClient:935] [Consumer clientId=consumer-item_group-1, groupId=item_group] Node 0 disconnected. 
2025-01-06 09:29:08.318  WARN [org.apache.kafka.clients.NetworkClient:775] [Consumer clientId=consumer-item_group-1, groupId=item_group] Connection to node 0 (W49204302.woolworths.co.za/172.18.65.175:9092) could not be established. Broker may not be available. 
2025-01-06 09:29:10.509  INFO [org.apache.kafka.clients.NetworkClient:935] [Producer clientId=producer-1] Node -1 disconnected. 
2025-01-06 09:29:10.510  WARN [org.apache.kafka.clients.NetworkClient:775] [Producer clientId=producer-1] Connection to node -1 (localhost/127.0.0.1:9092) could not be established. Broker may not be available. 
2025-01-06 09:29:10.511  WARN [org.apache.kafka.clients.NetworkClient:1063] [Producer clientId=producer-1] Bootstrap broker localhost:9092 (id: -1 rack: null) disconnected 
2025-01-06 09:29:11.598  INFO [org.apache.kafka.clients.NetworkClient:935] [Consumer clientId=consumer-item_group-1, groupId=item_group] Node 0 disconnected. 
2025-01-06 09:29:11.600  WARN [org.apache.kafka.clients.NetworkClient:775] [Consumer clientId=consumer-item_group-1, groupId=item_group] Connection to node 0 (W49204302.woolworths.co.za/192.168.8.7:9092) could not be established. Broker may not be available. 
2025-01-06 09:29:13.540  INFO [org.apache.kafka.clients.NetworkClient:935] [Producer clientId=producer-1] Node -1 disconnected. 
2025-01-06 09:29:13.541  WARN [org.apache.kafka.clients.NetworkClient:775] [Producer clientId=producer-1] Connection to node -1 (localhost/127.0.0.1:9092) could not be established. Broker may not be available. 
2025-01-06 09:29:13.542  WARN [org.apache.kafka.clients.NetworkClient:1063] [Producer clientId=producer-1] Bootstrap broker localhost:9092 (id: -1 rack: null) disconnected 
2025-01-06 09:29:14.498  INFO [org.apache.kafka.clients.NetworkClient:935] [Consumer clientId=consumer-item_group-1, groupId=item_group] Node 0 disconnected. 
2025-01-06 09:29:14.500  WARN [org.apache.kafka.clients.NetworkClient:775] [Consumer clientId=consumer-item_group-1, groupId=item_group] Connection to node 0 (W49204302.woolworths.co.za/172.18.65.175:9092) could not be established. Broker may not be available. 
2025-01-06 09:29:16.748  INFO [org.apache.kafka.clients.NetworkClient:935] [Producer clientId=producer-1] Node -1 disconnected. 
2025-01-06 09:29:16.749  WARN [org.apache.kafka.clients.NetworkClient:775] [Producer clientId=producer-1] Connection to node -1 (localhost/127.0.0.1:9092) could not be established. Broker may not be available. 
2025-01-06 09:29:16.749  WARN [org.apache.kafka.clients.NetworkClient:1063] [Producer clientId=producer-1] Bootstrap broker localhost:9092 (id: -1 rack: null) disconnected 
2025-01-06 09:29:17.788  INFO [org.apache.kafka.clients.NetworkClient:935] [Consumer clientId=consumer-item_group-1, groupId=item_group] Node 0 disconnected. 
2025-01-06 09:29:17.788  WARN [org.apache.kafka.clients.NetworkClient:775] [Consumer clientId=consumer-item_group-1, groupId=item_group] Connection to node 0 (W49204302.woolworths.co.za/192.168.8.7:9092) could not be established. Broker may not be available. 
2025-01-06 09:29:19.774  INFO [org.apache.kafka.clients.NetworkClient:935] [Producer clientId=producer-1] Node -1 disconnected. 
2025-01-06 09:29:19.774  WARN [org.apache.kafka.clients.NetworkClient:775] [Producer clientId=producer-1] Connection to node -1 (localhost/127.0.0.1:9092) could not be established. Broker may not be available. 
2025-01-06 09:29:19.775  WARN [org.apache.kafka.clients.NetworkClient:1063] [Producer clientId=producer-1] Bootstrap broker localhost:9092 (id: -1 rack: null) disconnected 
2025-01-06 09:29:20.689  INFO [org.apache.kafka.clients.NetworkClient:935] [Consumer clientId=consumer-item_group-1, groupId=item_group] Node 0 disconnected. 
2025-01-06 09:29:20.690  WARN [org.apache.kafka.clients.NetworkClient:775] [Consumer clientId=consumer-item_group-1, groupId=item_group] Connection to node 0 (W49204302.woolworths.co.za/172.18.65.175:9092) could not be established. Broker may not be available. 
2025-01-06 09:29:22.984  INFO [org.apache.kafka.clients.NetworkClient:935] [Producer clientId=producer-1] Node -1 disconnected. 
2025-01-06 09:29:22.985  WARN [org.apache.kafka.clients.NetworkClient:775] [Producer clientId=producer-1] Connection to node -1 (localhost/127.0.0.1:9092) could not be established. Broker may not be available. 
2025-01-06 09:29:22.985  WARN [org.apache.kafka.clients.NetworkClient:1063] [Producer clientId=producer-1] Bootstrap broker localhost:9092 (id: -1 rack: null) disconnected 
2025-01-06 09:29:23.592  INFO [org.apache.kafka.clients.NetworkClient:935] [Consumer clientId=consumer-item_group-1, groupId=item_group] Node 0 disconnected. 
2025-01-06 09:29:23.594  WARN [org.apache.kafka.clients.NetworkClient:775] [Consumer clientId=consumer-item_group-1, groupId=item_group] Connection to node 0 (W49204302.woolworths.co.za/192.168.8.7:9092) could not be established. Broker may not be available. 
2025-01-06 09:29:26.064  INFO [org.apache.kafka.clients.NetworkClient:935] [Producer clientId=producer-1] Node -1 disconnected. 
2025-01-06 09:29:26.064  WARN [org.apache.kafka.clients.NetworkClient:775] [Producer clientId=producer-1] Connection to node -1 (localhost/127.0.0.1:9092) could not be established. Broker may not be available. 
2025-01-06 09:29:26.064  WARN [org.apache.kafka.clients.NetworkClient:1063] [Producer clientId=producer-1] Bootstrap broker localhost:9092 (id: -1 rack: null) disconnected 
2025-01-06 09:29:26.667  INFO [org.apache.kafka.clients.NetworkClient:935] [Consumer clientId=consumer-item_group-1, groupId=item_group] Node 0 disconnected. 
2025-01-06 09:29:26.668  WARN [org.apache.kafka.clients.NetworkClient:775] [Consumer clientId=consumer-item_group-1, groupId=item_group] Connection to node 0 (W49204302.woolworths.co.za/172.18.65.175:9092) could not be established. Broker may not be available. 
2025-01-06 09:29:29.273  INFO [org.apache.kafka.clients.NetworkClient:935] [Producer clientId=producer-1] Node -1 disconnected. 
2025-01-06 09:29:29.274  WARN [org.apache.kafka.clients.NetworkClient:775] [Producer clientId=producer-1] Connection to node -1 (localhost/127.0.0.1:9092) could not be established. Broker may not be available. 
2025-01-06 09:29:29.275  WARN [org.apache.kafka.clients.NetworkClient:1063] [Producer clientId=producer-1] Bootstrap broker localhost:9092 (id: -1 rack: null) disconnected 
2025-01-06 09:29:29.752  INFO [org.apache.kafka.clients.NetworkClient:935] [Consumer clientId=consumer-item_group-1, groupId=item_group] Node 0 disconnected. 
2025-01-06 09:29:29.753  WARN [org.apache.kafka.clients.NetworkClient:775] [Consumer clientId=consumer-item_group-1, groupId=item_group] Connection to node 0 (W49204302.woolworths.co.za/192.168.8.7:9092) could not be established. Broker may not be available. 
2025-01-06 09:29:32.416  INFO [org.apache.kafka.clients.NetworkClient:935] [Producer clientId=producer-1] Node -1 disconnected. 
2025-01-06 09:29:32.417  WARN [org.apache.kafka.clients.NetworkClient:775] [Producer clientId=producer-1] Connection to node -1 (localhost/127.0.0.1:9092) could not be established. Broker may not be available. 
2025-01-06 09:29:32.417  WARN [org.apache.kafka.clients.NetworkClient:1063] [Producer clientId=producer-1] Bootstrap broker localhost:9092 (id: -1 rack: null) disconnected 
2025-01-06 09:29:32.894  INFO [org.apache.kafka.clients.NetworkClient:935] [Consumer clientId=consumer-item_group-1, groupId=item_group] Node 0 disconnected. 
2025-01-06 09:29:32.895  WARN [org.apache.kafka.clients.NetworkClient:775] [Consumer clientId=consumer-item_group-1, groupId=item_group] Connection to node 0 (W49204302.woolworths.co.za/172.18.65.175:9092) could not be established. Broker may not be available. 
2025-01-06 09:29:35.314  INFO [org.apache.kafka.clients.NetworkClient:935] [Producer clientId=producer-1] Node -1 disconnected. 
2025-01-06 09:29:35.314  WARN [org.apache.kafka.clients.NetworkClient:775] [Producer clientId=producer-1] Connection to node -1 (localhost/127.0.0.1:9092) could not be established. Broker may not be available. 
2025-01-06 09:29:35.314  WARN [org.apache.kafka.clients.NetworkClient:1063] [Producer clientId=producer-1] Bootstrap broker localhost:9092 (id: -1 rack: null) disconnected 
2025-01-06 09:29:35.920  INFO [org.apache.kafka.clients.NetworkClient:935] [Consumer clientId=consumer-item_group-1, groupId=item_group] Node 0 disconnected. 
2025-01-06 09:29:35.921  WARN [org.apache.kafka.clients.NetworkClient:775] [Consumer clientId=consumer-item_group-1, groupId=item_group] Connection to node 0 (W49204302.woolworths.co.za/192.168.8.7:9092) could not be established. Broker may not be available. 
2025-01-06 09:29:38.343  INFO [org.apache.kafka.clients.NetworkClient:935] [Producer clientId=producer-1] Node -1 disconnected. 
2025-01-06 09:29:38.343  WARN [org.apache.kafka.clients.NetworkClient:775] [Producer clientId=producer-1] Connection to node -1 (localhost/127.0.0.1:9092) could not be established. Broker may not be available. 
2025-01-06 09:29:38.344  WARN [org.apache.kafka.clients.NetworkClient:1063] [Producer clientId=producer-1] Bootstrap broker localhost:9092 (id: -1 rack: null) disconnected 
2025-01-06 09:29:39.011  INFO [org.apache.kafka.clients.NetworkClient:935] [Consumer clientId=consumer-item_group-1, groupId=item_group] Node 0 disconnected. 
2025-01-06 09:29:39.012  WARN [org.apache.kafka.clients.NetworkClient:775] [Consumer clientId=consumer-item_group-1, groupId=item_group] Connection to node 0 (W49204302.woolworths.co.za/172.18.65.175:9092) could not be established. Broker may not be available. 
2025-01-06 09:29:41.372  INFO [org.apache.kafka.clients.NetworkClient:935] [Producer clientId=producer-1] Node -1 disconnected. 
2025-01-06 09:29:41.372  WARN [org.apache.kafka.clients.NetworkClient:775] [Producer clientId=producer-1] Connection to node -1 (localhost/127.0.0.1:9092) could not be established. Broker may not be available. 
2025-01-06 09:29:41.372  WARN [org.apache.kafka.clients.NetworkClient:1063] [Producer clientId=producer-1] Bootstrap broker localhost:9092 (id: -1 rack: null) disconnected 
2025-01-06 09:29:41.946  INFO [org.apache.kafka.clients.NetworkClient:935] [Consumer clientId=consumer-item_group-1, groupId=item_group] Node 0 disconnected. 
2025-01-06 09:29:41.948  WARN [org.apache.kafka.clients.NetworkClient:775] [Consumer clientId=consumer-item_group-1, groupId=item_group] Connection to node 0 (W49204302.woolworths.co.za/192.168.8.7:9092) could not be established. Broker may not be available. 
2025-01-06 09:29:44.327  INFO [org.apache.kafka.clients.NetworkClient:935] [Producer clientId=producer-1] Node -1 disconnected. 
2025-01-06 09:29:44.328  WARN [org.apache.kafka.clients.NetworkClient:775] [Producer clientId=producer-1] Connection to node -1 (localhost/127.0.0.1:9092) could not be established. Broker may not be available. 
2025-01-06 09:29:44.328  WARN [org.apache.kafka.clients.NetworkClient:1063] [Producer clientId=producer-1] Bootstrap broker localhost:9092 (id: -1 rack: null) disconnected 
2025-01-06 09:29:45.100  INFO [org.apache.kafka.clients.NetworkClient:935] [Consumer clientId=consumer-item_group-1, groupId=item_group] Node 0 disconnected. 
2025-01-06 09:29:45.101  WARN [org.apache.kafka.clients.NetworkClient:775] [Consumer clientId=consumer-item_group-1, groupId=item_group] Connection to node 0 (W49204302.woolworths.co.za/172.18.65.175:9092) could not be established. Broker may not be available. 
2025-01-06 09:29:47.285  INFO [org.apache.kafka.clients.NetworkClient:935] [Producer clientId=producer-1] Node -1 disconnected. 
2025-01-06 09:29:47.286  WARN [org.apache.kafka.clients.NetworkClient:775] [Producer clientId=producer-1] Connection to node -1 (localhost/127.0.0.1:9092) could not be established. Broker may not be available. 
2025-01-06 09:29:47.286  WARN [org.apache.kafka.clients.NetworkClient:1063] [Producer clientId=producer-1] Bootstrap broker localhost:9092 (id: -1 rack: null) disconnected 
2025-01-06 09:29:48.303  INFO [org.apache.kafka.clients.NetworkClient:935] [Consumer clientId=consumer-item_group-1, groupId=item_group] Node 0 disconnected. 
2025-01-06 09:29:48.304  WARN [org.apache.kafka.clients.NetworkClient:775] [Consumer clientId=consumer-item_group-1, groupId=item_group] Connection to node 0 (W49204302.woolworths.co.za/192.168.8.7:9092) could not be established. Broker may not be available. 
2025-01-06 09:29:50.183  INFO [org.apache.kafka.clients.NetworkClient:935] [Producer clientId=producer-1] Node -1 disconnected. 
2025-01-06 09:29:50.184  WARN [org.apache.kafka.clients.NetworkClient:775] [Producer clientId=producer-1] Connection to node -1 (localhost/127.0.0.1:9092) could not be established. Broker may not be available. 
2025-01-06 09:29:50.184  WARN [org.apache.kafka.clients.NetworkClient:1063] [Producer clientId=producer-1] Bootstrap broker localhost:9092 (id: -1 rack: null) disconnected 
2025-01-06 09:29:51.393  INFO [org.apache.kafka.clients.NetworkClient:935] [Consumer clientId=consumer-item_group-1, groupId=item_group] Node 0 disconnected. 
2025-01-06 09:29:51.393  WARN [org.apache.kafka.clients.NetworkClient:775] [Consumer clientId=consumer-item_group-1, groupId=item_group] Connection to node 0 (W49204302.woolworths.co.za/172.18.65.175:9092) could not be established. Broker may not be available. 
2025-01-06 09:29:53.087  INFO [org.apache.kafka.clients.NetworkClient:935] [Producer clientId=producer-1] Node -1 disconnected. 
2025-01-06 09:29:53.088  WARN [org.apache.kafka.clients.NetworkClient:775] [Producer clientId=producer-1] Connection to node -1 (localhost/127.0.0.1:9092) could not be established. Broker may not be available. 
2025-01-06 09:29:53.088  WARN [org.apache.kafka.clients.NetworkClient:1063] [Producer clientId=producer-1] Bootstrap broker localhost:9092 (id: -1 rack: null) disconnected 
2025-01-06 09:29:54.670  INFO [org.apache.kafka.clients.NetworkClient:935] [Consumer clientId=consumer-item_group-1, groupId=item_group] Node 0 disconnected. 
2025-01-06 09:29:54.671  WARN [org.apache.kafka.clients.NetworkClient:775] [Consumer clientId=consumer-item_group-1, groupId=item_group] Connection to node 0 (W49204302.woolworths.co.za/192.168.8.7:9092) could not be established. Broker may not be available. 
2025-01-06 09:29:56.110  INFO [org.apache.kafka.clients.NetworkClient:935] [Producer clientId=producer-1] Node -1 disconnected. 
2025-01-06 09:29:56.111  WARN [org.apache.kafka.clients.NetworkClient:775] [Producer clientId=producer-1] Connection to node -1 (localhost/127.0.0.1:9092) could not be established. Broker may not be available. 
2025-01-06 09:29:56.112  WARN [org.apache.kafka.clients.NetworkClient:1063] [Producer clientId=producer-1] Bootstrap broker localhost:9092 (id: -1 rack: null) disconnected 
2025-01-06 09:29:57.787  INFO [org.apache.kafka.clients.NetworkClient:935] [Consumer clientId=consumer-item_group-1, groupId=item_group] Node 0 disconnected. 
2025-01-06 09:29:57.788  WARN [org.apache.kafka.clients.NetworkClient:775] [Consumer clientId=consumer-item_group-1, groupId=item_group] Connection to node 0 (W49204302.woolworths.co.za/172.18.65.175:9092) could not be established. Broker may not be available. 
2025-01-06 09:29:59.267  INFO [org.apache.kafka.clients.NetworkClient:935] [Producer clientId=producer-1] Node -1 disconnected. 
2025-01-06 09:29:59.267  WARN [org.apache.kafka.clients.NetworkClient:775] [Producer clientId=producer-1] Connection to node -1 (localhost/127.0.0.1:9092) could not be established. Broker may not be available. 
2025-01-06 09:29:59.267  WARN [org.apache.kafka.clients.NetworkClient:1063] [Producer clientId=producer-1] Bootstrap broker localhost:9092 (id: -1 rack: null) disconnected 
2025-01-06 09:30:01.064  INFO [org.apache.kafka.clients.NetworkClient:935] [Consumer clientId=consumer-item_group-1, groupId=item_group] Node 0 disconnected. 
2025-01-06 09:30:01.065  WARN [org.apache.kafka.clients.NetworkClient:775] [Consumer clientId=consumer-item_group-1, groupId=item_group] Connection to node 0 (W49204302.woolworths.co.za/192.168.8.7:9092) could not be established. Broker may not be available. 
2025-01-06 09:30:02.227  INFO [org.apache.kafka.clients.NetworkClient:935] [Producer clientId=producer-1] Node -1 disconnected. 
2025-01-06 09:30:02.227  WARN [org.apache.kafka.clients.NetworkClient:775] [Producer clientId=producer-1] Connection to node -1 (localhost/127.0.0.1:9092) could not be established. Broker may not be available. 
2025-01-06 09:30:02.228  WARN [org.apache.kafka.clients.NetworkClient:1063] [Producer clientId=producer-1] Bootstrap broker localhost:9092 (id: -1 rack: null) disconnected 
2025-01-06 09:30:03.962  INFO [org.apache.kafka.clients.NetworkClient:935] [Consumer clientId=consumer-item_group-1, groupId=item_group] Node 0 disconnected. 
2025-01-06 09:30:03.962  WARN [org.apache.kafka.clients.NetworkClient:775] [Consumer clientId=consumer-item_group-1, groupId=item_group] Connection to node 0 (W49204302.woolworths.co.za/172.18.65.175:9092) could not be established. Broker may not be available. 
2025-01-06 09:30:05.367  INFO [org.apache.kafka.clients.NetworkClient:935] [Producer clientId=producer-1] Node -1 disconnected. 
2025-01-06 09:30:05.368  WARN [org.apache.kafka.clients.NetworkClient:775] [Producer clientId=producer-1] Connection to node -1 (localhost/127.0.0.1:9092) could not be established. Broker may not be available. 
2025-01-06 09:30:05.369  WARN [org.apache.kafka.clients.NetworkClient:1063] [Producer clientId=producer-1] Bootstrap broker localhost:9092 (id: -1 rack: null) disconnected 
2025-01-06 09:30:07.124  INFO [org.apache.kafka.clients.NetworkClient:935] [Consumer clientId=consumer-item_group-1, groupId=item_group] Node 0 disconnected. 
2025-01-06 09:30:07.125  WARN [org.apache.kafka.clients.NetworkClient:775] [Consumer clientId=consumer-item_group-1, groupId=item_group] Connection to node 0 (W49204302.woolworths.co.za/192.168.8.7:9092) could not be established. Broker may not be available. 
2025-01-06 09:30:08.392  INFO [org.apache.kafka.clients.NetworkClient:935] [Producer clientId=producer-1] Node -1 disconnected. 
2025-01-06 09:30:08.393  WARN [org.apache.kafka.clients.NetworkClient:775] [Producer clientId=producer-1] Connection to node -1 (localhost/127.0.0.1:9092) could not be established. Broker may not be available. 
2025-01-06 09:30:08.394  WARN [org.apache.kafka.clients.NetworkClient:1063] [Producer clientId=producer-1] Bootstrap broker localhost:9092 (id: -1 rack: null) disconnected 
2025-01-06 09:30:10.186  INFO [org.apache.kafka.clients.NetworkClient:935] [Consumer clientId=consumer-item_group-1, groupId=item_group] Node 0 disconnected. 
2025-01-06 09:30:10.187  WARN [org.apache.kafka.clients.NetworkClient:775] [Consumer clientId=consumer-item_group-1, groupId=item_group] Connection to node 0 (W49204302.woolworths.co.za/172.18.65.175:9092) could not be established. Broker may not be available. 
2025-01-06 09:30:11.463  INFO [org.apache.kafka.clients.NetworkClient:935] [Producer clientId=producer-1] Node -1 disconnected. 
2025-01-06 09:30:11.464  WARN [org.apache.kafka.clients.NetworkClient:775] [Producer clientId=producer-1] Connection to node -1 (localhost/127.0.0.1:9092) could not be established. Broker may not be available. 
2025-01-06 09:30:11.464  WARN [org.apache.kafka.clients.NetworkClient:1063] [Producer clientId=producer-1] Bootstrap broker localhost:9092 (id: -1 rack: null) disconnected 
2025-01-06 09:30:13.081  INFO [org.apache.kafka.clients.NetworkClient:935] [Consumer clientId=consumer-item_group-1, groupId=item_group] Node 0 disconnected. 
2025-01-06 09:30:13.082  WARN [org.apache.kafka.clients.NetworkClient:775] [Consumer clientId=consumer-item_group-1, groupId=item_group] Connection to node 0 (W49204302.woolworths.co.za/192.168.8.7:9092) could not be established. Broker may not be available. 
2025-01-06 09:30:14.433  INFO [org.apache.kafka.clients.NetworkClient:935] [Producer clientId=producer-1] Node -1 disconnected. 
2025-01-06 09:30:14.433  WARN [org.apache.kafka.clients.NetworkClient:775] [Producer clientId=producer-1] Connection to node -1 (localhost/127.0.0.1:9092) could not be established. Broker may not be available. 
2025-01-06 09:30:14.434  WARN [org.apache.kafka.clients.NetworkClient:1063] [Producer clientId=producer-1] Bootstrap broker localhost:9092 (id: -1 rack: null) disconnected 
2025-01-06 09:30:15.982  INFO [org.apache.kafka.clients.NetworkClient:935] [Consumer clientId=consumer-item_group-1, groupId=item_group] Node 0 disconnected. 
2025-01-06 09:30:15.982  WARN [org.apache.kafka.clients.NetworkClient:775] [Consumer clientId=consumer-item_group-1, groupId=item_group] Connection to node 0 (W49204302.woolworths.co.za/172.18.65.175:9092) could not be established. Broker may not be available. 
2025-01-06 09:30:17.631  INFO [org.apache.kafka.clients.NetworkClient:935] [Producer clientId=producer-1] Node -1 disconnected. 
2025-01-06 09:30:17.632  WARN [org.apache.kafka.clients.NetworkClient:775] [Producer clientId=producer-1] Connection to node -1 (localhost/127.0.0.1:9092) could not be established. Broker may not be available. 
2025-01-06 09:30:17.632  WARN [org.apache.kafka.clients.NetworkClient:1063] [Producer clientId=producer-1] Bootstrap broker localhost:9092 (id: -1 rack: null) disconnected 
2025-01-06 09:30:18.951  INFO [org.apache.kafka.clients.NetworkClient:935] [Consumer clientId=consumer-item_group-1, groupId=item_group] Node 0 disconnected. 
2025-01-06 09:30:18.952  WARN [org.apache.kafka.clients.NetworkClient:775] [Consumer clientId=consumer-item_group-1, groupId=item_group] Connection to node 0 (W49204302.woolworths.co.za/192.168.8.7:9092) could not be established. Broker may not be available. 
2025-01-06 09:30:20.784  INFO [org.apache.kafka.clients.NetworkClient:935] [Producer clientId=producer-1] Node -1 disconnected. 
2025-01-06 09:30:20.785  WARN [org.apache.kafka.clients.NetworkClient:775] [Producer clientId=producer-1] Connection to node -1 (localhost/127.0.0.1:9092) could not be established. Broker may not be available. 
2025-01-06 09:30:20.785  WARN [org.apache.kafka.clients.NetworkClient:1063] [Producer clientId=producer-1] Bootstrap broker localhost:9092 (id: -1 rack: null) disconnected 
2025-01-06 09:30:22.090  INFO [org.apache.kafka.clients.NetworkClient:935] [Consumer clientId=consumer-item_group-1, groupId=item_group] Node 0 disconnected. 
2025-01-06 09:30:22.090  WARN [org.apache.kafka.clients.NetworkClient:775] [Consumer clientId=consumer-item_group-1, groupId=item_group] Connection to node 0 (W49204302.woolworths.co.za/172.18.65.175:9092) could not be established. Broker may not be available. 
2025-01-06 09:30:23.807  INFO [org.apache.kafka.clients.NetworkClient:935] [Producer clientId=producer-1] Node -1 disconnected. 
2025-01-06 09:30:23.808  WARN [org.apache.kafka.clients.NetworkClient:775] [Producer clientId=producer-1] Connection to node -1 (localhost/127.0.0.1:9092) could not be established. Broker may not be available. 
2025-01-06 09:30:23.808  WARN [org.apache.kafka.clients.NetworkClient:1063] [Producer clientId=producer-1] Bootstrap broker localhost:9092 (id: -1 rack: null) disconnected 
2025-01-06 09:30:25.064  INFO [org.apache.kafka.clients.NetworkClient:935] [Consumer clientId=consumer-item_group-1, groupId=item_group] Node 0 disconnected. 
2025-01-06 09:30:25.065  WARN [org.apache.kafka.clients.NetworkClient:775] [Consumer clientId=consumer-item_group-1, groupId=item_group] Connection to node 0 (W49204302.woolworths.co.za/192.168.8.7:9092) could not be established. Broker may not be available. 
2025-01-06 09:30:26.955  INFO [org.apache.kafka.clients.NetworkClient:935] [Producer clientId=producer-1] Node -1 disconnected. 
2025-01-06 09:30:26.957  WARN [org.apache.kafka.clients.NetworkClient:775] [Producer clientId=producer-1] Connection to node -1 (localhost/127.0.0.1:9092) could not be established. Broker may not be available. 
2025-01-06 09:30:26.958  WARN [org.apache.kafka.clients.NetworkClient:1063] [Producer clientId=producer-1] Bootstrap broker localhost:9092 (id: -1 rack: null) disconnected 
2025-01-06 09:30:28.266  INFO [org.apache.kafka.clients.NetworkClient:935] [Consumer clientId=consumer-item_group-1, groupId=item_group] Node 0 disconnected. 
2025-01-06 09:30:28.267  WARN [org.apache.kafka.clients.NetworkClient:775] [Consumer clientId=consumer-item_group-1, groupId=item_group] Connection to node 0 (W49204302.woolworths.co.za/172.18.65.175:9092) could not be established. Broker may not be available. 
2025-01-06 09:30:30.115  INFO [org.apache.kafka.clients.NetworkClient:935] [Producer clientId=producer-1] Node -1 disconnected. 
2025-01-06 09:30:30.117  WARN [org.apache.kafka.clients.NetworkClient:775] [Producer clientId=producer-1] Connection to node -1 (localhost/127.0.0.1:9092) could not be established. Broker may not be available. 
2025-01-06 09:30:30.117  WARN [org.apache.kafka.clients.NetworkClient:1063] [Producer clientId=producer-1] Bootstrap broker localhost:9092 (id: -1 rack: null) disconnected 
2025-01-06 09:30:31.171  INFO [org.apache.kafka.clients.NetworkClient:935] [Consumer clientId=consumer-item_group-1, groupId=item_group] Node 0 disconnected. 
2025-01-06 09:30:31.172  WARN [org.apache.kafka.clients.NetworkClient:775] [Consumer clientId=consumer-item_group-1, groupId=item_group] Connection to node 0 (W49204302.woolworths.co.za/192.168.8.7:9092) could not be established. Broker may not be available. 
2025-01-06 09:30:33.141  INFO [org.apache.kafka.clients.NetworkClient:935] [Producer clientId=producer-1] Node -1 disconnected. 
2025-01-06 09:30:33.142  WARN [org.apache.kafka.clients.NetworkClient:775] [Producer clientId=producer-1] Connection to node -1 (localhost/127.0.0.1:9092) could not be established. Broker may not be available. 
2025-01-06 09:30:33.143  WARN [org.apache.kafka.clients.NetworkClient:1063] [Producer clientId=producer-1] Bootstrap broker localhost:9092 (id: -1 rack: null) disconnected 
2025-01-06 09:30:34.200  INFO [org.apache.kafka.clients.NetworkClient:935] [Consumer clientId=consumer-item_group-1, groupId=item_group] Node 0 disconnected. 
2025-01-06 09:30:34.202  WARN [org.apache.kafka.clients.NetworkClient:775] [Consumer clientId=consumer-item_group-1, groupId=item_group] Connection to node 0 (W49204302.woolworths.co.za/172.18.65.175:9092) could not be established. Broker may not be available. 
2025-01-06 09:30:36.416  INFO [org.apache.kafka.clients.NetworkClient:935] [Producer clientId=producer-1] Node -1 disconnected. 
2025-01-06 09:30:36.417  WARN [org.apache.kafka.clients.NetworkClient:775] [Producer clientId=producer-1] Connection to node -1 (localhost/127.0.0.1:9092) could not be established. Broker may not be available. 
2025-01-06 09:30:36.417  WARN [org.apache.kafka.clients.NetworkClient:1063] [Producer clientId=producer-1] Bootstrap broker localhost:9092 (id: -1 rack: null) disconnected 
2025-01-06 09:30:37.252  INFO [org.apache.kafka.clients.NetworkClient:935] [Consumer clientId=consumer-item_group-1, groupId=item_group] Node 0 disconnected. 
2025-01-06 09:30:37.253  WARN [org.apache.kafka.clients.NetworkClient:775] [Consumer clientId=consumer-item_group-1, groupId=item_group] Connection to node 0 (W49204302.woolworths.co.za/192.168.8.7:9092) could not be established. Broker may not be available. 
2025-01-06 09:30:39.434  INFO [org.apache.kafka.clients.NetworkClient:935] [Producer clientId=producer-1] Node -1 disconnected. 
2025-01-06 09:30:39.434  WARN [org.apache.kafka.clients.NetworkClient:775] [Producer clientId=producer-1] Connection to node -1 (localhost/127.0.0.1:9092) could not be established. Broker may not be available. 
2025-01-06 09:30:39.435  WARN [org.apache.kafka.clients.NetworkClient:1063] [Producer clientId=producer-1] Bootstrap broker localhost:9092 (id: -1 rack: null) disconnected 
2025-01-06 09:30:40.148  INFO [org.apache.kafka.clients.NetworkClient:935] [Consumer clientId=consumer-item_group-1, groupId=item_group] Node 0 disconnected. 
2025-01-06 09:30:40.148  WARN [org.apache.kafka.clients.NetworkClient:775] [Consumer clientId=consumer-item_group-1, groupId=item_group] Connection to node 0 (W49204302.woolworths.co.za/172.18.65.175:9092) could not be established. Broker may not be available. 
2025-01-06 09:30:42.521  INFO [org.apache.kafka.clients.NetworkClient:935] [Producer clientId=producer-1] Node -1 disconnected. 
2025-01-06 09:30:42.523  WARN [org.apache.kafka.clients.NetworkClient:775] [Producer clientId=producer-1] Connection to node -1 (localhost/127.0.0.1:9092) could not be established. Broker may not be available. 
2025-01-06 09:30:42.523  WARN [org.apache.kafka.clients.NetworkClient:1063] [Producer clientId=producer-1] Bootstrap broker localhost:9092 (id: -1 rack: null) disconnected 
2025-01-06 09:30:43.051  INFO [org.apache.kafka.clients.NetworkClient:935] [Consumer clientId=consumer-item_group-1, groupId=item_group] Node 0 disconnected. 
2025-01-06 09:30:43.052  WARN [org.apache.kafka.clients.NetworkClient:775] [Consumer clientId=consumer-item_group-1, groupId=item_group] Connection to node 0 (W49204302.woolworths.co.za/192.168.8.7:9092) could not be established. Broker may not be available. 
2025-01-06 09:30:45.611  INFO [org.apache.kafka.clients.NetworkClient:935] [Producer clientId=producer-1] Node -1 disconnected. 
2025-01-06 09:30:45.611  WARN [org.apache.kafka.clients.NetworkClient:775] [Producer clientId=producer-1] Connection to node -1 (localhost/127.0.0.1:9092) could not be established. Broker may not be available. 
2025-01-06 09:30:45.612  WARN [org.apache.kafka.clients.NetworkClient:1063] [Producer clientId=producer-1] Bootstrap broker localhost:9092 (id: -1 rack: null) disconnected 
2025-01-06 09:30:46.259  INFO [org.apache.kafka.clients.NetworkClient:935] [Consumer clientId=consumer-item_group-1, groupId=item_group] Node 0 disconnected. 
2025-01-06 09:30:46.260  WARN [org.apache.kafka.clients.NetworkClient:775] [Consumer clientId=consumer-item_group-1, groupId=item_group] Connection to node 0 (W49204302.woolworths.co.za/172.18.65.175:9092) could not be established. Broker may not be available. 
2025-01-06 09:30:48.878  INFO [org.apache.kafka.clients.NetworkClient:935] [Producer clientId=producer-1] Node -1 disconnected. 
2025-01-06 09:30:48.878  WARN [org.apache.kafka.clients.NetworkClient:775] [Producer clientId=producer-1] Connection to node -1 (localhost/127.0.0.1:9092) could not be established. Broker may not be available. 
2025-01-06 09:30:48.879  WARN [org.apache.kafka.clients.NetworkClient:1063] [Producer clientId=producer-1] Bootstrap broker localhost:9092 (id: -1 rack: null) disconnected 
2025-01-06 09:30:49.280  INFO [org.apache.kafka.clients.NetworkClient:935] [Consumer clientId=consumer-item_group-1, groupId=item_group] Node 0 disconnected. 
2025-01-06 09:30:49.281  WARN [org.apache.kafka.clients.NetworkClient:775] [Consumer clientId=consumer-item_group-1, groupId=item_group] Connection to node 0 (W49204302.woolworths.co.za/192.168.8.7:9092) could not be established. Broker may not be available. 
2025-01-06 09:30:52.086  INFO [org.apache.kafka.clients.NetworkClient:935] [Producer clientId=producer-1] Node -1 disconnected. 
2025-01-06 09:30:52.087  WARN [org.apache.kafka.clients.NetworkClient:775] [Producer clientId=producer-1] Connection to node -1 (localhost/127.0.0.1:9092) could not be established. Broker may not be available. 
2025-01-06 09:30:52.088  WARN [org.apache.kafka.clients.NetworkClient:1063] [Producer clientId=producer-1] Bootstrap broker localhost:9092 (id: -1 rack: null) disconnected 
2025-01-06 09:30:52.273  INFO [org.apache.kafka.clients.NetworkClient:935] [Consumer clientId=consumer-item_group-1, groupId=item_group] Node 0 disconnected. 
2025-01-06 09:30:52.273  WARN [org.apache.kafka.clients.NetworkClient:775] [Consumer clientId=consumer-item_group-1, groupId=item_group] Connection to node 0 (W49204302.woolworths.co.za/172.18.65.175:9092) could not be established. Broker may not be available. 
2025-01-06 09:30:55.171  INFO [org.apache.kafka.clients.NetworkClient:935] [Producer clientId=producer-1] Node -1 disconnected. 
2025-01-06 09:30:55.172  WARN [org.apache.kafka.clients.NetworkClient:775] [Producer clientId=producer-1] Connection to node -1 (localhost/127.0.0.1:9092) could not be established. Broker may not be available. 
2025-01-06 09:30:55.173  WARN [org.apache.kafka.clients.NetworkClient:1063] [Producer clientId=producer-1] Bootstrap broker localhost:9092 (id: -1 rack: null) disconnected 
2025-01-06 09:30:55.295  INFO [org.apache.kafka.clients.NetworkClient:935] [Consumer clientId=consumer-item_group-1, groupId=item_group] Node 0 disconnected. 
2025-01-06 09:30:55.297  WARN [org.apache.kafka.clients.NetworkClient:775] [Consumer clientId=consumer-item_group-1, groupId=item_group] Connection to node 0 (W49204302.woolworths.co.za/192.168.8.7:9092) could not be established. Broker may not be available. 
2025-01-06 09:30:58.315  INFO [org.apache.kafka.clients.NetworkClient:935] [Producer clientId=producer-1] Node -1 disconnected. 
2025-01-06 09:30:58.315  WARN [org.apache.kafka.clients.NetworkClient:775] [Producer clientId=producer-1] Connection to node -1 (localhost/127.0.0.1:9092) could not be established. Broker may not be available. 
2025-01-06 09:30:58.315  WARN [org.apache.kafka.clients.NetworkClient:1063] [Producer clientId=producer-1] Bootstrap broker localhost:9092 (id: -1 rack: null) disconnected 
2025-01-06 09:30:58.563  INFO [org.apache.kafka.clients.NetworkClient:935] [Consumer clientId=consumer-item_group-1, groupId=item_group] Node 0 disconnected. 
2025-01-06 09:30:58.563  WARN [org.apache.kafka.clients.NetworkClient:775] [Consumer clientId=consumer-item_group-1, groupId=item_group] Connection to node 0 (W49204302.woolworths.co.za/172.18.65.175:9092) could not be established. Broker may not be available. 
2025-01-06 09:31:01.396  INFO [org.apache.kafka.clients.NetworkClient:935] [Producer clientId=producer-1] Node -1 disconnected. 
2025-01-06 09:31:01.397  WARN [org.apache.kafka.clients.NetworkClient:775] [Producer clientId=producer-1] Connection to node -1 (localhost/127.0.0.1:9092) could not be established. Broker may not be available. 
2025-01-06 09:31:01.398  WARN [org.apache.kafka.clients.NetworkClient:1063] [Producer clientId=producer-1] Bootstrap broker localhost:9092 (id: -1 rack: null) disconnected 
2025-01-06 09:31:01.646  INFO [org.apache.kafka.clients.NetworkClient:935] [Consumer clientId=consumer-item_group-1, groupId=item_group] Node 0 disconnected. 
2025-01-06 09:31:01.647  WARN [org.apache.kafka.clients.NetworkClient:775] [Consumer clientId=consumer-item_group-1, groupId=item_group] Connection to node 0 (W49204302.woolworths.co.za/192.168.8.7:9092) could not be established. Broker may not be available. 
2025-01-06 09:31:04.543  INFO [org.apache.kafka.clients.NetworkClient:935] [Consumer clientId=consumer-item_group-1, groupId=item_group] Node 0 disconnected. 
2025-01-06 09:31:04.544  WARN [org.apache.kafka.clients.NetworkClient:775] [Consumer clientId=consumer-item_group-1, groupId=item_group] Connection to node 0 (W49204302.woolworths.co.za/172.18.65.175:9092) could not be established. Broker may not be available. 
2025-01-06 09:31:04.604  INFO [org.apache.kafka.clients.NetworkClient:935] [Producer clientId=producer-1] Node -1 disconnected. 
2025-01-06 09:31:04.605  WARN [org.apache.kafka.clients.NetworkClient:775] [Producer clientId=producer-1] Connection to node -1 (localhost/127.0.0.1:9092) could not be established. Broker may not be available. 
2025-01-06 09:31:04.605  WARN [org.apache.kafka.clients.NetworkClient:1063] [Producer clientId=producer-1] Bootstrap broker localhost:9092 (id: -1 rack: null) disconnected 
2025-01-06 09:31:07.723  INFO [org.apache.kafka.clients.NetworkClient:935] [Consumer clientId=consumer-item_group-1, groupId=item_group] Node 0 disconnected. 
2025-01-06 09:31:07.724  WARN [org.apache.kafka.clients.NetworkClient:775] [Consumer clientId=consumer-item_group-1, groupId=item_group] Connection to node 0 (W49204302.woolworths.co.za/192.168.8.7:9092) could not be established. Broker may not be available. 
2025-01-06 09:31:07.877  INFO [org.apache.kafka.clients.NetworkClient:935] [Producer clientId=producer-1] Node -1 disconnected. 
2025-01-06 09:31:07.878  WARN [org.apache.kafka.clients.NetworkClient:775] [Producer clientId=producer-1] Connection to node -1 (localhost/127.0.0.1:9092) could not be established. Broker may not be available. 
2025-01-06 09:31:07.879  WARN [org.apache.kafka.clients.NetworkClient:1063] [Producer clientId=producer-1] Bootstrap broker localhost:9092 (id: -1 rack: null) disconnected 
2025-01-06 09:31:10.837  INFO [org.apache.kafka.clients.NetworkClient:935] [Producer clientId=producer-1] Node -1 disconnected. 
2025-01-06 09:31:10.838  WARN [org.apache.kafka.clients.NetworkClient:775] [Producer clientId=producer-1] Connection to node -1 (localhost/127.0.0.1:9092) could not be established. Broker may not be available. 
2025-01-06 09:31:10.839  WARN [org.apache.kafka.clients.NetworkClient:1063] [Producer clientId=producer-1] Bootstrap broker localhost:9092 (id: -1 rack: null) disconnected 
2025-01-06 09:31:10.993  INFO [org.apache.kafka.clients.NetworkClient:935] [Consumer clientId=consumer-item_group-1, groupId=item_group] Node 0 disconnected. 
2025-01-06 09:31:10.994  WARN [org.apache.kafka.clients.NetworkClient:775] [Consumer clientId=consumer-item_group-1, groupId=item_group] Connection to node 0 (W49204302.woolworths.co.za/172.18.65.175:9092) could not be established. Broker may not be available. 
2025-01-06 09:31:13.985  INFO [org.apache.kafka.clients.NetworkClient:935] [Producer clientId=producer-1] Node -1 disconnected. 
2025-01-06 09:31:13.986  WARN [org.apache.kafka.clients.NetworkClient:775] [Producer clientId=producer-1] Connection to node -1 (localhost/127.0.0.1:9092) could not be established. Broker may not be available. 
2025-01-06 09:31:13.987  WARN [org.apache.kafka.clients.NetworkClient:1063] [Producer clientId=producer-1] Bootstrap broker localhost:9092 (id: -1 rack: null) disconnected 
2025-01-06 09:31:14.138  INFO [org.apache.kafka.clients.NetworkClient:935] [Consumer clientId=consumer-item_group-1, groupId=item_group] Node 0 disconnected. 
2025-01-06 09:31:14.139  WARN [org.apache.kafka.clients.NetworkClient:775] [Consumer clientId=consumer-item_group-1, groupId=item_group] Connection to node 0 (W49204302.woolworths.co.za/192.168.8.7:9092) could not be established. Broker may not be available. 
2025-01-06 09:31:17.071  INFO [org.apache.kafka.clients.NetworkClient:935] [Producer clientId=producer-1] Node -1 disconnected. 
2025-01-06 09:31:17.072  WARN [org.apache.kafka.clients.NetworkClient:775] [Producer clientId=producer-1] Connection to node -1 (localhost/127.0.0.1:9092) could not be established. Broker may not be available. 
2025-01-06 09:31:17.073  WARN [org.apache.kafka.clients.NetworkClient:1063] [Producer clientId=producer-1] Bootstrap broker localhost:9092 (id: -1 rack: null) disconnected 
2025-01-06 09:31:17.304  INFO [org.apache.kafka.clients.NetworkClient:935] [Consumer clientId=consumer-item_group-1, groupId=item_group] Node 0 disconnected. 
2025-01-06 09:31:17.305  WARN [org.apache.kafka.clients.NetworkClient:775] [Consumer clientId=consumer-item_group-1, groupId=item_group] Connection to node 0 (W49204302.woolworths.co.za/172.18.65.175:9092) could not be established. Broker may not be available. 
2025-01-06 09:31:20.194  INFO [org.apache.kafka.clients.NetworkClient:935] [Consumer clientId=consumer-item_group-1, groupId=item_group] Node 0 disconnected. 
2025-01-06 09:31:20.196  WARN [org.apache.kafka.clients.NetworkClient:775] [Consumer clientId=consumer-item_group-1, groupId=item_group] Connection to node 0 (W49204302.woolworths.co.za/192.168.8.7:9092) could not be established. Broker may not be available. 
2025-01-06 09:31:20.209  INFO [org.apache.kafka.clients.NetworkClient:935] [Producer clientId=producer-1] Node -1 disconnected. 
2025-01-06 09:31:20.211  WARN [org.apache.kafka.clients.NetworkClient:775] [Producer clientId=producer-1] Connection to node -1 (localhost/127.0.0.1:9092) could not be established. Broker may not be available. 
2025-01-06 09:31:20.211  WARN [org.apache.kafka.clients.NetworkClient:1063] [Producer clientId=producer-1] Bootstrap broker localhost:9092 (id: -1 rack: null) disconnected 
2025-01-06 09:31:23.338  INFO [org.apache.kafka.clients.NetworkClient:935] [Consumer clientId=consumer-item_group-1, groupId=item_group] Node 0 disconnected. 
2025-01-06 09:31:23.339  WARN [org.apache.kafka.clients.NetworkClient:775] [Consumer clientId=consumer-item_group-1, groupId=item_group] Connection to node 0 (W49204302.woolworths.co.za/172.18.65.175:9092) could not be established. Broker may not be available. 
2025-01-06 09:31:23.432  INFO [org.apache.kafka.clients.NetworkClient:935] [Producer clientId=producer-1] Node -1 disconnected. 
2025-01-06 09:31:23.432  WARN [org.apache.kafka.clients.NetworkClient:775] [Producer clientId=producer-1] Connection to node -1 (localhost/127.0.0.1:9092) could not be established. Broker may not be available. 
2025-01-06 09:31:23.432  WARN [org.apache.kafka.clients.NetworkClient:1063] [Producer clientId=producer-1] Bootstrap broker localhost:9092 (id: -1 rack: null) disconnected 
2025-01-06 09:31:26.540  INFO [org.apache.kafka.clients.NetworkClient:935] [Consumer clientId=consumer-item_group-1, groupId=item_group] Node 0 disconnected. 
2025-01-06 09:31:26.541  WARN [org.apache.kafka.clients.NetworkClient:775] [Consumer clientId=consumer-item_group-1, groupId=item_group] Connection to node 0 (W49204302.woolworths.co.za/192.168.8.7:9092) could not be established. Broker may not be available. 
2025-01-06 09:31:26.571  INFO [org.apache.kafka.clients.NetworkClient:935] [Producer clientId=producer-1] Node -1 disconnected. 
2025-01-06 09:31:26.572  WARN [org.apache.kafka.clients.NetworkClient:775] [Producer clientId=producer-1] Connection to node -1 (localhost/127.0.0.1:9092) could not be established. Broker may not be available. 
2025-01-06 09:31:26.573  WARN [org.apache.kafka.clients.NetworkClient:1063] [Producer clientId=producer-1] Bootstrap broker localhost:9092 (id: -1 rack: null) disconnected 
2025-01-06 09:31:29.697  INFO [org.apache.kafka.clients.NetworkClient:935] [Consumer clientId=consumer-item_group-1, groupId=item_group] Node 0 disconnected. 
2025-01-06 09:31:29.697  WARN [org.apache.kafka.clients.NetworkClient:775] [Consumer clientId=consumer-item_group-1, groupId=item_group] Connection to node 0 (W49204302.woolworths.co.za/172.18.65.175:9092) could not be established. Broker may not be available. 
2025-01-06 09:31:29.730  INFO [org.apache.kafka.clients.NetworkClient:935] [Producer clientId=producer-1] Node -1 disconnected. 
2025-01-06 09:31:29.731  WARN [org.apache.kafka.clients.NetworkClient:775] [Producer clientId=producer-1] Connection to node -1 (localhost/127.0.0.1:9092) could not be established. Broker may not be available. 
2025-01-06 09:31:29.731  WARN [org.apache.kafka.clients.NetworkClient:1063] [Producer clientId=producer-1] Bootstrap broker localhost:9092 (id: -1 rack: null) disconnected 
2025-01-06 09:31:32.762  INFO [org.apache.kafka.clients.NetworkClient:935] [Producer clientId=producer-1] Node -1 disconnected. 
2025-01-06 09:31:32.763  WARN [org.apache.kafka.clients.NetworkClient:775] [Producer clientId=producer-1] Connection to node -1 (localhost/127.0.0.1:9092) could not be established. Broker may not be available. 
2025-01-06 09:31:32.763  WARN [org.apache.kafka.clients.NetworkClient:1063] [Producer clientId=producer-1] Bootstrap broker localhost:9092 (id: -1 rack: null) disconnected 
2025-01-06 09:31:32.840  INFO [org.apache.kafka.clients.NetworkClient:935] [Consumer clientId=consumer-item_group-1, groupId=item_group] Node 0 disconnected. 
2025-01-06 09:31:32.841  WARN [org.apache.kafka.clients.NetworkClient:775] [Consumer clientId=consumer-item_group-1, groupId=item_group] Connection to node 0 (W49204302.woolworths.co.za/192.168.8.7:9092) could not be established. Broker may not be available. 
2025-01-06 09:31:35.837  INFO [org.apache.kafka.clients.NetworkClient:935] [Producer clientId=producer-1] Node -1 disconnected. 
2025-01-06 09:31:35.838  WARN [org.apache.kafka.clients.NetworkClient:775] [Producer clientId=producer-1] Connection to node -1 (localhost/127.0.0.1:9092) could not be established. Broker may not be available. 
2025-01-06 09:31:35.838  WARN [org.apache.kafka.clients.NetworkClient:1063] [Producer clientId=producer-1] Bootstrap broker localhost:9092 (id: -1 rack: null) disconnected 
2025-01-06 09:31:35.852  INFO [org.apache.kafka.clients.NetworkClient:935] [Consumer clientId=consumer-item_group-1, groupId=item_group] Node 0 disconnected. 
2025-01-06 09:31:35.853  WARN [org.apache.kafka.clients.NetworkClient:775] [Consumer clientId=consumer-item_group-1, groupId=item_group] Connection to node 0 (W49204302.woolworths.co.za/172.18.65.175:9092) could not be established. Broker may not be available. 
2025-01-06 09:31:39.074  INFO [org.apache.kafka.clients.NetworkClient:935] [Consumer clientId=consumer-item_group-1, groupId=item_group] Node 0 disconnected. 
2025-01-06 09:31:39.075  WARN [org.apache.kafka.clients.NetworkClient:775] [Consumer clientId=consumer-item_group-1, groupId=item_group] Connection to node 0 (W49204302.woolworths.co.za/192.168.8.7:9092) could not be established. Broker may not be available. 
2025-01-06 09:31:39.137  INFO [org.apache.kafka.clients.NetworkClient:935] [Producer clientId=producer-1] Node -1 disconnected. 
2025-01-06 09:31:39.138  WARN [org.apache.kafka.clients.NetworkClient:775] [Producer clientId=producer-1] Connection to node -1 (localhost/127.0.0.1:9092) could not be established. Broker may not be available. 
2025-01-06 09:31:39.139  WARN [org.apache.kafka.clients.NetworkClient:1063] [Producer clientId=producer-1] Bootstrap broker localhost:9092 (id: -1 rack: null) disconnected 
2025-01-06 09:31:42.110  INFO [org.apache.kafka.clients.NetworkClient:935] [Consumer clientId=consumer-item_group-1, groupId=item_group] Node 0 disconnected. 
2025-01-06 09:31:42.110  WARN [org.apache.kafka.clients.NetworkClient:775] [Consumer clientId=consumer-item_group-1, groupId=item_group] Connection to node 0 (W49204302.woolworths.co.za/172.18.65.175:9092) could not be established. Broker may not be available. 
2025-01-06 09:31:42.158  INFO [org.apache.kafka.clients.NetworkClient:935] [Producer clientId=producer-1] Node -1 disconnected. 
2025-01-06 09:31:42.158  WARN [org.apache.kafka.clients.NetworkClient:775] [Producer clientId=producer-1] Connection to node -1 (localhost/127.0.0.1:9092) could not be established. Broker may not be available. 
2025-01-06 09:31:42.158  WARN [org.apache.kafka.clients.NetworkClient:1063] [Producer clientId=producer-1] Bootstrap broker localhost:9092 (id: -1 rack: null) disconnected 
2025-01-06 09:31:45.194  INFO [org.apache.kafka.clients.NetworkClient:935] [Producer clientId=producer-1] Node -1 disconnected. 
2025-01-06 09:31:45.195  WARN [org.apache.kafka.clients.NetworkClient:775] [Producer clientId=producer-1] Connection to node -1 (localhost/127.0.0.1:9092) could not be established. Broker may not be available. 
2025-01-06 09:31:45.196  WARN [org.apache.kafka.clients.NetworkClient:1063] [Producer clientId=producer-1] Bootstrap broker localhost:9092 (id: -1 rack: null) disconnected 
2025-01-06 09:31:45.256  INFO [org.apache.kafka.clients.NetworkClient:935] [Consumer clientId=consumer-item_group-1, groupId=item_group] Node 0 disconnected. 
2025-01-06 09:31:45.257  WARN [org.apache.kafka.clients.NetworkClient:775] [Consumer clientId=consumer-item_group-1, groupId=item_group] Connection to node 0 (W49204302.woolworths.co.za/192.168.8.7:9092) could not be established. Broker may not be available. 
2025-01-06 09:31:48.466  INFO [org.apache.kafka.clients.NetworkClient:935] [Producer clientId=producer-1] Node -1 disconnected. 
2025-01-06 09:31:48.467  WARN [org.apache.kafka.clients.NetworkClient:775] [Producer clientId=producer-1] Connection to node -1 (localhost/127.0.0.1:9092) could not be established. Broker may not be available. 
2025-01-06 09:31:48.467  WARN [org.apache.kafka.clients.NetworkClient:1063] [Producer clientId=producer-1] Bootstrap broker localhost:9092 (id: -1 rack: null) disconnected 
2025-01-06 09:31:48.528  INFO [org.apache.kafka.clients.NetworkClient:935] [Consumer clientId=consumer-item_group-1, groupId=item_group] Node 0 disconnected. 
2025-01-06 09:31:48.529  WARN [org.apache.kafka.clients.NetworkClient:775] [Consumer clientId=consumer-item_group-1, groupId=item_group] Connection to node 0 (W49204302.woolworths.co.za/172.18.65.175:9092) could not be established. Broker may not be available. 
2025-01-06 09:31:51.678  INFO [org.apache.kafka.clients.NetworkClient:935] [Producer clientId=producer-1] Node -1 disconnected. 
2025-01-06 09:31:51.679  WARN [org.apache.kafka.clients.NetworkClient:775] [Producer clientId=producer-1] Connection to node -1 (localhost/127.0.0.1:9092) could not be established. Broker may not be available. 
2025-01-06 09:31:51.680  WARN [org.apache.kafka.clients.NetworkClient:1063] [Producer clientId=producer-1] Bootstrap broker localhost:9092 (id: -1 rack: null) disconnected 
2025-01-06 09:31:51.742  INFO [org.apache.kafka.clients.NetworkClient:935] [Consumer clientId=consumer-item_group-1, groupId=item_group] Node 0 disconnected. 
2025-01-06 09:31:51.743  WARN [org.apache.kafka.clients.NetworkClient:775] [Consumer clientId=consumer-item_group-1, groupId=item_group] Connection to node 0 (W49204302.woolworths.co.za/192.168.8.7:9092) could not be established. Broker may not be available. 
2025-01-06 09:31:54.764  INFO [org.apache.kafka.clients.NetworkClient:935] [Consumer clientId=consumer-item_group-1, groupId=item_group] Node 0 disconnected. 
2025-01-06 09:31:54.765  WARN [org.apache.kafka.clients.NetworkClient:775] [Consumer clientId=consumer-item_group-1, groupId=item_group] Connection to node 0 (W49204302.woolworths.co.za/172.18.65.175:9092) could not be established. Broker may not be available. 
2025-01-06 09:31:54.827  INFO [org.apache.kafka.clients.NetworkClient:935] [Producer clientId=producer-1] Node -1 disconnected. 
2025-01-06 09:31:54.827  WARN [org.apache.kafka.clients.NetworkClient:775] [Producer clientId=producer-1] Connection to node -1 (localhost/127.0.0.1:9092) could not be established. Broker may not be available. 
2025-01-06 09:31:54.828  WARN [org.apache.kafka.clients.NetworkClient:1063] [Producer clientId=producer-1] Bootstrap broker localhost:9092 (id: -1 rack: null) disconnected 
2025-01-06 09:31:57.854  INFO [org.apache.kafka.clients.NetworkClient:935] [Producer clientId=producer-1] Node -1 disconnected. 
2025-01-06 09:31:57.855  WARN [org.apache.kafka.clients.NetworkClient:775] [Producer clientId=producer-1] Connection to node -1 (localhost/127.0.0.1:9092) could not be established. Broker may not be available. 
2025-01-06 09:31:57.855  WARN [org.apache.kafka.clients.NetworkClient:1063] [Producer clientId=producer-1] Bootstrap broker localhost:9092 (id: -1 rack: null) disconnected 
2025-01-06 09:31:58.011  INFO [org.apache.kafka.clients.NetworkClient:935] [Consumer clientId=consumer-item_group-1, groupId=item_group] Node 0 disconnected. 
2025-01-06 09:31:58.012  WARN [org.apache.kafka.clients.NetworkClient:775] [Consumer clientId=consumer-item_group-1, groupId=item_group] Connection to node 0 (W49204302.woolworths.co.za/192.168.8.7:9092) could not be established. Broker may not be available. 
2025-01-06 09:32:00.750  INFO [org.apache.kafka.clients.NetworkClient:935] [Producer clientId=producer-1] Node -1 disconnected. 
2025-01-06 09:32:00.751  WARN [org.apache.kafka.clients.NetworkClient:775] [Producer clientId=producer-1] Connection to node -1 (localhost/127.0.0.1:9092) could not be established. Broker may not be available. 
2025-01-06 09:32:00.752  WARN [org.apache.kafka.clients.NetworkClient:1063] [Producer clientId=producer-1] Bootstrap broker localhost:9092 (id: -1 rack: null) disconnected 
2025-01-06 09:32:00.906  INFO [org.apache.kafka.clients.NetworkClient:935] [Consumer clientId=consumer-item_group-1, groupId=item_group] Node 0 disconnected. 
2025-01-06 09:32:00.907  WARN [org.apache.kafka.clients.NetworkClient:775] [Consumer clientId=consumer-item_group-1, groupId=item_group] Connection to node 0 (W49204302.woolworths.co.za/172.18.65.175:9092) could not be established. Broker may not be available. 
2025-01-06 09:32:03.839  INFO [org.apache.kafka.clients.NetworkClient:935] [Producer clientId=producer-1] Node -1 disconnected. 
2025-01-06 09:32:03.840  WARN [org.apache.kafka.clients.NetworkClient:775] [Producer clientId=producer-1] Connection to node -1 (localhost/127.0.0.1:9092) could not be established. Broker may not be available. 
2025-01-06 09:32:03.841  WARN [org.apache.kafka.clients.NetworkClient:1063] [Producer clientId=producer-1] Bootstrap broker localhost:9092 (id: -1 rack: null) disconnected 
2025-01-06 09:32:04.118  INFO [org.apache.kafka.clients.NetworkClient:935] [Consumer clientId=consumer-item_group-1, groupId=item_group] Node 0 disconnected. 
2025-01-06 09:32:04.119  WARN [org.apache.kafka.clients.NetworkClient:775] [Consumer clientId=consumer-item_group-1, groupId=item_group] Connection to node 0 (W49204302.woolworths.co.za/192.168.8.7:9092) could not be established. Broker may not be available. 
2025-01-06 09:32:06.860  INFO [org.apache.kafka.clients.NetworkClient:935] [Producer clientId=producer-1] Node -1 disconnected. 
2025-01-06 09:32:06.860  WARN [org.apache.kafka.clients.NetworkClient:775] [Producer clientId=producer-1] Connection to node -1 (localhost/127.0.0.1:9092) could not be established. Broker may not be available. 
2025-01-06 09:32:06.860  WARN [org.apache.kafka.clients.NetworkClient:1063] [Producer clientId=producer-1] Bootstrap broker localhost:9092 (id: -1 rack: null) disconnected 
2025-01-06 09:32:07.016  INFO [org.apache.kafka.clients.NetworkClient:935] [Consumer clientId=consumer-item_group-1, groupId=item_group] Node 0 disconnected. 
2025-01-06 09:32:07.017  WARN [org.apache.kafka.clients.NetworkClient:775] [Consumer clientId=consumer-item_group-1, groupId=item_group] Connection to node 0 (W49204302.woolworths.co.za/172.18.65.175:9092) could not be established. Broker may not be available. 
2025-01-06 09:32:09.821  INFO [org.apache.kafka.clients.NetworkClient:935] [Producer clientId=producer-1] Node -1 disconnected. 
2025-01-06 09:32:09.822  WARN [org.apache.kafka.clients.NetworkClient:775] [Producer clientId=producer-1] Connection to node -1 (localhost/127.0.0.1:9092) could not be established. Broker may not be available. 
2025-01-06 09:32:09.822  WARN [org.apache.kafka.clients.NetworkClient:1063] [Producer clientId=producer-1] Bootstrap broker localhost:9092 (id: -1 rack: null) disconnected 
2025-01-06 09:32:10.225  INFO [org.apache.kafka.clients.NetworkClient:935] [Consumer clientId=consumer-item_group-1, groupId=item_group] Node 0 disconnected. 
2025-01-06 09:32:10.226  WARN [org.apache.kafka.clients.NetworkClient:775] [Consumer clientId=consumer-item_group-1, groupId=item_group] Connection to node 0 (W49204302.woolworths.co.za/192.168.8.7:9092) could not be established. Broker may not be available. 
2025-01-06 09:32:13.092  INFO [org.apache.kafka.clients.NetworkClient:935] [Producer clientId=producer-1] Node -1 disconnected. 
2025-01-06 09:32:13.093  WARN [org.apache.kafka.clients.NetworkClient:775] [Producer clientId=producer-1] Connection to node -1 (localhost/127.0.0.1:9092) could not be established. Broker may not be available. 
2025-01-06 09:32:13.093  WARN [org.apache.kafka.clients.NetworkClient:1063] [Producer clientId=producer-1] Bootstrap broker localhost:9092 (id: -1 rack: null) disconnected 
2025-01-06 09:32:13.492  INFO [org.apache.kafka.clients.NetworkClient:935] [Consumer clientId=consumer-item_group-1, groupId=item_group] Node 0 disconnected. 
2025-01-06 09:32:13.493  WARN [org.apache.kafka.clients.NetworkClient:775] [Consumer clientId=consumer-item_group-1, groupId=item_group] Connection to node 0 (W49204302.woolworths.co.za/172.18.65.175:9092) could not be established. Broker may not be available. 
2025-01-06 09:32:16.122  INFO [org.apache.kafka.clients.NetworkClient:935] [Producer clientId=producer-1] Node -1 disconnected. 
2025-01-06 09:32:16.123  WARN [org.apache.kafka.clients.NetworkClient:775] [Producer clientId=producer-1] Connection to node -1 (localhost/127.0.0.1:9092) could not be established. Broker may not be available. 
2025-01-06 09:32:16.123  WARN [org.apache.kafka.clients.NetworkClient:1063] [Producer clientId=producer-1] Bootstrap broker localhost:9092 (id: -1 rack: null) disconnected 
2025-01-06 09:32:16.462  INFO [org.apache.kafka.clients.NetworkClient:935] [Consumer clientId=consumer-item_group-1, groupId=item_group] Node 0 disconnected. 
2025-01-06 09:32:16.463  WARN [org.apache.kafka.clients.NetworkClient:775] [Consumer clientId=consumer-item_group-1, groupId=item_group] Connection to node 0 (W49204302.woolworths.co.za/192.168.8.7:9092) could not be established. Broker may not be available. 
2025-01-06 09:32:19.208  INFO [org.apache.kafka.clients.NetworkClient:935] [Producer clientId=producer-1] Node -1 disconnected. 
2025-01-06 09:32:19.208  WARN [org.apache.kafka.clients.NetworkClient:775] [Producer clientId=producer-1] Connection to node -1 (localhost/127.0.0.1:9092) could not be established. Broker may not be available. 
2025-01-06 09:32:19.209  WARN [org.apache.kafka.clients.NetworkClient:1063] [Producer clientId=producer-1] Bootstrap broker localhost:9092 (id: -1 rack: null) disconnected 
2025-01-06 09:32:19.423  INFO [org.apache.kafka.clients.NetworkClient:935] [Consumer clientId=consumer-item_group-1, groupId=item_group] Node 0 disconnected. 
2025-01-06 09:32:19.424  WARN [org.apache.kafka.clients.NetworkClient:775] [Consumer clientId=consumer-item_group-1, groupId=item_group] Connection to node 0 (W49204302.woolworths.co.za/172.18.65.175:9092) could not be established. Broker may not be available. 
2025-01-06 09:32:22.478  INFO [org.apache.kafka.clients.NetworkClient:935] [Producer clientId=producer-1] Node -1 disconnected. 
2025-01-06 09:32:22.478  WARN [org.apache.kafka.clients.NetworkClient:775] [Producer clientId=producer-1] Connection to node -1 (localhost/127.0.0.1:9092) could not be established. Broker may not be available. 
2025-01-06 09:32:22.479  WARN [org.apache.kafka.clients.NetworkClient:1063] [Producer clientId=producer-1] Bootstrap broker localhost:9092 (id: -1 rack: null) disconnected 
2025-01-06 09:32:22.728  INFO [org.apache.kafka.clients.NetworkClient:935] [Consumer clientId=consumer-item_group-1, groupId=item_group] Node 0 disconnected. 
2025-01-06 09:32:22.729  WARN [org.apache.kafka.clients.NetworkClient:775] [Consumer clientId=consumer-item_group-1, groupId=item_group] Connection to node 0 (W49204302.woolworths.co.za/192.168.8.7:9092) could not be established. Broker may not be available. 
2025-01-06 09:32:25.639  INFO [org.apache.kafka.clients.NetworkClient:935] [Producer clientId=producer-1] Node -1 disconnected. 
2025-01-06 09:32:25.640  WARN [org.apache.kafka.clients.NetworkClient:775] [Producer clientId=producer-1] Connection to node -1 (localhost/127.0.0.1:9092) could not be established. Broker may not be available. 
2025-01-06 09:32:25.641  WARN [org.apache.kafka.clients.NetworkClient:1063] [Producer clientId=producer-1] Bootstrap broker localhost:9092 (id: -1 rack: null) disconnected 
2025-01-06 09:32:25.949  INFO [org.apache.kafka.clients.NetworkClient:935] [Consumer clientId=consumer-item_group-1, groupId=item_group] Node 0 disconnected. 
2025-01-06 09:32:25.950  WARN [org.apache.kafka.clients.NetworkClient:775] [Consumer clientId=consumer-item_group-1, groupId=item_group] Connection to node 0 (W49204302.woolworths.co.za/172.18.65.175:9092) could not be established. Broker may not be available. 
2025-01-06 09:32:28.530  INFO [org.apache.kafka.clients.NetworkClient:935] [Producer clientId=producer-1] Node -1 disconnected. 
2025-01-06 09:32:28.531  WARN [org.apache.kafka.clients.NetworkClient:775] [Producer clientId=producer-1] Connection to node -1 (localhost/127.0.0.1:9092) could not be established. Broker may not be available. 
2025-01-06 09:32:28.531  WARN [org.apache.kafka.clients.NetworkClient:1063] [Producer clientId=producer-1] Bootstrap broker localhost:9092 (id: -1 rack: null) disconnected 
2025-01-06 09:32:28.828  INFO [org.apache.kafka.clients.NetworkClient:935] [Consumer clientId=consumer-item_group-1, groupId=item_group] Node 0 disconnected. 
2025-01-06 09:32:28.829  WARN [org.apache.kafka.clients.NetworkClient:775] [Consumer clientId=consumer-item_group-1, groupId=item_group] Connection to node 0 (W49204302.woolworths.co.za/192.168.8.7:9092) could not be established. Broker may not be available. 
2025-01-06 09:32:31.627  INFO [org.apache.kafka.clients.NetworkClient:935] [Producer clientId=producer-1] Node -1 disconnected. 
2025-01-06 09:32:31.627  WARN [org.apache.kafka.clients.NetworkClient:775] [Producer clientId=producer-1] Connection to node -1 (localhost/127.0.0.1:9092) could not be established. Broker may not be available. 
2025-01-06 09:32:31.628  WARN [org.apache.kafka.clients.NetworkClient:1063] [Producer clientId=producer-1] Bootstrap broker localhost:9092 (id: -1 rack: null) disconnected 
2025-01-06 09:32:31.722  INFO [org.apache.kafka.clients.NetworkClient:935] [Consumer clientId=consumer-item_group-1, groupId=item_group] Node 0 disconnected. 
2025-01-06 09:32:31.723  WARN [org.apache.kafka.clients.NetworkClient:775] [Consumer clientId=consumer-item_group-1, groupId=item_group] Connection to node 0 (W49204302.woolworths.co.za/172.18.65.175:9092) could not be established. Broker may not be available. 
2025-01-06 09:32:34.751  INFO [org.apache.kafka.clients.NetworkClient:935] [Consumer clientId=consumer-item_group-1, groupId=item_group] Node 0 disconnected. 
2025-01-06 09:32:34.752  WARN [org.apache.kafka.clients.NetworkClient:775] [Consumer clientId=consumer-item_group-1, groupId=item_group] Connection to node 0 (W49204302.woolworths.co.za/192.168.8.7:9092) could not be established. Broker may not be available. 
2025-01-06 09:32:34.781  INFO [org.apache.kafka.clients.NetworkClient:935] [Producer clientId=producer-1] Node -1 disconnected. 
2025-01-06 09:32:34.782  WARN [org.apache.kafka.clients.NetworkClient:775] [Producer clientId=producer-1] Connection to node -1 (localhost/127.0.0.1:9092) could not be established. Broker may not be available. 
2025-01-06 09:32:34.782  WARN [org.apache.kafka.clients.NetworkClient:1063] [Producer clientId=producer-1] Bootstrap broker localhost:9092 (id: -1 rack: null) disconnected 
2025-01-06 09:32:37.682  INFO [org.apache.kafka.clients.NetworkClient:935] [Producer clientId=producer-1] Node -1 disconnected. 
2025-01-06 09:32:37.683  WARN [org.apache.kafka.clients.NetworkClient:775] [Producer clientId=producer-1] Connection to node -1 (localhost/127.0.0.1:9092) could not be established. Broker may not be available. 
2025-01-06 09:32:37.683  WARN [org.apache.kafka.clients.NetworkClient:1063] [Producer clientId=producer-1] Bootstrap broker localhost:9092 (id: -1 rack: null) disconnected 
2025-01-06 09:32:37.853  INFO [org.apache.kafka.clients.NetworkClient:935] [Consumer clientId=consumer-item_group-1, groupId=item_group] Node 0 disconnected. 
2025-01-06 09:32:37.854  WARN [org.apache.kafka.clients.NetworkClient:775] [Consumer clientId=consumer-item_group-1, groupId=item_group] Connection to node 0 (W49204302.woolworths.co.za/172.18.65.175:9092) could not be established. Broker may not be available. 
2025-01-06 09:32:40.958  INFO [org.apache.kafka.clients.NetworkClient:935] [Producer clientId=producer-1] Node -1 disconnected. 
2025-01-06 09:32:40.959  WARN [org.apache.kafka.clients.NetworkClient:775] [Producer clientId=producer-1] Connection to node -1 (localhost/127.0.0.1:9092) could not be established. Broker may not be available. 
2025-01-06 09:32:40.960  WARN [org.apache.kafka.clients.NetworkClient:1063] [Producer clientId=producer-1] Bootstrap broker localhost:9092 (id: -1 rack: null) disconnected 
2025-01-06 09:32:41.065  INFO [org.apache.kafka.clients.NetworkClient:935] [Consumer clientId=consumer-item_group-1, groupId=item_group] Node 0 disconnected. 
2025-01-06 09:32:41.066  WARN [org.apache.kafka.clients.NetworkClient:775] [Consumer clientId=consumer-item_group-1, groupId=item_group] Connection to node 0 (W49204302.woolworths.co.za/192.168.8.7:9092) could not be established. Broker may not be available. 
2025-01-06 09:32:43.984  INFO [org.apache.kafka.clients.NetworkClient:935] [Producer clientId=producer-1] Node -1 disconnected. 
2025-01-06 09:32:43.985  WARN [org.apache.kafka.clients.NetworkClient:775] [Producer clientId=producer-1] Connection to node -1 (localhost/127.0.0.1:9092) could not be established. Broker may not be available. 
2025-01-06 09:32:43.985  WARN [org.apache.kafka.clients.NetworkClient:1063] [Producer clientId=producer-1] Bootstrap broker localhost:9092 (id: -1 rack: null) disconnected 
2025-01-06 09:32:44.030  INFO [org.apache.kafka.clients.NetworkClient:935] [Consumer clientId=consumer-item_group-1, groupId=item_group] Node 0 disconnected. 
2025-01-06 09:32:44.031  WARN [org.apache.kafka.clients.NetworkClient:775] [Consumer clientId=consumer-item_group-1, groupId=item_group] Connection to node 0 (W49204302.woolworths.co.za/172.18.65.175:9092) could not be established. Broker may not be available. 
2025-01-06 09:32:47.004  INFO [org.apache.kafka.clients.NetworkClient:935] [Producer clientId=producer-1] Node -1 disconnected. 
2025-01-06 09:32:47.005  WARN [org.apache.kafka.clients.NetworkClient:775] [Producer clientId=producer-1] Connection to node -1 (localhost/127.0.0.1:9092) could not be established. Broker may not be available. 
2025-01-06 09:32:47.005  WARN [org.apache.kafka.clients.NetworkClient:1063] [Producer clientId=producer-1] Bootstrap broker localhost:9092 (id: -1 rack: null) disconnected 
2025-01-06 09:32:47.114  INFO [org.apache.kafka.clients.NetworkClient:935] [Consumer clientId=consumer-item_group-1, groupId=item_group] Node 0 disconnected. 
2025-01-06 09:32:47.115  WARN [org.apache.kafka.clients.NetworkClient:775] [Consumer clientId=consumer-item_group-1, groupId=item_group] Connection to node 0 (W49204302.woolworths.co.za/192.168.8.7:9092) could not be established. Broker may not be available. 
2025-01-06 09:32:50.275  INFO [org.apache.kafka.clients.NetworkClient:935] [Consumer clientId=consumer-item_group-1, groupId=item_group] Node 0 disconnected. 
2025-01-06 09:32:50.275  WARN [org.apache.kafka.clients.NetworkClient:775] [Consumer clientId=consumer-item_group-1, groupId=item_group] Connection to node 0 (W49204302.woolworths.co.za/172.18.65.175:9092) could not be established. Broker may not be available. 
2025-01-06 09:32:50.290  INFO [org.apache.kafka.clients.NetworkClient:935] [Producer clientId=producer-1] Node -1 disconnected. 
2025-01-06 09:32:50.290  WARN [org.apache.kafka.clients.NetworkClient:775] [Producer clientId=producer-1] Connection to node -1 (localhost/127.0.0.1:9092) could not be established. Broker may not be available. 
2025-01-06 09:32:50.290  WARN [org.apache.kafka.clients.NetworkClient:1063] [Producer clientId=producer-1] Bootstrap broker localhost:9092 (id: -1 rack: null) disconnected 
2025-01-06 09:32:53.357  INFO [org.apache.kafka.clients.NetworkClient:935] [Consumer clientId=consumer-item_group-1, groupId=item_group] Node 0 disconnected. 
2025-01-06 09:32:53.358  WARN [org.apache.kafka.clients.NetworkClient:775] [Consumer clientId=consumer-item_group-1, groupId=item_group] Connection to node 0 (W49204302.woolworths.co.za/192.168.8.7:9092) could not be established. Broker may not be available. 
2025-01-06 09:32:53.435  INFO [org.apache.kafka.clients.NetworkClient:935] [Producer clientId=producer-1] Node -1 disconnected. 
2025-01-06 09:32:53.436  WARN [org.apache.kafka.clients.NetworkClient:775] [Producer clientId=producer-1] Connection to node -1 (localhost/127.0.0.1:9092) could not be established. Broker may not be available. 
2025-01-06 09:32:53.436  WARN [org.apache.kafka.clients.NetworkClient:1063] [Producer clientId=producer-1] Bootstrap broker localhost:9092 (id: -1 rack: null) disconnected 
2025-01-06 09:32:56.565  INFO [org.apache.kafka.clients.NetworkClient:935] [Consumer clientId=consumer-item_group-1, groupId=item_group] Node 0 disconnected. 
2025-01-06 09:32:56.566  WARN [org.apache.kafka.clients.NetworkClient:775] [Consumer clientId=consumer-item_group-1, groupId=item_group] Connection to node 0 (W49204302.woolworths.co.za/172.18.65.175:9092) could not be established. Broker may not be available. 
2025-01-06 09:32:56.643  INFO [org.apache.kafka.clients.NetworkClient:935] [Producer clientId=producer-1] Node -1 disconnected. 
2025-01-06 09:32:56.644  WARN [org.apache.kafka.clients.NetworkClient:775] [Producer clientId=producer-1] Connection to node -1 (localhost/127.0.0.1:9092) could not be established. Broker may not be available. 
2025-01-06 09:32:56.644  WARN [org.apache.kafka.clients.NetworkClient:1063] [Producer clientId=producer-1] Bootstrap broker localhost:9092 (id: -1 rack: null) disconnected 
2025-01-06 09:32:59.591  INFO [org.apache.kafka.clients.NetworkClient:935] [Producer clientId=producer-1] Node -1 disconnected. 
2025-01-06 09:32:59.591  WARN [org.apache.kafka.clients.NetworkClient:775] [Producer clientId=producer-1] Connection to node -1 (localhost/127.0.0.1:9092) could not be established. Broker may not be available. 
2025-01-06 09:32:59.592  WARN [org.apache.kafka.clients.NetworkClient:1063] [Producer clientId=producer-1] Bootstrap broker localhost:9092 (id: -1 rack: null) disconnected 
2025-01-06 09:32:59.776  INFO [org.apache.kafka.clients.NetworkClient:935] [Consumer clientId=consumer-item_group-1, groupId=item_group] Node 0 disconnected. 
2025-01-06 09:32:59.777  WARN [org.apache.kafka.clients.NetworkClient:775] [Consumer clientId=consumer-item_group-1, groupId=item_group] Connection to node 0 (W49204302.woolworths.co.za/192.168.8.7:9092) could not be established. Broker may not be available. 
2025-01-06 09:33:02.559  INFO [org.apache.kafka.clients.NetworkClient:935] [Producer clientId=producer-1] Node -1 disconnected. 
2025-01-06 09:33:02.560  WARN [org.apache.kafka.clients.NetworkClient:775] [Producer clientId=producer-1] Connection to node -1 (localhost/127.0.0.1:9092) could not be established. Broker may not be available. 
2025-01-06 09:33:02.561  WARN [org.apache.kafka.clients.NetworkClient:1063] [Producer clientId=producer-1] Bootstrap broker localhost:9092 (id: -1 rack: null) disconnected 
2025-01-06 09:33:02.917  INFO [org.apache.kafka.clients.NetworkClient:935] [Consumer clientId=consumer-item_group-1, groupId=item_group] Node 0 disconnected. 
2025-01-06 09:33:02.918  WARN [org.apache.kafka.clients.NetworkClient:775] [Consumer clientId=consumer-item_group-1, groupId=item_group] Connection to node 0 (W49204302.woolworths.co.za/172.18.65.175:9092) could not be established. Broker may not be available. 
2025-01-06 09:33:05.525  INFO [org.apache.kafka.clients.NetworkClient:935] [Producer clientId=producer-1] Node -1 disconnected. 
2025-01-06 09:33:05.525  WARN [org.apache.kafka.clients.NetworkClient:775] [Producer clientId=producer-1] Connection to node -1 (localhost/127.0.0.1:9092) could not be established. Broker may not be available. 
2025-01-06 09:33:05.526  WARN [org.apache.kafka.clients.NetworkClient:1063] [Producer clientId=producer-1] Bootstrap broker localhost:9092 (id: -1 rack: null) disconnected 
2025-01-06 09:33:05.882  INFO [org.apache.kafka.clients.NetworkClient:935] [Consumer clientId=consumer-item_group-1, groupId=item_group] Node 0 disconnected. 
2025-01-06 09:33:05.883  WARN [org.apache.kafka.clients.NetworkClient:775] [Consumer clientId=consumer-item_group-1, groupId=item_group] Connection to node 0 (W49204302.woolworths.co.za/192.168.8.7:9092) could not be established. Broker may not be available. 
2025-01-06 09:33:08.800  INFO [org.apache.kafka.clients.NetworkClient:935] [Producer clientId=producer-1] Node -1 disconnected. 
2025-01-06 09:33:08.802  WARN [org.apache.kafka.clients.NetworkClient:775] [Producer clientId=producer-1] Connection to node -1 (localhost/127.0.0.1:9092) could not be established. Broker may not be available. 
2025-01-06 09:33:08.802  WARN [org.apache.kafka.clients.NetworkClient:1063] [Producer clientId=producer-1] Bootstrap broker localhost:9092 (id: -1 rack: null) disconnected 
2025-01-06 09:33:09.094  INFO [org.apache.kafka.clients.NetworkClient:935] [Consumer clientId=consumer-item_group-1, groupId=item_group] Node 0 disconnected. 
2025-01-06 09:33:09.095  WARN [org.apache.kafka.clients.NetworkClient:775] [Consumer clientId=consumer-item_group-1, groupId=item_group] Connection to node 0 (W49204302.woolworths.co.za/172.18.65.175:9092) could not be established. Broker may not be available. 
2025-01-06 09:33:11.993  INFO [org.apache.kafka.clients.NetworkClient:935] [Producer clientId=producer-1] Node -1 disconnected. 
2025-01-06 09:33:11.994  WARN [org.apache.kafka.clients.NetworkClient:775] [Producer clientId=producer-1] Connection to node -1 (localhost/127.0.0.1:9092) could not be established. Broker may not be available. 
2025-01-06 09:33:11.995  WARN [org.apache.kafka.clients.NetworkClient:1063] [Producer clientId=producer-1] Bootstrap broker localhost:9092 (id: -1 rack: null) disconnected 
2025-01-06 09:33:12.179  INFO [org.apache.kafka.clients.NetworkClient:935] [Consumer clientId=consumer-item_group-1, groupId=item_group] Node 0 disconnected. 
2025-01-06 09:33:12.180  WARN [org.apache.kafka.clients.NetworkClient:775] [Consumer clientId=consumer-item_group-1, groupId=item_group] Connection to node 0 (W49204302.woolworths.co.za/192.168.8.7:9092) could not be established. Broker may not be available. 
2025-01-06 09:33:15.272  INFO [org.apache.kafka.clients.NetworkClient:935] [Producer clientId=producer-1] Node -1 disconnected. 
2025-01-06 09:33:15.273  WARN [org.apache.kafka.clients.NetworkClient:775] [Producer clientId=producer-1] Connection to node -1 (localhost/127.0.0.1:9092) could not be established. Broker may not be available. 
2025-01-06 09:33:15.273  WARN [org.apache.kafka.clients.NetworkClient:1063] [Producer clientId=producer-1] Bootstrap broker localhost:9092 (id: -1 rack: null) disconnected 
2025-01-06 09:33:15.333  INFO [org.apache.kafka.clients.NetworkClient:935] [Consumer clientId=consumer-item_group-1, groupId=item_group] Node 0 disconnected. 
2025-01-06 09:33:15.334  WARN [org.apache.kafka.clients.NetworkClient:775] [Consumer clientId=consumer-item_group-1, groupId=item_group] Connection to node 0 (W49204302.woolworths.co.za/172.18.65.175:9092) could not be established. Broker may not be available. 
2025-01-06 09:33:18.297  INFO [org.apache.kafka.clients.NetworkClient:935] [Consumer clientId=consumer-item_group-1, groupId=item_group] Node 0 disconnected. 
2025-01-06 09:33:18.298  WARN [org.apache.kafka.clients.NetworkClient:775] [Consumer clientId=consumer-item_group-1, groupId=item_group] Connection to node 0 (W49204302.woolworths.co.za/192.168.8.7:9092) could not be established. Broker may not be available. 
2025-01-06 09:33:18.421  INFO [org.apache.kafka.clients.NetworkClient:935] [Producer clientId=producer-1] Node -1 disconnected. 
2025-01-06 09:33:18.422  WARN [org.apache.kafka.clients.NetworkClient:775] [Producer clientId=producer-1] Connection to node -1 (localhost/127.0.0.1:9092) could not be established. Broker may not be available. 
2025-01-06 09:33:18.422  WARN [org.apache.kafka.clients.NetworkClient:1063] [Producer clientId=producer-1] Bootstrap broker localhost:9092 (id: -1 rack: null) disconnected 
2025-01-06 09:33:21.373  INFO [org.apache.kafka.clients.NetworkClient:935] [Consumer clientId=consumer-item_group-1, groupId=item_group] Node 0 disconnected. 
2025-01-06 09:33:21.374  WARN [org.apache.kafka.clients.NetworkClient:775] [Consumer clientId=consumer-item_group-1, groupId=item_group] Connection to node 0 (W49204302.woolworths.co.za/172.18.65.175:9092) could not be established. Broker may not be available. 
2025-01-06 09:33:21.669  INFO [org.apache.kafka.clients.NetworkClient:935] [Producer clientId=producer-1] Node -1 disconnected. 
2025-01-06 09:33:21.670  WARN [org.apache.kafka.clients.NetworkClient:775] [Producer clientId=producer-1] Connection to node -1 (localhost/127.0.0.1:9092) could not be established. Broker may not be available. 
2025-01-06 09:33:21.670  WARN [org.apache.kafka.clients.NetworkClient:1063] [Producer clientId=producer-1] Bootstrap broker localhost:9092 (id: -1 rack: null) disconnected 
2025-01-06 09:33:24.595  INFO [org.apache.kafka.clients.NetworkClient:935] [Consumer clientId=consumer-item_group-1, groupId=item_group] Node 0 disconnected. 
2025-01-06 09:33:24.596  WARN [org.apache.kafka.clients.NetworkClient:775] [Consumer clientId=consumer-item_group-1, groupId=item_group] Connection to node 0 (W49204302.woolworths.co.za/192.168.8.7:9092) could not be established. Broker may not be available. 
2025-01-06 09:33:24.827  INFO [org.apache.kafka.clients.NetworkClient:935] [Producer clientId=producer-1] Node -1 disconnected. 
2025-01-06 09:33:24.828  WARN [org.apache.kafka.clients.NetworkClient:775] [Producer clientId=producer-1] Connection to node -1 (localhost/127.0.0.1:9092) could not be established. Broker may not be available. 
2025-01-06 09:33:24.828  WARN [org.apache.kafka.clients.NetworkClient:1063] [Producer clientId=producer-1] Bootstrap broker localhost:9092 (id: -1 rack: null) disconnected 
2025-01-06 09:33:27.665  INFO [org.apache.kafka.clients.NetworkClient:935] [Consumer clientId=consumer-item_group-1, groupId=item_group] Node 0 disconnected. 
2025-01-06 09:33:27.666  WARN [org.apache.kafka.clients.NetworkClient:775] [Consumer clientId=consumer-item_group-1, groupId=item_group] Connection to node 0 (W49204302.woolworths.co.za/172.18.65.175:9092) could not be established. Broker may not be available. 
2025-01-06 09:33:27.913  INFO [org.apache.kafka.clients.NetworkClient:935] [Producer clientId=producer-1] Node -1 disconnected. 
2025-01-06 09:33:27.914  WARN [org.apache.kafka.clients.NetworkClient:775] [Producer clientId=producer-1] Connection to node -1 (localhost/127.0.0.1:9092) could not be established. Broker may not be available. 
2025-01-06 09:33:27.914  WARN [org.apache.kafka.clients.NetworkClient:1063] [Producer clientId=producer-1] Bootstrap broker localhost:9092 (id: -1 rack: null) disconnected 
2025-01-06 09:33:30.567  INFO [org.apache.kafka.clients.NetworkClient:935] [Consumer clientId=consumer-item_group-1, groupId=item_group] Node 0 disconnected. 
2025-01-06 09:33:30.568  WARN [org.apache.kafka.clients.NetworkClient:775] [Consumer clientId=consumer-item_group-1, groupId=item_group] Connection to node 0 (W49204302.woolworths.co.za/192.168.8.7:9092) could not be established. Broker may not be available. 
2025-01-06 09:33:30.863  INFO [org.apache.kafka.clients.NetworkClient:935] [Producer clientId=producer-1] Node -1 disconnected. 
2025-01-06 09:33:30.864  WARN [org.apache.kafka.clients.NetworkClient:775] [Producer clientId=producer-1] Connection to node -1 (localhost/127.0.0.1:9092) could not be established. Broker may not be available. 
2025-01-06 09:33:30.864  WARN [org.apache.kafka.clients.NetworkClient:1063] [Producer clientId=producer-1] Bootstrap broker localhost:9092 (id: -1 rack: null) disconnected 
2025-01-06 09:33:33.662  INFO [org.apache.kafka.clients.NetworkClient:935] [Consumer clientId=consumer-item_group-1, groupId=item_group] Node 0 disconnected. 
2025-01-06 09:33:33.663  WARN [org.apache.kafka.clients.NetworkClient:775] [Consumer clientId=consumer-item_group-1, groupId=item_group] Connection to node 0 (W49204302.woolworths.co.za/172.18.65.175:9092) could not be established. Broker may not be available. 
2025-01-06 09:33:34.144  INFO [org.apache.kafka.clients.NetworkClient:935] [Producer clientId=producer-1] Node -1 disconnected. 
2025-01-06 09:33:34.145  WARN [org.apache.kafka.clients.NetworkClient:775] [Producer clientId=producer-1] Connection to node -1 (localhost/127.0.0.1:9092) could not be established. Broker may not be available. 
2025-01-06 09:33:34.145  WARN [org.apache.kafka.clients.NetworkClient:1063] [Producer clientId=producer-1] Bootstrap broker localhost:9092 (id: -1 rack: null) disconnected 
2025-01-06 09:33:36.884  INFO [org.apache.kafka.clients.NetworkClient:935] [Consumer clientId=consumer-item_group-1, groupId=item_group] Node 0 disconnected. 
2025-01-06 09:33:36.885  WARN [org.apache.kafka.clients.NetworkClient:775] [Consumer clientId=consumer-item_group-1, groupId=item_group] Connection to node 0 (W49204302.woolworths.co.za/192.168.8.7:9092) could not be established. Broker may not be available. 
2025-01-06 09:33:37.302  INFO [org.apache.kafka.clients.NetworkClient:935] [Producer clientId=producer-1] Node -1 disconnected. 
2025-01-06 09:33:37.303  WARN [org.apache.kafka.clients.NetworkClient:775] [Producer clientId=producer-1] Connection to node -1 (localhost/127.0.0.1:9092) could not be established. Broker may not be available. 
2025-01-06 09:33:37.303  WARN [org.apache.kafka.clients.NetworkClient:1063] [Producer clientId=producer-1] Bootstrap broker localhost:9092 (id: -1 rack: null) disconnected 
2025-01-06 09:33:39.789  INFO [org.apache.kafka.clients.NetworkClient:935] [Consumer clientId=consumer-item_group-1, groupId=item_group] Node 0 disconnected. 
2025-01-06 09:33:39.790  WARN [org.apache.kafka.clients.NetworkClient:775] [Consumer clientId=consumer-item_group-1, groupId=item_group] Connection to node 0 (W49204302.woolworths.co.za/172.18.65.175:9092) could not be established. Broker may not be available. 
2025-01-06 09:33:40.581  INFO [org.apache.kafka.clients.NetworkClient:935] [Producer clientId=producer-1] Node -1 disconnected. 
2025-01-06 09:33:40.582  WARN [org.apache.kafka.clients.NetworkClient:775] [Producer clientId=producer-1] Connection to node -1 (localhost/127.0.0.1:9092) could not be established. Broker may not be available. 
2025-01-06 09:33:40.582  WARN [org.apache.kafka.clients.NetworkClient:1063] [Producer clientId=producer-1] Bootstrap broker localhost:9092 (id: -1 rack: null) disconnected 
2025-01-06 09:33:43.005  INFO [org.apache.kafka.clients.NetworkClient:935] [Consumer clientId=consumer-item_group-1, groupId=item_group] Node 0 disconnected. 
2025-01-06 09:33:43.005  WARN [org.apache.kafka.clients.NetworkClient:775] [Consumer clientId=consumer-item_group-1, groupId=item_group] Connection to node 0 (W49204302.woolworths.co.za/192.168.8.7:9092) could not be established. Broker may not be available. 
2025-01-06 09:33:43.612  INFO [org.apache.kafka.clients.NetworkClient:935] [Producer clientId=producer-1] Node -1 disconnected. 
2025-01-06 09:33:43.613  WARN [org.apache.kafka.clients.NetworkClient:775] [Producer clientId=producer-1] Connection to node -1 (localhost/127.0.0.1:9092) could not be established. Broker may not be available. 
2025-01-06 09:33:43.614  WARN [org.apache.kafka.clients.NetworkClient:1063] [Producer clientId=producer-1] Bootstrap broker localhost:9092 (id: -1 rack: null) disconnected 
2025-01-06 09:33:46.219  INFO [org.apache.kafka.clients.NetworkClient:935] [Consumer clientId=consumer-item_group-1, groupId=item_group] Node 0 disconnected. 
2025-01-06 09:33:46.220  WARN [org.apache.kafka.clients.NetworkClient:775] [Consumer clientId=consumer-item_group-1, groupId=item_group] Connection to node 0 (W49204302.woolworths.co.za/172.18.65.175:9092) could not be established. Broker may not be available. 
2025-01-06 09:33:46.760  INFO [org.apache.kafka.clients.NetworkClient:935] [Producer clientId=producer-1] Node -1 disconnected. 
2025-01-06 09:33:46.761  WARN [org.apache.kafka.clients.NetworkClient:775] [Producer clientId=producer-1] Connection to node -1 (localhost/127.0.0.1:9092) could not be established. Broker may not be available. 
2025-01-06 09:33:46.761  WARN [org.apache.kafka.clients.NetworkClient:1063] [Producer clientId=producer-1] Bootstrap broker localhost:9092 (id: -1 rack: null) disconnected 
2025-01-06 09:33:49.308  INFO [org.apache.kafka.clients.NetworkClient:935] [Consumer clientId=consumer-item_group-1, groupId=item_group] Node 0 disconnected. 
2025-01-06 09:33:49.309  WARN [org.apache.kafka.clients.NetworkClient:775] [Consumer clientId=consumer-item_group-1, groupId=item_group] Connection to node 0 (W49204302.woolworths.co.za/192.168.8.7:9092) could not be established. Broker may not be available. 
2025-01-06 09:33:49.778  INFO [org.apache.kafka.clients.NetworkClient:935] [Producer clientId=producer-1] Node -1 disconnected. 
2025-01-06 09:33:49.779  WARN [org.apache.kafka.clients.NetworkClient:775] [Producer clientId=producer-1] Connection to node -1 (localhost/127.0.0.1:9092) could not be established. Broker may not be available. 
2025-01-06 09:33:49.780  WARN [org.apache.kafka.clients.NetworkClient:1063] [Producer clientId=producer-1] Bootstrap broker localhost:9092 (id: -1 rack: null) disconnected 
2025-01-06 09:33:52.313  INFO [org.apache.kafka.clients.NetworkClient:935] [Consumer clientId=consumer-item_group-1, groupId=item_group] Node 0 disconnected. 
2025-01-06 09:33:52.315  WARN [org.apache.kafka.clients.NetworkClient:775] [Consumer clientId=consumer-item_group-1, groupId=item_group] Connection to node 0 (W49204302.woolworths.co.za/172.18.65.175:9092) could not be established. Broker may not be available. 
2025-01-06 09:33:52.808  INFO [org.apache.kafka.clients.NetworkClient:935] [Producer clientId=producer-1] Node -1 disconnected. 
2025-01-06 09:33:52.809  WARN [org.apache.kafka.clients.NetworkClient:775] [Producer clientId=producer-1] Connection to node -1 (localhost/127.0.0.1:9092) could not be established. Broker may not be available. 
2025-01-06 09:33:52.809  WARN [org.apache.kafka.clients.NetworkClient:1063] [Producer clientId=producer-1] Bootstrap broker localhost:9092 (id: -1 rack: null) disconnected 
2025-01-06 09:33:55.278  INFO [org.apache.kafka.clients.NetworkClient:935] [Consumer clientId=consumer-item_group-1, groupId=item_group] Node 0 disconnected. 
2025-01-06 09:33:55.279  WARN [org.apache.kafka.clients.NetworkClient:775] [Consumer clientId=consumer-item_group-1, groupId=item_group] Connection to node 0 (W49204302.woolworths.co.za/192.168.8.7:9092) could not be established. Broker may not be available. 
2025-01-06 09:33:55.958  INFO [org.apache.kafka.clients.NetworkClient:935] [Producer clientId=producer-1] Node -1 disconnected. 
2025-01-06 09:33:55.959  WARN [org.apache.kafka.clients.NetworkClient:775] [Producer clientId=producer-1] Connection to node -1 (localhost/127.0.0.1:9092) could not be established. Broker may not be available. 
2025-01-06 09:33:55.960  WARN [org.apache.kafka.clients.NetworkClient:1063] [Producer clientId=producer-1] Bootstrap broker localhost:9092 (id: -1 rack: null) disconnected 
2025-01-06 09:33:58.429  INFO [org.apache.kafka.clients.NetworkClient:935] [Consumer clientId=consumer-item_group-1, groupId=item_group] Node 0 disconnected. 
2025-01-06 09:33:58.430  WARN [org.apache.kafka.clients.NetworkClient:775] [Consumer clientId=consumer-item_group-1, groupId=item_group] Connection to node 0 (W49204302.woolworths.co.za/172.18.65.175:9092) could not be established. Broker may not be available. 
2025-01-06 09:33:59.110  INFO [org.apache.kafka.clients.NetworkClient:935] [Producer clientId=producer-1] Node -1 disconnected. 
2025-01-06 09:33:59.111  WARN [org.apache.kafka.clients.NetworkClient:775] [Producer clientId=producer-1] Connection to node -1 (localhost/127.0.0.1:9092) could not be established. Broker may not be available. 
2025-01-06 09:33:59.111  WARN [org.apache.kafka.clients.NetworkClient:1063] [Producer clientId=producer-1] Bootstrap broker localhost:9092 (id: -1 rack: null) disconnected 
2025-01-06 09:34:01.446  INFO [org.apache.kafka.clients.NetworkClient:935] [Consumer clientId=consumer-item_group-1, groupId=item_group] Node 0 disconnected. 
2025-01-06 09:34:01.447  WARN [org.apache.kafka.clients.NetworkClient:775] [Consumer clientId=consumer-item_group-1, groupId=item_group] Connection to node 0 (W49204302.woolworths.co.za/192.168.8.7:9092) could not be established. Broker may not be available. 
2025-01-06 09:34:02.314  INFO [org.apache.kafka.clients.NetworkClient:935] [Producer clientId=producer-1] Node -1 disconnected. 
2025-01-06 09:34:02.315  WARN [org.apache.kafka.clients.NetworkClient:775] [Producer clientId=producer-1] Connection to node -1 (localhost/127.0.0.1:9092) could not be established. Broker may not be available. 
2025-01-06 09:34:02.315  WARN [org.apache.kafka.clients.NetworkClient:1063] [Producer clientId=producer-1] Bootstrap broker localhost:9092 (id: -1 rack: null) disconnected 
2025-01-06 09:34:04.591  INFO [org.apache.kafka.clients.NetworkClient:935] [Consumer clientId=consumer-item_group-1, groupId=item_group] Node 0 disconnected. 
2025-01-06 09:34:04.592  WARN [org.apache.kafka.clients.NetworkClient:775] [Consumer clientId=consumer-item_group-1, groupId=item_group] Connection to node 0 (W49204302.woolworths.co.za/172.18.65.175:9092) could not be established. Broker may not be available. 
2025-01-06 09:34:05.461  INFO [org.apache.kafka.clients.NetworkClient:935] [Producer clientId=producer-1] Node -1 disconnected. 
2025-01-06 09:34:05.462  WARN [org.apache.kafka.clients.NetworkClient:775] [Producer clientId=producer-1] Connection to node -1 (localhost/127.0.0.1:9092) could not be established. Broker may not be available. 
2025-01-06 09:34:05.462  WARN [org.apache.kafka.clients.NetworkClient:1063] [Producer clientId=producer-1] Bootstrap broker localhost:9092 (id: -1 rack: null) disconnected 
2025-01-06 09:34:07.529  INFO [org.apache.kafka.clients.NetworkClient:935] [Consumer clientId=consumer-item_group-1, groupId=item_group] Node 0 disconnected. 
2025-01-06 09:34:07.530  WARN [org.apache.kafka.clients.NetworkClient:775] [Consumer clientId=consumer-item_group-1, groupId=item_group] Connection to node 0 (W49204302.woolworths.co.za/192.168.8.7:9092) could not be established. Broker may not be available. 
2025-01-06 09:34:08.554  INFO [org.apache.kafka.clients.NetworkClient:935] [Producer clientId=producer-1] Node -1 disconnected. 
2025-01-06 09:34:08.555  WARN [org.apache.kafka.clients.NetworkClient:775] [Producer clientId=producer-1] Connection to node -1 (localhost/127.0.0.1:9092) could not be established. Broker may not be available. 
2025-01-06 09:34:08.555  WARN [org.apache.kafka.clients.NetworkClient:1063] [Producer clientId=producer-1] Bootstrap broker localhost:9092 (id: -1 rack: null) disconnected 
2025-01-06 09:34:10.418  INFO [org.apache.kafka.clients.NetworkClient:935] [Consumer clientId=consumer-item_group-1, groupId=item_group] Node 0 disconnected. 
2025-01-06 09:34:10.419  WARN [org.apache.kafka.clients.NetworkClient:775] [Consumer clientId=consumer-item_group-1, groupId=item_group] Connection to node 0 (W49204302.woolworths.co.za/172.18.65.175:9092) could not be established. Broker may not be available. 
2025-01-06 09:34:11.461  INFO [org.apache.kafka.clients.NetworkClient:935] [Producer clientId=producer-1] Node -1 disconnected. 
2025-01-06 09:34:11.462  WARN [org.apache.kafka.clients.NetworkClient:775] [Producer clientId=producer-1] Connection to node -1 (localhost/127.0.0.1:9092) could not be established. Broker may not be available. 
2025-01-06 09:34:11.462  WARN [org.apache.kafka.clients.NetworkClient:1063] [Producer clientId=producer-1] Bootstrap broker localhost:9092 (id: -1 rack: null) disconnected 
2025-01-06 09:34:13.691  INFO [org.apache.kafka.clients.NetworkClient:935] [Consumer clientId=consumer-item_group-1, groupId=item_group] Node 0 disconnected. 
2025-01-06 09:34:13.692  WARN [org.apache.kafka.clients.NetworkClient:775] [Consumer clientId=consumer-item_group-1, groupId=item_group] Connection to node 0 (W49204302.woolworths.co.za/192.168.8.7:9092) could not be established. Broker may not be available. 
2025-01-06 09:34:14.546  INFO [org.apache.kafka.clients.NetworkClient:935] [Producer clientId=producer-1] Node -1 disconnected. 
2025-01-06 09:34:14.547  WARN [org.apache.kafka.clients.NetworkClient:775] [Producer clientId=producer-1] Connection to node -1 (localhost/127.0.0.1:9092) could not be established. Broker may not be available. 
2025-01-06 09:34:14.547  WARN [org.apache.kafka.clients.NetworkClient:1063] [Producer clientId=producer-1] Bootstrap broker localhost:9092 (id: -1 rack: null) disconnected 
2025-01-06 09:34:16.784  INFO [org.apache.kafka.clients.NetworkClient:935] [Consumer clientId=consumer-item_group-1, groupId=item_group] Node 0 disconnected. 
2025-01-06 09:34:16.784  WARN [org.apache.kafka.clients.NetworkClient:775] [Consumer clientId=consumer-item_group-1, groupId=item_group] Connection to node 0 (W49204302.woolworths.co.za/172.18.65.175:9092) could not be established. Broker may not be available. 
2025-01-06 09:34:17.635  INFO [org.apache.kafka.clients.NetworkClient:935] [Producer clientId=producer-1] Node -1 disconnected. 
2025-01-06 09:34:17.636  WARN [org.apache.kafka.clients.NetworkClient:775] [Producer clientId=producer-1] Connection to node -1 (localhost/127.0.0.1:9092) could not be established. Broker may not be available. 
2025-01-06 09:34:17.636  WARN [org.apache.kafka.clients.NetworkClient:1063] [Producer clientId=producer-1] Bootstrap broker localhost:9092 (id: -1 rack: null) disconnected 
2025-01-06 09:34:19.971  INFO [org.apache.kafka.clients.NetworkClient:935] [Consumer clientId=consumer-item_group-1, groupId=item_group] Node 0 disconnected. 
2025-01-06 09:34:19.972  WARN [org.apache.kafka.clients.NetworkClient:775] [Consumer clientId=consumer-item_group-1, groupId=item_group] Connection to node 0 (W49204302.woolworths.co.za/192.168.8.7:9092) could not be established. Broker may not be available. 
2025-01-06 09:34:20.608  INFO [org.apache.kafka.clients.NetworkClient:935] [Producer clientId=producer-1] Node -1 disconnected. 
2025-01-06 09:34:20.609  WARN [org.apache.kafka.clients.NetworkClient:775] [Producer clientId=producer-1] Connection to node -1 (localhost/127.0.0.1:9092) could not be established. Broker may not be available. 
2025-01-06 09:34:20.610  WARN [org.apache.kafka.clients.NetworkClient:1063] [Producer clientId=producer-1] Bootstrap broker localhost:9092 (id: -1 rack: null) disconnected 
2025-01-06 09:34:23.042  INFO [org.apache.kafka.clients.NetworkClient:935] [Consumer clientId=consumer-item_group-1, groupId=item_group] Node 0 disconnected. 
2025-01-06 09:34:23.043  WARN [org.apache.kafka.clients.NetworkClient:775] [Consumer clientId=consumer-item_group-1, groupId=item_group] Connection to node 0 (W49204302.woolworths.co.za/172.18.65.175:9092) could not be established. Broker may not be available. 
2025-01-06 09:34:23.694  INFO [org.apache.kafka.clients.NetworkClient:935] [Producer clientId=producer-1] Node -1 disconnected. 
2025-01-06 09:34:23.694  WARN [org.apache.kafka.clients.NetworkClient:775] [Producer clientId=producer-1] Connection to node -1 (localhost/127.0.0.1:9092) could not be established. Broker may not be available. 
2025-01-06 09:34:23.695  WARN [org.apache.kafka.clients.NetworkClient:1063] [Producer clientId=producer-1] Bootstrap broker localhost:9092 (id: -1 rack: null) disconnected 
2025-01-06 09:34:26.254  INFO [org.apache.kafka.clients.NetworkClient:935] [Consumer clientId=consumer-item_group-1, groupId=item_group] Node 0 disconnected. 
2025-01-06 09:34:26.255  WARN [org.apache.kafka.clients.NetworkClient:775] [Consumer clientId=consumer-item_group-1, groupId=item_group] Connection to node 0 (W49204302.woolworths.co.za/192.168.8.7:9092) could not be established. Broker may not be available. 
2025-01-06 09:34:26.720  INFO [org.apache.kafka.clients.NetworkClient:935] [Producer clientId=producer-1] Node -1 disconnected. 
2025-01-06 09:34:26.721  WARN [org.apache.kafka.clients.NetworkClient:775] [Producer clientId=producer-1] Connection to node -1 (localhost/127.0.0.1:9092) could not be established. Broker may not be available. 
2025-01-06 09:34:26.721  WARN [org.apache.kafka.clients.NetworkClient:1063] [Producer clientId=producer-1] Bootstrap broker localhost:9092 (id: -1 rack: null) disconnected 
2025-01-06 09:34:29.346  INFO [org.apache.kafka.clients.NetworkClient:935] [Consumer clientId=consumer-item_group-1, groupId=item_group] Node 0 disconnected. 
2025-01-06 09:34:29.347  WARN [org.apache.kafka.clients.NetworkClient:775] [Consumer clientId=consumer-item_group-1, groupId=item_group] Connection to node 0 (W49204302.woolworths.co.za/172.18.65.175:9092) could not be established. Broker may not be available. 
2025-01-06 09:34:29.688  INFO [org.apache.kafka.clients.NetworkClient:935] [Producer clientId=producer-1] Node -1 disconnected. 
2025-01-06 09:34:29.689  WARN [org.apache.kafka.clients.NetworkClient:775] [Producer clientId=producer-1] Connection to node -1 (localhost/127.0.0.1:9092) could not be established. Broker may not be available. 
2025-01-06 09:34:29.689  WARN [org.apache.kafka.clients.NetworkClient:1063] [Producer clientId=producer-1] Bootstrap broker localhost:9092 (id: -1 rack: null) disconnected 
2025-01-06 09:34:32.499  INFO [org.apache.kafka.clients.NetworkClient:935] [Consumer clientId=consumer-item_group-1, groupId=item_group] Node 0 disconnected. 
2025-01-06 09:34:32.499  WARN [org.apache.kafka.clients.NetworkClient:775] [Consumer clientId=consumer-item_group-1, groupId=item_group] Connection to node 0 (W49204302.woolworths.co.za/192.168.8.7:9092) could not be established. Broker may not be available. 
2025-01-06 09:34:32.655  INFO [org.apache.kafka.clients.NetworkClient:935] [Producer clientId=producer-1] Node -1 disconnected. 
2025-01-06 09:34:32.656  WARN [org.apache.kafka.clients.NetworkClient:775] [Producer clientId=producer-1] Connection to node -1 (localhost/127.0.0.1:9092) could not be established. Broker may not be available. 
2025-01-06 09:34:32.656  WARN [org.apache.kafka.clients.NetworkClient:1063] [Producer clientId=producer-1] Bootstrap broker localhost:9092 (id: -1 rack: null) disconnected 
2025-01-06 09:34:35.576  INFO [org.apache.kafka.clients.NetworkClient:935] [Consumer clientId=consumer-item_group-1, groupId=item_group] Node 0 disconnected. 
2025-01-06 09:34:35.577  WARN [org.apache.kafka.clients.NetworkClient:775] [Consumer clientId=consumer-item_group-1, groupId=item_group] Connection to node 0 (W49204302.woolworths.co.za/172.18.65.175:9092) could not be established. Broker may not be available. 
2025-01-06 09:34:35.669  INFO [org.apache.kafka.clients.NetworkClient:935] [Producer clientId=producer-1] Node -1 disconnected. 
2025-01-06 09:34:35.670  WARN [org.apache.kafka.clients.NetworkClient:775] [Producer clientId=producer-1] Connection to node -1 (localhost/127.0.0.1:9092) could not be established. Broker may not be available. 
2025-01-06 09:34:35.670  WARN [org.apache.kafka.clients.NetworkClient:1063] [Producer clientId=producer-1] Bootstrap broker localhost:9092 (id: -1 rack: null) disconnected 
2025-01-06 09:34:38.467  INFO [org.apache.kafka.clients.NetworkClient:935] [Consumer clientId=consumer-item_group-1, groupId=item_group] Node 0 disconnected. 
2025-01-06 09:34:38.468  WARN [org.apache.kafka.clients.NetworkClient:775] [Consumer clientId=consumer-item_group-1, groupId=item_group] Connection to node 0 (W49204302.woolworths.co.za/192.168.8.7:9092) could not be established. Broker may not be available. 
2025-01-06 09:34:38.621  INFO [org.apache.kafka.clients.NetworkClient:935] [Producer clientId=producer-1] Node -1 disconnected. 
2025-01-06 09:34:38.622  WARN [org.apache.kafka.clients.NetworkClient:775] [Producer clientId=producer-1] Connection to node -1 (localhost/127.0.0.1:9092) could not be established. Broker may not be available. 
2025-01-06 09:34:38.622  WARN [org.apache.kafka.clients.NetworkClient:1063] [Producer clientId=producer-1] Bootstrap broker localhost:9092 (id: -1 rack: null) disconnected 
2025-01-06 09:34:41.554  INFO [org.apache.kafka.clients.NetworkClient:935] [Consumer clientId=consumer-item_group-1, groupId=item_group] Node 0 disconnected. 
2025-01-06 09:34:41.555  WARN [org.apache.kafka.clients.NetworkClient:775] [Consumer clientId=consumer-item_group-1, groupId=item_group] Connection to node 0 (W49204302.woolworths.co.za/172.18.65.175:9092) could not be established. Broker may not be available. 
2025-01-06 09:34:41.771  INFO [org.apache.kafka.clients.NetworkClient:935] [Producer clientId=producer-1] Node -1 disconnected. 
2025-01-06 09:34:41.772  WARN [org.apache.kafka.clients.NetworkClient:775] [Producer clientId=producer-1] Connection to node -1 (localhost/127.0.0.1:9092) could not be established. Broker may not be available. 
2025-01-06 09:34:41.772  WARN [org.apache.kafka.clients.NetworkClient:1063] [Producer clientId=producer-1] Bootstrap broker localhost:9092 (id: -1 rack: null) disconnected 
2025-01-06 09:34:44.698  INFO [org.apache.kafka.clients.NetworkClient:935] [Consumer clientId=consumer-item_group-1, groupId=item_group] Node 0 disconnected. 
2025-01-06 09:34:44.699  WARN [org.apache.kafka.clients.NetworkClient:775] [Consumer clientId=consumer-item_group-1, groupId=item_group] Connection to node 0 (W49204302.woolworths.co.za/192.168.8.7:9092) could not be established. Broker may not be available. 
2025-01-06 09:34:44.915  INFO [org.apache.kafka.clients.NetworkClient:935] [Producer clientId=producer-1] Node -1 disconnected. 
2025-01-06 09:34:44.916  WARN [org.apache.kafka.clients.NetworkClient:775] [Producer clientId=producer-1] Connection to node -1 (localhost/127.0.0.1:9092) could not be established. Broker may not be available. 
2025-01-06 09:34:44.916  WARN [org.apache.kafka.clients.NetworkClient:1063] [Producer clientId=producer-1] Bootstrap broker localhost:9092 (id: -1 rack: null) disconnected 
2025-01-06 09:34:47.696  INFO [org.apache.kafka.clients.NetworkClient:935] [Consumer clientId=consumer-item_group-1, groupId=item_group] Node 0 disconnected. 
2025-01-06 09:34:47.697  WARN [org.apache.kafka.clients.NetworkClient:775] [Consumer clientId=consumer-item_group-1, groupId=item_group] Connection to node 0 (W49204302.woolworths.co.za/172.18.65.175:9092) could not be established. Broker may not be available. 
2025-01-06 09:34:48.054  INFO [org.apache.kafka.clients.NetworkClient:935] [Producer clientId=producer-1] Node -1 disconnected. 
2025-01-06 09:34:48.055  WARN [org.apache.kafka.clients.NetworkClient:775] [Producer clientId=producer-1] Connection to node -1 (localhost/127.0.0.1:9092) could not be established. Broker may not be available. 
2025-01-06 09:34:48.055  WARN [org.apache.kafka.clients.NetworkClient:1063] [Producer clientId=producer-1] Bootstrap broker localhost:9092 (id: -1 rack: null) disconnected 
2025-01-06 09:34:50.793  INFO [org.apache.kafka.clients.NetworkClient:935] [Consumer clientId=consumer-item_group-1, groupId=item_group] Node 0 disconnected. 
2025-01-06 09:34:50.794  WARN [org.apache.kafka.clients.NetworkClient:775] [Consumer clientId=consumer-item_group-1, groupId=item_group] Connection to node 0 (W49204302.woolworths.co.za/192.168.8.7:9092) could not be established. Broker may not be available. 
2025-01-06 09:34:51.088  INFO [org.apache.kafka.clients.NetworkClient:935] [Producer clientId=producer-1] Node -1 disconnected. 
2025-01-06 09:34:51.089  WARN [org.apache.kafka.clients.NetworkClient:775] [Producer clientId=producer-1] Connection to node -1 (localhost/127.0.0.1:9092) could not be established. Broker may not be available. 
2025-01-06 09:34:51.090  WARN [org.apache.kafka.clients.NetworkClient:1063] [Producer clientId=producer-1] Bootstrap broker localhost:9092 (id: -1 rack: null) disconnected 
2025-01-06 09:34:53.811  INFO [org.apache.kafka.clients.NetworkClient:935] [Consumer clientId=consumer-item_group-1, groupId=item_group] Node 0 disconnected. 
2025-01-06 09:34:53.812  WARN [org.apache.kafka.clients.NetworkClient:775] [Consumer clientId=consumer-item_group-1, groupId=item_group] Connection to node 0 (W49204302.woolworths.co.za/172.18.65.175:9092) could not be established. Broker may not be available. 
2025-01-06 09:34:54.060  INFO [org.apache.kafka.clients.NetworkClient:935] [Producer clientId=producer-1] Node -1 disconnected. 
2025-01-06 09:34:54.061  WARN [org.apache.kafka.clients.NetworkClient:775] [Producer clientId=producer-1] Connection to node -1 (localhost/127.0.0.1:9092) could not be established. Broker may not be available. 
2025-01-06 09:34:54.062  WARN [org.apache.kafka.clients.NetworkClient:1063] [Producer clientId=producer-1] Bootstrap broker localhost:9092 (id: -1 rack: null) disconnected 
2025-01-06 09:34:56.840  INFO [org.apache.kafka.clients.NetworkClient:935] [Consumer clientId=consumer-item_group-1, groupId=item_group] Node 0 disconnected. 
2025-01-06 09:34:56.841  WARN [org.apache.kafka.clients.NetworkClient:775] [Consumer clientId=consumer-item_group-1, groupId=item_group] Connection to node 0 (W49204302.woolworths.co.za/192.168.8.7:9092) could not be established. Broker may not be available. 
2025-01-06 09:34:56.965  INFO [org.apache.kafka.clients.NetworkClient:935] [Producer clientId=producer-1] Node -1 disconnected. 
2025-01-06 09:34:56.966  WARN [org.apache.kafka.clients.NetworkClient:775] [Producer clientId=producer-1] Connection to node -1 (localhost/127.0.0.1:9092) could not be established. Broker may not be available. 
2025-01-06 09:34:56.966  WARN [org.apache.kafka.clients.NetworkClient:1063] [Producer clientId=producer-1] Bootstrap broker localhost:9092 (id: -1 rack: null) disconnected 
2025-01-06 09:34:59.987  INFO [org.apache.kafka.clients.NetworkClient:935] [Consumer clientId=consumer-item_group-1, groupId=item_group] Node 0 disconnected. 
2025-01-06 09:34:59.988  WARN [org.apache.kafka.clients.NetworkClient:775] [Consumer clientId=consumer-item_group-1, groupId=item_group] Connection to node 0 (W49204302.woolworths.co.za/172.18.65.175:9092) could not be established. Broker may not be available. 
2025-01-06 09:35:00.175  INFO [org.apache.kafka.clients.NetworkClient:935] [Producer clientId=producer-1] Node -1 disconnected. 
2025-01-06 09:35:00.176  WARN [org.apache.kafka.clients.NetworkClient:775] [Producer clientId=producer-1] Connection to node -1 (localhost/127.0.0.1:9092) could not be established. Broker may not be available. 
2025-01-06 09:35:00.176  WARN [org.apache.kafka.clients.NetworkClient:1063] [Producer clientId=producer-1] Bootstrap broker localhost:9092 (id: -1 rack: null) disconnected 
2025-01-06 09:35:03.272  INFO [org.apache.kafka.clients.NetworkClient:935] [Producer clientId=producer-1] Node -1 disconnected. 
2025-01-06 09:35:03.273  WARN [org.apache.kafka.clients.NetworkClient:775] [Producer clientId=producer-1] Connection to node -1 (localhost/127.0.0.1:9092) could not be established. Broker may not be available. 
2025-01-06 09:35:03.273  WARN [org.apache.kafka.clients.NetworkClient:1063] [Producer clientId=producer-1] Bootstrap broker localhost:9092 (id: -1 rack: null) disconnected 
2025-01-06 09:35:03.304  INFO [org.apache.kafka.clients.NetworkClient:935] [Consumer clientId=consumer-item_group-1, groupId=item_group] Node 0 disconnected. 
2025-01-06 09:35:03.305  WARN [org.apache.kafka.clients.NetworkClient:775] [Consumer clientId=consumer-item_group-1, groupId=item_group] Connection to node 0 (W49204302.woolworths.co.za/192.168.8.7:9092) could not be established. Broker may not be available. 
2025-01-06 09:35:06.153  INFO [org.apache.kafka.clients.NetworkClient:935] [Producer clientId=producer-1] Node -1 disconnected. 
2025-01-06 09:35:06.154  WARN [org.apache.kafka.clients.NetworkClient:775] [Producer clientId=producer-1] Connection to node -1 (localhost/127.0.0.1:9092) could not be established. Broker may not be available. 
2025-01-06 09:35:06.154  WARN [org.apache.kafka.clients.NetworkClient:1063] [Producer clientId=producer-1] Bootstrap broker localhost:9092 (id: -1 rack: null) disconnected 
2025-01-06 09:35:06.386  INFO [org.apache.kafka.clients.NetworkClient:935] [Consumer clientId=consumer-item_group-1, groupId=item_group] Node 0 disconnected. 
2025-01-06 09:35:06.387  WARN [org.apache.kafka.clients.NetworkClient:775] [Consumer clientId=consumer-item_group-1, groupId=item_group] Connection to node 0 (W49204302.woolworths.co.za/172.18.65.175:9092) could not be established. Broker may not be available. 
2025-01-06 09:35:09.062  INFO [org.apache.kafka.clients.NetworkClient:935] [Producer clientId=producer-1] Node -1 disconnected. 
2025-01-06 09:35:09.062  WARN [org.apache.kafka.clients.NetworkClient:775] [Producer clientId=producer-1] Connection to node -1 (localhost/127.0.0.1:9092) could not be established. Broker may not be available. 
2025-01-06 09:35:09.063  WARN [org.apache.kafka.clients.NetworkClient:1063] [Producer clientId=producer-1] Bootstrap broker localhost:9092 (id: -1 rack: null) disconnected 
2025-01-06 09:35:09.419  INFO [org.apache.kafka.clients.NetworkClient:935] [Consumer clientId=consumer-item_group-1, groupId=item_group] Node 0 disconnected. 
2025-01-06 09:35:09.419  WARN [org.apache.kafka.clients.NetworkClient:775] [Consumer clientId=consumer-item_group-1, groupId=item_group] Connection to node 0 (W49204302.woolworths.co.za/192.168.8.7:9092) could not be established. Broker may not be available. 
2025-01-06 09:35:12.113  INFO [org.apache.kafka.clients.NetworkClient:935] [Producer clientId=producer-1] Node -1 disconnected. 
2025-01-06 09:35:12.113  WARN [org.apache.kafka.clients.NetworkClient:775] [Producer clientId=producer-1] Connection to node -1 (localhost/127.0.0.1:9092) could not be established. Broker may not be available. 
2025-01-06 09:35:12.113  WARN [org.apache.kafka.clients.NetworkClient:1063] [Producer clientId=producer-1] Bootstrap broker localhost:9092 (id: -1 rack: null) disconnected 
2025-01-06 09:35:12.640  INFO [org.apache.kafka.clients.NetworkClient:935] [Consumer clientId=consumer-item_group-1, groupId=item_group] Node 0 disconnected. 
2025-01-06 09:35:12.641  WARN [org.apache.kafka.clients.NetworkClient:775] [Consumer clientId=consumer-item_group-1, groupId=item_group] Connection to node 0 (W49204302.woolworths.co.za/172.18.65.175:9092) could not be established. Broker may not be available. 
2025-01-06 09:35:15.391  INFO [org.apache.kafka.clients.NetworkClient:935] [Producer clientId=producer-1] Node -1 disconnected. 
2025-01-06 09:35:15.392  WARN [org.apache.kafka.clients.NetworkClient:775] [Producer clientId=producer-1] Connection to node -1 (localhost/127.0.0.1:9092) could not be established. Broker may not be available. 
2025-01-06 09:35:15.393  WARN [org.apache.kafka.clients.NetworkClient:1063] [Producer clientId=producer-1] Bootstrap broker localhost:9092 (id: -1 rack: null) disconnected 
2025-01-06 09:35:15.668  INFO [org.apache.kafka.clients.NetworkClient:935] [Consumer clientId=consumer-item_group-1, groupId=item_group] Node 0 disconnected. 
2025-01-06 09:35:15.669  WARN [org.apache.kafka.clients.NetworkClient:775] [Consumer clientId=consumer-item_group-1, groupId=item_group] Connection to node 0 (W49204302.woolworths.co.za/192.168.8.7:9092) could not be established. Broker may not be available. 
2025-01-06 09:35:18.290  INFO [org.apache.kafka.clients.NetworkClient:935] [Producer clientId=producer-1] Node -1 disconnected. 
2025-01-06 09:35:18.290  WARN [org.apache.kafka.clients.NetworkClient:775] [Producer clientId=producer-1] Connection to node -1 (localhost/127.0.0.1:9092) could not be established. Broker may not be available. 
2025-01-06 09:35:18.291  WARN [org.apache.kafka.clients.NetworkClient:1063] [Producer clientId=producer-1] Bootstrap broker localhost:9092 (id: -1 rack: null) disconnected 
2025-01-06 09:35:18.817  INFO [org.apache.kafka.clients.NetworkClient:935] [Consumer clientId=consumer-item_group-1, groupId=item_group] Node 0 disconnected. 
2025-01-06 09:35:18.817  WARN [org.apache.kafka.clients.NetworkClient:775] [Consumer clientId=consumer-item_group-1, groupId=item_group] Connection to node 0 (W49204302.woolworths.co.za/172.18.65.175:9092) could not be established. Broker may not be available. 
2025-01-06 09:35:21.242  INFO [org.apache.kafka.clients.NetworkClient:935] [Producer clientId=producer-1] Node -1 disconnected. 
2025-01-06 09:35:21.242  WARN [org.apache.kafka.clients.NetworkClient:775] [Producer clientId=producer-1] Connection to node -1 (localhost/127.0.0.1:9092) could not be established. Broker may not be available. 
2025-01-06 09:35:21.242  WARN [org.apache.kafka.clients.NetworkClient:1063] [Producer clientId=producer-1] Bootstrap broker localhost:9092 (id: -1 rack: null) disconnected 
2025-01-06 09:35:21.952  INFO [org.apache.kafka.clients.NetworkClient:935] [Consumer clientId=consumer-item_group-1, groupId=item_group] Node 0 disconnected. 
2025-01-06 09:35:21.952  WARN [org.apache.kafka.clients.NetworkClient:775] [Consumer clientId=consumer-item_group-1, groupId=item_group] Connection to node 0 (W49204302.woolworths.co.za/192.168.8.7:9092) could not be established. Broker may not be available. 
2025-01-06 09:35:24.332  INFO [org.apache.kafka.clients.NetworkClient:935] [Producer clientId=producer-1] Node -1 disconnected. 
2025-01-06 09:35:24.332  WARN [org.apache.kafka.clients.NetworkClient:775] [Producer clientId=producer-1] Connection to node -1 (localhost/127.0.0.1:9092) could not be established. Broker may not be available. 
2025-01-06 09:35:24.333  WARN [org.apache.kafka.clients.NetworkClient:1063] [Producer clientId=producer-1] Bootstrap broker localhost:9092 (id: -1 rack: null) disconnected 
2025-01-06 09:35:24.908  INFO [org.apache.kafka.clients.NetworkClient:935] [Consumer clientId=consumer-item_group-1, groupId=item_group] Node 0 disconnected. 
2025-01-06 09:35:24.910  WARN [org.apache.kafka.clients.NetworkClient:775] [Consumer clientId=consumer-item_group-1, groupId=item_group] Connection to node 0 (W49204302.woolworths.co.za/172.18.65.175:9092) could not be established. Broker may not be available. 
2025-01-06 09:35:27.550  INFO [org.apache.kafka.clients.NetworkClient:935] [Producer clientId=producer-1] Node -1 disconnected. 
2025-01-06 09:35:27.550  WARN [org.apache.kafka.clients.NetworkClient:775] [Producer clientId=producer-1] Connection to node -1 (localhost/127.0.0.1:9092) could not be established. Broker may not be available. 
2025-01-06 09:35:27.551  WARN [org.apache.kafka.clients.NetworkClient:1063] [Producer clientId=producer-1] Bootstrap broker localhost:9092 (id: -1 rack: null) disconnected 
2025-01-06 09:35:27.844  INFO [org.apache.kafka.clients.NetworkClient:935] [Consumer clientId=consumer-item_group-1, groupId=item_group] Node 0 disconnected. 
2025-01-06 09:35:27.844  WARN [org.apache.kafka.clients.NetworkClient:775] [Consumer clientId=consumer-item_group-1, groupId=item_group] Connection to node 0 (W49204302.woolworths.co.za/192.168.8.7:9092) could not be established. Broker may not be available. 
2025-01-06 09:35:30.634  INFO [org.apache.kafka.clients.NetworkClient:935] [Producer clientId=producer-1] Node -1 disconnected. 
2025-01-06 09:35:30.635  WARN [org.apache.kafka.clients.NetworkClient:775] [Producer clientId=producer-1] Connection to node -1 (localhost/127.0.0.1:9092) could not be established. Broker may not be available. 
2025-01-06 09:35:30.636  WARN [org.apache.kafka.clients.NetworkClient:1063] [Producer clientId=producer-1] Bootstrap broker localhost:9092 (id: -1 rack: null) disconnected 
2025-01-06 09:35:31.052  INFO [org.apache.kafka.clients.NetworkClient:935] [Consumer clientId=consumer-item_group-1, groupId=item_group] Node 0 disconnected. 
2025-01-06 09:35:31.053  WARN [org.apache.kafka.clients.NetworkClient:775] [Consumer clientId=consumer-item_group-1, groupId=item_group] Connection to node 0 (W49204302.woolworths.co.za/172.18.65.175:9092) could not be established. Broker may not be available. 
2025-01-06 09:35:33.901  INFO [org.apache.kafka.clients.NetworkClient:935] [Producer clientId=producer-1] Node -1 disconnected. 
2025-01-06 09:35:33.902  WARN [org.apache.kafka.clients.NetworkClient:775] [Producer clientId=producer-1] Connection to node -1 (localhost/127.0.0.1:9092) could not be established. Broker may not be available. 
2025-01-06 09:35:33.903  WARN [org.apache.kafka.clients.NetworkClient:1063] [Producer clientId=producer-1] Bootstrap broker localhost:9092 (id: -1 rack: null) disconnected 
2025-01-06 09:35:34.072  INFO [org.apache.kafka.clients.NetworkClient:935] [Consumer clientId=consumer-item_group-1, groupId=item_group] Node 0 disconnected. 
2025-01-06 09:35:34.073  WARN [org.apache.kafka.clients.NetworkClient:775] [Consumer clientId=consumer-item_group-1, groupId=item_group] Connection to node 0 (W49204302.woolworths.co.za/192.168.8.7:9092) could not be established. Broker may not be available. 
2025-01-06 09:35:36.867  INFO [org.apache.kafka.clients.NetworkClient:935] [Producer clientId=producer-1] Node -1 disconnected. 
2025-01-06 09:35:36.867  WARN [org.apache.kafka.clients.NetworkClient:775] [Producer clientId=producer-1] Connection to node -1 (localhost/127.0.0.1:9092) could not be established. Broker may not be available. 
2025-01-06 09:35:36.868  WARN [org.apache.kafka.clients.NetworkClient:1063] [Producer clientId=producer-1] Bootstrap broker localhost:9092 (id: -1 rack: null) disconnected 
2025-01-06 09:35:36.976  INFO [org.apache.kafka.clients.NetworkClient:935] [Consumer clientId=consumer-item_group-1, groupId=item_group] Node 0 disconnected. 
2025-01-06 09:35:36.976  WARN [org.apache.kafka.clients.NetworkClient:775] [Consumer clientId=consumer-item_group-1, groupId=item_group] Connection to node 0 (W49204302.woolworths.co.za/172.18.65.175:9092) could not be established. Broker may not be available. 
2025-01-06 09:35:39.878  INFO [org.apache.kafka.clients.NetworkClient:935] [Consumer clientId=consumer-item_group-1, groupId=item_group] Node 0 disconnected. 
2025-01-06 09:35:39.879  WARN [org.apache.kafka.clients.NetworkClient:775] [Consumer clientId=consumer-item_group-1, groupId=item_group] Connection to node 0 (W49204302.woolworths.co.za/192.168.8.7:9092) could not be established. Broker may not be available. 
2025-01-06 09:35:40.064  INFO [org.apache.kafka.clients.NetworkClient:935] [Producer clientId=producer-1] Node -1 disconnected. 
2025-01-06 09:35:40.066  WARN [org.apache.kafka.clients.NetworkClient:775] [Producer clientId=producer-1] Connection to node -1 (localhost/127.0.0.1:9092) could not be established. Broker may not be available. 
2025-01-06 09:35:40.066  WARN [org.apache.kafka.clients.NetworkClient:1063] [Producer clientId=producer-1] Bootstrap broker localhost:9092 (id: -1 rack: null) disconnected 
2025-01-06 09:35:42.876  INFO [org.apache.kafka.clients.NetworkClient:935] [Consumer clientId=consumer-item_group-1, groupId=item_group] Node 0 disconnected. 
2025-01-06 09:35:42.876  WARN [org.apache.kafka.clients.NetworkClient:775] [Consumer clientId=consumer-item_group-1, groupId=item_group] Connection to node 0 (W49204302.woolworths.co.za/172.18.65.175:9092) could not be established. Broker may not be available. 
2025-01-06 09:35:43.270  INFO [org.apache.kafka.clients.NetworkClient:935] [Producer clientId=producer-1] Node -1 disconnected. 
2025-01-06 09:35:43.270  WARN [org.apache.kafka.clients.NetworkClient:775] [Producer clientId=producer-1] Connection to node -1 (localhost/127.0.0.1:9092) could not be established. Broker may not be available. 
2025-01-06 09:35:43.270  WARN [org.apache.kafka.clients.NetworkClient:1063] [Producer clientId=producer-1] Bootstrap broker localhost:9092 (id: -1 rack: null) disconnected 
2025-01-06 09:35:45.963  INFO [org.apache.kafka.clients.NetworkClient:935] [Consumer clientId=consumer-item_group-1, groupId=item_group] Node 0 disconnected. 
2025-01-06 09:35:45.964  WARN [org.apache.kafka.clients.NetworkClient:775] [Consumer clientId=consumer-item_group-1, groupId=item_group] Connection to node 0 (W49204302.woolworths.co.za/192.168.8.7:9092) could not be established. Broker may not be available. 
2025-01-06 09:35:46.538  INFO [org.apache.kafka.clients.NetworkClient:935] [Producer clientId=producer-1] Node -1 disconnected. 
2025-01-06 09:35:46.538  WARN [org.apache.kafka.clients.NetworkClient:775] [Producer clientId=producer-1] Connection to node -1 (localhost/127.0.0.1:9092) could not be established. Broker may not be available. 
2025-01-06 09:35:46.539  WARN [org.apache.kafka.clients.NetworkClient:1063] [Producer clientId=producer-1] Bootstrap broker localhost:9092 (id: -1 rack: null) disconnected 
2025-01-06 09:35:49.174  INFO [org.apache.kafka.clients.NetworkClient:935] [Consumer clientId=consumer-item_group-1, groupId=item_group] Node 0 disconnected. 
2025-01-06 09:35:49.175  WARN [org.apache.kafka.clients.NetworkClient:775] [Consumer clientId=consumer-item_group-1, groupId=item_group] Connection to node 0 (W49204302.woolworths.co.za/172.18.65.175:9092) could not be established. Broker may not be available. 
2025-01-06 09:35:49.625  INFO [org.apache.kafka.clients.NetworkClient:935] [Producer clientId=producer-1] Node -1 disconnected. 
2025-01-06 09:35:49.625  WARN [org.apache.kafka.clients.NetworkClient:775] [Producer clientId=producer-1] Connection to node -1 (localhost/127.0.0.1:9092) could not be established. Broker may not be available. 
2025-01-06 09:35:49.625  WARN [org.apache.kafka.clients.NetworkClient:1063] [Producer clientId=producer-1] Bootstrap broker localhost:9092 (id: -1 rack: null) disconnected 
2025-01-06 09:35:52.150  INFO [org.apache.kafka.clients.NetworkClient:935] [Consumer clientId=consumer-item_group-1, groupId=item_group] Node 0 disconnected. 
2025-01-06 09:35:52.150  WARN [org.apache.kafka.clients.NetworkClient:775] [Consumer clientId=consumer-item_group-1, groupId=item_group] Connection to node 0 (W49204302.woolworths.co.za/192.168.8.7:9092) could not be established. Broker may not be available. 
2025-01-06 09:35:52.584  INFO [org.apache.kafka.clients.NetworkClient:935] [Producer clientId=producer-1] Node -1 disconnected. 
2025-01-06 09:35:52.584  WARN [org.apache.kafka.clients.NetworkClient:775] [Producer clientId=producer-1] Connection to node -1 (localhost/127.0.0.1:9092) could not be established. Broker may not be available. 
2025-01-06 09:35:52.584  WARN [org.apache.kafka.clients.NetworkClient:1063] [Producer clientId=producer-1] Bootstrap broker localhost:9092 (id: -1 rack: null) disconnected 
2025-01-06 09:35:55.297  INFO [org.apache.kafka.clients.NetworkClient:935] [Consumer clientId=consumer-item_group-1, groupId=item_group] Node 0 disconnected. 
2025-01-06 09:35:55.297  WARN [org.apache.kafka.clients.NetworkClient:775] [Consumer clientId=consumer-item_group-1, groupId=item_group] Connection to node 0 (W49204302.woolworths.co.za/172.18.65.175:9092) could not be established. Broker may not be available. 
2025-01-06 09:35:55.856  INFO [org.apache.kafka.clients.NetworkClient:935] [Producer clientId=producer-1] Node -1 disconnected. 
2025-01-06 09:35:55.857  WARN [org.apache.kafka.clients.NetworkClient:775] [Producer clientId=producer-1] Connection to node -1 (localhost/127.0.0.1:9092) could not be established. Broker may not be available. 
2025-01-06 09:35:55.857  WARN [org.apache.kafka.clients.NetworkClient:1063] [Producer clientId=producer-1] Bootstrap broker localhost:9092 (id: -1 rack: null) disconnected 
2025-01-06 09:35:58.196  INFO [org.apache.kafka.clients.NetworkClient:935] [Consumer clientId=consumer-item_group-1, groupId=item_group] Node 0 disconnected. 
2025-01-06 09:35:58.196  WARN [org.apache.kafka.clients.NetworkClient:775] [Consumer clientId=consumer-item_group-1, groupId=item_group] Connection to node 0 (W49204302.woolworths.co.za/192.168.8.7:9092) could not be established. Broker may not be available. 
2025-01-06 09:35:58.752  INFO [org.apache.kafka.clients.NetworkClient:935] [Producer clientId=producer-1] Node -1 disconnected. 
2025-01-06 09:35:58.752  WARN [org.apache.kafka.clients.NetworkClient:775] [Producer clientId=producer-1] Connection to node -1 (localhost/127.0.0.1:9092) could not be established. Broker may not be available. 
2025-01-06 09:35:58.752  WARN [org.apache.kafka.clients.NetworkClient:1063] [Producer clientId=producer-1] Bootstrap broker localhost:9092 (id: -1 rack: null) disconnected 
2025-01-06 09:36:01.139  INFO [org.apache.kafka.clients.NetworkClient:935] [Consumer clientId=consumer-item_group-1, groupId=item_group] Node 0 disconnected. 
2025-01-06 09:36:01.139  WARN [org.apache.kafka.clients.NetworkClient:775] [Consumer clientId=consumer-item_group-1, groupId=item_group] Connection to node 0 (W49204302.woolworths.co.za/172.18.65.175:9092) could not be established. Broker may not be available. 
2025-01-06 09:36:01.898  INFO [org.apache.kafka.clients.NetworkClient:935] [Producer clientId=producer-1] Node -1 disconnected. 
2025-01-06 09:36:01.900  WARN [org.apache.kafka.clients.NetworkClient:775] [Producer clientId=producer-1] Connection to node -1 (localhost/127.0.0.1:9092) could not be established. Broker may not be available. 
2025-01-06 09:36:01.900  WARN [org.apache.kafka.clients.NetworkClient:1063] [Producer clientId=producer-1] Bootstrap broker localhost:9092 (id: -1 rack: null) disconnected 
2025-01-06 09:36:04.153  INFO [org.apache.kafka.clients.NetworkClient:935] [Consumer clientId=consumer-item_group-1, groupId=item_group] Node 0 disconnected. 
2025-01-06 09:36:04.154  WARN [org.apache.kafka.clients.NetworkClient:775] [Consumer clientId=consumer-item_group-1, groupId=item_group] Connection to node 0 (W49204302.woolworths.co.za/192.168.8.7:9092) could not be established. Broker may not be available. 
2025-01-06 09:36:04.990  INFO [org.apache.kafka.clients.NetworkClient:935] [Producer clientId=producer-1] Node -1 disconnected. 
2025-01-06 09:36:04.991  WARN [org.apache.kafka.clients.NetworkClient:775] [Producer clientId=producer-1] Connection to node -1 (localhost/127.0.0.1:9092) could not be established. Broker may not be available. 
2025-01-06 09:36:04.991  WARN [org.apache.kafka.clients.NetworkClient:1063] [Producer clientId=producer-1] Bootstrap broker localhost:9092 (id: -1 rack: null) disconnected 
2025-01-06 09:36:07.241  INFO [org.apache.kafka.clients.NetworkClient:935] [Consumer clientId=consumer-item_group-1, groupId=item_group] Node 0 disconnected. 
2025-01-06 09:36:07.242  WARN [org.apache.kafka.clients.NetworkClient:775] [Consumer clientId=consumer-item_group-1, groupId=item_group] Connection to node 0 (W49204302.woolworths.co.za/172.18.65.175:9092) could not be established. Broker may not be available. 
2025-01-06 09:36:08.268  INFO [org.apache.kafka.clients.NetworkClient:935] [Producer clientId=producer-1] Node -1 disconnected. 
2025-01-06 09:36:08.269  WARN [org.apache.kafka.clients.NetworkClient:775] [Producer clientId=producer-1] Connection to node -1 (localhost/127.0.0.1:9092) could not be established. Broker may not be available. 
2025-01-06 09:36:08.269  WARN [org.apache.kafka.clients.NetworkClient:1063] [Producer clientId=producer-1] Bootstrap broker localhost:9092 (id: -1 rack: null) disconnected 
2025-01-06 09:36:10.147  INFO [org.apache.kafka.clients.NetworkClient:935] [Consumer clientId=consumer-item_group-1, groupId=item_group] Node 0 disconnected. 
2025-01-06 09:36:10.148  WARN [org.apache.kafka.clients.NetworkClient:775] [Consumer clientId=consumer-item_group-1, groupId=item_group] Connection to node 0 (W49204302.woolworths.co.za/192.168.8.7:9092) could not be established. Broker may not be available. 
2025-01-06 09:36:11.417  INFO [org.apache.kafka.clients.NetworkClient:935] [Producer clientId=producer-1] Node -1 disconnected. 
2025-01-06 09:36:11.417  WARN [org.apache.kafka.clients.NetworkClient:775] [Producer clientId=producer-1] Connection to node -1 (localhost/127.0.0.1:9092) could not be established. Broker may not be available. 
2025-01-06 09:36:11.418  WARN [org.apache.kafka.clients.NetworkClient:1063] [Producer clientId=producer-1] Bootstrap broker localhost:9092 (id: -1 rack: null) disconnected 
2025-01-06 09:36:13.320  INFO [org.apache.kafka.clients.NetworkClient:935] [Consumer clientId=consumer-item_group-1, groupId=item_group] Node 0 disconnected. 
2025-01-06 09:36:13.321  WARN [org.apache.kafka.clients.NetworkClient:775] [Consumer clientId=consumer-item_group-1, groupId=item_group] Connection to node 0 (W49204302.woolworths.co.za/172.18.65.175:9092) could not be established. Broker may not be available. 
2025-01-06 09:36:14.561  INFO [org.apache.kafka.clients.NetworkClient:935] [Producer clientId=producer-1] Node -1 disconnected. 
2025-01-06 09:36:14.561  WARN [org.apache.kafka.clients.NetworkClient:775] [Producer clientId=producer-1] Connection to node -1 (localhost/127.0.0.1:9092) could not be established. Broker may not be available. 
2025-01-06 09:36:14.562  WARN [org.apache.kafka.clients.NetworkClient:1063] [Producer clientId=producer-1] Bootstrap broker localhost:9092 (id: -1 rack: null) disconnected 
2025-01-06 09:36:16.398  INFO [org.apache.kafka.clients.NetworkClient:935] [Consumer clientId=consumer-item_group-1, groupId=item_group] Node 0 disconnected. 
2025-01-06 09:36:16.398  WARN [org.apache.kafka.clients.NetworkClient:775] [Consumer clientId=consumer-item_group-1, groupId=item_group] Connection to node 0 (W49204302.woolworths.co.za/192.168.8.7:9092) could not be established. Broker may not be available. 
2025-01-06 09:36:17.821  INFO [org.apache.kafka.clients.NetworkClient:935] [Producer clientId=producer-1] Node -1 disconnected. 
2025-01-06 09:36:17.822  WARN [org.apache.kafka.clients.NetworkClient:775] [Producer clientId=producer-1] Connection to node -1 (localhost/127.0.0.1:9092) could not be established. Broker may not be available. 
2025-01-06 09:36:17.823  WARN [org.apache.kafka.clients.NetworkClient:1063] [Producer clientId=producer-1] Bootstrap broker localhost:9092 (id: -1 rack: null) disconnected 
2025-01-06 09:36:19.423  INFO [org.apache.kafka.clients.NetworkClient:935] [Consumer clientId=consumer-item_group-1, groupId=item_group] Node 0 disconnected. 
2025-01-06 09:36:19.423  WARN [org.apache.kafka.clients.NetworkClient:775] [Consumer clientId=consumer-item_group-1, groupId=item_group] Connection to node 0 (W49204302.woolworths.co.za/172.18.65.175:9092) could not be established. Broker may not be available. 
2025-01-06 09:36:20.722  INFO [org.apache.kafka.clients.NetworkClient:935] [Producer clientId=producer-1] Node -1 disconnected. 
2025-01-06 09:36:20.723  WARN [org.apache.kafka.clients.NetworkClient:775] [Producer clientId=producer-1] Connection to node -1 (localhost/127.0.0.1:9092) could not be established. Broker may not be available. 
2025-01-06 09:36:20.723  WARN [org.apache.kafka.clients.NetworkClient:1063] [Producer clientId=producer-1] Bootstrap broker localhost:9092 (id: -1 rack: null) disconnected 
2025-01-06 09:36:22.503  INFO [org.apache.kafka.clients.NetworkClient:935] [Consumer clientId=consumer-item_group-1, groupId=item_group] Node 0 disconnected. 
2025-01-06 09:36:22.504  WARN [org.apache.kafka.clients.NetworkClient:775] [Consumer clientId=consumer-item_group-1, groupId=item_group] Connection to node 0 (W49204302.woolworths.co.za/192.168.8.7:9092) could not be established. Broker may not be available. 
2025-01-06 09:36:23.677  INFO [org.apache.kafka.clients.NetworkClient:935] [Producer clientId=producer-1] Node -1 disconnected. 
2025-01-06 09:36:23.678  WARN [org.apache.kafka.clients.NetworkClient:775] [Producer clientId=producer-1] Connection to node -1 (localhost/127.0.0.1:9092) could not be established. Broker may not be available. 
2025-01-06 09:36:23.678  WARN [org.apache.kafka.clients.NetworkClient:1063] [Producer clientId=producer-1] Bootstrap broker localhost:9092 (id: -1 rack: null) disconnected 
2025-01-06 09:36:25.390  INFO [org.apache.kafka.clients.NetworkClient:935] [Consumer clientId=consumer-item_group-1, groupId=item_group] Node 0 disconnected. 
2025-01-06 09:36:25.390  WARN [org.apache.kafka.clients.NetworkClient:775] [Consumer clientId=consumer-item_group-1, groupId=item_group] Connection to node 0 (W49204302.woolworths.co.za/172.18.65.175:9092) could not be established. Broker may not be available. 
2025-01-06 09:36:26.815  INFO [org.apache.kafka.clients.NetworkClient:935] [Producer clientId=producer-1] Node -1 disconnected. 
2025-01-06 09:36:26.816  WARN [org.apache.kafka.clients.NetworkClient:775] [Producer clientId=producer-1] Connection to node -1 (localhost/127.0.0.1:9092) could not be established. Broker may not be available. 
2025-01-06 09:36:26.817  WARN [org.apache.kafka.clients.NetworkClient:1063] [Producer clientId=producer-1] Bootstrap broker localhost:9092 (id: -1 rack: null) disconnected 
2025-01-06 09:36:28.351  INFO [org.apache.kafka.clients.NetworkClient:935] [Consumer clientId=consumer-item_group-1, groupId=item_group] Node 0 disconnected. 
2025-01-06 09:36:28.352  WARN [org.apache.kafka.clients.NetworkClient:775] [Consumer clientId=consumer-item_group-1, groupId=item_group] Connection to node 0 (W49204302.woolworths.co.za/192.168.8.7:9092) could not be established. Broker may not be available. 
2025-01-06 09:36:29.905  INFO [org.apache.kafka.clients.NetworkClient:935] [Producer clientId=producer-1] Node -1 disconnected. 
2025-01-06 09:36:29.906  WARN [org.apache.kafka.clients.NetworkClient:775] [Producer clientId=producer-1] Connection to node -1 (localhost/127.0.0.1:9092) could not be established. Broker may not be available. 
2025-01-06 09:36:29.906  WARN [org.apache.kafka.clients.NetworkClient:1063] [Producer clientId=producer-1] Bootstrap broker localhost:9092 (id: -1 rack: null) disconnected 
2025-01-06 09:36:31.448  INFO [org.apache.kafka.clients.NetworkClient:935] [Consumer clientId=consumer-item_group-1, groupId=item_group] Node 0 disconnected. 
2025-01-06 09:36:31.449  WARN [org.apache.kafka.clients.NetworkClient:775] [Consumer clientId=consumer-item_group-1, groupId=item_group] Connection to node 0 (W49204302.woolworths.co.za/172.18.65.175:9092) could not be established. Broker may not be available. 
2025-01-06 09:36:33.005  INFO [org.apache.kafka.clients.NetworkClient:935] [Producer clientId=producer-1] Node -1 disconnected. 
2025-01-06 09:36:33.006  WARN [org.apache.kafka.clients.NetworkClient:775] [Producer clientId=producer-1] Connection to node -1 (localhost/127.0.0.1:9092) could not be established. Broker may not be available. 
2025-01-06 09:36:33.006  WARN [org.apache.kafka.clients.NetworkClient:1063] [Producer clientId=producer-1] Bootstrap broker localhost:9092 (id: -1 rack: null) disconnected 
2025-01-06 09:36:34.406  INFO [org.apache.kafka.clients.NetworkClient:935] [Consumer clientId=consumer-item_group-1, groupId=item_group] Node 0 disconnected. 
2025-01-06 09:36:34.407  WARN [org.apache.kafka.clients.NetworkClient:775] [Consumer clientId=consumer-item_group-1, groupId=item_group] Connection to node 0 (W49204302.woolworths.co.za/192.168.8.7:9092) could not be established. Broker may not be available. 
2025-01-06 09:36:36.039  INFO [org.apache.kafka.clients.NetworkClient:935] [Producer clientId=producer-1] Node -1 disconnected. 
2025-01-06 09:36:36.040  WARN [org.apache.kafka.clients.NetworkClient:775] [Producer clientId=producer-1] Connection to node -1 (localhost/127.0.0.1:9092) could not be established. Broker may not be available. 
2025-01-06 09:36:36.040  WARN [org.apache.kafka.clients.NetworkClient:1063] [Producer clientId=producer-1] Bootstrap broker localhost:9092 (id: -1 rack: null) disconnected 
2025-01-06 09:36:37.499  INFO [org.apache.kafka.clients.NetworkClient:935] [Consumer clientId=consumer-item_group-1, groupId=item_group] Node 0 disconnected. 
2025-01-06 09:36:37.501  WARN [org.apache.kafka.clients.NetworkClient:775] [Consumer clientId=consumer-item_group-1, groupId=item_group] Connection to node 0 (W49204302.woolworths.co.za/172.18.65.175:9092) could not be established. Broker may not be available. 
2025-01-06 09:36:39.185  INFO [org.apache.kafka.clients.NetworkClient:935] [Producer clientId=producer-1] Node -1 disconnected. 
2025-01-06 09:36:39.186  WARN [org.apache.kafka.clients.NetworkClient:775] [Producer clientId=producer-1] Connection to node -1 (localhost/127.0.0.1:9092) could not be established. Broker may not be available. 
2025-01-06 09:36:39.186  WARN [org.apache.kafka.clients.NetworkClient:1063] [Producer clientId=producer-1] Bootstrap broker localhost:9092 (id: -1 rack: null) disconnected 
2025-01-06 09:36:40.601  INFO [org.apache.kafka.clients.NetworkClient:935] [Consumer clientId=consumer-item_group-1, groupId=item_group] Node 0 disconnected. 
2025-01-06 09:36:40.603  WARN [org.apache.kafka.clients.NetworkClient:775] [Consumer clientId=consumer-item_group-1, groupId=item_group] Connection to node 0 (W49204302.woolworths.co.za/192.168.8.7:9092) could not be established. Broker may not be available. 
2025-01-06 09:36:42.278  INFO [org.apache.kafka.clients.NetworkClient:935] [Producer clientId=producer-1] Node -1 disconnected. 
2025-01-06 09:36:42.280  WARN [org.apache.kafka.clients.NetworkClient:775] [Producer clientId=producer-1] Connection to node -1 (localhost/127.0.0.1:9092) could not be established. Broker may not be available. 
2025-01-06 09:36:42.280  WARN [org.apache.kafka.clients.NetworkClient:1063] [Producer clientId=producer-1] Bootstrap broker localhost:9092 (id: -1 rack: null) disconnected 
2025-01-06 09:36:43.878  INFO [org.apache.kafka.clients.NetworkClient:935] [Consumer clientId=consumer-item_group-1, groupId=item_group] Node 0 disconnected. 
2025-01-06 09:36:43.879  WARN [org.apache.kafka.clients.NetworkClient:775] [Consumer clientId=consumer-item_group-1, groupId=item_group] Connection to node 0 (W49204302.woolworths.co.za/172.18.65.175:9092) could not be established. Broker may not be available. 
2025-01-06 09:36:45.187  INFO [org.apache.kafka.clients.NetworkClient:935] [Producer clientId=producer-1] Node -1 disconnected. 
2025-01-06 09:36:45.187  WARN [org.apache.kafka.clients.NetworkClient:775] [Producer clientId=producer-1] Connection to node -1 (localhost/127.0.0.1:9092) could not be established. Broker may not be available. 
2025-01-06 09:36:45.188  WARN [org.apache.kafka.clients.NetworkClient:1063] [Producer clientId=producer-1] Bootstrap broker localhost:9092 (id: -1 rack: null) disconnected 
2025-01-06 09:36:46.786  INFO [org.apache.kafka.clients.NetworkClient:935] [Consumer clientId=consumer-item_group-1, groupId=item_group] Node 0 disconnected. 
2025-01-06 09:36:46.787  WARN [org.apache.kafka.clients.NetworkClient:775] [Consumer clientId=consumer-item_group-1, groupId=item_group] Connection to node 0 (W49204302.woolworths.co.za/192.168.8.7:9092) could not be established. Broker may not be available. 
2025-01-06 09:36:48.155  INFO [org.apache.kafka.clients.NetworkClient:935] [Producer clientId=producer-1] Node -1 disconnected. 
2025-01-06 09:36:48.156  WARN [org.apache.kafka.clients.NetworkClient:775] [Producer clientId=producer-1] Connection to node -1 (localhost/127.0.0.1:9092) could not be established. Broker may not be available. 
2025-01-06 09:36:48.157  WARN [org.apache.kafka.clients.NetworkClient:1063] [Producer clientId=producer-1] Bootstrap broker localhost:9092 (id: -1 rack: null) disconnected 
2025-01-06 09:36:49.756  INFO [org.apache.kafka.clients.NetworkClient:935] [Consumer clientId=consumer-item_group-1, groupId=item_group] Node 0 disconnected. 
2025-01-06 09:36:49.757  WARN [org.apache.kafka.clients.NetworkClient:775] [Consumer clientId=consumer-item_group-1, groupId=item_group] Connection to node 0 (W49204302.woolworths.co.za/172.18.65.175:9092) could not be established. Broker may not be available. 
2025-01-06 09:36:51.421  INFO [org.apache.kafka.clients.NetworkClient:935] [Producer clientId=producer-1] Node -1 disconnected. 
2025-01-06 09:36:51.422  WARN [org.apache.kafka.clients.NetworkClient:775] [Producer clientId=producer-1] Connection to node -1 (localhost/127.0.0.1:9092) could not be established. Broker may not be available. 
2025-01-06 09:36:51.422  WARN [org.apache.kafka.clients.NetworkClient:1063] [Producer clientId=producer-1] Bootstrap broker localhost:9092 (id: -1 rack: null) disconnected 
2025-01-06 09:36:52.952  INFO [org.apache.kafka.clients.NetworkClient:935] [Consumer clientId=consumer-item_group-1, groupId=item_group] Node 0 disconnected. 
2025-01-06 09:36:52.952  WARN [org.apache.kafka.clients.NetworkClient:775] [Consumer clientId=consumer-item_group-1, groupId=item_group] Connection to node 0 (W49204302.woolworths.co.za/192.168.8.7:9092) could not be established. Broker may not be available. 
2025-01-06 09:36:54.560  INFO [org.apache.kafka.clients.NetworkClient:935] [Producer clientId=producer-1] Node -1 disconnected. 
2025-01-06 09:36:54.560  WARN [org.apache.kafka.clients.NetworkClient:775] [Producer clientId=producer-1] Connection to node -1 (localhost/127.0.0.1:9092) could not be established. Broker may not be available. 
2025-01-06 09:36:54.560  WARN [org.apache.kafka.clients.NetworkClient:1063] [Producer clientId=producer-1] Bootstrap broker localhost:9092 (id: -1 rack: null) disconnected 
2025-01-06 09:36:55.848  INFO [org.apache.kafka.clients.NetworkClient:935] [Consumer clientId=consumer-item_group-1, groupId=item_group] Node 0 disconnected. 
2025-01-06 09:36:55.848  WARN [org.apache.kafka.clients.NetworkClient:775] [Consumer clientId=consumer-item_group-1, groupId=item_group] Connection to node 0 (W49204302.woolworths.co.za/172.18.65.175:9092) could not be established. Broker may not be available. 
2025-01-06 09:36:57.768  INFO [org.apache.kafka.clients.NetworkClient:935] [Producer clientId=producer-1] Node -1 disconnected. 
2025-01-06 09:36:57.769  WARN [org.apache.kafka.clients.NetworkClient:775] [Producer clientId=producer-1] Connection to node -1 (localhost/127.0.0.1:9092) could not be established. Broker may not be available. 
2025-01-06 09:36:57.769  WARN [org.apache.kafka.clients.NetworkClient:1063] [Producer clientId=producer-1] Bootstrap broker localhost:9092 (id: -1 rack: null) disconnected 
2025-01-06 09:36:58.933  INFO [org.apache.kafka.clients.NetworkClient:935] [Consumer clientId=consumer-item_group-1, groupId=item_group] Node 0 disconnected. 
2025-01-06 09:36:58.933  WARN [org.apache.kafka.clients.NetworkClient:775] [Consumer clientId=consumer-item_group-1, groupId=item_group] Connection to node 0 (W49204302.woolworths.co.za/192.168.8.7:9092) could not be established. Broker may not be available. 
2025-01-06 09:37:00.984  INFO [org.apache.kafka.clients.NetworkClient:935] [Producer clientId=producer-1] Node -1 disconnected. 
2025-01-06 09:37:00.985  WARN [org.apache.kafka.clients.NetworkClient:775] [Producer clientId=producer-1] Connection to node -1 (localhost/127.0.0.1:9092) could not be established. Broker may not be available. 
2025-01-06 09:37:00.986  WARN [org.apache.kafka.clients.NetworkClient:1063] [Producer clientId=producer-1] Bootstrap broker localhost:9092 (id: -1 rack: null) disconnected 
2025-01-06 09:37:02.076  INFO [org.apache.kafka.clients.NetworkClient:935] [Consumer clientId=consumer-item_group-1, groupId=item_group] Node 0 disconnected. 
2025-01-06 09:37:02.077  WARN [org.apache.kafka.clients.NetworkClient:775] [Consumer clientId=consumer-item_group-1, groupId=item_group] Connection to node 0 (W49204302.woolworths.co.za/172.18.65.175:9092) could not be established. Broker may not be available. 
2025-01-06 09:37:03.885  INFO [org.apache.kafka.clients.NetworkClient:935] [Producer clientId=producer-1] Node -1 disconnected. 
2025-01-06 09:37:03.886  WARN [org.apache.kafka.clients.NetworkClient:775] [Producer clientId=producer-1] Connection to node -1 (localhost/127.0.0.1:9092) could not be established. Broker may not be available. 
2025-01-06 09:37:03.887  WARN [org.apache.kafka.clients.NetworkClient:1063] [Producer clientId=producer-1] Bootstrap broker localhost:9092 (id: -1 rack: null) disconnected 
2025-01-06 09:37:05.034  INFO [org.apache.kafka.clients.NetworkClient:935] [Consumer clientId=consumer-item_group-1, groupId=item_group] Node 0 disconnected. 
2025-01-06 09:37:05.035  WARN [org.apache.kafka.clients.NetworkClient:775] [Consumer clientId=consumer-item_group-1, groupId=item_group] Connection to node 0 (W49204302.woolworths.co.za/192.168.8.7:9092) could not be established. Broker may not be available. 
2025-01-06 09:37:06.964  INFO [org.apache.kafka.clients.NetworkClient:935] [Producer clientId=producer-1] Node -1 disconnected. 
2025-01-06 09:37:06.965  WARN [org.apache.kafka.clients.NetworkClient:775] [Producer clientId=producer-1] Connection to node -1 (localhost/127.0.0.1:9092) could not be established. Broker may not be available. 
2025-01-06 09:37:06.966  WARN [org.apache.kafka.clients.NetworkClient:1063] [Producer clientId=producer-1] Bootstrap broker localhost:9092 (id: -1 rack: null) disconnected 
2025-01-06 09:37:07.944  INFO [org.apache.kafka.clients.NetworkClient:935] [Consumer clientId=consumer-item_group-1, groupId=item_group] Node 0 disconnected. 
2025-01-06 09:37:07.945  WARN [org.apache.kafka.clients.NetworkClient:775] [Consumer clientId=consumer-item_group-1, groupId=item_group] Connection to node 0 (W49204302.woolworths.co.za/172.18.65.175:9092) could not be established. Broker may not be available. 
2025-01-06 09:37:09.941  INFO [org.apache.kafka.clients.NetworkClient:935] [Producer clientId=producer-1] Node -1 disconnected. 
2025-01-06 09:37:09.942  WARN [org.apache.kafka.clients.NetworkClient:775] [Producer clientId=producer-1] Connection to node -1 (localhost/127.0.0.1:9092) could not be established. Broker may not be available. 
2025-01-06 09:37:09.943  WARN [org.apache.kafka.clients.NetworkClient:1063] [Producer clientId=producer-1] Bootstrap broker localhost:9092 (id: -1 rack: null) disconnected 
2025-01-06 09:37:10.967  INFO [org.apache.kafka.clients.NetworkClient:935] [Consumer clientId=consumer-item_group-1, groupId=item_group] Node 0 disconnected. 
2025-01-06 09:37:10.969  WARN [org.apache.kafka.clients.NetworkClient:775] [Consumer clientId=consumer-item_group-1, groupId=item_group] Connection to node 0 (W49204302.woolworths.co.za/192.168.8.7:9092) could not be established. Broker may not be available. 
2025-01-06 09:37:12.966  INFO [org.apache.kafka.clients.NetworkClient:935] [Producer clientId=producer-1] Node -1 disconnected. 
2025-01-06 09:37:12.967  WARN [org.apache.kafka.clients.NetworkClient:775] [Producer clientId=producer-1] Connection to node -1 (localhost/127.0.0.1:9092) could not be established. Broker may not be available. 
2025-01-06 09:37:12.967  WARN [org.apache.kafka.clients.NetworkClient:1063] [Producer clientId=producer-1] Bootstrap broker localhost:9092 (id: -1 rack: null) disconnected 
2025-01-06 09:37:14.116  INFO [org.apache.kafka.clients.NetworkClient:935] [Consumer clientId=consumer-item_group-1, groupId=item_group] Node 0 disconnected. 
2025-01-06 09:37:14.117  WARN [org.apache.kafka.clients.NetworkClient:775] [Consumer clientId=consumer-item_group-1, groupId=item_group] Connection to node 0 (W49204302.woolworths.co.za/172.18.65.175:9092) could not be established. Broker may not be available. 
2025-01-06 09:37:16.111  INFO [org.apache.kafka.clients.NetworkClient:935] [Producer clientId=producer-1] Node -1 disconnected. 
2025-01-06 09:37:16.112  WARN [org.apache.kafka.clients.NetworkClient:775] [Producer clientId=producer-1] Connection to node -1 (localhost/127.0.0.1:9092) could not be established. Broker may not be available. 
2025-01-06 09:37:16.113  WARN [org.apache.kafka.clients.NetworkClient:1063] [Producer clientId=producer-1] Bootstrap broker localhost:9092 (id: -1 rack: null) disconnected 
2025-01-06 09:37:17.263  INFO [org.apache.kafka.clients.NetworkClient:935] [Consumer clientId=consumer-item_group-1, groupId=item_group] Node 0 disconnected. 
2025-01-06 09:37:17.264  WARN [org.apache.kafka.clients.NetworkClient:775] [Consumer clientId=consumer-item_group-1, groupId=item_group] Connection to node 0 (W49204302.woolworths.co.za/192.168.8.7:9092) could not be established. Broker may not be available. 
2025-01-06 09:37:19.019  INFO [org.apache.kafka.clients.NetworkClient:935] [Producer clientId=producer-1] Node -1 disconnected. 
2025-01-06 09:37:19.020  WARN [org.apache.kafka.clients.NetworkClient:775] [Producer clientId=producer-1] Connection to node -1 (localhost/127.0.0.1:9092) could not be established. Broker may not be available. 
2025-01-06 09:37:19.021  WARN [org.apache.kafka.clients.NetworkClient:1063] [Producer clientId=producer-1] Bootstrap broker localhost:9092 (id: -1 rack: null) disconnected 
2025-01-06 09:37:20.246  INFO [org.apache.kafka.clients.NetworkClient:935] [Consumer clientId=consumer-item_group-1, groupId=item_group] Node 0 disconnected. 
2025-01-06 09:37:20.246  WARN [org.apache.kafka.clients.NetworkClient:775] [Consumer clientId=consumer-item_group-1, groupId=item_group] Connection to node 0 (W49204302.woolworths.co.za/172.18.65.175:9092) could not be established. Broker may not be available. 
2025-01-06 09:37:22.283  INFO [org.apache.kafka.clients.NetworkClient:935] [Producer clientId=producer-1] Node -1 disconnected. 
2025-01-06 09:37:22.284  WARN [org.apache.kafka.clients.NetworkClient:775] [Producer clientId=producer-1] Connection to node -1 (localhost/127.0.0.1:9092) could not be established. Broker may not be available. 
2025-01-06 09:37:22.285  WARN [org.apache.kafka.clients.NetworkClient:1063] [Producer clientId=producer-1] Bootstrap broker localhost:9092 (id: -1 rack: null) disconnected 
2025-01-06 09:37:23.511  INFO [org.apache.kafka.clients.NetworkClient:935] [Consumer clientId=consumer-item_group-1, groupId=item_group] Node 0 disconnected. 
2025-01-06 09:37:23.512  WARN [org.apache.kafka.clients.NetworkClient:775] [Consumer clientId=consumer-item_group-1, groupId=item_group] Connection to node 0 (W49204302.woolworths.co.za/192.168.8.7:9092) could not be established. Broker may not be available. 
2025-01-06 09:37:25.175  INFO [org.apache.kafka.clients.NetworkClient:935] [Producer clientId=producer-1] Node -1 disconnected. 
2025-01-06 09:37:25.175  WARN [org.apache.kafka.clients.NetworkClient:775] [Producer clientId=producer-1] Connection to node -1 (localhost/127.0.0.1:9092) could not be established. Broker may not be available. 
2025-01-06 09:37:25.176  WARN [org.apache.kafka.clients.NetworkClient:1063] [Producer clientId=producer-1] Bootstrap broker localhost:9092 (id: -1 rack: null) disconnected 
2025-01-06 09:37:26.540  INFO [org.apache.kafka.clients.NetworkClient:935] [Consumer clientId=consumer-item_group-1, groupId=item_group] Node 0 disconnected. 
2025-01-06 09:37:26.542  WARN [org.apache.kafka.clients.NetworkClient:775] [Consumer clientId=consumer-item_group-1, groupId=item_group] Connection to node 0 (W49204302.woolworths.co.za/172.18.65.175:9092) could not be established. Broker may not be available. 
2025-01-06 09:37:28.266  INFO [org.apache.kafka.clients.NetworkClient:935] [Producer clientId=producer-1] Node -1 disconnected. 
2025-01-06 09:37:28.267  WARN [org.apache.kafka.clients.NetworkClient:775] [Producer clientId=producer-1] Connection to node -1 (localhost/127.0.0.1:9092) could not be established. Broker may not be available. 
2025-01-06 09:37:28.267  WARN [org.apache.kafka.clients.NetworkClient:1063] [Producer clientId=producer-1] Bootstrap broker localhost:9092 (id: -1 rack: null) disconnected 
2025-01-06 09:37:29.744  INFO [org.apache.kafka.clients.NetworkClient:935] [Consumer clientId=consumer-item_group-1, groupId=item_group] Node 0 disconnected. 
2025-01-06 09:37:29.744  WARN [org.apache.kafka.clients.NetworkClient:775] [Consumer clientId=consumer-item_group-1, groupId=item_group] Connection to node 0 (W49204302.woolworths.co.za/192.168.8.7:9092) could not be established. Broker may not be available. 
2025-01-06 09:37:31.547  INFO [org.apache.kafka.clients.NetworkClient:935] [Producer clientId=producer-1] Node -1 disconnected. 
2025-01-06 09:37:31.548  WARN [org.apache.kafka.clients.NetworkClient:775] [Producer clientId=producer-1] Connection to node -1 (localhost/127.0.0.1:9092) could not be established. Broker may not be available. 
2025-01-06 09:37:31.549  WARN [org.apache.kafka.clients.NetworkClient:1063] [Producer clientId=producer-1] Bootstrap broker localhost:9092 (id: -1 rack: null) disconnected 
2025-01-06 09:37:32.774  INFO [org.apache.kafka.clients.NetworkClient:935] [Consumer clientId=consumer-item_group-1, groupId=item_group] Node 0 disconnected. 
2025-01-06 09:37:32.775  WARN [org.apache.kafka.clients.NetworkClient:775] [Consumer clientId=consumer-item_group-1, groupId=item_group] Connection to node 0 (W49204302.woolworths.co.za/172.18.65.175:9092) could not be established. Broker may not be available. 
2025-01-06 09:37:34.700  INFO [org.apache.kafka.clients.NetworkClient:935] [Producer clientId=producer-1] Node -1 disconnected. 
2025-01-06 09:37:34.701  WARN [org.apache.kafka.clients.NetworkClient:775] [Producer clientId=producer-1] Connection to node -1 (localhost/127.0.0.1:9092) could not be established. Broker may not be available. 
2025-01-06 09:37:34.702  WARN [org.apache.kafka.clients.NetworkClient:1063] [Producer clientId=producer-1] Bootstrap broker localhost:9092 (id: -1 rack: null) disconnected 
2025-01-06 09:37:35.989  INFO [org.apache.kafka.clients.NetworkClient:935] [Consumer clientId=consumer-item_group-1, groupId=item_group] Node 0 disconnected. 
2025-01-06 09:37:35.989  WARN [org.apache.kafka.clients.NetworkClient:775] [Consumer clientId=consumer-item_group-1, groupId=item_group] Connection to node 0 (W49204302.woolworths.co.za/192.168.8.7:9092) could not be established. Broker may not be available. 
2025-01-06 09:37:37.733  INFO [org.apache.kafka.clients.NetworkClient:935] [Producer clientId=producer-1] Node -1 disconnected. 
2025-01-06 09:37:37.733  WARN [org.apache.kafka.clients.NetworkClient:775] [Producer clientId=producer-1] Connection to node -1 (localhost/127.0.0.1:9092) could not be established. Broker may not be available. 
2025-01-06 09:37:37.733  WARN [org.apache.kafka.clients.NetworkClient:1063] [Producer clientId=producer-1] Bootstrap broker localhost:9092 (id: -1 rack: null) disconnected 
2025-01-06 09:37:39.022  INFO [org.apache.kafka.clients.NetworkClient:935] [Consumer clientId=consumer-item_group-1, groupId=item_group] Node 0 disconnected. 
2025-01-06 09:37:39.022  WARN [org.apache.kafka.clients.NetworkClient:775] [Consumer clientId=consumer-item_group-1, groupId=item_group] Connection to node 0 (W49204302.woolworths.co.za/172.18.65.175:9092) could not be established. Broker may not be available. 
2025-01-06 09:37:41.017  INFO [org.apache.kafka.clients.NetworkClient:935] [Producer clientId=producer-1] Node -1 disconnected. 
2025-01-06 09:37:41.017  WARN [org.apache.kafka.clients.NetworkClient:775] [Producer clientId=producer-1] Connection to node -1 (localhost/127.0.0.1:9092) could not be established. Broker may not be available. 
2025-01-06 09:37:41.017  WARN [org.apache.kafka.clients.NetworkClient:1063] [Producer clientId=producer-1] Bootstrap broker localhost:9092 (id: -1 rack: null) disconnected 
2025-01-06 09:37:42.120  INFO [org.apache.kafka.clients.NetworkClient:935] [Consumer clientId=consumer-item_group-1, groupId=item_group] Node 0 disconnected. 
2025-01-06 09:37:42.120  WARN [org.apache.kafka.clients.NetworkClient:775] [Consumer clientId=consumer-item_group-1, groupId=item_group] Connection to node 0 (W49204302.woolworths.co.za/192.168.8.7:9092) could not be established. Broker may not be available. 
2025-01-06 09:37:44.113  INFO [org.apache.kafka.clients.NetworkClient:935] [Producer clientId=producer-1] Node -1 disconnected. 
2025-01-06 09:37:44.114  WARN [org.apache.kafka.clients.NetworkClient:775] [Producer clientId=producer-1] Connection to node -1 (localhost/127.0.0.1:9092) could not be established. Broker may not be available. 
2025-01-06 09:37:44.114  WARN [org.apache.kafka.clients.NetworkClient:1063] [Producer clientId=producer-1] Bootstrap broker localhost:9092 (id: -1 rack: null) disconnected 
2025-01-06 09:37:45.329  INFO [org.apache.kafka.clients.NetworkClient:935] [Consumer clientId=consumer-item_group-1, groupId=item_group] Node 0 disconnected. 
2025-01-06 09:37:45.330  WARN [org.apache.kafka.clients.NetworkClient:775] [Consumer clientId=consumer-item_group-1, groupId=item_group] Connection to node 0 (W49204302.woolworths.co.za/172.18.65.175:9092) could not be established. Broker may not be available. 
2025-01-06 09:37:47.279  INFO [org.apache.kafka.clients.NetworkClient:935] [Producer clientId=producer-1] Node -1 disconnected. 
2025-01-06 09:37:47.280  WARN [org.apache.kafka.clients.NetworkClient:775] [Producer clientId=producer-1] Connection to node -1 (localhost/127.0.0.1:9092) could not be established. Broker may not be available. 
2025-01-06 09:37:47.281  WARN [org.apache.kafka.clients.NetworkClient:1063] [Producer clientId=producer-1] Bootstrap broker localhost:9092 (id: -1 rack: null) disconnected 
2025-01-06 09:37:48.618  INFO [org.apache.kafka.clients.NetworkClient:935] [Consumer clientId=consumer-item_group-1, groupId=item_group] Node 0 disconnected. 
2025-01-06 09:37:48.618  WARN [org.apache.kafka.clients.NetworkClient:775] [Consumer clientId=consumer-item_group-1, groupId=item_group] Connection to node 0 (W49204302.woolworths.co.za/192.168.8.7:9092) could not be established. Broker may not be available. 
2025-01-06 09:37:50.499  INFO [org.apache.kafka.clients.NetworkClient:935] [Producer clientId=producer-1] Node -1 disconnected. 
2025-01-06 09:37:50.499  WARN [org.apache.kafka.clients.NetworkClient:775] [Producer clientId=producer-1] Connection to node -1 (localhost/127.0.0.1:9092) could not be established. Broker may not be available. 
2025-01-06 09:37:50.500  WARN [org.apache.kafka.clients.NetworkClient:1063] [Producer clientId=producer-1] Bootstrap broker localhost:9092 (id: -1 rack: null) disconnected 
2025-01-06 09:37:51.587  INFO [org.apache.kafka.clients.NetworkClient:935] [Consumer clientId=consumer-item_group-1, groupId=item_group] Node 0 disconnected. 
2025-01-06 09:37:51.587  WARN [org.apache.kafka.clients.NetworkClient:775] [Consumer clientId=consumer-item_group-1, groupId=item_group] Connection to node 0 (W49204302.woolworths.co.za/172.18.65.175:9092) could not be established. Broker may not be available. 
2025-01-06 09:37:53.455  INFO [org.apache.kafka.clients.NetworkClient:935] [Producer clientId=producer-1] Node -1 disconnected. 
2025-01-06 09:37:53.455  WARN [org.apache.kafka.clients.NetworkClient:775] [Producer clientId=producer-1] Connection to node -1 (localhost/127.0.0.1:9092) could not be established. Broker may not be available. 
2025-01-06 09:37:53.455  WARN [org.apache.kafka.clients.NetworkClient:1063] [Producer clientId=producer-1] Bootstrap broker localhost:9092 (id: -1 rack: null) disconnected 
2025-01-06 09:37:54.499  INFO [org.apache.kafka.clients.NetworkClient:935] [Consumer clientId=consumer-item_group-1, groupId=item_group] Node 0 disconnected. 
2025-01-06 09:37:54.500  WARN [org.apache.kafka.clients.NetworkClient:775] [Consumer clientId=consumer-item_group-1, groupId=item_group] Connection to node 0 (W49204302.woolworths.co.za/192.168.8.7:9092) could not be established. Broker may not be available. 
2025-01-06 09:37:56.672  INFO [org.apache.kafka.clients.NetworkClient:935] [Producer clientId=producer-1] Node -1 disconnected. 
2025-01-06 09:37:56.672  WARN [org.apache.kafka.clients.NetworkClient:775] [Producer clientId=producer-1] Connection to node -1 (localhost/127.0.0.1:9092) could not be established. Broker may not be available. 
2025-01-06 09:37:56.672  WARN [org.apache.kafka.clients.NetworkClient:1063] [Producer clientId=producer-1] Bootstrap broker localhost:9092 (id: -1 rack: null) disconnected 
2025-01-06 09:37:57.643  INFO [org.apache.kafka.clients.NetworkClient:935] [Consumer clientId=consumer-item_group-1, groupId=item_group] Node 0 disconnected. 
2025-01-06 09:37:57.643  WARN [org.apache.kafka.clients.NetworkClient:775] [Consumer clientId=consumer-item_group-1, groupId=item_group] Connection to node 0 (W49204302.woolworths.co.za/172.18.65.175:9092) could not be established. Broker may not be available. 
2025-01-06 09:37:59.888  INFO [org.apache.kafka.clients.NetworkClient:935] [Producer clientId=producer-1] Node -1 disconnected. 
2025-01-06 09:37:59.888  WARN [org.apache.kafka.clients.NetworkClient:775] [Producer clientId=producer-1] Connection to node -1 (localhost/127.0.0.1:9092) could not be established. Broker may not be available. 
2025-01-06 09:37:59.888  WARN [org.apache.kafka.clients.NetworkClient:1063] [Producer clientId=producer-1] Bootstrap broker localhost:9092 (id: -1 rack: null) disconnected 
2025-01-06 09:38:01.175  INFO [org.apache.kafka.clients.NetworkClient:935] [Consumer clientId=consumer-item_group-1, groupId=item_group] Node 0 disconnected. 
2025-01-06 09:38:01.175  WARN [org.apache.kafka.clients.NetworkClient:775] [Consumer clientId=consumer-item_group-1, groupId=item_group] Connection to node 0 (W49204302.woolworths.co.za/192.168.8.7:9092) could not be established. Broker may not be available. 
2025-01-06 09:38:02.901  INFO [org.apache.kafka.clients.NetworkClient:935] [Producer clientId=producer-1] Node -1 disconnected. 
2025-01-06 09:38:02.901  WARN [org.apache.kafka.clients.NetworkClient:775] [Producer clientId=producer-1] Connection to node -1 (localhost/127.0.0.1:9092) could not be established. Broker may not be available. 
2025-01-06 09:38:02.901  WARN [org.apache.kafka.clients.NetworkClient:1063] [Producer clientId=producer-1] Bootstrap broker localhost:9092 (id: -1 rack: null) disconnected 
2025-01-06 09:38:04.262  INFO [org.apache.kafka.clients.NetworkClient:935] [Consumer clientId=consumer-item_group-1, groupId=item_group] Node 0 disconnected. 
2025-01-06 09:38:04.262  WARN [org.apache.kafka.clients.NetworkClient:775] [Consumer clientId=consumer-item_group-1, groupId=item_group] Connection to node 0 (W49204302.woolworths.co.za/172.18.65.175:9092) could not be established. Broker may not be available. 
2025-01-06 09:38:05.861  INFO [org.apache.kafka.clients.NetworkClient:935] [Producer clientId=producer-1] Node -1 disconnected. 
2025-01-06 09:38:05.862  WARN [org.apache.kafka.clients.NetworkClient:775] [Producer clientId=producer-1] Connection to node -1 (localhost/127.0.0.1:9092) could not be established. Broker may not be available. 
2025-01-06 09:38:05.862  WARN [org.apache.kafka.clients.NetworkClient:1063] [Producer clientId=producer-1] Bootstrap broker localhost:9092 (id: -1 rack: null) disconnected 
2025-01-06 09:38:07.286  INFO [org.apache.kafka.clients.NetworkClient:935] [Consumer clientId=consumer-item_group-1, groupId=item_group] Node 0 disconnected. 
2025-01-06 09:38:07.286  WARN [org.apache.kafka.clients.NetworkClient:775] [Consumer clientId=consumer-item_group-1, groupId=item_group] Connection to node 0 (W49204302.woolworths.co.za/192.168.8.7:9092) could not be established. Broker may not be available. 
2025-01-06 09:38:09.012  INFO [org.apache.kafka.clients.NetworkClient:935] [Producer clientId=producer-1] Node -1 disconnected. 
2025-01-06 09:38:09.013  WARN [org.apache.kafka.clients.NetworkClient:775] [Producer clientId=producer-1] Connection to node -1 (localhost/127.0.0.1:9092) could not be established. Broker may not be available. 
2025-01-06 09:38:09.014  WARN [org.apache.kafka.clients.NetworkClient:1063] [Producer clientId=producer-1] Bootstrap broker localhost:9092 (id: -1 rack: null) disconnected 
2025-01-06 09:38:10.380  INFO [org.apache.kafka.clients.NetworkClient:935] [Consumer clientId=consumer-item_group-1, groupId=item_group] Node 0 disconnected. 
2025-01-06 09:38:10.381  WARN [org.apache.kafka.clients.NetworkClient:775] [Consumer clientId=consumer-item_group-1, groupId=item_group] Connection to node 0 (W49204302.woolworths.co.za/172.18.65.175:9092) could not be established. Broker may not be available. 
2025-01-06 09:38:11.983  INFO [org.apache.kafka.clients.NetworkClient:935] [Producer clientId=producer-1] Node -1 disconnected. 
2025-01-06 09:38:11.984  WARN [org.apache.kafka.clients.NetworkClient:775] [Producer clientId=producer-1] Connection to node -1 (localhost/127.0.0.1:9092) could not be established. Broker may not be available. 
2025-01-06 09:38:11.985  WARN [org.apache.kafka.clients.NetworkClient:1063] [Producer clientId=producer-1] Bootstrap broker localhost:9092 (id: -1 rack: null) disconnected 
2025-01-06 09:38:13.648  INFO [org.apache.kafka.clients.NetworkClient:935] [Consumer clientId=consumer-item_group-1, groupId=item_group] Node 0 disconnected. 
2025-01-06 09:38:13.650  WARN [org.apache.kafka.clients.NetworkClient:775] [Consumer clientId=consumer-item_group-1, groupId=item_group] Connection to node 0 (W49204302.woolworths.co.za/192.168.8.7:9092) could not be established. Broker may not be available. 
2025-01-06 09:38:15.011  INFO [org.apache.kafka.clients.NetworkClient:935] [Producer clientId=producer-1] Node -1 disconnected. 
2025-01-06 09:38:15.012  WARN [org.apache.kafka.clients.NetworkClient:775] [Producer clientId=producer-1] Connection to node -1 (localhost/127.0.0.1:9092) could not be established. Broker may not be available. 
2025-01-06 09:38:15.012  WARN [org.apache.kafka.clients.NetworkClient:1063] [Producer clientId=producer-1] Bootstrap broker localhost:9092 (id: -1 rack: null) disconnected 
2025-01-06 09:38:16.854  INFO [org.apache.kafka.clients.NetworkClient:935] [Consumer clientId=consumer-item_group-1, groupId=item_group] Node 0 disconnected. 
2025-01-06 09:38:16.855  WARN [org.apache.kafka.clients.NetworkClient:775] [Consumer clientId=consumer-item_group-1, groupId=item_group] Connection to node 0 (W49204302.woolworths.co.za/172.18.65.175:9092) could not be established. Broker may not be available. 
2025-01-06 09:38:17.973  INFO [org.apache.kafka.clients.NetworkClient:935] [Producer clientId=producer-1] Node -1 disconnected. 
2025-01-06 09:38:17.974  WARN [org.apache.kafka.clients.NetworkClient:775] [Producer clientId=producer-1] Connection to node -1 (localhost/127.0.0.1:9092) could not be established. Broker may not be available. 
2025-01-06 09:38:17.975  WARN [org.apache.kafka.clients.NetworkClient:1063] [Producer clientId=producer-1] Bootstrap broker localhost:9092 (id: -1 rack: null) disconnected 
2025-01-06 09:38:19.738  INFO [org.apache.kafka.clients.NetworkClient:935] [Consumer clientId=consumer-item_group-1, groupId=item_group] Node 0 disconnected. 
2025-01-06 09:38:19.739  WARN [org.apache.kafka.clients.NetworkClient:775] [Consumer clientId=consumer-item_group-1, groupId=item_group] Connection to node 0 (W49204302.woolworths.co.za/192.168.8.7:9092) could not be established. Broker may not be available. 
2025-01-06 09:38:21.012  INFO [org.apache.kafka.clients.NetworkClient:935] [Producer clientId=producer-1] Node -1 disconnected. 
2025-01-06 09:38:21.013  WARN [org.apache.kafka.clients.NetworkClient:775] [Producer clientId=producer-1] Connection to node -1 (localhost/127.0.0.1:9092) could not be established. Broker may not be available. 
2025-01-06 09:38:21.014  WARN [org.apache.kafka.clients.NetworkClient:1063] [Producer clientId=producer-1] Bootstrap broker localhost:9092 (id: -1 rack: null) disconnected 
2025-01-06 09:38:22.882  INFO [org.apache.kafka.clients.NetworkClient:935] [Consumer clientId=consumer-item_group-1, groupId=item_group] Node 0 disconnected. 
2025-01-06 09:38:22.883  WARN [org.apache.kafka.clients.NetworkClient:775] [Consumer clientId=consumer-item_group-1, groupId=item_group] Connection to node 0 (W49204302.woolworths.co.za/172.18.65.175:9092) could not be established. Broker may not be available. 
2025-01-06 09:38:23.986  INFO [org.apache.kafka.clients.NetworkClient:935] [Producer clientId=producer-1] Node -1 disconnected. 
2025-01-06 09:38:23.987  WARN [org.apache.kafka.clients.NetworkClient:775] [Producer clientId=producer-1] Connection to node -1 (localhost/127.0.0.1:9092) could not be established. Broker may not be available. 
2025-01-06 09:38:23.987  WARN [org.apache.kafka.clients.NetworkClient:1063] [Producer clientId=producer-1] Bootstrap broker localhost:9092 (id: -1 rack: null) disconnected 
2025-01-06 09:38:25.784  INFO [org.apache.kafka.clients.NetworkClient:935] [Consumer clientId=consumer-item_group-1, groupId=item_group] Node 0 disconnected. 
2025-01-06 09:38:25.785  WARN [org.apache.kafka.clients.NetworkClient:775] [Consumer clientId=consumer-item_group-1, groupId=item_group] Connection to node 0 (W49204302.woolworths.co.za/192.168.8.7:9092) could not be established. Broker may not be available. 
2025-01-06 09:38:27.075  INFO [org.apache.kafka.clients.NetworkClient:935] [Producer clientId=producer-1] Node -1 disconnected. 
2025-01-06 09:38:27.076  WARN [org.apache.kafka.clients.NetworkClient:775] [Producer clientId=producer-1] Connection to node -1 (localhost/127.0.0.1:9092) could not be established. Broker may not be available. 
2025-01-06 09:38:27.076  WARN [org.apache.kafka.clients.NetworkClient:1063] [Producer clientId=producer-1] Bootstrap broker localhost:9092 (id: -1 rack: null) disconnected 
2025-01-06 09:38:28.738  INFO [org.apache.kafka.clients.NetworkClient:935] [Consumer clientId=consumer-item_group-1, groupId=item_group] Node 0 disconnected. 
2025-01-06 09:38:28.739  WARN [org.apache.kafka.clients.NetworkClient:775] [Consumer clientId=consumer-item_group-1, groupId=item_group] Connection to node 0 (W49204302.woolworths.co.za/172.18.65.175:9092) could not be established. Broker may not be available. 
2025-01-06 09:38:30.032  INFO [org.apache.kafka.clients.NetworkClient:935] [Producer clientId=producer-1] Node -1 disconnected. 
2025-01-06 09:38:30.033  WARN [org.apache.kafka.clients.NetworkClient:775] [Producer clientId=producer-1] Connection to node -1 (localhost/127.0.0.1:9092) could not be established. Broker may not be available. 
2025-01-06 09:38:30.034  WARN [org.apache.kafka.clients.NetworkClient:1063] [Producer clientId=producer-1] Bootstrap broker localhost:9092 (id: -1 rack: null) disconnected 
2025-01-06 09:38:31.837  INFO [org.apache.kafka.clients.NetworkClient:935] [Consumer clientId=consumer-item_group-1, groupId=item_group] Node 0 disconnected. 
2025-01-06 09:38:31.838  WARN [org.apache.kafka.clients.NetworkClient:775] [Consumer clientId=consumer-item_group-1, groupId=item_group] Connection to node 0 (W49204302.woolworths.co.za/192.168.8.7:9092) could not be established. Broker may not be available. 
2025-01-06 09:38:33.246  INFO [org.apache.kafka.clients.NetworkClient:935] [Producer clientId=producer-1] Node -1 disconnected. 
2025-01-06 09:38:33.247  WARN [org.apache.kafka.clients.NetworkClient:775] [Producer clientId=producer-1] Connection to node -1 (localhost/127.0.0.1:9092) could not be established. Broker may not be available. 
2025-01-06 09:38:33.248  WARN [org.apache.kafka.clients.NetworkClient:1063] [Producer clientId=producer-1] Bootstrap broker localhost:9092 (id: -1 rack: null) disconnected 
2025-01-06 09:38:34.865  INFO [org.apache.kafka.clients.NetworkClient:935] [Consumer clientId=consumer-item_group-1, groupId=item_group] Node 0 disconnected. 
2025-01-06 09:38:34.866  WARN [org.apache.kafka.clients.NetworkClient:775] [Consumer clientId=consumer-item_group-1, groupId=item_group] Connection to node 0 (W49204302.woolworths.co.za/172.18.65.175:9092) could not be established. Broker may not be available. 
2025-01-06 09:38:36.219  INFO [org.apache.kafka.clients.NetworkClient:935] [Producer clientId=producer-1] Node -1 disconnected. 
2025-01-06 09:38:36.220  WARN [org.apache.kafka.clients.NetworkClient:775] [Producer clientId=producer-1] Connection to node -1 (localhost/127.0.0.1:9092) could not be established. Broker may not be available. 
2025-01-06 09:38:36.220  WARN [org.apache.kafka.clients.NetworkClient:1063] [Producer clientId=producer-1] Bootstrap broker localhost:9092 (id: -1 rack: null) disconnected 
2025-01-06 09:38:37.820  INFO [org.apache.kafka.clients.NetworkClient:935] [Consumer clientId=consumer-item_group-1, groupId=item_group] Node 0 disconnected. 
2025-01-06 09:38:37.822  WARN [org.apache.kafka.clients.NetworkClient:775] [Consumer clientId=consumer-item_group-1, groupId=item_group] Connection to node 0 (W49204302.woolworths.co.za/192.168.8.7:9092) could not be established. Broker may not be available. 
2025-01-06 09:38:39.301  INFO [org.apache.kafka.clients.NetworkClient:935] [Producer clientId=producer-1] Node -1 disconnected. 
2025-01-06 09:38:39.301  WARN [org.apache.kafka.clients.NetworkClient:775] [Producer clientId=producer-1] Connection to node -1 (localhost/127.0.0.1:9092) could not be established. Broker may not be available. 
2025-01-06 09:38:39.302  WARN [org.apache.kafka.clients.NetworkClient:1063] [Producer clientId=producer-1] Bootstrap broker localhost:9092 (id: -1 rack: null) disconnected 
2025-01-06 09:38:40.718  INFO [org.apache.kafka.clients.NetworkClient:935] [Consumer clientId=consumer-item_group-1, groupId=item_group] Node 0 disconnected. 
2025-01-06 09:38:40.719  WARN [org.apache.kafka.clients.NetworkClient:775] [Consumer clientId=consumer-item_group-1, groupId=item_group] Connection to node 0 (W49204302.woolworths.co.za/172.18.65.175:9092) could not be established. Broker may not be available. 
2025-01-06 09:38:42.462  INFO [org.apache.kafka.clients.NetworkClient:935] [Producer clientId=producer-1] Node -1 disconnected. 
2025-01-06 09:38:42.462  WARN [org.apache.kafka.clients.NetworkClient:775] [Producer clientId=producer-1] Connection to node -1 (localhost/127.0.0.1:9092) could not be established. Broker may not be available. 
2025-01-06 09:38:42.463  WARN [org.apache.kafka.clients.NetworkClient:1063] [Producer clientId=producer-1] Bootstrap broker localhost:9092 (id: -1 rack: null) disconnected 
2025-01-06 09:38:43.629  INFO [org.apache.kafka.clients.NetworkClient:935] [Consumer clientId=consumer-item_group-1, groupId=item_group] Node 0 disconnected. 
2025-01-06 09:38:43.630  WARN [org.apache.kafka.clients.NetworkClient:775] [Consumer clientId=consumer-item_group-1, groupId=item_group] Connection to node 0 (W49204302.woolworths.co.za/192.168.8.7:9092) could not be established. Broker may not be available. 
2025-01-06 09:38:45.558  INFO [org.apache.kafka.clients.NetworkClient:935] [Producer clientId=producer-1] Node -1 disconnected. 
2025-01-06 09:38:45.559  WARN [org.apache.kafka.clients.NetworkClient:775] [Producer clientId=producer-1] Connection to node -1 (localhost/127.0.0.1:9092) could not be established. Broker may not be available. 
2025-01-06 09:38:45.559  WARN [org.apache.kafka.clients.NetworkClient:1063] [Producer clientId=producer-1] Bootstrap broker localhost:9092 (id: -1 rack: null) disconnected 
2025-01-06 09:38:46.789  INFO [org.apache.kafka.clients.NetworkClient:935] [Consumer clientId=consumer-item_group-1, groupId=item_group] Node 0 disconnected. 
2025-01-06 09:38:46.790  WARN [org.apache.kafka.clients.NetworkClient:775] [Consumer clientId=consumer-item_group-1, groupId=item_group] Connection to node 0 (W49204302.woolworths.co.za/172.18.65.175:9092) could not be established. Broker may not be available. 
2025-01-06 09:38:48.640  INFO [org.apache.kafka.clients.NetworkClient:935] [Producer clientId=producer-1] Node -1 disconnected. 
2025-01-06 09:38:48.641  WARN [org.apache.kafka.clients.NetworkClient:775] [Producer clientId=producer-1] Connection to node -1 (localhost/127.0.0.1:9092) could not be established. Broker may not be available. 
2025-01-06 09:38:48.641  WARN [org.apache.kafka.clients.NetworkClient:1063] [Producer clientId=producer-1] Bootstrap broker localhost:9092 (id: -1 rack: null) disconnected 
2025-01-06 09:38:49.817  INFO [org.apache.kafka.clients.NetworkClient:935] [Consumer clientId=consumer-item_group-1, groupId=item_group] Node 0 disconnected. 
2025-01-06 09:38:49.818  WARN [org.apache.kafka.clients.NetworkClient:775] [Consumer clientId=consumer-item_group-1, groupId=item_group] Connection to node 0 (W49204302.woolworths.co.za/192.168.8.7:9092) could not be established. Broker may not be available. 
2025-01-06 09:38:51.728  INFO [org.apache.kafka.clients.NetworkClient:935] [Producer clientId=producer-1] Node -1 disconnected. 
2025-01-06 09:38:51.729  WARN [org.apache.kafka.clients.NetworkClient:775] [Producer clientId=producer-1] Connection to node -1 (localhost/127.0.0.1:9092) could not be established. Broker may not be available. 
2025-01-06 09:38:51.730  WARN [org.apache.kafka.clients.NetworkClient:1063] [Producer clientId=producer-1] Bootstrap broker localhost:9092 (id: -1 rack: null) disconnected 
2025-01-06 09:38:52.722  INFO [org.apache.kafka.clients.NetworkClient:935] [Consumer clientId=consumer-item_group-1, groupId=item_group] Node 0 disconnected. 
2025-01-06 09:38:52.723  WARN [org.apache.kafka.clients.NetworkClient:775] [Consumer clientId=consumer-item_group-1, groupId=item_group] Connection to node 0 (W49204302.woolworths.co.za/172.18.65.175:9092) could not be established. Broker may not be available. 
2025-01-06 09:38:54.933  INFO [org.apache.kafka.clients.NetworkClient:935] [Producer clientId=producer-1] Node -1 disconnected. 
2025-01-06 09:38:54.934  WARN [org.apache.kafka.clients.NetworkClient:775] [Producer clientId=producer-1] Connection to node -1 (localhost/127.0.0.1:9092) could not be established. Broker may not be available. 
2025-01-06 09:38:54.934  WARN [org.apache.kafka.clients.NetworkClient:1063] [Producer clientId=producer-1] Bootstrap broker localhost:9092 (id: -1 rack: null) disconnected 
2025-01-06 09:38:55.675  INFO [org.apache.kafka.clients.NetworkClient:935] [Consumer clientId=consumer-item_group-1, groupId=item_group] Node 0 disconnected. 
2025-01-06 09:38:55.676  WARN [org.apache.kafka.clients.NetworkClient:775] [Consumer clientId=consumer-item_group-1, groupId=item_group] Connection to node 0 (W49204302.woolworths.co.za/192.168.8.7:9092) could not be established. Broker may not be available. 
2025-01-06 09:38:58.151  INFO [org.apache.kafka.clients.NetworkClient:935] [Producer clientId=producer-1] Node -1 disconnected. 
2025-01-06 09:38:58.151  WARN [org.apache.kafka.clients.NetworkClient:775] [Producer clientId=producer-1] Connection to node -1 (localhost/127.0.0.1:9092) could not be established. Broker may not be available. 
2025-01-06 09:38:58.151  WARN [org.apache.kafka.clients.NetworkClient:1063] [Producer clientId=producer-1] Bootstrap broker localhost:9092 (id: -1 rack: null) disconnected 
2025-01-06 09:38:58.897  INFO [org.apache.kafka.clients.NetworkClient:935] [Consumer clientId=consumer-item_group-1, groupId=item_group] Node 0 disconnected. 
2025-01-06 09:38:58.898  WARN [org.apache.kafka.clients.NetworkClient:775] [Consumer clientId=consumer-item_group-1, groupId=item_group] Connection to node 0 (W49204302.woolworths.co.za/172.18.65.175:9092) could not be established. Broker may not be available. 
2025-01-06 09:39:01.365  INFO [org.apache.kafka.clients.NetworkClient:935] [Producer clientId=producer-1] Node -1 disconnected. 
2025-01-06 09:39:01.366  WARN [org.apache.kafka.clients.NetworkClient:775] [Producer clientId=producer-1] Connection to node -1 (localhost/127.0.0.1:9092) could not be established. Broker may not be available. 
2025-01-06 09:39:01.367  WARN [org.apache.kafka.clients.NetworkClient:1063] [Producer clientId=producer-1] Bootstrap broker localhost:9092 (id: -1 rack: null) disconnected 
2025-01-06 09:39:02.110  INFO [org.apache.kafka.clients.NetworkClient:935] [Consumer clientId=consumer-item_group-1, groupId=item_group] Node 0 disconnected. 
2025-01-06 09:39:02.110  WARN [org.apache.kafka.clients.NetworkClient:775] [Consumer clientId=consumer-item_group-1, groupId=item_group] Connection to node 0 (W49204302.woolworths.co.za/192.168.8.7:9092) could not be established. Broker may not be available. 
2025-01-06 09:39:04.390  INFO [org.apache.kafka.clients.NetworkClient:935] [Producer clientId=producer-1] Node -1 disconnected. 
2025-01-06 09:39:04.392  WARN [org.apache.kafka.clients.NetworkClient:775] [Producer clientId=producer-1] Connection to node -1 (localhost/127.0.0.1:9092) could not be established. Broker may not be available. 
2025-01-06 09:39:04.392  WARN [org.apache.kafka.clients.NetworkClient:1063] [Producer clientId=producer-1] Bootstrap broker localhost:9092 (id: -1 rack: null) disconnected 
2025-01-06 09:39:05.200  INFO [org.apache.kafka.clients.NetworkClient:935] [Consumer clientId=consumer-item_group-1, groupId=item_group] Node 0 disconnected. 
2025-01-06 09:39:05.201  WARN [org.apache.kafka.clients.NetworkClient:775] [Consumer clientId=consumer-item_group-1, groupId=item_group] Connection to node 0 (W49204302.woolworths.co.za/172.18.65.175:9092) could not be established. Broker may not be available. 
2025-01-06 09:39:07.421  INFO [org.apache.kafka.clients.NetworkClient:935] [Producer clientId=producer-1] Node -1 disconnected. 
2025-01-06 09:39:07.422  WARN [org.apache.kafka.clients.NetworkClient:775] [Producer clientId=producer-1] Connection to node -1 (localhost/127.0.0.1:9092) could not be established. Broker may not be available. 
2025-01-06 09:39:07.423  WARN [org.apache.kafka.clients.NetworkClient:1063] [Producer clientId=producer-1] Bootstrap broker localhost:9092 (id: -1 rack: null) disconnected 
2025-01-06 09:39:08.494  INFO [org.apache.kafka.clients.NetworkClient:935] [Consumer clientId=consumer-item_group-1, groupId=item_group] Node 0 disconnected. 
2025-01-06 09:39:08.495  WARN [org.apache.kafka.clients.NetworkClient:775] [Consumer clientId=consumer-item_group-1, groupId=item_group] Connection to node 0 (W49204302.woolworths.co.za/192.168.8.7:9092) could not be established. Broker may not be available. 
2025-01-06 09:39:10.636  INFO [org.apache.kafka.clients.NetworkClient:935] [Producer clientId=producer-1] Node -1 disconnected. 
2025-01-06 09:39:10.637  WARN [org.apache.kafka.clients.NetworkClient:775] [Producer clientId=producer-1] Connection to node -1 (localhost/127.0.0.1:9092) could not be established. Broker may not be available. 
2025-01-06 09:39:10.638  WARN [org.apache.kafka.clients.NetworkClient:1063] [Producer clientId=producer-1] Bootstrap broker localhost:9092 (id: -1 rack: null) disconnected 
2025-01-06 09:39:11.397  INFO [org.apache.kafka.clients.NetworkClient:935] [Consumer clientId=consumer-item_group-1, groupId=item_group] Node 0 disconnected. 
2025-01-06 09:39:11.398  WARN [org.apache.kafka.clients.NetworkClient:775] [Consumer clientId=consumer-item_group-1, groupId=item_group] Connection to node 0 (W49204302.woolworths.co.za/172.18.65.175:9092) could not be established. Broker may not be available. 
2025-01-06 09:39:13.672  INFO [org.apache.kafka.clients.NetworkClient:935] [Producer clientId=producer-1] Node -1 disconnected. 
2025-01-06 09:39:13.672  WARN [org.apache.kafka.clients.NetworkClient:775] [Producer clientId=producer-1] Connection to node -1 (localhost/127.0.0.1:9092) could not be established. Broker may not be available. 
2025-01-06 09:39:13.672  WARN [org.apache.kafka.clients.NetworkClient:1063] [Producer clientId=producer-1] Bootstrap broker localhost:9092 (id: -1 rack: null) disconnected 
2025-01-06 09:39:14.620  INFO [org.apache.kafka.clients.NetworkClient:935] [Consumer clientId=consumer-item_group-1, groupId=item_group] Node 0 disconnected. 
2025-01-06 09:39:14.621  WARN [org.apache.kafka.clients.NetworkClient:775] [Consumer clientId=consumer-item_group-1, groupId=item_group] Connection to node 0 (W49204302.woolworths.co.za/192.168.8.7:9092) could not be established. Broker may not be available. 
2025-01-06 09:39:16.580  INFO [org.apache.kafka.clients.NetworkClient:935] [Producer clientId=producer-1] Node -1 disconnected. 
2025-01-06 09:39:16.580  WARN [org.apache.kafka.clients.NetworkClient:775] [Producer clientId=producer-1] Connection to node -1 (localhost/127.0.0.1:9092) could not be established. Broker may not be available. 
2025-01-06 09:39:16.581  WARN [org.apache.kafka.clients.NetworkClient:1063] [Producer clientId=producer-1] Bootstrap broker localhost:9092 (id: -1 rack: null) disconnected 
2025-01-06 09:39:17.715  INFO [org.apache.kafka.clients.NetworkClient:935] [Consumer clientId=consumer-item_group-1, groupId=item_group] Node 0 disconnected. 
2025-01-06 09:39:17.716  WARN [org.apache.kafka.clients.NetworkClient:775] [Consumer clientId=consumer-item_group-1, groupId=item_group] Connection to node 0 (W49204302.woolworths.co.za/172.18.65.175:9092) could not be established. Broker may not be available. 
2025-01-06 09:39:19.663  INFO [org.apache.kafka.clients.NetworkClient:935] [Producer clientId=producer-1] Node -1 disconnected. 
2025-01-06 09:39:19.664  WARN [org.apache.kafka.clients.NetworkClient:775] [Producer clientId=producer-1] Connection to node -1 (localhost/127.0.0.1:9092) could not be established. Broker may not be available. 
2025-01-06 09:39:19.664  WARN [org.apache.kafka.clients.NetworkClient:1063] [Producer clientId=producer-1] Bootstrap broker localhost:9092 (id: -1 rack: null) disconnected 
2025-01-06 09:39:20.799  INFO [org.apache.kafka.clients.NetworkClient:935] [Consumer clientId=consumer-item_group-1, groupId=item_group] Node 0 disconnected. 
2025-01-06 09:39:20.800  WARN [org.apache.kafka.clients.NetworkClient:775] [Consumer clientId=consumer-item_group-1, groupId=item_group] Connection to node 0 (W49204302.woolworths.co.za/192.168.8.7:9092) could not be established. Broker may not be available. 
2025-01-06 09:39:22.637  INFO [org.apache.kafka.clients.NetworkClient:935] [Producer clientId=producer-1] Node -1 disconnected. 
2025-01-06 09:39:22.638  WARN [org.apache.kafka.clients.NetworkClient:775] [Producer clientId=producer-1] Connection to node -1 (localhost/127.0.0.1:9092) could not be established. Broker may not be available. 
2025-01-06 09:39:22.639  WARN [org.apache.kafka.clients.NetworkClient:1063] [Producer clientId=producer-1] Bootstrap broker localhost:9092 (id: -1 rack: null) disconnected 
2025-01-06 09:39:23.715  INFO [org.apache.kafka.clients.NetworkClient:935] [Consumer clientId=consumer-item_group-1, groupId=item_group] Node 0 disconnected. 
2025-01-06 09:39:23.716  WARN [org.apache.kafka.clients.NetworkClient:775] [Consumer clientId=consumer-item_group-1, groupId=item_group] Connection to node 0 (W49204302.woolworths.co.za/172.18.65.175:9092) could not be established. Broker may not be available. 
2025-01-06 09:39:25.908  INFO [org.apache.kafka.clients.NetworkClient:935] [Producer clientId=producer-1] Node -1 disconnected. 
2025-01-06 09:39:25.909  WARN [org.apache.kafka.clients.NetworkClient:775] [Producer clientId=producer-1] Connection to node -1 (localhost/127.0.0.1:9092) could not be established. Broker may not be available. 
2025-01-06 09:39:25.909  WARN [org.apache.kafka.clients.NetworkClient:1063] [Producer clientId=producer-1] Bootstrap broker localhost:9092 (id: -1 rack: null) disconnected 
2025-01-06 09:39:26.747  INFO [org.apache.kafka.clients.NetworkClient:935] [Consumer clientId=consumer-item_group-1, groupId=item_group] Node 0 disconnected. 
2025-01-06 09:39:26.748  WARN [org.apache.kafka.clients.NetworkClient:775] [Consumer clientId=consumer-item_group-1, groupId=item_group] Connection to node 0 (W49204302.woolworths.co.za/192.168.8.7:9092) could not be established. Broker may not be available. 
2025-01-06 09:39:29.070  INFO [org.apache.kafka.clients.NetworkClient:935] [Producer clientId=producer-1] Node -1 disconnected. 
2025-01-06 09:39:29.072  WARN [org.apache.kafka.clients.NetworkClient:775] [Producer clientId=producer-1] Connection to node -1 (localhost/127.0.0.1:9092) could not be established. Broker may not be available. 
2025-01-06 09:39:29.072  WARN [org.apache.kafka.clients.NetworkClient:1063] [Producer clientId=producer-1] Bootstrap broker localhost:9092 (id: -1 rack: null) disconnected 
2025-01-06 09:39:29.786  INFO [org.apache.kafka.clients.NetworkClient:935] [Consumer clientId=consumer-item_group-1, groupId=item_group] Node 0 disconnected. 
2025-01-06 09:39:29.787  WARN [org.apache.kafka.clients.NetworkClient:775] [Consumer clientId=consumer-item_group-1, groupId=item_group] Connection to node 0 (W49204302.woolworths.co.za/172.18.65.175:9092) could not be established. Broker may not be available. 
2025-01-06 09:39:32.164  INFO [org.apache.kafka.clients.NetworkClient:935] [Producer clientId=producer-1] Node -1 disconnected. 
2025-01-06 09:39:32.165  WARN [org.apache.kafka.clients.NetworkClient:775] [Producer clientId=producer-1] Connection to node -1 (localhost/127.0.0.1:9092) could not be established. Broker may not be available. 
2025-01-06 09:39:32.166  WARN [org.apache.kafka.clients.NetworkClient:1063] [Producer clientId=producer-1] Bootstrap broker localhost:9092 (id: -1 rack: null) disconnected 
2025-01-06 09:39:33.003  INFO [org.apache.kafka.clients.NetworkClient:935] [Consumer clientId=consumer-item_group-1, groupId=item_group] Node 0 disconnected. 
2025-01-06 09:39:33.004  WARN [org.apache.kafka.clients.NetworkClient:775] [Consumer clientId=consumer-item_group-1, groupId=item_group] Connection to node 0 (W49204302.woolworths.co.za/192.168.8.7:9092) could not be established. Broker may not be available. 
2025-01-06 09:39:35.122  INFO [org.apache.kafka.clients.NetworkClient:935] [Producer clientId=producer-1] Node -1 disconnected. 
2025-01-06 09:39:35.123  WARN [org.apache.kafka.clients.NetworkClient:775] [Producer clientId=producer-1] Connection to node -1 (localhost/127.0.0.1:9092) could not be established. Broker may not be available. 
2025-01-06 09:39:35.124  WARN [org.apache.kafka.clients.NetworkClient:1063] [Producer clientId=producer-1] Bootstrap broker localhost:9092 (id: -1 rack: null) disconnected 
2025-01-06 09:39:36.163  INFO [org.apache.kafka.clients.NetworkClient:935] [Consumer clientId=consumer-item_group-1, groupId=item_group] Node 0 disconnected. 
2025-01-06 09:39:36.164  WARN [org.apache.kafka.clients.NetworkClient:775] [Consumer clientId=consumer-item_group-1, groupId=item_group] Connection to node 0 (W49204302.woolworths.co.za/172.18.65.175:9092) could not be established. Broker may not be available. 
2025-01-06 09:39:38.130  INFO [org.apache.kafka.clients.NetworkClient:935] [Producer clientId=producer-1] Node -1 disconnected. 
2025-01-06 09:39:38.130  WARN [org.apache.kafka.clients.NetworkClient:775] [Producer clientId=producer-1] Connection to node -1 (localhost/127.0.0.1:9092) could not be established. Broker may not be available. 
2025-01-06 09:39:38.130  WARN [org.apache.kafka.clients.NetworkClient:1063] [Producer clientId=producer-1] Bootstrap broker localhost:9092 (id: -1 rack: null) disconnected 
2025-01-06 09:39:39.310  INFO [org.apache.kafka.clients.NetworkClient:935] [Consumer clientId=consumer-item_group-1, groupId=item_group] Node 0 disconnected. 
2025-01-06 09:39:39.310  WARN [org.apache.kafka.clients.NetworkClient:775] [Consumer clientId=consumer-item_group-1, groupId=item_group] Connection to node 0 (W49204302.woolworths.co.za/192.168.8.7:9092) could not be established. Broker may not be available. 
2025-01-06 09:39:41.019  INFO [org.apache.kafka.clients.NetworkClient:935] [Producer clientId=producer-1] Node -1 disconnected. 
2025-01-06 09:39:41.020  WARN [org.apache.kafka.clients.NetworkClient:775] [Producer clientId=producer-1] Connection to node -1 (localhost/127.0.0.1:9092) could not be established. Broker may not be available. 
2025-01-06 09:39:41.020  WARN [org.apache.kafka.clients.NetworkClient:1063] [Producer clientId=producer-1] Bootstrap broker localhost:9092 (id: -1 rack: null) disconnected 
2025-01-06 09:39:42.322  INFO [org.apache.kafka.clients.NetworkClient:935] [Consumer clientId=consumer-item_group-1, groupId=item_group] Node 0 disconnected. 
2025-01-06 09:39:42.323  WARN [org.apache.kafka.clients.NetworkClient:775] [Consumer clientId=consumer-item_group-1, groupId=item_group] Connection to node 0 (W49204302.woolworths.co.za/172.18.65.175:9092) could not be established. Broker may not be available. 
2025-01-06 09:39:43.924  INFO [org.apache.kafka.clients.NetworkClient:935] [Producer clientId=producer-1] Node -1 disconnected. 
2025-01-06 09:39:43.925  WARN [org.apache.kafka.clients.NetworkClient:775] [Producer clientId=producer-1] Connection to node -1 (localhost/127.0.0.1:9092) could not be established. Broker may not be available. 
2025-01-06 09:39:43.926  WARN [org.apache.kafka.clients.NetworkClient:1063] [Producer clientId=producer-1] Bootstrap broker localhost:9092 (id: -1 rack: null) disconnected 
2025-01-06 09:39:45.606  INFO [org.apache.kafka.clients.NetworkClient:935] [Consumer clientId=consumer-item_group-1, groupId=item_group] Node 0 disconnected. 
2025-01-06 09:39:45.607  WARN [org.apache.kafka.clients.NetworkClient:775] [Consumer clientId=consumer-item_group-1, groupId=item_group] Connection to node 0 (W49204302.woolworths.co.za/192.168.8.7:9092) could not be established. Broker may not be available. 
2025-01-06 09:39:46.896  INFO [org.apache.kafka.clients.NetworkClient:935] [Producer clientId=producer-1] Node -1 disconnected. 
2025-01-06 09:39:46.897  WARN [org.apache.kafka.clients.NetworkClient:775] [Producer clientId=producer-1] Connection to node -1 (localhost/127.0.0.1:9092) could not be established. Broker may not be available. 
2025-01-06 09:39:46.898  WARN [org.apache.kafka.clients.NetworkClient:1063] [Producer clientId=producer-1] Bootstrap broker localhost:9092 (id: -1 rack: null) disconnected 
2025-01-06 09:39:48.776  INFO [org.apache.kafka.clients.NetworkClient:935] [Consumer clientId=consumer-item_group-1, groupId=item_group] Node 0 disconnected. 
2025-01-06 09:39:48.777  WARN [org.apache.kafka.clients.NetworkClient:775] [Consumer clientId=consumer-item_group-1, groupId=item_group] Connection to node 0 (W49204302.woolworths.co.za/172.18.65.175:9092) could not be established. Broker may not be available. 
2025-01-06 09:39:49.864  INFO [org.apache.kafka.clients.NetworkClient:935] [Producer clientId=producer-1] Node -1 disconnected. 
2025-01-06 09:39:49.865  WARN [org.apache.kafka.clients.NetworkClient:775] [Producer clientId=producer-1] Connection to node -1 (localhost/127.0.0.1:9092) could not be established. Broker may not be available. 
2025-01-06 09:39:49.866  WARN [org.apache.kafka.clients.NetworkClient:1063] [Producer clientId=producer-1] Bootstrap broker localhost:9092 (id: -1 rack: null) disconnected 
2025-01-06 09:39:51.739  INFO [org.apache.kafka.clients.NetworkClient:935] [Consumer clientId=consumer-item_group-1, groupId=item_group] Node 0 disconnected. 
2025-01-06 09:39:51.740  WARN [org.apache.kafka.clients.NetworkClient:775] [Consumer clientId=consumer-item_group-1, groupId=item_group] Connection to node 0 (W49204302.woolworths.co.za/192.168.8.7:9092) could not be established. Broker may not be available. 
2025-01-06 09:39:52.893  INFO [org.apache.kafka.clients.NetworkClient:935] [Producer clientId=producer-1] Node -1 disconnected. 
2025-01-06 09:39:52.893  WARN [org.apache.kafka.clients.NetworkClient:775] [Producer clientId=producer-1] Connection to node -1 (localhost/127.0.0.1:9092) could not be established. Broker may not be available. 
2025-01-06 09:39:52.893  WARN [org.apache.kafka.clients.NetworkClient:1063] [Producer clientId=producer-1] Bootstrap broker localhost:9092 (id: -1 rack: null) disconnected 
2025-01-06 09:39:54.960  INFO [org.apache.kafka.clients.NetworkClient:935] [Consumer clientId=consumer-item_group-1, groupId=item_group] Node 0 disconnected. 
2025-01-06 09:39:54.960  WARN [org.apache.kafka.clients.NetworkClient:775] [Consumer clientId=consumer-item_group-1, groupId=item_group] Connection to node 0 (W49204302.woolworths.co.za/172.18.65.175:9092) could not be established. Broker may not be available. 
2025-01-06 09:39:55.346  INFO [org.apache.kafka.clients.consumer.internals.ConsumerCoordinator:972] [Consumer clientId=consumer-item_group-1, groupId=item_group] Resetting generation due to: consumer pro-actively leaving the group 
2025-01-06 09:39:55.347  INFO [org.apache.kafka.clients.consumer.internals.ConsumerCoordinator:1000] [Consumer clientId=consumer-item_group-1, groupId=item_group] Request joining group due to: consumer pro-actively leaving the group 
2025-01-06 09:39:55.347  INFO [org.apache.kafka.clients.consumer.KafkaConsumer:1075] [Consumer clientId=consumer-item_group-1, groupId=item_group] Unsubscribed all topics or patterns and assigned partitions 
2025-01-06 09:39:55.348  INFO [org.apache.kafka.clients.consumer.internals.ConsumerCoordinator:972] [Consumer clientId=consumer-item_group-1, groupId=item_group] Resetting generation due to: consumer pro-actively leaving the group 
2025-01-06 09:39:55.348  INFO [org.apache.kafka.clients.consumer.internals.ConsumerCoordinator:1000] [Consumer clientId=consumer-item_group-1, groupId=item_group] Request joining group due to: consumer pro-actively leaving the group 
2025-01-06 09:39:55.349  INFO [org.apache.kafka.common.metrics.Metrics:659] Metrics scheduler closed 
2025-01-06 09:39:55.349  INFO [org.apache.kafka.common.metrics.Metrics:663] Closing reporter org.apache.kafka.common.metrics.JmxReporter 
2025-01-06 09:39:55.349  INFO [org.apache.kafka.common.metrics.Metrics:669] Metrics reporters closed 
2025-01-06 09:39:55.351  INFO [org.apache.kafka.common.utils.AppInfoParser:83] App info kafka.consumer for consumer-item_group-1 unregistered 
2025-01-06 09:39:55.352  INFO [org.springframework.kafka.listener.KafkaMessageListenerContainer:292] item_group: Consumer stopped 
2025-01-06 09:39:55.356  INFO [org.apache.kafka.clients.producer.KafkaProducer:1249] [Producer clientId=producer-1] Closing the Kafka producer with timeoutMillis = 30000 ms. 
2025-01-06 09:39:55.784  INFO [org.apache.kafka.clients.NetworkClient:935] [Producer clientId=producer-1] Node -1 disconnected. 
2025-01-06 09:39:55.785  WARN [org.apache.kafka.clients.NetworkClient:775] [Producer clientId=producer-1] Connection to node -1 (localhost/127.0.0.1:9092) could not be established. Broker may not be available. 
2025-01-06 09:39:55.785  WARN [org.apache.kafka.clients.NetworkClient:1063] [Producer clientId=producer-1] Bootstrap broker localhost:9092 (id: -1 rack: null) disconnected 
2025-01-06 09:39:55.898  INFO [org.apache.kafka.common.metrics.Metrics:659] Metrics scheduler closed 
2025-01-06 09:39:55.898  INFO [org.apache.kafka.common.metrics.Metrics:663] Closing reporter org.apache.kafka.common.metrics.JmxReporter 
2025-01-06 09:39:55.898  INFO [org.apache.kafka.common.metrics.Metrics:669] Metrics reporters closed 
2025-01-06 09:39:55.899  INFO [org.apache.kafka.common.utils.AppInfoParser:83] App info kafka.producer for producer-1 unregistered 
2025-01-06 09:39:55.901  INFO [org.springframework.orm.jpa.LocalContainerEntityManagerFactoryBean:651] Closing JPA EntityManagerFactory for persistence unit 'default' 
2025-01-06 09:39:55.906  INFO [com.zaxxer.hikari.HikariDataSource:350] HikariPool-1 - Shutdown initiated... 
2025-01-06 09:39:55.910  INFO [com.zaxxer.hikari.HikariDataSource:352] HikariPool-1 - Shutdown completed. 
