2025-01-07 17:01:13.412  INFO [za.co.woolworths.itemkafka_poc.KafkaItemProducerPocApplication:55] Starting KafkaItemProducerPocApplication using Java 15.0.2 on W49204302 with PID 18700 (C:\Workspaces\Item-Kafka-Producer-POC\Item-Kafka-Producer-POC\target\classes started by W7178930 in C:\Workspaces\Item-Kafka-Producer-POC\Item-Kafka-Producer-POC) 
2025-01-07 17:01:13.414  INFO [za.co.woolworths.itemkafka_poc.KafkaItemProducerPocApplication:640] The following 2 profiles are active: "swagger", "dev" 
2025-01-07 17:01:14.075  INFO [org.springframework.data.repository.config.RepositoryConfigurationDelegate:132] Bootstrapping Spring Data JPA repositories in DEFAULT mode. 
2025-01-07 17:01:14.137  INFO [org.springframework.data.repository.config.RepositoryConfigurationDelegate:201] Finished Spring Data repository scanning in 51 ms. Found 1 JPA repository interfaces. 
2025-01-07 17:01:14.739  INFO [org.springframework.boot.web.embedded.tomcat.TomcatWebServer:108] Tomcat initialized with port(s): 8081 (http) 
2025-01-07 17:01:14.746  INFO [org.apache.coyote.http11.Http11NioProtocol:173] Initializing ProtocolHandler ["http-nio-8081"] 
2025-01-07 17:01:14.746  INFO [org.apache.catalina.core.StandardService:173] Starting service [Tomcat] 
2025-01-07 17:01:14.746  INFO [org.apache.catalina.core.StandardEngine:173] Starting Servlet engine: [Apache Tomcat/9.0.64] 
2025-01-07 17:01:14.877  INFO [org.apache.catalina.core.ContainerBase.[Tomcat].[localhost].[/]:173] Initializing Spring embedded WebApplicationContext 
2025-01-07 17:01:14.877  INFO [org.springframework.boot.web.servlet.context.ServletWebServerApplicationContext:292] Root WebApplicationContext: initialization completed in 1441 ms 
2025-01-07 17:01:15.193  INFO [com.zaxxer.hikari.HikariDataSource:110] HikariPool-1 - Starting... 
2025-01-07 17:01:16.128  INFO [com.zaxxer.hikari.HikariDataSource:123] HikariPool-1 - Start completed. 
2025-01-07 17:01:16.159  INFO [org.hibernate.jpa.internal.util.LogHelper:31] HHH000204: Processing PersistenceUnitInfo [name: default] 
2025-01-07 17:01:16.202  INFO [org.hibernate.Version:44] HHH000412: Hibernate ORM core version 5.6.9.Final 
2025-01-07 17:01:16.329  INFO [org.hibernate.annotations.common.Version:56] HCANN000001: Hibernate Commons Annotations {5.1.2.Final} 
2025-01-07 17:01:16.411  INFO [org.hibernate.dialect.Dialect:175] HHH000400: Using dialect: org.hibernate.dialect.SQLServer2016Dialect 
2025-01-07 17:01:16.996  INFO [org.hibernate.engine.transaction.jta.platform.internal.JtaPlatformInitiator:52] HHH000490: Using JtaPlatform implementation: [org.hibernate.engine.transaction.jta.platform.internal.NoJtaPlatform] 
2025-01-07 17:01:17.003  INFO [org.springframework.orm.jpa.LocalContainerEntityManagerFactoryBean:437] Initialized JPA EntityManagerFactory for persistence unit 'default' 
2025-01-07 17:01:17.458  WARN [org.springframework.boot.autoconfigure.orm.jpa.JpaBaseConfiguration$JpaWebConfiguration:219] spring.jpa.open-in-view is enabled by default. Therefore, database queries may be performed during view rendering. Explicitly configure spring.jpa.open-in-view to disable this warning 
2025-01-07 17:01:17.534 DEBUG [org.springframework.web.servlet.mvc.method.annotation.RequestMappingHandlerMapping:367] 10 mappings in 'requestMappingHandlerMapping' 
2025-01-07 17:01:17.765 DEBUG [org.springframework.web.servlet.handler.SimpleUrlHandlerMapping:188] Patterns [/agent/swagger-ui*/**] in 'resourceHandlerMapping' 
2025-01-07 17:01:17.800 DEBUG [org.springframework.web.servlet.mvc.method.annotation.RequestMappingHandlerAdapter:625] ControllerAdvice beans: 0 @ModelAttribute, 0 @InitBinder, 1 RequestBodyAdvice, 1 ResponseBodyAdvice 
2025-01-07 17:01:17.832 DEBUG [org.springframework.web.servlet.mvc.method.annotation.ExceptionHandlerExceptionResolver:307] ControllerAdvice beans: 1 @ExceptionHandler, 1 ResponseBodyAdvice 
2025-01-07 17:01:18.119  INFO [org.springframework.boot.actuate.endpoint.web.EndpointLinksResolver:58] Exposing 1 endpoint(s) beneath base path '/actuator' 
2025-01-07 17:01:18.214  INFO [org.apache.kafka.clients.consumer.ConsumerConfig:376] ConsumerConfig values: 
	allow.auto.create.topics = true
	auto.commit.interval.ms = 5000
	auto.offset.reset = latest
	bootstrap.servers = [localhost:9092]
	check.crcs = true
	client.dns.lookup = use_all_dns_ips
	client.id = consumer-item_group-1
	client.rack = 
	connections.max.idle.ms = 540000
	default.api.timeout.ms = 60000
	enable.auto.commit = false
	exclude.internal.topics = true
	fetch.max.bytes = 52428800
	fetch.max.wait.ms = 500
	fetch.min.bytes = 1
	group.id = item_group
	group.instance.id = null
	heartbeat.interval.ms = 3000
	interceptor.classes = []
	internal.leave.group.on.close = true
	internal.throw.on.fetch.stable.offset.unsupported = false
	isolation.level = read_uncommitted
	key.deserializer = class org.apache.kafka.common.serialization.StringDeserializer
	max.partition.fetch.bytes = 1048576
	max.poll.interval.ms = 300000
	max.poll.records = 500
	metadata.max.age.ms = 300000
	metric.reporters = []
	metrics.num.samples = 2
	metrics.recording.level = INFO
	metrics.sample.window.ms = 30000
	partition.assignment.strategy = [class org.apache.kafka.clients.consumer.RangeAssignor, class org.apache.kafka.clients.consumer.CooperativeStickyAssignor]
	receive.buffer.bytes = 65536
	reconnect.backoff.max.ms = 1000
	reconnect.backoff.ms = 50
	request.timeout.ms = 30000
	retry.backoff.ms = 100
	sasl.client.callback.handler.class = null
	sasl.jaas.config = null
	sasl.kerberos.kinit.cmd = /usr/bin/kinit
	sasl.kerberos.min.time.before.relogin = 60000
	sasl.kerberos.service.name = null
	sasl.kerberos.ticket.renew.jitter = 0.05
	sasl.kerberos.ticket.renew.window.factor = 0.8
	sasl.login.callback.handler.class = null
	sasl.login.class = null
	sasl.login.connect.timeout.ms = null
	sasl.login.read.timeout.ms = null
	sasl.login.refresh.buffer.seconds = 300
	sasl.login.refresh.min.period.seconds = 60
	sasl.login.refresh.window.factor = 0.8
	sasl.login.refresh.window.jitter = 0.05
	sasl.login.retry.backoff.max.ms = 10000
	sasl.login.retry.backoff.ms = 100
	sasl.mechanism = GSSAPI
	sasl.oauthbearer.clock.skew.seconds = 30
	sasl.oauthbearer.expected.audience = null
	sasl.oauthbearer.expected.issuer = null
	sasl.oauthbearer.jwks.endpoint.refresh.ms = 3600000
	sasl.oauthbearer.jwks.endpoint.retry.backoff.max.ms = 10000
	sasl.oauthbearer.jwks.endpoint.retry.backoff.ms = 100
	sasl.oauthbearer.jwks.endpoint.url = null
	sasl.oauthbearer.scope.claim.name = scope
	sasl.oauthbearer.sub.claim.name = sub
	sasl.oauthbearer.token.endpoint.url = null
	security.protocol = PLAINTEXT
	security.providers = null
	send.buffer.bytes = 131072
	session.timeout.ms = 45000
	socket.connection.setup.timeout.max.ms = 30000
	socket.connection.setup.timeout.ms = 10000
	ssl.cipher.suites = null
	ssl.enabled.protocols = [TLSv1.2, TLSv1.3]
	ssl.endpoint.identification.algorithm = https
	ssl.engine.factory.class = null
	ssl.key.password = null
	ssl.keymanager.algorithm = SunX509
	ssl.keystore.certificate.chain = null
	ssl.keystore.key = null
	ssl.keystore.location = null
	ssl.keystore.password = null
	ssl.keystore.type = JKS
	ssl.protocol = TLSv1.3
	ssl.provider = null
	ssl.secure.random.implementation = null
	ssl.trustmanager.algorithm = PKIX
	ssl.truststore.certificates = null
	ssl.truststore.location = null
	ssl.truststore.password = null
	ssl.truststore.type = JKS
	value.deserializer = class org.apache.kafka.common.serialization.StringDeserializer
 
2025-01-07 17:01:18.309  INFO [org.apache.kafka.common.utils.AppInfoParser:119] Kafka version: 3.1.1 
2025-01-07 17:01:18.309  INFO [org.apache.kafka.common.utils.AppInfoParser:120] Kafka commitId: 97671528ba54a138 
2025-01-07 17:01:18.309  INFO [org.apache.kafka.common.utils.AppInfoParser:121] Kafka startTimeMs: 1736262078307 
2025-01-07 17:01:18.328  INFO [org.apache.kafka.clients.consumer.KafkaConsumer:966] [Consumer clientId=consumer-item_group-1, groupId=item_group] Subscribed to topic(s): Item_Topic 
2025-01-07 17:01:18.341  INFO [org.apache.coyote.http11.Http11NioProtocol:173] Starting ProtocolHandler ["http-nio-8081"] 
2025-01-07 17:01:18.357  INFO [org.springframework.boot.web.embedded.tomcat.TomcatWebServer:220] Tomcat started on port(s): 8081 (http) with context path '' 
2025-01-07 17:01:18.372  INFO [za.co.woolworths.itemkafka_poc.KafkaItemProducerPocApplication:61] Started KafkaItemProducerPocApplication in 5.256 seconds (JVM running for 5.518) 
2025-01-07 17:01:18.588  INFO [org.apache.kafka.clients.Metadata:402] [Consumer clientId=consumer-item_group-1, groupId=item_group] Resetting the last seen epoch of partition Item_Topic-0 to 0 since the associated topicId changed from null to lncACV4PTO-QzmY7TGKExg 
2025-01-07 17:01:18.590  INFO [org.apache.kafka.clients.Metadata:287] [Consumer clientId=consumer-item_group-1, groupId=item_group] Cluster ID: IdFmegt5SVqKpmFnoQXPDA 
2025-01-07 17:01:18.592  INFO [org.apache.kafka.clients.consumer.internals.ConsumerCoordinator:853] [Consumer clientId=consumer-item_group-1, groupId=item_group] Discovered group coordinator localhost:9092 (id: 2147483647 rack: null) 
2025-01-07 17:01:18.594  INFO [org.apache.kafka.clients.consumer.internals.ConsumerCoordinator:535] [Consumer clientId=consumer-item_group-1, groupId=item_group] (Re-)joining group 
2025-01-07 17:01:18.608  INFO [org.apache.kafka.clients.consumer.internals.ConsumerCoordinator:1000] [Consumer clientId=consumer-item_group-1, groupId=item_group] Request joining group due to: need to re-join with the given member-id 
2025-01-07 17:01:18.608  INFO [org.apache.kafka.clients.consumer.internals.ConsumerCoordinator:535] [Consumer clientId=consumer-item_group-1, groupId=item_group] (Re-)joining group 
2025-01-07 17:01:18.611  INFO [org.apache.kafka.clients.consumer.internals.ConsumerCoordinator:595] [Consumer clientId=consumer-item_group-1, groupId=item_group] Successfully joined group with generation Generation{generationId=37, memberId='consumer-item_group-1-743ca5e8-79cd-41ec-b2c2-899e0068c8e8', protocol='range'} 
2025-01-07 17:01:18.612  INFO [org.apache.kafka.clients.consumer.internals.ConsumerCoordinator:654] [Consumer clientId=consumer-item_group-1, groupId=item_group] Finished assignment for group at generation 37: {consumer-item_group-1-743ca5e8-79cd-41ec-b2c2-899e0068c8e8=Assignment(partitions=[Item_Topic-0])} 
2025-01-07 17:01:18.616  INFO [org.apache.kafka.clients.consumer.internals.ConsumerCoordinator:761] [Consumer clientId=consumer-item_group-1, groupId=item_group] Successfully synced group in generation Generation{generationId=37, memberId='consumer-item_group-1-743ca5e8-79cd-41ec-b2c2-899e0068c8e8', protocol='range'} 
2025-01-07 17:01:18.616  INFO [org.apache.kafka.clients.consumer.internals.ConsumerCoordinator:279] [Consumer clientId=consumer-item_group-1, groupId=item_group] Notifying assignor about the new Assignment(partitions=[Item_Topic-0]) 
2025-01-07 17:01:18.618  INFO [org.apache.kafka.clients.consumer.internals.ConsumerCoordinator:291] [Consumer clientId=consumer-item_group-1, groupId=item_group] Adding newly assigned partitions: Item_Topic-0 
2025-01-07 17:01:18.625  INFO [org.apache.kafka.clients.consumer.internals.ConsumerCoordinator:846] [Consumer clientId=consumer-item_group-1, groupId=item_group] Setting offset for partition Item_Topic-0 to the committed offset FetchPosition{offset=1466, offsetEpoch=Optional.empty, currentLeader=LeaderAndEpoch{leader=Optional[localhost:9092 (id: 0 rack: null)], epoch=0}} 
2025-01-07 17:01:18.625  INFO [org.springframework.kafka.listener.KafkaMessageListenerContainer:292] item_group: partitions assigned: [Item_Topic-0] 
2025-01-07 17:01:22.760  INFO [org.apache.catalina.core.ContainerBase.[Tomcat].[localhost].[/]:173] Initializing Spring DispatcherServlet 'dispatcherServlet' 
2025-01-07 17:01:22.760  INFO [org.springframework.web.servlet.DispatcherServlet:525] Initializing Servlet 'dispatcherServlet' 
2025-01-07 17:01:22.760 DEBUG [org.springframework.web.servlet.DispatcherServlet:520] Detected StandardServletMultipartResolver 
2025-01-07 17:01:22.760 DEBUG [org.springframework.web.servlet.DispatcherServlet:544] Detected AcceptHeaderLocaleResolver 
2025-01-07 17:01:22.761 DEBUG [org.springframework.web.servlet.DispatcherServlet:569] Detected FixedThemeResolver 
2025-01-07 17:01:22.761 DEBUG [org.springframework.web.servlet.DispatcherServlet:719] Detected org.springframework.web.servlet.view.DefaultRequestToViewNameTranslator@80b70fd 
2025-01-07 17:01:22.762 DEBUG [org.springframework.web.servlet.DispatcherServlet:783] Detected org.springframework.web.servlet.support.SessionFlashMapManager@332610ad 
2025-01-07 17:01:22.762 DEBUG [org.springframework.web.servlet.DispatcherServlet:542] enableLoggingRequestDetails='false': request parameters and headers will be masked to prevent unsafe logging of potentially sensitive data 
2025-01-07 17:01:22.762  INFO [org.springframework.web.servlet.DispatcherServlet:547] Completed initialization in 2 ms 
2025-01-07 17:01:22.771 DEBUG [org.springframework.web.servlet.DispatcherServlet:119] POST "/item-kafka/app/publish-items/v1", parameters={} 
2025-01-07 17:01:22.777 DEBUG [org.springframework.web.servlet.mvc.method.annotation.RequestMappingHandlerMapping:522] Mapped to za.co.woolworths.itemkafka_poc.controller.ItemProducerController#createItemKafkaTopic() 
2025-01-07 17:01:23.247  INFO [org.apache.kafka.clients.producer.ProducerConfig:376] ProducerConfig values: 
	acks = -1
	batch.size = 16384
	bootstrap.servers = [localhost:9092]
	buffer.memory = 33554432
	client.dns.lookup = use_all_dns_ips
	client.id = producer-1
	compression.type = none
	connections.max.idle.ms = 540000
	delivery.timeout.ms = 120000
	enable.idempotence = true
	interceptor.classes = []
	key.serializer = class org.apache.kafka.common.serialization.StringSerializer
	linger.ms = 0
	max.block.ms = 60000
	max.in.flight.requests.per.connection = 5
	max.request.size = 1048576
	metadata.max.age.ms = 300000
	metadata.max.idle.ms = 300000
	metric.reporters = []
	metrics.num.samples = 2
	metrics.recording.level = INFO
	metrics.sample.window.ms = 30000
	partitioner.class = class org.apache.kafka.clients.producer.internals.DefaultPartitioner
	receive.buffer.bytes = 32768
	reconnect.backoff.max.ms = 1000
	reconnect.backoff.ms = 50
	request.timeout.ms = 120000
	retries = 3
	retry.backoff.ms = 100
	sasl.client.callback.handler.class = null
	sasl.jaas.config = null
	sasl.kerberos.kinit.cmd = /usr/bin/kinit
	sasl.kerberos.min.time.before.relogin = 60000
	sasl.kerberos.service.name = null
	sasl.kerberos.ticket.renew.jitter = 0.05
	sasl.kerberos.ticket.renew.window.factor = 0.8
	sasl.login.callback.handler.class = null
	sasl.login.class = null
	sasl.login.connect.timeout.ms = null
	sasl.login.read.timeout.ms = null
	sasl.login.refresh.buffer.seconds = 300
	sasl.login.refresh.min.period.seconds = 60
	sasl.login.refresh.window.factor = 0.8
	sasl.login.refresh.window.jitter = 0.05
	sasl.login.retry.backoff.max.ms = 10000
	sasl.login.retry.backoff.ms = 100
	sasl.mechanism = GSSAPI
	sasl.oauthbearer.clock.skew.seconds = 30
	sasl.oauthbearer.expected.audience = null
	sasl.oauthbearer.expected.issuer = null
	sasl.oauthbearer.jwks.endpoint.refresh.ms = 3600000
	sasl.oauthbearer.jwks.endpoint.retry.backoff.max.ms = 10000
	sasl.oauthbearer.jwks.endpoint.retry.backoff.ms = 100
	sasl.oauthbearer.jwks.endpoint.url = null
	sasl.oauthbearer.scope.claim.name = scope
	sasl.oauthbearer.sub.claim.name = sub
	sasl.oauthbearer.token.endpoint.url = null
	security.protocol = PLAINTEXT
	security.providers = null
	send.buffer.bytes = 131072
	socket.connection.setup.timeout.max.ms = 30000
	socket.connection.setup.timeout.ms = 10000
	ssl.cipher.suites = null
	ssl.enabled.protocols = [TLSv1.2, TLSv1.3]
	ssl.endpoint.identification.algorithm = https
	ssl.engine.factory.class = null
	ssl.key.password = null
	ssl.keymanager.algorithm = SunX509
	ssl.keystore.certificate.chain = null
	ssl.keystore.key = null
	ssl.keystore.location = null
	ssl.keystore.password = null
	ssl.keystore.type = JKS
	ssl.protocol = TLSv1.3
	ssl.provider = null
	ssl.secure.random.implementation = null
	ssl.trustmanager.algorithm = PKIX
	ssl.truststore.certificates = null
	ssl.truststore.location = null
	ssl.truststore.password = null
	ssl.truststore.type = JKS
	transaction.timeout.ms = 60000
	transactional.id = null
	value.serializer = class org.apache.kafka.common.serialization.StringSerializer
 
2025-01-07 17:01:23.254  INFO [org.apache.kafka.clients.producer.KafkaProducer:572] [Producer clientId=producer-1] Instantiated an idempotent producer. 
2025-01-07 17:01:23.263  INFO [org.apache.kafka.common.utils.AppInfoParser:119] Kafka version: 3.1.1 
2025-01-07 17:01:23.263  INFO [org.apache.kafka.common.utils.AppInfoParser:120] Kafka commitId: 97671528ba54a138 
2025-01-07 17:01:23.263  INFO [org.apache.kafka.common.utils.AppInfoParser:121] Kafka startTimeMs: 1736262083263 
2025-01-07 17:01:23.269  INFO [org.apache.kafka.clients.Metadata:402] [Producer clientId=producer-1] Resetting the last seen epoch of partition Item_Topic-0 to 0 since the associated topicId changed from null to lncACV4PTO-QzmY7TGKExg 
2025-01-07 17:01:23.269  INFO [org.apache.kafka.clients.Metadata:287] [Producer clientId=producer-1] Cluster ID: IdFmegt5SVqKpmFnoQXPDA 
2025-01-07 17:01:23.270  INFO [org.apache.kafka.clients.producer.internals.TransactionManager:554] [Producer clientId=producer-1] ProducerId set to 2003 with epoch 0 
2025-01-07 17:01:23.301 DEBUG [org.springframework.web.servlet.mvc.method.annotation.RequestResponseBodyMethodProcessor:268] Using 'application/text', given [application/text] and supported [application/text] 
2025-01-07 17:01:23.302 DEBUG [org.springframework.web.servlet.mvc.method.annotation.RequestResponseBodyMethodProcessor:119] Writing ["Items sent to Kafka Topic successfully!"] 
2025-01-07 17:01:23.310 DEBUG [org.springframework.web.servlet.DispatcherServlet:1131] Completed 200 OK 
2025-01-07 17:09:36.241  INFO [org.apache.kafka.clients.consumer.internals.ConsumerCoordinator:310] [Consumer clientId=consumer-item_group-1, groupId=item_group] Revoke previously assigned partitions Item_Topic-0 
2025-01-07 17:09:36.242  INFO [org.springframework.kafka.listener.KafkaMessageListenerContainer:292] item_group: partitions revoked: [Item_Topic-0] 
2025-01-07 17:09:36.243  INFO [org.apache.kafka.clients.consumer.internals.ConsumerCoordinator:1060] [Consumer clientId=consumer-item_group-1, groupId=item_group] Member consumer-item_group-1-743ca5e8-79cd-41ec-b2c2-899e0068c8e8 sending LeaveGroup request to coordinator localhost:9092 (id: 2147483647 rack: null) due to the consumer unsubscribed from all topics 
2025-01-07 17:09:36.244  INFO [org.apache.kafka.clients.consumer.internals.ConsumerCoordinator:972] [Consumer clientId=consumer-item_group-1, groupId=item_group] Resetting generation due to: consumer pro-actively leaving the group 
2025-01-07 17:09:36.244  INFO [org.apache.kafka.clients.consumer.internals.ConsumerCoordinator:1000] [Consumer clientId=consumer-item_group-1, groupId=item_group] Request joining group due to: consumer pro-actively leaving the group 
2025-01-07 17:09:36.244  INFO [org.apache.kafka.clients.consumer.KafkaConsumer:1075] [Consumer clientId=consumer-item_group-1, groupId=item_group] Unsubscribed all topics or patterns and assigned partitions 
2025-01-07 17:09:36.245  INFO [org.apache.kafka.clients.consumer.internals.ConsumerCoordinator:972] [Consumer clientId=consumer-item_group-1, groupId=item_group] Resetting generation due to: consumer pro-actively leaving the group 
2025-01-07 17:09:36.245  INFO [org.apache.kafka.clients.consumer.internals.ConsumerCoordinator:1000] [Consumer clientId=consumer-item_group-1, groupId=item_group] Request joining group due to: consumer pro-actively leaving the group 
2025-01-07 17:09:36.254  INFO [org.apache.kafka.common.metrics.Metrics:659] Metrics scheduler closed 
2025-01-07 17:09:36.254  INFO [org.apache.kafka.common.metrics.Metrics:663] Closing reporter org.apache.kafka.common.metrics.JmxReporter 
2025-01-07 17:09:36.255  INFO [org.apache.kafka.common.metrics.Metrics:669] Metrics reporters closed 
2025-01-07 17:09:36.258  INFO [org.apache.kafka.common.utils.AppInfoParser:83] App info kafka.consumer for consumer-item_group-1 unregistered 
2025-01-07 17:09:36.259  INFO [org.springframework.kafka.listener.KafkaMessageListenerContainer:292] item_group: Consumer stopped 
2025-01-07 17:09:36.263  INFO [org.apache.kafka.clients.producer.KafkaProducer:1249] [Producer clientId=producer-1] Closing the Kafka producer with timeoutMillis = 30000 ms. 
2025-01-07 17:09:36.267  INFO [org.apache.kafka.common.metrics.Metrics:659] Metrics scheduler closed 
2025-01-07 17:09:36.268  INFO [org.apache.kafka.common.metrics.Metrics:663] Closing reporter org.apache.kafka.common.metrics.JmxReporter 
2025-01-07 17:09:36.268  INFO [org.apache.kafka.common.metrics.Metrics:669] Metrics reporters closed 
2025-01-07 17:09:36.269  INFO [org.apache.kafka.common.utils.AppInfoParser:83] App info kafka.producer for producer-1 unregistered 
2025-01-07 17:09:36.271  INFO [org.springframework.orm.jpa.LocalContainerEntityManagerFactoryBean:651] Closing JPA EntityManagerFactory for persistence unit 'default' 
2025-01-07 17:09:36.274  INFO [com.zaxxer.hikari.HikariDataSource:350] HikariPool-1 - Shutdown initiated... 
2025-01-07 17:09:36.277  INFO [com.zaxxer.hikari.HikariDataSource:352] HikariPool-1 - Shutdown completed. 
2025-01-07 17:14:18.861  INFO [za.co.woolworths.itemkafka_poc.KafkaItemProducerPocApplication:55] Starting KafkaItemProducerPocApplication v0.0.1-SNAPSHOT using Java 17.0.3.1 on W49204302 with PID 14204 (C:\Workspaces\Item-Kafka-Producer-POC\Item-Kafka-Producer-POC\target\Item-Kafka-Producer-POC-0.0.1-SNAPSHOT.jar started by W7178930 in C:\Workspaces\Item-Kafka-Producer-POC\Item-Kafka-Producer-POC) 
2025-01-07 17:14:18.864 DEBUG [za.co.woolworths.itemkafka_poc.KafkaItemProducerPocApplication:56] Running with Spring Boot v2.7.1, Spring v5.3.21 
2025-01-07 17:14:18.864  INFO [za.co.woolworths.itemkafka_poc.KafkaItemProducerPocApplication:640] The following 1 profile is active: "dev" 
2025-01-07 17:14:18.865 DEBUG [org.springframework.boot.SpringApplication:667] Loading source class za.co.woolworths.itemkafka_poc.KafkaItemProducerPocApplication 
2025-01-07 17:14:18.902 DEBUG [org.springframework.boot.web.servlet.context.AnnotationConfigServletWebServerApplicationContext:629] Refreshing org.springframework.boot.web.servlet.context.AnnotationConfigServletWebServerApplicationContext@4c402120 
2025-01-07 17:14:18.934 DEBUG [org.springframework.beans.factory.support.DefaultListableBeanFactory:225] Creating shared instance of singleton bean 'org.springframework.context.annotation.internalConfigurationAnnotationProcessor' 
2025-01-07 17:14:18.948 DEBUG [org.springframework.beans.factory.support.DefaultListableBeanFactory:225] Creating shared instance of singleton bean 'org.springframework.boot.autoconfigure.internalCachingMetadataReaderFactory' 
2025-01-07 17:14:18.998 DEBUG [org.springframework.context.annotation.ClassPathBeanDefinitionScanner:435] Identified candidate component class: URL [jar:file:/C:/Workspaces/Item-Kafka-Producer-POC/Item-Kafka-Producer-POC/target/Item-Kafka-Producer-POC-0.0.1-SNAPSHOT.jar!/BOOT-INF/classes!/za/co/woolworths/itemkafka_poc/configuration/OpenApiConfig.class] 
2025-01-07 17:14:19.023 DEBUG [org.springframework.context.annotation.ClassPathBeanDefinitionScanner:435] Identified candidate component class: URL [jar:file:/C:/Workspaces/Item-Kafka-Producer-POC/Item-Kafka-Producer-POC/target/Item-Kafka-Producer-POC-0.0.1-SNAPSHOT.jar!/BOOT-INF/classes!/za/co/woolworths/itemkafka_poc/controller/ItemConsumerController.class] 
2025-01-07 17:14:19.025 DEBUG [org.springframework.context.annotation.ClassPathBeanDefinitionScanner:435] Identified candidate component class: URL [jar:file:/C:/Workspaces/Item-Kafka-Producer-POC/Item-Kafka-Producer-POC/target/Item-Kafka-Producer-POC-0.0.1-SNAPSHOT.jar!/BOOT-INF/classes!/za/co/woolworths/itemkafka_poc/controller/ItemProducerController.class] 
2025-01-07 17:14:19.026 DEBUG [org.springframework.context.annotation.ClassPathBeanDefinitionScanner:435] Identified candidate component class: URL [jar:file:/C:/Workspaces/Item-Kafka-Producer-POC/Item-Kafka-Producer-POC/target/Item-Kafka-Producer-POC-0.0.1-SNAPSHOT.jar!/BOOT-INF/classes!/za/co/woolworths/itemkafka_poc/controller/MsgConsumerController.class] 
2025-01-07 17:14:19.030 DEBUG [org.springframework.context.annotation.ClassPathBeanDefinitionScanner:435] Identified candidate component class: URL [jar:file:/C:/Workspaces/Item-Kafka-Producer-POC/Item-Kafka-Producer-POC/target/Item-Kafka-Producer-POC-0.0.1-SNAPSHOT.jar!/BOOT-INF/classes!/za/co/woolworths/itemkafka_poc/kafka/consumer/ItemConsumerService.class] 
2025-01-07 17:14:19.031 DEBUG [org.springframework.context.annotation.ClassPathBeanDefinitionScanner:435] Identified candidate component class: URL [jar:file:/C:/Workspaces/Item-Kafka-Producer-POC/Item-Kafka-Producer-POC/target/Item-Kafka-Producer-POC-0.0.1-SNAPSHOT.jar!/BOOT-INF/classes!/za/co/woolworths/itemkafka_poc/kafka/producer/ItemProducerService.class] 
2025-01-07 17:14:19.033 DEBUG [org.springframework.context.annotation.ClassPathBeanDefinitionScanner:435] Identified candidate component class: URL [jar:file:/C:/Workspaces/Item-Kafka-Producer-POC/Item-Kafka-Producer-POC/target/Item-Kafka-Producer-POC-0.0.1-SNAPSHOT.jar!/BOOT-INF/classes!/za/co/woolworths/itemkafka_poc/model/ServiceRequest.class] 
2025-01-07 17:14:19.034 DEBUG [org.springframework.context.annotation.ClassPathBeanDefinitionScanner:435] Identified candidate component class: URL [jar:file:/C:/Workspaces/Item-Kafka-Producer-POC/Item-Kafka-Producer-POC/target/Item-Kafka-Producer-POC-0.0.1-SNAPSHOT.jar!/BOOT-INF/classes!/za/co/woolworths/itemkafka_poc/prop/SSLProperties.class] 
2025-01-07 17:14:19.035 DEBUG [org.springframework.context.annotation.ClassPathBeanDefinitionScanner:441] Ignored because not a concrete top-level class: URL [jar:file:/C:/Workspaces/Item-Kafka-Producer-POC/Item-Kafka-Producer-POC/target/Item-Kafka-Producer-POC-0.0.1-SNAPSHOT.jar!/BOOT-INF/classes!/za/co/woolworths/itemkafka_poc/repos/ItemRepository.class] 
2025-01-07 17:14:19.036 DEBUG [org.springframework.context.annotation.ClassPathBeanDefinitionScanner:435] Identified candidate component class: URL [jar:file:/C:/Workspaces/Item-Kafka-Producer-POC/Item-Kafka-Producer-POC/target/Item-Kafka-Producer-POC-0.0.1-SNAPSHOT.jar!/BOOT-INF/classes!/za/co/woolworths/itemkafka_poc/service/impl/MsgRoutingServiceImpl.class] 
2025-01-07 17:14:19.037 DEBUG [org.springframework.context.annotation.ClassPathBeanDefinitionScanner:435] Identified candidate component class: URL [jar:file:/C:/Workspaces/Item-Kafka-Producer-POC/Item-Kafka-Producer-POC/target/Item-Kafka-Producer-POC-0.0.1-SNAPSHOT.jar!/BOOT-INF/classes!/za/co/woolworths/itemkafka_poc/util/JwtTokenUtil.class] 
2025-01-07 17:14:19.566  INFO [org.springframework.data.repository.config.RepositoryConfigurationDelegate:132] Bootstrapping Spring Data JPA repositories in DEFAULT mode. 
2025-01-07 17:14:19.575 DEBUG [org.springframework.beans.factory.support.DefaultListableBeanFactory:225] Creating shared instance of singleton bean 'org.springframework.boot.autoconfigure.AutoConfigurationPackages' 
2025-01-07 17:14:19.576 DEBUG [org.springframework.boot.autoconfigure.AutoConfigurationPackages:196] @EnableAutoConfiguration was declared on a class in the package 'za.co.woolworths.itemkafka_poc'. Automatic @Repository and @Entity scanning is enabled. 
2025-01-07 17:14:19.578 DEBUG [org.springframework.data.repository.config.RepositoryConfigurationDelegate:145] Scanning for JPA repositories in packages za.co.woolworths.itemkafka_poc. 
2025-01-07 17:14:19.591 DEBUG [org.springframework.data.repository.config.RepositoryComponentProvider:435] Identified candidate component class: URL [jar:file:/C:/Workspaces/Item-Kafka-Producer-POC/Item-Kafka-Producer-POC/target/Item-Kafka-Producer-POC-0.0.1-SNAPSHOT.jar!/BOOT-INF/classes!/za/co/woolworths/itemkafka_poc/repos/ItemRepository.class] 
2025-01-07 17:14:19.625 DEBUG [org.springframework.context.annotation.ClassPathScanningCandidateComponentProvider:435] Identified candidate component class: URL [jar:file:/C:/Workspaces/Item-Kafka-Producer-POC/Item-Kafka-Producer-POC/target/Item-Kafka-Producer-POC-0.0.1-SNAPSHOT.jar!/BOOT-INF/classes!/za/co/woolworths/itemkafka_poc/service/impl/MsgRoutingServiceImpl.class] 
2025-01-07 17:14:19.636  INFO [org.springframework.data.repository.config.RepositoryConfigurationDelegate:201] Finished Spring Data repository scanning in 55 ms. Found 1 JPA repository interfaces. 
2025-01-07 17:14:19.808 DEBUG [org.springframework.beans.factory.support.DefaultListableBeanFactory:225] Creating shared instance of singleton bean 'propertySourcesPlaceholderConfigurer' 
2025-01-07 17:14:19.811 DEBUG [org.springframework.beans.factory.support.DefaultListableBeanFactory:225] Creating shared instance of singleton bean 'emBeanDefinitionRegistrarPostProcessor' 
2025-01-07 17:14:19.812 DEBUG [org.springframework.beans.factory.support.DefaultListableBeanFactory:225] Creating shared instance of singleton bean 'org.springframework.boot.sql.init.dependency.DatabaseInitializationDependencyConfigurer$DependsOnDatabaseInitializationPostProcessor' 
2025-01-07 17:14:19.852 DEBUG [org.springframework.beans.factory.support.DefaultListableBeanFactory:225] Creating shared instance of singleton bean 'org.springframework.context.event.internalEventListenerProcessor' 
2025-01-07 17:14:19.854 DEBUG [org.springframework.beans.factory.support.DefaultListableBeanFactory:225] Creating shared instance of singleton bean 'preserveErrorControllerTargetClassPostProcessor' 
2025-01-07 17:14:19.855 DEBUG [org.springframework.beans.factory.support.DefaultListableBeanFactory:225] Creating shared instance of singleton bean 'org.springframework.context.event.internalEventListenerFactory' 
2025-01-07 17:14:19.856 DEBUG [org.springframework.beans.factory.support.DefaultListableBeanFactory:225] Creating shared instance of singleton bean 'org.springframework.transaction.config.internalTransactionalEventListenerFactory' 
2025-01-07 17:14:19.860 DEBUG [org.springframework.beans.factory.support.DefaultListableBeanFactory:225] Creating shared instance of singleton bean 'org.springframework.context.annotation.internalAutowiredAnnotationProcessor' 
2025-01-07 17:14:19.863 DEBUG [org.springframework.beans.factory.support.DefaultListableBeanFactory:225] Creating shared instance of singleton bean 'org.springframework.context.annotation.internalCommonAnnotationProcessor' 
2025-01-07 17:14:19.868 DEBUG [org.springframework.beans.factory.support.DefaultListableBeanFactory:225] Creating shared instance of singleton bean 'org.springframework.context.annotation.internalPersistenceAnnotationProcessor' 
2025-01-07 17:14:19.869 DEBUG [org.springframework.beans.factory.support.DefaultListableBeanFactory:225] Creating shared instance of singleton bean 'org.springframework.boot.context.properties.ConfigurationPropertiesBindingPostProcessor' 
2025-01-07 17:14:19.870 DEBUG [org.springframework.beans.factory.support.DefaultListableBeanFactory:225] Creating shared instance of singleton bean 'org.springframework.boot.context.internalConfigurationPropertiesBinder' 
2025-01-07 17:14:19.870 DEBUG [org.springframework.beans.factory.support.DefaultListableBeanFactory:225] Creating shared instance of singleton bean 'org.springframework.boot.context.internalConfigurationPropertiesBinderFactory' 
2025-01-07 17:14:19.873 DEBUG [org.springframework.beans.factory.support.DefaultListableBeanFactory:225] Creating shared instance of singleton bean 'org.springframework.aop.config.internalAutoProxyCreator' 
2025-01-07 17:14:19.901 DEBUG [org.springframework.beans.factory.support.DefaultListableBeanFactory:225] Creating shared instance of singleton bean 'persistenceExceptionTranslationPostProcessor' 
2025-01-07 17:14:19.913 DEBUG [org.springframework.beans.factory.support.DefaultListableBeanFactory:808] Autowiring by type from bean name 'persistenceExceptionTranslationPostProcessor' via factory method to bean named 'environment' 
2025-01-07 17:14:19.917 DEBUG [org.springframework.beans.factory.support.DefaultListableBeanFactory:225] Creating shared instance of singleton bean 'org.springframework.kafka.config.internalKafkaListenerAnnotationProcessor' 
2025-01-07 17:14:19.929 DEBUG [org.springframework.beans.factory.support.DefaultListableBeanFactory:225] Creating shared instance of singleton bean 'webServerFactoryCustomizerBeanPostProcessor' 
2025-01-07 17:14:19.930 DEBUG [org.springframework.beans.factory.support.DefaultListableBeanFactory:225] Creating shared instance of singleton bean 'errorPageRegistrarBeanPostProcessor' 
2025-01-07 17:14:19.930 DEBUG [org.springframework.beans.factory.support.DefaultListableBeanFactory:225] Creating shared instance of singleton bean 'healthEndpointGroupsBeanPostProcessor' 
2025-01-07 17:14:19.933 DEBUG [org.springframework.beans.factory.support.DefaultListableBeanFactory:225] Creating shared instance of singleton bean 'org.springframework.transaction.config.internalTransactionAdvisor' 
2025-01-07 17:14:19.933 DEBUG [org.springframework.beans.factory.support.DefaultListableBeanFactory:225] Creating shared instance of singleton bean 'org.springframework.transaction.annotation.ProxyTransactionManagementConfiguration' 
2025-01-07 17:14:19.947 DEBUG [org.springframework.beans.factory.support.DefaultListableBeanFactory:225] Creating shared instance of singleton bean 'transactionAttributeSource' 
2025-01-07 17:14:19.955 DEBUG [org.springframework.beans.factory.support.DefaultListableBeanFactory:225] Creating shared instance of singleton bean 'transactionInterceptor' 
2025-01-07 17:14:19.957 DEBUG [org.springframework.beans.factory.support.DefaultListableBeanFactory:808] Autowiring by type from bean name 'transactionInterceptor' via factory method to bean named 'transactionAttributeSource' 
2025-01-07 17:14:19.968 DEBUG [org.springframework.beans.factory.support.DefaultListableBeanFactory:808] Autowiring by type from bean name 'org.springframework.transaction.config.internalTransactionAdvisor' via factory method to bean named 'transactionAttributeSource' 
2025-01-07 17:14:19.969 DEBUG [org.springframework.beans.factory.support.DefaultListableBeanFactory:808] Autowiring by type from bean name 'org.springframework.transaction.config.internalTransactionAdvisor' via factory method to bean named 'transactionInterceptor' 
2025-01-07 17:14:19.976 DEBUG [org.springframework.beans.factory.support.DefaultListableBeanFactory:225] Creating shared instance of singleton bean 'meterRegistryPostProcessor' 
2025-01-07 17:14:19.978 DEBUG [org.springframework.beans.factory.support.DefaultListableBeanFactory:808] Autowiring by type from bean name 'meterRegistryPostProcessor' via factory method to bean named 'org.springframework.boot.web.servlet.context.AnnotationConfigServletWebServerApplicationContext@4c402120' 
2025-01-07 17:14:19.979 DEBUG [org.springframework.beans.factory.support.DefaultListableBeanFactory:225] Creating shared instance of singleton bean 'metricsRepositoryMethodInvocationListenerBeanPostProcessor' 
2025-01-07 17:14:19.983 DEBUG [org.springframework.beans.factory.support.DefaultListableBeanFactory:225] Creating shared instance of singleton bean 'projectingArgumentResolverBeanPostProcessor' 
2025-01-07 17:14:20.012 DEBUG [org.springframework.ui.context.support.UiApplicationContextUtils:85] Unable to locate ThemeSource with name 'themeSource': using default [org.springframework.ui.context.support.ResourceBundleThemeSource@626c44e7] 
2025-01-07 17:14:20.013 DEBUG [org.springframework.beans.factory.support.DefaultListableBeanFactory:225] Creating shared instance of singleton bean 'tomcatServletWebServerFactory' 
2025-01-07 17:14:20.013 DEBUG [org.springframework.beans.factory.support.DefaultListableBeanFactory:225] Creating shared instance of singleton bean 'org.springframework.boot.autoconfigure.web.servlet.ServletWebServerFactoryConfiguration$EmbeddedTomcat' 
2025-01-07 17:14:20.035 DEBUG [org.apache.catalina.core.AprLifecycleListener:175] The Apache Tomcat Native library could not be found using names [tcnative-2, libtcnative-2, tcnative-1, libtcnative-1] on the java.library.path [C:\Program Files\Java\jdk-17.0.3.1\bin;C:\WINDOWS\Sun\Java\bin;C:\WINDOWS\system32;C:\WINDOWS;C:\Program Files\Common Files\Oracle\Java\javapath;C:\Program Files (x86)\Common Files\Oracle\Java\javapath;C:\WINDOWS\system32;C:\WINDOWS;C:\WINDOWS\System32\Wbem;C:\WINDOWS\System32\WindowsPowerShell\v1.0\;C:\WINDOWS\System32\OpenSSH\;C:\Program Files (x86)\Sennheiser\SenncomSDK\;C:\Program Files (x86)\Microsoft SQL Server\160\DTS\Binn\;C:\Program Files\Git\cmd;C:\Program Files\PuTTY\;C:\Program Files\Microsoft SQL Server\150\Tools\Binn\;C:\Program Files\Microsoft SQL Server\Client SDK\ODBC\170\Tools\Binn\;C:\Program Files\dotnet\;C:\Program Files (x86)\Windows Kits\10\Windows Performance Toolkit\;C:\Users\w7178930\AppData\Local\Microsoft\WindowsApps;C:\Maven\apache-maven-3.8.5\bin;C:\Users\w7178930\AppData\Local\JetBrains\IntelliJ IDEA Educational Edition 2022.2.2\bin;;C:\Kafka\kafka_2.13-3.9.0\bin;C:\Flink\flink-1.20.0-bin-scala_2.12\flink-1.20.0-bin-scala_2.12\flink-1.20.0\bin;C:\Program Files\Java\jdk-17.0.3.1\bin;C:\Maven\apache-maven-3.8.5\bin;C:\Users\w7178930\.dotnet\tools;C:\sqljdbc_12.8.1.0_enu\sqljdbc_12.8\enu\jars;C:\Dev\Java_EIDH_Related_Software\Sysinternals\SysinternalsSuite;C:\Dev\Java_EIDH_Related_Software\Sysinternals\SysinternalsSuite;;.]. The errors reported were [Can't load library: C:\Workspaces\Item-Kafka-Producer-POC\Item-Kafka-Producer-POC\bin\tcnative-2.dll, Can't load library: C:\Workspaces\Item-Kafka-Producer-POC\Item-Kafka-Producer-POC\bin\libtcnative-2.dll, Can't load library: C:\Workspaces\Item-Kafka-Producer-POC\Item-Kafka-Producer-POC\bin\tcnative-1.dll, Can't load library: C:\Workspaces\Item-Kafka-Producer-POC\Item-Kafka-Producer-POC\bin\libtcnative-1.dll, no tcnative-2 in java.library.path: C:\Program Files\Java\jdk-17.0.3.1\bin;C:\WINDOWS\Sun\Java\bin;C:\WINDOWS\system32;C:\WINDOWS;C:\Program Files\Common Files\Oracle\Java\javapath;C:\Program Files (x86)\Common Files\Oracle\Java\javapath;C:\WINDOWS\system32;C:\WINDOWS;C:\WINDOWS\System32\Wbem;C:\WINDOWS\System32\WindowsPowerShell\v1.0\;C:\WINDOWS\System32\OpenSSH\;C:\Program Files (x86)\Sennheiser\SenncomSDK\;C:\Program Files (x86)\Microsoft SQL Server\160\DTS\Binn\;C:\Program Files\Git\cmd;C:\Program Files\PuTTY\;C:\Program Files\Microsoft SQL Server\150\Tools\Binn\;C:\Program Files\Microsoft SQL Server\Client SDK\ODBC\170\Tools\Binn\;C:\Program Files\dotnet\;C:\Program Files (x86)\Windows Kits\10\Windows Performance Toolkit\;C:\Users\w7178930\AppData\Local\Microsoft\WindowsApps;C:\Maven\apache-maven-3.8.5\bin;C:\Users\w7178930\AppData\Local\JetBrains\IntelliJ IDEA Educational Edition 2022.2.2\bin;;C:\Kafka\kafka_2.13-3.9.0\bin;C:\Flink\flink-1.20.0-bin-scala_2.12\flink-1.20.0-bin-scala_2.12\flink-1.20.0\bin;C:\Program Files\Java\jdk-17.0.3.1\bin;C:\Maven\apache-maven-3.8.5\bin;C:\Users\w7178930\.dotnet\tools;C:\sqljdbc_12.8.1.0_enu\sqljdbc_12.8\enu\jars;C:\Dev\Java_EIDH_Related_Software\Sysinternals\SysinternalsSuite;C:\Dev\Java_EIDH_Related_Software\Sysinternals\SysinternalsSuite;;., no libtcnative-2 in java.library.path: C:\Program Files\Java\jdk-17.0.3.1\bin;C:\WINDOWS\Sun\Java\bin;C:\WINDOWS\system32;C:\WINDOWS;C:\Program Files\Common Files\Oracle\Java\javapath;C:\Program Files (x86)\Common Files\Oracle\Java\javapath;C:\WINDOWS\system32;C:\WINDOWS;C:\WINDOWS\System32\Wbem;C:\WINDOWS\System32\WindowsPowerShell\v1.0\;C:\WINDOWS\System32\OpenSSH\;C:\Program Files (x86)\Sennheiser\SenncomSDK\;C:\Program Files (x86)\Microsoft SQL Server\160\DTS\Binn\;C:\Program Files\Git\cmd;C:\Program Files\PuTTY\;C:\Program Files\Microsoft SQL Server\150\Tools\Binn\;C:\Program Files\Microsoft SQL Server\Client SDK\ODBC\170\Tools\Binn\;C:\Program Files\dotnet\;C:\Program Files (x86)\Windows Kits\10\Windows Performance Toolkit\;C:\Users\w7178930\AppData\Local\Microsoft\WindowsApps;C:\Maven\apache-maven-3.8.5\bin;C:\Users\w7178930\AppData\Local\JetBrains\IntelliJ IDEA Educational Edition 2022.2.2\bin;;C:\Kafka\kafka_2.13-3.9.0\bin;C:\Flink\flink-1.20.0-bin-scala_2.12\flink-1.20.0-bin-scala_2.12\flink-1.20.0\bin;C:\Program Files\Java\jdk-17.0.3.1\bin;C:\Maven\apache-maven-3.8.5\bin;C:\Users\w7178930\.dotnet\tools;C:\sqljdbc_12.8.1.0_enu\sqljdbc_12.8\enu\jars;C:\Dev\Java_EIDH_Related_Software\Sysinternals\SysinternalsSuite;C:\Dev\Java_EIDH_Related_Software\Sysinternals\SysinternalsSuite;;., no tcnative-1 in java.library.path: C:\Program Files\Java\jdk-17.0.3.1\bin;C:\WINDOWS\Sun\Java\bin;C:\WINDOWS\system32;C:\WINDOWS;C:\Program Files\Common Files\Oracle\Java\javapath;C:\Program Files (x86)\Common Files\Oracle\Java\javapath;C:\WINDOWS\system32;C:\WINDOWS;C:\WINDOWS\System32\Wbem;C:\WINDOWS\System32\WindowsPowerShell\v1.0\;C:\WINDOWS\System32\OpenSSH\;C:\Program Files (x86)\Sennheiser\SenncomSDK\;C:\Program Files (x86)\Microsoft SQL Server\160\DTS\Binn\;C:\Program Files\Git\cmd;C:\Program Files\PuTTY\;C:\Program Files\Microsoft SQL Server\150\Tools\Binn\;C:\Program Files\Microsoft SQL Server\Client SDK\ODBC\170\Tools\Binn\;C:\Program Files\dotnet\;C:\Program Files (x86)\Windows Kits\10\Windows Performance Toolkit\;C:\Users\w7178930\AppData\Local\Microsoft\WindowsApps;C:\Maven\apache-maven-3.8.5\bin;C:\Users\w7178930\AppData\Local\JetBrains\IntelliJ IDEA Educational Edition 2022.2.2\bin;;C:\Kafka\kafka_2.13-3.9.0\bin;C:\Flink\flink-1.20.0-bin-scala_2.12\flink-1.20.0-bin-scala_2.12\flink-1.20.0\bin;C:\Program Files\Java\jdk-17.0.3.1\bin;C:\Maven\apache-maven-3.8.5\bin;C:\Users\w7178930\.dotnet\tools;C:\sqljdbc_12.8.1.0_enu\sqljdbc_12.8\enu\jars;C:\Dev\Java_EIDH_Related_Software\Sysinternals\SysinternalsSuite;C:\Dev\Java_EIDH_Related_Software\Sysinternals\SysinternalsSuite;;., no libtcnative-1 in java.library.path: C:\Program Files\Java\jdk-17.0.3.1\bin;C:\WINDOWS\Sun\Java\bin;C:\WINDOWS\system32;C:\WINDOWS;C:\Program Files\Common Files\Oracle\Java\javapath;C:\Program Files (x86)\Common Files\Oracle\Java\javapath;C:\WINDOWS\system32;C:\WINDOWS;C:\WINDOWS\System32\Wbem;C:\WINDOWS\System32\WindowsPowerShell\v1.0\;C:\WINDOWS\System32\OpenSSH\;C:\Program Files (x86)\Sennheiser\SenncomSDK\;C:\Program Files (x86)\Microsoft SQL Server\160\DTS\Binn\;C:\Program Files\Git\cmd;C:\Program Files\PuTTY\;C:\Program Files\Microsoft SQL Server\150\Tools\Binn\;C:\Program Files\Microsoft SQL Server\Client SDK\ODBC\170\Tools\Binn\;C:\Program Files\dotnet\;C:\Program Files (x86)\Windows Kits\10\Windows Performance Toolkit\;C:\Users\w7178930\AppData\Local\Microsoft\WindowsApps;C:\Maven\apache-maven-3.8.5\bin;C:\Users\w7178930\AppData\Local\JetBrains\IntelliJ IDEA Educational Edition 2022.2.2\bin;;C:\Kafka\kafka_2.13-3.9.0\bin;C:\Flink\flink-1.20.0-bin-scala_2.12\flink-1.20.0-bin-scala_2.12\flink-1.20.0\bin;C:\Program Files\Java\jdk-17.0.3.1\bin;C:\Maven\apache-maven-3.8.5\bin;C:\Users\w7178930\.dotnet\tools;C:\sqljdbc_12.8.1.0_enu\sqljdbc_12.8\enu\jars;C:\Dev\Java_EIDH_Related_Software\Sysinternals\SysinternalsSuite;C:\Dev\Java_EIDH_Related_Software\Sysinternals\SysinternalsSuite;;.] org.apache.tomcat.jni.LibraryNotFoundError: Can't load library: C:\Workspaces\Item-Kafka-Producer-POC\Item-Kafka-Producer-POC\bin\tcnative-2.dll, Can't load library: C:\Workspaces\Item-Kafka-Producer-POC\Item-Kafka-Producer-POC\bin\libtcnative-2.dll, Can't load library: C:\Workspaces\Item-Kafka-Producer-POC\Item-Kafka-Producer-POC\bin\tcnative-1.dll, Can't load library: C:\Workspaces\Item-Kafka-Producer-POC\Item-Kafka-Producer-POC\bin\libtcnative-1.dll, no tcnative-2 in java.library.path: C:\Program Files\Java\jdk-17.0.3.1\bin;C:\WINDOWS\Sun\Java\bin;C:\WINDOWS\system32;C:\WINDOWS;C:\Program Files\Common Files\Oracle\Java\javapath;C:\Program Files (x86)\Common Files\Oracle\Java\javapath;C:\WINDOWS\system32;C:\WINDOWS;C:\WINDOWS\System32\Wbem;C:\WINDOWS\System32\WindowsPowerShell\v1.0\;C:\WINDOWS\System32\OpenSSH\;C:\Program Files (x86)\Sennheiser\SenncomSDK\;C:\Program Files (x86)\Microsoft SQL Server\160\DTS\Binn\;C:\Program Files\Git\cmd;C:\Program Files\PuTTY\;C:\Program Files\Microsoft SQL Server\150\Tools\Binn\;C:\Program Files\Microsoft SQL Server\Client SDK\ODBC\170\Tools\Binn\;C:\Program Files\dotnet\;C:\Program Files (x86)\Windows Kits\10\Windows Performance Toolkit\;C:\Users\w7178930\AppData\Local\Microsoft\WindowsApps;C:\Maven\apache-maven-3.8.5\bin;C:\Users\w7178930\AppData\Local\JetBrains\IntelliJ IDEA Educational Edition 2022.2.2\bin;;C:\Kafka\kafka_2.13-3.9.0\bin;C:\Flink\flink-1.20.0-bin-scala_2.12\flink-1.20.0-bin-scala_2.12\flink-1.20.0\bin;C:\Program Files\Java\jdk-17.0.3.1\bin;C:\Maven\apache-maven-3.8.5\bin;C:\Users\w7178930\.dotnet\tools;C:\sqljdbc_12.8.1.0_enu\sqljdbc_12.8\enu\jars;C:\Dev\Java_EIDH_Related_Software\Sysinternals\SysinternalsSuite;C:\Dev\Java_EIDH_Related_Software\Sysinternals\SysinternalsSuite;;., no libtcnative-2 in java.library.path: C:\Program Files\Java\jdk-17.0.3.1\bin;C:\WINDOWS\Sun\Java\bin;C:\WINDOWS\system32;C:\WINDOWS;C:\Program Files\Common Files\Oracle\Java\javapath;C:\Program Files (x86)\Common Files\Oracle\Java\javapath;C:\WINDOWS\system32;C:\WINDOWS;C:\WINDOWS\System32\Wbem;C:\WINDOWS\System32\WindowsPowerShell\v1.0\;C:\WINDOWS\System32\OpenSSH\;C:\Program Files (x86)\Sennheiser\SenncomSDK\;C:\Program Files (x86)\Microsoft SQL Server\160\DTS\Binn\;C:\Program Files\Git\cmd;C:\Program Files\PuTTY\;C:\Program Files\Microsoft SQL Server\150\Tools\Binn\;C:\Program Files\Microsoft SQL Server\Client SDK\ODBC\170\Tools\Binn\;C:\Program Files\dotnet\;C:\Program Files (x86)\Windows Kits\10\Windows Performance Toolkit\;C:\Users\w7178930\AppData\Local\Microsoft\WindowsApps;C:\Maven\apache-maven-3.8.5\bin;C:\Users\w7178930\AppData\Local\JetBrains\IntelliJ IDEA Educational Edition 2022.2.2\bin;;C:\Kafka\kafka_2.13-3.9.0\bin;C:\Flink\flink-1.20.0-bin-scala_2.12\flink-1.20.0-bin-scala_2.12\flink-1.20.0\bin;C:\Program Files\Java\jdk-17.0.3.1\bin;C:\Maven\apache-maven-3.8.5\bin;C:\Users\w7178930\.dotnet\tools;C:\sqljdbc_12.8.1.0_enu\sqljdbc_12.8\enu\jars;C:\Dev\Java_EIDH_Related_Software\Sysinternals\SysinternalsSuite;C:\Dev\Java_EIDH_Related_Software\Sysinternals\SysinternalsSuite;;., no tcnative-1 in java.library.path: C:\Program Files\Java\jdk-17.0.3.1\bin;C:\WINDOWS\Sun\Java\bin;C:\WINDOWS\system32;C:\WINDOWS;C:\Program Files\Common Files\Oracle\Java\javapath;C:\Program Files (x86)\Common Files\Oracle\Java\javapath;C:\WINDOWS\system32;C:\WINDOWS;C:\WINDOWS\System32\Wbem;C:\WINDOWS\System32\WindowsPowerShell\v1.0\;C:\WINDOWS\System32\OpenSSH\;C:\Program Files (x86)\Sennheiser\SenncomSDK\;C:\Program Files (x86)\Microsoft SQL Server\160\DTS\Binn\;C:\Program Files\Git\cmd;C:\Program Files\PuTTY\;C:\Program Files\Microsoft SQL Server\150\Tools\Binn\;C:\Program Files\Microsoft SQL Server\Client SDK\ODBC\170\Tools\Binn\;C:\Program Files\dotnet\;C:\Program Files (x86)\Windows Kits\10\Windows Performance Toolkit\;C:\Users\w7178930\AppData\Local\Microsoft\WindowsApps;C:\Maven\apache-maven-3.8.5\bin;C:\Users\w7178930\AppData\Local\JetBrains\IntelliJ IDEA Educational Edition 2022.2.2\bin;;C:\Kafka\kafka_2.13-3.9.0\bin;C:\Flink\flink-1.20.0-bin-scala_2.12\flink-1.20.0-bin-scala_2.12\flink-1.20.0\bin;C:\Program Files\Java\jdk-17.0.3.1\bin;C:\Maven\apache-maven-3.8.5\bin;C:\Users\w7178930\.dotnet\tools;C:\sqljdbc_12.8.1.0_enu\sqljdbc_12.8\enu\jars;C:\Dev\Java_EIDH_Related_Software\Sysinternals\SysinternalsSuite;C:\Dev\Java_EIDH_Related_Software\Sysinternals\SysinternalsSuite;;., no libtcnative-1 in java.library.path: C:\Program Files\Java\jdk-17.0.3.1\bin;C:\WINDOWS\Sun\Java\bin;C:\WINDOWS\system32;C:\WINDOWS;C:\Program Files\Common Files\Oracle\Java\javapath;C:\Program Files (x86)\Common Files\Oracle\Java\javapath;C:\WINDOWS\system32;C:\WINDOWS;C:\WINDOWS\System32\Wbem;C:\WINDOWS\System32\WindowsPowerShell\v1.0\;C:\WINDOWS\System32\OpenSSH\;C:\Program Files (x86)\Sennheiser\SenncomSDK\;C:\Program Files (x86)\Microsoft SQL Server\160\DTS\Binn\;C:\Program Files\Git\cmd;C:\Program Files\PuTTY\;C:\Program Files\Microsoft SQL Server\150\Tools\Binn\;C:\Program Files\Microsoft SQL Server\Client SDK\ODBC\170\Tools\Binn\;C:\Program Files\dotnet\;C:\Program Files (x86)\Windows Kits\10\Windows Performance Toolkit\;C:\Users\w7178930\AppData\Local\Microsoft\WindowsApps;C:\Maven\apache-maven-3.8.5\bin;C:\Users\w7178930\AppData\Local\JetBrains\IntelliJ IDEA Educational Edition 2022.2.2\bin;;C:\Kafka\kafka_2.13-3.9.0\bin;C:\Flink\flink-1.20.0-bin-scala_2.12\flink-1.20.0-bin-scala_2.12\flink-1.20.0\bin;C:\Program Files\Java\jdk-17.0.3.1\bin;C:\Maven\apache-maven-3.8.5\bin;C:\Users\w7178930\.dotnet\tools;C:\sqljdbc_12.8.1.0_enu\sqljdbc_12.8\enu\jars;C:\Dev\Java_EIDH_Related_Software\Sysinternals\SysinternalsSuite;C:\Dev\Java_EIDH_Related_Software\Sysinternals\SysinternalsSuite;;.
	at org.apache.tomcat.jni.Library.<init>(Library.java:93)
	at org.apache.tomcat.jni.Library.initialize(Library.java:234)
	at org.apache.catalina.core.AprLifecycleListener.init(AprLifecycleListener.java:203)
	at org.apache.catalina.core.AprLifecycleListener.isAprAvailable(AprLifecycleListener.java:107)
	at org.springframework.boot.web.embedded.tomcat.TomcatServletWebServerFactory.getDefaultServerLifecycleListeners(TomcatServletWebServerFactory.java:182)
	at org.springframework.boot.web.embedded.tomcat.TomcatServletWebServerFactory.<init>(TomcatServletWebServerFactory.java:129)
	at org.springframework.boot.autoconfigure.web.servlet.ServletWebServerFactoryConfiguration$EmbeddedTomcat.tomcatServletWebServerFactory(ServletWebServerFactoryConfiguration.java:76)
	at java.base/jdk.internal.reflect.NativeMethodAccessorImpl.invoke0(Native Method)
	at java.base/jdk.internal.reflect.NativeMethodAccessorImpl.invoke(NativeMethodAccessorImpl.java:77)
	at java.base/jdk.internal.reflect.DelegatingMethodAccessorImpl.invoke(DelegatingMethodAccessorImpl.java:43)
	at java.base/java.lang.reflect.Method.invoke(Method.java:568)
	at org.springframework.beans.factory.support.SimpleInstantiationStrategy.instantiate(SimpleInstantiationStrategy.java:154)
	at org.springframework.beans.factory.support.ConstructorResolver.instantiate(ConstructorResolver.java:653)
	at org.springframework.beans.factory.support.ConstructorResolver.instantiateUsingFactoryMethod(ConstructorResolver.java:638)
	at org.springframework.beans.factory.support.AbstractAutowireCapableBeanFactory.instantiateUsingFactoryMethod(AbstractAutowireCapableBeanFactory.java:1352)
	at org.springframework.beans.factory.support.AbstractAutowireCapableBeanFactory.createBeanInstance(AbstractAutowireCapableBeanFactory.java:1195)
	at org.springframework.beans.factory.support.AbstractAutowireCapableBeanFactory.doCreateBean(AbstractAutowireCapableBeanFactory.java:582)
	at org.springframework.beans.factory.support.AbstractAutowireCapableBeanFactory.createBean(AbstractAutowireCapableBeanFactory.java:542)
	at org.springframework.beans.factory.support.AbstractBeanFactory.lambda$doGetBean$0(AbstractBeanFactory.java:335)
	at org.springframework.beans.factory.support.DefaultSingletonBeanRegistry.getSingleton(DefaultSingletonBeanRegistry.java:234)
	at org.springframework.beans.factory.support.AbstractBeanFactory.doGetBean(AbstractBeanFactory.java:333)
	at org.springframework.beans.factory.support.AbstractBeanFactory.getBean(AbstractBeanFactory.java:213)
	at org.springframework.boot.web.servlet.context.ServletWebServerApplicationContext.getWebServerFactory(ServletWebServerApplicationContext.java:219)
	at org.springframework.boot.web.servlet.context.ServletWebServerApplicationContext.createWebServer(ServletWebServerApplicationContext.java:182)
	at org.springframework.boot.web.servlet.context.ServletWebServerApplicationContext.onRefresh(ServletWebServerApplicationContext.java:162)
	at org.springframework.context.support.AbstractApplicationContext.refresh(AbstractApplicationContext.java:577)
	at org.springframework.boot.web.servlet.context.ServletWebServerApplicationContext.refresh(ServletWebServerApplicationContext.java:147)
	at org.springframework.boot.SpringApplication.refresh(SpringApplication.java:734)
	at org.springframework.boot.SpringApplication.refreshContext(SpringApplication.java:408)
	at org.springframework.boot.SpringApplication.run(SpringApplication.java:308)
	at org.springframework.boot.SpringApplication.run(SpringApplication.java:1306)
	at org.springframework.boot.SpringApplication.run(SpringApplication.java:1295)
	at za.co.woolworths.itemkafka_poc.KafkaItemProducerPocApplication.main(KafkaItemProducerPocApplication.java:10)
	at java.base/jdk.internal.reflect.NativeMethodAccessorImpl.invoke0(Native Method)
	at java.base/jdk.internal.reflect.NativeMethodAccessorImpl.invoke(NativeMethodAccessorImpl.java:77)
	at java.base/jdk.internal.reflect.DelegatingMethodAccessorImpl.invoke(DelegatingMethodAccessorImpl.java:43)
	at java.base/java.lang.reflect.Method.invoke(Method.java:568)
	at org.springframework.boot.loader.MainMethodRunner.run(MainMethodRunner.java:49)
	at org.springframework.boot.loader.Launcher.launch(Launcher.java:108)
	at org.springframework.boot.loader.Launcher.launch(Launcher.java:58)
	at org.springframework.boot.loader.JarLauncher.main(JarLauncher.java:65)

2025-01-07 17:14:20.062 DEBUG [org.springframework.beans.factory.support.DefaultListableBeanFactory:225] Creating shared instance of singleton bean 'websocketServletWebServerCustomizer' 
2025-01-07 17:14:20.064 DEBUG [org.springframework.beans.factory.support.DefaultListableBeanFactory:225] Creating shared instance of singleton bean 'org.springframework.boot.autoconfigure.websocket.servlet.WebSocketServletAutoConfiguration$TomcatWebSocketConfiguration' 
2025-01-07 17:14:20.066 DEBUG [org.springframework.beans.factory.support.DefaultListableBeanFactory:225] Creating shared instance of singleton bean 'servletWebServerFactoryCustomizer' 
2025-01-07 17:14:20.067 DEBUG [org.springframework.beans.factory.support.DefaultListableBeanFactory:225] Creating shared instance of singleton bean 'org.springframework.boot.autoconfigure.web.servlet.ServletWebServerFactoryAutoConfiguration' 
2025-01-07 17:14:20.070 DEBUG [org.springframework.beans.factory.support.DefaultListableBeanFactory:225] Creating shared instance of singleton bean 'server-org.springframework.boot.autoconfigure.web.ServerProperties' 
2025-01-07 17:14:20.081 DEBUG [org.springframework.beans.factory.support.DefaultListableBeanFactory:225] Creating shared instance of singleton bean 'org.springframework.boot.context.properties.BoundConfigurationProperties' 
2025-01-07 17:14:20.107 DEBUG [org.springframework.beans.factory.support.DefaultListableBeanFactory:808] Autowiring by type from bean name 'servletWebServerFactoryCustomizer' via factory method to bean named 'server-org.springframework.boot.autoconfigure.web.ServerProperties' 
2025-01-07 17:14:20.110 DEBUG [org.springframework.beans.factory.support.DefaultListableBeanFactory:225] Creating shared instance of singleton bean 'tomcatServletWebServerFactoryCustomizer' 
2025-01-07 17:14:20.111 DEBUG [org.springframework.beans.factory.support.DefaultListableBeanFactory:808] Autowiring by type from bean name 'tomcatServletWebServerFactoryCustomizer' via factory method to bean named 'server-org.springframework.boot.autoconfigure.web.ServerProperties' 
2025-01-07 17:14:20.113 DEBUG [org.springframework.beans.factory.support.DefaultListableBeanFactory:225] Creating shared instance of singleton bean 'tomcatWebServerFactoryCustomizer' 
2025-01-07 17:14:20.113 DEBUG [org.springframework.beans.factory.support.DefaultListableBeanFactory:225] Creating shared instance of singleton bean 'org.springframework.boot.autoconfigure.web.embedded.EmbeddedWebServerFactoryCustomizerAutoConfiguration$TomcatWebServerFactoryCustomizerConfiguration' 
2025-01-07 17:14:20.115 DEBUG [org.springframework.beans.factory.support.DefaultListableBeanFactory:808] Autowiring by type from bean name 'tomcatWebServerFactoryCustomizer' via factory method to bean named 'environment' 
2025-01-07 17:14:20.115 DEBUG [org.springframework.beans.factory.support.DefaultListableBeanFactory:808] Autowiring by type from bean name 'tomcatWebServerFactoryCustomizer' via factory method to bean named 'server-org.springframework.boot.autoconfigure.web.ServerProperties' 
2025-01-07 17:14:20.118 DEBUG [org.springframework.beans.factory.support.DefaultListableBeanFactory:225] Creating shared instance of singleton bean 'localeCharsetMappingsCustomizer' 
2025-01-07 17:14:20.119 DEBUG [org.springframework.beans.factory.support.DefaultListableBeanFactory:225] Creating shared instance of singleton bean 'org.springframework.boot.autoconfigure.web.servlet.HttpEncodingAutoConfiguration' 
2025-01-07 17:14:20.121 DEBUG [org.springframework.beans.factory.support.DefaultListableBeanFactory:808] Autowiring by type from bean name 'org.springframework.boot.autoconfigure.web.servlet.HttpEncodingAutoConfiguration' via constructor to bean named 'server-org.springframework.boot.autoconfigure.web.ServerProperties' 
2025-01-07 17:14:20.150 DEBUG [org.springframework.beans.factory.support.DefaultListableBeanFactory:225] Creating shared instance of singleton bean 'errorPageCustomizer' 
2025-01-07 17:14:20.150 DEBUG [org.springframework.beans.factory.support.DefaultListableBeanFactory:225] Creating shared instance of singleton bean 'org.springframework.boot.autoconfigure.web.servlet.error.ErrorMvcAutoConfiguration' 
2025-01-07 17:14:20.151 DEBUG [org.springframework.beans.factory.support.DefaultListableBeanFactory:808] Autowiring by type from bean name 'org.springframework.boot.autoconfigure.web.servlet.error.ErrorMvcAutoConfiguration' via constructor to bean named 'server-org.springframework.boot.autoconfigure.web.ServerProperties' 
2025-01-07 17:14:20.153 DEBUG [org.springframework.beans.factory.support.DefaultListableBeanFactory:225] Creating shared instance of singleton bean 'dispatcherServletRegistration' 
2025-01-07 17:14:20.154 DEBUG [org.springframework.beans.factory.support.DefaultListableBeanFactory:225] Creating shared instance of singleton bean 'org.springframework.boot.autoconfigure.web.servlet.DispatcherServletAutoConfiguration$DispatcherServletRegistrationConfiguration' 
2025-01-07 17:14:20.156 DEBUG [org.springframework.beans.factory.support.DefaultListableBeanFactory:225] Creating shared instance of singleton bean 'dispatcherServlet' 
2025-01-07 17:14:20.156 DEBUG [org.springframework.beans.factory.support.DefaultListableBeanFactory:225] Creating shared instance of singleton bean 'org.springframework.boot.autoconfigure.web.servlet.DispatcherServletAutoConfiguration$DispatcherServletConfiguration' 
2025-01-07 17:14:20.157 DEBUG [org.springframework.beans.factory.support.DefaultListableBeanFactory:225] Creating shared instance of singleton bean 'spring.mvc-org.springframework.boot.autoconfigure.web.servlet.WebMvcProperties' 
2025-01-07 17:14:20.161 DEBUG [org.springframework.beans.factory.support.DefaultListableBeanFactory:808] Autowiring by type from bean name 'dispatcherServlet' via factory method to bean named 'spring.mvc-org.springframework.boot.autoconfigure.web.servlet.WebMvcProperties' 
2025-01-07 17:14:20.172 DEBUG [org.springframework.beans.factory.support.DefaultListableBeanFactory:808] Autowiring by type from bean name 'dispatcherServletRegistration' via factory method to bean named 'dispatcherServlet' 
2025-01-07 17:14:20.172 DEBUG [org.springframework.beans.factory.support.DefaultListableBeanFactory:808] Autowiring by type from bean name 'dispatcherServletRegistration' via factory method to bean named 'spring.mvc-org.springframework.boot.autoconfigure.web.servlet.WebMvcProperties' 
2025-01-07 17:14:20.176 DEBUG [org.springframework.beans.factory.support.DefaultListableBeanFactory:225] Creating shared instance of singleton bean 'multipartConfigElement' 
2025-01-07 17:14:20.177 DEBUG [org.springframework.beans.factory.support.DefaultListableBeanFactory:225] Creating shared instance of singleton bean 'org.springframework.boot.autoconfigure.web.servlet.MultipartAutoConfiguration' 
2025-01-07 17:14:20.179 DEBUG [org.springframework.beans.factory.support.DefaultListableBeanFactory:225] Creating shared instance of singleton bean 'spring.servlet.multipart-org.springframework.boot.autoconfigure.web.servlet.MultipartProperties' 
2025-01-07 17:14:20.185 DEBUG [org.springframework.beans.factory.support.DefaultListableBeanFactory:808] Autowiring by type from bean name 'org.springframework.boot.autoconfigure.web.servlet.MultipartAutoConfiguration' via constructor to bean named 'spring.servlet.multipart-org.springframework.boot.autoconfigure.web.servlet.MultipartProperties' 
2025-01-07 17:14:20.192 DEBUG [org.springframework.beans.factory.support.DefaultListableBeanFactory:808] Autowiring by type from bean name 'errorPageCustomizer' via factory method to bean named 'dispatcherServletRegistration' 
2025-01-07 17:14:20.211 DEBUG [org.apache.tomcat.util.compat.Jre19Compat:175] Class not found so assuming code is running on a pre-Java 19 JVM java.lang.ClassNotFoundException: java.lang.WrongThreadException
	at java.base/java.net.URLClassLoader.findClass(URLClassLoader.java:445)
	at java.base/java.lang.ClassLoader.loadClass(ClassLoader.java:587)
	at org.springframework.boot.loader.LaunchedURLClassLoader.loadClass(LaunchedURLClassLoader.java:151)
	at java.base/java.lang.ClassLoader.loadClass(ClassLoader.java:520)
	at java.base/java.lang.Class.forName0(Native Method)
	at java.base/java.lang.Class.forName(Class.java:375)
	at org.apache.tomcat.util.compat.Jre19Compat.<clinit>(Jre19Compat.java:37)
	at org.apache.tomcat.util.compat.JreCompat.<clinit>(JreCompat.java:72)
	at org.apache.catalina.startup.Tomcat.<clinit>(Tomcat.java:1304)
	at org.springframework.boot.web.embedded.tomcat.TomcatServletWebServerFactory.getWebServer(TomcatServletWebServerFactory.java:194)
	at org.springframework.boot.web.servlet.context.ServletWebServerApplicationContext.createWebServer(ServletWebServerApplicationContext.java:184)
	at org.springframework.boot.web.servlet.context.ServletWebServerApplicationContext.onRefresh(ServletWebServerApplicationContext.java:162)
	at org.springframework.context.support.AbstractApplicationContext.refresh(AbstractApplicationContext.java:577)
	at org.springframework.boot.web.servlet.context.ServletWebServerApplicationContext.refresh(ServletWebServerApplicationContext.java:147)
	at org.springframework.boot.SpringApplication.refresh(SpringApplication.java:734)
	at org.springframework.boot.SpringApplication.refreshContext(SpringApplication.java:408)
	at org.springframework.boot.SpringApplication.run(SpringApplication.java:308)
	at org.springframework.boot.SpringApplication.run(SpringApplication.java:1306)
	at org.springframework.boot.SpringApplication.run(SpringApplication.java:1295)
	at za.co.woolworths.itemkafka_poc.KafkaItemProducerPocApplication.main(KafkaItemProducerPocApplication.java:10)
	at java.base/jdk.internal.reflect.NativeMethodAccessorImpl.invoke0(Native Method)
	at java.base/jdk.internal.reflect.NativeMethodAccessorImpl.invoke(NativeMethodAccessorImpl.java:77)
	at java.base/jdk.internal.reflect.DelegatingMethodAccessorImpl.invoke(DelegatingMethodAccessorImpl.java:43)
	at java.base/java.lang.reflect.Method.invoke(Method.java:568)
	at org.springframework.boot.loader.MainMethodRunner.run(MainMethodRunner.java:49)
	at org.springframework.boot.loader.Launcher.launch(Launcher.java:108)
	at org.springframework.boot.loader.Launcher.launch(Launcher.java:58)
	at org.springframework.boot.loader.JarLauncher.main(JarLauncher.java:65)

2025-01-07 17:14:20.441 DEBUG [org.apache.tomcat.util.IntrospectionUtils:173] IntrospectionUtils: setProperty(class org.apache.coyote.http11.Http11NioProtocol port=8081) 
2025-01-07 17:14:20.446 DEBUG [org.apache.tomcat.util.IntrospectionUtils:173] IntrospectionUtils: setProperty(class org.apache.coyote.http11.Http11NioProtocol bindOnInit=false) 
2025-01-07 17:14:20.446 DEBUG [org.apache.tomcat.util.IntrospectionUtils:173] IntrospectionUtils: setProperty(class org.apache.tomcat.util.net.NioEndpoint bindOnInit=false) 
2025-01-07 17:14:20.448 DEBUG [org.apache.tomcat.util.IntrospectionUtils:173] IntrospectionUtils: setProperty(class org.apache.coyote.http11.Http11NioProtocol maxPostSize=2097152) 
2025-01-07 17:14:20.449 DEBUG [org.apache.tomcat.util.IntrospectionUtils:173] IntrospectionUtils: setProperty(class org.apache.tomcat.util.net.NioEndpoint maxPostSize=2097152) 
2025-01-07 17:14:20.458 DEBUG [org.apache.catalina.core.ContainerBase:173] Add child StandardHost[localhost] StandardEngine[Tomcat] 
2025-01-07 17:14:20.458 DEBUG [org.springframework.boot.web.embedded.tomcat.TomcatServletWebServerFactory:81] Code archive: C:\Workspaces\Item-Kafka-Producer-POC\Item-Kafka-Producer-POC\target\Item-Kafka-Producer-POC-0.0.1-SNAPSHOT.jar 
2025-01-07 17:14:20.459 DEBUG [org.springframework.boot.web.embedded.tomcat.TomcatServletWebServerFactory:125] Code archive: C:\Workspaces\Item-Kafka-Producer-POC\Item-Kafka-Producer-POC\target\Item-Kafka-Producer-POC-0.0.1-SNAPSHOT.jar 
2025-01-07 17:14:20.460 DEBUG [org.springframework.boot.web.embedded.tomcat.TomcatServletWebServerFactory:149] None of the document roots [src/main/webapp, public, static] point to a directory and will be ignored. 
2025-01-07 17:14:20.473 DEBUG [org.apache.catalina.core.ContainerBase:173] Add child TomcatEmbeddedContext[] StandardEngine[Tomcat].StandardHost[localhost] 
2025-01-07 17:14:20.477  INFO [org.springframework.boot.web.embedded.tomcat.TomcatWebServer:108] Tomcat initialized with port(s): 8081 (http) 
2025-01-07 17:14:20.478 DEBUG [org.apache.catalina.util.LifecycleBase:173] Setting state for [StandardServer[-1]] to [INITIALIZING] 
2025-01-07 17:14:20.483 DEBUG [org.apache.catalina.util.LifecycleBase:173] Setting state for [org.apache.catalina.deploy.NamingResourcesImpl@5cc126dc] to [INITIALIZING] 
2025-01-07 17:14:20.483 DEBUG [org.apache.catalina.util.LifecycleBase:173] Setting state for [org.apache.catalina.deploy.NamingResourcesImpl@5cc126dc] to [INITIALIZED] 
2025-01-07 17:14:20.484 DEBUG [org.apache.catalina.util.LifecycleBase:173] Setting state for [StandardService[Tomcat]] to [INITIALIZING] 
2025-01-07 17:14:20.484 DEBUG [org.apache.catalina.util.LifecycleBase:173] Setting state for [StandardEngine[Tomcat]] to [INITIALIZING] 
2025-01-07 17:14:20.484 DEBUG [org.apache.catalina.util.LifecycleBase:173] Setting state for [StandardEngine[Tomcat]] to [INITIALIZED] 
2025-01-07 17:14:20.485 DEBUG [org.apache.catalina.util.LifecycleBase:173] Setting state for [org.apache.catalina.mapper.MapperListener@72bd06ca] to [INITIALIZING] 
2025-01-07 17:14:20.485 DEBUG [org.apache.catalina.util.LifecycleBase:173] Setting state for [org.apache.catalina.mapper.MapperListener@72bd06ca] to [INITIALIZED] 
2025-01-07 17:14:20.486 DEBUG [org.apache.catalina.util.LifecycleBase:173] Setting state for [Connector[HTTP/1.1-8081]] to [INITIALIZING] 
2025-01-07 17:14:20.488 DEBUG [org.apache.tomcat.util.IntrospectionUtils:173] IntrospectionUtils: setProperty(class org.apache.coyote.http11.Http11NioProtocol parseBodyMethods=POST) 
2025-01-07 17:14:20.488 DEBUG [org.apache.tomcat.util.IntrospectionUtils:173] IntrospectionUtils: setProperty(class org.apache.tomcat.util.net.NioEndpoint parseBodyMethods=POST) 
2025-01-07 17:14:20.488  INFO [org.apache.coyote.http11.Http11NioProtocol:173] Initializing ProtocolHandler ["http-nio-8081"] 
2025-01-07 17:14:20.489 DEBUG [org.apache.catalina.util.LifecycleBase:173] Setting state for [Connector[HTTP/1.1-8081]] to [INITIALIZED] 
2025-01-07 17:14:20.489 DEBUG [org.apache.catalina.util.LifecycleBase:173] Setting state for [StandardService[Tomcat]] to [INITIALIZED] 
2025-01-07 17:14:20.489 DEBUG [org.apache.catalina.util.LifecycleBase:173] Setting state for [StandardServer[-1]] to [INITIALIZED] 
2025-01-07 17:14:20.489 DEBUG [org.apache.catalina.util.LifecycleBase:173] Setting state for [StandardServer[-1]] to [STARTING_PREP] 
2025-01-07 17:14:20.490 DEBUG [org.apache.catalina.util.LifecycleBase:173] Setting state for [StandardServer[-1]] to [STARTING] 
2025-01-07 17:14:20.490 DEBUG [org.apache.catalina.util.LifecycleBase:173] Setting state for [org.apache.catalina.deploy.NamingResourcesImpl@5cc126dc] to [STARTING_PREP] 
2025-01-07 17:14:20.490 DEBUG [org.apache.catalina.util.LifecycleBase:173] Setting state for [org.apache.catalina.deploy.NamingResourcesImpl@5cc126dc] to [STARTING] 
2025-01-07 17:14:20.490 DEBUG [org.apache.catalina.util.LifecycleBase:173] Setting state for [org.apache.catalina.deploy.NamingResourcesImpl@5cc126dc] to [STARTED] 
2025-01-07 17:14:20.491 DEBUG [org.apache.catalina.util.LifecycleBase:173] Setting state for [StandardService[Tomcat]] to [STARTING_PREP] 
2025-01-07 17:14:20.491  INFO [org.apache.catalina.core.StandardService:173] Starting service [Tomcat] 
2025-01-07 17:14:20.491 DEBUG [org.apache.catalina.util.LifecycleBase:173] Setting state for [StandardService[Tomcat]] to [STARTING] 
2025-01-07 17:14:20.492 DEBUG [org.apache.catalina.util.LifecycleBase:173] Setting state for [StandardEngine[Tomcat]] to [STARTING_PREP] 
2025-01-07 17:14:20.492  INFO [org.apache.catalina.core.StandardEngine:173] Starting Servlet engine: [Apache Tomcat/9.0.64] 
2025-01-07 17:14:20.493 DEBUG [org.apache.catalina.util.LifecycleBase:173] Setting state for [SimpleRealm[StandardEngine[Tomcat]]] to [INITIALIZING] 
2025-01-07 17:14:20.493 DEBUG [org.apache.catalina.util.LifecycleBase:173] Setting state for [SimpleRealm[StandardEngine[Tomcat]]] to [INITIALIZED] 
2025-01-07 17:14:20.494 DEBUG [org.apache.catalina.util.LifecycleBase:173] Setting state for [SimpleRealm[StandardEngine[Tomcat]]] to [STARTING_PREP] 
2025-01-07 17:14:20.494 DEBUG [org.apache.catalina.util.LifecycleBase:173] Setting state for [SimpleRealm[StandardEngine[Tomcat]]] to [STARTING] 
2025-01-07 17:14:20.494 DEBUG [org.apache.catalina.util.LifecycleBase:173] Setting state for [SimpleRealm[StandardEngine[Tomcat]]] to [STARTED] 
2025-01-07 17:14:20.495 DEBUG [org.apache.catalina.util.LifecycleBase:173] Setting state for [StandardEngine[Tomcat].StandardHost[localhost]] to [INITIALIZING] 
2025-01-07 17:14:20.495 DEBUG [org.apache.catalina.util.LifecycleBase:173] Setting state for [StandardEngine[Tomcat].StandardHost[localhost]] to [INITIALIZED] 
2025-01-07 17:14:20.496 DEBUG [org.apache.catalina.util.LifecycleBase:173] Setting state for [StandardEngine[Tomcat].StandardHost[localhost]] to [STARTING_PREP] 
2025-01-07 17:14:20.496 DEBUG [org.apache.catalina.util.LifecycleBase:173] Setting state for [StandardEngine[Tomcat].StandardHost[localhost].TomcatEmbeddedContext[]] to [INITIALIZING] 
2025-01-07 17:14:20.496 DEBUG [org.apache.catalina.util.LifecycleBase:173] Setting state for [StandardEngine[Tomcat].StandardHost[localhost].TomcatEmbeddedContext[]] to [INITIALIZED] 
2025-01-07 17:14:20.497 DEBUG [org.apache.catalina.util.LifecycleBase:173] Setting state for [StandardEngine[Tomcat].StandardHost[localhost].TomcatEmbeddedContext[]] to [STARTING_PREP] 
2025-01-07 17:14:20.497 DEBUG [org.apache.catalina.core.StandardContext:173] Starting ROOT 
2025-01-07 17:14:20.503 DEBUG [org.apache.catalina.core.StandardContext:173] Configuring default Resources 
2025-01-07 17:14:20.506 DEBUG [org.apache.catalina.util.LifecycleBase:173] Setting state for [org.apache.catalina.webresources.StandardRoot@611df6e3] to [INITIALIZING] 
2025-01-07 17:14:20.508 DEBUG [org.apache.catalina.util.LifecycleBase:173] Setting state for [org.apache.catalina.webresources.StandardRoot@611df6e3] to [INITIALIZED] 
2025-01-07 17:14:20.508 DEBUG [org.apache.catalina.util.LifecycleBase:173] Setting state for [org.apache.catalina.webresources.StandardRoot@611df6e3] to [STARTING_PREP] 
2025-01-07 17:14:20.510 DEBUG [org.apache.catalina.util.LifecycleBase:173] Setting state for [org.apache.catalina.webresources.DirResourceSet@3d8bbcdc] to [INITIALIZING] 
2025-01-07 17:14:20.513 DEBUG [org.apache.catalina.util.LifecycleBase:173] Setting state for [org.apache.catalina.webresources.DirResourceSet@3d8bbcdc] to [INITIALIZED] 
2025-01-07 17:14:20.513 DEBUG [org.apache.catalina.util.LifecycleBase:173] Setting state for [org.apache.catalina.webresources.DirResourceSet@3d8bbcdc] to [STARTING_PREP] 
2025-01-07 17:14:20.514 DEBUG [org.apache.catalina.util.LifecycleBase:173] Setting state for [org.apache.catalina.webresources.DirResourceSet@3d8bbcdc] to [STARTING] 
2025-01-07 17:14:20.514 DEBUG [org.apache.catalina.util.LifecycleBase:173] Setting state for [org.apache.catalina.webresources.DirResourceSet@3d8bbcdc] to [STARTED] 
2025-01-07 17:14:20.515 DEBUG [org.apache.catalina.util.LifecycleBase:173] Setting state for [org.apache.catalina.webresources.StandardRoot@611df6e3] to [STARTING] 
2025-01-07 17:14:20.515 DEBUG [org.apache.catalina.util.LifecycleBase:173] Setting state for [org.apache.catalina.webresources.StandardRoot@611df6e3] to [STARTED] 
2025-01-07 17:14:20.523 DEBUG [org.apache.catalina.core.StandardContext:173] Processing standard container startup 
2025-01-07 17:14:20.523 DEBUG [org.apache.catalina.util.LifecycleBase:173] Setting state for [WebappLoader[StandardEngine[Tomcat].StandardHost[localhost].TomcatEmbeddedContext[]]] to [INITIALIZING] 
2025-01-07 17:14:20.524 DEBUG [org.apache.catalina.util.LifecycleBase:173] Setting state for [WebappLoader[StandardEngine[Tomcat].StandardHost[localhost].TomcatEmbeddedContext[]]] to [INITIALIZED] 
2025-01-07 17:14:20.524 DEBUG [org.apache.catalina.util.LifecycleBase:173] Setting state for [WebappLoader[StandardEngine[Tomcat].StandardHost[localhost].TomcatEmbeddedContext[]]] to [STARTING_PREP] 
2025-01-07 17:14:20.524 DEBUG [org.apache.catalina.loader.WebappLoader:173] Starting this Loader 
2025-01-07 17:14:20.529 DEBUG [org.apache.catalina.util.LifecycleBase:173] Setting state for [WebappLoader[StandardEngine[Tomcat].StandardHost[localhost].TomcatEmbeddedContext[]]] to [STARTING] 
2025-01-07 17:14:20.529 DEBUG [org.apache.catalina.util.LifecycleBase:173] Setting state for [WebappLoader[StandardEngine[Tomcat].StandardHost[localhost].TomcatEmbeddedContext[]]] to [STARTED] 
2025-01-07 17:14:20.549 DEBUG [org.apache.catalina.util.LifecycleBase:173] Setting state for [org.apache.catalina.webresources.JarWarResourceSet@62dae245] to [INITIALIZING] 
2025-01-07 17:14:20.550 DEBUG [org.apache.catalina.util.LifecycleBase:173] Setting state for [org.apache.catalina.webresources.JarWarResourceSet@62dae245] to [INITIALIZED] 
2025-01-07 17:14:20.551 DEBUG [org.apache.catalina.util.LifecycleBase:173] Setting state for [org.apache.catalina.webresources.JarWarResourceSet@62dae245] to [STARTING_PREP] 
2025-01-07 17:14:20.551 DEBUG [org.apache.catalina.util.LifecycleBase:173] Setting state for [org.apache.catalina.webresources.JarWarResourceSet@62dae245] to [STARTING] 
2025-01-07 17:14:20.551 DEBUG [org.apache.catalina.util.LifecycleBase:173] Setting state for [org.apache.catalina.webresources.JarWarResourceSet@62dae245] to [STARTED] 
2025-01-07 17:14:20.552 DEBUG [org.apache.catalina.util.LifecycleBase:173] Setting state for [StandardPipeline[StandardEngine[Tomcat].StandardHost[localhost].TomcatEmbeddedContext[]]] to [INITIALIZING] 
2025-01-07 17:14:20.552 DEBUG [org.apache.catalina.util.LifecycleBase:173] Setting state for [StandardPipeline[StandardEngine[Tomcat].StandardHost[localhost].TomcatEmbeddedContext[]]] to [INITIALIZED] 
2025-01-07 17:14:20.552 DEBUG [org.apache.catalina.util.LifecycleBase:173] Setting state for [StandardPipeline[StandardEngine[Tomcat].StandardHost[localhost].TomcatEmbeddedContext[]]] to [STARTING_PREP] 
2025-01-07 17:14:20.552 DEBUG [org.apache.catalina.util.LifecycleBase:173] Setting state for [NonLoginAuthenticator[StandardEngine[Tomcat].StandardHost[localhost].TomcatEmbeddedContext[]]] to [INITIALIZING] 
2025-01-07 17:14:20.553 DEBUG [org.apache.catalina.util.LifecycleBase:173] Setting state for [NonLoginAuthenticator[StandardEngine[Tomcat].StandardHost[localhost].TomcatEmbeddedContext[]]] to [INITIALIZED] 
2025-01-07 17:14:20.553 DEBUG [org.apache.catalina.util.LifecycleBase:173] Setting state for [NonLoginAuthenticator[StandardEngine[Tomcat].StandardHost[localhost].TomcatEmbeddedContext[]]] to [STARTING_PREP] 
2025-01-07 17:14:20.554 DEBUG [org.apache.catalina.authenticator.AuthenticatorBase:173] No SingleSignOn Valve is present 
2025-01-07 17:14:20.554 DEBUG [org.apache.catalina.util.LifecycleBase:173] Setting state for [NonLoginAuthenticator[StandardEngine[Tomcat].StandardHost[localhost].TomcatEmbeddedContext[]]] to [STARTING] 
2025-01-07 17:14:20.554 DEBUG [org.apache.catalina.util.LifecycleBase:173] Setting state for [NonLoginAuthenticator[StandardEngine[Tomcat].StandardHost[localhost].TomcatEmbeddedContext[]]] to [STARTED] 
2025-01-07 17:14:20.555 DEBUG [org.apache.catalina.util.LifecycleBase:173] Setting state for [StandardContextValve[StandardEngine[Tomcat].StandardHost[localhost].TomcatEmbeddedContext[]]] to [INITIALIZING] 
2025-01-07 17:14:20.555 DEBUG [org.apache.catalina.util.LifecycleBase:173] Setting state for [StandardContextValve[StandardEngine[Tomcat].StandardHost[localhost].TomcatEmbeddedContext[]]] to [INITIALIZED] 
2025-01-07 17:14:20.555 DEBUG [org.apache.catalina.util.LifecycleBase:173] Setting state for [StandardContextValve[StandardEngine[Tomcat].StandardHost[localhost].TomcatEmbeddedContext[]]] to [STARTING_PREP] 
2025-01-07 17:14:20.555 DEBUG [org.apache.catalina.util.LifecycleBase:173] Setting state for [StandardContextValve[StandardEngine[Tomcat].StandardHost[localhost].TomcatEmbeddedContext[]]] to [STARTING] 
2025-01-07 17:14:20.556 DEBUG [org.apache.catalina.util.LifecycleBase:173] Setting state for [StandardContextValve[StandardEngine[Tomcat].StandardHost[localhost].TomcatEmbeddedContext[]]] to [STARTED] 
2025-01-07 17:14:20.556 DEBUG [org.apache.catalina.util.LifecycleBase:173] Setting state for [StandardPipeline[StandardEngine[Tomcat].StandardHost[localhost].TomcatEmbeddedContext[]]] to [STARTING] 
2025-01-07 17:14:20.556 DEBUG [org.apache.catalina.util.LifecycleBase:173] Setting state for [StandardPipeline[StandardEngine[Tomcat].StandardHost[localhost].TomcatEmbeddedContext[]]] to [STARTED] 
2025-01-07 17:14:20.556 DEBUG [org.apache.catalina.core.StandardContext:173] No manager found. Checking if cluster manager should be used. Cluster configured: [false], Application distributable: [false] 
2025-01-07 17:14:20.559 DEBUG [org.apache.catalina.core.StandardContext:173] Configured a manager of class [org.apache.catalina.session.StandardManager] 
2025-01-07 17:14:20.560 DEBUG [org.apache.catalina.util.LifecycleBase:173] Setting state for [org.apache.catalina.deploy.NamingResourcesImpl@64bc21ac] to [INITIALIZING] 
2025-01-07 17:14:20.560 DEBUG [org.apache.catalina.util.LifecycleBase:173] Setting state for [org.apache.catalina.deploy.NamingResourcesImpl@64bc21ac] to [INITIALIZED] 
2025-01-07 17:14:20.561 DEBUG [org.apache.catalina.util.LifecycleBase:173] Setting state for [org.apache.catalina.deploy.NamingResourcesImpl@64bc21ac] to [STARTING_PREP] 
2025-01-07 17:14:20.561 DEBUG [org.apache.catalina.util.LifecycleBase:173] Setting state for [org.apache.catalina.deploy.NamingResourcesImpl@64bc21ac] to [STARTING] 
2025-01-07 17:14:20.561 DEBUG [org.apache.catalina.util.LifecycleBase:173] Setting state for [org.apache.catalina.deploy.NamingResourcesImpl@64bc21ac] to [STARTED] 
2025-01-07 17:14:20.565  INFO [org.apache.catalina.core.ContainerBase.[Tomcat].[localhost].[/]:173] Initializing Spring embedded WebApplicationContext 
2025-01-07 17:14:20.566 DEBUG [org.springframework.boot.web.servlet.context.ServletWebServerApplicationContext:286] Published root WebApplicationContext as ServletContext attribute with name [org.springframework.web.context.WebApplicationContext.ROOT] 
2025-01-07 17:14:20.566  INFO [org.springframework.boot.web.servlet.context.ServletWebServerApplicationContext:292] Root WebApplicationContext: initialization completed in 1664 ms 
2025-01-07 17:14:20.569 DEBUG [org.springframework.beans.factory.support.DefaultListableBeanFactory:225] Creating shared instance of singleton bean 'webMvcMetricsFilter' 
2025-01-07 17:14:20.569 DEBUG [org.springframework.beans.factory.support.DefaultListableBeanFactory:225] Creating shared instance of singleton bean 'org.springframework.boot.actuate.autoconfigure.metrics.web.servlet.WebMvcMetricsAutoConfiguration' 
2025-01-07 17:14:20.570 DEBUG [org.springframework.beans.factory.support.DefaultListableBeanFactory:225] Creating shared instance of singleton bean 'management.metrics-org.springframework.boot.actuate.autoconfigure.metrics.MetricsProperties' 
2025-01-07 17:14:20.575 DEBUG [org.springframework.beans.factory.support.DefaultListableBeanFactory:808] Autowiring by type from bean name 'org.springframework.boot.actuate.autoconfigure.metrics.web.servlet.WebMvcMetricsAutoConfiguration' via constructor to bean named 'management.metrics-org.springframework.boot.actuate.autoconfigure.metrics.MetricsProperties' 
2025-01-07 17:14:20.577 DEBUG [org.springframework.beans.factory.support.DefaultListableBeanFactory:225] Creating shared instance of singleton bean 'simpleMeterRegistry' 
2025-01-07 17:14:20.578 DEBUG [org.springframework.beans.factory.support.DefaultListableBeanFactory:225] Creating shared instance of singleton bean 'org.springframework.boot.actuate.autoconfigure.metrics.export.simple.SimpleMetricsExportAutoConfiguration' 
2025-01-07 17:14:20.579 DEBUG [org.springframework.beans.factory.support.DefaultListableBeanFactory:225] Creating shared instance of singleton bean 'simpleConfig' 
2025-01-07 17:14:20.581 DEBUG [org.springframework.beans.factory.support.DefaultListableBeanFactory:225] Creating shared instance of singleton bean 'management.metrics.export.simple-org.springframework.boot.actuate.autoconfigure.metrics.export.simple.SimpleProperties' 
2025-01-07 17:14:20.583 DEBUG [org.springframework.beans.factory.support.DefaultListableBeanFactory:808] Autowiring by type from bean name 'simpleConfig' via factory method to bean named 'management.metrics.export.simple-org.springframework.boot.actuate.autoconfigure.metrics.export.simple.SimpleProperties' 
2025-01-07 17:14:20.588 DEBUG [org.springframework.beans.factory.support.DefaultListableBeanFactory:225] Creating shared instance of singleton bean 'micrometerClock' 
2025-01-07 17:14:20.589 DEBUG [org.springframework.beans.factory.support.DefaultListableBeanFactory:225] Creating shared instance of singleton bean 'org.springframework.boot.actuate.autoconfigure.metrics.MetricsAutoConfiguration' 
2025-01-07 17:14:20.591 DEBUG [org.springframework.beans.factory.support.DefaultListableBeanFactory:808] Autowiring by type from bean name 'simpleMeterRegistry' via factory method to bean named 'simpleConfig' 
2025-01-07 17:14:20.592 DEBUG [org.springframework.beans.factory.support.DefaultListableBeanFactory:808] Autowiring by type from bean name 'simpleMeterRegistry' via factory method to bean named 'micrometerClock' 
2025-01-07 17:14:20.608 DEBUG [org.springframework.beans.factory.support.DefaultListableBeanFactory:225] Creating shared instance of singleton bean 'propertiesMeterFilter' 
2025-01-07 17:14:20.608 DEBUG [org.springframework.beans.factory.support.DefaultListableBeanFactory:808] Autowiring by type from bean name 'propertiesMeterFilter' via factory method to bean named 'management.metrics-org.springframework.boot.actuate.autoconfigure.metrics.MetricsProperties' 
2025-01-07 17:14:20.613 DEBUG [org.springframework.beans.factory.support.DefaultListableBeanFactory:225] Creating shared instance of singleton bean 'metricsHttpClientUriTagFilter' 
2025-01-07 17:14:20.613 DEBUG [org.springframework.beans.factory.support.DefaultListableBeanFactory:225] Creating shared instance of singleton bean 'org.springframework.boot.actuate.autoconfigure.metrics.web.client.HttpClientMetricsAutoConfiguration' 
2025-01-07 17:14:20.615 DEBUG [org.springframework.beans.factory.support.DefaultListableBeanFactory:808] Autowiring by type from bean name 'metricsHttpClientUriTagFilter' via factory method to bean named 'management.metrics-org.springframework.boot.actuate.autoconfigure.metrics.MetricsProperties' 
2025-01-07 17:14:20.619 DEBUG [org.springframework.beans.factory.support.DefaultListableBeanFactory:225] Creating shared instance of singleton bean 'metricsHttpServerUriTagFilter' 
2025-01-07 17:14:20.622 DEBUG [org.springframework.beans.factory.support.DefaultListableBeanFactory:225] Creating shared instance of singleton bean 'jvmGcMetrics' 
2025-01-07 17:14:20.623 DEBUG [org.springframework.beans.factory.support.DefaultListableBeanFactory:225] Creating shared instance of singleton bean 'org.springframework.boot.actuate.autoconfigure.metrics.JvmMetricsAutoConfiguration' 
2025-01-07 17:14:20.626 DEBUG [io.micrometer.core.util.internal.logging.InternalLoggerFactory:59] Using SLF4J as the default logging framework 
2025-01-07 17:14:20.632 DEBUG [org.springframework.beans.factory.support.DefaultListableBeanFactory:225] Creating shared instance of singleton bean 'jvmHeapPressureMetrics' 
2025-01-07 17:14:20.641 DEBUG [org.springframework.beans.factory.support.DefaultListableBeanFactory:225] Creating shared instance of singleton bean 'jvmMemoryMetrics' 
2025-01-07 17:14:20.643 DEBUG [org.springframework.beans.factory.support.DefaultListableBeanFactory:225] Creating shared instance of singleton bean 'jvmThreadMetrics' 
2025-01-07 17:14:20.645 DEBUG [org.springframework.beans.factory.support.DefaultListableBeanFactory:225] Creating shared instance of singleton bean 'classLoaderMetrics' 
2025-01-07 17:14:20.646 DEBUG [org.springframework.beans.factory.support.DefaultListableBeanFactory:225] Creating shared instance of singleton bean 'logbackMetrics' 
2025-01-07 17:14:20.646 DEBUG [org.springframework.beans.factory.support.DefaultListableBeanFactory:225] Creating shared instance of singleton bean 'org.springframework.boot.actuate.autoconfigure.metrics.LogbackMetricsAutoConfiguration' 
2025-01-07 17:14:20.648 DEBUG [org.springframework.beans.factory.support.DefaultListableBeanFactory:225] Creating shared instance of singleton bean 'uptimeMetrics' 
2025-01-07 17:14:20.649 DEBUG [org.springframework.beans.factory.support.DefaultListableBeanFactory:225] Creating shared instance of singleton bean 'org.springframework.boot.actuate.autoconfigure.metrics.SystemMetricsAutoConfiguration' 
2025-01-07 17:14:20.650 DEBUG [org.springframework.beans.factory.support.DefaultListableBeanFactory:225] Creating shared instance of singleton bean 'processorMetrics' 
2025-01-07 17:14:20.652 DEBUG [org.springframework.beans.factory.support.DefaultListableBeanFactory:225] Creating shared instance of singleton bean 'fileDescriptorMetrics' 
2025-01-07 17:14:20.654 DEBUG [org.springframework.beans.factory.support.DefaultListableBeanFactory:225] Creating shared instance of singleton bean 'diskSpaceMetrics' 
2025-01-07 17:14:20.655 DEBUG [org.springframework.beans.factory.support.DefaultListableBeanFactory:808] Autowiring by type from bean name 'diskSpaceMetrics' via factory method to bean named 'management.metrics-org.springframework.boot.actuate.autoconfigure.metrics.MetricsProperties' 
2025-01-07 17:14:20.657 DEBUG [org.springframework.beans.factory.support.DefaultListableBeanFactory:225] Creating shared instance of singleton bean 'hikariDataSourceMeterBinder' 
2025-01-07 17:14:20.658 DEBUG [org.springframework.beans.factory.support.DefaultListableBeanFactory:225] Creating shared instance of singleton bean 'org.springframework.boot.actuate.autoconfigure.metrics.jdbc.DataSourcePoolMetricsAutoConfiguration$HikariDataSourceMetricsConfiguration' 
2025-01-07 17:14:20.661 DEBUG [org.springframework.beans.factory.support.DefaultListableBeanFactory:225] Creating shared instance of singleton bean 'dataSourcePoolMetadataMeterBinder' 
2025-01-07 17:14:20.662 DEBUG [org.springframework.beans.factory.support.DefaultListableBeanFactory:225] Creating shared instance of singleton bean 'org.springframework.boot.actuate.autoconfigure.metrics.jdbc.DataSourcePoolMetricsAutoConfiguration$DataSourcePoolMetadataMetricsConfiguration' 
2025-01-07 17:14:20.664 DEBUG [org.springframework.beans.factory.support.DefaultListableBeanFactory:225] Creating shared instance of singleton bean 'dataSource' 
2025-01-07 17:14:20.664 DEBUG [org.springframework.beans.factory.support.DefaultListableBeanFactory:225] Creating shared instance of singleton bean 'org.springframework.boot.autoconfigure.jdbc.DataSourceConfiguration$Hikari' 
2025-01-07 17:14:20.666 DEBUG [org.springframework.beans.factory.support.DefaultListableBeanFactory:225] Creating shared instance of singleton bean 'spring.datasource-org.springframework.boot.autoconfigure.jdbc.DataSourceProperties' 
2025-01-07 17:14:20.676 DEBUG [org.springframework.beans.factory.support.DefaultListableBeanFactory:808] Autowiring by type from bean name 'dataSource' via factory method to bean named 'spring.datasource-org.springframework.boot.autoconfigure.jdbc.DataSourceProperties' 
2025-01-07 17:14:20.683 DEBUG [com.zaxxer.hikari.HikariConfig:971] Driver class com.microsoft.sqlserver.jdbc.SQLServerDriver found in Thread context class loader TomcatEmbeddedWebappClassLoader
  context: ROOT
  delegate: true
----------> Parent Classloader:
org.springframework.boot.loader.LaunchedURLClassLoader@3d71d552
 
2025-01-07 17:14:20.710 DEBUG [org.springframework.beans.factory.support.DefaultListableBeanFactory:808] Autowiring by type from bean name 'dataSourcePoolMetadataMeterBinder' via factory method to bean named 'dataSource' 
2025-01-07 17:14:20.741 DEBUG [org.springframework.beans.factory.support.DefaultListableBeanFactory:225] Creating shared instance of singleton bean 'hikariPoolDataSourceMetadataProvider' 
2025-01-07 17:14:20.741 DEBUG [org.springframework.beans.factory.support.DefaultListableBeanFactory:225] Creating shared instance of singleton bean 'org.springframework.boot.autoconfigure.jdbc.metadata.DataSourcePoolMetadataProvidersConfiguration$HikariPoolDataSourceMetadataProviderConfiguration' 
2025-01-07 17:14:20.752 DEBUG [org.springframework.beans.factory.support.DefaultListableBeanFactory:225] Creating shared instance of singleton bean 'webMvcTagsProvider' 
2025-01-07 17:14:20.754 DEBUG [org.springframework.beans.factory.support.DefaultListableBeanFactory:808] Autowiring by type from bean name 'webMvcMetricsFilter' via factory method to bean named 'simpleMeterRegistry' 
2025-01-07 17:14:20.755 DEBUG [org.springframework.beans.factory.support.DefaultListableBeanFactory:808] Autowiring by type from bean name 'webMvcMetricsFilter' via factory method to bean named 'webMvcTagsProvider' 
2025-01-07 17:14:20.758 DEBUG [org.springframework.beans.factory.support.DefaultListableBeanFactory:225] Creating shared instance of singleton bean 'servletEndpointRegistrar' 
2025-01-07 17:14:20.758 DEBUG [org.springframework.beans.factory.support.DefaultListableBeanFactory:225] Creating shared instance of singleton bean 'org.springframework.boot.actuate.autoconfigure.endpoint.web.ServletEndpointManagementContextConfiguration$WebMvcServletEndpointManagementContextConfiguration' 
2025-01-07 17:14:20.760 DEBUG [org.springframework.beans.factory.support.DefaultListableBeanFactory:225] Creating shared instance of singleton bean 'management.endpoints.web-org.springframework.boot.actuate.autoconfigure.endpoint.web.WebEndpointProperties' 
2025-01-07 17:14:20.763 DEBUG [org.springframework.beans.factory.support.DefaultListableBeanFactory:225] Creating shared instance of singleton bean 'servletEndpointDiscoverer' 
2025-01-07 17:14:20.764 DEBUG [org.springframework.beans.factory.support.DefaultListableBeanFactory:225] Creating shared instance of singleton bean 'org.springframework.boot.actuate.autoconfigure.endpoint.web.WebEndpointAutoConfiguration$WebEndpointServletConfiguration' 
2025-01-07 17:14:20.766 DEBUG [org.springframework.beans.factory.support.DefaultListableBeanFactory:808] Autowiring by type from bean name 'servletEndpointDiscoverer' via factory method to bean named 'org.springframework.boot.web.servlet.context.AnnotationConfigServletWebServerApplicationContext@4c402120' 
2025-01-07 17:14:20.769 DEBUG [org.springframework.beans.factory.support.DefaultListableBeanFactory:225] Creating shared instance of singleton bean 'webEndpointPathMapper' 
2025-01-07 17:14:20.770 DEBUG [org.springframework.beans.factory.support.DefaultListableBeanFactory:225] Creating shared instance of singleton bean 'org.springframework.boot.actuate.autoconfigure.endpoint.web.WebEndpointAutoConfiguration' 
2025-01-07 17:14:20.771 DEBUG [org.springframework.beans.factory.support.DefaultListableBeanFactory:808] Autowiring by type from bean name 'org.springframework.boot.actuate.autoconfigure.endpoint.web.WebEndpointAutoConfiguration' via constructor to bean named 'org.springframework.boot.web.servlet.context.AnnotationConfigServletWebServerApplicationContext@4c402120' 
2025-01-07 17:14:20.772 DEBUG [org.springframework.beans.factory.support.DefaultListableBeanFactory:808] Autowiring by type from bean name 'org.springframework.boot.actuate.autoconfigure.endpoint.web.WebEndpointAutoConfiguration' via constructor to bean named 'management.endpoints.web-org.springframework.boot.actuate.autoconfigure.endpoint.web.WebEndpointProperties' 
2025-01-07 17:14:20.774 DEBUG [org.springframework.beans.factory.support.DefaultListableBeanFactory:225] Creating shared instance of singleton bean 'servletExposeExcludePropertyEndpointFilter' 
2025-01-07 17:14:20.775 DEBUG [org.springframework.beans.factory.support.DefaultListableBeanFactory:225] Creating shared instance of singleton bean 'org.springframework.boot.actuate.autoconfigure.endpoint.web.ServletEndpointManagementContextConfiguration' 
2025-01-07 17:14:20.776 DEBUG [org.springframework.beans.factory.support.DefaultListableBeanFactory:808] Autowiring by type from bean name 'servletExposeExcludePropertyEndpointFilter' via factory method to bean named 'management.endpoints.web-org.springframework.boot.actuate.autoconfigure.endpoint.web.WebEndpointProperties' 
2025-01-07 17:14:20.781 DEBUG [org.springframework.beans.factory.support.DefaultListableBeanFactory:808] Autowiring by type from bean name 'servletEndpointRegistrar' via factory method to bean named 'management.endpoints.web-org.springframework.boot.actuate.autoconfigure.endpoint.web.WebEndpointProperties' 
2025-01-07 17:14:20.782 DEBUG [org.springframework.beans.factory.support.DefaultListableBeanFactory:808] Autowiring by type from bean name 'servletEndpointRegistrar' via factory method to bean named 'servletEndpointDiscoverer' 
2025-01-07 17:14:20.782 DEBUG [org.springframework.beans.factory.support.DefaultListableBeanFactory:808] Autowiring by type from bean name 'servletEndpointRegistrar' via factory method to bean named 'dispatcherServletRegistration' 
2025-01-07 17:14:20.797 DEBUG [org.springframework.beans.factory.support.DefaultListableBeanFactory:225] Creating shared instance of singleton bean 'characterEncodingFilter' 
2025-01-07 17:14:20.804 DEBUG [org.springframework.boot.web.servlet.ServletContextInitializerBeans:236] Mapping filters: filterRegistrationBean urls=[/*] order=-2147483647, characterEncodingFilter urls=[/*] order=-2147483648 
2025-01-07 17:14:20.805 DEBUG [org.springframework.boot.web.servlet.ServletContextInitializerBeans:236] Mapping servlets: dispatcherServlet urls=[/] 
2025-01-07 17:14:20.811 DEBUG [org.apache.catalina.core.ContainerBase:173] Add child StandardWrapper[dispatcherServlet] StandardEngine[Tomcat].StandardHost[localhost].TomcatEmbeddedContext[] 
2025-01-07 17:14:20.812 DEBUG [org.apache.catalina.util.LifecycleBase:173] Setting state for [StandardEngine[Tomcat].StandardHost[localhost].TomcatEmbeddedContext[].StandardWrapper[dispatcherServlet]] to [INITIALIZING] 
2025-01-07 17:14:20.813 DEBUG [org.apache.catalina.util.LifecycleBase:173] Setting state for [StandardEngine[Tomcat].StandardHost[localhost].TomcatEmbeddedContext[].StandardWrapper[dispatcherServlet]] to [INITIALIZED] 
2025-01-07 17:14:20.813 DEBUG [org.apache.catalina.util.LifecycleBase:173] Setting state for [StandardEngine[Tomcat].StandardHost[localhost].TomcatEmbeddedContext[].StandardWrapper[dispatcherServlet]] to [STARTING_PREP] 
2025-01-07 17:14:20.814 DEBUG [org.apache.catalina.util.LifecycleBase:173] Setting state for [StandardPipeline[StandardEngine[Tomcat].StandardHost[localhost].TomcatEmbeddedContext[].StandardWrapper[dispatcherServlet]]] to [INITIALIZING] 
2025-01-07 17:14:20.815 DEBUG [org.apache.catalina.util.LifecycleBase:173] Setting state for [StandardPipeline[StandardEngine[Tomcat].StandardHost[localhost].TomcatEmbeddedContext[].StandardWrapper[dispatcherServlet]]] to [INITIALIZED] 
2025-01-07 17:14:20.816 DEBUG [org.apache.catalina.util.LifecycleBase:173] Setting state for [StandardPipeline[StandardEngine[Tomcat].StandardHost[localhost].TomcatEmbeddedContext[].StandardWrapper[dispatcherServlet]]] to [STARTING_PREP] 
2025-01-07 17:14:20.816 DEBUG [org.apache.catalina.util.LifecycleBase:173] Setting state for [StandardWrapperValve[StandardEngine[Tomcat].StandardHost[localhost].TomcatEmbeddedContext[].StandardWrapper[dispatcherServlet]]] to [INITIALIZING] 
2025-01-07 17:14:20.817 DEBUG [org.apache.catalina.util.LifecycleBase:173] Setting state for [StandardWrapperValve[StandardEngine[Tomcat].StandardHost[localhost].TomcatEmbeddedContext[].StandardWrapper[dispatcherServlet]]] to [INITIALIZED] 
2025-01-07 17:14:20.818 DEBUG [org.apache.catalina.util.LifecycleBase:173] Setting state for [StandardWrapperValve[StandardEngine[Tomcat].StandardHost[localhost].TomcatEmbeddedContext[].StandardWrapper[dispatcherServlet]]] to [STARTING_PREP] 
2025-01-07 17:14:20.818 DEBUG [org.apache.catalina.util.LifecycleBase:173] Setting state for [StandardWrapperValve[StandardEngine[Tomcat].StandardHost[localhost].TomcatEmbeddedContext[].StandardWrapper[dispatcherServlet]]] to [STARTING] 
2025-01-07 17:14:20.819 DEBUG [org.apache.catalina.util.LifecycleBase:173] Setting state for [StandardWrapperValve[StandardEngine[Tomcat].StandardHost[localhost].TomcatEmbeddedContext[].StandardWrapper[dispatcherServlet]]] to [STARTED] 
2025-01-07 17:14:20.819 DEBUG [org.apache.catalina.util.LifecycleBase:173] Setting state for [StandardPipeline[StandardEngine[Tomcat].StandardHost[localhost].TomcatEmbeddedContext[].StandardWrapper[dispatcherServlet]]] to [STARTING] 
2025-01-07 17:14:20.819 DEBUG [org.apache.catalina.util.LifecycleBase:173] Setting state for [StandardPipeline[StandardEngine[Tomcat].StandardHost[localhost].TomcatEmbeddedContext[].StandardWrapper[dispatcherServlet]]] to [STARTED] 
2025-01-07 17:14:20.820 DEBUG [org.apache.catalina.util.LifecycleBase:173] Setting state for [StandardEngine[Tomcat].StandardHost[localhost].TomcatEmbeddedContext[].StandardWrapper[dispatcherServlet]] to [STARTING] 
2025-01-07 17:14:20.820 DEBUG [org.apache.catalina.util.LifecycleBase:173] Setting state for [StandardEngine[Tomcat].StandardHost[localhost].TomcatEmbeddedContext[].StandardWrapper[dispatcherServlet]] to [STARTED] 
2025-01-07 17:14:20.835 DEBUG [org.apache.catalina.core.StandardContext:173] Configuring application event listeners 
2025-01-07 17:14:20.836 DEBUG [org.apache.catalina.core.ContainerBase.[Tomcat].[localhost].[/]:173] Sending application start events 
2025-01-07 17:14:20.838 DEBUG [org.apache.catalina.util.LifecycleBase:173] Setting state for [StandardManager[StandardEngine[Tomcat].StandardHost[localhost].TomcatEmbeddedContext[]]] to [INITIALIZING] 
2025-01-07 17:14:20.839 DEBUG [org.apache.catalina.util.LifecycleBase:173] Setting state for [StandardManager[StandardEngine[Tomcat].StandardHost[localhost].TomcatEmbeddedContext[]]] to [INITIALIZED] 
2025-01-07 17:14:20.839 DEBUG [org.apache.catalina.util.LifecycleBase:173] Setting state for [StandardManager[StandardEngine[Tomcat].StandardHost[localhost].TomcatEmbeddedContext[]]] to [STARTING_PREP] 
2025-01-07 17:14:20.840 DEBUG [org.apache.catalina.util.LifecycleBase:173] Setting state for [org.springframework.boot.web.embedded.tomcat.LazySessionIdGenerator@213e3629] to [INITIALIZING] 
2025-01-07 17:14:20.840 DEBUG [org.apache.catalina.util.LifecycleBase:173] Setting state for [org.springframework.boot.web.embedded.tomcat.LazySessionIdGenerator@213e3629] to [INITIALIZED] 
2025-01-07 17:14:20.840 DEBUG [org.apache.catalina.util.LifecycleBase:173] Setting state for [org.springframework.boot.web.embedded.tomcat.LazySessionIdGenerator@213e3629] to [STARTING_PREP] 
2025-01-07 17:14:20.841 DEBUG [org.apache.catalina.util.LifecycleBase:173] Setting state for [org.springframework.boot.web.embedded.tomcat.LazySessionIdGenerator@213e3629] to [STARTING] 
2025-01-07 17:14:20.841 DEBUG [org.apache.catalina.util.LifecycleBase:173] Setting state for [org.springframework.boot.web.embedded.tomcat.LazySessionIdGenerator@213e3629] to [STARTED] 
2025-01-07 17:14:20.841 DEBUG [org.apache.catalina.session.StandardManager:173] Start: Loading persisted sessions 
2025-01-07 17:14:20.842 DEBUG [org.apache.catalina.session.StandardManager:173] Loading persisted sessions from [SESSIONS.ser] 
2025-01-07 17:14:20.842 DEBUG [org.apache.catalina.session.StandardManager:173] No persisted data file found 
2025-01-07 17:14:20.843 DEBUG [org.apache.catalina.util.LifecycleBase:173] Setting state for [StandardManager[StandardEngine[Tomcat].StandardHost[localhost].TomcatEmbeddedContext[]]] to [STARTING] 
2025-01-07 17:14:20.844 DEBUG [org.apache.catalina.util.LifecycleBase:173] Setting state for [StandardManager[StandardEngine[Tomcat].StandardHost[localhost].TomcatEmbeddedContext[]]] to [STARTED] 
2025-01-07 17:14:20.844 DEBUG [org.apache.catalina.core.ContainerBase.[Tomcat].[localhost].[/]:173] Starting filters 
2025-01-07 17:14:20.844 DEBUG [org.apache.catalina.core.ContainerBase.[Tomcat].[localhost].[/]:173]  Starting filter 'webMvcMetricsFilter' 
2025-01-07 17:14:20.848 DEBUG [org.springframework.boot.actuate.metrics.web.servlet.WebMvcMetricsFilter:242] Filter 'webMvcMetricsFilter' configured for use 
2025-01-07 17:14:20.848 DEBUG [org.apache.catalina.core.ContainerBase.[Tomcat].[localhost].[/]:173]  Starting filter 'Tomcat WebSocket (JSR356) Filter' 
2025-01-07 17:14:20.849 DEBUG [org.apache.catalina.core.ContainerBase.[Tomcat].[localhost].[/]:173]  Starting filter 'characterEncodingFilter' 
2025-01-07 17:14:20.849 DEBUG [org.springframework.boot.web.servlet.filter.OrderedCharacterEncodingFilter:242] Filter 'characterEncodingFilter' configured for use 
2025-01-07 17:14:20.850 DEBUG [org.apache.catalina.core.StandardContext:173] Starting completed 
2025-01-07 17:14:20.850 DEBUG [org.apache.catalina.util.LifecycleBase:173] Setting state for [StandardEngine[Tomcat].StandardHost[localhost].TomcatEmbeddedContext[]] to [STARTING] 
2025-01-07 17:14:20.850 DEBUG [org.apache.catalina.util.LifecycleBase:173] Setting state for [StandardEngine[Tomcat].StandardHost[localhost].TomcatEmbeddedContext[]] to [STARTED] 
2025-01-07 17:14:20.851 DEBUG [org.apache.catalina.util.LifecycleBase:173] Setting state for [StandardPipeline[StandardEngine[Tomcat].StandardHost[localhost]]] to [INITIALIZING] 
2025-01-07 17:14:20.851 DEBUG [org.apache.catalina.util.LifecycleBase:173] Setting state for [StandardPipeline[StandardEngine[Tomcat].StandardHost[localhost]]] to [INITIALIZED] 
2025-01-07 17:14:20.852 DEBUG [org.apache.catalina.util.LifecycleBase:173] Setting state for [StandardPipeline[StandardEngine[Tomcat].StandardHost[localhost]]] to [STARTING_PREP] 
2025-01-07 17:14:20.852 DEBUG [org.apache.catalina.util.LifecycleBase:173] Setting state for [ErrorReportValve[StandardEngine[Tomcat].StandardHost[localhost]]] to [INITIALIZING] 
2025-01-07 17:14:20.852 DEBUG [org.apache.catalina.util.LifecycleBase:173] Setting state for [ErrorReportValve[StandardEngine[Tomcat].StandardHost[localhost]]] to [INITIALIZED] 
2025-01-07 17:14:20.853 DEBUG [org.apache.catalina.util.LifecycleBase:173] Setting state for [ErrorReportValve[StandardEngine[Tomcat].StandardHost[localhost]]] to [STARTING_PREP] 
2025-01-07 17:14:20.853 DEBUG [org.apache.catalina.util.LifecycleBase:173] Setting state for [ErrorReportValve[StandardEngine[Tomcat].StandardHost[localhost]]] to [STARTING] 
2025-01-07 17:14:20.853 DEBUG [org.apache.catalina.util.LifecycleBase:173] Setting state for [ErrorReportValve[StandardEngine[Tomcat].StandardHost[localhost]]] to [STARTED] 
2025-01-07 17:14:20.854 DEBUG [org.apache.catalina.util.LifecycleBase:173] Setting state for [StandardHostValve[StandardEngine[Tomcat].StandardHost[localhost]]] to [INITIALIZING] 
2025-01-07 17:14:20.854 DEBUG [org.apache.catalina.util.LifecycleBase:173] Setting state for [StandardHostValve[StandardEngine[Tomcat].StandardHost[localhost]]] to [INITIALIZED] 
2025-01-07 17:14:20.855 DEBUG [org.apache.catalina.util.LifecycleBase:173] Setting state for [StandardHostValve[StandardEngine[Tomcat].StandardHost[localhost]]] to [STARTING_PREP] 
2025-01-07 17:14:20.856 DEBUG [org.apache.catalina.util.LifecycleBase:173] Setting state for [StandardHostValve[StandardEngine[Tomcat].StandardHost[localhost]]] to [STARTING] 
2025-01-07 17:14:20.856 DEBUG [org.apache.catalina.util.LifecycleBase:173] Setting state for [StandardHostValve[StandardEngine[Tomcat].StandardHost[localhost]]] to [STARTED] 
2025-01-07 17:14:20.856 DEBUG [org.apache.catalina.util.LifecycleBase:173] Setting state for [StandardPipeline[StandardEngine[Tomcat].StandardHost[localhost]]] to [STARTING] 
2025-01-07 17:14:20.857 DEBUG [org.apache.catalina.util.LifecycleBase:173] Setting state for [StandardPipeline[StandardEngine[Tomcat].StandardHost[localhost]]] to [STARTED] 
2025-01-07 17:14:20.858 DEBUG [org.apache.catalina.util.LifecycleBase:173] Setting state for [StandardEngine[Tomcat].StandardHost[localhost]] to [STARTING] 
2025-01-07 17:14:20.858 DEBUG [org.apache.catalina.util.LifecycleBase:173] Setting state for [StandardEngine[Tomcat].StandardHost[localhost]] to [STARTED] 
2025-01-07 17:14:20.859 DEBUG [org.apache.catalina.util.LifecycleBase:173] Setting state for [StandardPipeline[StandardEngine[Tomcat]]] to [INITIALIZING] 
2025-01-07 17:14:20.859 DEBUG [org.apache.catalina.util.LifecycleBase:173] Setting state for [StandardPipeline[StandardEngine[Tomcat]]] to [INITIALIZED] 
2025-01-07 17:14:20.860 DEBUG [org.apache.catalina.util.LifecycleBase:173] Setting state for [StandardPipeline[StandardEngine[Tomcat]]] to [STARTING_PREP] 
2025-01-07 17:14:20.860 DEBUG [org.apache.catalina.util.LifecycleBase:173] Setting state for [StandardEngineValve[StandardEngine[Tomcat]]] to [INITIALIZING] 
2025-01-07 17:14:20.861 DEBUG [org.apache.catalina.util.LifecycleBase:173] Setting state for [StandardEngineValve[StandardEngine[Tomcat]]] to [INITIALIZED] 
2025-01-07 17:14:20.862 DEBUG [org.apache.catalina.util.LifecycleBase:173] Setting state for [StandardEngineValve[StandardEngine[Tomcat]]] to [STARTING_PREP] 
2025-01-07 17:14:20.862 DEBUG [org.apache.catalina.util.LifecycleBase:173] Setting state for [StandardEngineValve[StandardEngine[Tomcat]]] to [STARTING] 
2025-01-07 17:14:20.862 DEBUG [org.apache.catalina.util.LifecycleBase:173] Setting state for [StandardEngineValve[StandardEngine[Tomcat]]] to [STARTED] 
2025-01-07 17:14:20.863 DEBUG [org.apache.catalina.util.LifecycleBase:173] Setting state for [StandardPipeline[StandardEngine[Tomcat]]] to [STARTING] 
2025-01-07 17:14:20.863 DEBUG [org.apache.catalina.util.LifecycleBase:173] Setting state for [StandardPipeline[StandardEngine[Tomcat]]] to [STARTED] 
2025-01-07 17:14:20.863 DEBUG [org.apache.catalina.util.LifecycleBase:173] Setting state for [StandardEngine[Tomcat]] to [STARTING] 
2025-01-07 17:14:20.866 DEBUG [org.apache.catalina.util.LifecycleBase:173] Setting state for [StandardEngine[Tomcat]] to [STARTED] 
2025-01-07 17:14:20.866 DEBUG [org.apache.catalina.util.LifecycleBase:173] Setting state for [org.apache.catalina.mapper.MapperListener@72bd06ca] to [STARTING_PREP] 
2025-01-07 17:14:20.867 DEBUG [org.apache.catalina.util.LifecycleBase:173] Setting state for [org.apache.catalina.mapper.MapperListener@72bd06ca] to [STARTING] 
2025-01-07 17:14:20.868 DEBUG [org.apache.catalina.mapper.Mapper:173] Registered host [localhost] 
2025-01-07 17:14:20.869 DEBUG [org.apache.catalina.mapper.MapperListener:173] Register Wrapper [dispatcherServlet] in Context [] for service [StandardService[Tomcat]] 
2025-01-07 17:14:20.870 DEBUG [org.apache.catalina.mapper.MapperListener:173] Register Context [] for service [StandardService[Tomcat]] 
2025-01-07 17:14:20.870 DEBUG [org.apache.catalina.mapper.MapperListener:173] Register host [localhost] at domain [null] for service [StandardService[Tomcat]] 
2025-01-07 17:14:20.870 DEBUG [org.apache.catalina.util.LifecycleBase:173] Setting state for [org.apache.catalina.mapper.MapperListener@72bd06ca] to [STARTED] 
2025-01-07 17:14:20.871 DEBUG [org.apache.catalina.util.LifecycleBase:173] Setting state for [StandardService[Tomcat]] to [STARTED] 
2025-01-07 17:14:20.871 DEBUG [org.apache.catalina.util.LifecycleBase:173] Setting state for [StandardServer[-1]] to [STARTED] 
2025-01-07 17:14:20.877 DEBUG [org.springframework.beans.factory.support.DefaultListableBeanFactory:225] Creating shared instance of singleton bean 'dataSourceScriptDatabaseInitializer' 
2025-01-07 17:14:20.879 DEBUG [org.springframework.beans.factory.support.DefaultListableBeanFactory:225] Creating shared instance of singleton bean 'org.springframework.boot.autoconfigure.sql.init.DataSourceInitializationConfiguration' 
2025-01-07 17:14:20.880 DEBUG [org.springframework.beans.factory.support.DefaultListableBeanFactory:225] Creating shared instance of singleton bean 'spring.sql.init-org.springframework.boot.autoconfigure.sql.init.SqlInitializationProperties' 
2025-01-07 17:14:20.882 DEBUG [org.springframework.beans.factory.support.DefaultListableBeanFactory:808] Autowiring by type from bean name 'dataSourceScriptDatabaseInitializer' via factory method to bean named 'dataSource' 
2025-01-07 17:14:20.883 DEBUG [org.springframework.beans.factory.support.DefaultListableBeanFactory:808] Autowiring by type from bean name 'dataSourceScriptDatabaseInitializer' via factory method to bean named 'spring.sql.init-org.springframework.boot.autoconfigure.sql.init.SqlInitializationProperties' 
2025-01-07 17:14:20.887 DEBUG [org.springframework.beans.factory.support.DefaultListableBeanFactory:225] Creating shared instance of singleton bean 'entityManagerFactory' 
2025-01-07 17:14:20.888 DEBUG [org.springframework.beans.factory.support.DefaultListableBeanFactory:225] Creating shared instance of singleton bean 'org.springframework.boot.autoconfigure.orm.jpa.HibernateJpaConfiguration' 
2025-01-07 17:14:20.890 DEBUG [org.springframework.beans.factory.support.DefaultListableBeanFactory:225] Creating shared instance of singleton bean 'spring.jpa-org.springframework.boot.autoconfigure.orm.jpa.JpaProperties' 
2025-01-07 17:14:20.894 DEBUG [org.springframework.beans.factory.support.DefaultListableBeanFactory:225] Creating shared instance of singleton bean 'spring.jpa.hibernate-org.springframework.boot.autoconfigure.orm.jpa.HibernateProperties' 
2025-01-07 17:14:20.897 DEBUG [org.springframework.beans.factory.support.DefaultListableBeanFactory:808] Autowiring by type from bean name 'org.springframework.boot.autoconfigure.orm.jpa.HibernateJpaConfiguration' via constructor to bean named 'dataSource' 
2025-01-07 17:14:20.897 DEBUG [org.springframework.beans.factory.support.DefaultListableBeanFactory:808] Autowiring by type from bean name 'org.springframework.boot.autoconfigure.orm.jpa.HibernateJpaConfiguration' via constructor to bean named 'spring.jpa-org.springframework.boot.autoconfigure.orm.jpa.JpaProperties' 
2025-01-07 17:14:20.898 DEBUG [org.springframework.beans.factory.support.DefaultListableBeanFactory:808] Autowiring by type from bean name 'org.springframework.boot.autoconfigure.orm.jpa.HibernateJpaConfiguration' via constructor to bean named 'org.springframework.beans.factory.support.DefaultListableBeanFactory@2177849e' 
2025-01-07 17:14:20.898 DEBUG [org.springframework.beans.factory.support.DefaultListableBeanFactory:808] Autowiring by type from bean name 'org.springframework.boot.autoconfigure.orm.jpa.HibernateJpaConfiguration' via constructor to bean named 'spring.jpa.hibernate-org.springframework.boot.autoconfigure.orm.jpa.HibernateProperties' 
2025-01-07 17:14:20.902 DEBUG [org.springframework.beans.factory.support.DefaultListableBeanFactory:225] Creating shared instance of singleton bean 'entityManagerFactoryBuilder' 
2025-01-07 17:14:20.903 DEBUG [org.springframework.beans.factory.support.DefaultListableBeanFactory:225] Creating shared instance of singleton bean 'jpaVendorAdapter' 
2025-01-07 17:14:20.951 DEBUG [org.jboss.logging:152] Logging Provider: org.jboss.logging.Log4j2LoggerProvider 
2025-01-07 17:14:20.953 DEBUG [org.springframework.beans.factory.support.DefaultListableBeanFactory:808] Autowiring by type from bean name 'entityManagerFactoryBuilder' via factory method to bean named 'jpaVendorAdapter' 
2025-01-07 17:14:20.955 DEBUG [org.springframework.beans.factory.support.DefaultListableBeanFactory:808] Autowiring by type from bean name 'entityManagerFactory' via factory method to bean named 'entityManagerFactoryBuilder' 
2025-01-07 17:14:20.962 DEBUG [org.springframework.jdbc.datasource.DataSourceUtils:116] Fetching JDBC Connection from DataSource 
2025-01-07 17:14:20.963 DEBUG [com.zaxxer.hikari.HikariConfig:1103] HikariPool-1 - configuration: 
2025-01-07 17:14:20.965 DEBUG [com.zaxxer.hikari.HikariConfig:1135] allowPoolSuspension................................false 
2025-01-07 17:14:20.965 DEBUG [com.zaxxer.hikari.HikariConfig:1135] autoCommit................................true 
2025-01-07 17:14:20.966 DEBUG [com.zaxxer.hikari.HikariConfig:1135] catalog................................none 
2025-01-07 17:14:20.966 DEBUG [com.zaxxer.hikari.HikariConfig:1135] connectionInitSql................................none 
2025-01-07 17:14:20.966 DEBUG [com.zaxxer.hikari.HikariConfig:1135] connectionTestQuery................................none 
2025-01-07 17:14:20.967 DEBUG [com.zaxxer.hikari.HikariConfig:1135] connectionTimeout................................30000 
2025-01-07 17:14:20.967 DEBUG [com.zaxxer.hikari.HikariConfig:1135] dataSource................................none 
2025-01-07 17:14:20.968 DEBUG [com.zaxxer.hikari.HikariConfig:1135] dataSourceClassName................................none 
2025-01-07 17:14:20.968 DEBUG [com.zaxxer.hikari.HikariConfig:1135] dataSourceJNDI................................none 
2025-01-07 17:14:20.969 DEBUG [com.zaxxer.hikari.HikariConfig:1135] dataSourceProperties................................{password=<masked>} 
2025-01-07 17:14:20.969 DEBUG [com.zaxxer.hikari.HikariConfig:1135] driverClassName................................"com.microsoft.sqlserver.jdbc.SQLServerDriver" 
2025-01-07 17:14:20.970 DEBUG [com.zaxxer.hikari.HikariConfig:1135] exceptionOverrideClassName................................none 
2025-01-07 17:14:20.970 DEBUG [com.zaxxer.hikari.HikariConfig:1135] healthCheckProperties................................{} 
2025-01-07 17:14:20.970 DEBUG [com.zaxxer.hikari.HikariConfig:1135] healthCheckRegistry................................none 
2025-01-07 17:14:20.970 DEBUG [com.zaxxer.hikari.HikariConfig:1135] idleTimeout................................600000 
2025-01-07 17:14:20.971 DEBUG [com.zaxxer.hikari.HikariConfig:1135] initializationFailTimeout................................1 
2025-01-07 17:14:20.971 DEBUG [com.zaxxer.hikari.HikariConfig:1135] isolateInternalQueries................................false 
2025-01-07 17:14:20.972 DEBUG [com.zaxxer.hikari.HikariConfig:1135] jdbcUrl................................jdbc:sqlserver://C21SQL04\AMOS.1:1433;databaseName=CS_Caissa_Central_Master_Data;integratedSecurity=true;encrypt=false 
2025-01-07 17:14:20.972 DEBUG [com.zaxxer.hikari.HikariConfig:1135] keepaliveTime................................0 
2025-01-07 17:14:20.972 DEBUG [com.zaxxer.hikari.HikariConfig:1135] leakDetectionThreshold................................0 
2025-01-07 17:14:20.973 DEBUG [com.zaxxer.hikari.HikariConfig:1135] maxLifetime................................1800000 
2025-01-07 17:14:20.973 DEBUG [com.zaxxer.hikari.HikariConfig:1135] maximumPoolSize................................10 
2025-01-07 17:14:20.974 DEBUG [com.zaxxer.hikari.HikariConfig:1135] metricRegistry................................none 
2025-01-07 17:14:20.974 DEBUG [com.zaxxer.hikari.HikariConfig:1135] metricsTrackerFactory................................com.zaxxer.hikari.metrics.micrometer.MicrometerMetricsTrackerFactory@4102b1b1 
2025-01-07 17:14:20.975 DEBUG [com.zaxxer.hikari.HikariConfig:1135] minimumIdle................................10 
2025-01-07 17:14:20.975 DEBUG [com.zaxxer.hikari.HikariConfig:1135] password................................<masked> 
2025-01-07 17:14:20.976 DEBUG [com.zaxxer.hikari.HikariConfig:1135] poolName................................"HikariPool-1" 
2025-01-07 17:14:20.976 DEBUG [com.zaxxer.hikari.HikariConfig:1135] readOnly................................false 
2025-01-07 17:14:20.976 DEBUG [com.zaxxer.hikari.HikariConfig:1135] registerMbeans................................false 
2025-01-07 17:14:20.977 DEBUG [com.zaxxer.hikari.HikariConfig:1135] scheduledExecutor................................none 
2025-01-07 17:14:20.977 DEBUG [com.zaxxer.hikari.HikariConfig:1135] schema................................none 
2025-01-07 17:14:20.978 DEBUG [com.zaxxer.hikari.HikariConfig:1135] threadFactory................................internal 
2025-01-07 17:14:20.978 DEBUG [com.zaxxer.hikari.HikariConfig:1135] transactionIsolation................................default 
2025-01-07 17:14:20.978 DEBUG [com.zaxxer.hikari.HikariConfig:1135] username................................none 
2025-01-07 17:14:20.979 DEBUG [com.zaxxer.hikari.HikariConfig:1135] validationTimeout................................5000 
2025-01-07 17:14:20.980  INFO [com.zaxxer.hikari.HikariDataSource:110] HikariPool-1 - Starting... 
2025-01-07 17:14:20.984 DEBUG [com.microsoft.sqlserver.jdbc.internals.SQLServerDriver:290] Property:serverName Value:C21SQL04 
2025-01-07 17:14:20.985 DEBUG [com.microsoft.sqlserver.jdbc.internals.SQLServerDriver:328] Property:instanceName Value:AMOS.1 
2025-01-07 17:14:20.985 DEBUG [com.microsoft.sqlserver.jdbc.internals.SQLServerDriver:312] Property:portNumber Value:1433 
2025-01-07 17:14:20.986 DEBUG [com.microsoft.sqlserver.jdbc.internals.SQLServerDriver:378] Property:databaseName Value:CS_Caissa_Central_Master_Data 
2025-01-07 17:14:20.986 DEBUG [com.microsoft.sqlserver.jdbc.internals.SQLServerDriver:378] Property:integratedSecurity Value:true 
2025-01-07 17:14:20.987 DEBUG [com.microsoft.sqlserver.jdbc.internals.SQLServerDriver:499] Property:encrypt Value:false 
2025-01-07 17:14:20.993 DEBUG [com.microsoft.sqlserver.jdbc.Driver:919] Microsoft JDBC Driver 10.2.0.0 for SQL Server 
2025-01-07 17:14:20.993 DEBUG [com.microsoft.sqlserver.jdbc.internals.SQLServerDriver:290] Property:serverName Value:C21SQL04 
2025-01-07 17:14:20.993 DEBUG [com.microsoft.sqlserver.jdbc.internals.SQLServerDriver:328] Property:instanceName Value:AMOS.1 
2025-01-07 17:14:20.994 DEBUG [com.microsoft.sqlserver.jdbc.internals.SQLServerDriver:312] Property:portNumber Value:1433 
2025-01-07 17:14:20.994 DEBUG [com.microsoft.sqlserver.jdbc.internals.SQLServerDriver:378] Property:databaseName Value:CS_Caissa_Central_Master_Data 
2025-01-07 17:14:20.995 DEBUG [com.microsoft.sqlserver.jdbc.internals.SQLServerDriver:378] Property:integratedSecurity Value:true 
2025-01-07 17:14:20.995 DEBUG [com.microsoft.sqlserver.jdbc.internals.SQLServerDriver:499] Property:encrypt Value:false 
2025-01-07 17:14:21.021 DEBUG [com.microsoft.sqlserver.jdbc.internals.SQLServerConnection:1466] ConnectionID:1 created by (SQLServerDriver:1) 
2025-01-07 17:14:21.024 DEBUG [com.microsoft.sqlserver.jdbc.internals.SQLServerConnection:2825] ConnectionID:1 This attempt server name: C21SQL04 port: 1433 InstanceName: amos.1 useParallel: false 
2025-01-07 17:14:21.024 DEBUG [com.microsoft.sqlserver.jdbc.internals.SQLServerConnection:2828] ConnectionID:1 This attempt endtime: 1736262864773 
2025-01-07 17:14:21.025 DEBUG [com.microsoft.sqlserver.jdbc.internals.SQLServerConnection:2829] ConnectionID:1 This attempt No: 0 
2025-01-07 17:14:21.025 DEBUG [com.microsoft.sqlserver.jdbc.internals.SQLServerConnection:3165] ConnectionID:1 Connecting with server: C21SQL04 port: 1433 Timeout slice: 3748 Timeout Full: 30 
2025-01-07 17:14:21.220 DEBUG [com.microsoft.sqlserver.jdbc.internals.SQLServerConnection:3547] ConnectionID:1 ClientConnectionId: adb45cda-79a4-4077-ac8d-adbe50eb5b8f Server returned major version:13 
2025-01-07 17:14:21.439 DEBUG [jdk.event.security:274] X509Certificate: Alg:SHA1withRSA, Serial:316bb12f54f763b74a9be6fef847cd8f, Subject:CN=SSL_Self_Signed_Fallback, Issuer:CN=SSL_Self_Signed_Fallback, Key type:RSA, Length:2048, Cert Id:-1000310061, Valid from:2024/11/17, 01:12, Valid until:2054/11/17, 01:12 
2025-01-07 17:14:21.534 DEBUG [jdk.event.security:274]  TLSHandshake: C21SQL04:1433, TLSv1.2, TLS_ECDHE_RSA_WITH_AES_256_CBC_SHA384, -1000310061 
2025-01-07 17:14:21.545 DEBUG [com.microsoft.sqlserver.jdbc.internals.SQLServerException:116] *** SQLException:ConnectionID:1 ClientConnectionId: adb45cda-79a4-4077-ac8d-adbe50eb5b8f com.microsoft.sqlserver.jdbc.SQLServerException: This driver is not configured for integrated authentication. ClientConnectionId:adb45cda-79a4-4077-ac8d-adbe50eb5b8f This driver is not configured for integrated authentication. ClientConnectionId:adb45cda-79a4-4077-ac8d-adbe50eb5b8f 
2025-01-07 17:14:21.546 DEBUG [com.microsoft.sqlserver.jdbc.internals.SQLServerException:130] com.microsoft.sqlserver.jdbc.SQLServerConnection.terminate(SQLServerConnection.java:3680)com.microsoft.sqlserver.jdbc.AuthenticationJNI.<init>(AuthenticationJNI.java:74)com.microsoft.sqlserver.jdbc.SQLServerConnection.logon(SQLServerConnection.java:4734)com.microsoft.sqlserver.jdbc.SQLServerConnection.access$100(SQLServerConnection.java:90)com.microsoft.sqlserver.jdbc.SQLServerConnection$LogonCommand.doExecute(SQLServerConnection.java:4723)com.microsoft.sqlserver.jdbc.TDSCommand.execute(IOBuffer.java:7785)com.microsoft.sqlserver.jdbc.SQLServerConnection.executeCommand(SQLServerConnection.java:3793)com.microsoft.sqlserver.jdbc.SQLServerConnection.connectHelper(SQLServerConnection.java:3233)com.microsoft.sqlserver.jdbc.SQLServerConnection.login(SQLServerConnection.java:2833)com.microsoft.sqlserver.jdbc.SQLServerConnection.connectInternal(SQLServerConnection.java:2671)com.microsoft.sqlserver.jdbc.SQLServerConnection.connect(SQLServerConnection.java:1640)com.microsoft.sqlserver.jdbc.SQLServerDriver.connect(SQLServerDriver.java:936)com.zaxxer.hikari.util.DriverDataSource.getConnection(DriverDataSource.java:121)com.zaxxer.hikari.pool.PoolBase.newConnection(PoolBase.java:364)com.zaxxer.hikari.pool.PoolBase.newPoolEntry(PoolBase.java:206)com.zaxxer.hikari.pool.HikariPool.createPoolEntry(HikariPool.java:476)com.zaxxer.hikari.pool.HikariPool.checkFailFast(HikariPool.java:561)com.zaxxer.hikari.pool.HikariPool.<init>(HikariPool.java:115)com.zaxxer.hikari.HikariDataSource.getConnection(HikariDataSource.java:112)org.springframework.jdbc.datasource.DataSourceUtils.fetchConnection(DataSourceUtils.java:159)org.springframework.jdbc.datasource.DataSourceUtils.doGetConnection(DataSourceUtils.java:117)org.springframework.jdbc.datasource.DataSourceUtils.getConnection(DataSourceUtils.java:80)org.springframework.jdbc.core.JdbcTemplate.execute(JdbcTemplate.java:330)org.springframework.boot.jdbc.EmbeddedDatabaseConnection.isEmbedded(EmbeddedDatabaseConnection.java:162)org.springframework.boot.autoconfigure.orm.jpa.HibernateDefaultDdlAutoProvider.getDefaultDdlAuto(HibernateDefaultDdlAutoProvider.java:42)org.springframework.boot.autoconfigure.orm.jpa.HibernateJpaConfiguration.lambda$getVendorProperties$1(HibernateJpaConfiguration.java:130)org.springframework.boot.autoconfigure.orm.jpa.HibernateSettings.getDdlAuto(HibernateSettings.java:41)org.springframework.boot.autoconfigure.orm.jpa.HibernateProperties.determineDdlAuto(HibernateProperties.java:143)org.springframework.boot.autoconfigure.orm.jpa.HibernateProperties.getAdditionalProperties(HibernateProperties.java:103)org.springframework.boot.autoconfigure.orm.jpa.HibernateProperties.determineHibernateProperties(HibernateProperties.java:95)org.springframework.boot.autoconfigure.orm.jpa.HibernateJpaConfiguration.getVendorProperties(HibernateJpaConfiguration.java:132)org.springframework.boot.autoconfigure.orm.jpa.JpaBaseConfiguration.entityManagerFactory(JpaBaseConfiguration.java:132)java.base/jdk.internal.reflect.NativeMethodAccessorImpl.invoke0(Native Method)java.base/jdk.internal.reflect.NativeMethodAccessorImpl.invoke(NativeMethodAccessorImpl.java:77)java.base/jdk.internal.reflect.DelegatingMethodAccessorImpl.invoke(DelegatingMethodAccessorImpl.java:43)java.base/java.lang.reflect.Method.invoke(Method.java:568)org.springframework.beans.factory.support.SimpleInstantiationStrategy.instantiate(SimpleInstantiationStrategy.java:154)org.springframework.beans.factory.support.ConstructorResolver.instantiate(ConstructorResolver.java:653)org.springframework.beans.factory.support.ConstructorResolver.instantiateUsingFactoryMethod(ConstructorResolver.java:638)org.springframework.beans.factory.support.AbstractAutowireCapableBeanFactory.instantiateUsingFactoryMethod(AbstractAutowireCapableBeanFactory.java:1352)org.springframework.beans.factory.support.AbstractAutowireCapableBeanFactory.createBeanInstance(AbstractAutowireCapableBeanFactory.java:1195)org.springframework.beans.factory.support.AbstractAutowireCapableBeanFactory.doCreateBean(AbstractAutowireCapableBeanFactory.java:582)org.springframework.beans.factory.support.AbstractAutowireCapableBeanFactory.createBean(AbstractAutowireCapableBeanFactory.java:542)org.springframework.beans.factory.support.AbstractBeanFactory.lambda$doGetBean$0(AbstractBeanFactory.java:335)org.springframework.beans.factory.support.DefaultSingletonBeanRegistry.getSingleton(DefaultSingletonBeanRegistry.java:234)org.springframework.beans.factory.support.AbstractBeanFactory.doGetBean(AbstractBeanFactory.java:333)org.springframework.beans.factory.support.AbstractBeanFactory.getBean(AbstractBeanFactory.java:208)org.springframework.context.support.AbstractApplicationContext.getBean(AbstractApplicationContext.java:1154)org.springframework.context.support.AbstractApplicationContext.finishBeanFactoryInitialization(AbstractApplicationContext.java:908)org.springframework.context.support.AbstractApplicationContext.refresh(AbstractApplicationContext.java:583)org.springframework.boot.web.servlet.context.ServletWebServerApplicationContext.refresh(ServletWebServerApplicationContext.java:147)org.springframework.boot.SpringApplication.refresh(SpringApplication.java:734)org.springframework.boot.SpringApplication.refreshContext(SpringApplication.java:408)org.springframework.boot.SpringApplication.run(SpringApplication.java:308)org.springframework.boot.SpringApplication.run(SpringApplication.java:1306)org.springframework.boot.SpringApplication.run(SpringApplication.java:1295)za.co.woolworths.itemkafka_poc.KafkaItemProducerPocApplication.main(KafkaItemProducerPocApplication.java:10)java.base/jdk.internal.reflect.NativeMethodAccessorImpl.invoke0(Native Method)java.base/jdk.internal.reflect.NativeMethodAccessorImpl.invoke(NativeMethodAccessorImpl.java:77)java.base/jdk.internal.reflect.DelegatingMethodAccessorImpl.invoke(DelegatingMethodAccessorImpl.java:43)java.base/java.lang.reflect.Method.invoke(Method.java:568)org.springframework.boot.loader.MainMethodRunner.run(MainMethodRunner.java:49)org.springframework.boot.loader.Launcher.launch(Launcher.java:108)org.springframework.boot.loader.Launcher.launch(Launcher.java:58)org.springframework.boot.loader.JarLauncher.main(JarLauncher.java:65) 
2025-01-07 17:14:21.554 DEBUG [com.microsoft.sqlserver.jdbc.internals.SQLServerConnection:2944] ConnectionID:1 ClientConnectionId: adb45cda-79a4-4077-ac8d-adbe50eb5b8f sleeping milisec: 100 
2025-01-07 17:14:21.657 DEBUG [com.microsoft.sqlserver.jdbc.internals.SQLServerConnection:2825] ConnectionID:1 This attempt server name: C21SQL04 port: 1433 InstanceName: amos.1 useParallel: false 
2025-01-07 17:14:21.658 DEBUG [com.microsoft.sqlserver.jdbc.internals.SQLServerConnection:2828] ConnectionID:1 This attempt endtime: 1736262869157 
2025-01-07 17:14:21.659 DEBUG [com.microsoft.sqlserver.jdbc.internals.SQLServerConnection:2829] ConnectionID:1 This attempt No: 1 
2025-01-07 17:14:21.660 DEBUG [com.microsoft.sqlserver.jdbc.internals.SQLServerConnection:3165] ConnectionID:1 Connecting with server: C21SQL04 port: 1433 Timeout slice: 7497 Timeout Full: 30 
2025-01-07 17:14:21.954 DEBUG [com.microsoft.sqlserver.jdbc.internals.SQLServerConnection:3547] ConnectionID:1 ClientConnectionId: b457da91-7a5e-4c7c-b26d-5afe60e4c5a1 Server returned major version:13 
2025-01-07 17:14:22.360 DEBUG [jdk.event.security:274]  TLSHandshake: C21SQL04:1433, TLSv1.2, TLS_ECDHE_RSA_WITH_AES_256_CBC_SHA384, -1000310061 
2025-01-07 17:14:22.362 DEBUG [com.microsoft.sqlserver.jdbc.internals.SQLServerException:116] *** SQLException:ConnectionID:1 ClientConnectionId: b457da91-7a5e-4c7c-b26d-5afe60e4c5a1 com.microsoft.sqlserver.jdbc.SQLServerException: This driver is not configured for integrated authentication. ClientConnectionId:b457da91-7a5e-4c7c-b26d-5afe60e4c5a1 This driver is not configured for integrated authentication. ClientConnectionId:b457da91-7a5e-4c7c-b26d-5afe60e4c5a1 
2025-01-07 17:14:22.363 DEBUG [com.microsoft.sqlserver.jdbc.internals.SQLServerException:130] com.microsoft.sqlserver.jdbc.SQLServerConnection.terminate(SQLServerConnection.java:3680)com.microsoft.sqlserver.jdbc.AuthenticationJNI.<init>(AuthenticationJNI.java:74)com.microsoft.sqlserver.jdbc.SQLServerConnection.logon(SQLServerConnection.java:4734)com.microsoft.sqlserver.jdbc.SQLServerConnection.access$100(SQLServerConnection.java:90)com.microsoft.sqlserver.jdbc.SQLServerConnection$LogonCommand.doExecute(SQLServerConnection.java:4723)com.microsoft.sqlserver.jdbc.TDSCommand.execute(IOBuffer.java:7785)com.microsoft.sqlserver.jdbc.SQLServerConnection.executeCommand(SQLServerConnection.java:3793)com.microsoft.sqlserver.jdbc.SQLServerConnection.connectHelper(SQLServerConnection.java:3233)com.microsoft.sqlserver.jdbc.SQLServerConnection.login(SQLServerConnection.java:2833)com.microsoft.sqlserver.jdbc.SQLServerConnection.connectInternal(SQLServerConnection.java:2671)com.microsoft.sqlserver.jdbc.SQLServerConnection.connect(SQLServerConnection.java:1640)com.microsoft.sqlserver.jdbc.SQLServerDriver.connect(SQLServerDriver.java:936)com.zaxxer.hikari.util.DriverDataSource.getConnection(DriverDataSource.java:121)com.zaxxer.hikari.pool.PoolBase.newConnection(PoolBase.java:364)com.zaxxer.hikari.pool.PoolBase.newPoolEntry(PoolBase.java:206)com.zaxxer.hikari.pool.HikariPool.createPoolEntry(HikariPool.java:476)com.zaxxer.hikari.pool.HikariPool.checkFailFast(HikariPool.java:561)com.zaxxer.hikari.pool.HikariPool.<init>(HikariPool.java:115)com.zaxxer.hikari.HikariDataSource.getConnection(HikariDataSource.java:112)org.springframework.jdbc.datasource.DataSourceUtils.fetchConnection(DataSourceUtils.java:159)org.springframework.jdbc.datasource.DataSourceUtils.doGetConnection(DataSourceUtils.java:117)org.springframework.jdbc.datasource.DataSourceUtils.getConnection(DataSourceUtils.java:80)org.springframework.jdbc.core.JdbcTemplate.execute(JdbcTemplate.java:330)org.springframework.boot.jdbc.EmbeddedDatabaseConnection.isEmbedded(EmbeddedDatabaseConnection.java:162)org.springframework.boot.autoconfigure.orm.jpa.HibernateDefaultDdlAutoProvider.getDefaultDdlAuto(HibernateDefaultDdlAutoProvider.java:42)org.springframework.boot.autoconfigure.orm.jpa.HibernateJpaConfiguration.lambda$getVendorProperties$1(HibernateJpaConfiguration.java:130)org.springframework.boot.autoconfigure.orm.jpa.HibernateSettings.getDdlAuto(HibernateSettings.java:41)org.springframework.boot.autoconfigure.orm.jpa.HibernateProperties.determineDdlAuto(HibernateProperties.java:143)org.springframework.boot.autoconfigure.orm.jpa.HibernateProperties.getAdditionalProperties(HibernateProperties.java:103)org.springframework.boot.autoconfigure.orm.jpa.HibernateProperties.determineHibernateProperties(HibernateProperties.java:95)org.springframework.boot.autoconfigure.orm.jpa.HibernateJpaConfiguration.getVendorProperties(HibernateJpaConfiguration.java:132)org.springframework.boot.autoconfigure.orm.jpa.JpaBaseConfiguration.entityManagerFactory(JpaBaseConfiguration.java:132)java.base/jdk.internal.reflect.NativeMethodAccessorImpl.invoke0(Native Method)java.base/jdk.internal.reflect.NativeMethodAccessorImpl.invoke(NativeMethodAccessorImpl.java:77)java.base/jdk.internal.reflect.DelegatingMethodAccessorImpl.invoke(DelegatingMethodAccessorImpl.java:43)java.base/java.lang.reflect.Method.invoke(Method.java:568)org.springframework.beans.factory.support.SimpleInstantiationStrategy.instantiate(SimpleInstantiationStrategy.java:154)org.springframework.beans.factory.support.ConstructorResolver.instantiate(ConstructorResolver.java:653)org.springframework.beans.factory.support.ConstructorResolver.instantiateUsingFactoryMethod(ConstructorResolver.java:638)org.springframework.beans.factory.support.AbstractAutowireCapableBeanFactory.instantiateUsingFactoryMethod(AbstractAutowireCapableBeanFactory.java:1352)org.springframework.beans.factory.support.AbstractAutowireCapableBeanFactory.createBeanInstance(AbstractAutowireCapableBeanFactory.java:1195)org.springframework.beans.factory.support.AbstractAutowireCapableBeanFactory.doCreateBean(AbstractAutowireCapableBeanFactory.java:582)org.springframework.beans.factory.support.AbstractAutowireCapableBeanFactory.createBean(AbstractAutowireCapableBeanFactory.java:542)org.springframework.beans.factory.support.AbstractBeanFactory.lambda$doGetBean$0(AbstractBeanFactory.java:335)org.springframework.beans.factory.support.DefaultSingletonBeanRegistry.getSingleton(DefaultSingletonBeanRegistry.java:234)org.springframework.beans.factory.support.AbstractBeanFactory.doGetBean(AbstractBeanFactory.java:333)org.springframework.beans.factory.support.AbstractBeanFactory.getBean(AbstractBeanFactory.java:208)org.springframework.context.support.AbstractApplicationContext.getBean(AbstractApplicationContext.java:1154)org.springframework.context.support.AbstractApplicationContext.finishBeanFactoryInitialization(AbstractApplicationContext.java:908)org.springframework.context.support.AbstractApplicationContext.refresh(AbstractApplicationContext.java:583)org.springframework.boot.web.servlet.context.ServletWebServerApplicationContext.refresh(ServletWebServerApplicationContext.java:147)org.springframework.boot.SpringApplication.refresh(SpringApplication.java:734)org.springframework.boot.SpringApplication.refreshContext(SpringApplication.java:408)org.springframework.boot.SpringApplication.run(SpringApplication.java:308)org.springframework.boot.SpringApplication.run(SpringApplication.java:1306)org.springframework.boot.SpringApplication.run(SpringApplication.java:1295)za.co.woolworths.itemkafka_poc.KafkaItemProducerPocApplication.main(KafkaItemProducerPocApplication.java:10)java.base/jdk.internal.reflect.NativeMethodAccessorImpl.invoke0(Native Method)java.base/jdk.internal.reflect.NativeMethodAccessorImpl.invoke(NativeMethodAccessorImpl.java:77)java.base/jdk.internal.reflect.DelegatingMethodAccessorImpl.invoke(DelegatingMethodAccessorImpl.java:43)java.base/java.lang.reflect.Method.invoke(Method.java:568)org.springframework.boot.loader.MainMethodRunner.run(MainMethodRunner.java:49)org.springframework.boot.loader.Launcher.launch(Launcher.java:108)org.springframework.boot.loader.Launcher.launch(Launcher.java:58)org.springframework.boot.loader.JarLauncher.main(JarLauncher.java:65) 
2025-01-07 17:14:22.365 DEBUG [com.microsoft.sqlserver.jdbc.internals.SQLServerConnection:2944] ConnectionID:1 ClientConnectionId: b457da91-7a5e-4c7c-b26d-5afe60e4c5a1 sleeping milisec: 200 
2025-01-07 17:14:22.576 DEBUG [com.microsoft.sqlserver.jdbc.internals.SQLServerConnection:2825] ConnectionID:1 This attempt server name: C21SQL04 port: 1433 InstanceName: amos.1 useParallel: false 
2025-01-07 17:14:22.578 DEBUG [com.microsoft.sqlserver.jdbc.internals.SQLServerConnection:2828] ConnectionID:1 This attempt endtime: 1736262877576 
2025-01-07 17:14:22.580 DEBUG [com.microsoft.sqlserver.jdbc.internals.SQLServerConnection:2829] ConnectionID:1 This attempt No: 2 
2025-01-07 17:14:22.581 DEBUG [com.microsoft.sqlserver.jdbc.internals.SQLServerConnection:3165] ConnectionID:1 Connecting with server: C21SQL04 port: 1433 Timeout slice: 14995 Timeout Full: 30 
2025-01-07 17:14:22.951 DEBUG [com.microsoft.sqlserver.jdbc.internals.SQLServerConnection:3547] ConnectionID:1 ClientConnectionId: ef268084-8bd8-4ab7-8269-546fc849b963 Server returned major version:13 
2025-01-07 17:14:23.132 DEBUG [jdk.event.security:274]  TLSHandshake: C21SQL04:1433, TLSv1.2, TLS_ECDHE_RSA_WITH_AES_256_CBC_SHA384, -1000310061 
2025-01-07 17:14:23.134 DEBUG [com.microsoft.sqlserver.jdbc.internals.SQLServerException:116] *** SQLException:ConnectionID:1 ClientConnectionId: ef268084-8bd8-4ab7-8269-546fc849b963 com.microsoft.sqlserver.jdbc.SQLServerException: This driver is not configured for integrated authentication. ClientConnectionId:ef268084-8bd8-4ab7-8269-546fc849b963 This driver is not configured for integrated authentication. ClientConnectionId:ef268084-8bd8-4ab7-8269-546fc849b963 
2025-01-07 17:14:23.136 DEBUG [com.microsoft.sqlserver.jdbc.internals.SQLServerException:130] com.microsoft.sqlserver.jdbc.SQLServerConnection.terminate(SQLServerConnection.java:3680)com.microsoft.sqlserver.jdbc.AuthenticationJNI.<init>(AuthenticationJNI.java:74)com.microsoft.sqlserver.jdbc.SQLServerConnection.logon(SQLServerConnection.java:4734)com.microsoft.sqlserver.jdbc.SQLServerConnection.access$100(SQLServerConnection.java:90)com.microsoft.sqlserver.jdbc.SQLServerConnection$LogonCommand.doExecute(SQLServerConnection.java:4723)com.microsoft.sqlserver.jdbc.TDSCommand.execute(IOBuffer.java:7785)com.microsoft.sqlserver.jdbc.SQLServerConnection.executeCommand(SQLServerConnection.java:3793)com.microsoft.sqlserver.jdbc.SQLServerConnection.connectHelper(SQLServerConnection.java:3233)com.microsoft.sqlserver.jdbc.SQLServerConnection.login(SQLServerConnection.java:2833)com.microsoft.sqlserver.jdbc.SQLServerConnection.connectInternal(SQLServerConnection.java:2671)com.microsoft.sqlserver.jdbc.SQLServerConnection.connect(SQLServerConnection.java:1640)com.microsoft.sqlserver.jdbc.SQLServerDriver.connect(SQLServerDriver.java:936)com.zaxxer.hikari.util.DriverDataSource.getConnection(DriverDataSource.java:121)com.zaxxer.hikari.pool.PoolBase.newConnection(PoolBase.java:364)com.zaxxer.hikari.pool.PoolBase.newPoolEntry(PoolBase.java:206)com.zaxxer.hikari.pool.HikariPool.createPoolEntry(HikariPool.java:476)com.zaxxer.hikari.pool.HikariPool.checkFailFast(HikariPool.java:561)com.zaxxer.hikari.pool.HikariPool.<init>(HikariPool.java:115)com.zaxxer.hikari.HikariDataSource.getConnection(HikariDataSource.java:112)org.springframework.jdbc.datasource.DataSourceUtils.fetchConnection(DataSourceUtils.java:159)org.springframework.jdbc.datasource.DataSourceUtils.doGetConnection(DataSourceUtils.java:117)org.springframework.jdbc.datasource.DataSourceUtils.getConnection(DataSourceUtils.java:80)org.springframework.jdbc.core.JdbcTemplate.execute(JdbcTemplate.java:330)org.springframework.boot.jdbc.EmbeddedDatabaseConnection.isEmbedded(EmbeddedDatabaseConnection.java:162)org.springframework.boot.autoconfigure.orm.jpa.HibernateDefaultDdlAutoProvider.getDefaultDdlAuto(HibernateDefaultDdlAutoProvider.java:42)org.springframework.boot.autoconfigure.orm.jpa.HibernateJpaConfiguration.lambda$getVendorProperties$1(HibernateJpaConfiguration.java:130)org.springframework.boot.autoconfigure.orm.jpa.HibernateSettings.getDdlAuto(HibernateSettings.java:41)org.springframework.boot.autoconfigure.orm.jpa.HibernateProperties.determineDdlAuto(HibernateProperties.java:143)org.springframework.boot.autoconfigure.orm.jpa.HibernateProperties.getAdditionalProperties(HibernateProperties.java:103)org.springframework.boot.autoconfigure.orm.jpa.HibernateProperties.determineHibernateProperties(HibernateProperties.java:95)org.springframework.boot.autoconfigure.orm.jpa.HibernateJpaConfiguration.getVendorProperties(HibernateJpaConfiguration.java:132)org.springframework.boot.autoconfigure.orm.jpa.JpaBaseConfiguration.entityManagerFactory(JpaBaseConfiguration.java:132)java.base/jdk.internal.reflect.NativeMethodAccessorImpl.invoke0(Native Method)java.base/jdk.internal.reflect.NativeMethodAccessorImpl.invoke(NativeMethodAccessorImpl.java:77)java.base/jdk.internal.reflect.DelegatingMethodAccessorImpl.invoke(DelegatingMethodAccessorImpl.java:43)java.base/java.lang.reflect.Method.invoke(Method.java:568)org.springframework.beans.factory.support.SimpleInstantiationStrategy.instantiate(SimpleInstantiationStrategy.java:154)org.springframework.beans.factory.support.ConstructorResolver.instantiate(ConstructorResolver.java:653)org.springframework.beans.factory.support.ConstructorResolver.instantiateUsingFactoryMethod(ConstructorResolver.java:638)org.springframework.beans.factory.support.AbstractAutowireCapableBeanFactory.instantiateUsingFactoryMethod(AbstractAutowireCapableBeanFactory.java:1352)org.springframework.beans.factory.support.AbstractAutowireCapableBeanFactory.createBeanInstance(AbstractAutowireCapableBeanFactory.java:1195)org.springframework.beans.factory.support.AbstractAutowireCapableBeanFactory.doCreateBean(AbstractAutowireCapableBeanFactory.java:582)org.springframework.beans.factory.support.AbstractAutowireCapableBeanFactory.createBean(AbstractAutowireCapableBeanFactory.java:542)org.springframework.beans.factory.support.AbstractBeanFactory.lambda$doGetBean$0(AbstractBeanFactory.java:335)org.springframework.beans.factory.support.DefaultSingletonBeanRegistry.getSingleton(DefaultSingletonBeanRegistry.java:234)org.springframework.beans.factory.support.AbstractBeanFactory.doGetBean(AbstractBeanFactory.java:333)org.springframework.beans.factory.support.AbstractBeanFactory.getBean(AbstractBeanFactory.java:208)org.springframework.context.support.AbstractApplicationContext.getBean(AbstractApplicationContext.java:1154)org.springframework.context.support.AbstractApplicationContext.finishBeanFactoryInitialization(AbstractApplicationContext.java:908)org.springframework.context.support.AbstractApplicationContext.refresh(AbstractApplicationContext.java:583)org.springframework.boot.web.servlet.context.ServletWebServerApplicationContext.refresh(ServletWebServerApplicationContext.java:147)org.springframework.boot.SpringApplication.refresh(SpringApplication.java:734)org.springframework.boot.SpringApplication.refreshContext(SpringApplication.java:408)org.springframework.boot.SpringApplication.run(SpringApplication.java:308)org.springframework.boot.SpringApplication.run(SpringApplication.java:1306)org.springframework.boot.SpringApplication.run(SpringApplication.java:1295)za.co.woolworths.itemkafka_poc.KafkaItemProducerPocApplication.main(KafkaItemProducerPocApplication.java:10)java.base/jdk.internal.reflect.NativeMethodAccessorImpl.invoke0(Native Method)java.base/jdk.internal.reflect.NativeMethodAccessorImpl.invoke(NativeMethodAccessorImpl.java:77)java.base/jdk.internal.reflect.DelegatingMethodAccessorImpl.invoke(DelegatingMethodAccessorImpl.java:43)java.base/java.lang.reflect.Method.invoke(Method.java:568)org.springframework.boot.loader.MainMethodRunner.run(MainMethodRunner.java:49)org.springframework.boot.loader.Launcher.launch(Launcher.java:108)org.springframework.boot.loader.Launcher.launch(Launcher.java:58)org.springframework.boot.loader.JarLauncher.main(JarLauncher.java:65) 
2025-01-07 17:14:23.140 DEBUG [com.microsoft.sqlserver.jdbc.internals.SQLServerConnection:2944] ConnectionID:1 ClientConnectionId: ef268084-8bd8-4ab7-8269-546fc849b963 sleeping milisec: 400 
2025-01-07 17:14:23.546 DEBUG [com.microsoft.sqlserver.jdbc.internals.SQLServerConnection:2825] ConnectionID:1 This attempt server name: C21SQL04 port: 1433 InstanceName: amos.1 useParallel: false 
2025-01-07 17:14:23.549 DEBUG [com.microsoft.sqlserver.jdbc.internals.SQLServerConnection:2828] ConnectionID:1 This attempt endtime: 1736262891023 
2025-01-07 17:14:23.550 DEBUG [com.microsoft.sqlserver.jdbc.internals.SQLServerConnection:2829] ConnectionID:1 This attempt No: 3 
2025-01-07 17:14:23.551 DEBUG [com.microsoft.sqlserver.jdbc.internals.SQLServerConnection:3165] ConnectionID:1 Connecting with server: C21SQL04 port: 1433 Timeout slice: 27472 Timeout Full: 30 
2025-01-07 17:14:23.734 DEBUG [com.microsoft.sqlserver.jdbc.internals.SQLServerConnection:3547] ConnectionID:1 ClientConnectionId: 85f45a9a-812a-4fba-82a4-1d16f1f55d65 Server returned major version:13 
2025-01-07 17:14:23.943 DEBUG [jdk.event.security:274]  TLSHandshake: C21SQL04:1433, TLSv1.2, TLS_ECDHE_RSA_WITH_AES_256_CBC_SHA384, -1000310061 
2025-01-07 17:14:23.945 DEBUG [com.microsoft.sqlserver.jdbc.internals.SQLServerException:116] *** SQLException:ConnectionID:1 ClientConnectionId: 85f45a9a-812a-4fba-82a4-1d16f1f55d65 com.microsoft.sqlserver.jdbc.SQLServerException: This driver is not configured for integrated authentication. ClientConnectionId:85f45a9a-812a-4fba-82a4-1d16f1f55d65 This driver is not configured for integrated authentication. ClientConnectionId:85f45a9a-812a-4fba-82a4-1d16f1f55d65 
2025-01-07 17:14:23.948 DEBUG [com.microsoft.sqlserver.jdbc.internals.SQLServerException:130] com.microsoft.sqlserver.jdbc.SQLServerConnection.terminate(SQLServerConnection.java:3680)com.microsoft.sqlserver.jdbc.AuthenticationJNI.<init>(AuthenticationJNI.java:74)com.microsoft.sqlserver.jdbc.SQLServerConnection.logon(SQLServerConnection.java:4734)com.microsoft.sqlserver.jdbc.SQLServerConnection.access$100(SQLServerConnection.java:90)com.microsoft.sqlserver.jdbc.SQLServerConnection$LogonCommand.doExecute(SQLServerConnection.java:4723)com.microsoft.sqlserver.jdbc.TDSCommand.execute(IOBuffer.java:7785)com.microsoft.sqlserver.jdbc.SQLServerConnection.executeCommand(SQLServerConnection.java:3793)com.microsoft.sqlserver.jdbc.SQLServerConnection.connectHelper(SQLServerConnection.java:3233)com.microsoft.sqlserver.jdbc.SQLServerConnection.login(SQLServerConnection.java:2833)com.microsoft.sqlserver.jdbc.SQLServerConnection.connectInternal(SQLServerConnection.java:2671)com.microsoft.sqlserver.jdbc.SQLServerConnection.connect(SQLServerConnection.java:1640)com.microsoft.sqlserver.jdbc.SQLServerDriver.connect(SQLServerDriver.java:936)com.zaxxer.hikari.util.DriverDataSource.getConnection(DriverDataSource.java:121)com.zaxxer.hikari.pool.PoolBase.newConnection(PoolBase.java:364)com.zaxxer.hikari.pool.PoolBase.newPoolEntry(PoolBase.java:206)com.zaxxer.hikari.pool.HikariPool.createPoolEntry(HikariPool.java:476)com.zaxxer.hikari.pool.HikariPool.checkFailFast(HikariPool.java:561)com.zaxxer.hikari.pool.HikariPool.<init>(HikariPool.java:115)com.zaxxer.hikari.HikariDataSource.getConnection(HikariDataSource.java:112)org.springframework.jdbc.datasource.DataSourceUtils.fetchConnection(DataSourceUtils.java:159)org.springframework.jdbc.datasource.DataSourceUtils.doGetConnection(DataSourceUtils.java:117)org.springframework.jdbc.datasource.DataSourceUtils.getConnection(DataSourceUtils.java:80)org.springframework.jdbc.core.JdbcTemplate.execute(JdbcTemplate.java:330)org.springframework.boot.jdbc.EmbeddedDatabaseConnection.isEmbedded(EmbeddedDatabaseConnection.java:162)org.springframework.boot.autoconfigure.orm.jpa.HibernateDefaultDdlAutoProvider.getDefaultDdlAuto(HibernateDefaultDdlAutoProvider.java:42)org.springframework.boot.autoconfigure.orm.jpa.HibernateJpaConfiguration.lambda$getVendorProperties$1(HibernateJpaConfiguration.java:130)org.springframework.boot.autoconfigure.orm.jpa.HibernateSettings.getDdlAuto(HibernateSettings.java:41)org.springframework.boot.autoconfigure.orm.jpa.HibernateProperties.determineDdlAuto(HibernateProperties.java:143)org.springframework.boot.autoconfigure.orm.jpa.HibernateProperties.getAdditionalProperties(HibernateProperties.java:103)org.springframework.boot.autoconfigure.orm.jpa.HibernateProperties.determineHibernateProperties(HibernateProperties.java:95)org.springframework.boot.autoconfigure.orm.jpa.HibernateJpaConfiguration.getVendorProperties(HibernateJpaConfiguration.java:132)org.springframework.boot.autoconfigure.orm.jpa.JpaBaseConfiguration.entityManagerFactory(JpaBaseConfiguration.java:132)java.base/jdk.internal.reflect.NativeMethodAccessorImpl.invoke0(Native Method)java.base/jdk.internal.reflect.NativeMethodAccessorImpl.invoke(NativeMethodAccessorImpl.java:77)java.base/jdk.internal.reflect.DelegatingMethodAccessorImpl.invoke(DelegatingMethodAccessorImpl.java:43)java.base/java.lang.reflect.Method.invoke(Method.java:568)org.springframework.beans.factory.support.SimpleInstantiationStrategy.instantiate(SimpleInstantiationStrategy.java:154)org.springframework.beans.factory.support.ConstructorResolver.instantiate(ConstructorResolver.java:653)org.springframework.beans.factory.support.ConstructorResolver.instantiateUsingFactoryMethod(ConstructorResolver.java:638)org.springframework.beans.factory.support.AbstractAutowireCapableBeanFactory.instantiateUsingFactoryMethod(AbstractAutowireCapableBeanFactory.java:1352)org.springframework.beans.factory.support.AbstractAutowireCapableBeanFactory.createBeanInstance(AbstractAutowireCapableBeanFactory.java:1195)org.springframework.beans.factory.support.AbstractAutowireCapableBeanFactory.doCreateBean(AbstractAutowireCapableBeanFactory.java:582)org.springframework.beans.factory.support.AbstractAutowireCapableBeanFactory.createBean(AbstractAutowireCapableBeanFactory.java:542)org.springframework.beans.factory.support.AbstractBeanFactory.lambda$doGetBean$0(AbstractBeanFactory.java:335)org.springframework.beans.factory.support.DefaultSingletonBeanRegistry.getSingleton(DefaultSingletonBeanRegistry.java:234)org.springframework.beans.factory.support.AbstractBeanFactory.doGetBean(AbstractBeanFactory.java:333)org.springframework.beans.factory.support.AbstractBeanFactory.getBean(AbstractBeanFactory.java:208)org.springframework.context.support.AbstractApplicationContext.getBean(AbstractApplicationContext.java:1154)org.springframework.context.support.AbstractApplicationContext.finishBeanFactoryInitialization(AbstractApplicationContext.java:908)org.springframework.context.support.AbstractApplicationContext.refresh(AbstractApplicationContext.java:583)org.springframework.boot.web.servlet.context.ServletWebServerApplicationContext.refresh(ServletWebServerApplicationContext.java:147)org.springframework.boot.SpringApplication.refresh(SpringApplication.java:734)org.springframework.boot.SpringApplication.refreshContext(SpringApplication.java:408)org.springframework.boot.SpringApplication.run(SpringApplication.java:308)org.springframework.boot.SpringApplication.run(SpringApplication.java:1306)org.springframework.boot.SpringApplication.run(SpringApplication.java:1295)za.co.woolworths.itemkafka_poc.KafkaItemProducerPocApplication.main(KafkaItemProducerPocApplication.java:10)java.base/jdk.internal.reflect.NativeMethodAccessorImpl.invoke0(Native Method)java.base/jdk.internal.reflect.NativeMethodAccessorImpl.invoke(NativeMethodAccessorImpl.java:77)java.base/jdk.internal.reflect.DelegatingMethodAccessorImpl.invoke(DelegatingMethodAccessorImpl.java:43)java.base/java.lang.reflect.Method.invoke(Method.java:568)org.springframework.boot.loader.MainMethodRunner.run(MainMethodRunner.java:49)org.springframework.boot.loader.Launcher.launch(Launcher.java:108)org.springframework.boot.loader.Launcher.launch(Launcher.java:58)org.springframework.boot.loader.JarLauncher.main(JarLauncher.java:65) 
2025-01-07 17:14:23.969 DEBUG [com.microsoft.sqlserver.jdbc.internals.SQLServerConnection:2944] ConnectionID:1 ClientConnectionId: 85f45a9a-812a-4fba-82a4-1d16f1f55d65 sleeping milisec: 800 
2025-01-07 17:14:24.775 DEBUG [com.microsoft.sqlserver.jdbc.internals.SQLServerConnection:2825] ConnectionID:1 This attempt server name: C21SQL04 port: 1433 InstanceName: amos.1 useParallel: false 
2025-01-07 17:14:24.776 DEBUG [com.microsoft.sqlserver.jdbc.internals.SQLServerConnection:2828] ConnectionID:1 This attempt endtime: 1736262891023 
2025-01-07 17:14:24.777 DEBUG [com.microsoft.sqlserver.jdbc.internals.SQLServerConnection:2829] ConnectionID:1 This attempt No: 4 
2025-01-07 17:14:24.778 DEBUG [com.microsoft.sqlserver.jdbc.internals.SQLServerConnection:3165] ConnectionID:1 Connecting with server: C21SQL04 port: 1433 Timeout slice: 26245 Timeout Full: 30 
2025-01-07 17:14:24.938 DEBUG [com.microsoft.sqlserver.jdbc.internals.SQLServerConnection:3547] ConnectionID:1 ClientConnectionId: aa4b91fc-1de8-4271-ac2a-c234ecc43484 Server returned major version:13 
2025-01-07 17:14:25.139 DEBUG [jdk.event.security:274]  TLSHandshake: C21SQL04:1433, TLSv1.2, TLS_ECDHE_RSA_WITH_AES_256_CBC_SHA384, -1000310061 
2025-01-07 17:14:25.141 DEBUG [com.microsoft.sqlserver.jdbc.internals.SQLServerException:116] *** SQLException:ConnectionID:1 ClientConnectionId: aa4b91fc-1de8-4271-ac2a-c234ecc43484 com.microsoft.sqlserver.jdbc.SQLServerException: This driver is not configured for integrated authentication. ClientConnectionId:aa4b91fc-1de8-4271-ac2a-c234ecc43484 This driver is not configured for integrated authentication. ClientConnectionId:aa4b91fc-1de8-4271-ac2a-c234ecc43484 
2025-01-07 17:14:25.142 DEBUG [com.microsoft.sqlserver.jdbc.internals.SQLServerException:130] com.microsoft.sqlserver.jdbc.SQLServerConnection.terminate(SQLServerConnection.java:3680)com.microsoft.sqlserver.jdbc.AuthenticationJNI.<init>(AuthenticationJNI.java:74)com.microsoft.sqlserver.jdbc.SQLServerConnection.logon(SQLServerConnection.java:4734)com.microsoft.sqlserver.jdbc.SQLServerConnection.access$100(SQLServerConnection.java:90)com.microsoft.sqlserver.jdbc.SQLServerConnection$LogonCommand.doExecute(SQLServerConnection.java:4723)com.microsoft.sqlserver.jdbc.TDSCommand.execute(IOBuffer.java:7785)com.microsoft.sqlserver.jdbc.SQLServerConnection.executeCommand(SQLServerConnection.java:3793)com.microsoft.sqlserver.jdbc.SQLServerConnection.connectHelper(SQLServerConnection.java:3233)com.microsoft.sqlserver.jdbc.SQLServerConnection.login(SQLServerConnection.java:2833)com.microsoft.sqlserver.jdbc.SQLServerConnection.connectInternal(SQLServerConnection.java:2671)com.microsoft.sqlserver.jdbc.SQLServerConnection.connect(SQLServerConnection.java:1640)com.microsoft.sqlserver.jdbc.SQLServerDriver.connect(SQLServerDriver.java:936)com.zaxxer.hikari.util.DriverDataSource.getConnection(DriverDataSource.java:121)com.zaxxer.hikari.pool.PoolBase.newConnection(PoolBase.java:364)com.zaxxer.hikari.pool.PoolBase.newPoolEntry(PoolBase.java:206)com.zaxxer.hikari.pool.HikariPool.createPoolEntry(HikariPool.java:476)com.zaxxer.hikari.pool.HikariPool.checkFailFast(HikariPool.java:561)com.zaxxer.hikari.pool.HikariPool.<init>(HikariPool.java:115)com.zaxxer.hikari.HikariDataSource.getConnection(HikariDataSource.java:112)org.springframework.jdbc.datasource.DataSourceUtils.fetchConnection(DataSourceUtils.java:159)org.springframework.jdbc.datasource.DataSourceUtils.doGetConnection(DataSourceUtils.java:117)org.springframework.jdbc.datasource.DataSourceUtils.getConnection(DataSourceUtils.java:80)org.springframework.jdbc.core.JdbcTemplate.execute(JdbcTemplate.java:330)org.springframework.boot.jdbc.EmbeddedDatabaseConnection.isEmbedded(EmbeddedDatabaseConnection.java:162)org.springframework.boot.autoconfigure.orm.jpa.HibernateDefaultDdlAutoProvider.getDefaultDdlAuto(HibernateDefaultDdlAutoProvider.java:42)org.springframework.boot.autoconfigure.orm.jpa.HibernateJpaConfiguration.lambda$getVendorProperties$1(HibernateJpaConfiguration.java:130)org.springframework.boot.autoconfigure.orm.jpa.HibernateSettings.getDdlAuto(HibernateSettings.java:41)org.springframework.boot.autoconfigure.orm.jpa.HibernateProperties.determineDdlAuto(HibernateProperties.java:143)org.springframework.boot.autoconfigure.orm.jpa.HibernateProperties.getAdditionalProperties(HibernateProperties.java:103)org.springframework.boot.autoconfigure.orm.jpa.HibernateProperties.determineHibernateProperties(HibernateProperties.java:95)org.springframework.boot.autoconfigure.orm.jpa.HibernateJpaConfiguration.getVendorProperties(HibernateJpaConfiguration.java:132)org.springframework.boot.autoconfigure.orm.jpa.JpaBaseConfiguration.entityManagerFactory(JpaBaseConfiguration.java:132)java.base/jdk.internal.reflect.NativeMethodAccessorImpl.invoke0(Native Method)java.base/jdk.internal.reflect.NativeMethodAccessorImpl.invoke(NativeMethodAccessorImpl.java:77)java.base/jdk.internal.reflect.DelegatingMethodAccessorImpl.invoke(DelegatingMethodAccessorImpl.java:43)java.base/java.lang.reflect.Method.invoke(Method.java:568)org.springframework.beans.factory.support.SimpleInstantiationStrategy.instantiate(SimpleInstantiationStrategy.java:154)org.springframework.beans.factory.support.ConstructorResolver.instantiate(ConstructorResolver.java:653)org.springframework.beans.factory.support.ConstructorResolver.instantiateUsingFactoryMethod(ConstructorResolver.java:638)org.springframework.beans.factory.support.AbstractAutowireCapableBeanFactory.instantiateUsingFactoryMethod(AbstractAutowireCapableBeanFactory.java:1352)org.springframework.beans.factory.support.AbstractAutowireCapableBeanFactory.createBeanInstance(AbstractAutowireCapableBeanFactory.java:1195)org.springframework.beans.factory.support.AbstractAutowireCapableBeanFactory.doCreateBean(AbstractAutowireCapableBeanFactory.java:582)org.springframework.beans.factory.support.AbstractAutowireCapableBeanFactory.createBean(AbstractAutowireCapableBeanFactory.java:542)org.springframework.beans.factory.support.AbstractBeanFactory.lambda$doGetBean$0(AbstractBeanFactory.java:335)org.springframework.beans.factory.support.DefaultSingletonBeanRegistry.getSingleton(DefaultSingletonBeanRegistry.java:234)org.springframework.beans.factory.support.AbstractBeanFactory.doGetBean(AbstractBeanFactory.java:333)org.springframework.beans.factory.support.AbstractBeanFactory.getBean(AbstractBeanFactory.java:208)org.springframework.context.support.AbstractApplicationContext.getBean(AbstractApplicationContext.java:1154)org.springframework.context.support.AbstractApplicationContext.finishBeanFactoryInitialization(AbstractApplicationContext.java:908)org.springframework.context.support.AbstractApplicationContext.refresh(AbstractApplicationContext.java:583)org.springframework.boot.web.servlet.context.ServletWebServerApplicationContext.refresh(ServletWebServerApplicationContext.java:147)org.springframework.boot.SpringApplication.refresh(SpringApplication.java:734)org.springframework.boot.SpringApplication.refreshContext(SpringApplication.java:408)org.springframework.boot.SpringApplication.run(SpringApplication.java:308)org.springframework.boot.SpringApplication.run(SpringApplication.java:1306)org.springframework.boot.SpringApplication.run(SpringApplication.java:1295)za.co.woolworths.itemkafka_poc.KafkaItemProducerPocApplication.main(KafkaItemProducerPocApplication.java:10)java.base/jdk.internal.reflect.NativeMethodAccessorImpl.invoke0(Native Method)java.base/jdk.internal.reflect.NativeMethodAccessorImpl.invoke(NativeMethodAccessorImpl.java:77)java.base/jdk.internal.reflect.DelegatingMethodAccessorImpl.invoke(DelegatingMethodAccessorImpl.java:43)java.base/java.lang.reflect.Method.invoke(Method.java:568)org.springframework.boot.loader.MainMethodRunner.run(MainMethodRunner.java:49)org.springframework.boot.loader.Launcher.launch(Launcher.java:108)org.springframework.boot.loader.Launcher.launch(Launcher.java:58)org.springframework.boot.loader.JarLauncher.main(JarLauncher.java:65) 
2025-01-07 17:14:25.147 DEBUG [com.microsoft.sqlserver.jdbc.internals.SQLServerConnection:2944] ConnectionID:1 ClientConnectionId: aa4b91fc-1de8-4271-ac2a-c234ecc43484 sleeping milisec: 1000 
2025-01-07 17:14:26.163 DEBUG [com.microsoft.sqlserver.jdbc.internals.SQLServerConnection:2825] ConnectionID:1 This attempt server name: C21SQL04 port: 1433 InstanceName: amos.1 useParallel: false 
2025-01-07 17:14:26.165 DEBUG [com.microsoft.sqlserver.jdbc.internals.SQLServerConnection:2828] ConnectionID:1 This attempt endtime: 1736262891023 
2025-01-07 17:14:26.166 DEBUG [com.microsoft.sqlserver.jdbc.internals.SQLServerConnection:2829] ConnectionID:1 This attempt No: 5 
2025-01-07 17:14:26.167 DEBUG [com.microsoft.sqlserver.jdbc.internals.SQLServerConnection:3165] ConnectionID:1 Connecting with server: C21SQL04 port: 1433 Timeout slice: 24856 Timeout Full: 30 
2025-01-07 17:14:26.330 DEBUG [com.microsoft.sqlserver.jdbc.internals.SQLServerConnection:3547] ConnectionID:1 ClientConnectionId: 56289678-1b82-4634-ae0e-323c6daaacc6 Server returned major version:13 
2025-01-07 17:14:26.541 DEBUG [jdk.event.security:274]  TLSHandshake: C21SQL04:1433, TLSv1.2, TLS_ECDHE_RSA_WITH_AES_256_CBC_SHA384, -1000310061 
2025-01-07 17:14:26.543 DEBUG [com.microsoft.sqlserver.jdbc.internals.SQLServerException:116] *** SQLException:ConnectionID:1 ClientConnectionId: 56289678-1b82-4634-ae0e-323c6daaacc6 com.microsoft.sqlserver.jdbc.SQLServerException: This driver is not configured for integrated authentication. ClientConnectionId:56289678-1b82-4634-ae0e-323c6daaacc6 This driver is not configured for integrated authentication. ClientConnectionId:56289678-1b82-4634-ae0e-323c6daaacc6 
2025-01-07 17:14:26.544 DEBUG [com.microsoft.sqlserver.jdbc.internals.SQLServerException:130] com.microsoft.sqlserver.jdbc.SQLServerConnection.terminate(SQLServerConnection.java:3680)com.microsoft.sqlserver.jdbc.AuthenticationJNI.<init>(AuthenticationJNI.java:74)com.microsoft.sqlserver.jdbc.SQLServerConnection.logon(SQLServerConnection.java:4734)com.microsoft.sqlserver.jdbc.SQLServerConnection.access$100(SQLServerConnection.java:90)com.microsoft.sqlserver.jdbc.SQLServerConnection$LogonCommand.doExecute(SQLServerConnection.java:4723)com.microsoft.sqlserver.jdbc.TDSCommand.execute(IOBuffer.java:7785)com.microsoft.sqlserver.jdbc.SQLServerConnection.executeCommand(SQLServerConnection.java:3793)com.microsoft.sqlserver.jdbc.SQLServerConnection.connectHelper(SQLServerConnection.java:3233)com.microsoft.sqlserver.jdbc.SQLServerConnection.login(SQLServerConnection.java:2833)com.microsoft.sqlserver.jdbc.SQLServerConnection.connectInternal(SQLServerConnection.java:2671)com.microsoft.sqlserver.jdbc.SQLServerConnection.connect(SQLServerConnection.java:1640)com.microsoft.sqlserver.jdbc.SQLServerDriver.connect(SQLServerDriver.java:936)com.zaxxer.hikari.util.DriverDataSource.getConnection(DriverDataSource.java:121)com.zaxxer.hikari.pool.PoolBase.newConnection(PoolBase.java:364)com.zaxxer.hikari.pool.PoolBase.newPoolEntry(PoolBase.java:206)com.zaxxer.hikari.pool.HikariPool.createPoolEntry(HikariPool.java:476)com.zaxxer.hikari.pool.HikariPool.checkFailFast(HikariPool.java:561)com.zaxxer.hikari.pool.HikariPool.<init>(HikariPool.java:115)com.zaxxer.hikari.HikariDataSource.getConnection(HikariDataSource.java:112)org.springframework.jdbc.datasource.DataSourceUtils.fetchConnection(DataSourceUtils.java:159)org.springframework.jdbc.datasource.DataSourceUtils.doGetConnection(DataSourceUtils.java:117)org.springframework.jdbc.datasource.DataSourceUtils.getConnection(DataSourceUtils.java:80)org.springframework.jdbc.core.JdbcTemplate.execute(JdbcTemplate.java:330)org.springframework.boot.jdbc.EmbeddedDatabaseConnection.isEmbedded(EmbeddedDatabaseConnection.java:162)org.springframework.boot.autoconfigure.orm.jpa.HibernateDefaultDdlAutoProvider.getDefaultDdlAuto(HibernateDefaultDdlAutoProvider.java:42)org.springframework.boot.autoconfigure.orm.jpa.HibernateJpaConfiguration.lambda$getVendorProperties$1(HibernateJpaConfiguration.java:130)org.springframework.boot.autoconfigure.orm.jpa.HibernateSettings.getDdlAuto(HibernateSettings.java:41)org.springframework.boot.autoconfigure.orm.jpa.HibernateProperties.determineDdlAuto(HibernateProperties.java:143)org.springframework.boot.autoconfigure.orm.jpa.HibernateProperties.getAdditionalProperties(HibernateProperties.java:103)org.springframework.boot.autoconfigure.orm.jpa.HibernateProperties.determineHibernateProperties(HibernateProperties.java:95)org.springframework.boot.autoconfigure.orm.jpa.HibernateJpaConfiguration.getVendorProperties(HibernateJpaConfiguration.java:132)org.springframework.boot.autoconfigure.orm.jpa.JpaBaseConfiguration.entityManagerFactory(JpaBaseConfiguration.java:132)java.base/jdk.internal.reflect.NativeMethodAccessorImpl.invoke0(Native Method)java.base/jdk.internal.reflect.NativeMethodAccessorImpl.invoke(NativeMethodAccessorImpl.java:77)java.base/jdk.internal.reflect.DelegatingMethodAccessorImpl.invoke(DelegatingMethodAccessorImpl.java:43)java.base/java.lang.reflect.Method.invoke(Method.java:568)org.springframework.beans.factory.support.SimpleInstantiationStrategy.instantiate(SimpleInstantiationStrategy.java:154)org.springframework.beans.factory.support.ConstructorResolver.instantiate(ConstructorResolver.java:653)org.springframework.beans.factory.support.ConstructorResolver.instantiateUsingFactoryMethod(ConstructorResolver.java:638)org.springframework.beans.factory.support.AbstractAutowireCapableBeanFactory.instantiateUsingFactoryMethod(AbstractAutowireCapableBeanFactory.java:1352)org.springframework.beans.factory.support.AbstractAutowireCapableBeanFactory.createBeanInstance(AbstractAutowireCapableBeanFactory.java:1195)org.springframework.beans.factory.support.AbstractAutowireCapableBeanFactory.doCreateBean(AbstractAutowireCapableBeanFactory.java:582)org.springframework.beans.factory.support.AbstractAutowireCapableBeanFactory.createBean(AbstractAutowireCapableBeanFactory.java:542)org.springframework.beans.factory.support.AbstractBeanFactory.lambda$doGetBean$0(AbstractBeanFactory.java:335)org.springframework.beans.factory.support.DefaultSingletonBeanRegistry.getSingleton(DefaultSingletonBeanRegistry.java:234)org.springframework.beans.factory.support.AbstractBeanFactory.doGetBean(AbstractBeanFactory.java:333)org.springframework.beans.factory.support.AbstractBeanFactory.getBean(AbstractBeanFactory.java:208)org.springframework.context.support.AbstractApplicationContext.getBean(AbstractApplicationContext.java:1154)org.springframework.context.support.AbstractApplicationContext.finishBeanFactoryInitialization(AbstractApplicationContext.java:908)org.springframework.context.support.AbstractApplicationContext.refresh(AbstractApplicationContext.java:583)org.springframework.boot.web.servlet.context.ServletWebServerApplicationContext.refresh(ServletWebServerApplicationContext.java:147)org.springframework.boot.SpringApplication.refresh(SpringApplication.java:734)org.springframework.boot.SpringApplication.refreshContext(SpringApplication.java:408)org.springframework.boot.SpringApplication.run(SpringApplication.java:308)org.springframework.boot.SpringApplication.run(SpringApplication.java:1306)org.springframework.boot.SpringApplication.run(SpringApplication.java:1295)za.co.woolworths.itemkafka_poc.KafkaItemProducerPocApplication.main(KafkaItemProducerPocApplication.java:10)java.base/jdk.internal.reflect.NativeMethodAccessorImpl.invoke0(Native Method)java.base/jdk.internal.reflect.NativeMethodAccessorImpl.invoke(NativeMethodAccessorImpl.java:77)java.base/jdk.internal.reflect.DelegatingMethodAccessorImpl.invoke(DelegatingMethodAccessorImpl.java:43)java.base/java.lang.reflect.Method.invoke(Method.java:568)org.springframework.boot.loader.MainMethodRunner.run(MainMethodRunner.java:49)org.springframework.boot.loader.Launcher.launch(Launcher.java:108)org.springframework.boot.loader.Launcher.launch(Launcher.java:58)org.springframework.boot.loader.JarLauncher.main(JarLauncher.java:65) 
2025-01-07 17:14:26.550 DEBUG [com.microsoft.sqlserver.jdbc.internals.SQLServerConnection:2944] ConnectionID:1 ClientConnectionId: 56289678-1b82-4634-ae0e-323c6daaacc6 sleeping milisec: 1000 
2025-01-07 17:14:27.562 DEBUG [com.microsoft.sqlserver.jdbc.internals.SQLServerConnection:2825] ConnectionID:1 This attempt server name: C21SQL04 port: 1433 InstanceName: amos.1 useParallel: false 
2025-01-07 17:14:27.563 DEBUG [com.microsoft.sqlserver.jdbc.internals.SQLServerConnection:2828] ConnectionID:1 This attempt endtime: 1736262891023 
2025-01-07 17:14:27.564 DEBUG [com.microsoft.sqlserver.jdbc.internals.SQLServerConnection:2829] ConnectionID:1 This attempt No: 6 
2025-01-07 17:14:27.565 DEBUG [com.microsoft.sqlserver.jdbc.internals.SQLServerConnection:3165] ConnectionID:1 Connecting with server: C21SQL04 port: 1433 Timeout slice: 23458 Timeout Full: 30 
2025-01-07 17:14:27.731 DEBUG [com.microsoft.sqlserver.jdbc.internals.SQLServerConnection:3547] ConnectionID:1 ClientConnectionId: a5fcbd36-a9cd-4930-a5f6-9017c38de1ec Server returned major version:13 
2025-01-07 17:14:27.932 DEBUG [jdk.event.security:274]  TLSHandshake: C21SQL04:1433, TLSv1.2, TLS_ECDHE_RSA_WITH_AES_256_CBC_SHA384, -1000310061 
2025-01-07 17:14:27.934 DEBUG [com.microsoft.sqlserver.jdbc.internals.SQLServerException:116] *** SQLException:ConnectionID:1 ClientConnectionId: a5fcbd36-a9cd-4930-a5f6-9017c38de1ec com.microsoft.sqlserver.jdbc.SQLServerException: This driver is not configured for integrated authentication. ClientConnectionId:a5fcbd36-a9cd-4930-a5f6-9017c38de1ec This driver is not configured for integrated authentication. ClientConnectionId:a5fcbd36-a9cd-4930-a5f6-9017c38de1ec 
2025-01-07 17:14:27.936 DEBUG [com.microsoft.sqlserver.jdbc.internals.SQLServerException:130] com.microsoft.sqlserver.jdbc.SQLServerConnection.terminate(SQLServerConnection.java:3680)com.microsoft.sqlserver.jdbc.AuthenticationJNI.<init>(AuthenticationJNI.java:74)com.microsoft.sqlserver.jdbc.SQLServerConnection.logon(SQLServerConnection.java:4734)com.microsoft.sqlserver.jdbc.SQLServerConnection.access$100(SQLServerConnection.java:90)com.microsoft.sqlserver.jdbc.SQLServerConnection$LogonCommand.doExecute(SQLServerConnection.java:4723)com.microsoft.sqlserver.jdbc.TDSCommand.execute(IOBuffer.java:7785)com.microsoft.sqlserver.jdbc.SQLServerConnection.executeCommand(SQLServerConnection.java:3793)com.microsoft.sqlserver.jdbc.SQLServerConnection.connectHelper(SQLServerConnection.java:3233)com.microsoft.sqlserver.jdbc.SQLServerConnection.login(SQLServerConnection.java:2833)com.microsoft.sqlserver.jdbc.SQLServerConnection.connectInternal(SQLServerConnection.java:2671)com.microsoft.sqlserver.jdbc.SQLServerConnection.connect(SQLServerConnection.java:1640)com.microsoft.sqlserver.jdbc.SQLServerDriver.connect(SQLServerDriver.java:936)com.zaxxer.hikari.util.DriverDataSource.getConnection(DriverDataSource.java:121)com.zaxxer.hikari.pool.PoolBase.newConnection(PoolBase.java:364)com.zaxxer.hikari.pool.PoolBase.newPoolEntry(PoolBase.java:206)com.zaxxer.hikari.pool.HikariPool.createPoolEntry(HikariPool.java:476)com.zaxxer.hikari.pool.HikariPool.checkFailFast(HikariPool.java:561)com.zaxxer.hikari.pool.HikariPool.<init>(HikariPool.java:115)com.zaxxer.hikari.HikariDataSource.getConnection(HikariDataSource.java:112)org.springframework.jdbc.datasource.DataSourceUtils.fetchConnection(DataSourceUtils.java:159)org.springframework.jdbc.datasource.DataSourceUtils.doGetConnection(DataSourceUtils.java:117)org.springframework.jdbc.datasource.DataSourceUtils.getConnection(DataSourceUtils.java:80)org.springframework.jdbc.core.JdbcTemplate.execute(JdbcTemplate.java:330)org.springframework.boot.jdbc.EmbeddedDatabaseConnection.isEmbedded(EmbeddedDatabaseConnection.java:162)org.springframework.boot.autoconfigure.orm.jpa.HibernateDefaultDdlAutoProvider.getDefaultDdlAuto(HibernateDefaultDdlAutoProvider.java:42)org.springframework.boot.autoconfigure.orm.jpa.HibernateJpaConfiguration.lambda$getVendorProperties$1(HibernateJpaConfiguration.java:130)org.springframework.boot.autoconfigure.orm.jpa.HibernateSettings.getDdlAuto(HibernateSettings.java:41)org.springframework.boot.autoconfigure.orm.jpa.HibernateProperties.determineDdlAuto(HibernateProperties.java:143)org.springframework.boot.autoconfigure.orm.jpa.HibernateProperties.getAdditionalProperties(HibernateProperties.java:103)org.springframework.boot.autoconfigure.orm.jpa.HibernateProperties.determineHibernateProperties(HibernateProperties.java:95)org.springframework.boot.autoconfigure.orm.jpa.HibernateJpaConfiguration.getVendorProperties(HibernateJpaConfiguration.java:132)org.springframework.boot.autoconfigure.orm.jpa.JpaBaseConfiguration.entityManagerFactory(JpaBaseConfiguration.java:132)java.base/jdk.internal.reflect.NativeMethodAccessorImpl.invoke0(Native Method)java.base/jdk.internal.reflect.NativeMethodAccessorImpl.invoke(NativeMethodAccessorImpl.java:77)java.base/jdk.internal.reflect.DelegatingMethodAccessorImpl.invoke(DelegatingMethodAccessorImpl.java:43)java.base/java.lang.reflect.Method.invoke(Method.java:568)org.springframework.beans.factory.support.SimpleInstantiationStrategy.instantiate(SimpleInstantiationStrategy.java:154)org.springframework.beans.factory.support.ConstructorResolver.instantiate(ConstructorResolver.java:653)org.springframework.beans.factory.support.ConstructorResolver.instantiateUsingFactoryMethod(ConstructorResolver.java:638)org.springframework.beans.factory.support.AbstractAutowireCapableBeanFactory.instantiateUsingFactoryMethod(AbstractAutowireCapableBeanFactory.java:1352)org.springframework.beans.factory.support.AbstractAutowireCapableBeanFactory.createBeanInstance(AbstractAutowireCapableBeanFactory.java:1195)org.springframework.beans.factory.support.AbstractAutowireCapableBeanFactory.doCreateBean(AbstractAutowireCapableBeanFactory.java:582)org.springframework.beans.factory.support.AbstractAutowireCapableBeanFactory.createBean(AbstractAutowireCapableBeanFactory.java:542)org.springframework.beans.factory.support.AbstractBeanFactory.lambda$doGetBean$0(AbstractBeanFactory.java:335)org.springframework.beans.factory.support.DefaultSingletonBeanRegistry.getSingleton(DefaultSingletonBeanRegistry.java:234)org.springframework.beans.factory.support.AbstractBeanFactory.doGetBean(AbstractBeanFactory.java:333)org.springframework.beans.factory.support.AbstractBeanFactory.getBean(AbstractBeanFactory.java:208)org.springframework.context.support.AbstractApplicationContext.getBean(AbstractApplicationContext.java:1154)org.springframework.context.support.AbstractApplicationContext.finishBeanFactoryInitialization(AbstractApplicationContext.java:908)org.springframework.context.support.AbstractApplicationContext.refresh(AbstractApplicationContext.java:583)org.springframework.boot.web.servlet.context.ServletWebServerApplicationContext.refresh(ServletWebServerApplicationContext.java:147)org.springframework.boot.SpringApplication.refresh(SpringApplication.java:734)org.springframework.boot.SpringApplication.refreshContext(SpringApplication.java:408)org.springframework.boot.SpringApplication.run(SpringApplication.java:308)org.springframework.boot.SpringApplication.run(SpringApplication.java:1306)org.springframework.boot.SpringApplication.run(SpringApplication.java:1295)za.co.woolworths.itemkafka_poc.KafkaItemProducerPocApplication.main(KafkaItemProducerPocApplication.java:10)java.base/jdk.internal.reflect.NativeMethodAccessorImpl.invoke0(Native Method)java.base/jdk.internal.reflect.NativeMethodAccessorImpl.invoke(NativeMethodAccessorImpl.java:77)java.base/jdk.internal.reflect.DelegatingMethodAccessorImpl.invoke(DelegatingMethodAccessorImpl.java:43)java.base/java.lang.reflect.Method.invoke(Method.java:568)org.springframework.boot.loader.MainMethodRunner.run(MainMethodRunner.java:49)org.springframework.boot.loader.Launcher.launch(Launcher.java:108)org.springframework.boot.loader.Launcher.launch(Launcher.java:58)org.springframework.boot.loader.JarLauncher.main(JarLauncher.java:65) 
2025-01-07 17:14:27.941 DEBUG [com.microsoft.sqlserver.jdbc.internals.SQLServerConnection:2944] ConnectionID:1 ClientConnectionId: a5fcbd36-a9cd-4930-a5f6-9017c38de1ec sleeping milisec: 1000 
2025-01-07 17:14:28.950 DEBUG [com.microsoft.sqlserver.jdbc.internals.SQLServerConnection:2825] ConnectionID:1 This attempt server name: C21SQL04 port: 1433 InstanceName: amos.1 useParallel: false 
2025-01-07 17:14:28.951 DEBUG [com.microsoft.sqlserver.jdbc.internals.SQLServerConnection:2828] ConnectionID:1 This attempt endtime: 1736262891023 
2025-01-07 17:14:28.952 DEBUG [com.microsoft.sqlserver.jdbc.internals.SQLServerConnection:2829] ConnectionID:1 This attempt No: 7 
2025-01-07 17:14:28.953 DEBUG [com.microsoft.sqlserver.jdbc.internals.SQLServerConnection:3165] ConnectionID:1 Connecting with server: C21SQL04 port: 1433 Timeout slice: 22070 Timeout Full: 30 
2025-01-07 17:14:29.135 DEBUG [com.microsoft.sqlserver.jdbc.internals.SQLServerConnection:3547] ConnectionID:1 ClientConnectionId: 45552cb3-5331-457f-a667-471d3b79c727 Server returned major version:13 
2025-01-07 17:14:29.295 DEBUG [jdk.event.security:274]  TLSHandshake: C21SQL04:1433, TLSv1.2, TLS_ECDHE_RSA_WITH_AES_256_CBC_SHA384, -1000310061 
2025-01-07 17:14:29.296 DEBUG [com.microsoft.sqlserver.jdbc.internals.SQLServerException:116] *** SQLException:ConnectionID:1 ClientConnectionId: 45552cb3-5331-457f-a667-471d3b79c727 com.microsoft.sqlserver.jdbc.SQLServerException: This driver is not configured for integrated authentication. ClientConnectionId:45552cb3-5331-457f-a667-471d3b79c727 This driver is not configured for integrated authentication. ClientConnectionId:45552cb3-5331-457f-a667-471d3b79c727 
2025-01-07 17:14:29.298 DEBUG [com.microsoft.sqlserver.jdbc.internals.SQLServerException:130] com.microsoft.sqlserver.jdbc.SQLServerConnection.terminate(SQLServerConnection.java:3680)com.microsoft.sqlserver.jdbc.AuthenticationJNI.<init>(AuthenticationJNI.java:74)com.microsoft.sqlserver.jdbc.SQLServerConnection.logon(SQLServerConnection.java:4734)com.microsoft.sqlserver.jdbc.SQLServerConnection.access$100(SQLServerConnection.java:90)com.microsoft.sqlserver.jdbc.SQLServerConnection$LogonCommand.doExecute(SQLServerConnection.java:4723)com.microsoft.sqlserver.jdbc.TDSCommand.execute(IOBuffer.java:7785)com.microsoft.sqlserver.jdbc.SQLServerConnection.executeCommand(SQLServerConnection.java:3793)com.microsoft.sqlserver.jdbc.SQLServerConnection.connectHelper(SQLServerConnection.java:3233)com.microsoft.sqlserver.jdbc.SQLServerConnection.login(SQLServerConnection.java:2833)com.microsoft.sqlserver.jdbc.SQLServerConnection.connectInternal(SQLServerConnection.java:2671)com.microsoft.sqlserver.jdbc.SQLServerConnection.connect(SQLServerConnection.java:1640)com.microsoft.sqlserver.jdbc.SQLServerDriver.connect(SQLServerDriver.java:936)com.zaxxer.hikari.util.DriverDataSource.getConnection(DriverDataSource.java:121)com.zaxxer.hikari.pool.PoolBase.newConnection(PoolBase.java:364)com.zaxxer.hikari.pool.PoolBase.newPoolEntry(PoolBase.java:206)com.zaxxer.hikari.pool.HikariPool.createPoolEntry(HikariPool.java:476)com.zaxxer.hikari.pool.HikariPool.checkFailFast(HikariPool.java:561)com.zaxxer.hikari.pool.HikariPool.<init>(HikariPool.java:115)com.zaxxer.hikari.HikariDataSource.getConnection(HikariDataSource.java:112)org.springframework.jdbc.datasource.DataSourceUtils.fetchConnection(DataSourceUtils.java:159)org.springframework.jdbc.datasource.DataSourceUtils.doGetConnection(DataSourceUtils.java:117)org.springframework.jdbc.datasource.DataSourceUtils.getConnection(DataSourceUtils.java:80)org.springframework.jdbc.core.JdbcTemplate.execute(JdbcTemplate.java:330)org.springframework.boot.jdbc.EmbeddedDatabaseConnection.isEmbedded(EmbeddedDatabaseConnection.java:162)org.springframework.boot.autoconfigure.orm.jpa.HibernateDefaultDdlAutoProvider.getDefaultDdlAuto(HibernateDefaultDdlAutoProvider.java:42)org.springframework.boot.autoconfigure.orm.jpa.HibernateJpaConfiguration.lambda$getVendorProperties$1(HibernateJpaConfiguration.java:130)org.springframework.boot.autoconfigure.orm.jpa.HibernateSettings.getDdlAuto(HibernateSettings.java:41)org.springframework.boot.autoconfigure.orm.jpa.HibernateProperties.determineDdlAuto(HibernateProperties.java:143)org.springframework.boot.autoconfigure.orm.jpa.HibernateProperties.getAdditionalProperties(HibernateProperties.java:103)org.springframework.boot.autoconfigure.orm.jpa.HibernateProperties.determineHibernateProperties(HibernateProperties.java:95)org.springframework.boot.autoconfigure.orm.jpa.HibernateJpaConfiguration.getVendorProperties(HibernateJpaConfiguration.java:132)org.springframework.boot.autoconfigure.orm.jpa.JpaBaseConfiguration.entityManagerFactory(JpaBaseConfiguration.java:132)java.base/jdk.internal.reflect.NativeMethodAccessorImpl.invoke0(Native Method)java.base/jdk.internal.reflect.NativeMethodAccessorImpl.invoke(NativeMethodAccessorImpl.java:77)java.base/jdk.internal.reflect.DelegatingMethodAccessorImpl.invoke(DelegatingMethodAccessorImpl.java:43)java.base/java.lang.reflect.Method.invoke(Method.java:568)org.springframework.beans.factory.support.SimpleInstantiationStrategy.instantiate(SimpleInstantiationStrategy.java:154)org.springframework.beans.factory.support.ConstructorResolver.instantiate(ConstructorResolver.java:653)org.springframework.beans.factory.support.ConstructorResolver.instantiateUsingFactoryMethod(ConstructorResolver.java:638)org.springframework.beans.factory.support.AbstractAutowireCapableBeanFactory.instantiateUsingFactoryMethod(AbstractAutowireCapableBeanFactory.java:1352)org.springframework.beans.factory.support.AbstractAutowireCapableBeanFactory.createBeanInstance(AbstractAutowireCapableBeanFactory.java:1195)org.springframework.beans.factory.support.AbstractAutowireCapableBeanFactory.doCreateBean(AbstractAutowireCapableBeanFactory.java:582)org.springframework.beans.factory.support.AbstractAutowireCapableBeanFactory.createBean(AbstractAutowireCapableBeanFactory.java:542)org.springframework.beans.factory.support.AbstractBeanFactory.lambda$doGetBean$0(AbstractBeanFactory.java:335)org.springframework.beans.factory.support.DefaultSingletonBeanRegistry.getSingleton(DefaultSingletonBeanRegistry.java:234)org.springframework.beans.factory.support.AbstractBeanFactory.doGetBean(AbstractBeanFactory.java:333)org.springframework.beans.factory.support.AbstractBeanFactory.getBean(AbstractBeanFactory.java:208)org.springframework.context.support.AbstractApplicationContext.getBean(AbstractApplicationContext.java:1154)org.springframework.context.support.AbstractApplicationContext.finishBeanFactoryInitialization(AbstractApplicationContext.java:908)org.springframework.context.support.AbstractApplicationContext.refresh(AbstractApplicationContext.java:583)org.springframework.boot.web.servlet.context.ServletWebServerApplicationContext.refresh(ServletWebServerApplicationContext.java:147)org.springframework.boot.SpringApplication.refresh(SpringApplication.java:734)org.springframework.boot.SpringApplication.refreshContext(SpringApplication.java:408)org.springframework.boot.SpringApplication.run(SpringApplication.java:308)org.springframework.boot.SpringApplication.run(SpringApplication.java:1306)org.springframework.boot.SpringApplication.run(SpringApplication.java:1295)za.co.woolworths.itemkafka_poc.KafkaItemProducerPocApplication.main(KafkaItemProducerPocApplication.java:10)java.base/jdk.internal.reflect.NativeMethodAccessorImpl.invoke0(Native Method)java.base/jdk.internal.reflect.NativeMethodAccessorImpl.invoke(NativeMethodAccessorImpl.java:77)java.base/jdk.internal.reflect.DelegatingMethodAccessorImpl.invoke(DelegatingMethodAccessorImpl.java:43)java.base/java.lang.reflect.Method.invoke(Method.java:568)org.springframework.boot.loader.MainMethodRunner.run(MainMethodRunner.java:49)org.springframework.boot.loader.Launcher.launch(Launcher.java:108)org.springframework.boot.loader.Launcher.launch(Launcher.java:58)org.springframework.boot.loader.JarLauncher.main(JarLauncher.java:65) 
2025-01-07 17:14:29.303 DEBUG [com.microsoft.sqlserver.jdbc.internals.SQLServerConnection:2944] ConnectionID:1 ClientConnectionId: 45552cb3-5331-457f-a667-471d3b79c727 sleeping milisec: 1000 
2025-01-07 17:14:30.306 DEBUG [com.microsoft.sqlserver.jdbc.internals.SQLServerConnection:2825] ConnectionID:1 This attempt server name: C21SQL04 port: 1433 InstanceName: amos.1 useParallel: false 
2025-01-07 17:14:30.308 DEBUG [com.microsoft.sqlserver.jdbc.internals.SQLServerConnection:2828] ConnectionID:1 This attempt endtime: 1736262891023 
2025-01-07 17:14:30.309 DEBUG [com.microsoft.sqlserver.jdbc.internals.SQLServerConnection:2829] ConnectionID:1 This attempt No: 8 
2025-01-07 17:14:30.310 DEBUG [com.microsoft.sqlserver.jdbc.internals.SQLServerConnection:3165] ConnectionID:1 Connecting with server: C21SQL04 port: 1433 Timeout slice: 20713 Timeout Full: 30 
2025-01-07 17:14:30.488 DEBUG [com.microsoft.sqlserver.jdbc.internals.SQLServerConnection:3547] ConnectionID:1 ClientConnectionId: b7f6c66e-74ab-4519-9fa9-6c0d446f80ae Server returned major version:13 
2025-01-07 17:14:30.651 DEBUG [jdk.event.security:274]  TLSHandshake: C21SQL04:1433, TLSv1.2, TLS_ECDHE_RSA_WITH_AES_256_CBC_SHA384, -1000310061 
2025-01-07 17:14:30.652 DEBUG [com.microsoft.sqlserver.jdbc.internals.SQLServerException:116] *** SQLException:ConnectionID:1 ClientConnectionId: b7f6c66e-74ab-4519-9fa9-6c0d446f80ae com.microsoft.sqlserver.jdbc.SQLServerException: This driver is not configured for integrated authentication. ClientConnectionId:b7f6c66e-74ab-4519-9fa9-6c0d446f80ae This driver is not configured for integrated authentication. ClientConnectionId:b7f6c66e-74ab-4519-9fa9-6c0d446f80ae 
2025-01-07 17:14:30.654 DEBUG [com.microsoft.sqlserver.jdbc.internals.SQLServerException:130] com.microsoft.sqlserver.jdbc.SQLServerConnection.terminate(SQLServerConnection.java:3680)com.microsoft.sqlserver.jdbc.AuthenticationJNI.<init>(AuthenticationJNI.java:74)com.microsoft.sqlserver.jdbc.SQLServerConnection.logon(SQLServerConnection.java:4734)com.microsoft.sqlserver.jdbc.SQLServerConnection.access$100(SQLServerConnection.java:90)com.microsoft.sqlserver.jdbc.SQLServerConnection$LogonCommand.doExecute(SQLServerConnection.java:4723)com.microsoft.sqlserver.jdbc.TDSCommand.execute(IOBuffer.java:7785)com.microsoft.sqlserver.jdbc.SQLServerConnection.executeCommand(SQLServerConnection.java:3793)com.microsoft.sqlserver.jdbc.SQLServerConnection.connectHelper(SQLServerConnection.java:3233)com.microsoft.sqlserver.jdbc.SQLServerConnection.login(SQLServerConnection.java:2833)com.microsoft.sqlserver.jdbc.SQLServerConnection.connectInternal(SQLServerConnection.java:2671)com.microsoft.sqlserver.jdbc.SQLServerConnection.connect(SQLServerConnection.java:1640)com.microsoft.sqlserver.jdbc.SQLServerDriver.connect(SQLServerDriver.java:936)com.zaxxer.hikari.util.DriverDataSource.getConnection(DriverDataSource.java:121)com.zaxxer.hikari.pool.PoolBase.newConnection(PoolBase.java:364)com.zaxxer.hikari.pool.PoolBase.newPoolEntry(PoolBase.java:206)com.zaxxer.hikari.pool.HikariPool.createPoolEntry(HikariPool.java:476)com.zaxxer.hikari.pool.HikariPool.checkFailFast(HikariPool.java:561)com.zaxxer.hikari.pool.HikariPool.<init>(HikariPool.java:115)com.zaxxer.hikari.HikariDataSource.getConnection(HikariDataSource.java:112)org.springframework.jdbc.datasource.DataSourceUtils.fetchConnection(DataSourceUtils.java:159)org.springframework.jdbc.datasource.DataSourceUtils.doGetConnection(DataSourceUtils.java:117)org.springframework.jdbc.datasource.DataSourceUtils.getConnection(DataSourceUtils.java:80)org.springframework.jdbc.core.JdbcTemplate.execute(JdbcTemplate.java:330)org.springframework.boot.jdbc.EmbeddedDatabaseConnection.isEmbedded(EmbeddedDatabaseConnection.java:162)org.springframework.boot.autoconfigure.orm.jpa.HibernateDefaultDdlAutoProvider.getDefaultDdlAuto(HibernateDefaultDdlAutoProvider.java:42)org.springframework.boot.autoconfigure.orm.jpa.HibernateJpaConfiguration.lambda$getVendorProperties$1(HibernateJpaConfiguration.java:130)org.springframework.boot.autoconfigure.orm.jpa.HibernateSettings.getDdlAuto(HibernateSettings.java:41)org.springframework.boot.autoconfigure.orm.jpa.HibernateProperties.determineDdlAuto(HibernateProperties.java:143)org.springframework.boot.autoconfigure.orm.jpa.HibernateProperties.getAdditionalProperties(HibernateProperties.java:103)org.springframework.boot.autoconfigure.orm.jpa.HibernateProperties.determineHibernateProperties(HibernateProperties.java:95)org.springframework.boot.autoconfigure.orm.jpa.HibernateJpaConfiguration.getVendorProperties(HibernateJpaConfiguration.java:132)org.springframework.boot.autoconfigure.orm.jpa.JpaBaseConfiguration.entityManagerFactory(JpaBaseConfiguration.java:132)java.base/jdk.internal.reflect.NativeMethodAccessorImpl.invoke0(Native Method)java.base/jdk.internal.reflect.NativeMethodAccessorImpl.invoke(NativeMethodAccessorImpl.java:77)java.base/jdk.internal.reflect.DelegatingMethodAccessorImpl.invoke(DelegatingMethodAccessorImpl.java:43)java.base/java.lang.reflect.Method.invoke(Method.java:568)org.springframework.beans.factory.support.SimpleInstantiationStrategy.instantiate(SimpleInstantiationStrategy.java:154)org.springframework.beans.factory.support.ConstructorResolver.instantiate(ConstructorResolver.java:653)org.springframework.beans.factory.support.ConstructorResolver.instantiateUsingFactoryMethod(ConstructorResolver.java:638)org.springframework.beans.factory.support.AbstractAutowireCapableBeanFactory.instantiateUsingFactoryMethod(AbstractAutowireCapableBeanFactory.java:1352)org.springframework.beans.factory.support.AbstractAutowireCapableBeanFactory.createBeanInstance(AbstractAutowireCapableBeanFactory.java:1195)org.springframework.beans.factory.support.AbstractAutowireCapableBeanFactory.doCreateBean(AbstractAutowireCapableBeanFactory.java:582)org.springframework.beans.factory.support.AbstractAutowireCapableBeanFactory.createBean(AbstractAutowireCapableBeanFactory.java:542)org.springframework.beans.factory.support.AbstractBeanFactory.lambda$doGetBean$0(AbstractBeanFactory.java:335)org.springframework.beans.factory.support.DefaultSingletonBeanRegistry.getSingleton(DefaultSingletonBeanRegistry.java:234)org.springframework.beans.factory.support.AbstractBeanFactory.doGetBean(AbstractBeanFactory.java:333)org.springframework.beans.factory.support.AbstractBeanFactory.getBean(AbstractBeanFactory.java:208)org.springframework.context.support.AbstractApplicationContext.getBean(AbstractApplicationContext.java:1154)org.springframework.context.support.AbstractApplicationContext.finishBeanFactoryInitialization(AbstractApplicationContext.java:908)org.springframework.context.support.AbstractApplicationContext.refresh(AbstractApplicationContext.java:583)org.springframework.boot.web.servlet.context.ServletWebServerApplicationContext.refresh(ServletWebServerApplicationContext.java:147)org.springframework.boot.SpringApplication.refresh(SpringApplication.java:734)org.springframework.boot.SpringApplication.refreshContext(SpringApplication.java:408)org.springframework.boot.SpringApplication.run(SpringApplication.java:308)org.springframework.boot.SpringApplication.run(SpringApplication.java:1306)org.springframework.boot.SpringApplication.run(SpringApplication.java:1295)za.co.woolworths.itemkafka_poc.KafkaItemProducerPocApplication.main(KafkaItemProducerPocApplication.java:10)java.base/jdk.internal.reflect.NativeMethodAccessorImpl.invoke0(Native Method)java.base/jdk.internal.reflect.NativeMethodAccessorImpl.invoke(NativeMethodAccessorImpl.java:77)java.base/jdk.internal.reflect.DelegatingMethodAccessorImpl.invoke(DelegatingMethodAccessorImpl.java:43)java.base/java.lang.reflect.Method.invoke(Method.java:568)org.springframework.boot.loader.MainMethodRunner.run(MainMethodRunner.java:49)org.springframework.boot.loader.Launcher.launch(Launcher.java:108)org.springframework.boot.loader.Launcher.launch(Launcher.java:58)org.springframework.boot.loader.JarLauncher.main(JarLauncher.java:65) 
2025-01-07 17:14:30.658 DEBUG [com.microsoft.sqlserver.jdbc.internals.SQLServerConnection:2944] ConnectionID:1 ClientConnectionId: b7f6c66e-74ab-4519-9fa9-6c0d446f80ae sleeping milisec: 1000 
2025-01-07 17:14:31.661 DEBUG [com.microsoft.sqlserver.jdbc.internals.SQLServerConnection:2825] ConnectionID:1 This attempt server name: C21SQL04 port: 1433 InstanceName: amos.1 useParallel: false 
2025-01-07 17:14:31.663 DEBUG [com.microsoft.sqlserver.jdbc.internals.SQLServerConnection:2828] ConnectionID:1 This attempt endtime: 1736262891023 
2025-01-07 17:14:31.664 DEBUG [com.microsoft.sqlserver.jdbc.internals.SQLServerConnection:2829] ConnectionID:1 This attempt No: 9 
2025-01-07 17:14:31.666 DEBUG [com.microsoft.sqlserver.jdbc.internals.SQLServerConnection:3165] ConnectionID:1 Connecting with server: C21SQL04 port: 1433 Timeout slice: 19357 Timeout Full: 30 
2025-01-07 17:14:31.854 DEBUG [com.microsoft.sqlserver.jdbc.internals.SQLServerConnection:3547] ConnectionID:1 ClientConnectionId: 6bbfd74b-aa3c-4859-a4fd-d7c13255f1b5 Server returned major version:13 
2025-01-07 17:14:32.010 DEBUG [jdk.event.security:274]  TLSHandshake: C21SQL04:1433, TLSv1.2, TLS_ECDHE_RSA_WITH_AES_256_CBC_SHA384, -1000310061 
2025-01-07 17:14:32.011 DEBUG [com.microsoft.sqlserver.jdbc.internals.SQLServerException:116] *** SQLException:ConnectionID:1 ClientConnectionId: 6bbfd74b-aa3c-4859-a4fd-d7c13255f1b5 com.microsoft.sqlserver.jdbc.SQLServerException: This driver is not configured for integrated authentication. ClientConnectionId:6bbfd74b-aa3c-4859-a4fd-d7c13255f1b5 This driver is not configured for integrated authentication. ClientConnectionId:6bbfd74b-aa3c-4859-a4fd-d7c13255f1b5 
2025-01-07 17:14:32.013 DEBUG [com.microsoft.sqlserver.jdbc.internals.SQLServerException:130] com.microsoft.sqlserver.jdbc.SQLServerConnection.terminate(SQLServerConnection.java:3680)com.microsoft.sqlserver.jdbc.AuthenticationJNI.<init>(AuthenticationJNI.java:74)com.microsoft.sqlserver.jdbc.SQLServerConnection.logon(SQLServerConnection.java:4734)com.microsoft.sqlserver.jdbc.SQLServerConnection.access$100(SQLServerConnection.java:90)com.microsoft.sqlserver.jdbc.SQLServerConnection$LogonCommand.doExecute(SQLServerConnection.java:4723)com.microsoft.sqlserver.jdbc.TDSCommand.execute(IOBuffer.java:7785)com.microsoft.sqlserver.jdbc.SQLServerConnection.executeCommand(SQLServerConnection.java:3793)com.microsoft.sqlserver.jdbc.SQLServerConnection.connectHelper(SQLServerConnection.java:3233)com.microsoft.sqlserver.jdbc.SQLServerConnection.login(SQLServerConnection.java:2833)com.microsoft.sqlserver.jdbc.SQLServerConnection.connectInternal(SQLServerConnection.java:2671)com.microsoft.sqlserver.jdbc.SQLServerConnection.connect(SQLServerConnection.java:1640)com.microsoft.sqlserver.jdbc.SQLServerDriver.connect(SQLServerDriver.java:936)com.zaxxer.hikari.util.DriverDataSource.getConnection(DriverDataSource.java:121)com.zaxxer.hikari.pool.PoolBase.newConnection(PoolBase.java:364)com.zaxxer.hikari.pool.PoolBase.newPoolEntry(PoolBase.java:206)com.zaxxer.hikari.pool.HikariPool.createPoolEntry(HikariPool.java:476)com.zaxxer.hikari.pool.HikariPool.checkFailFast(HikariPool.java:561)com.zaxxer.hikari.pool.HikariPool.<init>(HikariPool.java:115)com.zaxxer.hikari.HikariDataSource.getConnection(HikariDataSource.java:112)org.springframework.jdbc.datasource.DataSourceUtils.fetchConnection(DataSourceUtils.java:159)org.springframework.jdbc.datasource.DataSourceUtils.doGetConnection(DataSourceUtils.java:117)org.springframework.jdbc.datasource.DataSourceUtils.getConnection(DataSourceUtils.java:80)org.springframework.jdbc.core.JdbcTemplate.execute(JdbcTemplate.java:330)org.springframework.boot.jdbc.EmbeddedDatabaseConnection.isEmbedded(EmbeddedDatabaseConnection.java:162)org.springframework.boot.autoconfigure.orm.jpa.HibernateDefaultDdlAutoProvider.getDefaultDdlAuto(HibernateDefaultDdlAutoProvider.java:42)org.springframework.boot.autoconfigure.orm.jpa.HibernateJpaConfiguration.lambda$getVendorProperties$1(HibernateJpaConfiguration.java:130)org.springframework.boot.autoconfigure.orm.jpa.HibernateSettings.getDdlAuto(HibernateSettings.java:41)org.springframework.boot.autoconfigure.orm.jpa.HibernateProperties.determineDdlAuto(HibernateProperties.java:143)org.springframework.boot.autoconfigure.orm.jpa.HibernateProperties.getAdditionalProperties(HibernateProperties.java:103)org.springframework.boot.autoconfigure.orm.jpa.HibernateProperties.determineHibernateProperties(HibernateProperties.java:95)org.springframework.boot.autoconfigure.orm.jpa.HibernateJpaConfiguration.getVendorProperties(HibernateJpaConfiguration.java:132)org.springframework.boot.autoconfigure.orm.jpa.JpaBaseConfiguration.entityManagerFactory(JpaBaseConfiguration.java:132)java.base/jdk.internal.reflect.NativeMethodAccessorImpl.invoke0(Native Method)java.base/jdk.internal.reflect.NativeMethodAccessorImpl.invoke(NativeMethodAccessorImpl.java:77)java.base/jdk.internal.reflect.DelegatingMethodAccessorImpl.invoke(DelegatingMethodAccessorImpl.java:43)java.base/java.lang.reflect.Method.invoke(Method.java:568)org.springframework.beans.factory.support.SimpleInstantiationStrategy.instantiate(SimpleInstantiationStrategy.java:154)org.springframework.beans.factory.support.ConstructorResolver.instantiate(ConstructorResolver.java:653)org.springframework.beans.factory.support.ConstructorResolver.instantiateUsingFactoryMethod(ConstructorResolver.java:638)org.springframework.beans.factory.support.AbstractAutowireCapableBeanFactory.instantiateUsingFactoryMethod(AbstractAutowireCapableBeanFactory.java:1352)org.springframework.beans.factory.support.AbstractAutowireCapableBeanFactory.createBeanInstance(AbstractAutowireCapableBeanFactory.java:1195)org.springframework.beans.factory.support.AbstractAutowireCapableBeanFactory.doCreateBean(AbstractAutowireCapableBeanFactory.java:582)org.springframework.beans.factory.support.AbstractAutowireCapableBeanFactory.createBean(AbstractAutowireCapableBeanFactory.java:542)org.springframework.beans.factory.support.AbstractBeanFactory.lambda$doGetBean$0(AbstractBeanFactory.java:335)org.springframework.beans.factory.support.DefaultSingletonBeanRegistry.getSingleton(DefaultSingletonBeanRegistry.java:234)org.springframework.beans.factory.support.AbstractBeanFactory.doGetBean(AbstractBeanFactory.java:333)org.springframework.beans.factory.support.AbstractBeanFactory.getBean(AbstractBeanFactory.java:208)org.springframework.context.support.AbstractApplicationContext.getBean(AbstractApplicationContext.java:1154)org.springframework.context.support.AbstractApplicationContext.finishBeanFactoryInitialization(AbstractApplicationContext.java:908)org.springframework.context.support.AbstractApplicationContext.refresh(AbstractApplicationContext.java:583)org.springframework.boot.web.servlet.context.ServletWebServerApplicationContext.refresh(ServletWebServerApplicationContext.java:147)org.springframework.boot.SpringApplication.refresh(SpringApplication.java:734)org.springframework.boot.SpringApplication.refreshContext(SpringApplication.java:408)org.springframework.boot.SpringApplication.run(SpringApplication.java:308)org.springframework.boot.SpringApplication.run(SpringApplication.java:1306)org.springframework.boot.SpringApplication.run(SpringApplication.java:1295)za.co.woolworths.itemkafka_poc.KafkaItemProducerPocApplication.main(KafkaItemProducerPocApplication.java:10)java.base/jdk.internal.reflect.NativeMethodAccessorImpl.invoke0(Native Method)java.base/jdk.internal.reflect.NativeMethodAccessorImpl.invoke(NativeMethodAccessorImpl.java:77)java.base/jdk.internal.reflect.DelegatingMethodAccessorImpl.invoke(DelegatingMethodAccessorImpl.java:43)java.base/java.lang.reflect.Method.invoke(Method.java:568)org.springframework.boot.loader.MainMethodRunner.run(MainMethodRunner.java:49)org.springframework.boot.loader.Launcher.launch(Launcher.java:108)org.springframework.boot.loader.Launcher.launch(Launcher.java:58)org.springframework.boot.loader.JarLauncher.main(JarLauncher.java:65) 
2025-01-07 17:14:32.017 DEBUG [com.microsoft.sqlserver.jdbc.internals.SQLServerConnection:2944] ConnectionID:1 ClientConnectionId: 6bbfd74b-aa3c-4859-a4fd-d7c13255f1b5 sleeping milisec: 1000 
2025-01-07 17:14:33.022 DEBUG [com.microsoft.sqlserver.jdbc.internals.SQLServerConnection:2825] ConnectionID:1 This attempt server name: C21SQL04 port: 1433 InstanceName: amos.1 useParallel: false 
2025-01-07 17:14:33.024 DEBUG [com.microsoft.sqlserver.jdbc.internals.SQLServerConnection:2828] ConnectionID:1 This attempt endtime: 1736262891023 
2025-01-07 17:14:33.040 DEBUG [com.microsoft.sqlserver.jdbc.internals.SQLServerConnection:2829] ConnectionID:1 This attempt No: 10 
2025-01-07 17:14:33.041 DEBUG [com.microsoft.sqlserver.jdbc.internals.SQLServerConnection:3165] ConnectionID:1 Connecting with server: C21SQL04 port: 1433 Timeout slice: 17982 Timeout Full: 30 
2025-01-07 17:14:33.212 DEBUG [com.microsoft.sqlserver.jdbc.internals.SQLServerConnection:3547] ConnectionID:1 ClientConnectionId: 12f79c51-6148-4b9f-8770-4d1e0d1cff98 Server returned major version:13 
2025-01-07 17:14:33.377 DEBUG [jdk.event.security:274]  TLSHandshake: C21SQL04:1433, TLSv1.2, TLS_ECDHE_RSA_WITH_AES_256_CBC_SHA384, -1000310061 
2025-01-07 17:14:33.378 DEBUG [com.microsoft.sqlserver.jdbc.internals.SQLServerException:116] *** SQLException:ConnectionID:1 ClientConnectionId: 12f79c51-6148-4b9f-8770-4d1e0d1cff98 com.microsoft.sqlserver.jdbc.SQLServerException: This driver is not configured for integrated authentication. ClientConnectionId:12f79c51-6148-4b9f-8770-4d1e0d1cff98 This driver is not configured for integrated authentication. ClientConnectionId:12f79c51-6148-4b9f-8770-4d1e0d1cff98 
2025-01-07 17:14:33.380 DEBUG [com.microsoft.sqlserver.jdbc.internals.SQLServerException:130] com.microsoft.sqlserver.jdbc.SQLServerConnection.terminate(SQLServerConnection.java:3680)com.microsoft.sqlserver.jdbc.AuthenticationJNI.<init>(AuthenticationJNI.java:74)com.microsoft.sqlserver.jdbc.SQLServerConnection.logon(SQLServerConnection.java:4734)com.microsoft.sqlserver.jdbc.SQLServerConnection.access$100(SQLServerConnection.java:90)com.microsoft.sqlserver.jdbc.SQLServerConnection$LogonCommand.doExecute(SQLServerConnection.java:4723)com.microsoft.sqlserver.jdbc.TDSCommand.execute(IOBuffer.java:7785)com.microsoft.sqlserver.jdbc.SQLServerConnection.executeCommand(SQLServerConnection.java:3793)com.microsoft.sqlserver.jdbc.SQLServerConnection.connectHelper(SQLServerConnection.java:3233)com.microsoft.sqlserver.jdbc.SQLServerConnection.login(SQLServerConnection.java:2833)com.microsoft.sqlserver.jdbc.SQLServerConnection.connectInternal(SQLServerConnection.java:2671)com.microsoft.sqlserver.jdbc.SQLServerConnection.connect(SQLServerConnection.java:1640)com.microsoft.sqlserver.jdbc.SQLServerDriver.connect(SQLServerDriver.java:936)com.zaxxer.hikari.util.DriverDataSource.getConnection(DriverDataSource.java:121)com.zaxxer.hikari.pool.PoolBase.newConnection(PoolBase.java:364)com.zaxxer.hikari.pool.PoolBase.newPoolEntry(PoolBase.java:206)com.zaxxer.hikari.pool.HikariPool.createPoolEntry(HikariPool.java:476)com.zaxxer.hikari.pool.HikariPool.checkFailFast(HikariPool.java:561)com.zaxxer.hikari.pool.HikariPool.<init>(HikariPool.java:115)com.zaxxer.hikari.HikariDataSource.getConnection(HikariDataSource.java:112)org.springframework.jdbc.datasource.DataSourceUtils.fetchConnection(DataSourceUtils.java:159)org.springframework.jdbc.datasource.DataSourceUtils.doGetConnection(DataSourceUtils.java:117)org.springframework.jdbc.datasource.DataSourceUtils.getConnection(DataSourceUtils.java:80)org.springframework.jdbc.core.JdbcTemplate.execute(JdbcTemplate.java:330)org.springframework.boot.jdbc.EmbeddedDatabaseConnection.isEmbedded(EmbeddedDatabaseConnection.java:162)org.springframework.boot.autoconfigure.orm.jpa.HibernateDefaultDdlAutoProvider.getDefaultDdlAuto(HibernateDefaultDdlAutoProvider.java:42)org.springframework.boot.autoconfigure.orm.jpa.HibernateJpaConfiguration.lambda$getVendorProperties$1(HibernateJpaConfiguration.java:130)org.springframework.boot.autoconfigure.orm.jpa.HibernateSettings.getDdlAuto(HibernateSettings.java:41)org.springframework.boot.autoconfigure.orm.jpa.HibernateProperties.determineDdlAuto(HibernateProperties.java:143)org.springframework.boot.autoconfigure.orm.jpa.HibernateProperties.getAdditionalProperties(HibernateProperties.java:103)org.springframework.boot.autoconfigure.orm.jpa.HibernateProperties.determineHibernateProperties(HibernateProperties.java:95)org.springframework.boot.autoconfigure.orm.jpa.HibernateJpaConfiguration.getVendorProperties(HibernateJpaConfiguration.java:132)org.springframework.boot.autoconfigure.orm.jpa.JpaBaseConfiguration.entityManagerFactory(JpaBaseConfiguration.java:132)java.base/jdk.internal.reflect.NativeMethodAccessorImpl.invoke0(Native Method)java.base/jdk.internal.reflect.NativeMethodAccessorImpl.invoke(NativeMethodAccessorImpl.java:77)java.base/jdk.internal.reflect.DelegatingMethodAccessorImpl.invoke(DelegatingMethodAccessorImpl.java:43)java.base/java.lang.reflect.Method.invoke(Method.java:568)org.springframework.beans.factory.support.SimpleInstantiationStrategy.instantiate(SimpleInstantiationStrategy.java:154)org.springframework.beans.factory.support.ConstructorResolver.instantiate(ConstructorResolver.java:653)org.springframework.beans.factory.support.ConstructorResolver.instantiateUsingFactoryMethod(ConstructorResolver.java:638)org.springframework.beans.factory.support.AbstractAutowireCapableBeanFactory.instantiateUsingFactoryMethod(AbstractAutowireCapableBeanFactory.java:1352)org.springframework.beans.factory.support.AbstractAutowireCapableBeanFactory.createBeanInstance(AbstractAutowireCapableBeanFactory.java:1195)org.springframework.beans.factory.support.AbstractAutowireCapableBeanFactory.doCreateBean(AbstractAutowireCapableBeanFactory.java:582)org.springframework.beans.factory.support.AbstractAutowireCapableBeanFactory.createBean(AbstractAutowireCapableBeanFactory.java:542)org.springframework.beans.factory.support.AbstractBeanFactory.lambda$doGetBean$0(AbstractBeanFactory.java:335)org.springframework.beans.factory.support.DefaultSingletonBeanRegistry.getSingleton(DefaultSingletonBeanRegistry.java:234)org.springframework.beans.factory.support.AbstractBeanFactory.doGetBean(AbstractBeanFactory.java:333)org.springframework.beans.factory.support.AbstractBeanFactory.getBean(AbstractBeanFactory.java:208)org.springframework.context.support.AbstractApplicationContext.getBean(AbstractApplicationContext.java:1154)org.springframework.context.support.AbstractApplicationContext.finishBeanFactoryInitialization(AbstractApplicationContext.java:908)org.springframework.context.support.AbstractApplicationContext.refresh(AbstractApplicationContext.java:583)org.springframework.boot.web.servlet.context.ServletWebServerApplicationContext.refresh(ServletWebServerApplicationContext.java:147)org.springframework.boot.SpringApplication.refresh(SpringApplication.java:734)org.springframework.boot.SpringApplication.refreshContext(SpringApplication.java:408)org.springframework.boot.SpringApplication.run(SpringApplication.java:308)org.springframework.boot.SpringApplication.run(SpringApplication.java:1306)org.springframework.boot.SpringApplication.run(SpringApplication.java:1295)za.co.woolworths.itemkafka_poc.KafkaItemProducerPocApplication.main(KafkaItemProducerPocApplication.java:10)java.base/jdk.internal.reflect.NativeMethodAccessorImpl.invoke0(Native Method)java.base/jdk.internal.reflect.NativeMethodAccessorImpl.invoke(NativeMethodAccessorImpl.java:77)java.base/jdk.internal.reflect.DelegatingMethodAccessorImpl.invoke(DelegatingMethodAccessorImpl.java:43)java.base/java.lang.reflect.Method.invoke(Method.java:568)org.springframework.boot.loader.MainMethodRunner.run(MainMethodRunner.java:49)org.springframework.boot.loader.Launcher.launch(Launcher.java:108)org.springframework.boot.loader.Launcher.launch(Launcher.java:58)org.springframework.boot.loader.JarLauncher.main(JarLauncher.java:65) 
2025-01-07 17:14:33.384 DEBUG [com.microsoft.sqlserver.jdbc.internals.SQLServerConnection:2944] ConnectionID:1 ClientConnectionId: 12f79c51-6148-4b9f-8770-4d1e0d1cff98 sleeping milisec: 1000 
2025-01-07 17:14:34.393 DEBUG [com.microsoft.sqlserver.jdbc.internals.SQLServerConnection:2825] ConnectionID:1 This attempt server name: C21SQL04 port: 1433 InstanceName: amos.1 useParallel: false 
2025-01-07 17:14:34.395 DEBUG [com.microsoft.sqlserver.jdbc.internals.SQLServerConnection:2828] ConnectionID:1 This attempt endtime: 1736262891023 
2025-01-07 17:14:34.396 DEBUG [com.microsoft.sqlserver.jdbc.internals.SQLServerConnection:2829] ConnectionID:1 This attempt No: 11 
2025-01-07 17:14:34.398 DEBUG [com.microsoft.sqlserver.jdbc.internals.SQLServerConnection:3165] ConnectionID:1 Connecting with server: C21SQL04 port: 1433 Timeout slice: 16626 Timeout Full: 30 
2025-01-07 17:14:34.568 DEBUG [com.microsoft.sqlserver.jdbc.internals.SQLServerConnection:3547] ConnectionID:1 ClientConnectionId: 8ca89a3d-df9f-412b-9fdd-18bc6f940b26 Server returned major version:13 
2025-01-07 17:14:34.776 DEBUG [jdk.event.security:274]  TLSHandshake: C21SQL04:1433, TLSv1.2, TLS_ECDHE_RSA_WITH_AES_256_CBC_SHA384, -1000310061 
2025-01-07 17:14:34.778 DEBUG [com.microsoft.sqlserver.jdbc.internals.SQLServerException:116] *** SQLException:ConnectionID:1 ClientConnectionId: 8ca89a3d-df9f-412b-9fdd-18bc6f940b26 com.microsoft.sqlserver.jdbc.SQLServerException: This driver is not configured for integrated authentication. ClientConnectionId:8ca89a3d-df9f-412b-9fdd-18bc6f940b26 This driver is not configured for integrated authentication. ClientConnectionId:8ca89a3d-df9f-412b-9fdd-18bc6f940b26 
2025-01-07 17:14:34.780 DEBUG [com.microsoft.sqlserver.jdbc.internals.SQLServerException:130] com.microsoft.sqlserver.jdbc.SQLServerConnection.terminate(SQLServerConnection.java:3680)com.microsoft.sqlserver.jdbc.AuthenticationJNI.<init>(AuthenticationJNI.java:74)com.microsoft.sqlserver.jdbc.SQLServerConnection.logon(SQLServerConnection.java:4734)com.microsoft.sqlserver.jdbc.SQLServerConnection.access$100(SQLServerConnection.java:90)com.microsoft.sqlserver.jdbc.SQLServerConnection$LogonCommand.doExecute(SQLServerConnection.java:4723)com.microsoft.sqlserver.jdbc.TDSCommand.execute(IOBuffer.java:7785)com.microsoft.sqlserver.jdbc.SQLServerConnection.executeCommand(SQLServerConnection.java:3793)com.microsoft.sqlserver.jdbc.SQLServerConnection.connectHelper(SQLServerConnection.java:3233)com.microsoft.sqlserver.jdbc.SQLServerConnection.login(SQLServerConnection.java:2833)com.microsoft.sqlserver.jdbc.SQLServerConnection.connectInternal(SQLServerConnection.java:2671)com.microsoft.sqlserver.jdbc.SQLServerConnection.connect(SQLServerConnection.java:1640)com.microsoft.sqlserver.jdbc.SQLServerDriver.connect(SQLServerDriver.java:936)com.zaxxer.hikari.util.DriverDataSource.getConnection(DriverDataSource.java:121)com.zaxxer.hikari.pool.PoolBase.newConnection(PoolBase.java:364)com.zaxxer.hikari.pool.PoolBase.newPoolEntry(PoolBase.java:206)com.zaxxer.hikari.pool.HikariPool.createPoolEntry(HikariPool.java:476)com.zaxxer.hikari.pool.HikariPool.checkFailFast(HikariPool.java:561)com.zaxxer.hikari.pool.HikariPool.<init>(HikariPool.java:115)com.zaxxer.hikari.HikariDataSource.getConnection(HikariDataSource.java:112)org.springframework.jdbc.datasource.DataSourceUtils.fetchConnection(DataSourceUtils.java:159)org.springframework.jdbc.datasource.DataSourceUtils.doGetConnection(DataSourceUtils.java:117)org.springframework.jdbc.datasource.DataSourceUtils.getConnection(DataSourceUtils.java:80)org.springframework.jdbc.core.JdbcTemplate.execute(JdbcTemplate.java:330)org.springframework.boot.jdbc.EmbeddedDatabaseConnection.isEmbedded(EmbeddedDatabaseConnection.java:162)org.springframework.boot.autoconfigure.orm.jpa.HibernateDefaultDdlAutoProvider.getDefaultDdlAuto(HibernateDefaultDdlAutoProvider.java:42)org.springframework.boot.autoconfigure.orm.jpa.HibernateJpaConfiguration.lambda$getVendorProperties$1(HibernateJpaConfiguration.java:130)org.springframework.boot.autoconfigure.orm.jpa.HibernateSettings.getDdlAuto(HibernateSettings.java:41)org.springframework.boot.autoconfigure.orm.jpa.HibernateProperties.determineDdlAuto(HibernateProperties.java:143)org.springframework.boot.autoconfigure.orm.jpa.HibernateProperties.getAdditionalProperties(HibernateProperties.java:103)org.springframework.boot.autoconfigure.orm.jpa.HibernateProperties.determineHibernateProperties(HibernateProperties.java:95)org.springframework.boot.autoconfigure.orm.jpa.HibernateJpaConfiguration.getVendorProperties(HibernateJpaConfiguration.java:132)org.springframework.boot.autoconfigure.orm.jpa.JpaBaseConfiguration.entityManagerFactory(JpaBaseConfiguration.java:132)java.base/jdk.internal.reflect.NativeMethodAccessorImpl.invoke0(Native Method)java.base/jdk.internal.reflect.NativeMethodAccessorImpl.invoke(NativeMethodAccessorImpl.java:77)java.base/jdk.internal.reflect.DelegatingMethodAccessorImpl.invoke(DelegatingMethodAccessorImpl.java:43)java.base/java.lang.reflect.Method.invoke(Method.java:568)org.springframework.beans.factory.support.SimpleInstantiationStrategy.instantiate(SimpleInstantiationStrategy.java:154)org.springframework.beans.factory.support.ConstructorResolver.instantiate(ConstructorResolver.java:653)org.springframework.beans.factory.support.ConstructorResolver.instantiateUsingFactoryMethod(ConstructorResolver.java:638)org.springframework.beans.factory.support.AbstractAutowireCapableBeanFactory.instantiateUsingFactoryMethod(AbstractAutowireCapableBeanFactory.java:1352)org.springframework.beans.factory.support.AbstractAutowireCapableBeanFactory.createBeanInstance(AbstractAutowireCapableBeanFactory.java:1195)org.springframework.beans.factory.support.AbstractAutowireCapableBeanFactory.doCreateBean(AbstractAutowireCapableBeanFactory.java:582)org.springframework.beans.factory.support.AbstractAutowireCapableBeanFactory.createBean(AbstractAutowireCapableBeanFactory.java:542)org.springframework.beans.factory.support.AbstractBeanFactory.lambda$doGetBean$0(AbstractBeanFactory.java:335)org.springframework.beans.factory.support.DefaultSingletonBeanRegistry.getSingleton(DefaultSingletonBeanRegistry.java:234)org.springframework.beans.factory.support.AbstractBeanFactory.doGetBean(AbstractBeanFactory.java:333)org.springframework.beans.factory.support.AbstractBeanFactory.getBean(AbstractBeanFactory.java:208)org.springframework.context.support.AbstractApplicationContext.getBean(AbstractApplicationContext.java:1154)org.springframework.context.support.AbstractApplicationContext.finishBeanFactoryInitialization(AbstractApplicationContext.java:908)org.springframework.context.support.AbstractApplicationContext.refresh(AbstractApplicationContext.java:583)org.springframework.boot.web.servlet.context.ServletWebServerApplicationContext.refresh(ServletWebServerApplicationContext.java:147)org.springframework.boot.SpringApplication.refresh(SpringApplication.java:734)org.springframework.boot.SpringApplication.refreshContext(SpringApplication.java:408)org.springframework.boot.SpringApplication.run(SpringApplication.java:308)org.springframework.boot.SpringApplication.run(SpringApplication.java:1306)org.springframework.boot.SpringApplication.run(SpringApplication.java:1295)za.co.woolworths.itemkafka_poc.KafkaItemProducerPocApplication.main(KafkaItemProducerPocApplication.java:10)java.base/jdk.internal.reflect.NativeMethodAccessorImpl.invoke0(Native Method)java.base/jdk.internal.reflect.NativeMethodAccessorImpl.invoke(NativeMethodAccessorImpl.java:77)java.base/jdk.internal.reflect.DelegatingMethodAccessorImpl.invoke(DelegatingMethodAccessorImpl.java:43)java.base/java.lang.reflect.Method.invoke(Method.java:568)org.springframework.boot.loader.MainMethodRunner.run(MainMethodRunner.java:49)org.springframework.boot.loader.Launcher.launch(Launcher.java:108)org.springframework.boot.loader.Launcher.launch(Launcher.java:58)org.springframework.boot.loader.JarLauncher.main(JarLauncher.java:65) 
2025-01-07 17:14:34.786 DEBUG [com.microsoft.sqlserver.jdbc.internals.SQLServerConnection:2944] ConnectionID:1 ClientConnectionId: 8ca89a3d-df9f-412b-9fdd-18bc6f940b26 sleeping milisec: 1000 
2025-01-07 17:14:35.798 DEBUG [com.microsoft.sqlserver.jdbc.internals.SQLServerConnection:2825] ConnectionID:1 This attempt server name: C21SQL04 port: 1433 InstanceName: amos.1 useParallel: false 
2025-01-07 17:14:35.800 DEBUG [com.microsoft.sqlserver.jdbc.internals.SQLServerConnection:2828] ConnectionID:1 This attempt endtime: 1736262891023 
2025-01-07 17:14:35.801 DEBUG [com.microsoft.sqlserver.jdbc.internals.SQLServerConnection:2829] ConnectionID:1 This attempt No: 12 
2025-01-07 17:14:35.802 DEBUG [com.microsoft.sqlserver.jdbc.internals.SQLServerConnection:3165] ConnectionID:1 Connecting with server: C21SQL04 port: 1433 Timeout slice: 15221 Timeout Full: 30 
2025-01-07 17:14:35.954 DEBUG [com.microsoft.sqlserver.jdbc.internals.SQLServerConnection:3547] ConnectionID:1 ClientConnectionId: a338ae4f-1f1f-4619-8c94-e307cb4783fc Server returned major version:13 
2025-01-07 17:14:36.135 DEBUG [jdk.event.security:274]  TLSHandshake: C21SQL04:1433, TLSv1.2, TLS_ECDHE_RSA_WITH_AES_256_CBC_SHA384, -1000310061 
2025-01-07 17:14:36.137 DEBUG [com.microsoft.sqlserver.jdbc.internals.SQLServerException:116] *** SQLException:ConnectionID:1 ClientConnectionId: a338ae4f-1f1f-4619-8c94-e307cb4783fc com.microsoft.sqlserver.jdbc.SQLServerException: This driver is not configured for integrated authentication. ClientConnectionId:a338ae4f-1f1f-4619-8c94-e307cb4783fc This driver is not configured for integrated authentication. ClientConnectionId:a338ae4f-1f1f-4619-8c94-e307cb4783fc 
2025-01-07 17:14:36.138 DEBUG [com.microsoft.sqlserver.jdbc.internals.SQLServerException:130] com.microsoft.sqlserver.jdbc.SQLServerConnection.terminate(SQLServerConnection.java:3680)com.microsoft.sqlserver.jdbc.AuthenticationJNI.<init>(AuthenticationJNI.java:74)com.microsoft.sqlserver.jdbc.SQLServerConnection.logon(SQLServerConnection.java:4734)com.microsoft.sqlserver.jdbc.SQLServerConnection.access$100(SQLServerConnection.java:90)com.microsoft.sqlserver.jdbc.SQLServerConnection$LogonCommand.doExecute(SQLServerConnection.java:4723)com.microsoft.sqlserver.jdbc.TDSCommand.execute(IOBuffer.java:7785)com.microsoft.sqlserver.jdbc.SQLServerConnection.executeCommand(SQLServerConnection.java:3793)com.microsoft.sqlserver.jdbc.SQLServerConnection.connectHelper(SQLServerConnection.java:3233)com.microsoft.sqlserver.jdbc.SQLServerConnection.login(SQLServerConnection.java:2833)com.microsoft.sqlserver.jdbc.SQLServerConnection.connectInternal(SQLServerConnection.java:2671)com.microsoft.sqlserver.jdbc.SQLServerConnection.connect(SQLServerConnection.java:1640)com.microsoft.sqlserver.jdbc.SQLServerDriver.connect(SQLServerDriver.java:936)com.zaxxer.hikari.util.DriverDataSource.getConnection(DriverDataSource.java:121)com.zaxxer.hikari.pool.PoolBase.newConnection(PoolBase.java:364)com.zaxxer.hikari.pool.PoolBase.newPoolEntry(PoolBase.java:206)com.zaxxer.hikari.pool.HikariPool.createPoolEntry(HikariPool.java:476)com.zaxxer.hikari.pool.HikariPool.checkFailFast(HikariPool.java:561)com.zaxxer.hikari.pool.HikariPool.<init>(HikariPool.java:115)com.zaxxer.hikari.HikariDataSource.getConnection(HikariDataSource.java:112)org.springframework.jdbc.datasource.DataSourceUtils.fetchConnection(DataSourceUtils.java:159)org.springframework.jdbc.datasource.DataSourceUtils.doGetConnection(DataSourceUtils.java:117)org.springframework.jdbc.datasource.DataSourceUtils.getConnection(DataSourceUtils.java:80)org.springframework.jdbc.core.JdbcTemplate.execute(JdbcTemplate.java:330)org.springframework.boot.jdbc.EmbeddedDatabaseConnection.isEmbedded(EmbeddedDatabaseConnection.java:162)org.springframework.boot.autoconfigure.orm.jpa.HibernateDefaultDdlAutoProvider.getDefaultDdlAuto(HibernateDefaultDdlAutoProvider.java:42)org.springframework.boot.autoconfigure.orm.jpa.HibernateJpaConfiguration.lambda$getVendorProperties$1(HibernateJpaConfiguration.java:130)org.springframework.boot.autoconfigure.orm.jpa.HibernateSettings.getDdlAuto(HibernateSettings.java:41)org.springframework.boot.autoconfigure.orm.jpa.HibernateProperties.determineDdlAuto(HibernateProperties.java:143)org.springframework.boot.autoconfigure.orm.jpa.HibernateProperties.getAdditionalProperties(HibernateProperties.java:103)org.springframework.boot.autoconfigure.orm.jpa.HibernateProperties.determineHibernateProperties(HibernateProperties.java:95)org.springframework.boot.autoconfigure.orm.jpa.HibernateJpaConfiguration.getVendorProperties(HibernateJpaConfiguration.java:132)org.springframework.boot.autoconfigure.orm.jpa.JpaBaseConfiguration.entityManagerFactory(JpaBaseConfiguration.java:132)java.base/jdk.internal.reflect.NativeMethodAccessorImpl.invoke0(Native Method)java.base/jdk.internal.reflect.NativeMethodAccessorImpl.invoke(NativeMethodAccessorImpl.java:77)java.base/jdk.internal.reflect.DelegatingMethodAccessorImpl.invoke(DelegatingMethodAccessorImpl.java:43)java.base/java.lang.reflect.Method.invoke(Method.java:568)org.springframework.beans.factory.support.SimpleInstantiationStrategy.instantiate(SimpleInstantiationStrategy.java:154)org.springframework.beans.factory.support.ConstructorResolver.instantiate(ConstructorResolver.java:653)org.springframework.beans.factory.support.ConstructorResolver.instantiateUsingFactoryMethod(ConstructorResolver.java:638)org.springframework.beans.factory.support.AbstractAutowireCapableBeanFactory.instantiateUsingFactoryMethod(AbstractAutowireCapableBeanFactory.java:1352)org.springframework.beans.factory.support.AbstractAutowireCapableBeanFactory.createBeanInstance(AbstractAutowireCapableBeanFactory.java:1195)org.springframework.beans.factory.support.AbstractAutowireCapableBeanFactory.doCreateBean(AbstractAutowireCapableBeanFactory.java:582)org.springframework.beans.factory.support.AbstractAutowireCapableBeanFactory.createBean(AbstractAutowireCapableBeanFactory.java:542)org.springframework.beans.factory.support.AbstractBeanFactory.lambda$doGetBean$0(AbstractBeanFactory.java:335)org.springframework.beans.factory.support.DefaultSingletonBeanRegistry.getSingleton(DefaultSingletonBeanRegistry.java:234)org.springframework.beans.factory.support.AbstractBeanFactory.doGetBean(AbstractBeanFactory.java:333)org.springframework.beans.factory.support.AbstractBeanFactory.getBean(AbstractBeanFactory.java:208)org.springframework.context.support.AbstractApplicationContext.getBean(AbstractApplicationContext.java:1154)org.springframework.context.support.AbstractApplicationContext.finishBeanFactoryInitialization(AbstractApplicationContext.java:908)org.springframework.context.support.AbstractApplicationContext.refresh(AbstractApplicationContext.java:583)org.springframework.boot.web.servlet.context.ServletWebServerApplicationContext.refresh(ServletWebServerApplicationContext.java:147)org.springframework.boot.SpringApplication.refresh(SpringApplication.java:734)org.springframework.boot.SpringApplication.refreshContext(SpringApplication.java:408)org.springframework.boot.SpringApplication.run(SpringApplication.java:308)org.springframework.boot.SpringApplication.run(SpringApplication.java:1306)org.springframework.boot.SpringApplication.run(SpringApplication.java:1295)za.co.woolworths.itemkafka_poc.KafkaItemProducerPocApplication.main(KafkaItemProducerPocApplication.java:10)java.base/jdk.internal.reflect.NativeMethodAccessorImpl.invoke0(Native Method)java.base/jdk.internal.reflect.NativeMethodAccessorImpl.invoke(NativeMethodAccessorImpl.java:77)java.base/jdk.internal.reflect.DelegatingMethodAccessorImpl.invoke(DelegatingMethodAccessorImpl.java:43)java.base/java.lang.reflect.Method.invoke(Method.java:568)org.springframework.boot.loader.MainMethodRunner.run(MainMethodRunner.java:49)org.springframework.boot.loader.Launcher.launch(Launcher.java:108)org.springframework.boot.loader.Launcher.launch(Launcher.java:58)org.springframework.boot.loader.JarLauncher.main(JarLauncher.java:65) 
2025-01-07 17:14:36.144 DEBUG [com.microsoft.sqlserver.jdbc.internals.SQLServerConnection:2944] ConnectionID:1 ClientConnectionId: a338ae4f-1f1f-4619-8c94-e307cb4783fc sleeping milisec: 1000 
2025-01-07 17:14:37.151 DEBUG [com.microsoft.sqlserver.jdbc.internals.SQLServerConnection:2825] ConnectionID:1 This attempt server name: C21SQL04 port: 1433 InstanceName: amos.1 useParallel: false 
2025-01-07 17:14:37.154 DEBUG [com.microsoft.sqlserver.jdbc.internals.SQLServerConnection:2828] ConnectionID:1 This attempt endtime: 1736262891023 
2025-01-07 17:14:37.155 DEBUG [com.microsoft.sqlserver.jdbc.internals.SQLServerConnection:2829] ConnectionID:1 This attempt No: 13 
2025-01-07 17:14:37.156 DEBUG [com.microsoft.sqlserver.jdbc.internals.SQLServerConnection:3165] ConnectionID:1 Connecting with server: C21SQL04 port: 1433 Timeout slice: 13867 Timeout Full: 30 
2025-01-07 17:14:37.304 DEBUG [com.microsoft.sqlserver.jdbc.internals.SQLServerConnection:3547] ConnectionID:1 ClientConnectionId: 09bae27c-3619-41d5-98a3-3e44ac70ebce Server returned major version:13 
2025-01-07 17:14:37.494 DEBUG [jdk.event.security:274]  TLSHandshake: C21SQL04:1433, TLSv1.2, TLS_ECDHE_RSA_WITH_AES_256_CBC_SHA384, -1000310061 
2025-01-07 17:14:37.496 DEBUG [com.microsoft.sqlserver.jdbc.internals.SQLServerException:116] *** SQLException:ConnectionID:1 ClientConnectionId: 09bae27c-3619-41d5-98a3-3e44ac70ebce com.microsoft.sqlserver.jdbc.SQLServerException: This driver is not configured for integrated authentication. ClientConnectionId:09bae27c-3619-41d5-98a3-3e44ac70ebce This driver is not configured for integrated authentication. ClientConnectionId:09bae27c-3619-41d5-98a3-3e44ac70ebce 
2025-01-07 17:14:37.498 DEBUG [com.microsoft.sqlserver.jdbc.internals.SQLServerException:130] com.microsoft.sqlserver.jdbc.SQLServerConnection.terminate(SQLServerConnection.java:3680)com.microsoft.sqlserver.jdbc.AuthenticationJNI.<init>(AuthenticationJNI.java:74)com.microsoft.sqlserver.jdbc.SQLServerConnection.logon(SQLServerConnection.java:4734)com.microsoft.sqlserver.jdbc.SQLServerConnection.access$100(SQLServerConnection.java:90)com.microsoft.sqlserver.jdbc.SQLServerConnection$LogonCommand.doExecute(SQLServerConnection.java:4723)com.microsoft.sqlserver.jdbc.TDSCommand.execute(IOBuffer.java:7785)com.microsoft.sqlserver.jdbc.SQLServerConnection.executeCommand(SQLServerConnection.java:3793)com.microsoft.sqlserver.jdbc.SQLServerConnection.connectHelper(SQLServerConnection.java:3233)com.microsoft.sqlserver.jdbc.SQLServerConnection.login(SQLServerConnection.java:2833)com.microsoft.sqlserver.jdbc.SQLServerConnection.connectInternal(SQLServerConnection.java:2671)com.microsoft.sqlserver.jdbc.SQLServerConnection.connect(SQLServerConnection.java:1640)com.microsoft.sqlserver.jdbc.SQLServerDriver.connect(SQLServerDriver.java:936)com.zaxxer.hikari.util.DriverDataSource.getConnection(DriverDataSource.java:121)com.zaxxer.hikari.pool.PoolBase.newConnection(PoolBase.java:364)com.zaxxer.hikari.pool.PoolBase.newPoolEntry(PoolBase.java:206)com.zaxxer.hikari.pool.HikariPool.createPoolEntry(HikariPool.java:476)com.zaxxer.hikari.pool.HikariPool.checkFailFast(HikariPool.java:561)com.zaxxer.hikari.pool.HikariPool.<init>(HikariPool.java:115)com.zaxxer.hikari.HikariDataSource.getConnection(HikariDataSource.java:112)org.springframework.jdbc.datasource.DataSourceUtils.fetchConnection(DataSourceUtils.java:159)org.springframework.jdbc.datasource.DataSourceUtils.doGetConnection(DataSourceUtils.java:117)org.springframework.jdbc.datasource.DataSourceUtils.getConnection(DataSourceUtils.java:80)org.springframework.jdbc.core.JdbcTemplate.execute(JdbcTemplate.java:330)org.springframework.boot.jdbc.EmbeddedDatabaseConnection.isEmbedded(EmbeddedDatabaseConnection.java:162)org.springframework.boot.autoconfigure.orm.jpa.HibernateDefaultDdlAutoProvider.getDefaultDdlAuto(HibernateDefaultDdlAutoProvider.java:42)org.springframework.boot.autoconfigure.orm.jpa.HibernateJpaConfiguration.lambda$getVendorProperties$1(HibernateJpaConfiguration.java:130)org.springframework.boot.autoconfigure.orm.jpa.HibernateSettings.getDdlAuto(HibernateSettings.java:41)org.springframework.boot.autoconfigure.orm.jpa.HibernateProperties.determineDdlAuto(HibernateProperties.java:143)org.springframework.boot.autoconfigure.orm.jpa.HibernateProperties.getAdditionalProperties(HibernateProperties.java:103)org.springframework.boot.autoconfigure.orm.jpa.HibernateProperties.determineHibernateProperties(HibernateProperties.java:95)org.springframework.boot.autoconfigure.orm.jpa.HibernateJpaConfiguration.getVendorProperties(HibernateJpaConfiguration.java:132)org.springframework.boot.autoconfigure.orm.jpa.JpaBaseConfiguration.entityManagerFactory(JpaBaseConfiguration.java:132)java.base/jdk.internal.reflect.NativeMethodAccessorImpl.invoke0(Native Method)java.base/jdk.internal.reflect.NativeMethodAccessorImpl.invoke(NativeMethodAccessorImpl.java:77)java.base/jdk.internal.reflect.DelegatingMethodAccessorImpl.invoke(DelegatingMethodAccessorImpl.java:43)java.base/java.lang.reflect.Method.invoke(Method.java:568)org.springframework.beans.factory.support.SimpleInstantiationStrategy.instantiate(SimpleInstantiationStrategy.java:154)org.springframework.beans.factory.support.ConstructorResolver.instantiate(ConstructorResolver.java:653)org.springframework.beans.factory.support.ConstructorResolver.instantiateUsingFactoryMethod(ConstructorResolver.java:638)org.springframework.beans.factory.support.AbstractAutowireCapableBeanFactory.instantiateUsingFactoryMethod(AbstractAutowireCapableBeanFactory.java:1352)org.springframework.beans.factory.support.AbstractAutowireCapableBeanFactory.createBeanInstance(AbstractAutowireCapableBeanFactory.java:1195)org.springframework.beans.factory.support.AbstractAutowireCapableBeanFactory.doCreateBean(AbstractAutowireCapableBeanFactory.java:582)org.springframework.beans.factory.support.AbstractAutowireCapableBeanFactory.createBean(AbstractAutowireCapableBeanFactory.java:542)org.springframework.beans.factory.support.AbstractBeanFactory.lambda$doGetBean$0(AbstractBeanFactory.java:335)org.springframework.beans.factory.support.DefaultSingletonBeanRegistry.getSingleton(DefaultSingletonBeanRegistry.java:234)org.springframework.beans.factory.support.AbstractBeanFactory.doGetBean(AbstractBeanFactory.java:333)org.springframework.beans.factory.support.AbstractBeanFactory.getBean(AbstractBeanFactory.java:208)org.springframework.context.support.AbstractApplicationContext.getBean(AbstractApplicationContext.java:1154)org.springframework.context.support.AbstractApplicationContext.finishBeanFactoryInitialization(AbstractApplicationContext.java:908)org.springframework.context.support.AbstractApplicationContext.refresh(AbstractApplicationContext.java:583)org.springframework.boot.web.servlet.context.ServletWebServerApplicationContext.refresh(ServletWebServerApplicationContext.java:147)org.springframework.boot.SpringApplication.refresh(SpringApplication.java:734)org.springframework.boot.SpringApplication.refreshContext(SpringApplication.java:408)org.springframework.boot.SpringApplication.run(SpringApplication.java:308)org.springframework.boot.SpringApplication.run(SpringApplication.java:1306)org.springframework.boot.SpringApplication.run(SpringApplication.java:1295)za.co.woolworths.itemkafka_poc.KafkaItemProducerPocApplication.main(KafkaItemProducerPocApplication.java:10)java.base/jdk.internal.reflect.NativeMethodAccessorImpl.invoke0(Native Method)java.base/jdk.internal.reflect.NativeMethodAccessorImpl.invoke(NativeMethodAccessorImpl.java:77)java.base/jdk.internal.reflect.DelegatingMethodAccessorImpl.invoke(DelegatingMethodAccessorImpl.java:43)java.base/java.lang.reflect.Method.invoke(Method.java:568)org.springframework.boot.loader.MainMethodRunner.run(MainMethodRunner.java:49)org.springframework.boot.loader.Launcher.launch(Launcher.java:108)org.springframework.boot.loader.Launcher.launch(Launcher.java:58)org.springframework.boot.loader.JarLauncher.main(JarLauncher.java:65) 
2025-01-07 17:14:37.503 DEBUG [com.microsoft.sqlserver.jdbc.internals.SQLServerConnection:2944] ConnectionID:1 ClientConnectionId: 09bae27c-3619-41d5-98a3-3e44ac70ebce sleeping milisec: 1000 
2025-01-07 17:14:38.507 DEBUG [com.microsoft.sqlserver.jdbc.internals.SQLServerConnection:2825] ConnectionID:1 This attempt server name: C21SQL04 port: 1433 InstanceName: amos.1 useParallel: false 
2025-01-07 17:14:38.509 DEBUG [com.microsoft.sqlserver.jdbc.internals.SQLServerConnection:2828] ConnectionID:1 This attempt endtime: 1736262891023 
2025-01-07 17:14:38.512 DEBUG [com.microsoft.sqlserver.jdbc.internals.SQLServerConnection:2829] ConnectionID:1 This attempt No: 14 
2025-01-07 17:14:38.513 DEBUG [com.microsoft.sqlserver.jdbc.internals.SQLServerConnection:3165] ConnectionID:1 Connecting with server: C21SQL04 port: 1433 Timeout slice: 12510 Timeout Full: 30 
2025-01-07 17:14:38.666 DEBUG [com.microsoft.sqlserver.jdbc.internals.SQLServerConnection:3547] ConnectionID:1 ClientConnectionId: 32e94462-7b1f-4600-a310-be8141792298 Server returned major version:13 
2025-01-07 17:14:38.852 DEBUG [jdk.event.security:274]  TLSHandshake: C21SQL04:1433, TLSv1.2, TLS_ECDHE_RSA_WITH_AES_256_CBC_SHA384, -1000310061 
2025-01-07 17:14:38.854 DEBUG [com.microsoft.sqlserver.jdbc.internals.SQLServerException:116] *** SQLException:ConnectionID:1 ClientConnectionId: 32e94462-7b1f-4600-a310-be8141792298 com.microsoft.sqlserver.jdbc.SQLServerException: This driver is not configured for integrated authentication. ClientConnectionId:32e94462-7b1f-4600-a310-be8141792298 This driver is not configured for integrated authentication. ClientConnectionId:32e94462-7b1f-4600-a310-be8141792298 
2025-01-07 17:14:38.855 DEBUG [com.microsoft.sqlserver.jdbc.internals.SQLServerException:130] com.microsoft.sqlserver.jdbc.SQLServerConnection.terminate(SQLServerConnection.java:3680)com.microsoft.sqlserver.jdbc.AuthenticationJNI.<init>(AuthenticationJNI.java:74)com.microsoft.sqlserver.jdbc.SQLServerConnection.logon(SQLServerConnection.java:4734)com.microsoft.sqlserver.jdbc.SQLServerConnection.access$100(SQLServerConnection.java:90)com.microsoft.sqlserver.jdbc.SQLServerConnection$LogonCommand.doExecute(SQLServerConnection.java:4723)com.microsoft.sqlserver.jdbc.TDSCommand.execute(IOBuffer.java:7785)com.microsoft.sqlserver.jdbc.SQLServerConnection.executeCommand(SQLServerConnection.java:3793)com.microsoft.sqlserver.jdbc.SQLServerConnection.connectHelper(SQLServerConnection.java:3233)com.microsoft.sqlserver.jdbc.SQLServerConnection.login(SQLServerConnection.java:2833)com.microsoft.sqlserver.jdbc.SQLServerConnection.connectInternal(SQLServerConnection.java:2671)com.microsoft.sqlserver.jdbc.SQLServerConnection.connect(SQLServerConnection.java:1640)com.microsoft.sqlserver.jdbc.SQLServerDriver.connect(SQLServerDriver.java:936)com.zaxxer.hikari.util.DriverDataSource.getConnection(DriverDataSource.java:121)com.zaxxer.hikari.pool.PoolBase.newConnection(PoolBase.java:364)com.zaxxer.hikari.pool.PoolBase.newPoolEntry(PoolBase.java:206)com.zaxxer.hikari.pool.HikariPool.createPoolEntry(HikariPool.java:476)com.zaxxer.hikari.pool.HikariPool.checkFailFast(HikariPool.java:561)com.zaxxer.hikari.pool.HikariPool.<init>(HikariPool.java:115)com.zaxxer.hikari.HikariDataSource.getConnection(HikariDataSource.java:112)org.springframework.jdbc.datasource.DataSourceUtils.fetchConnection(DataSourceUtils.java:159)org.springframework.jdbc.datasource.DataSourceUtils.doGetConnection(DataSourceUtils.java:117)org.springframework.jdbc.datasource.DataSourceUtils.getConnection(DataSourceUtils.java:80)org.springframework.jdbc.core.JdbcTemplate.execute(JdbcTemplate.java:330)org.springframework.boot.jdbc.EmbeddedDatabaseConnection.isEmbedded(EmbeddedDatabaseConnection.java:162)org.springframework.boot.autoconfigure.orm.jpa.HibernateDefaultDdlAutoProvider.getDefaultDdlAuto(HibernateDefaultDdlAutoProvider.java:42)org.springframework.boot.autoconfigure.orm.jpa.HibernateJpaConfiguration.lambda$getVendorProperties$1(HibernateJpaConfiguration.java:130)org.springframework.boot.autoconfigure.orm.jpa.HibernateSettings.getDdlAuto(HibernateSettings.java:41)org.springframework.boot.autoconfigure.orm.jpa.HibernateProperties.determineDdlAuto(HibernateProperties.java:143)org.springframework.boot.autoconfigure.orm.jpa.HibernateProperties.getAdditionalProperties(HibernateProperties.java:103)org.springframework.boot.autoconfigure.orm.jpa.HibernateProperties.determineHibernateProperties(HibernateProperties.java:95)org.springframework.boot.autoconfigure.orm.jpa.HibernateJpaConfiguration.getVendorProperties(HibernateJpaConfiguration.java:132)org.springframework.boot.autoconfigure.orm.jpa.JpaBaseConfiguration.entityManagerFactory(JpaBaseConfiguration.java:132)java.base/jdk.internal.reflect.NativeMethodAccessorImpl.invoke0(Native Method)java.base/jdk.internal.reflect.NativeMethodAccessorImpl.invoke(NativeMethodAccessorImpl.java:77)java.base/jdk.internal.reflect.DelegatingMethodAccessorImpl.invoke(DelegatingMethodAccessorImpl.java:43)java.base/java.lang.reflect.Method.invoke(Method.java:568)org.springframework.beans.factory.support.SimpleInstantiationStrategy.instantiate(SimpleInstantiationStrategy.java:154)org.springframework.beans.factory.support.ConstructorResolver.instantiate(ConstructorResolver.java:653)org.springframework.beans.factory.support.ConstructorResolver.instantiateUsingFactoryMethod(ConstructorResolver.java:638)org.springframework.beans.factory.support.AbstractAutowireCapableBeanFactory.instantiateUsingFactoryMethod(AbstractAutowireCapableBeanFactory.java:1352)org.springframework.beans.factory.support.AbstractAutowireCapableBeanFactory.createBeanInstance(AbstractAutowireCapableBeanFactory.java:1195)org.springframework.beans.factory.support.AbstractAutowireCapableBeanFactory.doCreateBean(AbstractAutowireCapableBeanFactory.java:582)org.springframework.beans.factory.support.AbstractAutowireCapableBeanFactory.createBean(AbstractAutowireCapableBeanFactory.java:542)org.springframework.beans.factory.support.AbstractBeanFactory.lambda$doGetBean$0(AbstractBeanFactory.java:335)org.springframework.beans.factory.support.DefaultSingletonBeanRegistry.getSingleton(DefaultSingletonBeanRegistry.java:234)org.springframework.beans.factory.support.AbstractBeanFactory.doGetBean(AbstractBeanFactory.java:333)org.springframework.beans.factory.support.AbstractBeanFactory.getBean(AbstractBeanFactory.java:208)org.springframework.context.support.AbstractApplicationContext.getBean(AbstractApplicationContext.java:1154)org.springframework.context.support.AbstractApplicationContext.finishBeanFactoryInitialization(AbstractApplicationContext.java:908)org.springframework.context.support.AbstractApplicationContext.refresh(AbstractApplicationContext.java:583)org.springframework.boot.web.servlet.context.ServletWebServerApplicationContext.refresh(ServletWebServerApplicationContext.java:147)org.springframework.boot.SpringApplication.refresh(SpringApplication.java:734)org.springframework.boot.SpringApplication.refreshContext(SpringApplication.java:408)org.springframework.boot.SpringApplication.run(SpringApplication.java:308)org.springframework.boot.SpringApplication.run(SpringApplication.java:1306)org.springframework.boot.SpringApplication.run(SpringApplication.java:1295)za.co.woolworths.itemkafka_poc.KafkaItemProducerPocApplication.main(KafkaItemProducerPocApplication.java:10)java.base/jdk.internal.reflect.NativeMethodAccessorImpl.invoke0(Native Method)java.base/jdk.internal.reflect.NativeMethodAccessorImpl.invoke(NativeMethodAccessorImpl.java:77)java.base/jdk.internal.reflect.DelegatingMethodAccessorImpl.invoke(DelegatingMethodAccessorImpl.java:43)java.base/java.lang.reflect.Method.invoke(Method.java:568)org.springframework.boot.loader.MainMethodRunner.run(MainMethodRunner.java:49)org.springframework.boot.loader.Launcher.launch(Launcher.java:108)org.springframework.boot.loader.Launcher.launch(Launcher.java:58)org.springframework.boot.loader.JarLauncher.main(JarLauncher.java:65) 
2025-01-07 17:14:38.860 DEBUG [com.microsoft.sqlserver.jdbc.internals.SQLServerConnection:2944] ConnectionID:1 ClientConnectionId: 32e94462-7b1f-4600-a310-be8141792298 sleeping milisec: 1000 
2025-01-07 17:14:39.864 DEBUG [com.microsoft.sqlserver.jdbc.internals.SQLServerConnection:2825] ConnectionID:1 This attempt server name: C21SQL04 port: 1433 InstanceName: amos.1 useParallel: false 
2025-01-07 17:14:39.866 DEBUG [com.microsoft.sqlserver.jdbc.internals.SQLServerConnection:2828] ConnectionID:1 This attempt endtime: 1736262891023 
2025-01-07 17:14:39.867 DEBUG [com.microsoft.sqlserver.jdbc.internals.SQLServerConnection:2829] ConnectionID:1 This attempt No: 15 
2025-01-07 17:14:39.868 DEBUG [com.microsoft.sqlserver.jdbc.internals.SQLServerConnection:3165] ConnectionID:1 Connecting with server: C21SQL04 port: 1433 Timeout slice: 11155 Timeout Full: 30 
2025-01-07 17:14:40.035 DEBUG [com.microsoft.sqlserver.jdbc.internals.SQLServerConnection:3547] ConnectionID:1 ClientConnectionId: 36d94ce3-a7e5-44c0-a90c-00741bd84914 Server returned major version:13 
2025-01-07 17:14:40.254 DEBUG [jdk.event.security:274]  TLSHandshake: C21SQL04:1433, TLSv1.2, TLS_ECDHE_RSA_WITH_AES_256_CBC_SHA384, -1000310061 
2025-01-07 17:14:40.256 DEBUG [com.microsoft.sqlserver.jdbc.internals.SQLServerException:116] *** SQLException:ConnectionID:1 ClientConnectionId: 36d94ce3-a7e5-44c0-a90c-00741bd84914 com.microsoft.sqlserver.jdbc.SQLServerException: This driver is not configured for integrated authentication. ClientConnectionId:36d94ce3-a7e5-44c0-a90c-00741bd84914 This driver is not configured for integrated authentication. ClientConnectionId:36d94ce3-a7e5-44c0-a90c-00741bd84914 
2025-01-07 17:14:40.258 DEBUG [com.microsoft.sqlserver.jdbc.internals.SQLServerException:130] com.microsoft.sqlserver.jdbc.SQLServerConnection.terminate(SQLServerConnection.java:3680)com.microsoft.sqlserver.jdbc.AuthenticationJNI.<init>(AuthenticationJNI.java:74)com.microsoft.sqlserver.jdbc.SQLServerConnection.logon(SQLServerConnection.java:4734)com.microsoft.sqlserver.jdbc.SQLServerConnection.access$100(SQLServerConnection.java:90)com.microsoft.sqlserver.jdbc.SQLServerConnection$LogonCommand.doExecute(SQLServerConnection.java:4723)com.microsoft.sqlserver.jdbc.TDSCommand.execute(IOBuffer.java:7785)com.microsoft.sqlserver.jdbc.SQLServerConnection.executeCommand(SQLServerConnection.java:3793)com.microsoft.sqlserver.jdbc.SQLServerConnection.connectHelper(SQLServerConnection.java:3233)com.microsoft.sqlserver.jdbc.SQLServerConnection.login(SQLServerConnection.java:2833)com.microsoft.sqlserver.jdbc.SQLServerConnection.connectInternal(SQLServerConnection.java:2671)com.microsoft.sqlserver.jdbc.SQLServerConnection.connect(SQLServerConnection.java:1640)com.microsoft.sqlserver.jdbc.SQLServerDriver.connect(SQLServerDriver.java:936)com.zaxxer.hikari.util.DriverDataSource.getConnection(DriverDataSource.java:121)com.zaxxer.hikari.pool.PoolBase.newConnection(PoolBase.java:364)com.zaxxer.hikari.pool.PoolBase.newPoolEntry(PoolBase.java:206)com.zaxxer.hikari.pool.HikariPool.createPoolEntry(HikariPool.java:476)com.zaxxer.hikari.pool.HikariPool.checkFailFast(HikariPool.java:561)com.zaxxer.hikari.pool.HikariPool.<init>(HikariPool.java:115)com.zaxxer.hikari.HikariDataSource.getConnection(HikariDataSource.java:112)org.springframework.jdbc.datasource.DataSourceUtils.fetchConnection(DataSourceUtils.java:159)org.springframework.jdbc.datasource.DataSourceUtils.doGetConnection(DataSourceUtils.java:117)org.springframework.jdbc.datasource.DataSourceUtils.getConnection(DataSourceUtils.java:80)org.springframework.jdbc.core.JdbcTemplate.execute(JdbcTemplate.java:330)org.springframework.boot.jdbc.EmbeddedDatabaseConnection.isEmbedded(EmbeddedDatabaseConnection.java:162)org.springframework.boot.autoconfigure.orm.jpa.HibernateDefaultDdlAutoProvider.getDefaultDdlAuto(HibernateDefaultDdlAutoProvider.java:42)org.springframework.boot.autoconfigure.orm.jpa.HibernateJpaConfiguration.lambda$getVendorProperties$1(HibernateJpaConfiguration.java:130)org.springframework.boot.autoconfigure.orm.jpa.HibernateSettings.getDdlAuto(HibernateSettings.java:41)org.springframework.boot.autoconfigure.orm.jpa.HibernateProperties.determineDdlAuto(HibernateProperties.java:143)org.springframework.boot.autoconfigure.orm.jpa.HibernateProperties.getAdditionalProperties(HibernateProperties.java:103)org.springframework.boot.autoconfigure.orm.jpa.HibernateProperties.determineHibernateProperties(HibernateProperties.java:95)org.springframework.boot.autoconfigure.orm.jpa.HibernateJpaConfiguration.getVendorProperties(HibernateJpaConfiguration.java:132)org.springframework.boot.autoconfigure.orm.jpa.JpaBaseConfiguration.entityManagerFactory(JpaBaseConfiguration.java:132)java.base/jdk.internal.reflect.NativeMethodAccessorImpl.invoke0(Native Method)java.base/jdk.internal.reflect.NativeMethodAccessorImpl.invoke(NativeMethodAccessorImpl.java:77)java.base/jdk.internal.reflect.DelegatingMethodAccessorImpl.invoke(DelegatingMethodAccessorImpl.java:43)java.base/java.lang.reflect.Method.invoke(Method.java:568)org.springframework.beans.factory.support.SimpleInstantiationStrategy.instantiate(SimpleInstantiationStrategy.java:154)org.springframework.beans.factory.support.ConstructorResolver.instantiate(ConstructorResolver.java:653)org.springframework.beans.factory.support.ConstructorResolver.instantiateUsingFactoryMethod(ConstructorResolver.java:638)org.springframework.beans.factory.support.AbstractAutowireCapableBeanFactory.instantiateUsingFactoryMethod(AbstractAutowireCapableBeanFactory.java:1352)org.springframework.beans.factory.support.AbstractAutowireCapableBeanFactory.createBeanInstance(AbstractAutowireCapableBeanFactory.java:1195)org.springframework.beans.factory.support.AbstractAutowireCapableBeanFactory.doCreateBean(AbstractAutowireCapableBeanFactory.java:582)org.springframework.beans.factory.support.AbstractAutowireCapableBeanFactory.createBean(AbstractAutowireCapableBeanFactory.java:542)org.springframework.beans.factory.support.AbstractBeanFactory.lambda$doGetBean$0(AbstractBeanFactory.java:335)org.springframework.beans.factory.support.DefaultSingletonBeanRegistry.getSingleton(DefaultSingletonBeanRegistry.java:234)org.springframework.beans.factory.support.AbstractBeanFactory.doGetBean(AbstractBeanFactory.java:333)org.springframework.beans.factory.support.AbstractBeanFactory.getBean(AbstractBeanFactory.java:208)org.springframework.context.support.AbstractApplicationContext.getBean(AbstractApplicationContext.java:1154)org.springframework.context.support.AbstractApplicationContext.finishBeanFactoryInitialization(AbstractApplicationContext.java:908)org.springframework.context.support.AbstractApplicationContext.refresh(AbstractApplicationContext.java:583)org.springframework.boot.web.servlet.context.ServletWebServerApplicationContext.refresh(ServletWebServerApplicationContext.java:147)org.springframework.boot.SpringApplication.refresh(SpringApplication.java:734)org.springframework.boot.SpringApplication.refreshContext(SpringApplication.java:408)org.springframework.boot.SpringApplication.run(SpringApplication.java:308)org.springframework.boot.SpringApplication.run(SpringApplication.java:1306)org.springframework.boot.SpringApplication.run(SpringApplication.java:1295)za.co.woolworths.itemkafka_poc.KafkaItemProducerPocApplication.main(KafkaItemProducerPocApplication.java:10)java.base/jdk.internal.reflect.NativeMethodAccessorImpl.invoke0(Native Method)java.base/jdk.internal.reflect.NativeMethodAccessorImpl.invoke(NativeMethodAccessorImpl.java:77)java.base/jdk.internal.reflect.DelegatingMethodAccessorImpl.invoke(DelegatingMethodAccessorImpl.java:43)java.base/java.lang.reflect.Method.invoke(Method.java:568)org.springframework.boot.loader.MainMethodRunner.run(MainMethodRunner.java:49)org.springframework.boot.loader.Launcher.launch(Launcher.java:108)org.springframework.boot.loader.Launcher.launch(Launcher.java:58)org.springframework.boot.loader.JarLauncher.main(JarLauncher.java:65) 
2025-01-07 17:14:40.263 DEBUG [com.microsoft.sqlserver.jdbc.internals.SQLServerConnection:2944] ConnectionID:1 ClientConnectionId: 36d94ce3-a7e5-44c0-a90c-00741bd84914 sleeping milisec: 1000 
2025-01-07 17:14:41.265 DEBUG [com.microsoft.sqlserver.jdbc.internals.SQLServerConnection:2825] ConnectionID:1 This attempt server name: C21SQL04 port: 1433 InstanceName: amos.1 useParallel: false 
2025-01-07 17:14:41.267 DEBUG [com.microsoft.sqlserver.jdbc.internals.SQLServerConnection:2828] ConnectionID:1 This attempt endtime: 1736262891023 
2025-01-07 17:14:41.268 DEBUG [com.microsoft.sqlserver.jdbc.internals.SQLServerConnection:2829] ConnectionID:1 This attempt No: 16 
2025-01-07 17:14:41.269 DEBUG [com.microsoft.sqlserver.jdbc.internals.SQLServerConnection:3165] ConnectionID:1 Connecting with server: C21SQL04 port: 1433 Timeout slice: 9754 Timeout Full: 30 
2025-01-07 17:14:41.430 DEBUG [com.microsoft.sqlserver.jdbc.internals.SQLServerConnection:3547] ConnectionID:1 ClientConnectionId: a31ad03d-2551-46fe-8e11-d3332cbccb4f Server returned major version:13 
2025-01-07 17:14:41.612 DEBUG [jdk.event.security:274]  TLSHandshake: C21SQL04:1433, TLSv1.2, TLS_ECDHE_RSA_WITH_AES_256_CBC_SHA384, -1000310061 
2025-01-07 17:14:41.614 DEBUG [com.microsoft.sqlserver.jdbc.internals.SQLServerException:116] *** SQLException:ConnectionID:1 ClientConnectionId: a31ad03d-2551-46fe-8e11-d3332cbccb4f com.microsoft.sqlserver.jdbc.SQLServerException: This driver is not configured for integrated authentication. ClientConnectionId:a31ad03d-2551-46fe-8e11-d3332cbccb4f This driver is not configured for integrated authentication. ClientConnectionId:a31ad03d-2551-46fe-8e11-d3332cbccb4f 
2025-01-07 17:14:41.615 DEBUG [com.microsoft.sqlserver.jdbc.internals.SQLServerException:130] com.microsoft.sqlserver.jdbc.SQLServerConnection.terminate(SQLServerConnection.java:3680)com.microsoft.sqlserver.jdbc.AuthenticationJNI.<init>(AuthenticationJNI.java:74)com.microsoft.sqlserver.jdbc.SQLServerConnection.logon(SQLServerConnection.java:4734)com.microsoft.sqlserver.jdbc.SQLServerConnection.access$100(SQLServerConnection.java:90)com.microsoft.sqlserver.jdbc.SQLServerConnection$LogonCommand.doExecute(SQLServerConnection.java:4723)com.microsoft.sqlserver.jdbc.TDSCommand.execute(IOBuffer.java:7785)com.microsoft.sqlserver.jdbc.SQLServerConnection.executeCommand(SQLServerConnection.java:3793)com.microsoft.sqlserver.jdbc.SQLServerConnection.connectHelper(SQLServerConnection.java:3233)com.microsoft.sqlserver.jdbc.SQLServerConnection.login(SQLServerConnection.java:2833)com.microsoft.sqlserver.jdbc.SQLServerConnection.connectInternal(SQLServerConnection.java:2671)com.microsoft.sqlserver.jdbc.SQLServerConnection.connect(SQLServerConnection.java:1640)com.microsoft.sqlserver.jdbc.SQLServerDriver.connect(SQLServerDriver.java:936)com.zaxxer.hikari.util.DriverDataSource.getConnection(DriverDataSource.java:121)com.zaxxer.hikari.pool.PoolBase.newConnection(PoolBase.java:364)com.zaxxer.hikari.pool.PoolBase.newPoolEntry(PoolBase.java:206)com.zaxxer.hikari.pool.HikariPool.createPoolEntry(HikariPool.java:476)com.zaxxer.hikari.pool.HikariPool.checkFailFast(HikariPool.java:561)com.zaxxer.hikari.pool.HikariPool.<init>(HikariPool.java:115)com.zaxxer.hikari.HikariDataSource.getConnection(HikariDataSource.java:112)org.springframework.jdbc.datasource.DataSourceUtils.fetchConnection(DataSourceUtils.java:159)org.springframework.jdbc.datasource.DataSourceUtils.doGetConnection(DataSourceUtils.java:117)org.springframework.jdbc.datasource.DataSourceUtils.getConnection(DataSourceUtils.java:80)org.springframework.jdbc.core.JdbcTemplate.execute(JdbcTemplate.java:330)org.springframework.boot.jdbc.EmbeddedDatabaseConnection.isEmbedded(EmbeddedDatabaseConnection.java:162)org.springframework.boot.autoconfigure.orm.jpa.HibernateDefaultDdlAutoProvider.getDefaultDdlAuto(HibernateDefaultDdlAutoProvider.java:42)org.springframework.boot.autoconfigure.orm.jpa.HibernateJpaConfiguration.lambda$getVendorProperties$1(HibernateJpaConfiguration.java:130)org.springframework.boot.autoconfigure.orm.jpa.HibernateSettings.getDdlAuto(HibernateSettings.java:41)org.springframework.boot.autoconfigure.orm.jpa.HibernateProperties.determineDdlAuto(HibernateProperties.java:143)org.springframework.boot.autoconfigure.orm.jpa.HibernateProperties.getAdditionalProperties(HibernateProperties.java:103)org.springframework.boot.autoconfigure.orm.jpa.HibernateProperties.determineHibernateProperties(HibernateProperties.java:95)org.springframework.boot.autoconfigure.orm.jpa.HibernateJpaConfiguration.getVendorProperties(HibernateJpaConfiguration.java:132)org.springframework.boot.autoconfigure.orm.jpa.JpaBaseConfiguration.entityManagerFactory(JpaBaseConfiguration.java:132)java.base/jdk.internal.reflect.NativeMethodAccessorImpl.invoke0(Native Method)java.base/jdk.internal.reflect.NativeMethodAccessorImpl.invoke(NativeMethodAccessorImpl.java:77)java.base/jdk.internal.reflect.DelegatingMethodAccessorImpl.invoke(DelegatingMethodAccessorImpl.java:43)java.base/java.lang.reflect.Method.invoke(Method.java:568)org.springframework.beans.factory.support.SimpleInstantiationStrategy.instantiate(SimpleInstantiationStrategy.java:154)org.springframework.beans.factory.support.ConstructorResolver.instantiate(ConstructorResolver.java:653)org.springframework.beans.factory.support.ConstructorResolver.instantiateUsingFactoryMethod(ConstructorResolver.java:638)org.springframework.beans.factory.support.AbstractAutowireCapableBeanFactory.instantiateUsingFactoryMethod(AbstractAutowireCapableBeanFactory.java:1352)org.springframework.beans.factory.support.AbstractAutowireCapableBeanFactory.createBeanInstance(AbstractAutowireCapableBeanFactory.java:1195)org.springframework.beans.factory.support.AbstractAutowireCapableBeanFactory.doCreateBean(AbstractAutowireCapableBeanFactory.java:582)org.springframework.beans.factory.support.AbstractAutowireCapableBeanFactory.createBean(AbstractAutowireCapableBeanFactory.java:542)org.springframework.beans.factory.support.AbstractBeanFactory.lambda$doGetBean$0(AbstractBeanFactory.java:335)org.springframework.beans.factory.support.DefaultSingletonBeanRegistry.getSingleton(DefaultSingletonBeanRegistry.java:234)org.springframework.beans.factory.support.AbstractBeanFactory.doGetBean(AbstractBeanFactory.java:333)org.springframework.beans.factory.support.AbstractBeanFactory.getBean(AbstractBeanFactory.java:208)org.springframework.context.support.AbstractApplicationContext.getBean(AbstractApplicationContext.java:1154)org.springframework.context.support.AbstractApplicationContext.finishBeanFactoryInitialization(AbstractApplicationContext.java:908)org.springframework.context.support.AbstractApplicationContext.refresh(AbstractApplicationContext.java:583)org.springframework.boot.web.servlet.context.ServletWebServerApplicationContext.refresh(ServletWebServerApplicationContext.java:147)org.springframework.boot.SpringApplication.refresh(SpringApplication.java:734)org.springframework.boot.SpringApplication.refreshContext(SpringApplication.java:408)org.springframework.boot.SpringApplication.run(SpringApplication.java:308)org.springframework.boot.SpringApplication.run(SpringApplication.java:1306)org.springframework.boot.SpringApplication.run(SpringApplication.java:1295)za.co.woolworths.itemkafka_poc.KafkaItemProducerPocApplication.main(KafkaItemProducerPocApplication.java:10)java.base/jdk.internal.reflect.NativeMethodAccessorImpl.invoke0(Native Method)java.base/jdk.internal.reflect.NativeMethodAccessorImpl.invoke(NativeMethodAccessorImpl.java:77)java.base/jdk.internal.reflect.DelegatingMethodAccessorImpl.invoke(DelegatingMethodAccessorImpl.java:43)java.base/java.lang.reflect.Method.invoke(Method.java:568)org.springframework.boot.loader.MainMethodRunner.run(MainMethodRunner.java:49)org.springframework.boot.loader.Launcher.launch(Launcher.java:108)org.springframework.boot.loader.Launcher.launch(Launcher.java:58)org.springframework.boot.loader.JarLauncher.main(JarLauncher.java:65) 
2025-01-07 17:14:41.620 DEBUG [com.microsoft.sqlserver.jdbc.internals.SQLServerConnection:2944] ConnectionID:1 ClientConnectionId: a31ad03d-2551-46fe-8e11-d3332cbccb4f sleeping milisec: 1000 
2025-01-07 17:14:42.628 DEBUG [com.microsoft.sqlserver.jdbc.internals.SQLServerConnection:2825] ConnectionID:1 This attempt server name: C21SQL04 port: 1433 InstanceName: amos.1 useParallel: false 
2025-01-07 17:14:42.631 DEBUG [com.microsoft.sqlserver.jdbc.internals.SQLServerConnection:2828] ConnectionID:1 This attempt endtime: 1736262891023 
2025-01-07 17:14:42.632 DEBUG [com.microsoft.sqlserver.jdbc.internals.SQLServerConnection:2829] ConnectionID:1 This attempt No: 17 
2025-01-07 17:14:42.634 DEBUG [com.microsoft.sqlserver.jdbc.internals.SQLServerConnection:3165] ConnectionID:1 Connecting with server: C21SQL04 port: 1433 Timeout slice: 8390 Timeout Full: 30 
2025-01-07 17:14:42.787 DEBUG [com.microsoft.sqlserver.jdbc.internals.SQLServerConnection:3547] ConnectionID:1 ClientConnectionId: e25b4b55-a519-4a39-bbf9-b44e2eb83011 Server returned major version:13 
2025-01-07 17:14:42.948 DEBUG [jdk.event.security:274]  TLSHandshake: C21SQL04:1433, TLSv1.2, TLS_ECDHE_RSA_WITH_AES_256_CBC_SHA384, -1000310061 
2025-01-07 17:14:42.950 DEBUG [com.microsoft.sqlserver.jdbc.internals.SQLServerException:116] *** SQLException:ConnectionID:1 ClientConnectionId: e25b4b55-a519-4a39-bbf9-b44e2eb83011 com.microsoft.sqlserver.jdbc.SQLServerException: This driver is not configured for integrated authentication. ClientConnectionId:e25b4b55-a519-4a39-bbf9-b44e2eb83011 This driver is not configured for integrated authentication. ClientConnectionId:e25b4b55-a519-4a39-bbf9-b44e2eb83011 
2025-01-07 17:14:42.952 DEBUG [com.microsoft.sqlserver.jdbc.internals.SQLServerException:130] com.microsoft.sqlserver.jdbc.SQLServerConnection.terminate(SQLServerConnection.java:3680)com.microsoft.sqlserver.jdbc.AuthenticationJNI.<init>(AuthenticationJNI.java:74)com.microsoft.sqlserver.jdbc.SQLServerConnection.logon(SQLServerConnection.java:4734)com.microsoft.sqlserver.jdbc.SQLServerConnection.access$100(SQLServerConnection.java:90)com.microsoft.sqlserver.jdbc.SQLServerConnection$LogonCommand.doExecute(SQLServerConnection.java:4723)com.microsoft.sqlserver.jdbc.TDSCommand.execute(IOBuffer.java:7785)com.microsoft.sqlserver.jdbc.SQLServerConnection.executeCommand(SQLServerConnection.java:3793)com.microsoft.sqlserver.jdbc.SQLServerConnection.connectHelper(SQLServerConnection.java:3233)com.microsoft.sqlserver.jdbc.SQLServerConnection.login(SQLServerConnection.java:2833)com.microsoft.sqlserver.jdbc.SQLServerConnection.connectInternal(SQLServerConnection.java:2671)com.microsoft.sqlserver.jdbc.SQLServerConnection.connect(SQLServerConnection.java:1640)com.microsoft.sqlserver.jdbc.SQLServerDriver.connect(SQLServerDriver.java:936)com.zaxxer.hikari.util.DriverDataSource.getConnection(DriverDataSource.java:121)com.zaxxer.hikari.pool.PoolBase.newConnection(PoolBase.java:364)com.zaxxer.hikari.pool.PoolBase.newPoolEntry(PoolBase.java:206)com.zaxxer.hikari.pool.HikariPool.createPoolEntry(HikariPool.java:476)com.zaxxer.hikari.pool.HikariPool.checkFailFast(HikariPool.java:561)com.zaxxer.hikari.pool.HikariPool.<init>(HikariPool.java:115)com.zaxxer.hikari.HikariDataSource.getConnection(HikariDataSource.java:112)org.springframework.jdbc.datasource.DataSourceUtils.fetchConnection(DataSourceUtils.java:159)org.springframework.jdbc.datasource.DataSourceUtils.doGetConnection(DataSourceUtils.java:117)org.springframework.jdbc.datasource.DataSourceUtils.getConnection(DataSourceUtils.java:80)org.springframework.jdbc.core.JdbcTemplate.execute(JdbcTemplate.java:330)org.springframework.boot.jdbc.EmbeddedDatabaseConnection.isEmbedded(EmbeddedDatabaseConnection.java:162)org.springframework.boot.autoconfigure.orm.jpa.HibernateDefaultDdlAutoProvider.getDefaultDdlAuto(HibernateDefaultDdlAutoProvider.java:42)org.springframework.boot.autoconfigure.orm.jpa.HibernateJpaConfiguration.lambda$getVendorProperties$1(HibernateJpaConfiguration.java:130)org.springframework.boot.autoconfigure.orm.jpa.HibernateSettings.getDdlAuto(HibernateSettings.java:41)org.springframework.boot.autoconfigure.orm.jpa.HibernateProperties.determineDdlAuto(HibernateProperties.java:143)org.springframework.boot.autoconfigure.orm.jpa.HibernateProperties.getAdditionalProperties(HibernateProperties.java:103)org.springframework.boot.autoconfigure.orm.jpa.HibernateProperties.determineHibernateProperties(HibernateProperties.java:95)org.springframework.boot.autoconfigure.orm.jpa.HibernateJpaConfiguration.getVendorProperties(HibernateJpaConfiguration.java:132)org.springframework.boot.autoconfigure.orm.jpa.JpaBaseConfiguration.entityManagerFactory(JpaBaseConfiguration.java:132)java.base/jdk.internal.reflect.NativeMethodAccessorImpl.invoke0(Native Method)java.base/jdk.internal.reflect.NativeMethodAccessorImpl.invoke(NativeMethodAccessorImpl.java:77)java.base/jdk.internal.reflect.DelegatingMethodAccessorImpl.invoke(DelegatingMethodAccessorImpl.java:43)java.base/java.lang.reflect.Method.invoke(Method.java:568)org.springframework.beans.factory.support.SimpleInstantiationStrategy.instantiate(SimpleInstantiationStrategy.java:154)org.springframework.beans.factory.support.ConstructorResolver.instantiate(ConstructorResolver.java:653)org.springframework.beans.factory.support.ConstructorResolver.instantiateUsingFactoryMethod(ConstructorResolver.java:638)org.springframework.beans.factory.support.AbstractAutowireCapableBeanFactory.instantiateUsingFactoryMethod(AbstractAutowireCapableBeanFactory.java:1352)org.springframework.beans.factory.support.AbstractAutowireCapableBeanFactory.createBeanInstance(AbstractAutowireCapableBeanFactory.java:1195)org.springframework.beans.factory.support.AbstractAutowireCapableBeanFactory.doCreateBean(AbstractAutowireCapableBeanFactory.java:582)org.springframework.beans.factory.support.AbstractAutowireCapableBeanFactory.createBean(AbstractAutowireCapableBeanFactory.java:542)org.springframework.beans.factory.support.AbstractBeanFactory.lambda$doGetBean$0(AbstractBeanFactory.java:335)org.springframework.beans.factory.support.DefaultSingletonBeanRegistry.getSingleton(DefaultSingletonBeanRegistry.java:234)org.springframework.beans.factory.support.AbstractBeanFactory.doGetBean(AbstractBeanFactory.java:333)org.springframework.beans.factory.support.AbstractBeanFactory.getBean(AbstractBeanFactory.java:208)org.springframework.context.support.AbstractApplicationContext.getBean(AbstractApplicationContext.java:1154)org.springframework.context.support.AbstractApplicationContext.finishBeanFactoryInitialization(AbstractApplicationContext.java:908)org.springframework.context.support.AbstractApplicationContext.refresh(AbstractApplicationContext.java:583)org.springframework.boot.web.servlet.context.ServletWebServerApplicationContext.refresh(ServletWebServerApplicationContext.java:147)org.springframework.boot.SpringApplication.refresh(SpringApplication.java:734)org.springframework.boot.SpringApplication.refreshContext(SpringApplication.java:408)org.springframework.boot.SpringApplication.run(SpringApplication.java:308)org.springframework.boot.SpringApplication.run(SpringApplication.java:1306)org.springframework.boot.SpringApplication.run(SpringApplication.java:1295)za.co.woolworths.itemkafka_poc.KafkaItemProducerPocApplication.main(KafkaItemProducerPocApplication.java:10)java.base/jdk.internal.reflect.NativeMethodAccessorImpl.invoke0(Native Method)java.base/jdk.internal.reflect.NativeMethodAccessorImpl.invoke(NativeMethodAccessorImpl.java:77)java.base/jdk.internal.reflect.DelegatingMethodAccessorImpl.invoke(DelegatingMethodAccessorImpl.java:43)java.base/java.lang.reflect.Method.invoke(Method.java:568)org.springframework.boot.loader.MainMethodRunner.run(MainMethodRunner.java:49)org.springframework.boot.loader.Launcher.launch(Launcher.java:108)org.springframework.boot.loader.Launcher.launch(Launcher.java:58)org.springframework.boot.loader.JarLauncher.main(JarLauncher.java:65) 
2025-01-07 17:14:42.977 DEBUG [com.microsoft.sqlserver.jdbc.internals.SQLServerConnection:2944] ConnectionID:1 ClientConnectionId: e25b4b55-a519-4a39-bbf9-b44e2eb83011 sleeping milisec: 1000 
2025-01-07 17:14:43.988 DEBUG [com.microsoft.sqlserver.jdbc.internals.SQLServerConnection:2825] ConnectionID:1 This attempt server name: C21SQL04 port: 1433 InstanceName: amos.1 useParallel: false 
2025-01-07 17:14:43.989 DEBUG [com.microsoft.sqlserver.jdbc.internals.SQLServerConnection:2828] ConnectionID:1 This attempt endtime: 1736262891023 
2025-01-07 17:14:43.991 DEBUG [com.microsoft.sqlserver.jdbc.internals.SQLServerConnection:2829] ConnectionID:1 This attempt No: 18 
2025-01-07 17:14:43.992 DEBUG [com.microsoft.sqlserver.jdbc.internals.SQLServerConnection:3165] ConnectionID:1 Connecting with server: C21SQL04 port: 1433 Timeout slice: 7031 Timeout Full: 30 
2025-01-07 17:14:44.144 DEBUG [com.microsoft.sqlserver.jdbc.internals.SQLServerConnection:3547] ConnectionID:1 ClientConnectionId: 63920d17-c5d7-449a-82b2-e644e9cfba01 Server returned major version:13 
2025-01-07 17:14:44.335 DEBUG [jdk.event.security:274]  TLSHandshake: C21SQL04:1433, TLSv1.2, TLS_ECDHE_RSA_WITH_AES_256_CBC_SHA384, -1000310061 
2025-01-07 17:14:44.336 DEBUG [com.microsoft.sqlserver.jdbc.internals.SQLServerException:116] *** SQLException:ConnectionID:1 ClientConnectionId: 63920d17-c5d7-449a-82b2-e644e9cfba01 com.microsoft.sqlserver.jdbc.SQLServerException: This driver is not configured for integrated authentication. ClientConnectionId:63920d17-c5d7-449a-82b2-e644e9cfba01 This driver is not configured for integrated authentication. ClientConnectionId:63920d17-c5d7-449a-82b2-e644e9cfba01 
2025-01-07 17:14:44.337 DEBUG [com.microsoft.sqlserver.jdbc.internals.SQLServerException:130] com.microsoft.sqlserver.jdbc.SQLServerConnection.terminate(SQLServerConnection.java:3680)com.microsoft.sqlserver.jdbc.AuthenticationJNI.<init>(AuthenticationJNI.java:74)com.microsoft.sqlserver.jdbc.SQLServerConnection.logon(SQLServerConnection.java:4734)com.microsoft.sqlserver.jdbc.SQLServerConnection.access$100(SQLServerConnection.java:90)com.microsoft.sqlserver.jdbc.SQLServerConnection$LogonCommand.doExecute(SQLServerConnection.java:4723)com.microsoft.sqlserver.jdbc.TDSCommand.execute(IOBuffer.java:7785)com.microsoft.sqlserver.jdbc.SQLServerConnection.executeCommand(SQLServerConnection.java:3793)com.microsoft.sqlserver.jdbc.SQLServerConnection.connectHelper(SQLServerConnection.java:3233)com.microsoft.sqlserver.jdbc.SQLServerConnection.login(SQLServerConnection.java:2833)com.microsoft.sqlserver.jdbc.SQLServerConnection.connectInternal(SQLServerConnection.java:2671)com.microsoft.sqlserver.jdbc.SQLServerConnection.connect(SQLServerConnection.java:1640)com.microsoft.sqlserver.jdbc.SQLServerDriver.connect(SQLServerDriver.java:936)com.zaxxer.hikari.util.DriverDataSource.getConnection(DriverDataSource.java:121)com.zaxxer.hikari.pool.PoolBase.newConnection(PoolBase.java:364)com.zaxxer.hikari.pool.PoolBase.newPoolEntry(PoolBase.java:206)com.zaxxer.hikari.pool.HikariPool.createPoolEntry(HikariPool.java:476)com.zaxxer.hikari.pool.HikariPool.checkFailFast(HikariPool.java:561)com.zaxxer.hikari.pool.HikariPool.<init>(HikariPool.java:115)com.zaxxer.hikari.HikariDataSource.getConnection(HikariDataSource.java:112)org.springframework.jdbc.datasource.DataSourceUtils.fetchConnection(DataSourceUtils.java:159)org.springframework.jdbc.datasource.DataSourceUtils.doGetConnection(DataSourceUtils.java:117)org.springframework.jdbc.datasource.DataSourceUtils.getConnection(DataSourceUtils.java:80)org.springframework.jdbc.core.JdbcTemplate.execute(JdbcTemplate.java:330)org.springframework.boot.jdbc.EmbeddedDatabaseConnection.isEmbedded(EmbeddedDatabaseConnection.java:162)org.springframework.boot.autoconfigure.orm.jpa.HibernateDefaultDdlAutoProvider.getDefaultDdlAuto(HibernateDefaultDdlAutoProvider.java:42)org.springframework.boot.autoconfigure.orm.jpa.HibernateJpaConfiguration.lambda$getVendorProperties$1(HibernateJpaConfiguration.java:130)org.springframework.boot.autoconfigure.orm.jpa.HibernateSettings.getDdlAuto(HibernateSettings.java:41)org.springframework.boot.autoconfigure.orm.jpa.HibernateProperties.determineDdlAuto(HibernateProperties.java:143)org.springframework.boot.autoconfigure.orm.jpa.HibernateProperties.getAdditionalProperties(HibernateProperties.java:103)org.springframework.boot.autoconfigure.orm.jpa.HibernateProperties.determineHibernateProperties(HibernateProperties.java:95)org.springframework.boot.autoconfigure.orm.jpa.HibernateJpaConfiguration.getVendorProperties(HibernateJpaConfiguration.java:132)org.springframework.boot.autoconfigure.orm.jpa.JpaBaseConfiguration.entityManagerFactory(JpaBaseConfiguration.java:132)java.base/jdk.internal.reflect.NativeMethodAccessorImpl.invoke0(Native Method)java.base/jdk.internal.reflect.NativeMethodAccessorImpl.invoke(NativeMethodAccessorImpl.java:77)java.base/jdk.internal.reflect.DelegatingMethodAccessorImpl.invoke(DelegatingMethodAccessorImpl.java:43)java.base/java.lang.reflect.Method.invoke(Method.java:568)org.springframework.beans.factory.support.SimpleInstantiationStrategy.instantiate(SimpleInstantiationStrategy.java:154)org.springframework.beans.factory.support.ConstructorResolver.instantiate(ConstructorResolver.java:653)org.springframework.beans.factory.support.ConstructorResolver.instantiateUsingFactoryMethod(ConstructorResolver.java:638)org.springframework.beans.factory.support.AbstractAutowireCapableBeanFactory.instantiateUsingFactoryMethod(AbstractAutowireCapableBeanFactory.java:1352)org.springframework.beans.factory.support.AbstractAutowireCapableBeanFactory.createBeanInstance(AbstractAutowireCapableBeanFactory.java:1195)org.springframework.beans.factory.support.AbstractAutowireCapableBeanFactory.doCreateBean(AbstractAutowireCapableBeanFactory.java:582)org.springframework.beans.factory.support.AbstractAutowireCapableBeanFactory.createBean(AbstractAutowireCapableBeanFactory.java:542)org.springframework.beans.factory.support.AbstractBeanFactory.lambda$doGetBean$0(AbstractBeanFactory.java:335)org.springframework.beans.factory.support.DefaultSingletonBeanRegistry.getSingleton(DefaultSingletonBeanRegistry.java:234)org.springframework.beans.factory.support.AbstractBeanFactory.doGetBean(AbstractBeanFactory.java:333)org.springframework.beans.factory.support.AbstractBeanFactory.getBean(AbstractBeanFactory.java:208)org.springframework.context.support.AbstractApplicationContext.getBean(AbstractApplicationContext.java:1154)org.springframework.context.support.AbstractApplicationContext.finishBeanFactoryInitialization(AbstractApplicationContext.java:908)org.springframework.context.support.AbstractApplicationContext.refresh(AbstractApplicationContext.java:583)org.springframework.boot.web.servlet.context.ServletWebServerApplicationContext.refresh(ServletWebServerApplicationContext.java:147)org.springframework.boot.SpringApplication.refresh(SpringApplication.java:734)org.springframework.boot.SpringApplication.refreshContext(SpringApplication.java:408)org.springframework.boot.SpringApplication.run(SpringApplication.java:308)org.springframework.boot.SpringApplication.run(SpringApplication.java:1306)org.springframework.boot.SpringApplication.run(SpringApplication.java:1295)za.co.woolworths.itemkafka_poc.KafkaItemProducerPocApplication.main(KafkaItemProducerPocApplication.java:10)java.base/jdk.internal.reflect.NativeMethodAccessorImpl.invoke0(Native Method)java.base/jdk.internal.reflect.NativeMethodAccessorImpl.invoke(NativeMethodAccessorImpl.java:77)java.base/jdk.internal.reflect.DelegatingMethodAccessorImpl.invoke(DelegatingMethodAccessorImpl.java:43)java.base/java.lang.reflect.Method.invoke(Method.java:568)org.springframework.boot.loader.MainMethodRunner.run(MainMethodRunner.java:49)org.springframework.boot.loader.Launcher.launch(Launcher.java:108)org.springframework.boot.loader.Launcher.launch(Launcher.java:58)org.springframework.boot.loader.JarLauncher.main(JarLauncher.java:65) 
2025-01-07 17:14:44.343 DEBUG [com.microsoft.sqlserver.jdbc.internals.SQLServerConnection:2944] ConnectionID:1 ClientConnectionId: 63920d17-c5d7-449a-82b2-e644e9cfba01 sleeping milisec: 1000 
2025-01-07 17:14:45.358 DEBUG [com.microsoft.sqlserver.jdbc.internals.SQLServerConnection:2825] ConnectionID:1 This attempt server name: C21SQL04 port: 1433 InstanceName: amos.1 useParallel: false 
2025-01-07 17:14:45.359 DEBUG [com.microsoft.sqlserver.jdbc.internals.SQLServerConnection:2828] ConnectionID:1 This attempt endtime: 1736262891023 
2025-01-07 17:14:45.361 DEBUG [com.microsoft.sqlserver.jdbc.internals.SQLServerConnection:2829] ConnectionID:1 This attempt No: 19 
2025-01-07 17:14:45.362 DEBUG [com.microsoft.sqlserver.jdbc.internals.SQLServerConnection:3165] ConnectionID:1 Connecting with server: C21SQL04 port: 1433 Timeout slice: 5661 Timeout Full: 30 
2025-01-07 17:14:45.510 DEBUG [com.microsoft.sqlserver.jdbc.internals.SQLServerConnection:3547] ConnectionID:1 ClientConnectionId: 4269888a-0eed-480d-8d8e-f5e334425785 Server returned major version:13 
2025-01-07 17:14:45.661 DEBUG [jdk.event.security:274]  TLSHandshake: C21SQL04:1433, TLSv1.2, TLS_ECDHE_RSA_WITH_AES_256_CBC_SHA384, -1000310061 
2025-01-07 17:14:45.662 DEBUG [com.microsoft.sqlserver.jdbc.internals.SQLServerException:116] *** SQLException:ConnectionID:1 ClientConnectionId: 4269888a-0eed-480d-8d8e-f5e334425785 com.microsoft.sqlserver.jdbc.SQLServerException: This driver is not configured for integrated authentication. ClientConnectionId:4269888a-0eed-480d-8d8e-f5e334425785 This driver is not configured for integrated authentication. ClientConnectionId:4269888a-0eed-480d-8d8e-f5e334425785 
2025-01-07 17:14:45.663 DEBUG [com.microsoft.sqlserver.jdbc.internals.SQLServerException:130] com.microsoft.sqlserver.jdbc.SQLServerConnection.terminate(SQLServerConnection.java:3680)com.microsoft.sqlserver.jdbc.AuthenticationJNI.<init>(AuthenticationJNI.java:74)com.microsoft.sqlserver.jdbc.SQLServerConnection.logon(SQLServerConnection.java:4734)com.microsoft.sqlserver.jdbc.SQLServerConnection.access$100(SQLServerConnection.java:90)com.microsoft.sqlserver.jdbc.SQLServerConnection$LogonCommand.doExecute(SQLServerConnection.java:4723)com.microsoft.sqlserver.jdbc.TDSCommand.execute(IOBuffer.java:7785)com.microsoft.sqlserver.jdbc.SQLServerConnection.executeCommand(SQLServerConnection.java:3793)com.microsoft.sqlserver.jdbc.SQLServerConnection.connectHelper(SQLServerConnection.java:3233)com.microsoft.sqlserver.jdbc.SQLServerConnection.login(SQLServerConnection.java:2833)com.microsoft.sqlserver.jdbc.SQLServerConnection.connectInternal(SQLServerConnection.java:2671)com.microsoft.sqlserver.jdbc.SQLServerConnection.connect(SQLServerConnection.java:1640)com.microsoft.sqlserver.jdbc.SQLServerDriver.connect(SQLServerDriver.java:936)com.zaxxer.hikari.util.DriverDataSource.getConnection(DriverDataSource.java:121)com.zaxxer.hikari.pool.PoolBase.newConnection(PoolBase.java:364)com.zaxxer.hikari.pool.PoolBase.newPoolEntry(PoolBase.java:206)com.zaxxer.hikari.pool.HikariPool.createPoolEntry(HikariPool.java:476)com.zaxxer.hikari.pool.HikariPool.checkFailFast(HikariPool.java:561)com.zaxxer.hikari.pool.HikariPool.<init>(HikariPool.java:115)com.zaxxer.hikari.HikariDataSource.getConnection(HikariDataSource.java:112)org.springframework.jdbc.datasource.DataSourceUtils.fetchConnection(DataSourceUtils.java:159)org.springframework.jdbc.datasource.DataSourceUtils.doGetConnection(DataSourceUtils.java:117)org.springframework.jdbc.datasource.DataSourceUtils.getConnection(DataSourceUtils.java:80)org.springframework.jdbc.core.JdbcTemplate.execute(JdbcTemplate.java:330)org.springframework.boot.jdbc.EmbeddedDatabaseConnection.isEmbedded(EmbeddedDatabaseConnection.java:162)org.springframework.boot.autoconfigure.orm.jpa.HibernateDefaultDdlAutoProvider.getDefaultDdlAuto(HibernateDefaultDdlAutoProvider.java:42)org.springframework.boot.autoconfigure.orm.jpa.HibernateJpaConfiguration.lambda$getVendorProperties$1(HibernateJpaConfiguration.java:130)org.springframework.boot.autoconfigure.orm.jpa.HibernateSettings.getDdlAuto(HibernateSettings.java:41)org.springframework.boot.autoconfigure.orm.jpa.HibernateProperties.determineDdlAuto(HibernateProperties.java:143)org.springframework.boot.autoconfigure.orm.jpa.HibernateProperties.getAdditionalProperties(HibernateProperties.java:103)org.springframework.boot.autoconfigure.orm.jpa.HibernateProperties.determineHibernateProperties(HibernateProperties.java:95)org.springframework.boot.autoconfigure.orm.jpa.HibernateJpaConfiguration.getVendorProperties(HibernateJpaConfiguration.java:132)org.springframework.boot.autoconfigure.orm.jpa.JpaBaseConfiguration.entityManagerFactory(JpaBaseConfiguration.java:132)java.base/jdk.internal.reflect.NativeMethodAccessorImpl.invoke0(Native Method)java.base/jdk.internal.reflect.NativeMethodAccessorImpl.invoke(NativeMethodAccessorImpl.java:77)java.base/jdk.internal.reflect.DelegatingMethodAccessorImpl.invoke(DelegatingMethodAccessorImpl.java:43)java.base/java.lang.reflect.Method.invoke(Method.java:568)org.springframework.beans.factory.support.SimpleInstantiationStrategy.instantiate(SimpleInstantiationStrategy.java:154)org.springframework.beans.factory.support.ConstructorResolver.instantiate(ConstructorResolver.java:653)org.springframework.beans.factory.support.ConstructorResolver.instantiateUsingFactoryMethod(ConstructorResolver.java:638)org.springframework.beans.factory.support.AbstractAutowireCapableBeanFactory.instantiateUsingFactoryMethod(AbstractAutowireCapableBeanFactory.java:1352)org.springframework.beans.factory.support.AbstractAutowireCapableBeanFactory.createBeanInstance(AbstractAutowireCapableBeanFactory.java:1195)org.springframework.beans.factory.support.AbstractAutowireCapableBeanFactory.doCreateBean(AbstractAutowireCapableBeanFactory.java:582)org.springframework.beans.factory.support.AbstractAutowireCapableBeanFactory.createBean(AbstractAutowireCapableBeanFactory.java:542)org.springframework.beans.factory.support.AbstractBeanFactory.lambda$doGetBean$0(AbstractBeanFactory.java:335)org.springframework.beans.factory.support.DefaultSingletonBeanRegistry.getSingleton(DefaultSingletonBeanRegistry.java:234)org.springframework.beans.factory.support.AbstractBeanFactory.doGetBean(AbstractBeanFactory.java:333)org.springframework.beans.factory.support.AbstractBeanFactory.getBean(AbstractBeanFactory.java:208)org.springframework.context.support.AbstractApplicationContext.getBean(AbstractApplicationContext.java:1154)org.springframework.context.support.AbstractApplicationContext.finishBeanFactoryInitialization(AbstractApplicationContext.java:908)org.springframework.context.support.AbstractApplicationContext.refresh(AbstractApplicationContext.java:583)org.springframework.boot.web.servlet.context.ServletWebServerApplicationContext.refresh(ServletWebServerApplicationContext.java:147)org.springframework.boot.SpringApplication.refresh(SpringApplication.java:734)org.springframework.boot.SpringApplication.refreshContext(SpringApplication.java:408)org.springframework.boot.SpringApplication.run(SpringApplication.java:308)org.springframework.boot.SpringApplication.run(SpringApplication.java:1306)org.springframework.boot.SpringApplication.run(SpringApplication.java:1295)za.co.woolworths.itemkafka_poc.KafkaItemProducerPocApplication.main(KafkaItemProducerPocApplication.java:10)java.base/jdk.internal.reflect.NativeMethodAccessorImpl.invoke0(Native Method)java.base/jdk.internal.reflect.NativeMethodAccessorImpl.invoke(NativeMethodAccessorImpl.java:77)java.base/jdk.internal.reflect.DelegatingMethodAccessorImpl.invoke(DelegatingMethodAccessorImpl.java:43)java.base/java.lang.reflect.Method.invoke(Method.java:568)org.springframework.boot.loader.MainMethodRunner.run(MainMethodRunner.java:49)org.springframework.boot.loader.Launcher.launch(Launcher.java:108)org.springframework.boot.loader.Launcher.launch(Launcher.java:58)org.springframework.boot.loader.JarLauncher.main(JarLauncher.java:65) 
2025-01-07 17:14:45.668 DEBUG [com.microsoft.sqlserver.jdbc.internals.SQLServerConnection:2944] ConnectionID:1 ClientConnectionId: 4269888a-0eed-480d-8d8e-f5e334425785 sleeping milisec: 1000 
2025-01-07 17:14:46.678 DEBUG [com.microsoft.sqlserver.jdbc.internals.SQLServerConnection:2825] ConnectionID:1 This attempt server name: C21SQL04 port: 1433 InstanceName: amos.1 useParallel: false 
2025-01-07 17:14:46.680 DEBUG [com.microsoft.sqlserver.jdbc.internals.SQLServerConnection:2828] ConnectionID:1 This attempt endtime: 1736262891023 
2025-01-07 17:14:46.681 DEBUG [com.microsoft.sqlserver.jdbc.internals.SQLServerConnection:2829] ConnectionID:1 This attempt No: 20 
2025-01-07 17:14:46.682 DEBUG [com.microsoft.sqlserver.jdbc.internals.SQLServerConnection:3165] ConnectionID:1 Connecting with server: C21SQL04 port: 1433 Timeout slice: 4341 Timeout Full: 30 
2025-01-07 17:14:46.824 DEBUG [com.microsoft.sqlserver.jdbc.internals.SQLServerConnection:3547] ConnectionID:1 ClientConnectionId: 9adb3d35-5c76-4ea2-abdf-1112c3e187d3 Server returned major version:13 
2025-01-07 17:14:47.009 DEBUG [jdk.event.security:274]  TLSHandshake: C21SQL04:1433, TLSv1.2, TLS_ECDHE_RSA_WITH_AES_256_CBC_SHA384, -1000310061 
2025-01-07 17:14:47.011 DEBUG [com.microsoft.sqlserver.jdbc.internals.SQLServerException:116] *** SQLException:ConnectionID:1 ClientConnectionId: 9adb3d35-5c76-4ea2-abdf-1112c3e187d3 com.microsoft.sqlserver.jdbc.SQLServerException: This driver is not configured for integrated authentication. ClientConnectionId:9adb3d35-5c76-4ea2-abdf-1112c3e187d3 This driver is not configured for integrated authentication. ClientConnectionId:9adb3d35-5c76-4ea2-abdf-1112c3e187d3 
2025-01-07 17:14:47.013 DEBUG [com.microsoft.sqlserver.jdbc.internals.SQLServerException:130] com.microsoft.sqlserver.jdbc.SQLServerConnection.terminate(SQLServerConnection.java:3680)com.microsoft.sqlserver.jdbc.AuthenticationJNI.<init>(AuthenticationJNI.java:74)com.microsoft.sqlserver.jdbc.SQLServerConnection.logon(SQLServerConnection.java:4734)com.microsoft.sqlserver.jdbc.SQLServerConnection.access$100(SQLServerConnection.java:90)com.microsoft.sqlserver.jdbc.SQLServerConnection$LogonCommand.doExecute(SQLServerConnection.java:4723)com.microsoft.sqlserver.jdbc.TDSCommand.execute(IOBuffer.java:7785)com.microsoft.sqlserver.jdbc.SQLServerConnection.executeCommand(SQLServerConnection.java:3793)com.microsoft.sqlserver.jdbc.SQLServerConnection.connectHelper(SQLServerConnection.java:3233)com.microsoft.sqlserver.jdbc.SQLServerConnection.login(SQLServerConnection.java:2833)com.microsoft.sqlserver.jdbc.SQLServerConnection.connectInternal(SQLServerConnection.java:2671)com.microsoft.sqlserver.jdbc.SQLServerConnection.connect(SQLServerConnection.java:1640)com.microsoft.sqlserver.jdbc.SQLServerDriver.connect(SQLServerDriver.java:936)com.zaxxer.hikari.util.DriverDataSource.getConnection(DriverDataSource.java:121)com.zaxxer.hikari.pool.PoolBase.newConnection(PoolBase.java:364)com.zaxxer.hikari.pool.PoolBase.newPoolEntry(PoolBase.java:206)com.zaxxer.hikari.pool.HikariPool.createPoolEntry(HikariPool.java:476)com.zaxxer.hikari.pool.HikariPool.checkFailFast(HikariPool.java:561)com.zaxxer.hikari.pool.HikariPool.<init>(HikariPool.java:115)com.zaxxer.hikari.HikariDataSource.getConnection(HikariDataSource.java:112)org.springframework.jdbc.datasource.DataSourceUtils.fetchConnection(DataSourceUtils.java:159)org.springframework.jdbc.datasource.DataSourceUtils.doGetConnection(DataSourceUtils.java:117)org.springframework.jdbc.datasource.DataSourceUtils.getConnection(DataSourceUtils.java:80)org.springframework.jdbc.core.JdbcTemplate.execute(JdbcTemplate.java:330)org.springframework.boot.jdbc.EmbeddedDatabaseConnection.isEmbedded(EmbeddedDatabaseConnection.java:162)org.springframework.boot.autoconfigure.orm.jpa.HibernateDefaultDdlAutoProvider.getDefaultDdlAuto(HibernateDefaultDdlAutoProvider.java:42)org.springframework.boot.autoconfigure.orm.jpa.HibernateJpaConfiguration.lambda$getVendorProperties$1(HibernateJpaConfiguration.java:130)org.springframework.boot.autoconfigure.orm.jpa.HibernateSettings.getDdlAuto(HibernateSettings.java:41)org.springframework.boot.autoconfigure.orm.jpa.HibernateProperties.determineDdlAuto(HibernateProperties.java:143)org.springframework.boot.autoconfigure.orm.jpa.HibernateProperties.getAdditionalProperties(HibernateProperties.java:103)org.springframework.boot.autoconfigure.orm.jpa.HibernateProperties.determineHibernateProperties(HibernateProperties.java:95)org.springframework.boot.autoconfigure.orm.jpa.HibernateJpaConfiguration.getVendorProperties(HibernateJpaConfiguration.java:132)org.springframework.boot.autoconfigure.orm.jpa.JpaBaseConfiguration.entityManagerFactory(JpaBaseConfiguration.java:132)java.base/jdk.internal.reflect.NativeMethodAccessorImpl.invoke0(Native Method)java.base/jdk.internal.reflect.NativeMethodAccessorImpl.invoke(NativeMethodAccessorImpl.java:77)java.base/jdk.internal.reflect.DelegatingMethodAccessorImpl.invoke(DelegatingMethodAccessorImpl.java:43)java.base/java.lang.reflect.Method.invoke(Method.java:568)org.springframework.beans.factory.support.SimpleInstantiationStrategy.instantiate(SimpleInstantiationStrategy.java:154)org.springframework.beans.factory.support.ConstructorResolver.instantiate(ConstructorResolver.java:653)org.springframework.beans.factory.support.ConstructorResolver.instantiateUsingFactoryMethod(ConstructorResolver.java:638)org.springframework.beans.factory.support.AbstractAutowireCapableBeanFactory.instantiateUsingFactoryMethod(AbstractAutowireCapableBeanFactory.java:1352)org.springframework.beans.factory.support.AbstractAutowireCapableBeanFactory.createBeanInstance(AbstractAutowireCapableBeanFactory.java:1195)org.springframework.beans.factory.support.AbstractAutowireCapableBeanFactory.doCreateBean(AbstractAutowireCapableBeanFactory.java:582)org.springframework.beans.factory.support.AbstractAutowireCapableBeanFactory.createBean(AbstractAutowireCapableBeanFactory.java:542)org.springframework.beans.factory.support.AbstractBeanFactory.lambda$doGetBean$0(AbstractBeanFactory.java:335)org.springframework.beans.factory.support.DefaultSingletonBeanRegistry.getSingleton(DefaultSingletonBeanRegistry.java:234)org.springframework.beans.factory.support.AbstractBeanFactory.doGetBean(AbstractBeanFactory.java:333)org.springframework.beans.factory.support.AbstractBeanFactory.getBean(AbstractBeanFactory.java:208)org.springframework.context.support.AbstractApplicationContext.getBean(AbstractApplicationContext.java:1154)org.springframework.context.support.AbstractApplicationContext.finishBeanFactoryInitialization(AbstractApplicationContext.java:908)org.springframework.context.support.AbstractApplicationContext.refresh(AbstractApplicationContext.java:583)org.springframework.boot.web.servlet.context.ServletWebServerApplicationContext.refresh(ServletWebServerApplicationContext.java:147)org.springframework.boot.SpringApplication.refresh(SpringApplication.java:734)org.springframework.boot.SpringApplication.refreshContext(SpringApplication.java:408)org.springframework.boot.SpringApplication.run(SpringApplication.java:308)org.springframework.boot.SpringApplication.run(SpringApplication.java:1306)org.springframework.boot.SpringApplication.run(SpringApplication.java:1295)za.co.woolworths.itemkafka_poc.KafkaItemProducerPocApplication.main(KafkaItemProducerPocApplication.java:10)java.base/jdk.internal.reflect.NativeMethodAccessorImpl.invoke0(Native Method)java.base/jdk.internal.reflect.NativeMethodAccessorImpl.invoke(NativeMethodAccessorImpl.java:77)java.base/jdk.internal.reflect.DelegatingMethodAccessorImpl.invoke(DelegatingMethodAccessorImpl.java:43)java.base/java.lang.reflect.Method.invoke(Method.java:568)org.springframework.boot.loader.MainMethodRunner.run(MainMethodRunner.java:49)org.springframework.boot.loader.Launcher.launch(Launcher.java:108)org.springframework.boot.loader.Launcher.launch(Launcher.java:58)org.springframework.boot.loader.JarLauncher.main(JarLauncher.java:65) 
2025-01-07 17:14:47.017 DEBUG [com.microsoft.sqlserver.jdbc.internals.SQLServerConnection:2944] ConnectionID:1 ClientConnectionId: 9adb3d35-5c76-4ea2-abdf-1112c3e187d3 sleeping milisec: 1000 
2025-01-07 17:14:48.030 DEBUG [com.microsoft.sqlserver.jdbc.internals.SQLServerConnection:2825] ConnectionID:1 This attempt server name: C21SQL04 port: 1433 InstanceName: amos.1 useParallel: false 
2025-01-07 17:14:48.032 DEBUG [com.microsoft.sqlserver.jdbc.internals.SQLServerConnection:2828] ConnectionID:1 This attempt endtime: 1736262891023 
2025-01-07 17:14:48.033 DEBUG [com.microsoft.sqlserver.jdbc.internals.SQLServerConnection:2829] ConnectionID:1 This attempt No: 21 
2025-01-07 17:14:48.034 DEBUG [com.microsoft.sqlserver.jdbc.internals.SQLServerConnection:3165] ConnectionID:1 Connecting with server: C21SQL04 port: 1433 Timeout slice: 2989 Timeout Full: 30 
2025-01-07 17:14:48.185 DEBUG [com.microsoft.sqlserver.jdbc.internals.SQLServerConnection:3547] ConnectionID:1 ClientConnectionId: 0de4909b-6b40-43c8-81c4-e327966be1f1 Server returned major version:13 
2025-01-07 17:14:48.416 DEBUG [jdk.event.security:274]  TLSHandshake: C21SQL04:1433, TLSv1.2, TLS_ECDHE_RSA_WITH_AES_256_CBC_SHA384, -1000310061 
2025-01-07 17:14:48.416 DEBUG [com.microsoft.sqlserver.jdbc.internals.SQLServerException:116] *** SQLException:ConnectionID:1 ClientConnectionId: 0de4909b-6b40-43c8-81c4-e327966be1f1 com.microsoft.sqlserver.jdbc.SQLServerException: This driver is not configured for integrated authentication. ClientConnectionId:0de4909b-6b40-43c8-81c4-e327966be1f1 This driver is not configured for integrated authentication. ClientConnectionId:0de4909b-6b40-43c8-81c4-e327966be1f1 
2025-01-07 17:14:48.417 DEBUG [com.microsoft.sqlserver.jdbc.internals.SQLServerException:130] com.microsoft.sqlserver.jdbc.SQLServerConnection.terminate(SQLServerConnection.java:3680)com.microsoft.sqlserver.jdbc.AuthenticationJNI.<init>(AuthenticationJNI.java:74)com.microsoft.sqlserver.jdbc.SQLServerConnection.logon(SQLServerConnection.java:4734)com.microsoft.sqlserver.jdbc.SQLServerConnection.access$100(SQLServerConnection.java:90)com.microsoft.sqlserver.jdbc.SQLServerConnection$LogonCommand.doExecute(SQLServerConnection.java:4723)com.microsoft.sqlserver.jdbc.TDSCommand.execute(IOBuffer.java:7785)com.microsoft.sqlserver.jdbc.SQLServerConnection.executeCommand(SQLServerConnection.java:3793)com.microsoft.sqlserver.jdbc.SQLServerConnection.connectHelper(SQLServerConnection.java:3233)com.microsoft.sqlserver.jdbc.SQLServerConnection.login(SQLServerConnection.java:2833)com.microsoft.sqlserver.jdbc.SQLServerConnection.connectInternal(SQLServerConnection.java:2671)com.microsoft.sqlserver.jdbc.SQLServerConnection.connect(SQLServerConnection.java:1640)com.microsoft.sqlserver.jdbc.SQLServerDriver.connect(SQLServerDriver.java:936)com.zaxxer.hikari.util.DriverDataSource.getConnection(DriverDataSource.java:121)com.zaxxer.hikari.pool.PoolBase.newConnection(PoolBase.java:364)com.zaxxer.hikari.pool.PoolBase.newPoolEntry(PoolBase.java:206)com.zaxxer.hikari.pool.HikariPool.createPoolEntry(HikariPool.java:476)com.zaxxer.hikari.pool.HikariPool.checkFailFast(HikariPool.java:561)com.zaxxer.hikari.pool.HikariPool.<init>(HikariPool.java:115)com.zaxxer.hikari.HikariDataSource.getConnection(HikariDataSource.java:112)org.springframework.jdbc.datasource.DataSourceUtils.fetchConnection(DataSourceUtils.java:159)org.springframework.jdbc.datasource.DataSourceUtils.doGetConnection(DataSourceUtils.java:117)org.springframework.jdbc.datasource.DataSourceUtils.getConnection(DataSourceUtils.java:80)org.springframework.jdbc.core.JdbcTemplate.execute(JdbcTemplate.java:330)org.springframework.boot.jdbc.EmbeddedDatabaseConnection.isEmbedded(EmbeddedDatabaseConnection.java:162)org.springframework.boot.autoconfigure.orm.jpa.HibernateDefaultDdlAutoProvider.getDefaultDdlAuto(HibernateDefaultDdlAutoProvider.java:42)org.springframework.boot.autoconfigure.orm.jpa.HibernateJpaConfiguration.lambda$getVendorProperties$1(HibernateJpaConfiguration.java:130)org.springframework.boot.autoconfigure.orm.jpa.HibernateSettings.getDdlAuto(HibernateSettings.java:41)org.springframework.boot.autoconfigure.orm.jpa.HibernateProperties.determineDdlAuto(HibernateProperties.java:143)org.springframework.boot.autoconfigure.orm.jpa.HibernateProperties.getAdditionalProperties(HibernateProperties.java:103)org.springframework.boot.autoconfigure.orm.jpa.HibernateProperties.determineHibernateProperties(HibernateProperties.java:95)org.springframework.boot.autoconfigure.orm.jpa.HibernateJpaConfiguration.getVendorProperties(HibernateJpaConfiguration.java:132)org.springframework.boot.autoconfigure.orm.jpa.JpaBaseConfiguration.entityManagerFactory(JpaBaseConfiguration.java:132)java.base/jdk.internal.reflect.NativeMethodAccessorImpl.invoke0(Native Method)java.base/jdk.internal.reflect.NativeMethodAccessorImpl.invoke(NativeMethodAccessorImpl.java:77)java.base/jdk.internal.reflect.DelegatingMethodAccessorImpl.invoke(DelegatingMethodAccessorImpl.java:43)java.base/java.lang.reflect.Method.invoke(Method.java:568)org.springframework.beans.factory.support.SimpleInstantiationStrategy.instantiate(SimpleInstantiationStrategy.java:154)org.springframework.beans.factory.support.ConstructorResolver.instantiate(ConstructorResolver.java:653)org.springframework.beans.factory.support.ConstructorResolver.instantiateUsingFactoryMethod(ConstructorResolver.java:638)org.springframework.beans.factory.support.AbstractAutowireCapableBeanFactory.instantiateUsingFactoryMethod(AbstractAutowireCapableBeanFactory.java:1352)org.springframework.beans.factory.support.AbstractAutowireCapableBeanFactory.createBeanInstance(AbstractAutowireCapableBeanFactory.java:1195)org.springframework.beans.factory.support.AbstractAutowireCapableBeanFactory.doCreateBean(AbstractAutowireCapableBeanFactory.java:582)org.springframework.beans.factory.support.AbstractAutowireCapableBeanFactory.createBean(AbstractAutowireCapableBeanFactory.java:542)org.springframework.beans.factory.support.AbstractBeanFactory.lambda$doGetBean$0(AbstractBeanFactory.java:335)org.springframework.beans.factory.support.DefaultSingletonBeanRegistry.getSingleton(DefaultSingletonBeanRegistry.java:234)org.springframework.beans.factory.support.AbstractBeanFactory.doGetBean(AbstractBeanFactory.java:333)org.springframework.beans.factory.support.AbstractBeanFactory.getBean(AbstractBeanFactory.java:208)org.springframework.context.support.AbstractApplicationContext.getBean(AbstractApplicationContext.java:1154)org.springframework.context.support.AbstractApplicationContext.finishBeanFactoryInitialization(AbstractApplicationContext.java:908)org.springframework.context.support.AbstractApplicationContext.refresh(AbstractApplicationContext.java:583)org.springframework.boot.web.servlet.context.ServletWebServerApplicationContext.refresh(ServletWebServerApplicationContext.java:147)org.springframework.boot.SpringApplication.refresh(SpringApplication.java:734)org.springframework.boot.SpringApplication.refreshContext(SpringApplication.java:408)org.springframework.boot.SpringApplication.run(SpringApplication.java:308)org.springframework.boot.SpringApplication.run(SpringApplication.java:1306)org.springframework.boot.SpringApplication.run(SpringApplication.java:1295)za.co.woolworths.itemkafka_poc.KafkaItemProducerPocApplication.main(KafkaItemProducerPocApplication.java:10)java.base/jdk.internal.reflect.NativeMethodAccessorImpl.invoke0(Native Method)java.base/jdk.internal.reflect.NativeMethodAccessorImpl.invoke(NativeMethodAccessorImpl.java:77)java.base/jdk.internal.reflect.DelegatingMethodAccessorImpl.invoke(DelegatingMethodAccessorImpl.java:43)java.base/java.lang.reflect.Method.invoke(Method.java:568)org.springframework.boot.loader.MainMethodRunner.run(MainMethodRunner.java:49)org.springframework.boot.loader.Launcher.launch(Launcher.java:108)org.springframework.boot.loader.Launcher.launch(Launcher.java:58)org.springframework.boot.loader.JarLauncher.main(JarLauncher.java:65) 
2025-01-07 17:14:48.419 DEBUG [com.microsoft.sqlserver.jdbc.internals.SQLServerConnection:2944] ConnectionID:1 ClientConnectionId: 0de4909b-6b40-43c8-81c4-e327966be1f1 sleeping milisec: 1000 
2025-01-07 17:14:49.428 DEBUG [com.microsoft.sqlserver.jdbc.internals.SQLServerConnection:2825] ConnectionID:1 This attempt server name: C21SQL04 port: 1433 InstanceName: amos.1 useParallel: false 
2025-01-07 17:14:49.430 DEBUG [com.microsoft.sqlserver.jdbc.internals.SQLServerConnection:2828] ConnectionID:1 This attempt endtime: 1736262891023 
2025-01-07 17:14:49.431 DEBUG [com.microsoft.sqlserver.jdbc.internals.SQLServerConnection:2829] ConnectionID:1 This attempt No: 22 
2025-01-07 17:14:49.432 DEBUG [com.microsoft.sqlserver.jdbc.internals.SQLServerConnection:3165] ConnectionID:1 Connecting with server: C21SQL04 port: 1433 Timeout slice: 1591 Timeout Full: 30 
2025-01-07 17:14:49.616 DEBUG [com.microsoft.sqlserver.jdbc.internals.SQLServerConnection:3547] ConnectionID:1 ClientConnectionId: 63bd6b53-290a-4be3-b060-17d253ca2106 Server returned major version:13 
2025-01-07 17:14:49.816 DEBUG [jdk.event.security:274]  TLSHandshake: C21SQL04:1433, TLSv1.2, TLS_ECDHE_RSA_WITH_AES_256_CBC_SHA384, -1000310061 
2025-01-07 17:14:49.817 DEBUG [com.microsoft.sqlserver.jdbc.internals.SQLServerException:116] *** SQLException:ConnectionID:1 ClientConnectionId: 63bd6b53-290a-4be3-b060-17d253ca2106 com.microsoft.sqlserver.jdbc.SQLServerException: This driver is not configured for integrated authentication. ClientConnectionId:63bd6b53-290a-4be3-b060-17d253ca2106 This driver is not configured for integrated authentication. ClientConnectionId:63bd6b53-290a-4be3-b060-17d253ca2106 
2025-01-07 17:14:49.819 DEBUG [com.microsoft.sqlserver.jdbc.internals.SQLServerException:130] com.microsoft.sqlserver.jdbc.SQLServerConnection.terminate(SQLServerConnection.java:3680)com.microsoft.sqlserver.jdbc.AuthenticationJNI.<init>(AuthenticationJNI.java:74)com.microsoft.sqlserver.jdbc.SQLServerConnection.logon(SQLServerConnection.java:4734)com.microsoft.sqlserver.jdbc.SQLServerConnection.access$100(SQLServerConnection.java:90)com.microsoft.sqlserver.jdbc.SQLServerConnection$LogonCommand.doExecute(SQLServerConnection.java:4723)com.microsoft.sqlserver.jdbc.TDSCommand.execute(IOBuffer.java:7785)com.microsoft.sqlserver.jdbc.SQLServerConnection.executeCommand(SQLServerConnection.java:3793)com.microsoft.sqlserver.jdbc.SQLServerConnection.connectHelper(SQLServerConnection.java:3233)com.microsoft.sqlserver.jdbc.SQLServerConnection.login(SQLServerConnection.java:2833)com.microsoft.sqlserver.jdbc.SQLServerConnection.connectInternal(SQLServerConnection.java:2671)com.microsoft.sqlserver.jdbc.SQLServerConnection.connect(SQLServerConnection.java:1640)com.microsoft.sqlserver.jdbc.SQLServerDriver.connect(SQLServerDriver.java:936)com.zaxxer.hikari.util.DriverDataSource.getConnection(DriverDataSource.java:121)com.zaxxer.hikari.pool.PoolBase.newConnection(PoolBase.java:364)com.zaxxer.hikari.pool.PoolBase.newPoolEntry(PoolBase.java:206)com.zaxxer.hikari.pool.HikariPool.createPoolEntry(HikariPool.java:476)com.zaxxer.hikari.pool.HikariPool.checkFailFast(HikariPool.java:561)com.zaxxer.hikari.pool.HikariPool.<init>(HikariPool.java:115)com.zaxxer.hikari.HikariDataSource.getConnection(HikariDataSource.java:112)org.springframework.jdbc.datasource.DataSourceUtils.fetchConnection(DataSourceUtils.java:159)org.springframework.jdbc.datasource.DataSourceUtils.doGetConnection(DataSourceUtils.java:117)org.springframework.jdbc.datasource.DataSourceUtils.getConnection(DataSourceUtils.java:80)org.springframework.jdbc.core.JdbcTemplate.execute(JdbcTemplate.java:330)org.springframework.boot.jdbc.EmbeddedDatabaseConnection.isEmbedded(EmbeddedDatabaseConnection.java:162)org.springframework.boot.autoconfigure.orm.jpa.HibernateDefaultDdlAutoProvider.getDefaultDdlAuto(HibernateDefaultDdlAutoProvider.java:42)org.springframework.boot.autoconfigure.orm.jpa.HibernateJpaConfiguration.lambda$getVendorProperties$1(HibernateJpaConfiguration.java:130)org.springframework.boot.autoconfigure.orm.jpa.HibernateSettings.getDdlAuto(HibernateSettings.java:41)org.springframework.boot.autoconfigure.orm.jpa.HibernateProperties.determineDdlAuto(HibernateProperties.java:143)org.springframework.boot.autoconfigure.orm.jpa.HibernateProperties.getAdditionalProperties(HibernateProperties.java:103)org.springframework.boot.autoconfigure.orm.jpa.HibernateProperties.determineHibernateProperties(HibernateProperties.java:95)org.springframework.boot.autoconfigure.orm.jpa.HibernateJpaConfiguration.getVendorProperties(HibernateJpaConfiguration.java:132)org.springframework.boot.autoconfigure.orm.jpa.JpaBaseConfiguration.entityManagerFactory(JpaBaseConfiguration.java:132)java.base/jdk.internal.reflect.NativeMethodAccessorImpl.invoke0(Native Method)java.base/jdk.internal.reflect.NativeMethodAccessorImpl.invoke(NativeMethodAccessorImpl.java:77)java.base/jdk.internal.reflect.DelegatingMethodAccessorImpl.invoke(DelegatingMethodAccessorImpl.java:43)java.base/java.lang.reflect.Method.invoke(Method.java:568)org.springframework.beans.factory.support.SimpleInstantiationStrategy.instantiate(SimpleInstantiationStrategy.java:154)org.springframework.beans.factory.support.ConstructorResolver.instantiate(ConstructorResolver.java:653)org.springframework.beans.factory.support.ConstructorResolver.instantiateUsingFactoryMethod(ConstructorResolver.java:638)org.springframework.beans.factory.support.AbstractAutowireCapableBeanFactory.instantiateUsingFactoryMethod(AbstractAutowireCapableBeanFactory.java:1352)org.springframework.beans.factory.support.AbstractAutowireCapableBeanFactory.createBeanInstance(AbstractAutowireCapableBeanFactory.java:1195)org.springframework.beans.factory.support.AbstractAutowireCapableBeanFactory.doCreateBean(AbstractAutowireCapableBeanFactory.java:582)org.springframework.beans.factory.support.AbstractAutowireCapableBeanFactory.createBean(AbstractAutowireCapableBeanFactory.java:542)org.springframework.beans.factory.support.AbstractBeanFactory.lambda$doGetBean$0(AbstractBeanFactory.java:335)org.springframework.beans.factory.support.DefaultSingletonBeanRegistry.getSingleton(DefaultSingletonBeanRegistry.java:234)org.springframework.beans.factory.support.AbstractBeanFactory.doGetBean(AbstractBeanFactory.java:333)org.springframework.beans.factory.support.AbstractBeanFactory.getBean(AbstractBeanFactory.java:208)org.springframework.context.support.AbstractApplicationContext.getBean(AbstractApplicationContext.java:1154)org.springframework.context.support.AbstractApplicationContext.finishBeanFactoryInitialization(AbstractApplicationContext.java:908)org.springframework.context.support.AbstractApplicationContext.refresh(AbstractApplicationContext.java:583)org.springframework.boot.web.servlet.context.ServletWebServerApplicationContext.refresh(ServletWebServerApplicationContext.java:147)org.springframework.boot.SpringApplication.refresh(SpringApplication.java:734)org.springframework.boot.SpringApplication.refreshContext(SpringApplication.java:408)org.springframework.boot.SpringApplication.run(SpringApplication.java:308)org.springframework.boot.SpringApplication.run(SpringApplication.java:1306)org.springframework.boot.SpringApplication.run(SpringApplication.java:1295)za.co.woolworths.itemkafka_poc.KafkaItemProducerPocApplication.main(KafkaItemProducerPocApplication.java:10)java.base/jdk.internal.reflect.NativeMethodAccessorImpl.invoke0(Native Method)java.base/jdk.internal.reflect.NativeMethodAccessorImpl.invoke(NativeMethodAccessorImpl.java:77)java.base/jdk.internal.reflect.DelegatingMethodAccessorImpl.invoke(DelegatingMethodAccessorImpl.java:43)java.base/java.lang.reflect.Method.invoke(Method.java:568)org.springframework.boot.loader.MainMethodRunner.run(MainMethodRunner.java:49)org.springframework.boot.loader.Launcher.launch(Launcher.java:108)org.springframework.boot.loader.Launcher.launch(Launcher.java:58)org.springframework.boot.loader.JarLauncher.main(JarLauncher.java:65) 
2025-01-07 17:14:49.847 DEBUG [com.microsoft.sqlserver.jdbc.internals.SQLServerConnection:2944] ConnectionID:1 ClientConnectionId: 63bd6b53-290a-4be3-b060-17d253ca2106 sleeping milisec: 1000 
2025-01-07 17:14:50.862 DEBUG [com.microsoft.sqlserver.jdbc.internals.SQLServerConnection:2825] ConnectionID:1 This attempt server name: C21SQL04 port: 1433 InstanceName: amos.1 useParallel: false 
2025-01-07 17:14:50.864 DEBUG [com.microsoft.sqlserver.jdbc.internals.SQLServerConnection:2828] ConnectionID:1 This attempt endtime: 1736262891023 
2025-01-07 17:14:50.865 DEBUG [com.microsoft.sqlserver.jdbc.internals.SQLServerConnection:2829] ConnectionID:1 This attempt No: 23 
2025-01-07 17:14:50.866 DEBUG [com.microsoft.sqlserver.jdbc.internals.SQLServerConnection:3165] ConnectionID:1 Connecting with server: C21SQL04 port: 1433 Timeout slice: 157 Timeout Full: 30 
2025-01-07 17:14:51.028 DEBUG [com.microsoft.sqlserver.jdbc.internals.SQLServerConnection:3547] ConnectionID:1 ClientConnectionId: c5a122ad-23cb-49fc-866b-37799205c61f Server returned major version:13 
2025-01-07 17:14:51.215 DEBUG [jdk.event.security:274]  TLSHandshake: C21SQL04:1433, TLSv1.2, TLS_ECDHE_RSA_WITH_AES_256_CBC_SHA384, -1000310061 
2025-01-07 17:14:51.217 DEBUG [com.microsoft.sqlserver.jdbc.internals.SQLServerException:116] *** SQLException:ConnectionID:1 ClientConnectionId: c5a122ad-23cb-49fc-866b-37799205c61f com.microsoft.sqlserver.jdbc.SQLServerException: This driver is not configured for integrated authentication. ClientConnectionId:c5a122ad-23cb-49fc-866b-37799205c61f This driver is not configured for integrated authentication. ClientConnectionId:c5a122ad-23cb-49fc-866b-37799205c61f 
2025-01-07 17:14:51.220 DEBUG [com.microsoft.sqlserver.jdbc.internals.SQLServerException:130] com.microsoft.sqlserver.jdbc.SQLServerConnection.terminate(SQLServerConnection.java:3680)com.microsoft.sqlserver.jdbc.AuthenticationJNI.<init>(AuthenticationJNI.java:74)com.microsoft.sqlserver.jdbc.SQLServerConnection.logon(SQLServerConnection.java:4734)com.microsoft.sqlserver.jdbc.SQLServerConnection.access$100(SQLServerConnection.java:90)com.microsoft.sqlserver.jdbc.SQLServerConnection$LogonCommand.doExecute(SQLServerConnection.java:4723)com.microsoft.sqlserver.jdbc.TDSCommand.execute(IOBuffer.java:7785)com.microsoft.sqlserver.jdbc.SQLServerConnection.executeCommand(SQLServerConnection.java:3793)com.microsoft.sqlserver.jdbc.SQLServerConnection.connectHelper(SQLServerConnection.java:3233)com.microsoft.sqlserver.jdbc.SQLServerConnection.login(SQLServerConnection.java:2833)com.microsoft.sqlserver.jdbc.SQLServerConnection.connectInternal(SQLServerConnection.java:2671)com.microsoft.sqlserver.jdbc.SQLServerConnection.connect(SQLServerConnection.java:1640)com.microsoft.sqlserver.jdbc.SQLServerDriver.connect(SQLServerDriver.java:936)com.zaxxer.hikari.util.DriverDataSource.getConnection(DriverDataSource.java:121)com.zaxxer.hikari.pool.PoolBase.newConnection(PoolBase.java:364)com.zaxxer.hikari.pool.PoolBase.newPoolEntry(PoolBase.java:206)com.zaxxer.hikari.pool.HikariPool.createPoolEntry(HikariPool.java:476)com.zaxxer.hikari.pool.HikariPool.checkFailFast(HikariPool.java:561)com.zaxxer.hikari.pool.HikariPool.<init>(HikariPool.java:115)com.zaxxer.hikari.HikariDataSource.getConnection(HikariDataSource.java:112)org.springframework.jdbc.datasource.DataSourceUtils.fetchConnection(DataSourceUtils.java:159)org.springframework.jdbc.datasource.DataSourceUtils.doGetConnection(DataSourceUtils.java:117)org.springframework.jdbc.datasource.DataSourceUtils.getConnection(DataSourceUtils.java:80)org.springframework.jdbc.core.JdbcTemplate.execute(JdbcTemplate.java:330)org.springframework.boot.jdbc.EmbeddedDatabaseConnection.isEmbedded(EmbeddedDatabaseConnection.java:162)org.springframework.boot.autoconfigure.orm.jpa.HibernateDefaultDdlAutoProvider.getDefaultDdlAuto(HibernateDefaultDdlAutoProvider.java:42)org.springframework.boot.autoconfigure.orm.jpa.HibernateJpaConfiguration.lambda$getVendorProperties$1(HibernateJpaConfiguration.java:130)org.springframework.boot.autoconfigure.orm.jpa.HibernateSettings.getDdlAuto(HibernateSettings.java:41)org.springframework.boot.autoconfigure.orm.jpa.HibernateProperties.determineDdlAuto(HibernateProperties.java:143)org.springframework.boot.autoconfigure.orm.jpa.HibernateProperties.getAdditionalProperties(HibernateProperties.java:103)org.springframework.boot.autoconfigure.orm.jpa.HibernateProperties.determineHibernateProperties(HibernateProperties.java:95)org.springframework.boot.autoconfigure.orm.jpa.HibernateJpaConfiguration.getVendorProperties(HibernateJpaConfiguration.java:132)org.springframework.boot.autoconfigure.orm.jpa.JpaBaseConfiguration.entityManagerFactory(JpaBaseConfiguration.java:132)java.base/jdk.internal.reflect.NativeMethodAccessorImpl.invoke0(Native Method)java.base/jdk.internal.reflect.NativeMethodAccessorImpl.invoke(NativeMethodAccessorImpl.java:77)java.base/jdk.internal.reflect.DelegatingMethodAccessorImpl.invoke(DelegatingMethodAccessorImpl.java:43)java.base/java.lang.reflect.Method.invoke(Method.java:568)org.springframework.beans.factory.support.SimpleInstantiationStrategy.instantiate(SimpleInstantiationStrategy.java:154)org.springframework.beans.factory.support.ConstructorResolver.instantiate(ConstructorResolver.java:653)org.springframework.beans.factory.support.ConstructorResolver.instantiateUsingFactoryMethod(ConstructorResolver.java:638)org.springframework.beans.factory.support.AbstractAutowireCapableBeanFactory.instantiateUsingFactoryMethod(AbstractAutowireCapableBeanFactory.java:1352)org.springframework.beans.factory.support.AbstractAutowireCapableBeanFactory.createBeanInstance(AbstractAutowireCapableBeanFactory.java:1195)org.springframework.beans.factory.support.AbstractAutowireCapableBeanFactory.doCreateBean(AbstractAutowireCapableBeanFactory.java:582)org.springframework.beans.factory.support.AbstractAutowireCapableBeanFactory.createBean(AbstractAutowireCapableBeanFactory.java:542)org.springframework.beans.factory.support.AbstractBeanFactory.lambda$doGetBean$0(AbstractBeanFactory.java:335)org.springframework.beans.factory.support.DefaultSingletonBeanRegistry.getSingleton(DefaultSingletonBeanRegistry.java:234)org.springframework.beans.factory.support.AbstractBeanFactory.doGetBean(AbstractBeanFactory.java:333)org.springframework.beans.factory.support.AbstractBeanFactory.getBean(AbstractBeanFactory.java:208)org.springframework.context.support.AbstractApplicationContext.getBean(AbstractApplicationContext.java:1154)org.springframework.context.support.AbstractApplicationContext.finishBeanFactoryInitialization(AbstractApplicationContext.java:908)org.springframework.context.support.AbstractApplicationContext.refresh(AbstractApplicationContext.java:583)org.springframework.boot.web.servlet.context.ServletWebServerApplicationContext.refresh(ServletWebServerApplicationContext.java:147)org.springframework.boot.SpringApplication.refresh(SpringApplication.java:734)org.springframework.boot.SpringApplication.refreshContext(SpringApplication.java:408)org.springframework.boot.SpringApplication.run(SpringApplication.java:308)org.springframework.boot.SpringApplication.run(SpringApplication.java:1306)org.springframework.boot.SpringApplication.run(SpringApplication.java:1295)za.co.woolworths.itemkafka_poc.KafkaItemProducerPocApplication.main(KafkaItemProducerPocApplication.java:10)java.base/jdk.internal.reflect.NativeMethodAccessorImpl.invoke0(Native Method)java.base/jdk.internal.reflect.NativeMethodAccessorImpl.invoke(NativeMethodAccessorImpl.java:77)java.base/jdk.internal.reflect.DelegatingMethodAccessorImpl.invoke(DelegatingMethodAccessorImpl.java:43)java.base/java.lang.reflect.Method.invoke(Method.java:568)org.springframework.boot.loader.MainMethodRunner.run(MainMethodRunner.java:49)org.springframework.boot.loader.Launcher.launch(Launcher.java:108)org.springframework.boot.loader.Launcher.launch(Launcher.java:58)org.springframework.boot.loader.JarLauncher.main(JarLauncher.java:65) 
2025-01-07 17:14:51.240 DEBUG [com.zaxxer.hikari.pool.PoolBase:378] HikariPool-1 - Failed to create/setup connection: This driver is not configured for integrated authentication. ClientConnectionId:c5a122ad-23cb-49fc-866b-37799205c61f 
2025-01-07 17:14:51.241 DEBUG [com.zaxxer.hikari.pool.HikariPool:504] HikariPool-1 - Cannot acquire connection from data source com.microsoft.sqlserver.jdbc.SQLServerException: This driver is not configured for integrated authentication. ClientConnectionId:c5a122ad-23cb-49fc-866b-37799205c61f
	at com.microsoft.sqlserver.jdbc.SQLServerConnection.terminate(SQLServerConnection.java:3680)
	at com.microsoft.sqlserver.jdbc.AuthenticationJNI.<init>(AuthenticationJNI.java:74)
	at com.microsoft.sqlserver.jdbc.SQLServerConnection.logon(SQLServerConnection.java:4734)
	at com.microsoft.sqlserver.jdbc.SQLServerConnection.access$100(SQLServerConnection.java:90)
	at com.microsoft.sqlserver.jdbc.SQLServerConnection$LogonCommand.doExecute(SQLServerConnection.java:4723)
	at com.microsoft.sqlserver.jdbc.TDSCommand.execute(IOBuffer.java:7785)
	at com.microsoft.sqlserver.jdbc.SQLServerConnection.executeCommand(SQLServerConnection.java:3793)
	at com.microsoft.sqlserver.jdbc.SQLServerConnection.connectHelper(SQLServerConnection.java:3233)
	at com.microsoft.sqlserver.jdbc.SQLServerConnection.login(SQLServerConnection.java:2833)
	at com.microsoft.sqlserver.jdbc.SQLServerConnection.connectInternal(SQLServerConnection.java:2671)
	at com.microsoft.sqlserver.jdbc.SQLServerConnection.connect(SQLServerConnection.java:1640)
	at com.microsoft.sqlserver.jdbc.SQLServerDriver.connect(SQLServerDriver.java:936)
	at com.zaxxer.hikari.util.DriverDataSource.getConnection(DriverDataSource.java:121)
	at com.zaxxer.hikari.pool.PoolBase.newConnection(PoolBase.java:364)
	at com.zaxxer.hikari.pool.PoolBase.newPoolEntry(PoolBase.java:206)
	at com.zaxxer.hikari.pool.HikariPool.createPoolEntry(HikariPool.java:476)
	at com.zaxxer.hikari.pool.HikariPool.checkFailFast(HikariPool.java:561)
	at com.zaxxer.hikari.pool.HikariPool.<init>(HikariPool.java:115)
	at com.zaxxer.hikari.HikariDataSource.getConnection(HikariDataSource.java:112)
	at org.springframework.jdbc.datasource.DataSourceUtils.fetchConnection(DataSourceUtils.java:159)
	at org.springframework.jdbc.datasource.DataSourceUtils.doGetConnection(DataSourceUtils.java:117)
	at org.springframework.jdbc.datasource.DataSourceUtils.getConnection(DataSourceUtils.java:80)
	at org.springframework.jdbc.core.JdbcTemplate.execute(JdbcTemplate.java:330)
	at org.springframework.boot.jdbc.EmbeddedDatabaseConnection.isEmbedded(EmbeddedDatabaseConnection.java:162)
	at org.springframework.boot.autoconfigure.orm.jpa.HibernateDefaultDdlAutoProvider.getDefaultDdlAuto(HibernateDefaultDdlAutoProvider.java:42)
	at org.springframework.boot.autoconfigure.orm.jpa.HibernateJpaConfiguration.lambda$getVendorProperties$1(HibernateJpaConfiguration.java:130)
	at org.springframework.boot.autoconfigure.orm.jpa.HibernateSettings.getDdlAuto(HibernateSettings.java:41)
	at org.springframework.boot.autoconfigure.orm.jpa.HibernateProperties.determineDdlAuto(HibernateProperties.java:143)
	at org.springframework.boot.autoconfigure.orm.jpa.HibernateProperties.getAdditionalProperties(HibernateProperties.java:103)
	at org.springframework.boot.autoconfigure.orm.jpa.HibernateProperties.determineHibernateProperties(HibernateProperties.java:95)
	at org.springframework.boot.autoconfigure.orm.jpa.HibernateJpaConfiguration.getVendorProperties(HibernateJpaConfiguration.java:132)
	at org.springframework.boot.autoconfigure.orm.jpa.JpaBaseConfiguration.entityManagerFactory(JpaBaseConfiguration.java:132)
	at java.base/jdk.internal.reflect.NativeMethodAccessorImpl.invoke0(Native Method)
	at java.base/jdk.internal.reflect.NativeMethodAccessorImpl.invoke(NativeMethodAccessorImpl.java:77)
	at java.base/jdk.internal.reflect.DelegatingMethodAccessorImpl.invoke(DelegatingMethodAccessorImpl.java:43)
	at java.base/java.lang.reflect.Method.invoke(Method.java:568)
	at org.springframework.beans.factory.support.SimpleInstantiationStrategy.instantiate(SimpleInstantiationStrategy.java:154)
	at org.springframework.beans.factory.support.ConstructorResolver.instantiate(ConstructorResolver.java:653)
	at org.springframework.beans.factory.support.ConstructorResolver.instantiateUsingFactoryMethod(ConstructorResolver.java:638)
	at org.springframework.beans.factory.support.AbstractAutowireCapableBeanFactory.instantiateUsingFactoryMethod(AbstractAutowireCapableBeanFactory.java:1352)
	at org.springframework.beans.factory.support.AbstractAutowireCapableBeanFactory.createBeanInstance(AbstractAutowireCapableBeanFactory.java:1195)
	at org.springframework.beans.factory.support.AbstractAutowireCapableBeanFactory.doCreateBean(AbstractAutowireCapableBeanFactory.java:582)
	at org.springframework.beans.factory.support.AbstractAutowireCapableBeanFactory.createBean(AbstractAutowireCapableBeanFactory.java:542)
	at org.springframework.beans.factory.support.AbstractBeanFactory.lambda$doGetBean$0(AbstractBeanFactory.java:335)
	at org.springframework.beans.factory.support.DefaultSingletonBeanRegistry.getSingleton(DefaultSingletonBeanRegistry.java:234)
	at org.springframework.beans.factory.support.AbstractBeanFactory.doGetBean(AbstractBeanFactory.java:333)
	at org.springframework.beans.factory.support.AbstractBeanFactory.getBean(AbstractBeanFactory.java:208)
	at org.springframework.context.support.AbstractApplicationContext.getBean(AbstractApplicationContext.java:1154)
	at org.springframework.context.support.AbstractApplicationContext.finishBeanFactoryInitialization(AbstractApplicationContext.java:908)
	at org.springframework.context.support.AbstractApplicationContext.refresh(AbstractApplicationContext.java:583)
	at org.springframework.boot.web.servlet.context.ServletWebServerApplicationContext.refresh(ServletWebServerApplicationContext.java:147)
	at org.springframework.boot.SpringApplication.refresh(SpringApplication.java:734)
	at org.springframework.boot.SpringApplication.refreshContext(SpringApplication.java:408)
	at org.springframework.boot.SpringApplication.run(SpringApplication.java:308)
	at org.springframework.boot.SpringApplication.run(SpringApplication.java:1306)
	at org.springframework.boot.SpringApplication.run(SpringApplication.java:1295)
	at za.co.woolworths.itemkafka_poc.KafkaItemProducerPocApplication.main(KafkaItemProducerPocApplication.java:10)
	at java.base/jdk.internal.reflect.NativeMethodAccessorImpl.invoke0(Native Method)
	at java.base/jdk.internal.reflect.NativeMethodAccessorImpl.invoke(NativeMethodAccessorImpl.java:77)
	at java.base/jdk.internal.reflect.DelegatingMethodAccessorImpl.invoke(DelegatingMethodAccessorImpl.java:43)
	at java.base/java.lang.reflect.Method.invoke(Method.java:568)
	at org.springframework.boot.loader.MainMethodRunner.run(MainMethodRunner.java:49)
	at org.springframework.boot.loader.Launcher.launch(Launcher.java:108)
	at org.springframework.boot.loader.Launcher.launch(Launcher.java:58)
	at org.springframework.boot.loader.JarLauncher.main(JarLauncher.java:65)
Caused by: java.lang.UnsatisfiedLinkError: Unable to load authentication DLL mssql-jdbc_auth-10.2.0.x64
	at com.microsoft.sqlserver.jdbc.AuthenticationJNI.<clinit>(AuthenticationJNI.java:63)
	at com.microsoft.sqlserver.jdbc.SQLServerConnection.logon(SQLServerConnection.java:4733)
	... 62 common frames omitted

2025-01-07 17:14:52.265 ERROR [com.zaxxer.hikari.pool.HikariPool:594] HikariPool-1 - Exception during pool initialization. com.microsoft.sqlserver.jdbc.SQLServerException: This driver is not configured for integrated authentication. ClientConnectionId:c5a122ad-23cb-49fc-866b-37799205c61f
	at com.microsoft.sqlserver.jdbc.SQLServerConnection.terminate(SQLServerConnection.java:3680)
	at com.microsoft.sqlserver.jdbc.AuthenticationJNI.<init>(AuthenticationJNI.java:74)
	at com.microsoft.sqlserver.jdbc.SQLServerConnection.logon(SQLServerConnection.java:4734)
	at com.microsoft.sqlserver.jdbc.SQLServerConnection.access$100(SQLServerConnection.java:90)
	at com.microsoft.sqlserver.jdbc.SQLServerConnection$LogonCommand.doExecute(SQLServerConnection.java:4723)
	at com.microsoft.sqlserver.jdbc.TDSCommand.execute(IOBuffer.java:7785)
	at com.microsoft.sqlserver.jdbc.SQLServerConnection.executeCommand(SQLServerConnection.java:3793)
	at com.microsoft.sqlserver.jdbc.SQLServerConnection.connectHelper(SQLServerConnection.java:3233)
	at com.microsoft.sqlserver.jdbc.SQLServerConnection.login(SQLServerConnection.java:2833)
	at com.microsoft.sqlserver.jdbc.SQLServerConnection.connectInternal(SQLServerConnection.java:2671)
	at com.microsoft.sqlserver.jdbc.SQLServerConnection.connect(SQLServerConnection.java:1640)
	at com.microsoft.sqlserver.jdbc.SQLServerDriver.connect(SQLServerDriver.java:936)
	at com.zaxxer.hikari.util.DriverDataSource.getConnection(DriverDataSource.java:121)
	at com.zaxxer.hikari.pool.PoolBase.newConnection(PoolBase.java:364)
	at com.zaxxer.hikari.pool.PoolBase.newPoolEntry(PoolBase.java:206)
	at com.zaxxer.hikari.pool.HikariPool.createPoolEntry(HikariPool.java:476)
	at com.zaxxer.hikari.pool.HikariPool.checkFailFast(HikariPool.java:561)
	at com.zaxxer.hikari.pool.HikariPool.<init>(HikariPool.java:115)
	at com.zaxxer.hikari.HikariDataSource.getConnection(HikariDataSource.java:112)
	at org.springframework.jdbc.datasource.DataSourceUtils.fetchConnection(DataSourceUtils.java:159)
	at org.springframework.jdbc.datasource.DataSourceUtils.doGetConnection(DataSourceUtils.java:117)
	at org.springframework.jdbc.datasource.DataSourceUtils.getConnection(DataSourceUtils.java:80)
	at org.springframework.jdbc.core.JdbcTemplate.execute(JdbcTemplate.java:330)
	at org.springframework.boot.jdbc.EmbeddedDatabaseConnection.isEmbedded(EmbeddedDatabaseConnection.java:162)
	at org.springframework.boot.autoconfigure.orm.jpa.HibernateDefaultDdlAutoProvider.getDefaultDdlAuto(HibernateDefaultDdlAutoProvider.java:42)
	at org.springframework.boot.autoconfigure.orm.jpa.HibernateJpaConfiguration.lambda$getVendorProperties$1(HibernateJpaConfiguration.java:130)
	at org.springframework.boot.autoconfigure.orm.jpa.HibernateSettings.getDdlAuto(HibernateSettings.java:41)
	at org.springframework.boot.autoconfigure.orm.jpa.HibernateProperties.determineDdlAuto(HibernateProperties.java:143)
	at org.springframework.boot.autoconfigure.orm.jpa.HibernateProperties.getAdditionalProperties(HibernateProperties.java:103)
	at org.springframework.boot.autoconfigure.orm.jpa.HibernateProperties.determineHibernateProperties(HibernateProperties.java:95)
	at org.springframework.boot.autoconfigure.orm.jpa.HibernateJpaConfiguration.getVendorProperties(HibernateJpaConfiguration.java:132)
	at org.springframework.boot.autoconfigure.orm.jpa.JpaBaseConfiguration.entityManagerFactory(JpaBaseConfiguration.java:132)
	at java.base/jdk.internal.reflect.NativeMethodAccessorImpl.invoke0(Native Method)
	at java.base/jdk.internal.reflect.NativeMethodAccessorImpl.invoke(NativeMethodAccessorImpl.java:77)
	at java.base/jdk.internal.reflect.DelegatingMethodAccessorImpl.invoke(DelegatingMethodAccessorImpl.java:43)
	at java.base/java.lang.reflect.Method.invoke(Method.java:568)
	at org.springframework.beans.factory.support.SimpleInstantiationStrategy.instantiate(SimpleInstantiationStrategy.java:154)
	at org.springframework.beans.factory.support.ConstructorResolver.instantiate(ConstructorResolver.java:653)
	at org.springframework.beans.factory.support.ConstructorResolver.instantiateUsingFactoryMethod(ConstructorResolver.java:638)
	at org.springframework.beans.factory.support.AbstractAutowireCapableBeanFactory.instantiateUsingFactoryMethod(AbstractAutowireCapableBeanFactory.java:1352)
	at org.springframework.beans.factory.support.AbstractAutowireCapableBeanFactory.createBeanInstance(AbstractAutowireCapableBeanFactory.java:1195)
	at org.springframework.beans.factory.support.AbstractAutowireCapableBeanFactory.doCreateBean(AbstractAutowireCapableBeanFactory.java:582)
	at org.springframework.beans.factory.support.AbstractAutowireCapableBeanFactory.createBean(AbstractAutowireCapableBeanFactory.java:542)
	at org.springframework.beans.factory.support.AbstractBeanFactory.lambda$doGetBean$0(AbstractBeanFactory.java:335)
	at org.springframework.beans.factory.support.DefaultSingletonBeanRegistry.getSingleton(DefaultSingletonBeanRegistry.java:234)
	at org.springframework.beans.factory.support.AbstractBeanFactory.doGetBean(AbstractBeanFactory.java:333)
	at org.springframework.beans.factory.support.AbstractBeanFactory.getBean(AbstractBeanFactory.java:208)
	at org.springframework.context.support.AbstractApplicationContext.getBean(AbstractApplicationContext.java:1154)
	at org.springframework.context.support.AbstractApplicationContext.finishBeanFactoryInitialization(AbstractApplicationContext.java:908)
	at org.springframework.context.support.AbstractApplicationContext.refresh(AbstractApplicationContext.java:583)
	at org.springframework.boot.web.servlet.context.ServletWebServerApplicationContext.refresh(ServletWebServerApplicationContext.java:147)
	at org.springframework.boot.SpringApplication.refresh(SpringApplication.java:734)
	at org.springframework.boot.SpringApplication.refreshContext(SpringApplication.java:408)
	at org.springframework.boot.SpringApplication.run(SpringApplication.java:308)
	at org.springframework.boot.SpringApplication.run(SpringApplication.java:1306)
	at org.springframework.boot.SpringApplication.run(SpringApplication.java:1295)
	at za.co.woolworths.itemkafka_poc.KafkaItemProducerPocApplication.main(KafkaItemProducerPocApplication.java:10)
	at java.base/jdk.internal.reflect.NativeMethodAccessorImpl.invoke0(Native Method)
	at java.base/jdk.internal.reflect.NativeMethodAccessorImpl.invoke(NativeMethodAccessorImpl.java:77)
	at java.base/jdk.internal.reflect.DelegatingMethodAccessorImpl.invoke(DelegatingMethodAccessorImpl.java:43)
	at java.base/java.lang.reflect.Method.invoke(Method.java:568)
	at org.springframework.boot.loader.MainMethodRunner.run(MainMethodRunner.java:49)
	at org.springframework.boot.loader.Launcher.launch(Launcher.java:108)
	at org.springframework.boot.loader.Launcher.launch(Launcher.java:58)
	at org.springframework.boot.loader.JarLauncher.main(JarLauncher.java:65)
Caused by: java.lang.UnsatisfiedLinkError: Unable to load authentication DLL mssql-jdbc_auth-10.2.0.x64
	at com.microsoft.sqlserver.jdbc.AuthenticationJNI.<clinit>(AuthenticationJNI.java:63)
	at com.microsoft.sqlserver.jdbc.SQLServerConnection.logon(SQLServerConnection.java:4733)
	... 62 common frames omitted

2025-01-07 17:14:52.297 DEBUG [org.springframework.orm.jpa.LocalContainerEntityManagerFactoryBean:361] Building JPA container EntityManagerFactory for persistence unit 'default' 
2025-01-07 17:14:52.322 DEBUG [org.hibernate.jpa.internal.util.LogHelper:102] PersistenceUnitInfo [
	name: default
	persistence provider classname: null
	classloader: org.springframework.boot.loader.LaunchedURLClassLoader@3d71d552
	excludeUnlistedClasses: true
	JTA datasource: null
	Non JTA datasource: HikariDataSource (null)
	Transaction type: RESOURCE_LOCAL
	PU root URL: file:/C:/Workspaces/Item-Kafka-Producer-POC/Item-Kafka-Producer-POC/target/Item-Kafka-Producer-POC-0.0.1-SNAPSHOT.jar
	Shared Cache Mode: UNSPECIFIED
	Validation Mode: AUTO
	Jar files URLs []
	Managed classes names [
		za.co.woolworths.itemkafka_poc.model.Item]
	Mapping files names []
	Properties [] 
2025-01-07 17:14:52.338 DEBUG [org.hibernate.integrator.internal.IntegratorServiceImpl:46] Adding Integrator [org.hibernate.cfg.beanvalidation.BeanValidationIntegrator]. 
2025-01-07 17:14:52.341 DEBUG [org.hibernate.integrator.internal.IntegratorServiceImpl:46] Adding Integrator [org.hibernate.secure.spi.JaccIntegrator]. 
2025-01-07 17:14:52.343 DEBUG [org.hibernate.integrator.internal.IntegratorServiceImpl:46] Adding Integrator [org.hibernate.cache.internal.CollectionCacheInvalidator]. 
2025-01-07 17:14:52.394  INFO [org.hibernate.Version:44] HHH000412: Hibernate ORM core version 5.6.9.Final 
2025-01-07 17:14:52.395 DEBUG [org.hibernate.cfg.Environment:199] HHH000206: hibernate.properties not found 
2025-01-07 17:14:52.491 DEBUG [org.hibernate.service.spi.ServiceBinding:68] Overriding existing service binding [org.hibernate.secure.spi.JaccService] 
2025-01-07 17:14:52.504 DEBUG [org.hibernate.cache.internal.RegionFactoryInitiator:118] Cannot default RegionFactory based on registered strategies as `[]` RegionFactory strategies were registered 
2025-01-07 17:14:52.505 DEBUG [org.hibernate.cache.internal.RegionFactoryInitiator:49] Cache region factory : org.hibernate.cache.internal.NoCachingRegionFactory 
2025-01-07 17:14:52.523  INFO [org.hibernate.annotations.common.Version:56] HCANN000001: Hibernate Commons Annotations {5.1.2.Final} 
2025-01-07 17:14:52.558 DEBUG [org.hibernate.type.BasicTypeRegistry:157] Adding type registration boolean -> org.hibernate.type.BooleanType@719843e5 
2025-01-07 17:14:52.559 DEBUG [org.hibernate.type.BasicTypeRegistry:157] Adding type registration boolean -> org.hibernate.type.BooleanType@719843e5 
2025-01-07 17:14:52.559 DEBUG [org.hibernate.type.BasicTypeRegistry:157] Adding type registration java.lang.Boolean -> org.hibernate.type.BooleanType@719843e5 
2025-01-07 17:14:52.560 DEBUG [org.hibernate.type.BasicTypeRegistry:157] Adding type registration numeric_boolean -> org.hibernate.type.NumericBooleanType@58112bc4 
2025-01-07 17:14:52.561 DEBUG [org.hibernate.type.BasicTypeRegistry:157] Adding type registration true_false -> org.hibernate.type.TrueFalseType@3104f7bd 
2025-01-07 17:14:52.562 DEBUG [org.hibernate.type.BasicTypeRegistry:157] Adding type registration yes_no -> org.hibernate.type.YesNoType@7ec25216 
2025-01-07 17:14:52.563 DEBUG [org.hibernate.type.BasicTypeRegistry:157] Adding type registration byte -> org.hibernate.type.ByteType@4930539b 
2025-01-07 17:14:52.563 DEBUG [org.hibernate.type.BasicTypeRegistry:157] Adding type registration byte -> org.hibernate.type.ByteType@4930539b 
2025-01-07 17:14:52.563 DEBUG [org.hibernate.type.BasicTypeRegistry:157] Adding type registration java.lang.Byte -> org.hibernate.type.ByteType@4930539b 
2025-01-07 17:14:52.565 DEBUG [org.hibernate.type.BasicTypeRegistry:157] Adding type registration character -> org.hibernate.type.CharacterType@705f83a7 
2025-01-07 17:14:52.565 DEBUG [org.hibernate.type.BasicTypeRegistry:157] Adding type registration char -> org.hibernate.type.CharacterType@705f83a7 
2025-01-07 17:14:52.566 DEBUG [org.hibernate.type.BasicTypeRegistry:157] Adding type registration java.lang.Character -> org.hibernate.type.CharacterType@705f83a7 
2025-01-07 17:14:52.567 DEBUG [org.hibernate.type.BasicTypeRegistry:157] Adding type registration short -> org.hibernate.type.ShortType@256a1825 
2025-01-07 17:14:52.568 DEBUG [org.hibernate.type.BasicTypeRegistry:157] Adding type registration short -> org.hibernate.type.ShortType@256a1825 
2025-01-07 17:14:52.568 DEBUG [org.hibernate.type.BasicTypeRegistry:157] Adding type registration java.lang.Short -> org.hibernate.type.ShortType@256a1825 
2025-01-07 17:14:52.569 DEBUG [org.hibernate.type.BasicTypeRegistry:157] Adding type registration integer -> org.hibernate.type.IntegerType@5327a06e 
2025-01-07 17:14:52.570 DEBUG [org.hibernate.type.BasicTypeRegistry:157] Adding type registration int -> org.hibernate.type.IntegerType@5327a06e 
2025-01-07 17:14:52.570 DEBUG [org.hibernate.type.BasicTypeRegistry:157] Adding type registration java.lang.Integer -> org.hibernate.type.IntegerType@5327a06e 
2025-01-07 17:14:52.571 DEBUG [org.hibernate.type.BasicTypeRegistry:157] Adding type registration long -> org.hibernate.type.LongType@451f87af 
2025-01-07 17:14:52.571 DEBUG [org.hibernate.type.BasicTypeRegistry:157] Adding type registration long -> org.hibernate.type.LongType@451f87af 
2025-01-07 17:14:52.572 DEBUG [org.hibernate.type.BasicTypeRegistry:157] Adding type registration java.lang.Long -> org.hibernate.type.LongType@451f87af 
2025-01-07 17:14:52.573 DEBUG [org.hibernate.type.BasicTypeRegistry:157] Adding type registration float -> org.hibernate.type.FloatType@17271176 
2025-01-07 17:14:52.573 DEBUG [org.hibernate.type.BasicTypeRegistry:157] Adding type registration float -> org.hibernate.type.FloatType@17271176 
2025-01-07 17:14:52.574 DEBUG [org.hibernate.type.BasicTypeRegistry:157] Adding type registration java.lang.Float -> org.hibernate.type.FloatType@17271176 
2025-01-07 17:14:52.575 DEBUG [org.hibernate.type.BasicTypeRegistry:157] Adding type registration double -> org.hibernate.type.DoubleType@3051e0b2 
2025-01-07 17:14:52.576 DEBUG [org.hibernate.type.BasicTypeRegistry:157] Adding type registration double -> org.hibernate.type.DoubleType@3051e0b2 
2025-01-07 17:14:52.576 DEBUG [org.hibernate.type.BasicTypeRegistry:157] Adding type registration java.lang.Double -> org.hibernate.type.DoubleType@3051e0b2 
2025-01-07 17:14:52.577 DEBUG [org.hibernate.type.BasicTypeRegistry:157] Adding type registration big_decimal -> org.hibernate.type.BigDecimalType@58294867 
2025-01-07 17:14:52.578 DEBUG [org.hibernate.type.BasicTypeRegistry:157] Adding type registration java.math.BigDecimal -> org.hibernate.type.BigDecimalType@58294867 
2025-01-07 17:14:52.579 DEBUG [org.hibernate.type.BasicTypeRegistry:157] Adding type registration big_integer -> org.hibernate.type.BigIntegerType@3fa76c61 
2025-01-07 17:14:52.579 DEBUG [org.hibernate.type.BasicTypeRegistry:157] Adding type registration java.math.BigInteger -> org.hibernate.type.BigIntegerType@3fa76c61 
2025-01-07 17:14:52.580 DEBUG [org.hibernate.type.BasicTypeRegistry:157] Adding type registration string -> org.hibernate.type.StringType@29ea78b1 
2025-01-07 17:14:52.580 DEBUG [org.hibernate.type.BasicTypeRegistry:157] Adding type registration java.lang.String -> org.hibernate.type.StringType@29ea78b1 
2025-01-07 17:14:52.581 DEBUG [org.hibernate.type.BasicTypeRegistry:157] Adding type registration nstring -> org.hibernate.type.StringNVarcharType@7baf6acf 
2025-01-07 17:14:52.582 DEBUG [org.hibernate.type.BasicTypeRegistry:157] Adding type registration ncharacter -> org.hibernate.type.CharacterNCharType@7b3315a5 
2025-01-07 17:14:52.583 DEBUG [org.hibernate.type.BasicTypeRegistry:157] Adding type registration url -> org.hibernate.type.UrlType@377008df 
2025-01-07 17:14:52.584 DEBUG [org.hibernate.type.BasicTypeRegistry:157] Adding type registration java.net.URL -> org.hibernate.type.UrlType@377008df 
2025-01-07 17:14:52.585 DEBUG [org.hibernate.type.BasicTypeRegistry:157] Adding type registration Duration -> org.hibernate.type.DurationType@1be59f28 
2025-01-07 17:14:52.585 DEBUG [org.hibernate.type.BasicTypeRegistry:157] Adding type registration java.time.Duration -> org.hibernate.type.DurationType@1be59f28 
2025-01-07 17:14:52.586 DEBUG [org.hibernate.type.BasicTypeRegistry:157] Adding type registration Instant -> org.hibernate.type.InstantType@6d4c273c 
2025-01-07 17:14:52.587 DEBUG [org.hibernate.type.BasicTypeRegistry:157] Adding type registration java.time.Instant -> org.hibernate.type.InstantType@6d4c273c 
2025-01-07 17:14:52.588 DEBUG [org.hibernate.type.BasicTypeRegistry:157] Adding type registration LocalDateTime -> org.hibernate.type.LocalDateTimeType@2bc9a775 
2025-01-07 17:14:52.589 DEBUG [org.hibernate.type.BasicTypeRegistry:157] Adding type registration java.time.LocalDateTime -> org.hibernate.type.LocalDateTimeType@2bc9a775 
2025-01-07 17:14:52.590 DEBUG [org.hibernate.type.BasicTypeRegistry:157] Adding type registration LocalDate -> org.hibernate.type.LocalDateType@64bfd6fd 
2025-01-07 17:14:52.590 DEBUG [org.hibernate.type.BasicTypeRegistry:157] Adding type registration java.time.LocalDate -> org.hibernate.type.LocalDateType@64bfd6fd 
2025-01-07 17:14:52.591 DEBUG [org.hibernate.type.BasicTypeRegistry:157] Adding type registration LocalTime -> org.hibernate.type.LocalTimeType@29c2c826 
2025-01-07 17:14:52.592 DEBUG [org.hibernate.type.BasicTypeRegistry:157] Adding type registration java.time.LocalTime -> org.hibernate.type.LocalTimeType@29c2c826 
2025-01-07 17:14:52.593 DEBUG [org.hibernate.type.BasicTypeRegistry:157] Adding type registration OffsetDateTime -> org.hibernate.type.OffsetDateTimeType@149f5761 
2025-01-07 17:14:52.594 DEBUG [org.hibernate.type.BasicTypeRegistry:157] Adding type registration java.time.OffsetDateTime -> org.hibernate.type.OffsetDateTimeType@149f5761 
2025-01-07 17:14:52.595 DEBUG [org.hibernate.type.BasicTypeRegistry:157] Adding type registration OffsetTime -> org.hibernate.type.OffsetTimeType@31e72cbc 
2025-01-07 17:14:52.596 DEBUG [org.hibernate.type.BasicTypeRegistry:157] Adding type registration java.time.OffsetTime -> org.hibernate.type.OffsetTimeType@31e72cbc 
2025-01-07 17:14:52.598 DEBUG [org.hibernate.type.BasicTypeRegistry:157] Adding type registration ZonedDateTime -> org.hibernate.type.ZonedDateTimeType@3b36e000 
2025-01-07 17:14:52.598 DEBUG [org.hibernate.type.BasicTypeRegistry:157] Adding type registration java.time.ZonedDateTime -> org.hibernate.type.ZonedDateTimeType@3b36e000 
2025-01-07 17:14:52.600 DEBUG [org.hibernate.type.BasicTypeRegistry:157] Adding type registration date -> org.hibernate.type.DateType@5bca7664 
2025-01-07 17:14:52.600 DEBUG [org.hibernate.type.BasicTypeRegistry:157] Adding type registration java.sql.Date -> org.hibernate.type.DateType@5bca7664 
2025-01-07 17:14:52.602 DEBUG [org.hibernate.type.BasicTypeRegistry:157] Adding type registration time -> org.hibernate.type.TimeType@42fcc7e6 
2025-01-07 17:14:52.602 DEBUG [org.hibernate.type.BasicTypeRegistry:157] Adding type registration java.sql.Time -> org.hibernate.type.TimeType@42fcc7e6 
2025-01-07 17:14:52.604 DEBUG [org.hibernate.type.BasicTypeRegistry:157] Adding type registration timestamp -> org.hibernate.type.TimestampType@5ce4369b 
2025-01-07 17:14:52.604 DEBUG [org.hibernate.type.BasicTypeRegistry:157] Adding type registration java.sql.Timestamp -> org.hibernate.type.TimestampType@5ce4369b 
2025-01-07 17:14:52.604 DEBUG [org.hibernate.type.BasicTypeRegistry:157] Adding type registration java.util.Date -> org.hibernate.type.TimestampType@5ce4369b 
2025-01-07 17:14:52.605 DEBUG [org.hibernate.type.BasicTypeRegistry:157] Adding type registration dbtimestamp -> org.hibernate.type.DbTimestampType@1cb19dba 
2025-01-07 17:14:52.607 DEBUG [org.hibernate.type.BasicTypeRegistry:157] Adding type registration calendar -> org.hibernate.type.CalendarType@7ad54c55 
2025-01-07 17:14:52.607 DEBUG [org.hibernate.type.BasicTypeRegistry:157] Adding type registration java.util.Calendar -> org.hibernate.type.CalendarType@7ad54c55 
2025-01-07 17:14:52.607 DEBUG [org.hibernate.type.BasicTypeRegistry:157] Adding type registration java.util.GregorianCalendar -> org.hibernate.type.CalendarType@7ad54c55 
2025-01-07 17:14:52.608 DEBUG [org.hibernate.type.BasicTypeRegistry:157] Adding type registration calendar_date -> org.hibernate.type.CalendarDateType@4a5905d9 
2025-01-07 17:14:52.610 DEBUG [org.hibernate.type.BasicTypeRegistry:157] Adding type registration calendar_time -> org.hibernate.type.CalendarTimeType@365553de 
2025-01-07 17:14:52.612 DEBUG [org.hibernate.type.BasicTypeRegistry:157] Adding type registration locale -> org.hibernate.type.LocaleType@21fdfefc 
2025-01-07 17:14:52.612 DEBUG [org.hibernate.type.BasicTypeRegistry:157] Adding type registration java.util.Locale -> org.hibernate.type.LocaleType@21fdfefc 
2025-01-07 17:14:52.614 DEBUG [org.hibernate.type.BasicTypeRegistry:157] Adding type registration currency -> org.hibernate.type.CurrencyType@29a69a35 
2025-01-07 17:14:52.614 DEBUG [org.hibernate.type.BasicTypeRegistry:157] Adding type registration java.util.Currency -> org.hibernate.type.CurrencyType@29a69a35 
2025-01-07 17:14:52.616 DEBUG [org.hibernate.type.BasicTypeRegistry:157] Adding type registration timezone -> org.hibernate.type.TimeZoneType@de18f63 
2025-01-07 17:14:52.616 DEBUG [org.hibernate.type.BasicTypeRegistry:157] Adding type registration java.util.TimeZone -> org.hibernate.type.TimeZoneType@de18f63 
2025-01-07 17:14:52.617 DEBUG [org.hibernate.type.BasicTypeRegistry:157] Adding type registration class -> org.hibernate.type.ClassType@4f8b4bd0 
2025-01-07 17:14:52.618 DEBUG [org.hibernate.type.BasicTypeRegistry:157] Adding type registration java.lang.Class -> org.hibernate.type.ClassType@4f8b4bd0 
2025-01-07 17:14:52.619 DEBUG [org.hibernate.type.BasicTypeRegistry:157] Adding type registration uuid-binary -> org.hibernate.type.UUIDBinaryType@4cbf4f53 
2025-01-07 17:14:52.619 DEBUG [org.hibernate.type.BasicTypeRegistry:157] Adding type registration java.util.UUID -> org.hibernate.type.UUIDBinaryType@4cbf4f53 
2025-01-07 17:14:52.621 DEBUG [org.hibernate.type.BasicTypeRegistry:157] Adding type registration uuid-char -> org.hibernate.type.UUIDCharType@15dd5ac2 
2025-01-07 17:14:52.622 DEBUG [org.hibernate.type.BasicTypeRegistry:157] Adding type registration binary -> org.hibernate.type.BinaryType@27d57a2c 
2025-01-07 17:14:52.622 DEBUG [org.hibernate.type.BasicTypeRegistry:157] Adding type registration byte[] -> org.hibernate.type.BinaryType@27d57a2c 
2025-01-07 17:14:52.623 DEBUG [org.hibernate.type.BasicTypeRegistry:157] Adding type registration [B -> org.hibernate.type.BinaryType@27d57a2c 
2025-01-07 17:14:52.624 DEBUG [org.hibernate.type.BasicTypeRegistry:157] Adding type registration wrapper-binary -> org.hibernate.type.WrapperBinaryType@58a4a74d 
2025-01-07 17:14:52.624 DEBUG [org.hibernate.type.BasicTypeRegistry:157] Adding type registration Byte[] -> org.hibernate.type.WrapperBinaryType@58a4a74d 
2025-01-07 17:14:52.624 DEBUG [org.hibernate.type.BasicTypeRegistry:157] Adding type registration [Ljava.lang.Byte; -> org.hibernate.type.WrapperBinaryType@58a4a74d 
2025-01-07 17:14:52.626 DEBUG [org.hibernate.type.BasicTypeRegistry:157] Adding type registration row_version -> org.hibernate.type.RowVersionType@35088e87 
2025-01-07 17:14:52.626 DEBUG [org.hibernate.type.BasicTypeRegistry:157] Adding type registration image -> org.hibernate.type.ImageType@7965a51c 
2025-01-07 17:14:52.627 DEBUG [org.hibernate.type.BasicTypeRegistry:157] Adding type registration characters -> org.hibernate.type.CharArrayType@59532566 
2025-01-07 17:14:52.628 DEBUG [org.hibernate.type.BasicTypeRegistry:157] Adding type registration char[] -> org.hibernate.type.CharArrayType@59532566 
2025-01-07 17:14:52.628 DEBUG [org.hibernate.type.BasicTypeRegistry:157] Adding type registration [C -> org.hibernate.type.CharArrayType@59532566 
2025-01-07 17:14:52.629 DEBUG [org.hibernate.type.BasicTypeRegistry:157] Adding type registration wrapper-characters -> org.hibernate.type.CharacterArrayType@1237e0be 
2025-01-07 17:14:52.630 DEBUG [org.hibernate.type.BasicTypeRegistry:157] Adding type registration [Ljava.lang.Character; -> org.hibernate.type.CharacterArrayType@1237e0be 
2025-01-07 17:14:52.630 DEBUG [org.hibernate.type.BasicTypeRegistry:157] Adding type registration Character[] -> org.hibernate.type.CharacterArrayType@1237e0be 
2025-01-07 17:14:52.631 DEBUG [org.hibernate.type.BasicTypeRegistry:157] Adding type registration text -> org.hibernate.type.TextType@ea9e141 
2025-01-07 17:14:52.632 DEBUG [org.hibernate.type.BasicTypeRegistry:157] Adding type registration ntext -> org.hibernate.type.NTextType@33cbfa57 
2025-01-07 17:14:52.634 DEBUG [org.hibernate.type.BasicTypeRegistry:157] Adding type registration blob -> org.hibernate.type.BlobType@834831b 
2025-01-07 17:14:52.635 DEBUG [org.hibernate.type.BasicTypeRegistry:157] Adding type registration java.sql.Blob -> org.hibernate.type.BlobType@834831b 
2025-01-07 17:14:52.636 DEBUG [org.hibernate.type.BasicTypeRegistry:157] Adding type registration materialized_blob -> org.hibernate.type.MaterializedBlobType@5b4d25e7 
2025-01-07 17:14:52.640 DEBUG [org.hibernate.type.BasicTypeRegistry:157] Adding type registration clob -> org.hibernate.type.ClobType@58d63b16 
2025-01-07 17:14:52.641 DEBUG [org.hibernate.type.BasicTypeRegistry:157] Adding type registration java.sql.Clob -> org.hibernate.type.ClobType@58d63b16 
2025-01-07 17:14:52.644 DEBUG [org.hibernate.type.BasicTypeRegistry:157] Adding type registration nclob -> org.hibernate.type.NClobType@46866946 
2025-01-07 17:14:52.644 DEBUG [org.hibernate.type.BasicTypeRegistry:157] Adding type registration java.sql.NClob -> org.hibernate.type.NClobType@46866946 
2025-01-07 17:14:52.645 DEBUG [org.hibernate.type.BasicTypeRegistry:157] Adding type registration materialized_clob -> org.hibernate.type.MaterializedClobType@236134a1 
2025-01-07 17:14:52.645 DEBUG [org.hibernate.type.BasicTypeRegistry:157] Adding type registration materialized_nclob -> org.hibernate.type.MaterializedNClobType@76d05cc9 
2025-01-07 17:14:52.647 DEBUG [org.hibernate.type.BasicTypeRegistry:157] Adding type registration serializable -> org.hibernate.type.SerializableType@5177e388 
2025-01-07 17:14:52.650 DEBUG [org.hibernate.type.BasicTypeRegistry:157] Adding type registration object -> org.hibernate.type.ObjectType@2c708440 
2025-01-07 17:14:52.650 DEBUG [org.hibernate.type.BasicTypeRegistry:157] Adding type registration java.lang.Object -> org.hibernate.type.ObjectType@2c708440 
2025-01-07 17:14:52.652 DEBUG [org.hibernate.type.BasicTypeRegistry:157] Adding type registration imm_date -> org.hibernate.type.AdaptedImmutableType@6cf31447 
2025-01-07 17:14:52.652 DEBUG [org.hibernate.type.BasicTypeRegistry:157] Adding type registration imm_time -> org.hibernate.type.AdaptedImmutableType@4e92466a 
2025-01-07 17:14:52.652 DEBUG [org.hibernate.type.BasicTypeRegistry:157] Adding type registration imm_timestamp -> org.hibernate.type.AdaptedImmutableType@66e8997c 
2025-01-07 17:14:52.653 DEBUG [org.hibernate.type.BasicTypeRegistry:157] Adding type registration imm_dbtimestamp -> org.hibernate.type.AdaptedImmutableType@6f0cb5a1 
2025-01-07 17:14:52.653 DEBUG [org.hibernate.type.BasicTypeRegistry:157] Adding type registration imm_calendar -> org.hibernate.type.AdaptedImmutableType@1b29d52b 
2025-01-07 17:14:52.653 DEBUG [org.hibernate.type.BasicTypeRegistry:157] Adding type registration imm_calendar_date -> org.hibernate.type.AdaptedImmutableType@47547132 
2025-01-07 17:14:52.653 DEBUG [org.hibernate.type.BasicTypeRegistry:157] Adding type registration imm_binary -> org.hibernate.type.AdaptedImmutableType@655523dd 
2025-01-07 17:14:52.654 DEBUG [org.hibernate.type.BasicTypeRegistry:157] Adding type registration imm_serializable -> org.hibernate.type.AdaptedImmutableType@6f7e336b 
2025-01-07 17:14:52.666 DEBUG [org.hibernate.boot.internal.BootstrapContextImpl:259] Injecting JPA temp ClassLoader [org.springframework.instrument.classloading.SimpleThrowawayClassLoader@50a3d0f6] into BootstrapContext; was [null] 
2025-01-07 17:14:52.666 DEBUG [org.hibernate.boot.internal.ClassLoaderAccessImpl:45] ClassLoaderAccessImpl#injectTempClassLoader(org.springframework.instrument.classloading.SimpleThrowawayClassLoader@50a3d0f6) [was null] 
2025-01-07 17:14:52.668 DEBUG [org.hibernate.boot.internal.BootstrapContextImpl:269] Injecting ScanEnvironment [org.hibernate.jpa.boot.internal.StandardJpaScanEnvironmentImpl@6a0ac48e] into BootstrapContext; was [null] 
2025-01-07 17:14:52.668 DEBUG [org.hibernate.boot.internal.BootstrapContextImpl:264] Injecting ScanOptions [org.hibernate.boot.archive.scan.internal.StandardScanOptions@24e08d59] into BootstrapContext; was [org.hibernate.boot.archive.scan.internal.StandardScanOptions@77cb9cd1] 
2025-01-07 17:14:52.685 DEBUG [org.hibernate.boot.internal.BootstrapContextImpl:259] Injecting JPA temp ClassLoader [null] into BootstrapContext; was [org.springframework.instrument.classloading.SimpleThrowawayClassLoader@50a3d0f6] 
2025-01-07 17:14:52.685 DEBUG [org.hibernate.boot.internal.ClassLoaderAccessImpl:45] ClassLoaderAccessImpl#injectTempClassLoader(null) [was org.springframework.instrument.classloading.SimpleThrowawayClassLoader@50a3d0f6] 
2025-01-07 17:14:52.695 DEBUG [org.hibernate.id.factory.internal.DefaultIdentifierGeneratorFactory:98] Registering IdentifierGenerator strategy [uuid2] -> [org.hibernate.id.UUIDGenerator] 
2025-01-07 17:14:52.696 DEBUG [org.hibernate.id.factory.internal.DefaultIdentifierGeneratorFactory:98] Registering IdentifierGenerator strategy [guid] -> [org.hibernate.id.GUIDGenerator] 
2025-01-07 17:14:52.697 DEBUG [org.hibernate.id.factory.internal.DefaultIdentifierGeneratorFactory:98] Registering IdentifierGenerator strategy [uuid] -> [org.hibernate.id.UUIDHexGenerator] 
2025-01-07 17:14:52.698 DEBUG [org.hibernate.id.factory.internal.DefaultIdentifierGeneratorFactory:98] Registering IdentifierGenerator strategy [uuid.hex] -> [org.hibernate.id.UUIDHexGenerator] 
2025-01-07 17:14:52.698 DEBUG [org.hibernate.id.factory.internal.DefaultIdentifierGeneratorFactory:98] Registering IdentifierGenerator strategy [assigned] -> [org.hibernate.id.Assigned] 
2025-01-07 17:14:52.700 DEBUG [org.hibernate.id.factory.internal.DefaultIdentifierGeneratorFactory:98] Registering IdentifierGenerator strategy [identity] -> [org.hibernate.id.IdentityGenerator] 
2025-01-07 17:14:52.701 DEBUG [org.hibernate.id.factory.internal.DefaultIdentifierGeneratorFactory:98] Registering IdentifierGenerator strategy [select] -> [org.hibernate.id.SelectGenerator] 
2025-01-07 17:14:52.702 DEBUG [org.hibernate.id.factory.internal.DefaultIdentifierGeneratorFactory:98] Registering IdentifierGenerator strategy [sequence] -> [org.hibernate.id.enhanced.SequenceStyleGenerator] 
2025-01-07 17:14:52.703 DEBUG [org.hibernate.id.factory.internal.DefaultIdentifierGeneratorFactory:98] Registering IdentifierGenerator strategy [seqhilo] -> [org.hibernate.id.SequenceHiLoGenerator] 
2025-01-07 17:14:52.704 DEBUG [org.hibernate.id.factory.internal.DefaultIdentifierGeneratorFactory:98] Registering IdentifierGenerator strategy [increment] -> [org.hibernate.id.IncrementGenerator] 
2025-01-07 17:14:52.705 DEBUG [org.hibernate.id.factory.internal.DefaultIdentifierGeneratorFactory:98] Registering IdentifierGenerator strategy [foreign] -> [org.hibernate.id.ForeignGenerator] 
2025-01-07 17:14:52.705 DEBUG [org.hibernate.id.factory.internal.DefaultIdentifierGeneratorFactory:98] Registering IdentifierGenerator strategy [sequence-identity] -> [org.hibernate.id.SequenceIdentityGenerator] 
2025-01-07 17:14:52.705 DEBUG [org.hibernate.id.factory.internal.DefaultIdentifierGeneratorFactory:98] Registering IdentifierGenerator strategy [enhanced-sequence] -> [org.hibernate.id.enhanced.SequenceStyleGenerator] 
2025-01-07 17:14:52.706 DEBUG [org.hibernate.id.factory.internal.DefaultIdentifierGeneratorFactory:98] Registering IdentifierGenerator strategy [enhanced-table] -> [org.hibernate.id.enhanced.TableGenerator] 
2025-01-07 17:14:52.711 DEBUG [com.zaxxer.hikari.HikariConfig:1103] HikariPool-1 - configuration: 
2025-01-07 17:14:52.712 DEBUG [com.zaxxer.hikari.HikariConfig:1135] allowPoolSuspension................................false 
2025-01-07 17:14:52.712 DEBUG [com.zaxxer.hikari.HikariConfig:1135] autoCommit................................true 
2025-01-07 17:14:52.712 DEBUG [com.zaxxer.hikari.HikariConfig:1135] catalog................................none 
2025-01-07 17:14:52.713 DEBUG [com.zaxxer.hikari.HikariConfig:1135] connectionInitSql................................none 
2025-01-07 17:14:52.713 DEBUG [com.zaxxer.hikari.HikariConfig:1135] connectionTestQuery................................none 
2025-01-07 17:14:52.713 DEBUG [com.zaxxer.hikari.HikariConfig:1135] connectionTimeout................................30000 
2025-01-07 17:14:52.714 DEBUG [com.zaxxer.hikari.HikariConfig:1135] dataSource................................none 
2025-01-07 17:14:52.714 DEBUG [com.zaxxer.hikari.HikariConfig:1135] dataSourceClassName................................none 
2025-01-07 17:14:52.714 DEBUG [com.zaxxer.hikari.HikariConfig:1135] dataSourceJNDI................................none 
2025-01-07 17:14:52.714 DEBUG [com.zaxxer.hikari.HikariConfig:1135] dataSourceProperties................................{password=<masked>} 
2025-01-07 17:14:52.715 DEBUG [com.zaxxer.hikari.HikariConfig:1135] driverClassName................................"com.microsoft.sqlserver.jdbc.SQLServerDriver" 
2025-01-07 17:14:52.715 DEBUG [com.zaxxer.hikari.HikariConfig:1135] exceptionOverrideClassName................................none 
2025-01-07 17:14:52.715 DEBUG [com.zaxxer.hikari.HikariConfig:1135] healthCheckProperties................................{} 
2025-01-07 17:14:52.715 DEBUG [com.zaxxer.hikari.HikariConfig:1135] healthCheckRegistry................................none 
2025-01-07 17:14:52.716 DEBUG [com.zaxxer.hikari.HikariConfig:1135] idleTimeout................................600000 
2025-01-07 17:14:52.716 DEBUG [com.zaxxer.hikari.HikariConfig:1135] initializationFailTimeout................................1 
2025-01-07 17:14:52.716 DEBUG [com.zaxxer.hikari.HikariConfig:1135] isolateInternalQueries................................false 
2025-01-07 17:14:52.717 DEBUG [com.zaxxer.hikari.HikariConfig:1135] jdbcUrl................................jdbc:sqlserver://C21SQL04\AMOS.1:1433;databaseName=CS_Caissa_Central_Master_Data;integratedSecurity=true;encrypt=false 
2025-01-07 17:14:52.717 DEBUG [com.zaxxer.hikari.HikariConfig:1135] keepaliveTime................................0 
2025-01-07 17:14:52.718 DEBUG [com.zaxxer.hikari.HikariConfig:1135] leakDetectionThreshold................................0 
2025-01-07 17:14:52.718 DEBUG [com.zaxxer.hikari.HikariConfig:1135] maxLifetime................................1800000 
2025-01-07 17:14:52.718 DEBUG [com.zaxxer.hikari.HikariConfig:1135] maximumPoolSize................................10 
2025-01-07 17:14:52.719 DEBUG [com.zaxxer.hikari.HikariConfig:1135] metricRegistry................................none 
2025-01-07 17:14:52.719 DEBUG [com.zaxxer.hikari.HikariConfig:1135] metricsTrackerFactory................................com.zaxxer.hikari.metrics.micrometer.MicrometerMetricsTrackerFactory@4102b1b1 
2025-01-07 17:14:52.719 DEBUG [com.zaxxer.hikari.HikariConfig:1135] minimumIdle................................10 
2025-01-07 17:14:52.719 DEBUG [com.zaxxer.hikari.HikariConfig:1135] password................................<masked> 
2025-01-07 17:14:52.719 DEBUG [com.zaxxer.hikari.HikariConfig:1135] poolName................................"HikariPool-1" 
2025-01-07 17:14:52.720 DEBUG [com.zaxxer.hikari.HikariConfig:1135] readOnly................................false 
2025-01-07 17:14:52.720 DEBUG [com.zaxxer.hikari.HikariConfig:1135] registerMbeans................................false 
2025-01-07 17:14:52.720 DEBUG [com.zaxxer.hikari.HikariConfig:1135] scheduledExecutor................................none 
2025-01-07 17:14:52.721 DEBUG [com.zaxxer.hikari.HikariConfig:1135] schema................................none 
2025-01-07 17:14:52.721 DEBUG [com.zaxxer.hikari.HikariConfig:1135] threadFactory................................internal 
2025-01-07 17:14:52.721 DEBUG [com.zaxxer.hikari.HikariConfig:1135] transactionIsolation................................default 
2025-01-07 17:14:52.721 DEBUG [com.zaxxer.hikari.HikariConfig:1135] username................................none 
2025-01-07 17:14:52.722 DEBUG [com.zaxxer.hikari.HikariConfig:1135] validationTimeout................................5000 
2025-01-07 17:14:52.722  INFO [com.zaxxer.hikari.HikariDataSource:110] HikariPool-1 - Starting... 
2025-01-07 17:14:52.723 DEBUG [com.microsoft.sqlserver.jdbc.internals.SQLServerDriver:290] Property:serverName Value:C21SQL04 
2025-01-07 17:14:52.723 DEBUG [com.microsoft.sqlserver.jdbc.internals.SQLServerDriver:328] Property:instanceName Value:AMOS.1 
2025-01-07 17:14:52.724 DEBUG [com.microsoft.sqlserver.jdbc.internals.SQLServerDriver:312] Property:portNumber Value:1433 
2025-01-07 17:14:52.724 DEBUG [com.microsoft.sqlserver.jdbc.internals.SQLServerDriver:378] Property:databaseName Value:CS_Caissa_Central_Master_Data 
2025-01-07 17:14:52.724 DEBUG [com.microsoft.sqlserver.jdbc.internals.SQLServerDriver:378] Property:integratedSecurity Value:true 
2025-01-07 17:14:52.724 DEBUG [com.microsoft.sqlserver.jdbc.internals.SQLServerDriver:499] Property:encrypt Value:false 
2025-01-07 17:14:52.724 DEBUG [com.microsoft.sqlserver.jdbc.Driver:919] Microsoft JDBC Driver 10.2.0.0 for SQL Server 
2025-01-07 17:14:52.725 DEBUG [com.microsoft.sqlserver.jdbc.internals.SQLServerDriver:290] Property:serverName Value:C21SQL04 
2025-01-07 17:14:52.725 DEBUG [com.microsoft.sqlserver.jdbc.internals.SQLServerDriver:328] Property:instanceName Value:AMOS.1 
2025-01-07 17:14:52.725 DEBUG [com.microsoft.sqlserver.jdbc.internals.SQLServerDriver:312] Property:portNumber Value:1433 
2025-01-07 17:14:52.725 DEBUG [com.microsoft.sqlserver.jdbc.internals.SQLServerDriver:378] Property:databaseName Value:CS_Caissa_Central_Master_Data 
2025-01-07 17:14:52.726 DEBUG [com.microsoft.sqlserver.jdbc.internals.SQLServerDriver:378] Property:integratedSecurity Value:true 
2025-01-07 17:14:52.726 DEBUG [com.microsoft.sqlserver.jdbc.internals.SQLServerDriver:499] Property:encrypt Value:false 
2025-01-07 17:14:52.726 DEBUG [com.microsoft.sqlserver.jdbc.internals.SQLServerConnection:1466] ConnectionID:2 created by (SQLServerDriver:1) 
2025-01-07 17:14:52.727 DEBUG [com.microsoft.sqlserver.jdbc.internals.SQLServerConnection:2825] ConnectionID:2 This attempt server name: C21SQL04 port: 1433 InstanceName: amos.1 useParallel: false 
2025-01-07 17:14:52.727 DEBUG [com.microsoft.sqlserver.jdbc.internals.SQLServerConnection:2828] ConnectionID:2 This attempt endtime: 1736262896477 
2025-01-07 17:14:52.727 DEBUG [com.microsoft.sqlserver.jdbc.internals.SQLServerConnection:2829] ConnectionID:2 This attempt No: 0 
2025-01-07 17:14:52.727 DEBUG [com.microsoft.sqlserver.jdbc.internals.SQLServerConnection:3165] ConnectionID:2 Connecting with server: C21SQL04 port: 1433 Timeout slice: 3750 Timeout Full: 30 
2025-01-07 17:14:52.862 DEBUG [com.microsoft.sqlserver.jdbc.internals.SQLServerConnection:3547] ConnectionID:2 ClientConnectionId: 472f773c-2dfb-4c26-9659-986645602d05 Server returned major version:13 
2025-01-07 17:14:53.000 DEBUG [jdk.event.security:274]  TLSHandshake: C21SQL04:1433, TLSv1.2, TLS_ECDHE_RSA_WITH_AES_256_CBC_SHA384, -1000310061 
2025-01-07 17:14:53.002 DEBUG [com.microsoft.sqlserver.jdbc.internals.SQLServerException:116] *** SQLException:ConnectionID:2 ClientConnectionId: 472f773c-2dfb-4c26-9659-986645602d05 com.microsoft.sqlserver.jdbc.SQLServerException: This driver is not configured for integrated authentication. ClientConnectionId:472f773c-2dfb-4c26-9659-986645602d05 This driver is not configured for integrated authentication. ClientConnectionId:472f773c-2dfb-4c26-9659-986645602d05 
2025-01-07 17:14:53.003 DEBUG [com.microsoft.sqlserver.jdbc.internals.SQLServerException:130] com.microsoft.sqlserver.jdbc.SQLServerConnection.terminate(SQLServerConnection.java:3680)com.microsoft.sqlserver.jdbc.AuthenticationJNI.<init>(AuthenticationJNI.java:74)com.microsoft.sqlserver.jdbc.SQLServerConnection.logon(SQLServerConnection.java:4734)com.microsoft.sqlserver.jdbc.SQLServerConnection.access$100(SQLServerConnection.java:90)com.microsoft.sqlserver.jdbc.SQLServerConnection$LogonCommand.doExecute(SQLServerConnection.java:4723)com.microsoft.sqlserver.jdbc.TDSCommand.execute(IOBuffer.java:7785)com.microsoft.sqlserver.jdbc.SQLServerConnection.executeCommand(SQLServerConnection.java:3793)com.microsoft.sqlserver.jdbc.SQLServerConnection.connectHelper(SQLServerConnection.java:3233)com.microsoft.sqlserver.jdbc.SQLServerConnection.login(SQLServerConnection.java:2833)com.microsoft.sqlserver.jdbc.SQLServerConnection.connectInternal(SQLServerConnection.java:2671)com.microsoft.sqlserver.jdbc.SQLServerConnection.connect(SQLServerConnection.java:1640)com.microsoft.sqlserver.jdbc.SQLServerDriver.connect(SQLServerDriver.java:936)com.zaxxer.hikari.util.DriverDataSource.getConnection(DriverDataSource.java:121)com.zaxxer.hikari.pool.PoolBase.newConnection(PoolBase.java:364)com.zaxxer.hikari.pool.PoolBase.newPoolEntry(PoolBase.java:206)com.zaxxer.hikari.pool.HikariPool.createPoolEntry(HikariPool.java:476)com.zaxxer.hikari.pool.HikariPool.checkFailFast(HikariPool.java:561)com.zaxxer.hikari.pool.HikariPool.<init>(HikariPool.java:115)com.zaxxer.hikari.HikariDataSource.getConnection(HikariDataSource.java:112)org.hibernate.engine.jdbc.connections.internal.DatasourceConnectionProviderImpl.getConnection(DatasourceConnectionProviderImpl.java:122)org.hibernate.engine.jdbc.env.internal.JdbcEnvironmentInitiator$ConnectionProviderJdbcConnectionAccess.obtainConnection(JdbcEnvironmentInitiator.java:181)org.hibernate.engine.jdbc.env.internal.JdbcEnvironmentInitiator.initiateService(JdbcEnvironmentInitiator.java:68)org.hibernate.engine.jdbc.env.internal.JdbcEnvironmentInitiator.initiateService(JdbcEnvironmentInitiator.java:35)org.hibernate.boot.registry.internal.StandardServiceRegistryImpl.initiateService(StandardServiceRegistryImpl.java:101)org.hibernate.service.internal.AbstractServiceRegistryImpl.createService(AbstractServiceRegistryImpl.java:263)org.hibernate.service.internal.AbstractServiceRegistryImpl.initializeService(AbstractServiceRegistryImpl.java:237)org.hibernate.service.internal.AbstractServiceRegistryImpl.getService(AbstractServiceRegistryImpl.java:214)org.hibernate.id.factory.internal.DefaultIdentifierGeneratorFactory.injectServices(DefaultIdentifierGeneratorFactory.java:175)org.hibernate.service.internal.AbstractServiceRegistryImpl.injectDependencies(AbstractServiceRegistryImpl.java:286)org.hibernate.service.internal.AbstractServiceRegistryImpl.initializeService(AbstractServiceRegistryImpl.java:243)org.hibernate.service.internal.AbstractServiceRegistryImpl.getService(AbstractServiceRegistryImpl.java:214)org.hibernate.boot.internal.InFlightMetadataCollectorImpl.<init>(InFlightMetadataCollectorImpl.java:173)org.hibernate.boot.model.process.spi.MetadataBuildingProcess.complete(MetadataBuildingProcess.java:127)org.hibernate.jpa.boot.internal.EntityManagerFactoryBuilderImpl.metadata(EntityManagerFactoryBuilderImpl.java:1460)org.hibernate.jpa.boot.internal.EntityManagerFactoryBuilderImpl.build(EntityManagerFactoryBuilderImpl.java:1494)org.springframework.orm.jpa.vendor.SpringHibernateJpaPersistenceProvider.createContainerEntityManagerFactory(SpringHibernateJpaPersistenceProvider.java:58)org.springframework.orm.jpa.LocalContainerEntityManagerFactoryBean.createNativeEntityManagerFactory(LocalContainerEntityManagerFactoryBean.java:365)org.springframework.orm.jpa.AbstractEntityManagerFactoryBean.buildNativeEntityManagerFactory(AbstractEntityManagerFactoryBean.java:409)org.springframework.orm.jpa.AbstractEntityManagerFactoryBean.afterPropertiesSet(AbstractEntityManagerFactoryBean.java:396)org.springframework.orm.jpa.LocalContainerEntityManagerFactoryBean.afterPropertiesSet(LocalContainerEntityManagerFactoryBean.java:341)org.springframework.beans.factory.support.AbstractAutowireCapableBeanFactory.invokeInitMethods(AbstractAutowireCapableBeanFactory.java:1863)org.springframework.beans.factory.support.AbstractAutowireCapableBeanFactory.initializeBean(AbstractAutowireCapableBeanFactory.java:1800)org.springframework.beans.factory.support.AbstractAutowireCapableBeanFactory.doCreateBean(AbstractAutowireCapableBeanFactory.java:620)org.springframework.beans.factory.support.AbstractAutowireCapableBeanFactory.createBean(AbstractAutowireCapableBeanFactory.java:542)org.springframework.beans.factory.support.AbstractBeanFactory.lambda$doGetBean$0(AbstractBeanFactory.java:335)org.springframework.beans.factory.support.DefaultSingletonBeanRegistry.getSingleton(DefaultSingletonBeanRegistry.java:234)org.springframework.beans.factory.support.AbstractBeanFactory.doGetBean(AbstractBeanFactory.java:333)org.springframework.beans.factory.support.AbstractBeanFactory.getBean(AbstractBeanFactory.java:208)org.springframework.context.support.AbstractApplicationContext.getBean(AbstractApplicationContext.java:1154)org.springframework.context.support.AbstractApplicationContext.finishBeanFactoryInitialization(AbstractApplicationContext.java:908)org.springframework.context.support.AbstractApplicationContext.refresh(AbstractApplicationContext.java:583)org.springframework.boot.web.servlet.context.ServletWebServerApplicationContext.refresh(ServletWebServerApplicationContext.java:147)org.springframework.boot.SpringApplication.refresh(SpringApplication.java:734)org.springframework.boot.SpringApplication.refreshContext(SpringApplication.java:408)org.springframework.boot.SpringApplication.run(SpringApplication.java:308)org.springframework.boot.SpringApplication.run(SpringApplication.java:1306)org.springframework.boot.SpringApplication.run(SpringApplication.java:1295)za.co.woolworths.itemkafka_poc.KafkaItemProducerPocApplication.main(KafkaItemProducerPocApplication.java:10)java.base/jdk.internal.reflect.NativeMethodAccessorImpl.invoke0(Native Method)java.base/jdk.internal.reflect.NativeMethodAccessorImpl.invoke(NativeMethodAccessorImpl.java:77)java.base/jdk.internal.reflect.DelegatingMethodAccessorImpl.invoke(DelegatingMethodAccessorImpl.java:43)java.base/java.lang.reflect.Method.invoke(Method.java:568)org.springframework.boot.loader.MainMethodRunner.run(MainMethodRunner.java:49)org.springframework.boot.loader.Launcher.launch(Launcher.java:108)org.springframework.boot.loader.Launcher.launch(Launcher.java:58)org.springframework.boot.loader.JarLauncher.main(JarLauncher.java:65) 
2025-01-07 17:14:53.007 DEBUG [com.microsoft.sqlserver.jdbc.internals.SQLServerConnection:2944] ConnectionID:2 ClientConnectionId: 472f773c-2dfb-4c26-9659-986645602d05 sleeping milisec: 100 
2025-01-07 17:14:53.113 DEBUG [com.microsoft.sqlserver.jdbc.internals.SQLServerConnection:2825] ConnectionID:2 This attempt server name: C21SQL04 port: 1433 InstanceName: amos.1 useParallel: false 
2025-01-07 17:14:53.114 DEBUG [com.microsoft.sqlserver.jdbc.internals.SQLServerConnection:2828] ConnectionID:2 This attempt endtime: 1736262900613 
2025-01-07 17:14:53.114 DEBUG [com.microsoft.sqlserver.jdbc.internals.SQLServerConnection:2829] ConnectionID:2 This attempt No: 1 
2025-01-07 17:14:53.115 DEBUG [com.microsoft.sqlserver.jdbc.internals.SQLServerConnection:3165] ConnectionID:2 Connecting with server: C21SQL04 port: 1433 Timeout slice: 7498 Timeout Full: 30 
2025-01-07 17:14:53.265 DEBUG [com.microsoft.sqlserver.jdbc.internals.SQLServerConnection:3547] ConnectionID:2 ClientConnectionId: 963dbfc1-1f71-4fad-bb3f-067b1d776889 Server returned major version:13 
2025-01-07 17:14:53.425 DEBUG [jdk.event.security:274]  TLSHandshake: C21SQL04:1433, TLSv1.2, TLS_ECDHE_RSA_WITH_AES_256_CBC_SHA384, -1000310061 
2025-01-07 17:14:53.426 DEBUG [com.microsoft.sqlserver.jdbc.internals.SQLServerException:116] *** SQLException:ConnectionID:2 ClientConnectionId: 963dbfc1-1f71-4fad-bb3f-067b1d776889 com.microsoft.sqlserver.jdbc.SQLServerException: This driver is not configured for integrated authentication. ClientConnectionId:963dbfc1-1f71-4fad-bb3f-067b1d776889 This driver is not configured for integrated authentication. ClientConnectionId:963dbfc1-1f71-4fad-bb3f-067b1d776889 
2025-01-07 17:14:53.427 DEBUG [com.microsoft.sqlserver.jdbc.internals.SQLServerException:130] com.microsoft.sqlserver.jdbc.SQLServerConnection.terminate(SQLServerConnection.java:3680)com.microsoft.sqlserver.jdbc.AuthenticationJNI.<init>(AuthenticationJNI.java:74)com.microsoft.sqlserver.jdbc.SQLServerConnection.logon(SQLServerConnection.java:4734)com.microsoft.sqlserver.jdbc.SQLServerConnection.access$100(SQLServerConnection.java:90)com.microsoft.sqlserver.jdbc.SQLServerConnection$LogonCommand.doExecute(SQLServerConnection.java:4723)com.microsoft.sqlserver.jdbc.TDSCommand.execute(IOBuffer.java:7785)com.microsoft.sqlserver.jdbc.SQLServerConnection.executeCommand(SQLServerConnection.java:3793)com.microsoft.sqlserver.jdbc.SQLServerConnection.connectHelper(SQLServerConnection.java:3233)com.microsoft.sqlserver.jdbc.SQLServerConnection.login(SQLServerConnection.java:2833)com.microsoft.sqlserver.jdbc.SQLServerConnection.connectInternal(SQLServerConnection.java:2671)com.microsoft.sqlserver.jdbc.SQLServerConnection.connect(SQLServerConnection.java:1640)com.microsoft.sqlserver.jdbc.SQLServerDriver.connect(SQLServerDriver.java:936)com.zaxxer.hikari.util.DriverDataSource.getConnection(DriverDataSource.java:121)com.zaxxer.hikari.pool.PoolBase.newConnection(PoolBase.java:364)com.zaxxer.hikari.pool.PoolBase.newPoolEntry(PoolBase.java:206)com.zaxxer.hikari.pool.HikariPool.createPoolEntry(HikariPool.java:476)com.zaxxer.hikari.pool.HikariPool.checkFailFast(HikariPool.java:561)com.zaxxer.hikari.pool.HikariPool.<init>(HikariPool.java:115)com.zaxxer.hikari.HikariDataSource.getConnection(HikariDataSource.java:112)org.hibernate.engine.jdbc.connections.internal.DatasourceConnectionProviderImpl.getConnection(DatasourceConnectionProviderImpl.java:122)org.hibernate.engine.jdbc.env.internal.JdbcEnvironmentInitiator$ConnectionProviderJdbcConnectionAccess.obtainConnection(JdbcEnvironmentInitiator.java:181)org.hibernate.engine.jdbc.env.internal.JdbcEnvironmentInitiator.initiateService(JdbcEnvironmentInitiator.java:68)org.hibernate.engine.jdbc.env.internal.JdbcEnvironmentInitiator.initiateService(JdbcEnvironmentInitiator.java:35)org.hibernate.boot.registry.internal.StandardServiceRegistryImpl.initiateService(StandardServiceRegistryImpl.java:101)org.hibernate.service.internal.AbstractServiceRegistryImpl.createService(AbstractServiceRegistryImpl.java:263)org.hibernate.service.internal.AbstractServiceRegistryImpl.initializeService(AbstractServiceRegistryImpl.java:237)org.hibernate.service.internal.AbstractServiceRegistryImpl.getService(AbstractServiceRegistryImpl.java:214)org.hibernate.id.factory.internal.DefaultIdentifierGeneratorFactory.injectServices(DefaultIdentifierGeneratorFactory.java:175)org.hibernate.service.internal.AbstractServiceRegistryImpl.injectDependencies(AbstractServiceRegistryImpl.java:286)org.hibernate.service.internal.AbstractServiceRegistryImpl.initializeService(AbstractServiceRegistryImpl.java:243)org.hibernate.service.internal.AbstractServiceRegistryImpl.getService(AbstractServiceRegistryImpl.java:214)org.hibernate.boot.internal.InFlightMetadataCollectorImpl.<init>(InFlightMetadataCollectorImpl.java:173)org.hibernate.boot.model.process.spi.MetadataBuildingProcess.complete(MetadataBuildingProcess.java:127)org.hibernate.jpa.boot.internal.EntityManagerFactoryBuilderImpl.metadata(EntityManagerFactoryBuilderImpl.java:1460)org.hibernate.jpa.boot.internal.EntityManagerFactoryBuilderImpl.build(EntityManagerFactoryBuilderImpl.java:1494)org.springframework.orm.jpa.vendor.SpringHibernateJpaPersistenceProvider.createContainerEntityManagerFactory(SpringHibernateJpaPersistenceProvider.java:58)org.springframework.orm.jpa.LocalContainerEntityManagerFactoryBean.createNativeEntityManagerFactory(LocalContainerEntityManagerFactoryBean.java:365)org.springframework.orm.jpa.AbstractEntityManagerFactoryBean.buildNativeEntityManagerFactory(AbstractEntityManagerFactoryBean.java:409)org.springframework.orm.jpa.AbstractEntityManagerFactoryBean.afterPropertiesSet(AbstractEntityManagerFactoryBean.java:396)org.springframework.orm.jpa.LocalContainerEntityManagerFactoryBean.afterPropertiesSet(LocalContainerEntityManagerFactoryBean.java:341)org.springframework.beans.factory.support.AbstractAutowireCapableBeanFactory.invokeInitMethods(AbstractAutowireCapableBeanFactory.java:1863)org.springframework.beans.factory.support.AbstractAutowireCapableBeanFactory.initializeBean(AbstractAutowireCapableBeanFactory.java:1800)org.springframework.beans.factory.support.AbstractAutowireCapableBeanFactory.doCreateBean(AbstractAutowireCapableBeanFactory.java:620)org.springframework.beans.factory.support.AbstractAutowireCapableBeanFactory.createBean(AbstractAutowireCapableBeanFactory.java:542)org.springframework.beans.factory.support.AbstractBeanFactory.lambda$doGetBean$0(AbstractBeanFactory.java:335)org.springframework.beans.factory.support.DefaultSingletonBeanRegistry.getSingleton(DefaultSingletonBeanRegistry.java:234)org.springframework.beans.factory.support.AbstractBeanFactory.doGetBean(AbstractBeanFactory.java:333)org.springframework.beans.factory.support.AbstractBeanFactory.getBean(AbstractBeanFactory.java:208)org.springframework.context.support.AbstractApplicationContext.getBean(AbstractApplicationContext.java:1154)org.springframework.context.support.AbstractApplicationContext.finishBeanFactoryInitialization(AbstractApplicationContext.java:908)org.springframework.context.support.AbstractApplicationContext.refresh(AbstractApplicationContext.java:583)org.springframework.boot.web.servlet.context.ServletWebServerApplicationContext.refresh(ServletWebServerApplicationContext.java:147)org.springframework.boot.SpringApplication.refresh(SpringApplication.java:734)org.springframework.boot.SpringApplication.refreshContext(SpringApplication.java:408)org.springframework.boot.SpringApplication.run(SpringApplication.java:308)org.springframework.boot.SpringApplication.run(SpringApplication.java:1306)org.springframework.boot.SpringApplication.run(SpringApplication.java:1295)za.co.woolworths.itemkafka_poc.KafkaItemProducerPocApplication.main(KafkaItemProducerPocApplication.java:10)java.base/jdk.internal.reflect.NativeMethodAccessorImpl.invoke0(Native Method)java.base/jdk.internal.reflect.NativeMethodAccessorImpl.invoke(NativeMethodAccessorImpl.java:77)java.base/jdk.internal.reflect.DelegatingMethodAccessorImpl.invoke(DelegatingMethodAccessorImpl.java:43)java.base/java.lang.reflect.Method.invoke(Method.java:568)org.springframework.boot.loader.MainMethodRunner.run(MainMethodRunner.java:49)org.springframework.boot.loader.Launcher.launch(Launcher.java:108)org.springframework.boot.loader.Launcher.launch(Launcher.java:58)org.springframework.boot.loader.JarLauncher.main(JarLauncher.java:65) 
2025-01-07 17:14:53.430 DEBUG [com.microsoft.sqlserver.jdbc.internals.SQLServerConnection:2944] ConnectionID:2 ClientConnectionId: 963dbfc1-1f71-4fad-bb3f-067b1d776889 sleeping milisec: 200 
2025-01-07 17:14:53.646 DEBUG [com.microsoft.sqlserver.jdbc.internals.SQLServerConnection:2825] ConnectionID:2 This attempt server name: C21SQL04 port: 1433 InstanceName: amos.1 useParallel: false 
2025-01-07 17:14:53.648 DEBUG [com.microsoft.sqlserver.jdbc.internals.SQLServerConnection:2828] ConnectionID:2 This attempt endtime: 1736262908646 
2025-01-07 17:14:53.649 DEBUG [com.microsoft.sqlserver.jdbc.internals.SQLServerConnection:2829] ConnectionID:2 This attempt No: 2 
2025-01-07 17:14:53.650 DEBUG [com.microsoft.sqlserver.jdbc.internals.SQLServerConnection:3165] ConnectionID:2 Connecting with server: C21SQL04 port: 1433 Timeout slice: 14996 Timeout Full: 30 
2025-01-07 17:14:53.812 DEBUG [com.microsoft.sqlserver.jdbc.internals.SQLServerConnection:3547] ConnectionID:2 ClientConnectionId: cf714af8-83b9-4cc8-9350-b5d3a75b49d7 Server returned major version:13 
2025-01-07 17:14:53.973 DEBUG [jdk.event.security:274]  TLSHandshake: C21SQL04:1433, TLSv1.2, TLS_ECDHE_RSA_WITH_AES_256_CBC_SHA384, -1000310061 
2025-01-07 17:14:53.974 DEBUG [com.microsoft.sqlserver.jdbc.internals.SQLServerException:116] *** SQLException:ConnectionID:2 ClientConnectionId: cf714af8-83b9-4cc8-9350-b5d3a75b49d7 com.microsoft.sqlserver.jdbc.SQLServerException: This driver is not configured for integrated authentication. ClientConnectionId:cf714af8-83b9-4cc8-9350-b5d3a75b49d7 This driver is not configured for integrated authentication. ClientConnectionId:cf714af8-83b9-4cc8-9350-b5d3a75b49d7 
2025-01-07 17:14:53.976 DEBUG [com.microsoft.sqlserver.jdbc.internals.SQLServerException:130] com.microsoft.sqlserver.jdbc.SQLServerConnection.terminate(SQLServerConnection.java:3680)com.microsoft.sqlserver.jdbc.AuthenticationJNI.<init>(AuthenticationJNI.java:74)com.microsoft.sqlserver.jdbc.SQLServerConnection.logon(SQLServerConnection.java:4734)com.microsoft.sqlserver.jdbc.SQLServerConnection.access$100(SQLServerConnection.java:90)com.microsoft.sqlserver.jdbc.SQLServerConnection$LogonCommand.doExecute(SQLServerConnection.java:4723)com.microsoft.sqlserver.jdbc.TDSCommand.execute(IOBuffer.java:7785)com.microsoft.sqlserver.jdbc.SQLServerConnection.executeCommand(SQLServerConnection.java:3793)com.microsoft.sqlserver.jdbc.SQLServerConnection.connectHelper(SQLServerConnection.java:3233)com.microsoft.sqlserver.jdbc.SQLServerConnection.login(SQLServerConnection.java:2833)com.microsoft.sqlserver.jdbc.SQLServerConnection.connectInternal(SQLServerConnection.java:2671)com.microsoft.sqlserver.jdbc.SQLServerConnection.connect(SQLServerConnection.java:1640)com.microsoft.sqlserver.jdbc.SQLServerDriver.connect(SQLServerDriver.java:936)com.zaxxer.hikari.util.DriverDataSource.getConnection(DriverDataSource.java:121)com.zaxxer.hikari.pool.PoolBase.newConnection(PoolBase.java:364)com.zaxxer.hikari.pool.PoolBase.newPoolEntry(PoolBase.java:206)com.zaxxer.hikari.pool.HikariPool.createPoolEntry(HikariPool.java:476)com.zaxxer.hikari.pool.HikariPool.checkFailFast(HikariPool.java:561)com.zaxxer.hikari.pool.HikariPool.<init>(HikariPool.java:115)com.zaxxer.hikari.HikariDataSource.getConnection(HikariDataSource.java:112)org.hibernate.engine.jdbc.connections.internal.DatasourceConnectionProviderImpl.getConnection(DatasourceConnectionProviderImpl.java:122)org.hibernate.engine.jdbc.env.internal.JdbcEnvironmentInitiator$ConnectionProviderJdbcConnectionAccess.obtainConnection(JdbcEnvironmentInitiator.java:181)org.hibernate.engine.jdbc.env.internal.JdbcEnvironmentInitiator.initiateService(JdbcEnvironmentInitiator.java:68)org.hibernate.engine.jdbc.env.internal.JdbcEnvironmentInitiator.initiateService(JdbcEnvironmentInitiator.java:35)org.hibernate.boot.registry.internal.StandardServiceRegistryImpl.initiateService(StandardServiceRegistryImpl.java:101)org.hibernate.service.internal.AbstractServiceRegistryImpl.createService(AbstractServiceRegistryImpl.java:263)org.hibernate.service.internal.AbstractServiceRegistryImpl.initializeService(AbstractServiceRegistryImpl.java:237)org.hibernate.service.internal.AbstractServiceRegistryImpl.getService(AbstractServiceRegistryImpl.java:214)org.hibernate.id.factory.internal.DefaultIdentifierGeneratorFactory.injectServices(DefaultIdentifierGeneratorFactory.java:175)org.hibernate.service.internal.AbstractServiceRegistryImpl.injectDependencies(AbstractServiceRegistryImpl.java:286)org.hibernate.service.internal.AbstractServiceRegistryImpl.initializeService(AbstractServiceRegistryImpl.java:243)org.hibernate.service.internal.AbstractServiceRegistryImpl.getService(AbstractServiceRegistryImpl.java:214)org.hibernate.boot.internal.InFlightMetadataCollectorImpl.<init>(InFlightMetadataCollectorImpl.java:173)org.hibernate.boot.model.process.spi.MetadataBuildingProcess.complete(MetadataBuildingProcess.java:127)org.hibernate.jpa.boot.internal.EntityManagerFactoryBuilderImpl.metadata(EntityManagerFactoryBuilderImpl.java:1460)org.hibernate.jpa.boot.internal.EntityManagerFactoryBuilderImpl.build(EntityManagerFactoryBuilderImpl.java:1494)org.springframework.orm.jpa.vendor.SpringHibernateJpaPersistenceProvider.createContainerEntityManagerFactory(SpringHibernateJpaPersistenceProvider.java:58)org.springframework.orm.jpa.LocalContainerEntityManagerFactoryBean.createNativeEntityManagerFactory(LocalContainerEntityManagerFactoryBean.java:365)org.springframework.orm.jpa.AbstractEntityManagerFactoryBean.buildNativeEntityManagerFactory(AbstractEntityManagerFactoryBean.java:409)org.springframework.orm.jpa.AbstractEntityManagerFactoryBean.afterPropertiesSet(AbstractEntityManagerFactoryBean.java:396)org.springframework.orm.jpa.LocalContainerEntityManagerFactoryBean.afterPropertiesSet(LocalContainerEntityManagerFactoryBean.java:341)org.springframework.beans.factory.support.AbstractAutowireCapableBeanFactory.invokeInitMethods(AbstractAutowireCapableBeanFactory.java:1863)org.springframework.beans.factory.support.AbstractAutowireCapableBeanFactory.initializeBean(AbstractAutowireCapableBeanFactory.java:1800)org.springframework.beans.factory.support.AbstractAutowireCapableBeanFactory.doCreateBean(AbstractAutowireCapableBeanFactory.java:620)org.springframework.beans.factory.support.AbstractAutowireCapableBeanFactory.createBean(AbstractAutowireCapableBeanFactory.java:542)org.springframework.beans.factory.support.AbstractBeanFactory.lambda$doGetBean$0(AbstractBeanFactory.java:335)org.springframework.beans.factory.support.DefaultSingletonBeanRegistry.getSingleton(DefaultSingletonBeanRegistry.java:234)org.springframework.beans.factory.support.AbstractBeanFactory.doGetBean(AbstractBeanFactory.java:333)org.springframework.beans.factory.support.AbstractBeanFactory.getBean(AbstractBeanFactory.java:208)org.springframework.context.support.AbstractApplicationContext.getBean(AbstractApplicationContext.java:1154)org.springframework.context.support.AbstractApplicationContext.finishBeanFactoryInitialization(AbstractApplicationContext.java:908)org.springframework.context.support.AbstractApplicationContext.refresh(AbstractApplicationContext.java:583)org.springframework.boot.web.servlet.context.ServletWebServerApplicationContext.refresh(ServletWebServerApplicationContext.java:147)org.springframework.boot.SpringApplication.refresh(SpringApplication.java:734)org.springframework.boot.SpringApplication.refreshContext(SpringApplication.java:408)org.springframework.boot.SpringApplication.run(SpringApplication.java:308)org.springframework.boot.SpringApplication.run(SpringApplication.java:1306)org.springframework.boot.SpringApplication.run(SpringApplication.java:1295)za.co.woolworths.itemkafka_poc.KafkaItemProducerPocApplication.main(KafkaItemProducerPocApplication.java:10)java.base/jdk.internal.reflect.NativeMethodAccessorImpl.invoke0(Native Method)java.base/jdk.internal.reflect.NativeMethodAccessorImpl.invoke(NativeMethodAccessorImpl.java:77)java.base/jdk.internal.reflect.DelegatingMethodAccessorImpl.invoke(DelegatingMethodAccessorImpl.java:43)java.base/java.lang.reflect.Method.invoke(Method.java:568)org.springframework.boot.loader.MainMethodRunner.run(MainMethodRunner.java:49)org.springframework.boot.loader.Launcher.launch(Launcher.java:108)org.springframework.boot.loader.Launcher.launch(Launcher.java:58)org.springframework.boot.loader.JarLauncher.main(JarLauncher.java:65) 
2025-01-07 17:14:53.980 DEBUG [com.microsoft.sqlserver.jdbc.internals.SQLServerConnection:2944] ConnectionID:2 ClientConnectionId: cf714af8-83b9-4cc8-9350-b5d3a75b49d7 sleeping milisec: 400 
2025-01-07 17:14:54.396 DEBUG [com.microsoft.sqlserver.jdbc.internals.SQLServerConnection:2825] ConnectionID:2 This attempt server name: C21SQL04 port: 1433 InstanceName: amos.1 useParallel: false 
2025-01-07 17:14:54.398 DEBUG [com.microsoft.sqlserver.jdbc.internals.SQLServerConnection:2828] ConnectionID:2 This attempt endtime: 1736262922727 
2025-01-07 17:14:54.399 DEBUG [com.microsoft.sqlserver.jdbc.internals.SQLServerConnection:2829] ConnectionID:2 This attempt No: 3 
2025-01-07 17:14:54.400 DEBUG [com.microsoft.sqlserver.jdbc.internals.SQLServerConnection:3165] ConnectionID:2 Connecting with server: C21SQL04 port: 1433 Timeout slice: 28327 Timeout Full: 30 
2025-01-07 17:14:54.569 DEBUG [com.microsoft.sqlserver.jdbc.internals.SQLServerConnection:3547] ConnectionID:2 ClientConnectionId: f9516e19-347d-40ca-bc03-c692a8577a0e Server returned major version:13 
2025-01-07 17:14:54.735 DEBUG [jdk.event.security:274]  TLSHandshake: C21SQL04:1433, TLSv1.2, TLS_ECDHE_RSA_WITH_AES_256_CBC_SHA384, -1000310061 
2025-01-07 17:14:54.737 DEBUG [com.microsoft.sqlserver.jdbc.internals.SQLServerException:116] *** SQLException:ConnectionID:2 ClientConnectionId: f9516e19-347d-40ca-bc03-c692a8577a0e com.microsoft.sqlserver.jdbc.SQLServerException: This driver is not configured for integrated authentication. ClientConnectionId:f9516e19-347d-40ca-bc03-c692a8577a0e This driver is not configured for integrated authentication. ClientConnectionId:f9516e19-347d-40ca-bc03-c692a8577a0e 
2025-01-07 17:14:54.739 DEBUG [com.microsoft.sqlserver.jdbc.internals.SQLServerException:130] com.microsoft.sqlserver.jdbc.SQLServerConnection.terminate(SQLServerConnection.java:3680)com.microsoft.sqlserver.jdbc.AuthenticationJNI.<init>(AuthenticationJNI.java:74)com.microsoft.sqlserver.jdbc.SQLServerConnection.logon(SQLServerConnection.java:4734)com.microsoft.sqlserver.jdbc.SQLServerConnection.access$100(SQLServerConnection.java:90)com.microsoft.sqlserver.jdbc.SQLServerConnection$LogonCommand.doExecute(SQLServerConnection.java:4723)com.microsoft.sqlserver.jdbc.TDSCommand.execute(IOBuffer.java:7785)com.microsoft.sqlserver.jdbc.SQLServerConnection.executeCommand(SQLServerConnection.java:3793)com.microsoft.sqlserver.jdbc.SQLServerConnection.connectHelper(SQLServerConnection.java:3233)com.microsoft.sqlserver.jdbc.SQLServerConnection.login(SQLServerConnection.java:2833)com.microsoft.sqlserver.jdbc.SQLServerConnection.connectInternal(SQLServerConnection.java:2671)com.microsoft.sqlserver.jdbc.SQLServerConnection.connect(SQLServerConnection.java:1640)com.microsoft.sqlserver.jdbc.SQLServerDriver.connect(SQLServerDriver.java:936)com.zaxxer.hikari.util.DriverDataSource.getConnection(DriverDataSource.java:121)com.zaxxer.hikari.pool.PoolBase.newConnection(PoolBase.java:364)com.zaxxer.hikari.pool.PoolBase.newPoolEntry(PoolBase.java:206)com.zaxxer.hikari.pool.HikariPool.createPoolEntry(HikariPool.java:476)com.zaxxer.hikari.pool.HikariPool.checkFailFast(HikariPool.java:561)com.zaxxer.hikari.pool.HikariPool.<init>(HikariPool.java:115)com.zaxxer.hikari.HikariDataSource.getConnection(HikariDataSource.java:112)org.hibernate.engine.jdbc.connections.internal.DatasourceConnectionProviderImpl.getConnection(DatasourceConnectionProviderImpl.java:122)org.hibernate.engine.jdbc.env.internal.JdbcEnvironmentInitiator$ConnectionProviderJdbcConnectionAccess.obtainConnection(JdbcEnvironmentInitiator.java:181)org.hibernate.engine.jdbc.env.internal.JdbcEnvironmentInitiator.initiateService(JdbcEnvironmentInitiator.java:68)org.hibernate.engine.jdbc.env.internal.JdbcEnvironmentInitiator.initiateService(JdbcEnvironmentInitiator.java:35)org.hibernate.boot.registry.internal.StandardServiceRegistryImpl.initiateService(StandardServiceRegistryImpl.java:101)org.hibernate.service.internal.AbstractServiceRegistryImpl.createService(AbstractServiceRegistryImpl.java:263)org.hibernate.service.internal.AbstractServiceRegistryImpl.initializeService(AbstractServiceRegistryImpl.java:237)org.hibernate.service.internal.AbstractServiceRegistryImpl.getService(AbstractServiceRegistryImpl.java:214)org.hibernate.id.factory.internal.DefaultIdentifierGeneratorFactory.injectServices(DefaultIdentifierGeneratorFactory.java:175)org.hibernate.service.internal.AbstractServiceRegistryImpl.injectDependencies(AbstractServiceRegistryImpl.java:286)org.hibernate.service.internal.AbstractServiceRegistryImpl.initializeService(AbstractServiceRegistryImpl.java:243)org.hibernate.service.internal.AbstractServiceRegistryImpl.getService(AbstractServiceRegistryImpl.java:214)org.hibernate.boot.internal.InFlightMetadataCollectorImpl.<init>(InFlightMetadataCollectorImpl.java:173)org.hibernate.boot.model.process.spi.MetadataBuildingProcess.complete(MetadataBuildingProcess.java:127)org.hibernate.jpa.boot.internal.EntityManagerFactoryBuilderImpl.metadata(EntityManagerFactoryBuilderImpl.java:1460)org.hibernate.jpa.boot.internal.EntityManagerFactoryBuilderImpl.build(EntityManagerFactoryBuilderImpl.java:1494)org.springframework.orm.jpa.vendor.SpringHibernateJpaPersistenceProvider.createContainerEntityManagerFactory(SpringHibernateJpaPersistenceProvider.java:58)org.springframework.orm.jpa.LocalContainerEntityManagerFactoryBean.createNativeEntityManagerFactory(LocalContainerEntityManagerFactoryBean.java:365)org.springframework.orm.jpa.AbstractEntityManagerFactoryBean.buildNativeEntityManagerFactory(AbstractEntityManagerFactoryBean.java:409)org.springframework.orm.jpa.AbstractEntityManagerFactoryBean.afterPropertiesSet(AbstractEntityManagerFactoryBean.java:396)org.springframework.orm.jpa.LocalContainerEntityManagerFactoryBean.afterPropertiesSet(LocalContainerEntityManagerFactoryBean.java:341)org.springframework.beans.factory.support.AbstractAutowireCapableBeanFactory.invokeInitMethods(AbstractAutowireCapableBeanFactory.java:1863)org.springframework.beans.factory.support.AbstractAutowireCapableBeanFactory.initializeBean(AbstractAutowireCapableBeanFactory.java:1800)org.springframework.beans.factory.support.AbstractAutowireCapableBeanFactory.doCreateBean(AbstractAutowireCapableBeanFactory.java:620)org.springframework.beans.factory.support.AbstractAutowireCapableBeanFactory.createBean(AbstractAutowireCapableBeanFactory.java:542)org.springframework.beans.factory.support.AbstractBeanFactory.lambda$doGetBean$0(AbstractBeanFactory.java:335)org.springframework.beans.factory.support.DefaultSingletonBeanRegistry.getSingleton(DefaultSingletonBeanRegistry.java:234)org.springframework.beans.factory.support.AbstractBeanFactory.doGetBean(AbstractBeanFactory.java:333)org.springframework.beans.factory.support.AbstractBeanFactory.getBean(AbstractBeanFactory.java:208)org.springframework.context.support.AbstractApplicationContext.getBean(AbstractApplicationContext.java:1154)org.springframework.context.support.AbstractApplicationContext.finishBeanFactoryInitialization(AbstractApplicationContext.java:908)org.springframework.context.support.AbstractApplicationContext.refresh(AbstractApplicationContext.java:583)org.springframework.boot.web.servlet.context.ServletWebServerApplicationContext.refresh(ServletWebServerApplicationContext.java:147)org.springframework.boot.SpringApplication.refresh(SpringApplication.java:734)org.springframework.boot.SpringApplication.refreshContext(SpringApplication.java:408)org.springframework.boot.SpringApplication.run(SpringApplication.java:308)org.springframework.boot.SpringApplication.run(SpringApplication.java:1306)org.springframework.boot.SpringApplication.run(SpringApplication.java:1295)za.co.woolworths.itemkafka_poc.KafkaItemProducerPocApplication.main(KafkaItemProducerPocApplication.java:10)java.base/jdk.internal.reflect.NativeMethodAccessorImpl.invoke0(Native Method)java.base/jdk.internal.reflect.NativeMethodAccessorImpl.invoke(NativeMethodAccessorImpl.java:77)java.base/jdk.internal.reflect.DelegatingMethodAccessorImpl.invoke(DelegatingMethodAccessorImpl.java:43)java.base/java.lang.reflect.Method.invoke(Method.java:568)org.springframework.boot.loader.MainMethodRunner.run(MainMethodRunner.java:49)org.springframework.boot.loader.Launcher.launch(Launcher.java:108)org.springframework.boot.loader.Launcher.launch(Launcher.java:58)org.springframework.boot.loader.JarLauncher.main(JarLauncher.java:65) 
2025-01-07 17:14:54.746 DEBUG [com.microsoft.sqlserver.jdbc.internals.SQLServerConnection:2944] ConnectionID:2 ClientConnectionId: f9516e19-347d-40ca-bc03-c692a8577a0e sleeping milisec: 800 
2025-01-07 17:14:55.559 DEBUG [com.microsoft.sqlserver.jdbc.internals.SQLServerConnection:2825] ConnectionID:2 This attempt server name: C21SQL04 port: 1433 InstanceName: amos.1 useParallel: false 
2025-01-07 17:14:55.561 DEBUG [com.microsoft.sqlserver.jdbc.internals.SQLServerConnection:2828] ConnectionID:2 This attempt endtime: 1736262922727 
2025-01-07 17:14:55.562 DEBUG [com.microsoft.sqlserver.jdbc.internals.SQLServerConnection:2829] ConnectionID:2 This attempt No: 4 
2025-01-07 17:14:55.562 DEBUG [com.microsoft.sqlserver.jdbc.internals.SQLServerConnection:3165] ConnectionID:2 Connecting with server: C21SQL04 port: 1433 Timeout slice: 27165 Timeout Full: 30 
2025-01-07 17:14:55.705 DEBUG [com.microsoft.sqlserver.jdbc.internals.SQLServerConnection:3547] ConnectionID:2 ClientConnectionId: 3dfc2bc7-17bc-4676-9360-aadfe66a052c Server returned major version:13 
2025-01-07 17:14:55.937 DEBUG [jdk.event.security:274]  TLSHandshake: C21SQL04:1433, TLSv1.2, TLS_ECDHE_RSA_WITH_AES_256_CBC_SHA384, -1000310061 
2025-01-07 17:14:55.938 DEBUG [com.microsoft.sqlserver.jdbc.internals.SQLServerException:116] *** SQLException:ConnectionID:2 ClientConnectionId: 3dfc2bc7-17bc-4676-9360-aadfe66a052c com.microsoft.sqlserver.jdbc.SQLServerException: This driver is not configured for integrated authentication. ClientConnectionId:3dfc2bc7-17bc-4676-9360-aadfe66a052c This driver is not configured for integrated authentication. ClientConnectionId:3dfc2bc7-17bc-4676-9360-aadfe66a052c 
2025-01-07 17:14:55.940 DEBUG [com.microsoft.sqlserver.jdbc.internals.SQLServerException:130] com.microsoft.sqlserver.jdbc.SQLServerConnection.terminate(SQLServerConnection.java:3680)com.microsoft.sqlserver.jdbc.AuthenticationJNI.<init>(AuthenticationJNI.java:74)com.microsoft.sqlserver.jdbc.SQLServerConnection.logon(SQLServerConnection.java:4734)com.microsoft.sqlserver.jdbc.SQLServerConnection.access$100(SQLServerConnection.java:90)com.microsoft.sqlserver.jdbc.SQLServerConnection$LogonCommand.doExecute(SQLServerConnection.java:4723)com.microsoft.sqlserver.jdbc.TDSCommand.execute(IOBuffer.java:7785)com.microsoft.sqlserver.jdbc.SQLServerConnection.executeCommand(SQLServerConnection.java:3793)com.microsoft.sqlserver.jdbc.SQLServerConnection.connectHelper(SQLServerConnection.java:3233)com.microsoft.sqlserver.jdbc.SQLServerConnection.login(SQLServerConnection.java:2833)com.microsoft.sqlserver.jdbc.SQLServerConnection.connectInternal(SQLServerConnection.java:2671)com.microsoft.sqlserver.jdbc.SQLServerConnection.connect(SQLServerConnection.java:1640)com.microsoft.sqlserver.jdbc.SQLServerDriver.connect(SQLServerDriver.java:936)com.zaxxer.hikari.util.DriverDataSource.getConnection(DriverDataSource.java:121)com.zaxxer.hikari.pool.PoolBase.newConnection(PoolBase.java:364)com.zaxxer.hikari.pool.PoolBase.newPoolEntry(PoolBase.java:206)com.zaxxer.hikari.pool.HikariPool.createPoolEntry(HikariPool.java:476)com.zaxxer.hikari.pool.HikariPool.checkFailFast(HikariPool.java:561)com.zaxxer.hikari.pool.HikariPool.<init>(HikariPool.java:115)com.zaxxer.hikari.HikariDataSource.getConnection(HikariDataSource.java:112)org.hibernate.engine.jdbc.connections.internal.DatasourceConnectionProviderImpl.getConnection(DatasourceConnectionProviderImpl.java:122)org.hibernate.engine.jdbc.env.internal.JdbcEnvironmentInitiator$ConnectionProviderJdbcConnectionAccess.obtainConnection(JdbcEnvironmentInitiator.java:181)org.hibernate.engine.jdbc.env.internal.JdbcEnvironmentInitiator.initiateService(JdbcEnvironmentInitiator.java:68)org.hibernate.engine.jdbc.env.internal.JdbcEnvironmentInitiator.initiateService(JdbcEnvironmentInitiator.java:35)org.hibernate.boot.registry.internal.StandardServiceRegistryImpl.initiateService(StandardServiceRegistryImpl.java:101)org.hibernate.service.internal.AbstractServiceRegistryImpl.createService(AbstractServiceRegistryImpl.java:263)org.hibernate.service.internal.AbstractServiceRegistryImpl.initializeService(AbstractServiceRegistryImpl.java:237)org.hibernate.service.internal.AbstractServiceRegistryImpl.getService(AbstractServiceRegistryImpl.java:214)org.hibernate.id.factory.internal.DefaultIdentifierGeneratorFactory.injectServices(DefaultIdentifierGeneratorFactory.java:175)org.hibernate.service.internal.AbstractServiceRegistryImpl.injectDependencies(AbstractServiceRegistryImpl.java:286)org.hibernate.service.internal.AbstractServiceRegistryImpl.initializeService(AbstractServiceRegistryImpl.java:243)org.hibernate.service.internal.AbstractServiceRegistryImpl.getService(AbstractServiceRegistryImpl.java:214)org.hibernate.boot.internal.InFlightMetadataCollectorImpl.<init>(InFlightMetadataCollectorImpl.java:173)org.hibernate.boot.model.process.spi.MetadataBuildingProcess.complete(MetadataBuildingProcess.java:127)org.hibernate.jpa.boot.internal.EntityManagerFactoryBuilderImpl.metadata(EntityManagerFactoryBuilderImpl.java:1460)org.hibernate.jpa.boot.internal.EntityManagerFactoryBuilderImpl.build(EntityManagerFactoryBuilderImpl.java:1494)org.springframework.orm.jpa.vendor.SpringHibernateJpaPersistenceProvider.createContainerEntityManagerFactory(SpringHibernateJpaPersistenceProvider.java:58)org.springframework.orm.jpa.LocalContainerEntityManagerFactoryBean.createNativeEntityManagerFactory(LocalContainerEntityManagerFactoryBean.java:365)org.springframework.orm.jpa.AbstractEntityManagerFactoryBean.buildNativeEntityManagerFactory(AbstractEntityManagerFactoryBean.java:409)org.springframework.orm.jpa.AbstractEntityManagerFactoryBean.afterPropertiesSet(AbstractEntityManagerFactoryBean.java:396)org.springframework.orm.jpa.LocalContainerEntityManagerFactoryBean.afterPropertiesSet(LocalContainerEntityManagerFactoryBean.java:341)org.springframework.beans.factory.support.AbstractAutowireCapableBeanFactory.invokeInitMethods(AbstractAutowireCapableBeanFactory.java:1863)org.springframework.beans.factory.support.AbstractAutowireCapableBeanFactory.initializeBean(AbstractAutowireCapableBeanFactory.java:1800)org.springframework.beans.factory.support.AbstractAutowireCapableBeanFactory.doCreateBean(AbstractAutowireCapableBeanFactory.java:620)org.springframework.beans.factory.support.AbstractAutowireCapableBeanFactory.createBean(AbstractAutowireCapableBeanFactory.java:542)org.springframework.beans.factory.support.AbstractBeanFactory.lambda$doGetBean$0(AbstractBeanFactory.java:335)org.springframework.beans.factory.support.DefaultSingletonBeanRegistry.getSingleton(DefaultSingletonBeanRegistry.java:234)org.springframework.beans.factory.support.AbstractBeanFactory.doGetBean(AbstractBeanFactory.java:333)org.springframework.beans.factory.support.AbstractBeanFactory.getBean(AbstractBeanFactory.java:208)org.springframework.context.support.AbstractApplicationContext.getBean(AbstractApplicationContext.java:1154)org.springframework.context.support.AbstractApplicationContext.finishBeanFactoryInitialization(AbstractApplicationContext.java:908)org.springframework.context.support.AbstractApplicationContext.refresh(AbstractApplicationContext.java:583)org.springframework.boot.web.servlet.context.ServletWebServerApplicationContext.refresh(ServletWebServerApplicationContext.java:147)org.springframework.boot.SpringApplication.refresh(SpringApplication.java:734)org.springframework.boot.SpringApplication.refreshContext(SpringApplication.java:408)org.springframework.boot.SpringApplication.run(SpringApplication.java:308)org.springframework.boot.SpringApplication.run(SpringApplication.java:1306)org.springframework.boot.SpringApplication.run(SpringApplication.java:1295)za.co.woolworths.itemkafka_poc.KafkaItemProducerPocApplication.main(KafkaItemProducerPocApplication.java:10)java.base/jdk.internal.reflect.NativeMethodAccessorImpl.invoke0(Native Method)java.base/jdk.internal.reflect.NativeMethodAccessorImpl.invoke(NativeMethodAccessorImpl.java:77)java.base/jdk.internal.reflect.DelegatingMethodAccessorImpl.invoke(DelegatingMethodAccessorImpl.java:43)java.base/java.lang.reflect.Method.invoke(Method.java:568)org.springframework.boot.loader.MainMethodRunner.run(MainMethodRunner.java:49)org.springframework.boot.loader.Launcher.launch(Launcher.java:108)org.springframework.boot.loader.Launcher.launch(Launcher.java:58)org.springframework.boot.loader.JarLauncher.main(JarLauncher.java:65) 
2025-01-07 17:14:55.945 DEBUG [com.microsoft.sqlserver.jdbc.internals.SQLServerConnection:2944] ConnectionID:2 ClientConnectionId: 3dfc2bc7-17bc-4676-9360-aadfe66a052c sleeping milisec: 1000 
2025-01-07 17:14:56.948 DEBUG [com.microsoft.sqlserver.jdbc.internals.SQLServerConnection:2825] ConnectionID:2 This attempt server name: C21SQL04 port: 1433 InstanceName: amos.1 useParallel: false 
2025-01-07 17:14:56.950 DEBUG [com.microsoft.sqlserver.jdbc.internals.SQLServerConnection:2828] ConnectionID:2 This attempt endtime: 1736262922727 
2025-01-07 17:14:56.951 DEBUG [com.microsoft.sqlserver.jdbc.internals.SQLServerConnection:2829] ConnectionID:2 This attempt No: 5 
2025-01-07 17:14:56.952 DEBUG [com.microsoft.sqlserver.jdbc.internals.SQLServerConnection:3165] ConnectionID:2 Connecting with server: C21SQL04 port: 1433 Timeout slice: 25775 Timeout Full: 30 
2025-01-07 17:14:57.110 DEBUG [com.microsoft.sqlserver.jdbc.internals.SQLServerConnection:3547] ConnectionID:2 ClientConnectionId: ab165db5-538b-48f8-8bd8-6bc4b779253b Server returned major version:13 
2025-01-07 17:14:57.260 DEBUG [jdk.event.security:274]  TLSHandshake: C21SQL04:1433, TLSv1.2, TLS_ECDHE_RSA_WITH_AES_256_CBC_SHA384, -1000310061 
2025-01-07 17:14:57.261 DEBUG [com.microsoft.sqlserver.jdbc.internals.SQLServerException:116] *** SQLException:ConnectionID:2 ClientConnectionId: ab165db5-538b-48f8-8bd8-6bc4b779253b com.microsoft.sqlserver.jdbc.SQLServerException: This driver is not configured for integrated authentication. ClientConnectionId:ab165db5-538b-48f8-8bd8-6bc4b779253b This driver is not configured for integrated authentication. ClientConnectionId:ab165db5-538b-48f8-8bd8-6bc4b779253b 
2025-01-07 17:14:57.263 DEBUG [com.microsoft.sqlserver.jdbc.internals.SQLServerException:130] com.microsoft.sqlserver.jdbc.SQLServerConnection.terminate(SQLServerConnection.java:3680)com.microsoft.sqlserver.jdbc.AuthenticationJNI.<init>(AuthenticationJNI.java:74)com.microsoft.sqlserver.jdbc.SQLServerConnection.logon(SQLServerConnection.java:4734)com.microsoft.sqlserver.jdbc.SQLServerConnection.access$100(SQLServerConnection.java:90)com.microsoft.sqlserver.jdbc.SQLServerConnection$LogonCommand.doExecute(SQLServerConnection.java:4723)com.microsoft.sqlserver.jdbc.TDSCommand.execute(IOBuffer.java:7785)com.microsoft.sqlserver.jdbc.SQLServerConnection.executeCommand(SQLServerConnection.java:3793)com.microsoft.sqlserver.jdbc.SQLServerConnection.connectHelper(SQLServerConnection.java:3233)com.microsoft.sqlserver.jdbc.SQLServerConnection.login(SQLServerConnection.java:2833)com.microsoft.sqlserver.jdbc.SQLServerConnection.connectInternal(SQLServerConnection.java:2671)com.microsoft.sqlserver.jdbc.SQLServerConnection.connect(SQLServerConnection.java:1640)com.microsoft.sqlserver.jdbc.SQLServerDriver.connect(SQLServerDriver.java:936)com.zaxxer.hikari.util.DriverDataSource.getConnection(DriverDataSource.java:121)com.zaxxer.hikari.pool.PoolBase.newConnection(PoolBase.java:364)com.zaxxer.hikari.pool.PoolBase.newPoolEntry(PoolBase.java:206)com.zaxxer.hikari.pool.HikariPool.createPoolEntry(HikariPool.java:476)com.zaxxer.hikari.pool.HikariPool.checkFailFast(HikariPool.java:561)com.zaxxer.hikari.pool.HikariPool.<init>(HikariPool.java:115)com.zaxxer.hikari.HikariDataSource.getConnection(HikariDataSource.java:112)org.hibernate.engine.jdbc.connections.internal.DatasourceConnectionProviderImpl.getConnection(DatasourceConnectionProviderImpl.java:122)org.hibernate.engine.jdbc.env.internal.JdbcEnvironmentInitiator$ConnectionProviderJdbcConnectionAccess.obtainConnection(JdbcEnvironmentInitiator.java:181)org.hibernate.engine.jdbc.env.internal.JdbcEnvironmentInitiator.initiateService(JdbcEnvironmentInitiator.java:68)org.hibernate.engine.jdbc.env.internal.JdbcEnvironmentInitiator.initiateService(JdbcEnvironmentInitiator.java:35)org.hibernate.boot.registry.internal.StandardServiceRegistryImpl.initiateService(StandardServiceRegistryImpl.java:101)org.hibernate.service.internal.AbstractServiceRegistryImpl.createService(AbstractServiceRegistryImpl.java:263)org.hibernate.service.internal.AbstractServiceRegistryImpl.initializeService(AbstractServiceRegistryImpl.java:237)org.hibernate.service.internal.AbstractServiceRegistryImpl.getService(AbstractServiceRegistryImpl.java:214)org.hibernate.id.factory.internal.DefaultIdentifierGeneratorFactory.injectServices(DefaultIdentifierGeneratorFactory.java:175)org.hibernate.service.internal.AbstractServiceRegistryImpl.injectDependencies(AbstractServiceRegistryImpl.java:286)org.hibernate.service.internal.AbstractServiceRegistryImpl.initializeService(AbstractServiceRegistryImpl.java:243)org.hibernate.service.internal.AbstractServiceRegistryImpl.getService(AbstractServiceRegistryImpl.java:214)org.hibernate.boot.internal.InFlightMetadataCollectorImpl.<init>(InFlightMetadataCollectorImpl.java:173)org.hibernate.boot.model.process.spi.MetadataBuildingProcess.complete(MetadataBuildingProcess.java:127)org.hibernate.jpa.boot.internal.EntityManagerFactoryBuilderImpl.metadata(EntityManagerFactoryBuilderImpl.java:1460)org.hibernate.jpa.boot.internal.EntityManagerFactoryBuilderImpl.build(EntityManagerFactoryBuilderImpl.java:1494)org.springframework.orm.jpa.vendor.SpringHibernateJpaPersistenceProvider.createContainerEntityManagerFactory(SpringHibernateJpaPersistenceProvider.java:58)org.springframework.orm.jpa.LocalContainerEntityManagerFactoryBean.createNativeEntityManagerFactory(LocalContainerEntityManagerFactoryBean.java:365)org.springframework.orm.jpa.AbstractEntityManagerFactoryBean.buildNativeEntityManagerFactory(AbstractEntityManagerFactoryBean.java:409)org.springframework.orm.jpa.AbstractEntityManagerFactoryBean.afterPropertiesSet(AbstractEntityManagerFactoryBean.java:396)org.springframework.orm.jpa.LocalContainerEntityManagerFactoryBean.afterPropertiesSet(LocalContainerEntityManagerFactoryBean.java:341)org.springframework.beans.factory.support.AbstractAutowireCapableBeanFactory.invokeInitMethods(AbstractAutowireCapableBeanFactory.java:1863)org.springframework.beans.factory.support.AbstractAutowireCapableBeanFactory.initializeBean(AbstractAutowireCapableBeanFactory.java:1800)org.springframework.beans.factory.support.AbstractAutowireCapableBeanFactory.doCreateBean(AbstractAutowireCapableBeanFactory.java:620)org.springframework.beans.factory.support.AbstractAutowireCapableBeanFactory.createBean(AbstractAutowireCapableBeanFactory.java:542)org.springframework.beans.factory.support.AbstractBeanFactory.lambda$doGetBean$0(AbstractBeanFactory.java:335)org.springframework.beans.factory.support.DefaultSingletonBeanRegistry.getSingleton(DefaultSingletonBeanRegistry.java:234)org.springframework.beans.factory.support.AbstractBeanFactory.doGetBean(AbstractBeanFactory.java:333)org.springframework.beans.factory.support.AbstractBeanFactory.getBean(AbstractBeanFactory.java:208)org.springframework.context.support.AbstractApplicationContext.getBean(AbstractApplicationContext.java:1154)org.springframework.context.support.AbstractApplicationContext.finishBeanFactoryInitialization(AbstractApplicationContext.java:908)org.springframework.context.support.AbstractApplicationContext.refresh(AbstractApplicationContext.java:583)org.springframework.boot.web.servlet.context.ServletWebServerApplicationContext.refresh(ServletWebServerApplicationContext.java:147)org.springframework.boot.SpringApplication.refresh(SpringApplication.java:734)org.springframework.boot.SpringApplication.refreshContext(SpringApplication.java:408)org.springframework.boot.SpringApplication.run(SpringApplication.java:308)org.springframework.boot.SpringApplication.run(SpringApplication.java:1306)org.springframework.boot.SpringApplication.run(SpringApplication.java:1295)za.co.woolworths.itemkafka_poc.KafkaItemProducerPocApplication.main(KafkaItemProducerPocApplication.java:10)java.base/jdk.internal.reflect.NativeMethodAccessorImpl.invoke0(Native Method)java.base/jdk.internal.reflect.NativeMethodAccessorImpl.invoke(NativeMethodAccessorImpl.java:77)java.base/jdk.internal.reflect.DelegatingMethodAccessorImpl.invoke(DelegatingMethodAccessorImpl.java:43)java.base/java.lang.reflect.Method.invoke(Method.java:568)org.springframework.boot.loader.MainMethodRunner.run(MainMethodRunner.java:49)org.springframework.boot.loader.Launcher.launch(Launcher.java:108)org.springframework.boot.loader.Launcher.launch(Launcher.java:58)org.springframework.boot.loader.JarLauncher.main(JarLauncher.java:65) 
2025-01-07 17:14:57.267 DEBUG [com.microsoft.sqlserver.jdbc.internals.SQLServerConnection:2944] ConnectionID:2 ClientConnectionId: ab165db5-538b-48f8-8bd8-6bc4b779253b sleeping milisec: 1000 
2025-01-07 17:14:58.271 DEBUG [com.microsoft.sqlserver.jdbc.internals.SQLServerConnection:2825] ConnectionID:2 This attempt server name: C21SQL04 port: 1433 InstanceName: amos.1 useParallel: false 
2025-01-07 17:14:58.273 DEBUG [com.microsoft.sqlserver.jdbc.internals.SQLServerConnection:2828] ConnectionID:2 This attempt endtime: 1736262922727 
2025-01-07 17:14:58.274 DEBUG [com.microsoft.sqlserver.jdbc.internals.SQLServerConnection:2829] ConnectionID:2 This attempt No: 6 
2025-01-07 17:14:58.275 DEBUG [com.microsoft.sqlserver.jdbc.internals.SQLServerConnection:3165] ConnectionID:2 Connecting with server: C21SQL04 port: 1433 Timeout slice: 24452 Timeout Full: 30 
2025-01-07 17:14:58.429 DEBUG [com.microsoft.sqlserver.jdbc.internals.SQLServerConnection:3547] ConnectionID:2 ClientConnectionId: 1443a88f-d62a-4098-aa9f-ed2e1c6c7824 Server returned major version:13 
2025-01-07 17:14:58.610 DEBUG [jdk.event.security:274]  TLSHandshake: C21SQL04:1433, TLSv1.2, TLS_ECDHE_RSA_WITH_AES_256_CBC_SHA384, -1000310061 
2025-01-07 17:14:58.610 DEBUG [com.microsoft.sqlserver.jdbc.internals.SQLServerException:116] *** SQLException:ConnectionID:2 ClientConnectionId: 1443a88f-d62a-4098-aa9f-ed2e1c6c7824 com.microsoft.sqlserver.jdbc.SQLServerException: This driver is not configured for integrated authentication. ClientConnectionId:1443a88f-d62a-4098-aa9f-ed2e1c6c7824 This driver is not configured for integrated authentication. ClientConnectionId:1443a88f-d62a-4098-aa9f-ed2e1c6c7824 
2025-01-07 17:14:58.611 DEBUG [com.microsoft.sqlserver.jdbc.internals.SQLServerException:130] com.microsoft.sqlserver.jdbc.SQLServerConnection.terminate(SQLServerConnection.java:3680)com.microsoft.sqlserver.jdbc.AuthenticationJNI.<init>(AuthenticationJNI.java:74)com.microsoft.sqlserver.jdbc.SQLServerConnection.logon(SQLServerConnection.java:4734)com.microsoft.sqlserver.jdbc.SQLServerConnection.access$100(SQLServerConnection.java:90)com.microsoft.sqlserver.jdbc.SQLServerConnection$LogonCommand.doExecute(SQLServerConnection.java:4723)com.microsoft.sqlserver.jdbc.TDSCommand.execute(IOBuffer.java:7785)com.microsoft.sqlserver.jdbc.SQLServerConnection.executeCommand(SQLServerConnection.java:3793)com.microsoft.sqlserver.jdbc.SQLServerConnection.connectHelper(SQLServerConnection.java:3233)com.microsoft.sqlserver.jdbc.SQLServerConnection.login(SQLServerConnection.java:2833)com.microsoft.sqlserver.jdbc.SQLServerConnection.connectInternal(SQLServerConnection.java:2671)com.microsoft.sqlserver.jdbc.SQLServerConnection.connect(SQLServerConnection.java:1640)com.microsoft.sqlserver.jdbc.SQLServerDriver.connect(SQLServerDriver.java:936)com.zaxxer.hikari.util.DriverDataSource.getConnection(DriverDataSource.java:121)com.zaxxer.hikari.pool.PoolBase.newConnection(PoolBase.java:364)com.zaxxer.hikari.pool.PoolBase.newPoolEntry(PoolBase.java:206)com.zaxxer.hikari.pool.HikariPool.createPoolEntry(HikariPool.java:476)com.zaxxer.hikari.pool.HikariPool.checkFailFast(HikariPool.java:561)com.zaxxer.hikari.pool.HikariPool.<init>(HikariPool.java:115)com.zaxxer.hikari.HikariDataSource.getConnection(HikariDataSource.java:112)org.hibernate.engine.jdbc.connections.internal.DatasourceConnectionProviderImpl.getConnection(DatasourceConnectionProviderImpl.java:122)org.hibernate.engine.jdbc.env.internal.JdbcEnvironmentInitiator$ConnectionProviderJdbcConnectionAccess.obtainConnection(JdbcEnvironmentInitiator.java:181)org.hibernate.engine.jdbc.env.internal.JdbcEnvironmentInitiator.initiateService(JdbcEnvironmentInitiator.java:68)org.hibernate.engine.jdbc.env.internal.JdbcEnvironmentInitiator.initiateService(JdbcEnvironmentInitiator.java:35)org.hibernate.boot.registry.internal.StandardServiceRegistryImpl.initiateService(StandardServiceRegistryImpl.java:101)org.hibernate.service.internal.AbstractServiceRegistryImpl.createService(AbstractServiceRegistryImpl.java:263)org.hibernate.service.internal.AbstractServiceRegistryImpl.initializeService(AbstractServiceRegistryImpl.java:237)org.hibernate.service.internal.AbstractServiceRegistryImpl.getService(AbstractServiceRegistryImpl.java:214)org.hibernate.id.factory.internal.DefaultIdentifierGeneratorFactory.injectServices(DefaultIdentifierGeneratorFactory.java:175)org.hibernate.service.internal.AbstractServiceRegistryImpl.injectDependencies(AbstractServiceRegistryImpl.java:286)org.hibernate.service.internal.AbstractServiceRegistryImpl.initializeService(AbstractServiceRegistryImpl.java:243)org.hibernate.service.internal.AbstractServiceRegistryImpl.getService(AbstractServiceRegistryImpl.java:214)org.hibernate.boot.internal.InFlightMetadataCollectorImpl.<init>(InFlightMetadataCollectorImpl.java:173)org.hibernate.boot.model.process.spi.MetadataBuildingProcess.complete(MetadataBuildingProcess.java:127)org.hibernate.jpa.boot.internal.EntityManagerFactoryBuilderImpl.metadata(EntityManagerFactoryBuilderImpl.java:1460)org.hibernate.jpa.boot.internal.EntityManagerFactoryBuilderImpl.build(EntityManagerFactoryBuilderImpl.java:1494)org.springframework.orm.jpa.vendor.SpringHibernateJpaPersistenceProvider.createContainerEntityManagerFactory(SpringHibernateJpaPersistenceProvider.java:58)org.springframework.orm.jpa.LocalContainerEntityManagerFactoryBean.createNativeEntityManagerFactory(LocalContainerEntityManagerFactoryBean.java:365)org.springframework.orm.jpa.AbstractEntityManagerFactoryBean.buildNativeEntityManagerFactory(AbstractEntityManagerFactoryBean.java:409)org.springframework.orm.jpa.AbstractEntityManagerFactoryBean.afterPropertiesSet(AbstractEntityManagerFactoryBean.java:396)org.springframework.orm.jpa.LocalContainerEntityManagerFactoryBean.afterPropertiesSet(LocalContainerEntityManagerFactoryBean.java:341)org.springframework.beans.factory.support.AbstractAutowireCapableBeanFactory.invokeInitMethods(AbstractAutowireCapableBeanFactory.java:1863)org.springframework.beans.factory.support.AbstractAutowireCapableBeanFactory.initializeBean(AbstractAutowireCapableBeanFactory.java:1800)org.springframework.beans.factory.support.AbstractAutowireCapableBeanFactory.doCreateBean(AbstractAutowireCapableBeanFactory.java:620)org.springframework.beans.factory.support.AbstractAutowireCapableBeanFactory.createBean(AbstractAutowireCapableBeanFactory.java:542)org.springframework.beans.factory.support.AbstractBeanFactory.lambda$doGetBean$0(AbstractBeanFactory.java:335)org.springframework.beans.factory.support.DefaultSingletonBeanRegistry.getSingleton(DefaultSingletonBeanRegistry.java:234)org.springframework.beans.factory.support.AbstractBeanFactory.doGetBean(AbstractBeanFactory.java:333)org.springframework.beans.factory.support.AbstractBeanFactory.getBean(AbstractBeanFactory.java:208)org.springframework.context.support.AbstractApplicationContext.getBean(AbstractApplicationContext.java:1154)org.springframework.context.support.AbstractApplicationContext.finishBeanFactoryInitialization(AbstractApplicationContext.java:908)org.springframework.context.support.AbstractApplicationContext.refresh(AbstractApplicationContext.java:583)org.springframework.boot.web.servlet.context.ServletWebServerApplicationContext.refresh(ServletWebServerApplicationContext.java:147)org.springframework.boot.SpringApplication.refresh(SpringApplication.java:734)org.springframework.boot.SpringApplication.refreshContext(SpringApplication.java:408)org.springframework.boot.SpringApplication.run(SpringApplication.java:308)org.springframework.boot.SpringApplication.run(SpringApplication.java:1306)org.springframework.boot.SpringApplication.run(SpringApplication.java:1295)za.co.woolworths.itemkafka_poc.KafkaItemProducerPocApplication.main(KafkaItemProducerPocApplication.java:10)java.base/jdk.internal.reflect.NativeMethodAccessorImpl.invoke0(Native Method)java.base/jdk.internal.reflect.NativeMethodAccessorImpl.invoke(NativeMethodAccessorImpl.java:77)java.base/jdk.internal.reflect.DelegatingMethodAccessorImpl.invoke(DelegatingMethodAccessorImpl.java:43)java.base/java.lang.reflect.Method.invoke(Method.java:568)org.springframework.boot.loader.MainMethodRunner.run(MainMethodRunner.java:49)org.springframework.boot.loader.Launcher.launch(Launcher.java:108)org.springframework.boot.loader.Launcher.launch(Launcher.java:58)org.springframework.boot.loader.JarLauncher.main(JarLauncher.java:65) 
2025-01-07 17:14:58.613 DEBUG [com.microsoft.sqlserver.jdbc.internals.SQLServerConnection:2944] ConnectionID:2 ClientConnectionId: 1443a88f-d62a-4098-aa9f-ed2e1c6c7824 sleeping milisec: 1000 
2025-01-07 17:14:59.626 DEBUG [com.microsoft.sqlserver.jdbc.internals.SQLServerConnection:2825] ConnectionID:2 This attempt server name: C21SQL04 port: 1433 InstanceName: amos.1 useParallel: false 
2025-01-07 17:14:59.628 DEBUG [com.microsoft.sqlserver.jdbc.internals.SQLServerConnection:2828] ConnectionID:2 This attempt endtime: 1736262922727 
2025-01-07 17:14:59.629 DEBUG [com.microsoft.sqlserver.jdbc.internals.SQLServerConnection:2829] ConnectionID:2 This attempt No: 7 
2025-01-07 17:14:59.630 DEBUG [com.microsoft.sqlserver.jdbc.internals.SQLServerConnection:3165] ConnectionID:2 Connecting with server: C21SQL04 port: 1433 Timeout slice: 23097 Timeout Full: 30 
2025-01-07 17:14:59.787 DEBUG [com.microsoft.sqlserver.jdbc.internals.SQLServerConnection:3547] ConnectionID:2 ClientConnectionId: 78ba1011-4efc-4979-a107-6d1cf27f5998 Server returned major version:13 
2025-01-07 17:14:59.973 DEBUG [jdk.event.security:274]  TLSHandshake: C21SQL04:1433, TLSv1.2, TLS_ECDHE_RSA_WITH_AES_256_CBC_SHA384, -1000310061 
2025-01-07 17:14:59.974 DEBUG [com.microsoft.sqlserver.jdbc.internals.SQLServerException:116] *** SQLException:ConnectionID:2 ClientConnectionId: 78ba1011-4efc-4979-a107-6d1cf27f5998 com.microsoft.sqlserver.jdbc.SQLServerException: This driver is not configured for integrated authentication. ClientConnectionId:78ba1011-4efc-4979-a107-6d1cf27f5998 This driver is not configured for integrated authentication. ClientConnectionId:78ba1011-4efc-4979-a107-6d1cf27f5998 
2025-01-07 17:14:59.975 DEBUG [com.microsoft.sqlserver.jdbc.internals.SQLServerException:130] com.microsoft.sqlserver.jdbc.SQLServerConnection.terminate(SQLServerConnection.java:3680)com.microsoft.sqlserver.jdbc.AuthenticationJNI.<init>(AuthenticationJNI.java:74)com.microsoft.sqlserver.jdbc.SQLServerConnection.logon(SQLServerConnection.java:4734)com.microsoft.sqlserver.jdbc.SQLServerConnection.access$100(SQLServerConnection.java:90)com.microsoft.sqlserver.jdbc.SQLServerConnection$LogonCommand.doExecute(SQLServerConnection.java:4723)com.microsoft.sqlserver.jdbc.TDSCommand.execute(IOBuffer.java:7785)com.microsoft.sqlserver.jdbc.SQLServerConnection.executeCommand(SQLServerConnection.java:3793)com.microsoft.sqlserver.jdbc.SQLServerConnection.connectHelper(SQLServerConnection.java:3233)com.microsoft.sqlserver.jdbc.SQLServerConnection.login(SQLServerConnection.java:2833)com.microsoft.sqlserver.jdbc.SQLServerConnection.connectInternal(SQLServerConnection.java:2671)com.microsoft.sqlserver.jdbc.SQLServerConnection.connect(SQLServerConnection.java:1640)com.microsoft.sqlserver.jdbc.SQLServerDriver.connect(SQLServerDriver.java:936)com.zaxxer.hikari.util.DriverDataSource.getConnection(DriverDataSource.java:121)com.zaxxer.hikari.pool.PoolBase.newConnection(PoolBase.java:364)com.zaxxer.hikari.pool.PoolBase.newPoolEntry(PoolBase.java:206)com.zaxxer.hikari.pool.HikariPool.createPoolEntry(HikariPool.java:476)com.zaxxer.hikari.pool.HikariPool.checkFailFast(HikariPool.java:561)com.zaxxer.hikari.pool.HikariPool.<init>(HikariPool.java:115)com.zaxxer.hikari.HikariDataSource.getConnection(HikariDataSource.java:112)org.hibernate.engine.jdbc.connections.internal.DatasourceConnectionProviderImpl.getConnection(DatasourceConnectionProviderImpl.java:122)org.hibernate.engine.jdbc.env.internal.JdbcEnvironmentInitiator$ConnectionProviderJdbcConnectionAccess.obtainConnection(JdbcEnvironmentInitiator.java:181)org.hibernate.engine.jdbc.env.internal.JdbcEnvironmentInitiator.initiateService(JdbcEnvironmentInitiator.java:68)org.hibernate.engine.jdbc.env.internal.JdbcEnvironmentInitiator.initiateService(JdbcEnvironmentInitiator.java:35)org.hibernate.boot.registry.internal.StandardServiceRegistryImpl.initiateService(StandardServiceRegistryImpl.java:101)org.hibernate.service.internal.AbstractServiceRegistryImpl.createService(AbstractServiceRegistryImpl.java:263)org.hibernate.service.internal.AbstractServiceRegistryImpl.initializeService(AbstractServiceRegistryImpl.java:237)org.hibernate.service.internal.AbstractServiceRegistryImpl.getService(AbstractServiceRegistryImpl.java:214)org.hibernate.id.factory.internal.DefaultIdentifierGeneratorFactory.injectServices(DefaultIdentifierGeneratorFactory.java:175)org.hibernate.service.internal.AbstractServiceRegistryImpl.injectDependencies(AbstractServiceRegistryImpl.java:286)org.hibernate.service.internal.AbstractServiceRegistryImpl.initializeService(AbstractServiceRegistryImpl.java:243)org.hibernate.service.internal.AbstractServiceRegistryImpl.getService(AbstractServiceRegistryImpl.java:214)org.hibernate.boot.internal.InFlightMetadataCollectorImpl.<init>(InFlightMetadataCollectorImpl.java:173)org.hibernate.boot.model.process.spi.MetadataBuildingProcess.complete(MetadataBuildingProcess.java:127)org.hibernate.jpa.boot.internal.EntityManagerFactoryBuilderImpl.metadata(EntityManagerFactoryBuilderImpl.java:1460)org.hibernate.jpa.boot.internal.EntityManagerFactoryBuilderImpl.build(EntityManagerFactoryBuilderImpl.java:1494)org.springframework.orm.jpa.vendor.SpringHibernateJpaPersistenceProvider.createContainerEntityManagerFactory(SpringHibernateJpaPersistenceProvider.java:58)org.springframework.orm.jpa.LocalContainerEntityManagerFactoryBean.createNativeEntityManagerFactory(LocalContainerEntityManagerFactoryBean.java:365)org.springframework.orm.jpa.AbstractEntityManagerFactoryBean.buildNativeEntityManagerFactory(AbstractEntityManagerFactoryBean.java:409)org.springframework.orm.jpa.AbstractEntityManagerFactoryBean.afterPropertiesSet(AbstractEntityManagerFactoryBean.java:396)org.springframework.orm.jpa.LocalContainerEntityManagerFactoryBean.afterPropertiesSet(LocalContainerEntityManagerFactoryBean.java:341)org.springframework.beans.factory.support.AbstractAutowireCapableBeanFactory.invokeInitMethods(AbstractAutowireCapableBeanFactory.java:1863)org.springframework.beans.factory.support.AbstractAutowireCapableBeanFactory.initializeBean(AbstractAutowireCapableBeanFactory.java:1800)org.springframework.beans.factory.support.AbstractAutowireCapableBeanFactory.doCreateBean(AbstractAutowireCapableBeanFactory.java:620)org.springframework.beans.factory.support.AbstractAutowireCapableBeanFactory.createBean(AbstractAutowireCapableBeanFactory.java:542)org.springframework.beans.factory.support.AbstractBeanFactory.lambda$doGetBean$0(AbstractBeanFactory.java:335)org.springframework.beans.factory.support.DefaultSingletonBeanRegistry.getSingleton(DefaultSingletonBeanRegistry.java:234)org.springframework.beans.factory.support.AbstractBeanFactory.doGetBean(AbstractBeanFactory.java:333)org.springframework.beans.factory.support.AbstractBeanFactory.getBean(AbstractBeanFactory.java:208)org.springframework.context.support.AbstractApplicationContext.getBean(AbstractApplicationContext.java:1154)org.springframework.context.support.AbstractApplicationContext.finishBeanFactoryInitialization(AbstractApplicationContext.java:908)org.springframework.context.support.AbstractApplicationContext.refresh(AbstractApplicationContext.java:583)org.springframework.boot.web.servlet.context.ServletWebServerApplicationContext.refresh(ServletWebServerApplicationContext.java:147)org.springframework.boot.SpringApplication.refresh(SpringApplication.java:734)org.springframework.boot.SpringApplication.refreshContext(SpringApplication.java:408)org.springframework.boot.SpringApplication.run(SpringApplication.java:308)org.springframework.boot.SpringApplication.run(SpringApplication.java:1306)org.springframework.boot.SpringApplication.run(SpringApplication.java:1295)za.co.woolworths.itemkafka_poc.KafkaItemProducerPocApplication.main(KafkaItemProducerPocApplication.java:10)java.base/jdk.internal.reflect.NativeMethodAccessorImpl.invoke0(Native Method)java.base/jdk.internal.reflect.NativeMethodAccessorImpl.invoke(NativeMethodAccessorImpl.java:77)java.base/jdk.internal.reflect.DelegatingMethodAccessorImpl.invoke(DelegatingMethodAccessorImpl.java:43)java.base/java.lang.reflect.Method.invoke(Method.java:568)org.springframework.boot.loader.MainMethodRunner.run(MainMethodRunner.java:49)org.springframework.boot.loader.Launcher.launch(Launcher.java:108)org.springframework.boot.loader.Launcher.launch(Launcher.java:58)org.springframework.boot.loader.JarLauncher.main(JarLauncher.java:65) 
2025-01-07 17:14:59.981 DEBUG [com.microsoft.sqlserver.jdbc.internals.SQLServerConnection:2944] ConnectionID:2 ClientConnectionId: 78ba1011-4efc-4979-a107-6d1cf27f5998 sleeping milisec: 1000 
2025-01-07 17:15:00.997 DEBUG [com.microsoft.sqlserver.jdbc.internals.SQLServerConnection:2825] ConnectionID:2 This attempt server name: C21SQL04 port: 1433 InstanceName: amos.1 useParallel: false 
2025-01-07 17:15:00.999 DEBUG [com.microsoft.sqlserver.jdbc.internals.SQLServerConnection:2828] ConnectionID:2 This attempt endtime: 1736262922727 
2025-01-07 17:15:01.000 DEBUG [com.microsoft.sqlserver.jdbc.internals.SQLServerConnection:2829] ConnectionID:2 This attempt No: 8 
2025-01-07 17:15:01.001 DEBUG [com.microsoft.sqlserver.jdbc.internals.SQLServerConnection:3165] ConnectionID:2 Connecting with server: C21SQL04 port: 1433 Timeout slice: 21726 Timeout Full: 30 
2025-01-07 17:15:01.156 DEBUG [com.microsoft.sqlserver.jdbc.internals.SQLServerConnection:3547] ConnectionID:2 ClientConnectionId: cc2a2505-52eb-4ce0-82ce-f620a6622886 Server returned major version:13 
2025-01-07 17:15:01.372 DEBUG [jdk.event.security:274]  TLSHandshake: C21SQL04:1433, TLSv1.2, TLS_ECDHE_RSA_WITH_AES_256_CBC_SHA384, -1000310061 
2025-01-07 17:15:01.376 DEBUG [com.microsoft.sqlserver.jdbc.internals.SQLServerException:116] *** SQLException:ConnectionID:2 ClientConnectionId: cc2a2505-52eb-4ce0-82ce-f620a6622886 com.microsoft.sqlserver.jdbc.SQLServerException: This driver is not configured for integrated authentication. ClientConnectionId:cc2a2505-52eb-4ce0-82ce-f620a6622886 This driver is not configured for integrated authentication. ClientConnectionId:cc2a2505-52eb-4ce0-82ce-f620a6622886 
2025-01-07 17:15:01.377 DEBUG [com.microsoft.sqlserver.jdbc.internals.SQLServerException:130] com.microsoft.sqlserver.jdbc.SQLServerConnection.terminate(SQLServerConnection.java:3680)com.microsoft.sqlserver.jdbc.AuthenticationJNI.<init>(AuthenticationJNI.java:74)com.microsoft.sqlserver.jdbc.SQLServerConnection.logon(SQLServerConnection.java:4734)com.microsoft.sqlserver.jdbc.SQLServerConnection.access$100(SQLServerConnection.java:90)com.microsoft.sqlserver.jdbc.SQLServerConnection$LogonCommand.doExecute(SQLServerConnection.java:4723)com.microsoft.sqlserver.jdbc.TDSCommand.execute(IOBuffer.java:7785)com.microsoft.sqlserver.jdbc.SQLServerConnection.executeCommand(SQLServerConnection.java:3793)com.microsoft.sqlserver.jdbc.SQLServerConnection.connectHelper(SQLServerConnection.java:3233)com.microsoft.sqlserver.jdbc.SQLServerConnection.login(SQLServerConnection.java:2833)com.microsoft.sqlserver.jdbc.SQLServerConnection.connectInternal(SQLServerConnection.java:2671)com.microsoft.sqlserver.jdbc.SQLServerConnection.connect(SQLServerConnection.java:1640)com.microsoft.sqlserver.jdbc.SQLServerDriver.connect(SQLServerDriver.java:936)com.zaxxer.hikari.util.DriverDataSource.getConnection(DriverDataSource.java:121)com.zaxxer.hikari.pool.PoolBase.newConnection(PoolBase.java:364)com.zaxxer.hikari.pool.PoolBase.newPoolEntry(PoolBase.java:206)com.zaxxer.hikari.pool.HikariPool.createPoolEntry(HikariPool.java:476)com.zaxxer.hikari.pool.HikariPool.checkFailFast(HikariPool.java:561)com.zaxxer.hikari.pool.HikariPool.<init>(HikariPool.java:115)com.zaxxer.hikari.HikariDataSource.getConnection(HikariDataSource.java:112)org.hibernate.engine.jdbc.connections.internal.DatasourceConnectionProviderImpl.getConnection(DatasourceConnectionProviderImpl.java:122)org.hibernate.engine.jdbc.env.internal.JdbcEnvironmentInitiator$ConnectionProviderJdbcConnectionAccess.obtainConnection(JdbcEnvironmentInitiator.java:181)org.hibernate.engine.jdbc.env.internal.JdbcEnvironmentInitiator.initiateService(JdbcEnvironmentInitiator.java:68)org.hibernate.engine.jdbc.env.internal.JdbcEnvironmentInitiator.initiateService(JdbcEnvironmentInitiator.java:35)org.hibernate.boot.registry.internal.StandardServiceRegistryImpl.initiateService(StandardServiceRegistryImpl.java:101)org.hibernate.service.internal.AbstractServiceRegistryImpl.createService(AbstractServiceRegistryImpl.java:263)org.hibernate.service.internal.AbstractServiceRegistryImpl.initializeService(AbstractServiceRegistryImpl.java:237)org.hibernate.service.internal.AbstractServiceRegistryImpl.getService(AbstractServiceRegistryImpl.java:214)org.hibernate.id.factory.internal.DefaultIdentifierGeneratorFactory.injectServices(DefaultIdentifierGeneratorFactory.java:175)org.hibernate.service.internal.AbstractServiceRegistryImpl.injectDependencies(AbstractServiceRegistryImpl.java:286)org.hibernate.service.internal.AbstractServiceRegistryImpl.initializeService(AbstractServiceRegistryImpl.java:243)org.hibernate.service.internal.AbstractServiceRegistryImpl.getService(AbstractServiceRegistryImpl.java:214)org.hibernate.boot.internal.InFlightMetadataCollectorImpl.<init>(InFlightMetadataCollectorImpl.java:173)org.hibernate.boot.model.process.spi.MetadataBuildingProcess.complete(MetadataBuildingProcess.java:127)org.hibernate.jpa.boot.internal.EntityManagerFactoryBuilderImpl.metadata(EntityManagerFactoryBuilderImpl.java:1460)org.hibernate.jpa.boot.internal.EntityManagerFactoryBuilderImpl.build(EntityManagerFactoryBuilderImpl.java:1494)org.springframework.orm.jpa.vendor.SpringHibernateJpaPersistenceProvider.createContainerEntityManagerFactory(SpringHibernateJpaPersistenceProvider.java:58)org.springframework.orm.jpa.LocalContainerEntityManagerFactoryBean.createNativeEntityManagerFactory(LocalContainerEntityManagerFactoryBean.java:365)org.springframework.orm.jpa.AbstractEntityManagerFactoryBean.buildNativeEntityManagerFactory(AbstractEntityManagerFactoryBean.java:409)org.springframework.orm.jpa.AbstractEntityManagerFactoryBean.afterPropertiesSet(AbstractEntityManagerFactoryBean.java:396)org.springframework.orm.jpa.LocalContainerEntityManagerFactoryBean.afterPropertiesSet(LocalContainerEntityManagerFactoryBean.java:341)org.springframework.beans.factory.support.AbstractAutowireCapableBeanFactory.invokeInitMethods(AbstractAutowireCapableBeanFactory.java:1863)org.springframework.beans.factory.support.AbstractAutowireCapableBeanFactory.initializeBean(AbstractAutowireCapableBeanFactory.java:1800)org.springframework.beans.factory.support.AbstractAutowireCapableBeanFactory.doCreateBean(AbstractAutowireCapableBeanFactory.java:620)org.springframework.beans.factory.support.AbstractAutowireCapableBeanFactory.createBean(AbstractAutowireCapableBeanFactory.java:542)org.springframework.beans.factory.support.AbstractBeanFactory.lambda$doGetBean$0(AbstractBeanFactory.java:335)org.springframework.beans.factory.support.DefaultSingletonBeanRegistry.getSingleton(DefaultSingletonBeanRegistry.java:234)org.springframework.beans.factory.support.AbstractBeanFactory.doGetBean(AbstractBeanFactory.java:333)org.springframework.beans.factory.support.AbstractBeanFactory.getBean(AbstractBeanFactory.java:208)org.springframework.context.support.AbstractApplicationContext.getBean(AbstractApplicationContext.java:1154)org.springframework.context.support.AbstractApplicationContext.finishBeanFactoryInitialization(AbstractApplicationContext.java:908)org.springframework.context.support.AbstractApplicationContext.refresh(AbstractApplicationContext.java:583)org.springframework.boot.web.servlet.context.ServletWebServerApplicationContext.refresh(ServletWebServerApplicationContext.java:147)org.springframework.boot.SpringApplication.refresh(SpringApplication.java:734)org.springframework.boot.SpringApplication.refreshContext(SpringApplication.java:408)org.springframework.boot.SpringApplication.run(SpringApplication.java:308)org.springframework.boot.SpringApplication.run(SpringApplication.java:1306)org.springframework.boot.SpringApplication.run(SpringApplication.java:1295)za.co.woolworths.itemkafka_poc.KafkaItemProducerPocApplication.main(KafkaItemProducerPocApplication.java:10)java.base/jdk.internal.reflect.NativeMethodAccessorImpl.invoke0(Native Method)java.base/jdk.internal.reflect.NativeMethodAccessorImpl.invoke(NativeMethodAccessorImpl.java:77)java.base/jdk.internal.reflect.DelegatingMethodAccessorImpl.invoke(DelegatingMethodAccessorImpl.java:43)java.base/java.lang.reflect.Method.invoke(Method.java:568)org.springframework.boot.loader.MainMethodRunner.run(MainMethodRunner.java:49)org.springframework.boot.loader.Launcher.launch(Launcher.java:108)org.springframework.boot.loader.Launcher.launch(Launcher.java:58)org.springframework.boot.loader.JarLauncher.main(JarLauncher.java:65) 
2025-01-07 17:15:01.385 DEBUG [com.microsoft.sqlserver.jdbc.internals.SQLServerConnection:2944] ConnectionID:2 ClientConnectionId: cc2a2505-52eb-4ce0-82ce-f620a6622886 sleeping milisec: 1000 
2025-01-07 17:15:02.389 DEBUG [com.microsoft.sqlserver.jdbc.internals.SQLServerConnection:2825] ConnectionID:2 This attempt server name: C21SQL04 port: 1433 InstanceName: amos.1 useParallel: false 
2025-01-07 17:15:02.390 DEBUG [com.microsoft.sqlserver.jdbc.internals.SQLServerConnection:2828] ConnectionID:2 This attempt endtime: 1736262922727 
2025-01-07 17:15:02.391 DEBUG [com.microsoft.sqlserver.jdbc.internals.SQLServerConnection:2829] ConnectionID:2 This attempt No: 9 
2025-01-07 17:15:02.392 DEBUG [com.microsoft.sqlserver.jdbc.internals.SQLServerConnection:3165] ConnectionID:2 Connecting with server: C21SQL04 port: 1433 Timeout slice: 20335 Timeout Full: 30 
2025-01-07 17:15:02.559 DEBUG [com.microsoft.sqlserver.jdbc.internals.SQLServerConnection:3547] ConnectionID:2 ClientConnectionId: 3ca6144e-e677-479f-9ab2-72b4beefa5d2 Server returned major version:13 
2025-01-07 17:15:02.704 DEBUG [jdk.event.security:274]  TLSHandshake: C21SQL04:1433, TLSv1.2, TLS_ECDHE_RSA_WITH_AES_256_CBC_SHA384, -1000310061 
2025-01-07 17:15:02.705 DEBUG [com.microsoft.sqlserver.jdbc.internals.SQLServerException:116] *** SQLException:ConnectionID:2 ClientConnectionId: 3ca6144e-e677-479f-9ab2-72b4beefa5d2 com.microsoft.sqlserver.jdbc.SQLServerException: This driver is not configured for integrated authentication. ClientConnectionId:3ca6144e-e677-479f-9ab2-72b4beefa5d2 This driver is not configured for integrated authentication. ClientConnectionId:3ca6144e-e677-479f-9ab2-72b4beefa5d2 
2025-01-07 17:15:02.706 DEBUG [com.microsoft.sqlserver.jdbc.internals.SQLServerException:130] com.microsoft.sqlserver.jdbc.SQLServerConnection.terminate(SQLServerConnection.java:3680)com.microsoft.sqlserver.jdbc.AuthenticationJNI.<init>(AuthenticationJNI.java:74)com.microsoft.sqlserver.jdbc.SQLServerConnection.logon(SQLServerConnection.java:4734)com.microsoft.sqlserver.jdbc.SQLServerConnection.access$100(SQLServerConnection.java:90)com.microsoft.sqlserver.jdbc.SQLServerConnection$LogonCommand.doExecute(SQLServerConnection.java:4723)com.microsoft.sqlserver.jdbc.TDSCommand.execute(IOBuffer.java:7785)com.microsoft.sqlserver.jdbc.SQLServerConnection.executeCommand(SQLServerConnection.java:3793)com.microsoft.sqlserver.jdbc.SQLServerConnection.connectHelper(SQLServerConnection.java:3233)com.microsoft.sqlserver.jdbc.SQLServerConnection.login(SQLServerConnection.java:2833)com.microsoft.sqlserver.jdbc.SQLServerConnection.connectInternal(SQLServerConnection.java:2671)com.microsoft.sqlserver.jdbc.SQLServerConnection.connect(SQLServerConnection.java:1640)com.microsoft.sqlserver.jdbc.SQLServerDriver.connect(SQLServerDriver.java:936)com.zaxxer.hikari.util.DriverDataSource.getConnection(DriverDataSource.java:121)com.zaxxer.hikari.pool.PoolBase.newConnection(PoolBase.java:364)com.zaxxer.hikari.pool.PoolBase.newPoolEntry(PoolBase.java:206)com.zaxxer.hikari.pool.HikariPool.createPoolEntry(HikariPool.java:476)com.zaxxer.hikari.pool.HikariPool.checkFailFast(HikariPool.java:561)com.zaxxer.hikari.pool.HikariPool.<init>(HikariPool.java:115)com.zaxxer.hikari.HikariDataSource.getConnection(HikariDataSource.java:112)org.hibernate.engine.jdbc.connections.internal.DatasourceConnectionProviderImpl.getConnection(DatasourceConnectionProviderImpl.java:122)org.hibernate.engine.jdbc.env.internal.JdbcEnvironmentInitiator$ConnectionProviderJdbcConnectionAccess.obtainConnection(JdbcEnvironmentInitiator.java:181)org.hibernate.engine.jdbc.env.internal.JdbcEnvironmentInitiator.initiateService(JdbcEnvironmentInitiator.java:68)org.hibernate.engine.jdbc.env.internal.JdbcEnvironmentInitiator.initiateService(JdbcEnvironmentInitiator.java:35)org.hibernate.boot.registry.internal.StandardServiceRegistryImpl.initiateService(StandardServiceRegistryImpl.java:101)org.hibernate.service.internal.AbstractServiceRegistryImpl.createService(AbstractServiceRegistryImpl.java:263)org.hibernate.service.internal.AbstractServiceRegistryImpl.initializeService(AbstractServiceRegistryImpl.java:237)org.hibernate.service.internal.AbstractServiceRegistryImpl.getService(AbstractServiceRegistryImpl.java:214)org.hibernate.id.factory.internal.DefaultIdentifierGeneratorFactory.injectServices(DefaultIdentifierGeneratorFactory.java:175)org.hibernate.service.internal.AbstractServiceRegistryImpl.injectDependencies(AbstractServiceRegistryImpl.java:286)org.hibernate.service.internal.AbstractServiceRegistryImpl.initializeService(AbstractServiceRegistryImpl.java:243)org.hibernate.service.internal.AbstractServiceRegistryImpl.getService(AbstractServiceRegistryImpl.java:214)org.hibernate.boot.internal.InFlightMetadataCollectorImpl.<init>(InFlightMetadataCollectorImpl.java:173)org.hibernate.boot.model.process.spi.MetadataBuildingProcess.complete(MetadataBuildingProcess.java:127)org.hibernate.jpa.boot.internal.EntityManagerFactoryBuilderImpl.metadata(EntityManagerFactoryBuilderImpl.java:1460)org.hibernate.jpa.boot.internal.EntityManagerFactoryBuilderImpl.build(EntityManagerFactoryBuilderImpl.java:1494)org.springframework.orm.jpa.vendor.SpringHibernateJpaPersistenceProvider.createContainerEntityManagerFactory(SpringHibernateJpaPersistenceProvider.java:58)org.springframework.orm.jpa.LocalContainerEntityManagerFactoryBean.createNativeEntityManagerFactory(LocalContainerEntityManagerFactoryBean.java:365)org.springframework.orm.jpa.AbstractEntityManagerFactoryBean.buildNativeEntityManagerFactory(AbstractEntityManagerFactoryBean.java:409)org.springframework.orm.jpa.AbstractEntityManagerFactoryBean.afterPropertiesSet(AbstractEntityManagerFactoryBean.java:396)org.springframework.orm.jpa.LocalContainerEntityManagerFactoryBean.afterPropertiesSet(LocalContainerEntityManagerFactoryBean.java:341)org.springframework.beans.factory.support.AbstractAutowireCapableBeanFactory.invokeInitMethods(AbstractAutowireCapableBeanFactory.java:1863)org.springframework.beans.factory.support.AbstractAutowireCapableBeanFactory.initializeBean(AbstractAutowireCapableBeanFactory.java:1800)org.springframework.beans.factory.support.AbstractAutowireCapableBeanFactory.doCreateBean(AbstractAutowireCapableBeanFactory.java:620)org.springframework.beans.factory.support.AbstractAutowireCapableBeanFactory.createBean(AbstractAutowireCapableBeanFactory.java:542)org.springframework.beans.factory.support.AbstractBeanFactory.lambda$doGetBean$0(AbstractBeanFactory.java:335)org.springframework.beans.factory.support.DefaultSingletonBeanRegistry.getSingleton(DefaultSingletonBeanRegistry.java:234)org.springframework.beans.factory.support.AbstractBeanFactory.doGetBean(AbstractBeanFactory.java:333)org.springframework.beans.factory.support.AbstractBeanFactory.getBean(AbstractBeanFactory.java:208)org.springframework.context.support.AbstractApplicationContext.getBean(AbstractApplicationContext.java:1154)org.springframework.context.support.AbstractApplicationContext.finishBeanFactoryInitialization(AbstractApplicationContext.java:908)org.springframework.context.support.AbstractApplicationContext.refresh(AbstractApplicationContext.java:583)org.springframework.boot.web.servlet.context.ServletWebServerApplicationContext.refresh(ServletWebServerApplicationContext.java:147)org.springframework.boot.SpringApplication.refresh(SpringApplication.java:734)org.springframework.boot.SpringApplication.refreshContext(SpringApplication.java:408)org.springframework.boot.SpringApplication.run(SpringApplication.java:308)org.springframework.boot.SpringApplication.run(SpringApplication.java:1306)org.springframework.boot.SpringApplication.run(SpringApplication.java:1295)za.co.woolworths.itemkafka_poc.KafkaItemProducerPocApplication.main(KafkaItemProducerPocApplication.java:10)java.base/jdk.internal.reflect.NativeMethodAccessorImpl.invoke0(Native Method)java.base/jdk.internal.reflect.NativeMethodAccessorImpl.invoke(NativeMethodAccessorImpl.java:77)java.base/jdk.internal.reflect.DelegatingMethodAccessorImpl.invoke(DelegatingMethodAccessorImpl.java:43)java.base/java.lang.reflect.Method.invoke(Method.java:568)org.springframework.boot.loader.MainMethodRunner.run(MainMethodRunner.java:49)org.springframework.boot.loader.Launcher.launch(Launcher.java:108)org.springframework.boot.loader.Launcher.launch(Launcher.java:58)org.springframework.boot.loader.JarLauncher.main(JarLauncher.java:65) 
2025-01-07 17:15:02.712 DEBUG [com.microsoft.sqlserver.jdbc.internals.SQLServerConnection:2944] ConnectionID:2 ClientConnectionId: 3ca6144e-e677-479f-9ab2-72b4beefa5d2 sleeping milisec: 1000 
2025-01-07 17:15:03.716 DEBUG [com.microsoft.sqlserver.jdbc.internals.SQLServerConnection:2825] ConnectionID:2 This attempt server name: C21SQL04 port: 1433 InstanceName: amos.1 useParallel: false 
2025-01-07 17:15:03.718 DEBUG [com.microsoft.sqlserver.jdbc.internals.SQLServerConnection:2828] ConnectionID:2 This attempt endtime: 1736262922727 
2025-01-07 17:15:03.719 DEBUG [com.microsoft.sqlserver.jdbc.internals.SQLServerConnection:2829] ConnectionID:2 This attempt No: 10 
2025-01-07 17:15:03.720 DEBUG [com.microsoft.sqlserver.jdbc.internals.SQLServerConnection:3165] ConnectionID:2 Connecting with server: C21SQL04 port: 1433 Timeout slice: 19007 Timeout Full: 30 
2025-01-07 17:15:03.865 DEBUG [com.microsoft.sqlserver.jdbc.internals.SQLServerConnection:3547] ConnectionID:2 ClientConnectionId: d0480103-e047-48bc-bae5-c79adcd897ff Server returned major version:13 
2025-01-07 17:15:04.020 DEBUG [jdk.event.security:274]  TLSHandshake: C21SQL04:1433, TLSv1.2, TLS_ECDHE_RSA_WITH_AES_256_CBC_SHA384, -1000310061 
2025-01-07 17:15:04.021 DEBUG [com.microsoft.sqlserver.jdbc.internals.SQLServerException:116] *** SQLException:ConnectionID:2 ClientConnectionId: d0480103-e047-48bc-bae5-c79adcd897ff com.microsoft.sqlserver.jdbc.SQLServerException: This driver is not configured for integrated authentication. ClientConnectionId:d0480103-e047-48bc-bae5-c79adcd897ff This driver is not configured for integrated authentication. ClientConnectionId:d0480103-e047-48bc-bae5-c79adcd897ff 
2025-01-07 17:15:04.023 DEBUG [com.microsoft.sqlserver.jdbc.internals.SQLServerException:130] com.microsoft.sqlserver.jdbc.SQLServerConnection.terminate(SQLServerConnection.java:3680)com.microsoft.sqlserver.jdbc.AuthenticationJNI.<init>(AuthenticationJNI.java:74)com.microsoft.sqlserver.jdbc.SQLServerConnection.logon(SQLServerConnection.java:4734)com.microsoft.sqlserver.jdbc.SQLServerConnection.access$100(SQLServerConnection.java:90)com.microsoft.sqlserver.jdbc.SQLServerConnection$LogonCommand.doExecute(SQLServerConnection.java:4723)com.microsoft.sqlserver.jdbc.TDSCommand.execute(IOBuffer.java:7785)com.microsoft.sqlserver.jdbc.SQLServerConnection.executeCommand(SQLServerConnection.java:3793)com.microsoft.sqlserver.jdbc.SQLServerConnection.connectHelper(SQLServerConnection.java:3233)com.microsoft.sqlserver.jdbc.SQLServerConnection.login(SQLServerConnection.java:2833)com.microsoft.sqlserver.jdbc.SQLServerConnection.connectInternal(SQLServerConnection.java:2671)com.microsoft.sqlserver.jdbc.SQLServerConnection.connect(SQLServerConnection.java:1640)com.microsoft.sqlserver.jdbc.SQLServerDriver.connect(SQLServerDriver.java:936)com.zaxxer.hikari.util.DriverDataSource.getConnection(DriverDataSource.java:121)com.zaxxer.hikari.pool.PoolBase.newConnection(PoolBase.java:364)com.zaxxer.hikari.pool.PoolBase.newPoolEntry(PoolBase.java:206)com.zaxxer.hikari.pool.HikariPool.createPoolEntry(HikariPool.java:476)com.zaxxer.hikari.pool.HikariPool.checkFailFast(HikariPool.java:561)com.zaxxer.hikari.pool.HikariPool.<init>(HikariPool.java:115)com.zaxxer.hikari.HikariDataSource.getConnection(HikariDataSource.java:112)org.hibernate.engine.jdbc.connections.internal.DatasourceConnectionProviderImpl.getConnection(DatasourceConnectionProviderImpl.java:122)org.hibernate.engine.jdbc.env.internal.JdbcEnvironmentInitiator$ConnectionProviderJdbcConnectionAccess.obtainConnection(JdbcEnvironmentInitiator.java:181)org.hibernate.engine.jdbc.env.internal.JdbcEnvironmentInitiator.initiateService(JdbcEnvironmentInitiator.java:68)org.hibernate.engine.jdbc.env.internal.JdbcEnvironmentInitiator.initiateService(JdbcEnvironmentInitiator.java:35)org.hibernate.boot.registry.internal.StandardServiceRegistryImpl.initiateService(StandardServiceRegistryImpl.java:101)org.hibernate.service.internal.AbstractServiceRegistryImpl.createService(AbstractServiceRegistryImpl.java:263)org.hibernate.service.internal.AbstractServiceRegistryImpl.initializeService(AbstractServiceRegistryImpl.java:237)org.hibernate.service.internal.AbstractServiceRegistryImpl.getService(AbstractServiceRegistryImpl.java:214)org.hibernate.id.factory.internal.DefaultIdentifierGeneratorFactory.injectServices(DefaultIdentifierGeneratorFactory.java:175)org.hibernate.service.internal.AbstractServiceRegistryImpl.injectDependencies(AbstractServiceRegistryImpl.java:286)org.hibernate.service.internal.AbstractServiceRegistryImpl.initializeService(AbstractServiceRegistryImpl.java:243)org.hibernate.service.internal.AbstractServiceRegistryImpl.getService(AbstractServiceRegistryImpl.java:214)org.hibernate.boot.internal.InFlightMetadataCollectorImpl.<init>(InFlightMetadataCollectorImpl.java:173)org.hibernate.boot.model.process.spi.MetadataBuildingProcess.complete(MetadataBuildingProcess.java:127)org.hibernate.jpa.boot.internal.EntityManagerFactoryBuilderImpl.metadata(EntityManagerFactoryBuilderImpl.java:1460)org.hibernate.jpa.boot.internal.EntityManagerFactoryBuilderImpl.build(EntityManagerFactoryBuilderImpl.java:1494)org.springframework.orm.jpa.vendor.SpringHibernateJpaPersistenceProvider.createContainerEntityManagerFactory(SpringHibernateJpaPersistenceProvider.java:58)org.springframework.orm.jpa.LocalContainerEntityManagerFactoryBean.createNativeEntityManagerFactory(LocalContainerEntityManagerFactoryBean.java:365)org.springframework.orm.jpa.AbstractEntityManagerFactoryBean.buildNativeEntityManagerFactory(AbstractEntityManagerFactoryBean.java:409)org.springframework.orm.jpa.AbstractEntityManagerFactoryBean.afterPropertiesSet(AbstractEntityManagerFactoryBean.java:396)org.springframework.orm.jpa.LocalContainerEntityManagerFactoryBean.afterPropertiesSet(LocalContainerEntityManagerFactoryBean.java:341)org.springframework.beans.factory.support.AbstractAutowireCapableBeanFactory.invokeInitMethods(AbstractAutowireCapableBeanFactory.java:1863)org.springframework.beans.factory.support.AbstractAutowireCapableBeanFactory.initializeBean(AbstractAutowireCapableBeanFactory.java:1800)org.springframework.beans.factory.support.AbstractAutowireCapableBeanFactory.doCreateBean(AbstractAutowireCapableBeanFactory.java:620)org.springframework.beans.factory.support.AbstractAutowireCapableBeanFactory.createBean(AbstractAutowireCapableBeanFactory.java:542)org.springframework.beans.factory.support.AbstractBeanFactory.lambda$doGetBean$0(AbstractBeanFactory.java:335)org.springframework.beans.factory.support.DefaultSingletonBeanRegistry.getSingleton(DefaultSingletonBeanRegistry.java:234)org.springframework.beans.factory.support.AbstractBeanFactory.doGetBean(AbstractBeanFactory.java:333)org.springframework.beans.factory.support.AbstractBeanFactory.getBean(AbstractBeanFactory.java:208)org.springframework.context.support.AbstractApplicationContext.getBean(AbstractApplicationContext.java:1154)org.springframework.context.support.AbstractApplicationContext.finishBeanFactoryInitialization(AbstractApplicationContext.java:908)org.springframework.context.support.AbstractApplicationContext.refresh(AbstractApplicationContext.java:583)org.springframework.boot.web.servlet.context.ServletWebServerApplicationContext.refresh(ServletWebServerApplicationContext.java:147)org.springframework.boot.SpringApplication.refresh(SpringApplication.java:734)org.springframework.boot.SpringApplication.refreshContext(SpringApplication.java:408)org.springframework.boot.SpringApplication.run(SpringApplication.java:308)org.springframework.boot.SpringApplication.run(SpringApplication.java:1306)org.springframework.boot.SpringApplication.run(SpringApplication.java:1295)za.co.woolworths.itemkafka_poc.KafkaItemProducerPocApplication.main(KafkaItemProducerPocApplication.java:10)java.base/jdk.internal.reflect.NativeMethodAccessorImpl.invoke0(Native Method)java.base/jdk.internal.reflect.NativeMethodAccessorImpl.invoke(NativeMethodAccessorImpl.java:77)java.base/jdk.internal.reflect.DelegatingMethodAccessorImpl.invoke(DelegatingMethodAccessorImpl.java:43)java.base/java.lang.reflect.Method.invoke(Method.java:568)org.springframework.boot.loader.MainMethodRunner.run(MainMethodRunner.java:49)org.springframework.boot.loader.Launcher.launch(Launcher.java:108)org.springframework.boot.loader.Launcher.launch(Launcher.java:58)org.springframework.boot.loader.JarLauncher.main(JarLauncher.java:65) 
2025-01-07 17:15:04.027 DEBUG [com.microsoft.sqlserver.jdbc.internals.SQLServerConnection:2944] ConnectionID:2 ClientConnectionId: d0480103-e047-48bc-bae5-c79adcd897ff sleeping milisec: 1000 
2025-01-07 17:15:05.040 DEBUG [com.microsoft.sqlserver.jdbc.internals.SQLServerConnection:2825] ConnectionID:2 This attempt server name: C21SQL04 port: 1433 InstanceName: amos.1 useParallel: false 
2025-01-07 17:15:05.041 DEBUG [com.microsoft.sqlserver.jdbc.internals.SQLServerConnection:2828] ConnectionID:2 This attempt endtime: 1736262922727 
2025-01-07 17:15:05.042 DEBUG [com.microsoft.sqlserver.jdbc.internals.SQLServerConnection:2829] ConnectionID:2 This attempt No: 11 
2025-01-07 17:15:05.043 DEBUG [com.microsoft.sqlserver.jdbc.internals.SQLServerConnection:3165] ConnectionID:2 Connecting with server: C21SQL04 port: 1433 Timeout slice: 17684 Timeout Full: 30 
2025-01-07 17:15:05.196 DEBUG [com.microsoft.sqlserver.jdbc.internals.SQLServerConnection:3547] ConnectionID:2 ClientConnectionId: 8b5450d6-82b5-4575-b32b-812a56e43155 Server returned major version:13 
2025-01-07 17:15:05.338 DEBUG [jdk.event.security:274]  TLSHandshake: C21SQL04:1433, TLSv1.2, TLS_ECDHE_RSA_WITH_AES_256_CBC_SHA384, -1000310061 
2025-01-07 17:15:05.340 DEBUG [com.microsoft.sqlserver.jdbc.internals.SQLServerException:116] *** SQLException:ConnectionID:2 ClientConnectionId: 8b5450d6-82b5-4575-b32b-812a56e43155 com.microsoft.sqlserver.jdbc.SQLServerException: This driver is not configured for integrated authentication. ClientConnectionId:8b5450d6-82b5-4575-b32b-812a56e43155 This driver is not configured for integrated authentication. ClientConnectionId:8b5450d6-82b5-4575-b32b-812a56e43155 
2025-01-07 17:15:05.341 DEBUG [com.microsoft.sqlserver.jdbc.internals.SQLServerException:130] com.microsoft.sqlserver.jdbc.SQLServerConnection.terminate(SQLServerConnection.java:3680)com.microsoft.sqlserver.jdbc.AuthenticationJNI.<init>(AuthenticationJNI.java:74)com.microsoft.sqlserver.jdbc.SQLServerConnection.logon(SQLServerConnection.java:4734)com.microsoft.sqlserver.jdbc.SQLServerConnection.access$100(SQLServerConnection.java:90)com.microsoft.sqlserver.jdbc.SQLServerConnection$LogonCommand.doExecute(SQLServerConnection.java:4723)com.microsoft.sqlserver.jdbc.TDSCommand.execute(IOBuffer.java:7785)com.microsoft.sqlserver.jdbc.SQLServerConnection.executeCommand(SQLServerConnection.java:3793)com.microsoft.sqlserver.jdbc.SQLServerConnection.connectHelper(SQLServerConnection.java:3233)com.microsoft.sqlserver.jdbc.SQLServerConnection.login(SQLServerConnection.java:2833)com.microsoft.sqlserver.jdbc.SQLServerConnection.connectInternal(SQLServerConnection.java:2671)com.microsoft.sqlserver.jdbc.SQLServerConnection.connect(SQLServerConnection.java:1640)com.microsoft.sqlserver.jdbc.SQLServerDriver.connect(SQLServerDriver.java:936)com.zaxxer.hikari.util.DriverDataSource.getConnection(DriverDataSource.java:121)com.zaxxer.hikari.pool.PoolBase.newConnection(PoolBase.java:364)com.zaxxer.hikari.pool.PoolBase.newPoolEntry(PoolBase.java:206)com.zaxxer.hikari.pool.HikariPool.createPoolEntry(HikariPool.java:476)com.zaxxer.hikari.pool.HikariPool.checkFailFast(HikariPool.java:561)com.zaxxer.hikari.pool.HikariPool.<init>(HikariPool.java:115)com.zaxxer.hikari.HikariDataSource.getConnection(HikariDataSource.java:112)org.hibernate.engine.jdbc.connections.internal.DatasourceConnectionProviderImpl.getConnection(DatasourceConnectionProviderImpl.java:122)org.hibernate.engine.jdbc.env.internal.JdbcEnvironmentInitiator$ConnectionProviderJdbcConnectionAccess.obtainConnection(JdbcEnvironmentInitiator.java:181)org.hibernate.engine.jdbc.env.internal.JdbcEnvironmentInitiator.initiateService(JdbcEnvironmentInitiator.java:68)org.hibernate.engine.jdbc.env.internal.JdbcEnvironmentInitiator.initiateService(JdbcEnvironmentInitiator.java:35)org.hibernate.boot.registry.internal.StandardServiceRegistryImpl.initiateService(StandardServiceRegistryImpl.java:101)org.hibernate.service.internal.AbstractServiceRegistryImpl.createService(AbstractServiceRegistryImpl.java:263)org.hibernate.service.internal.AbstractServiceRegistryImpl.initializeService(AbstractServiceRegistryImpl.java:237)org.hibernate.service.internal.AbstractServiceRegistryImpl.getService(AbstractServiceRegistryImpl.java:214)org.hibernate.id.factory.internal.DefaultIdentifierGeneratorFactory.injectServices(DefaultIdentifierGeneratorFactory.java:175)org.hibernate.service.internal.AbstractServiceRegistryImpl.injectDependencies(AbstractServiceRegistryImpl.java:286)org.hibernate.service.internal.AbstractServiceRegistryImpl.initializeService(AbstractServiceRegistryImpl.java:243)org.hibernate.service.internal.AbstractServiceRegistryImpl.getService(AbstractServiceRegistryImpl.java:214)org.hibernate.boot.internal.InFlightMetadataCollectorImpl.<init>(InFlightMetadataCollectorImpl.java:173)org.hibernate.boot.model.process.spi.MetadataBuildingProcess.complete(MetadataBuildingProcess.java:127)org.hibernate.jpa.boot.internal.EntityManagerFactoryBuilderImpl.metadata(EntityManagerFactoryBuilderImpl.java:1460)org.hibernate.jpa.boot.internal.EntityManagerFactoryBuilderImpl.build(EntityManagerFactoryBuilderImpl.java:1494)org.springframework.orm.jpa.vendor.SpringHibernateJpaPersistenceProvider.createContainerEntityManagerFactory(SpringHibernateJpaPersistenceProvider.java:58)org.springframework.orm.jpa.LocalContainerEntityManagerFactoryBean.createNativeEntityManagerFactory(LocalContainerEntityManagerFactoryBean.java:365)org.springframework.orm.jpa.AbstractEntityManagerFactoryBean.buildNativeEntityManagerFactory(AbstractEntityManagerFactoryBean.java:409)org.springframework.orm.jpa.AbstractEntityManagerFactoryBean.afterPropertiesSet(AbstractEntityManagerFactoryBean.java:396)org.springframework.orm.jpa.LocalContainerEntityManagerFactoryBean.afterPropertiesSet(LocalContainerEntityManagerFactoryBean.java:341)org.springframework.beans.factory.support.AbstractAutowireCapableBeanFactory.invokeInitMethods(AbstractAutowireCapableBeanFactory.java:1863)org.springframework.beans.factory.support.AbstractAutowireCapableBeanFactory.initializeBean(AbstractAutowireCapableBeanFactory.java:1800)org.springframework.beans.factory.support.AbstractAutowireCapableBeanFactory.doCreateBean(AbstractAutowireCapableBeanFactory.java:620)org.springframework.beans.factory.support.AbstractAutowireCapableBeanFactory.createBean(AbstractAutowireCapableBeanFactory.java:542)org.springframework.beans.factory.support.AbstractBeanFactory.lambda$doGetBean$0(AbstractBeanFactory.java:335)org.springframework.beans.factory.support.DefaultSingletonBeanRegistry.getSingleton(DefaultSingletonBeanRegistry.java:234)org.springframework.beans.factory.support.AbstractBeanFactory.doGetBean(AbstractBeanFactory.java:333)org.springframework.beans.factory.support.AbstractBeanFactory.getBean(AbstractBeanFactory.java:208)org.springframework.context.support.AbstractApplicationContext.getBean(AbstractApplicationContext.java:1154)org.springframework.context.support.AbstractApplicationContext.finishBeanFactoryInitialization(AbstractApplicationContext.java:908)org.springframework.context.support.AbstractApplicationContext.refresh(AbstractApplicationContext.java:583)org.springframework.boot.web.servlet.context.ServletWebServerApplicationContext.refresh(ServletWebServerApplicationContext.java:147)org.springframework.boot.SpringApplication.refresh(SpringApplication.java:734)org.springframework.boot.SpringApplication.refreshContext(SpringApplication.java:408)org.springframework.boot.SpringApplication.run(SpringApplication.java:308)org.springframework.boot.SpringApplication.run(SpringApplication.java:1306)org.springframework.boot.SpringApplication.run(SpringApplication.java:1295)za.co.woolworths.itemkafka_poc.KafkaItemProducerPocApplication.main(KafkaItemProducerPocApplication.java:10)java.base/jdk.internal.reflect.NativeMethodAccessorImpl.invoke0(Native Method)java.base/jdk.internal.reflect.NativeMethodAccessorImpl.invoke(NativeMethodAccessorImpl.java:77)java.base/jdk.internal.reflect.DelegatingMethodAccessorImpl.invoke(DelegatingMethodAccessorImpl.java:43)java.base/java.lang.reflect.Method.invoke(Method.java:568)org.springframework.boot.loader.MainMethodRunner.run(MainMethodRunner.java:49)org.springframework.boot.loader.Launcher.launch(Launcher.java:108)org.springframework.boot.loader.Launcher.launch(Launcher.java:58)org.springframework.boot.loader.JarLauncher.main(JarLauncher.java:65) 
2025-01-07 17:15:05.346 DEBUG [com.microsoft.sqlserver.jdbc.internals.SQLServerConnection:2944] ConnectionID:2 ClientConnectionId: 8b5450d6-82b5-4575-b32b-812a56e43155 sleeping milisec: 1000 
2025-01-07 17:15:06.354 DEBUG [com.microsoft.sqlserver.jdbc.internals.SQLServerConnection:2825] ConnectionID:2 This attempt server name: C21SQL04 port: 1433 InstanceName: amos.1 useParallel: false 
2025-01-07 17:15:06.356 DEBUG [com.microsoft.sqlserver.jdbc.internals.SQLServerConnection:2828] ConnectionID:2 This attempt endtime: 1736262922727 
2025-01-07 17:15:06.357 DEBUG [com.microsoft.sqlserver.jdbc.internals.SQLServerConnection:2829] ConnectionID:2 This attempt No: 12 
2025-01-07 17:15:06.358 DEBUG [com.microsoft.sqlserver.jdbc.internals.SQLServerConnection:3165] ConnectionID:2 Connecting with server: C21SQL04 port: 1433 Timeout slice: 16369 Timeout Full: 30 
2025-01-07 17:15:06.513 DEBUG [com.microsoft.sqlserver.jdbc.internals.SQLServerConnection:3547] ConnectionID:2 ClientConnectionId: 89a867f9-0cd7-4054-99a7-6f16766473fd Server returned major version:13 
2025-01-07 17:15:06.817 DEBUG [jdk.event.security:274]  TLSHandshake: C21SQL04:1433, TLSv1.2, TLS_ECDHE_RSA_WITH_AES_256_CBC_SHA384, -1000310061 
2025-01-07 17:15:06.819 DEBUG [com.microsoft.sqlserver.jdbc.internals.SQLServerException:116] *** SQLException:ConnectionID:2 ClientConnectionId: 89a867f9-0cd7-4054-99a7-6f16766473fd com.microsoft.sqlserver.jdbc.SQLServerException: This driver is not configured for integrated authentication. ClientConnectionId:89a867f9-0cd7-4054-99a7-6f16766473fd This driver is not configured for integrated authentication. ClientConnectionId:89a867f9-0cd7-4054-99a7-6f16766473fd 
2025-01-07 17:15:06.820 DEBUG [com.microsoft.sqlserver.jdbc.internals.SQLServerException:130] com.microsoft.sqlserver.jdbc.SQLServerConnection.terminate(SQLServerConnection.java:3680)com.microsoft.sqlserver.jdbc.AuthenticationJNI.<init>(AuthenticationJNI.java:74)com.microsoft.sqlserver.jdbc.SQLServerConnection.logon(SQLServerConnection.java:4734)com.microsoft.sqlserver.jdbc.SQLServerConnection.access$100(SQLServerConnection.java:90)com.microsoft.sqlserver.jdbc.SQLServerConnection$LogonCommand.doExecute(SQLServerConnection.java:4723)com.microsoft.sqlserver.jdbc.TDSCommand.execute(IOBuffer.java:7785)com.microsoft.sqlserver.jdbc.SQLServerConnection.executeCommand(SQLServerConnection.java:3793)com.microsoft.sqlserver.jdbc.SQLServerConnection.connectHelper(SQLServerConnection.java:3233)com.microsoft.sqlserver.jdbc.SQLServerConnection.login(SQLServerConnection.java:2833)com.microsoft.sqlserver.jdbc.SQLServerConnection.connectInternal(SQLServerConnection.java:2671)com.microsoft.sqlserver.jdbc.SQLServerConnection.connect(SQLServerConnection.java:1640)com.microsoft.sqlserver.jdbc.SQLServerDriver.connect(SQLServerDriver.java:936)com.zaxxer.hikari.util.DriverDataSource.getConnection(DriverDataSource.java:121)com.zaxxer.hikari.pool.PoolBase.newConnection(PoolBase.java:364)com.zaxxer.hikari.pool.PoolBase.newPoolEntry(PoolBase.java:206)com.zaxxer.hikari.pool.HikariPool.createPoolEntry(HikariPool.java:476)com.zaxxer.hikari.pool.HikariPool.checkFailFast(HikariPool.java:561)com.zaxxer.hikari.pool.HikariPool.<init>(HikariPool.java:115)com.zaxxer.hikari.HikariDataSource.getConnection(HikariDataSource.java:112)org.hibernate.engine.jdbc.connections.internal.DatasourceConnectionProviderImpl.getConnection(DatasourceConnectionProviderImpl.java:122)org.hibernate.engine.jdbc.env.internal.JdbcEnvironmentInitiator$ConnectionProviderJdbcConnectionAccess.obtainConnection(JdbcEnvironmentInitiator.java:181)org.hibernate.engine.jdbc.env.internal.JdbcEnvironmentInitiator.initiateService(JdbcEnvironmentInitiator.java:68)org.hibernate.engine.jdbc.env.internal.JdbcEnvironmentInitiator.initiateService(JdbcEnvironmentInitiator.java:35)org.hibernate.boot.registry.internal.StandardServiceRegistryImpl.initiateService(StandardServiceRegistryImpl.java:101)org.hibernate.service.internal.AbstractServiceRegistryImpl.createService(AbstractServiceRegistryImpl.java:263)org.hibernate.service.internal.AbstractServiceRegistryImpl.initializeService(AbstractServiceRegistryImpl.java:237)org.hibernate.service.internal.AbstractServiceRegistryImpl.getService(AbstractServiceRegistryImpl.java:214)org.hibernate.id.factory.internal.DefaultIdentifierGeneratorFactory.injectServices(DefaultIdentifierGeneratorFactory.java:175)org.hibernate.service.internal.AbstractServiceRegistryImpl.injectDependencies(AbstractServiceRegistryImpl.java:286)org.hibernate.service.internal.AbstractServiceRegistryImpl.initializeService(AbstractServiceRegistryImpl.java:243)org.hibernate.service.internal.AbstractServiceRegistryImpl.getService(AbstractServiceRegistryImpl.java:214)org.hibernate.boot.internal.InFlightMetadataCollectorImpl.<init>(InFlightMetadataCollectorImpl.java:173)org.hibernate.boot.model.process.spi.MetadataBuildingProcess.complete(MetadataBuildingProcess.java:127)org.hibernate.jpa.boot.internal.EntityManagerFactoryBuilderImpl.metadata(EntityManagerFactoryBuilderImpl.java:1460)org.hibernate.jpa.boot.internal.EntityManagerFactoryBuilderImpl.build(EntityManagerFactoryBuilderImpl.java:1494)org.springframework.orm.jpa.vendor.SpringHibernateJpaPersistenceProvider.createContainerEntityManagerFactory(SpringHibernateJpaPersistenceProvider.java:58)org.springframework.orm.jpa.LocalContainerEntityManagerFactoryBean.createNativeEntityManagerFactory(LocalContainerEntityManagerFactoryBean.java:365)org.springframework.orm.jpa.AbstractEntityManagerFactoryBean.buildNativeEntityManagerFactory(AbstractEntityManagerFactoryBean.java:409)org.springframework.orm.jpa.AbstractEntityManagerFactoryBean.afterPropertiesSet(AbstractEntityManagerFactoryBean.java:396)org.springframework.orm.jpa.LocalContainerEntityManagerFactoryBean.afterPropertiesSet(LocalContainerEntityManagerFactoryBean.java:341)org.springframework.beans.factory.support.AbstractAutowireCapableBeanFactory.invokeInitMethods(AbstractAutowireCapableBeanFactory.java:1863)org.springframework.beans.factory.support.AbstractAutowireCapableBeanFactory.initializeBean(AbstractAutowireCapableBeanFactory.java:1800)org.springframework.beans.factory.support.AbstractAutowireCapableBeanFactory.doCreateBean(AbstractAutowireCapableBeanFactory.java:620)org.springframework.beans.factory.support.AbstractAutowireCapableBeanFactory.createBean(AbstractAutowireCapableBeanFactory.java:542)org.springframework.beans.factory.support.AbstractBeanFactory.lambda$doGetBean$0(AbstractBeanFactory.java:335)org.springframework.beans.factory.support.DefaultSingletonBeanRegistry.getSingleton(DefaultSingletonBeanRegistry.java:234)org.springframework.beans.factory.support.AbstractBeanFactory.doGetBean(AbstractBeanFactory.java:333)org.springframework.beans.factory.support.AbstractBeanFactory.getBean(AbstractBeanFactory.java:208)org.springframework.context.support.AbstractApplicationContext.getBean(AbstractApplicationContext.java:1154)org.springframework.context.support.AbstractApplicationContext.finishBeanFactoryInitialization(AbstractApplicationContext.java:908)org.springframework.context.support.AbstractApplicationContext.refresh(AbstractApplicationContext.java:583)org.springframework.boot.web.servlet.context.ServletWebServerApplicationContext.refresh(ServletWebServerApplicationContext.java:147)org.springframework.boot.SpringApplication.refresh(SpringApplication.java:734)org.springframework.boot.SpringApplication.refreshContext(SpringApplication.java:408)org.springframework.boot.SpringApplication.run(SpringApplication.java:308)org.springframework.boot.SpringApplication.run(SpringApplication.java:1306)org.springframework.boot.SpringApplication.run(SpringApplication.java:1295)za.co.woolworths.itemkafka_poc.KafkaItemProducerPocApplication.main(KafkaItemProducerPocApplication.java:10)java.base/jdk.internal.reflect.NativeMethodAccessorImpl.invoke0(Native Method)java.base/jdk.internal.reflect.NativeMethodAccessorImpl.invoke(NativeMethodAccessorImpl.java:77)java.base/jdk.internal.reflect.DelegatingMethodAccessorImpl.invoke(DelegatingMethodAccessorImpl.java:43)java.base/java.lang.reflect.Method.invoke(Method.java:568)org.springframework.boot.loader.MainMethodRunner.run(MainMethodRunner.java:49)org.springframework.boot.loader.Launcher.launch(Launcher.java:108)org.springframework.boot.loader.Launcher.launch(Launcher.java:58)org.springframework.boot.loader.JarLauncher.main(JarLauncher.java:65) 
2025-01-07 17:15:06.826 DEBUG [com.microsoft.sqlserver.jdbc.internals.SQLServerConnection:2944] ConnectionID:2 ClientConnectionId: 89a867f9-0cd7-4054-99a7-6f16766473fd sleeping milisec: 1000 
2025-01-07 17:15:07.834 DEBUG [com.microsoft.sqlserver.jdbc.internals.SQLServerConnection:2825] ConnectionID:2 This attempt server name: C21SQL04 port: 1433 InstanceName: amos.1 useParallel: false 
2025-01-07 17:15:07.835 DEBUG [com.microsoft.sqlserver.jdbc.internals.SQLServerConnection:2828] ConnectionID:2 This attempt endtime: 1736262922727 
2025-01-07 17:15:07.836 DEBUG [com.microsoft.sqlserver.jdbc.internals.SQLServerConnection:2829] ConnectionID:2 This attempt No: 13 
2025-01-07 17:15:07.837 DEBUG [com.microsoft.sqlserver.jdbc.internals.SQLServerConnection:3165] ConnectionID:2 Connecting with server: C21SQL04 port: 1433 Timeout slice: 14890 Timeout Full: 30 
2025-01-07 17:15:07.985 DEBUG [com.microsoft.sqlserver.jdbc.internals.SQLServerConnection:3547] ConnectionID:2 ClientConnectionId: b05ec1e4-ce78-48e8-b53e-e897c60faa61 Server returned major version:13 
2025-01-07 17:15:08.130 DEBUG [jdk.event.security:274]  TLSHandshake: C21SQL04:1433, TLSv1.2, TLS_ECDHE_RSA_WITH_AES_256_CBC_SHA384, -1000310061 
2025-01-07 17:15:08.132 DEBUG [com.microsoft.sqlserver.jdbc.internals.SQLServerException:116] *** SQLException:ConnectionID:2 ClientConnectionId: b05ec1e4-ce78-48e8-b53e-e897c60faa61 com.microsoft.sqlserver.jdbc.SQLServerException: This driver is not configured for integrated authentication. ClientConnectionId:b05ec1e4-ce78-48e8-b53e-e897c60faa61 This driver is not configured for integrated authentication. ClientConnectionId:b05ec1e4-ce78-48e8-b53e-e897c60faa61 
2025-01-07 17:15:08.133 DEBUG [com.microsoft.sqlserver.jdbc.internals.SQLServerException:130] com.microsoft.sqlserver.jdbc.SQLServerConnection.terminate(SQLServerConnection.java:3680)com.microsoft.sqlserver.jdbc.AuthenticationJNI.<init>(AuthenticationJNI.java:74)com.microsoft.sqlserver.jdbc.SQLServerConnection.logon(SQLServerConnection.java:4734)com.microsoft.sqlserver.jdbc.SQLServerConnection.access$100(SQLServerConnection.java:90)com.microsoft.sqlserver.jdbc.SQLServerConnection$LogonCommand.doExecute(SQLServerConnection.java:4723)com.microsoft.sqlserver.jdbc.TDSCommand.execute(IOBuffer.java:7785)com.microsoft.sqlserver.jdbc.SQLServerConnection.executeCommand(SQLServerConnection.java:3793)com.microsoft.sqlserver.jdbc.SQLServerConnection.connectHelper(SQLServerConnection.java:3233)com.microsoft.sqlserver.jdbc.SQLServerConnection.login(SQLServerConnection.java:2833)com.microsoft.sqlserver.jdbc.SQLServerConnection.connectInternal(SQLServerConnection.java:2671)com.microsoft.sqlserver.jdbc.SQLServerConnection.connect(SQLServerConnection.java:1640)com.microsoft.sqlserver.jdbc.SQLServerDriver.connect(SQLServerDriver.java:936)com.zaxxer.hikari.util.DriverDataSource.getConnection(DriverDataSource.java:121)com.zaxxer.hikari.pool.PoolBase.newConnection(PoolBase.java:364)com.zaxxer.hikari.pool.PoolBase.newPoolEntry(PoolBase.java:206)com.zaxxer.hikari.pool.HikariPool.createPoolEntry(HikariPool.java:476)com.zaxxer.hikari.pool.HikariPool.checkFailFast(HikariPool.java:561)com.zaxxer.hikari.pool.HikariPool.<init>(HikariPool.java:115)com.zaxxer.hikari.HikariDataSource.getConnection(HikariDataSource.java:112)org.hibernate.engine.jdbc.connections.internal.DatasourceConnectionProviderImpl.getConnection(DatasourceConnectionProviderImpl.java:122)org.hibernate.engine.jdbc.env.internal.JdbcEnvironmentInitiator$ConnectionProviderJdbcConnectionAccess.obtainConnection(JdbcEnvironmentInitiator.java:181)org.hibernate.engine.jdbc.env.internal.JdbcEnvironmentInitiator.initiateService(JdbcEnvironmentInitiator.java:68)org.hibernate.engine.jdbc.env.internal.JdbcEnvironmentInitiator.initiateService(JdbcEnvironmentInitiator.java:35)org.hibernate.boot.registry.internal.StandardServiceRegistryImpl.initiateService(StandardServiceRegistryImpl.java:101)org.hibernate.service.internal.AbstractServiceRegistryImpl.createService(AbstractServiceRegistryImpl.java:263)org.hibernate.service.internal.AbstractServiceRegistryImpl.initializeService(AbstractServiceRegistryImpl.java:237)org.hibernate.service.internal.AbstractServiceRegistryImpl.getService(AbstractServiceRegistryImpl.java:214)org.hibernate.id.factory.internal.DefaultIdentifierGeneratorFactory.injectServices(DefaultIdentifierGeneratorFactory.java:175)org.hibernate.service.internal.AbstractServiceRegistryImpl.injectDependencies(AbstractServiceRegistryImpl.java:286)org.hibernate.service.internal.AbstractServiceRegistryImpl.initializeService(AbstractServiceRegistryImpl.java:243)org.hibernate.service.internal.AbstractServiceRegistryImpl.getService(AbstractServiceRegistryImpl.java:214)org.hibernate.boot.internal.InFlightMetadataCollectorImpl.<init>(InFlightMetadataCollectorImpl.java:173)org.hibernate.boot.model.process.spi.MetadataBuildingProcess.complete(MetadataBuildingProcess.java:127)org.hibernate.jpa.boot.internal.EntityManagerFactoryBuilderImpl.metadata(EntityManagerFactoryBuilderImpl.java:1460)org.hibernate.jpa.boot.internal.EntityManagerFactoryBuilderImpl.build(EntityManagerFactoryBuilderImpl.java:1494)org.springframework.orm.jpa.vendor.SpringHibernateJpaPersistenceProvider.createContainerEntityManagerFactory(SpringHibernateJpaPersistenceProvider.java:58)org.springframework.orm.jpa.LocalContainerEntityManagerFactoryBean.createNativeEntityManagerFactory(LocalContainerEntityManagerFactoryBean.java:365)org.springframework.orm.jpa.AbstractEntityManagerFactoryBean.buildNativeEntityManagerFactory(AbstractEntityManagerFactoryBean.java:409)org.springframework.orm.jpa.AbstractEntityManagerFactoryBean.afterPropertiesSet(AbstractEntityManagerFactoryBean.java:396)org.springframework.orm.jpa.LocalContainerEntityManagerFactoryBean.afterPropertiesSet(LocalContainerEntityManagerFactoryBean.java:341)org.springframework.beans.factory.support.AbstractAutowireCapableBeanFactory.invokeInitMethods(AbstractAutowireCapableBeanFactory.java:1863)org.springframework.beans.factory.support.AbstractAutowireCapableBeanFactory.initializeBean(AbstractAutowireCapableBeanFactory.java:1800)org.springframework.beans.factory.support.AbstractAutowireCapableBeanFactory.doCreateBean(AbstractAutowireCapableBeanFactory.java:620)org.springframework.beans.factory.support.AbstractAutowireCapableBeanFactory.createBean(AbstractAutowireCapableBeanFactory.java:542)org.springframework.beans.factory.support.AbstractBeanFactory.lambda$doGetBean$0(AbstractBeanFactory.java:335)org.springframework.beans.factory.support.DefaultSingletonBeanRegistry.getSingleton(DefaultSingletonBeanRegistry.java:234)org.springframework.beans.factory.support.AbstractBeanFactory.doGetBean(AbstractBeanFactory.java:333)org.springframework.beans.factory.support.AbstractBeanFactory.getBean(AbstractBeanFactory.java:208)org.springframework.context.support.AbstractApplicationContext.getBean(AbstractApplicationContext.java:1154)org.springframework.context.support.AbstractApplicationContext.finishBeanFactoryInitialization(AbstractApplicationContext.java:908)org.springframework.context.support.AbstractApplicationContext.refresh(AbstractApplicationContext.java:583)org.springframework.boot.web.servlet.context.ServletWebServerApplicationContext.refresh(ServletWebServerApplicationContext.java:147)org.springframework.boot.SpringApplication.refresh(SpringApplication.java:734)org.springframework.boot.SpringApplication.refreshContext(SpringApplication.java:408)org.springframework.boot.SpringApplication.run(SpringApplication.java:308)org.springframework.boot.SpringApplication.run(SpringApplication.java:1306)org.springframework.boot.SpringApplication.run(SpringApplication.java:1295)za.co.woolworths.itemkafka_poc.KafkaItemProducerPocApplication.main(KafkaItemProducerPocApplication.java:10)java.base/jdk.internal.reflect.NativeMethodAccessorImpl.invoke0(Native Method)java.base/jdk.internal.reflect.NativeMethodAccessorImpl.invoke(NativeMethodAccessorImpl.java:77)java.base/jdk.internal.reflect.DelegatingMethodAccessorImpl.invoke(DelegatingMethodAccessorImpl.java:43)java.base/java.lang.reflect.Method.invoke(Method.java:568)org.springframework.boot.loader.MainMethodRunner.run(MainMethodRunner.java:49)org.springframework.boot.loader.Launcher.launch(Launcher.java:108)org.springframework.boot.loader.Launcher.launch(Launcher.java:58)org.springframework.boot.loader.JarLauncher.main(JarLauncher.java:65) 
2025-01-07 17:15:08.138 DEBUG [com.microsoft.sqlserver.jdbc.internals.SQLServerConnection:2944] ConnectionID:2 ClientConnectionId: b05ec1e4-ce78-48e8-b53e-e897c60faa61 sleeping milisec: 1000 
2025-01-07 17:15:09.143 DEBUG [com.microsoft.sqlserver.jdbc.internals.SQLServerConnection:2825] ConnectionID:2 This attempt server name: C21SQL04 port: 1433 InstanceName: amos.1 useParallel: false 
2025-01-07 17:15:09.146 DEBUG [com.microsoft.sqlserver.jdbc.internals.SQLServerConnection:2828] ConnectionID:2 This attempt endtime: 1736262922727 
2025-01-07 17:15:09.147 DEBUG [com.microsoft.sqlserver.jdbc.internals.SQLServerConnection:2829] ConnectionID:2 This attempt No: 14 
2025-01-07 17:15:09.166 DEBUG [com.microsoft.sqlserver.jdbc.internals.SQLServerConnection:3165] ConnectionID:2 Connecting with server: C21SQL04 port: 1433 Timeout slice: 13561 Timeout Full: 30 
2025-01-07 17:15:09.309 DEBUG [com.microsoft.sqlserver.jdbc.internals.SQLServerConnection:3547] ConnectionID:2 ClientConnectionId: dc8dd47c-7efa-4ae4-ae2a-a57bcb8af3d0 Server returned major version:13 
2025-01-07 17:15:09.447 DEBUG [jdk.event.security:274]  TLSHandshake: C21SQL04:1433, TLSv1.2, TLS_ECDHE_RSA_WITH_AES_256_CBC_SHA384, -1000310061 
2025-01-07 17:15:09.449 DEBUG [com.microsoft.sqlserver.jdbc.internals.SQLServerException:116] *** SQLException:ConnectionID:2 ClientConnectionId: dc8dd47c-7efa-4ae4-ae2a-a57bcb8af3d0 com.microsoft.sqlserver.jdbc.SQLServerException: This driver is not configured for integrated authentication. ClientConnectionId:dc8dd47c-7efa-4ae4-ae2a-a57bcb8af3d0 This driver is not configured for integrated authentication. ClientConnectionId:dc8dd47c-7efa-4ae4-ae2a-a57bcb8af3d0 
2025-01-07 17:15:09.450 DEBUG [com.microsoft.sqlserver.jdbc.internals.SQLServerException:130] com.microsoft.sqlserver.jdbc.SQLServerConnection.terminate(SQLServerConnection.java:3680)com.microsoft.sqlserver.jdbc.AuthenticationJNI.<init>(AuthenticationJNI.java:74)com.microsoft.sqlserver.jdbc.SQLServerConnection.logon(SQLServerConnection.java:4734)com.microsoft.sqlserver.jdbc.SQLServerConnection.access$100(SQLServerConnection.java:90)com.microsoft.sqlserver.jdbc.SQLServerConnection$LogonCommand.doExecute(SQLServerConnection.java:4723)com.microsoft.sqlserver.jdbc.TDSCommand.execute(IOBuffer.java:7785)com.microsoft.sqlserver.jdbc.SQLServerConnection.executeCommand(SQLServerConnection.java:3793)com.microsoft.sqlserver.jdbc.SQLServerConnection.connectHelper(SQLServerConnection.java:3233)com.microsoft.sqlserver.jdbc.SQLServerConnection.login(SQLServerConnection.java:2833)com.microsoft.sqlserver.jdbc.SQLServerConnection.connectInternal(SQLServerConnection.java:2671)com.microsoft.sqlserver.jdbc.SQLServerConnection.connect(SQLServerConnection.java:1640)com.microsoft.sqlserver.jdbc.SQLServerDriver.connect(SQLServerDriver.java:936)com.zaxxer.hikari.util.DriverDataSource.getConnection(DriverDataSource.java:121)com.zaxxer.hikari.pool.PoolBase.newConnection(PoolBase.java:364)com.zaxxer.hikari.pool.PoolBase.newPoolEntry(PoolBase.java:206)com.zaxxer.hikari.pool.HikariPool.createPoolEntry(HikariPool.java:476)com.zaxxer.hikari.pool.HikariPool.checkFailFast(HikariPool.java:561)com.zaxxer.hikari.pool.HikariPool.<init>(HikariPool.java:115)com.zaxxer.hikari.HikariDataSource.getConnection(HikariDataSource.java:112)org.hibernate.engine.jdbc.connections.internal.DatasourceConnectionProviderImpl.getConnection(DatasourceConnectionProviderImpl.java:122)org.hibernate.engine.jdbc.env.internal.JdbcEnvironmentInitiator$ConnectionProviderJdbcConnectionAccess.obtainConnection(JdbcEnvironmentInitiator.java:181)org.hibernate.engine.jdbc.env.internal.JdbcEnvironmentInitiator.initiateService(JdbcEnvironmentInitiator.java:68)org.hibernate.engine.jdbc.env.internal.JdbcEnvironmentInitiator.initiateService(JdbcEnvironmentInitiator.java:35)org.hibernate.boot.registry.internal.StandardServiceRegistryImpl.initiateService(StandardServiceRegistryImpl.java:101)org.hibernate.service.internal.AbstractServiceRegistryImpl.createService(AbstractServiceRegistryImpl.java:263)org.hibernate.service.internal.AbstractServiceRegistryImpl.initializeService(AbstractServiceRegistryImpl.java:237)org.hibernate.service.internal.AbstractServiceRegistryImpl.getService(AbstractServiceRegistryImpl.java:214)org.hibernate.id.factory.internal.DefaultIdentifierGeneratorFactory.injectServices(DefaultIdentifierGeneratorFactory.java:175)org.hibernate.service.internal.AbstractServiceRegistryImpl.injectDependencies(AbstractServiceRegistryImpl.java:286)org.hibernate.service.internal.AbstractServiceRegistryImpl.initializeService(AbstractServiceRegistryImpl.java:243)org.hibernate.service.internal.AbstractServiceRegistryImpl.getService(AbstractServiceRegistryImpl.java:214)org.hibernate.boot.internal.InFlightMetadataCollectorImpl.<init>(InFlightMetadataCollectorImpl.java:173)org.hibernate.boot.model.process.spi.MetadataBuildingProcess.complete(MetadataBuildingProcess.java:127)org.hibernate.jpa.boot.internal.EntityManagerFactoryBuilderImpl.metadata(EntityManagerFactoryBuilderImpl.java:1460)org.hibernate.jpa.boot.internal.EntityManagerFactoryBuilderImpl.build(EntityManagerFactoryBuilderImpl.java:1494)org.springframework.orm.jpa.vendor.SpringHibernateJpaPersistenceProvider.createContainerEntityManagerFactory(SpringHibernateJpaPersistenceProvider.java:58)org.springframework.orm.jpa.LocalContainerEntityManagerFactoryBean.createNativeEntityManagerFactory(LocalContainerEntityManagerFactoryBean.java:365)org.springframework.orm.jpa.AbstractEntityManagerFactoryBean.buildNativeEntityManagerFactory(AbstractEntityManagerFactoryBean.java:409)org.springframework.orm.jpa.AbstractEntityManagerFactoryBean.afterPropertiesSet(AbstractEntityManagerFactoryBean.java:396)org.springframework.orm.jpa.LocalContainerEntityManagerFactoryBean.afterPropertiesSet(LocalContainerEntityManagerFactoryBean.java:341)org.springframework.beans.factory.support.AbstractAutowireCapableBeanFactory.invokeInitMethods(AbstractAutowireCapableBeanFactory.java:1863)org.springframework.beans.factory.support.AbstractAutowireCapableBeanFactory.initializeBean(AbstractAutowireCapableBeanFactory.java:1800)org.springframework.beans.factory.support.AbstractAutowireCapableBeanFactory.doCreateBean(AbstractAutowireCapableBeanFactory.java:620)org.springframework.beans.factory.support.AbstractAutowireCapableBeanFactory.createBean(AbstractAutowireCapableBeanFactory.java:542)org.springframework.beans.factory.support.AbstractBeanFactory.lambda$doGetBean$0(AbstractBeanFactory.java:335)org.springframework.beans.factory.support.DefaultSingletonBeanRegistry.getSingleton(DefaultSingletonBeanRegistry.java:234)org.springframework.beans.factory.support.AbstractBeanFactory.doGetBean(AbstractBeanFactory.java:333)org.springframework.beans.factory.support.AbstractBeanFactory.getBean(AbstractBeanFactory.java:208)org.springframework.context.support.AbstractApplicationContext.getBean(AbstractApplicationContext.java:1154)org.springframework.context.support.AbstractApplicationContext.finishBeanFactoryInitialization(AbstractApplicationContext.java:908)org.springframework.context.support.AbstractApplicationContext.refresh(AbstractApplicationContext.java:583)org.springframework.boot.web.servlet.context.ServletWebServerApplicationContext.refresh(ServletWebServerApplicationContext.java:147)org.springframework.boot.SpringApplication.refresh(SpringApplication.java:734)org.springframework.boot.SpringApplication.refreshContext(SpringApplication.java:408)org.springframework.boot.SpringApplication.run(SpringApplication.java:308)org.springframework.boot.SpringApplication.run(SpringApplication.java:1306)org.springframework.boot.SpringApplication.run(SpringApplication.java:1295)za.co.woolworths.itemkafka_poc.KafkaItemProducerPocApplication.main(KafkaItemProducerPocApplication.java:10)java.base/jdk.internal.reflect.NativeMethodAccessorImpl.invoke0(Native Method)java.base/jdk.internal.reflect.NativeMethodAccessorImpl.invoke(NativeMethodAccessorImpl.java:77)java.base/jdk.internal.reflect.DelegatingMethodAccessorImpl.invoke(DelegatingMethodAccessorImpl.java:43)java.base/java.lang.reflect.Method.invoke(Method.java:568)org.springframework.boot.loader.MainMethodRunner.run(MainMethodRunner.java:49)org.springframework.boot.loader.Launcher.launch(Launcher.java:108)org.springframework.boot.loader.Launcher.launch(Launcher.java:58)org.springframework.boot.loader.JarLauncher.main(JarLauncher.java:65) 
2025-01-07 17:15:09.455 DEBUG [com.microsoft.sqlserver.jdbc.internals.SQLServerConnection:2944] ConnectionID:2 ClientConnectionId: dc8dd47c-7efa-4ae4-ae2a-a57bcb8af3d0 sleeping milisec: 1000 
2025-01-07 17:15:10.457 DEBUG [com.microsoft.sqlserver.jdbc.internals.SQLServerConnection:2825] ConnectionID:2 This attempt server name: C21SQL04 port: 1433 InstanceName: amos.1 useParallel: false 
2025-01-07 17:15:10.459 DEBUG [com.microsoft.sqlserver.jdbc.internals.SQLServerConnection:2828] ConnectionID:2 This attempt endtime: 1736262922727 
2025-01-07 17:15:10.460 DEBUG [com.microsoft.sqlserver.jdbc.internals.SQLServerConnection:2829] ConnectionID:2 This attempt No: 15 
2025-01-07 17:15:10.462 DEBUG [com.microsoft.sqlserver.jdbc.internals.SQLServerConnection:3165] ConnectionID:2 Connecting with server: C21SQL04 port: 1433 Timeout slice: 12265 Timeout Full: 30 
2025-01-07 17:15:10.610 DEBUG [com.microsoft.sqlserver.jdbc.internals.SQLServerConnection:3547] ConnectionID:2 ClientConnectionId: 475b8dec-c388-4ceb-b9e9-e11096c609ae Server returned major version:13 
2025-01-07 17:15:10.771 DEBUG [jdk.event.security:274]  TLSHandshake: C21SQL04:1433, TLSv1.2, TLS_ECDHE_RSA_WITH_AES_256_CBC_SHA384, -1000310061 
2025-01-07 17:15:10.772 DEBUG [com.microsoft.sqlserver.jdbc.internals.SQLServerException:116] *** SQLException:ConnectionID:2 ClientConnectionId: 475b8dec-c388-4ceb-b9e9-e11096c609ae com.microsoft.sqlserver.jdbc.SQLServerException: This driver is not configured for integrated authentication. ClientConnectionId:475b8dec-c388-4ceb-b9e9-e11096c609ae This driver is not configured for integrated authentication. ClientConnectionId:475b8dec-c388-4ceb-b9e9-e11096c609ae 
2025-01-07 17:15:10.774 DEBUG [com.microsoft.sqlserver.jdbc.internals.SQLServerException:130] com.microsoft.sqlserver.jdbc.SQLServerConnection.terminate(SQLServerConnection.java:3680)com.microsoft.sqlserver.jdbc.AuthenticationJNI.<init>(AuthenticationJNI.java:74)com.microsoft.sqlserver.jdbc.SQLServerConnection.logon(SQLServerConnection.java:4734)com.microsoft.sqlserver.jdbc.SQLServerConnection.access$100(SQLServerConnection.java:90)com.microsoft.sqlserver.jdbc.SQLServerConnection$LogonCommand.doExecute(SQLServerConnection.java:4723)com.microsoft.sqlserver.jdbc.TDSCommand.execute(IOBuffer.java:7785)com.microsoft.sqlserver.jdbc.SQLServerConnection.executeCommand(SQLServerConnection.java:3793)com.microsoft.sqlserver.jdbc.SQLServerConnection.connectHelper(SQLServerConnection.java:3233)com.microsoft.sqlserver.jdbc.SQLServerConnection.login(SQLServerConnection.java:2833)com.microsoft.sqlserver.jdbc.SQLServerConnection.connectInternal(SQLServerConnection.java:2671)com.microsoft.sqlserver.jdbc.SQLServerConnection.connect(SQLServerConnection.java:1640)com.microsoft.sqlserver.jdbc.SQLServerDriver.connect(SQLServerDriver.java:936)com.zaxxer.hikari.util.DriverDataSource.getConnection(DriverDataSource.java:121)com.zaxxer.hikari.pool.PoolBase.newConnection(PoolBase.java:364)com.zaxxer.hikari.pool.PoolBase.newPoolEntry(PoolBase.java:206)com.zaxxer.hikari.pool.HikariPool.createPoolEntry(HikariPool.java:476)com.zaxxer.hikari.pool.HikariPool.checkFailFast(HikariPool.java:561)com.zaxxer.hikari.pool.HikariPool.<init>(HikariPool.java:115)com.zaxxer.hikari.HikariDataSource.getConnection(HikariDataSource.java:112)org.hibernate.engine.jdbc.connections.internal.DatasourceConnectionProviderImpl.getConnection(DatasourceConnectionProviderImpl.java:122)org.hibernate.engine.jdbc.env.internal.JdbcEnvironmentInitiator$ConnectionProviderJdbcConnectionAccess.obtainConnection(JdbcEnvironmentInitiator.java:181)org.hibernate.engine.jdbc.env.internal.JdbcEnvironmentInitiator.initiateService(JdbcEnvironmentInitiator.java:68)org.hibernate.engine.jdbc.env.internal.JdbcEnvironmentInitiator.initiateService(JdbcEnvironmentInitiator.java:35)org.hibernate.boot.registry.internal.StandardServiceRegistryImpl.initiateService(StandardServiceRegistryImpl.java:101)org.hibernate.service.internal.AbstractServiceRegistryImpl.createService(AbstractServiceRegistryImpl.java:263)org.hibernate.service.internal.AbstractServiceRegistryImpl.initializeService(AbstractServiceRegistryImpl.java:237)org.hibernate.service.internal.AbstractServiceRegistryImpl.getService(AbstractServiceRegistryImpl.java:214)org.hibernate.id.factory.internal.DefaultIdentifierGeneratorFactory.injectServices(DefaultIdentifierGeneratorFactory.java:175)org.hibernate.service.internal.AbstractServiceRegistryImpl.injectDependencies(AbstractServiceRegistryImpl.java:286)org.hibernate.service.internal.AbstractServiceRegistryImpl.initializeService(AbstractServiceRegistryImpl.java:243)org.hibernate.service.internal.AbstractServiceRegistryImpl.getService(AbstractServiceRegistryImpl.java:214)org.hibernate.boot.internal.InFlightMetadataCollectorImpl.<init>(InFlightMetadataCollectorImpl.java:173)org.hibernate.boot.model.process.spi.MetadataBuildingProcess.complete(MetadataBuildingProcess.java:127)org.hibernate.jpa.boot.internal.EntityManagerFactoryBuilderImpl.metadata(EntityManagerFactoryBuilderImpl.java:1460)org.hibernate.jpa.boot.internal.EntityManagerFactoryBuilderImpl.build(EntityManagerFactoryBuilderImpl.java:1494)org.springframework.orm.jpa.vendor.SpringHibernateJpaPersistenceProvider.createContainerEntityManagerFactory(SpringHibernateJpaPersistenceProvider.java:58)org.springframework.orm.jpa.LocalContainerEntityManagerFactoryBean.createNativeEntityManagerFactory(LocalContainerEntityManagerFactoryBean.java:365)org.springframework.orm.jpa.AbstractEntityManagerFactoryBean.buildNativeEntityManagerFactory(AbstractEntityManagerFactoryBean.java:409)org.springframework.orm.jpa.AbstractEntityManagerFactoryBean.afterPropertiesSet(AbstractEntityManagerFactoryBean.java:396)org.springframework.orm.jpa.LocalContainerEntityManagerFactoryBean.afterPropertiesSet(LocalContainerEntityManagerFactoryBean.java:341)org.springframework.beans.factory.support.AbstractAutowireCapableBeanFactory.invokeInitMethods(AbstractAutowireCapableBeanFactory.java:1863)org.springframework.beans.factory.support.AbstractAutowireCapableBeanFactory.initializeBean(AbstractAutowireCapableBeanFactory.java:1800)org.springframework.beans.factory.support.AbstractAutowireCapableBeanFactory.doCreateBean(AbstractAutowireCapableBeanFactory.java:620)org.springframework.beans.factory.support.AbstractAutowireCapableBeanFactory.createBean(AbstractAutowireCapableBeanFactory.java:542)org.springframework.beans.factory.support.AbstractBeanFactory.lambda$doGetBean$0(AbstractBeanFactory.java:335)org.springframework.beans.factory.support.DefaultSingletonBeanRegistry.getSingleton(DefaultSingletonBeanRegistry.java:234)org.springframework.beans.factory.support.AbstractBeanFactory.doGetBean(AbstractBeanFactory.java:333)org.springframework.beans.factory.support.AbstractBeanFactory.getBean(AbstractBeanFactory.java:208)org.springframework.context.support.AbstractApplicationContext.getBean(AbstractApplicationContext.java:1154)org.springframework.context.support.AbstractApplicationContext.finishBeanFactoryInitialization(AbstractApplicationContext.java:908)org.springframework.context.support.AbstractApplicationContext.refresh(AbstractApplicationContext.java:583)org.springframework.boot.web.servlet.context.ServletWebServerApplicationContext.refresh(ServletWebServerApplicationContext.java:147)org.springframework.boot.SpringApplication.refresh(SpringApplication.java:734)org.springframework.boot.SpringApplication.refreshContext(SpringApplication.java:408)org.springframework.boot.SpringApplication.run(SpringApplication.java:308)org.springframework.boot.SpringApplication.run(SpringApplication.java:1306)org.springframework.boot.SpringApplication.run(SpringApplication.java:1295)za.co.woolworths.itemkafka_poc.KafkaItemProducerPocApplication.main(KafkaItemProducerPocApplication.java:10)java.base/jdk.internal.reflect.NativeMethodAccessorImpl.invoke0(Native Method)java.base/jdk.internal.reflect.NativeMethodAccessorImpl.invoke(NativeMethodAccessorImpl.java:77)java.base/jdk.internal.reflect.DelegatingMethodAccessorImpl.invoke(DelegatingMethodAccessorImpl.java:43)java.base/java.lang.reflect.Method.invoke(Method.java:568)org.springframework.boot.loader.MainMethodRunner.run(MainMethodRunner.java:49)org.springframework.boot.loader.Launcher.launch(Launcher.java:108)org.springframework.boot.loader.Launcher.launch(Launcher.java:58)org.springframework.boot.loader.JarLauncher.main(JarLauncher.java:65) 
2025-01-07 17:15:10.797 DEBUG [com.microsoft.sqlserver.jdbc.internals.SQLServerConnection:2944] ConnectionID:2 ClientConnectionId: 475b8dec-c388-4ceb-b9e9-e11096c609ae sleeping milisec: 1000 
2025-01-07 17:15:11.813 DEBUG [com.microsoft.sqlserver.jdbc.internals.SQLServerConnection:2825] ConnectionID:2 This attempt server name: C21SQL04 port: 1433 InstanceName: amos.1 useParallel: false 
2025-01-07 17:15:11.813 DEBUG [com.microsoft.sqlserver.jdbc.internals.SQLServerConnection:2828] ConnectionID:2 This attempt endtime: 1736262922727 
2025-01-07 17:15:11.814 DEBUG [com.microsoft.sqlserver.jdbc.internals.SQLServerConnection:2829] ConnectionID:2 This attempt No: 16 
2025-01-07 17:15:11.814 DEBUG [com.microsoft.sqlserver.jdbc.internals.SQLServerConnection:3165] ConnectionID:2 Connecting with server: C21SQL04 port: 1433 Timeout slice: 10913 Timeout Full: 30 
2025-01-07 17:15:11.948 DEBUG [com.microsoft.sqlserver.jdbc.internals.SQLServerConnection:3547] ConnectionID:2 ClientConnectionId: 1e3d8cb6-b44b-48f7-a446-d72b8e60d026 Server returned major version:13 
2025-01-07 17:15:12.131 DEBUG [jdk.event.security:274]  TLSHandshake: C21SQL04:1433, TLSv1.2, TLS_ECDHE_RSA_WITH_AES_256_CBC_SHA384, -1000310061 
2025-01-07 17:15:12.133 DEBUG [com.microsoft.sqlserver.jdbc.internals.SQLServerException:116] *** SQLException:ConnectionID:2 ClientConnectionId: 1e3d8cb6-b44b-48f7-a446-d72b8e60d026 com.microsoft.sqlserver.jdbc.SQLServerException: This driver is not configured for integrated authentication. ClientConnectionId:1e3d8cb6-b44b-48f7-a446-d72b8e60d026 This driver is not configured for integrated authentication. ClientConnectionId:1e3d8cb6-b44b-48f7-a446-d72b8e60d026 
2025-01-07 17:15:12.134 DEBUG [com.microsoft.sqlserver.jdbc.internals.SQLServerException:130] com.microsoft.sqlserver.jdbc.SQLServerConnection.terminate(SQLServerConnection.java:3680)com.microsoft.sqlserver.jdbc.AuthenticationJNI.<init>(AuthenticationJNI.java:74)com.microsoft.sqlserver.jdbc.SQLServerConnection.logon(SQLServerConnection.java:4734)com.microsoft.sqlserver.jdbc.SQLServerConnection.access$100(SQLServerConnection.java:90)com.microsoft.sqlserver.jdbc.SQLServerConnection$LogonCommand.doExecute(SQLServerConnection.java:4723)com.microsoft.sqlserver.jdbc.TDSCommand.execute(IOBuffer.java:7785)com.microsoft.sqlserver.jdbc.SQLServerConnection.executeCommand(SQLServerConnection.java:3793)com.microsoft.sqlserver.jdbc.SQLServerConnection.connectHelper(SQLServerConnection.java:3233)com.microsoft.sqlserver.jdbc.SQLServerConnection.login(SQLServerConnection.java:2833)com.microsoft.sqlserver.jdbc.SQLServerConnection.connectInternal(SQLServerConnection.java:2671)com.microsoft.sqlserver.jdbc.SQLServerConnection.connect(SQLServerConnection.java:1640)com.microsoft.sqlserver.jdbc.SQLServerDriver.connect(SQLServerDriver.java:936)com.zaxxer.hikari.util.DriverDataSource.getConnection(DriverDataSource.java:121)com.zaxxer.hikari.pool.PoolBase.newConnection(PoolBase.java:364)com.zaxxer.hikari.pool.PoolBase.newPoolEntry(PoolBase.java:206)com.zaxxer.hikari.pool.HikariPool.createPoolEntry(HikariPool.java:476)com.zaxxer.hikari.pool.HikariPool.checkFailFast(HikariPool.java:561)com.zaxxer.hikari.pool.HikariPool.<init>(HikariPool.java:115)com.zaxxer.hikari.HikariDataSource.getConnection(HikariDataSource.java:112)org.hibernate.engine.jdbc.connections.internal.DatasourceConnectionProviderImpl.getConnection(DatasourceConnectionProviderImpl.java:122)org.hibernate.engine.jdbc.env.internal.JdbcEnvironmentInitiator$ConnectionProviderJdbcConnectionAccess.obtainConnection(JdbcEnvironmentInitiator.java:181)org.hibernate.engine.jdbc.env.internal.JdbcEnvironmentInitiator.initiateService(JdbcEnvironmentInitiator.java:68)org.hibernate.engine.jdbc.env.internal.JdbcEnvironmentInitiator.initiateService(JdbcEnvironmentInitiator.java:35)org.hibernate.boot.registry.internal.StandardServiceRegistryImpl.initiateService(StandardServiceRegistryImpl.java:101)org.hibernate.service.internal.AbstractServiceRegistryImpl.createService(AbstractServiceRegistryImpl.java:263)org.hibernate.service.internal.AbstractServiceRegistryImpl.initializeService(AbstractServiceRegistryImpl.java:237)org.hibernate.service.internal.AbstractServiceRegistryImpl.getService(AbstractServiceRegistryImpl.java:214)org.hibernate.id.factory.internal.DefaultIdentifierGeneratorFactory.injectServices(DefaultIdentifierGeneratorFactory.java:175)org.hibernate.service.internal.AbstractServiceRegistryImpl.injectDependencies(AbstractServiceRegistryImpl.java:286)org.hibernate.service.internal.AbstractServiceRegistryImpl.initializeService(AbstractServiceRegistryImpl.java:243)org.hibernate.service.internal.AbstractServiceRegistryImpl.getService(AbstractServiceRegistryImpl.java:214)org.hibernate.boot.internal.InFlightMetadataCollectorImpl.<init>(InFlightMetadataCollectorImpl.java:173)org.hibernate.boot.model.process.spi.MetadataBuildingProcess.complete(MetadataBuildingProcess.java:127)org.hibernate.jpa.boot.internal.EntityManagerFactoryBuilderImpl.metadata(EntityManagerFactoryBuilderImpl.java:1460)org.hibernate.jpa.boot.internal.EntityManagerFactoryBuilderImpl.build(EntityManagerFactoryBuilderImpl.java:1494)org.springframework.orm.jpa.vendor.SpringHibernateJpaPersistenceProvider.createContainerEntityManagerFactory(SpringHibernateJpaPersistenceProvider.java:58)org.springframework.orm.jpa.LocalContainerEntityManagerFactoryBean.createNativeEntityManagerFactory(LocalContainerEntityManagerFactoryBean.java:365)org.springframework.orm.jpa.AbstractEntityManagerFactoryBean.buildNativeEntityManagerFactory(AbstractEntityManagerFactoryBean.java:409)org.springframework.orm.jpa.AbstractEntityManagerFactoryBean.afterPropertiesSet(AbstractEntityManagerFactoryBean.java:396)org.springframework.orm.jpa.LocalContainerEntityManagerFactoryBean.afterPropertiesSet(LocalContainerEntityManagerFactoryBean.java:341)org.springframework.beans.factory.support.AbstractAutowireCapableBeanFactory.invokeInitMethods(AbstractAutowireCapableBeanFactory.java:1863)org.springframework.beans.factory.support.AbstractAutowireCapableBeanFactory.initializeBean(AbstractAutowireCapableBeanFactory.java:1800)org.springframework.beans.factory.support.AbstractAutowireCapableBeanFactory.doCreateBean(AbstractAutowireCapableBeanFactory.java:620)org.springframework.beans.factory.support.AbstractAutowireCapableBeanFactory.createBean(AbstractAutowireCapableBeanFactory.java:542)org.springframework.beans.factory.support.AbstractBeanFactory.lambda$doGetBean$0(AbstractBeanFactory.java:335)org.springframework.beans.factory.support.DefaultSingletonBeanRegistry.getSingleton(DefaultSingletonBeanRegistry.java:234)org.springframework.beans.factory.support.AbstractBeanFactory.doGetBean(AbstractBeanFactory.java:333)org.springframework.beans.factory.support.AbstractBeanFactory.getBean(AbstractBeanFactory.java:208)org.springframework.context.support.AbstractApplicationContext.getBean(AbstractApplicationContext.java:1154)org.springframework.context.support.AbstractApplicationContext.finishBeanFactoryInitialization(AbstractApplicationContext.java:908)org.springframework.context.support.AbstractApplicationContext.refresh(AbstractApplicationContext.java:583)org.springframework.boot.web.servlet.context.ServletWebServerApplicationContext.refresh(ServletWebServerApplicationContext.java:147)org.springframework.boot.SpringApplication.refresh(SpringApplication.java:734)org.springframework.boot.SpringApplication.refreshContext(SpringApplication.java:408)org.springframework.boot.SpringApplication.run(SpringApplication.java:308)org.springframework.boot.SpringApplication.run(SpringApplication.java:1306)org.springframework.boot.SpringApplication.run(SpringApplication.java:1295)za.co.woolworths.itemkafka_poc.KafkaItemProducerPocApplication.main(KafkaItemProducerPocApplication.java:10)java.base/jdk.internal.reflect.NativeMethodAccessorImpl.invoke0(Native Method)java.base/jdk.internal.reflect.NativeMethodAccessorImpl.invoke(NativeMethodAccessorImpl.java:77)java.base/jdk.internal.reflect.DelegatingMethodAccessorImpl.invoke(DelegatingMethodAccessorImpl.java:43)java.base/java.lang.reflect.Method.invoke(Method.java:568)org.springframework.boot.loader.MainMethodRunner.run(MainMethodRunner.java:49)org.springframework.boot.loader.Launcher.launch(Launcher.java:108)org.springframework.boot.loader.Launcher.launch(Launcher.java:58)org.springframework.boot.loader.JarLauncher.main(JarLauncher.java:65) 
2025-01-07 17:15:12.139 DEBUG [com.microsoft.sqlserver.jdbc.internals.SQLServerConnection:2944] ConnectionID:2 ClientConnectionId: 1e3d8cb6-b44b-48f7-a446-d72b8e60d026 sleeping milisec: 1000 
2025-01-07 17:15:13.151 DEBUG [com.microsoft.sqlserver.jdbc.internals.SQLServerConnection:2825] ConnectionID:2 This attempt server name: C21SQL04 port: 1433 InstanceName: amos.1 useParallel: false 
2025-01-07 17:15:13.153 DEBUG [com.microsoft.sqlserver.jdbc.internals.SQLServerConnection:2828] ConnectionID:2 This attempt endtime: 1736262922727 
2025-01-07 17:15:13.154 DEBUG [com.microsoft.sqlserver.jdbc.internals.SQLServerConnection:2829] ConnectionID:2 This attempt No: 17 
2025-01-07 17:15:13.155 DEBUG [com.microsoft.sqlserver.jdbc.internals.SQLServerConnection:3165] ConnectionID:2 Connecting with server: C21SQL04 port: 1433 Timeout slice: 9572 Timeout Full: 30 
2025-01-07 17:15:13.305 DEBUG [com.microsoft.sqlserver.jdbc.internals.SQLServerConnection:3547] ConnectionID:2 ClientConnectionId: bf4f4149-2b4c-40f8-a3e4-6b2d36e37141 Server returned major version:13 
2025-01-07 17:15:13.442 DEBUG [jdk.event.security:274]  TLSHandshake: C21SQL04:1433, TLSv1.2, TLS_ECDHE_RSA_WITH_AES_256_CBC_SHA384, -1000310061 
2025-01-07 17:15:13.443 DEBUG [com.microsoft.sqlserver.jdbc.internals.SQLServerException:116] *** SQLException:ConnectionID:2 ClientConnectionId: bf4f4149-2b4c-40f8-a3e4-6b2d36e37141 com.microsoft.sqlserver.jdbc.SQLServerException: This driver is not configured for integrated authentication. ClientConnectionId:bf4f4149-2b4c-40f8-a3e4-6b2d36e37141 This driver is not configured for integrated authentication. ClientConnectionId:bf4f4149-2b4c-40f8-a3e4-6b2d36e37141 
2025-01-07 17:15:13.444 DEBUG [com.microsoft.sqlserver.jdbc.internals.SQLServerException:130] com.microsoft.sqlserver.jdbc.SQLServerConnection.terminate(SQLServerConnection.java:3680)com.microsoft.sqlserver.jdbc.AuthenticationJNI.<init>(AuthenticationJNI.java:74)com.microsoft.sqlserver.jdbc.SQLServerConnection.logon(SQLServerConnection.java:4734)com.microsoft.sqlserver.jdbc.SQLServerConnection.access$100(SQLServerConnection.java:90)com.microsoft.sqlserver.jdbc.SQLServerConnection$LogonCommand.doExecute(SQLServerConnection.java:4723)com.microsoft.sqlserver.jdbc.TDSCommand.execute(IOBuffer.java:7785)com.microsoft.sqlserver.jdbc.SQLServerConnection.executeCommand(SQLServerConnection.java:3793)com.microsoft.sqlserver.jdbc.SQLServerConnection.connectHelper(SQLServerConnection.java:3233)com.microsoft.sqlserver.jdbc.SQLServerConnection.login(SQLServerConnection.java:2833)com.microsoft.sqlserver.jdbc.SQLServerConnection.connectInternal(SQLServerConnection.java:2671)com.microsoft.sqlserver.jdbc.SQLServerConnection.connect(SQLServerConnection.java:1640)com.microsoft.sqlserver.jdbc.SQLServerDriver.connect(SQLServerDriver.java:936)com.zaxxer.hikari.util.DriverDataSource.getConnection(DriverDataSource.java:121)com.zaxxer.hikari.pool.PoolBase.newConnection(PoolBase.java:364)com.zaxxer.hikari.pool.PoolBase.newPoolEntry(PoolBase.java:206)com.zaxxer.hikari.pool.HikariPool.createPoolEntry(HikariPool.java:476)com.zaxxer.hikari.pool.HikariPool.checkFailFast(HikariPool.java:561)com.zaxxer.hikari.pool.HikariPool.<init>(HikariPool.java:115)com.zaxxer.hikari.HikariDataSource.getConnection(HikariDataSource.java:112)org.hibernate.engine.jdbc.connections.internal.DatasourceConnectionProviderImpl.getConnection(DatasourceConnectionProviderImpl.java:122)org.hibernate.engine.jdbc.env.internal.JdbcEnvironmentInitiator$ConnectionProviderJdbcConnectionAccess.obtainConnection(JdbcEnvironmentInitiator.java:181)org.hibernate.engine.jdbc.env.internal.JdbcEnvironmentInitiator.initiateService(JdbcEnvironmentInitiator.java:68)org.hibernate.engine.jdbc.env.internal.JdbcEnvironmentInitiator.initiateService(JdbcEnvironmentInitiator.java:35)org.hibernate.boot.registry.internal.StandardServiceRegistryImpl.initiateService(StandardServiceRegistryImpl.java:101)org.hibernate.service.internal.AbstractServiceRegistryImpl.createService(AbstractServiceRegistryImpl.java:263)org.hibernate.service.internal.AbstractServiceRegistryImpl.initializeService(AbstractServiceRegistryImpl.java:237)org.hibernate.service.internal.AbstractServiceRegistryImpl.getService(AbstractServiceRegistryImpl.java:214)org.hibernate.id.factory.internal.DefaultIdentifierGeneratorFactory.injectServices(DefaultIdentifierGeneratorFactory.java:175)org.hibernate.service.internal.AbstractServiceRegistryImpl.injectDependencies(AbstractServiceRegistryImpl.java:286)org.hibernate.service.internal.AbstractServiceRegistryImpl.initializeService(AbstractServiceRegistryImpl.java:243)org.hibernate.service.internal.AbstractServiceRegistryImpl.getService(AbstractServiceRegistryImpl.java:214)org.hibernate.boot.internal.InFlightMetadataCollectorImpl.<init>(InFlightMetadataCollectorImpl.java:173)org.hibernate.boot.model.process.spi.MetadataBuildingProcess.complete(MetadataBuildingProcess.java:127)org.hibernate.jpa.boot.internal.EntityManagerFactoryBuilderImpl.metadata(EntityManagerFactoryBuilderImpl.java:1460)org.hibernate.jpa.boot.internal.EntityManagerFactoryBuilderImpl.build(EntityManagerFactoryBuilderImpl.java:1494)org.springframework.orm.jpa.vendor.SpringHibernateJpaPersistenceProvider.createContainerEntityManagerFactory(SpringHibernateJpaPersistenceProvider.java:58)org.springframework.orm.jpa.LocalContainerEntityManagerFactoryBean.createNativeEntityManagerFactory(LocalContainerEntityManagerFactoryBean.java:365)org.springframework.orm.jpa.AbstractEntityManagerFactoryBean.buildNativeEntityManagerFactory(AbstractEntityManagerFactoryBean.java:409)org.springframework.orm.jpa.AbstractEntityManagerFactoryBean.afterPropertiesSet(AbstractEntityManagerFactoryBean.java:396)org.springframework.orm.jpa.LocalContainerEntityManagerFactoryBean.afterPropertiesSet(LocalContainerEntityManagerFactoryBean.java:341)org.springframework.beans.factory.support.AbstractAutowireCapableBeanFactory.invokeInitMethods(AbstractAutowireCapableBeanFactory.java:1863)org.springframework.beans.factory.support.AbstractAutowireCapableBeanFactory.initializeBean(AbstractAutowireCapableBeanFactory.java:1800)org.springframework.beans.factory.support.AbstractAutowireCapableBeanFactory.doCreateBean(AbstractAutowireCapableBeanFactory.java:620)org.springframework.beans.factory.support.AbstractAutowireCapableBeanFactory.createBean(AbstractAutowireCapableBeanFactory.java:542)org.springframework.beans.factory.support.AbstractBeanFactory.lambda$doGetBean$0(AbstractBeanFactory.java:335)org.springframework.beans.factory.support.DefaultSingletonBeanRegistry.getSingleton(DefaultSingletonBeanRegistry.java:234)org.springframework.beans.factory.support.AbstractBeanFactory.doGetBean(AbstractBeanFactory.java:333)org.springframework.beans.factory.support.AbstractBeanFactory.getBean(AbstractBeanFactory.java:208)org.springframework.context.support.AbstractApplicationContext.getBean(AbstractApplicationContext.java:1154)org.springframework.context.support.AbstractApplicationContext.finishBeanFactoryInitialization(AbstractApplicationContext.java:908)org.springframework.context.support.AbstractApplicationContext.refresh(AbstractApplicationContext.java:583)org.springframework.boot.web.servlet.context.ServletWebServerApplicationContext.refresh(ServletWebServerApplicationContext.java:147)org.springframework.boot.SpringApplication.refresh(SpringApplication.java:734)org.springframework.boot.SpringApplication.refreshContext(SpringApplication.java:408)org.springframework.boot.SpringApplication.run(SpringApplication.java:308)org.springframework.boot.SpringApplication.run(SpringApplication.java:1306)org.springframework.boot.SpringApplication.run(SpringApplication.java:1295)za.co.woolworths.itemkafka_poc.KafkaItemProducerPocApplication.main(KafkaItemProducerPocApplication.java:10)java.base/jdk.internal.reflect.NativeMethodAccessorImpl.invoke0(Native Method)java.base/jdk.internal.reflect.NativeMethodAccessorImpl.invoke(NativeMethodAccessorImpl.java:77)java.base/jdk.internal.reflect.DelegatingMethodAccessorImpl.invoke(DelegatingMethodAccessorImpl.java:43)java.base/java.lang.reflect.Method.invoke(Method.java:568)org.springframework.boot.loader.MainMethodRunner.run(MainMethodRunner.java:49)org.springframework.boot.loader.Launcher.launch(Launcher.java:108)org.springframework.boot.loader.Launcher.launch(Launcher.java:58)org.springframework.boot.loader.JarLauncher.main(JarLauncher.java:65) 
2025-01-07 17:15:13.449 DEBUG [com.microsoft.sqlserver.jdbc.internals.SQLServerConnection:2944] ConnectionID:2 ClientConnectionId: bf4f4149-2b4c-40f8-a3e4-6b2d36e37141 sleeping milisec: 1000 
2025-01-07 17:15:14.463 DEBUG [com.microsoft.sqlserver.jdbc.internals.SQLServerConnection:2825] ConnectionID:2 This attempt server name: C21SQL04 port: 1433 InstanceName: amos.1 useParallel: false 
2025-01-07 17:15:14.464 DEBUG [com.microsoft.sqlserver.jdbc.internals.SQLServerConnection:2828] ConnectionID:2 This attempt endtime: 1736262922727 
2025-01-07 17:15:14.466 DEBUG [com.microsoft.sqlserver.jdbc.internals.SQLServerConnection:2829] ConnectionID:2 This attempt No: 18 
2025-01-07 17:15:14.467 DEBUG [com.microsoft.sqlserver.jdbc.internals.SQLServerConnection:3165] ConnectionID:2 Connecting with server: C21SQL04 port: 1433 Timeout slice: 8260 Timeout Full: 30 
2025-01-07 17:15:14.623 DEBUG [com.microsoft.sqlserver.jdbc.internals.SQLServerConnection:3547] ConnectionID:2 ClientConnectionId: d8d6d823-78eb-47fd-a723-99b6041ee414 Server returned major version:13 
2025-01-07 17:15:14.770 DEBUG [jdk.event.security:274]  TLSHandshake: C21SQL04:1433, TLSv1.2, TLS_ECDHE_RSA_WITH_AES_256_CBC_SHA384, -1000310061 
2025-01-07 17:15:14.771 DEBUG [com.microsoft.sqlserver.jdbc.internals.SQLServerException:116] *** SQLException:ConnectionID:2 ClientConnectionId: d8d6d823-78eb-47fd-a723-99b6041ee414 com.microsoft.sqlserver.jdbc.SQLServerException: This driver is not configured for integrated authentication. ClientConnectionId:d8d6d823-78eb-47fd-a723-99b6041ee414 This driver is not configured for integrated authentication. ClientConnectionId:d8d6d823-78eb-47fd-a723-99b6041ee414 
2025-01-07 17:15:14.773 DEBUG [com.microsoft.sqlserver.jdbc.internals.SQLServerException:130] com.microsoft.sqlserver.jdbc.SQLServerConnection.terminate(SQLServerConnection.java:3680)com.microsoft.sqlserver.jdbc.AuthenticationJNI.<init>(AuthenticationJNI.java:74)com.microsoft.sqlserver.jdbc.SQLServerConnection.logon(SQLServerConnection.java:4734)com.microsoft.sqlserver.jdbc.SQLServerConnection.access$100(SQLServerConnection.java:90)com.microsoft.sqlserver.jdbc.SQLServerConnection$LogonCommand.doExecute(SQLServerConnection.java:4723)com.microsoft.sqlserver.jdbc.TDSCommand.execute(IOBuffer.java:7785)com.microsoft.sqlserver.jdbc.SQLServerConnection.executeCommand(SQLServerConnection.java:3793)com.microsoft.sqlserver.jdbc.SQLServerConnection.connectHelper(SQLServerConnection.java:3233)com.microsoft.sqlserver.jdbc.SQLServerConnection.login(SQLServerConnection.java:2833)com.microsoft.sqlserver.jdbc.SQLServerConnection.connectInternal(SQLServerConnection.java:2671)com.microsoft.sqlserver.jdbc.SQLServerConnection.connect(SQLServerConnection.java:1640)com.microsoft.sqlserver.jdbc.SQLServerDriver.connect(SQLServerDriver.java:936)com.zaxxer.hikari.util.DriverDataSource.getConnection(DriverDataSource.java:121)com.zaxxer.hikari.pool.PoolBase.newConnection(PoolBase.java:364)com.zaxxer.hikari.pool.PoolBase.newPoolEntry(PoolBase.java:206)com.zaxxer.hikari.pool.HikariPool.createPoolEntry(HikariPool.java:476)com.zaxxer.hikari.pool.HikariPool.checkFailFast(HikariPool.java:561)com.zaxxer.hikari.pool.HikariPool.<init>(HikariPool.java:115)com.zaxxer.hikari.HikariDataSource.getConnection(HikariDataSource.java:112)org.hibernate.engine.jdbc.connections.internal.DatasourceConnectionProviderImpl.getConnection(DatasourceConnectionProviderImpl.java:122)org.hibernate.engine.jdbc.env.internal.JdbcEnvironmentInitiator$ConnectionProviderJdbcConnectionAccess.obtainConnection(JdbcEnvironmentInitiator.java:181)org.hibernate.engine.jdbc.env.internal.JdbcEnvironmentInitiator.initiateService(JdbcEnvironmentInitiator.java:68)org.hibernate.engine.jdbc.env.internal.JdbcEnvironmentInitiator.initiateService(JdbcEnvironmentInitiator.java:35)org.hibernate.boot.registry.internal.StandardServiceRegistryImpl.initiateService(StandardServiceRegistryImpl.java:101)org.hibernate.service.internal.AbstractServiceRegistryImpl.createService(AbstractServiceRegistryImpl.java:263)org.hibernate.service.internal.AbstractServiceRegistryImpl.initializeService(AbstractServiceRegistryImpl.java:237)org.hibernate.service.internal.AbstractServiceRegistryImpl.getService(AbstractServiceRegistryImpl.java:214)org.hibernate.id.factory.internal.DefaultIdentifierGeneratorFactory.injectServices(DefaultIdentifierGeneratorFactory.java:175)org.hibernate.service.internal.AbstractServiceRegistryImpl.injectDependencies(AbstractServiceRegistryImpl.java:286)org.hibernate.service.internal.AbstractServiceRegistryImpl.initializeService(AbstractServiceRegistryImpl.java:243)org.hibernate.service.internal.AbstractServiceRegistryImpl.getService(AbstractServiceRegistryImpl.java:214)org.hibernate.boot.internal.InFlightMetadataCollectorImpl.<init>(InFlightMetadataCollectorImpl.java:173)org.hibernate.boot.model.process.spi.MetadataBuildingProcess.complete(MetadataBuildingProcess.java:127)org.hibernate.jpa.boot.internal.EntityManagerFactoryBuilderImpl.metadata(EntityManagerFactoryBuilderImpl.java:1460)org.hibernate.jpa.boot.internal.EntityManagerFactoryBuilderImpl.build(EntityManagerFactoryBuilderImpl.java:1494)org.springframework.orm.jpa.vendor.SpringHibernateJpaPersistenceProvider.createContainerEntityManagerFactory(SpringHibernateJpaPersistenceProvider.java:58)org.springframework.orm.jpa.LocalContainerEntityManagerFactoryBean.createNativeEntityManagerFactory(LocalContainerEntityManagerFactoryBean.java:365)org.springframework.orm.jpa.AbstractEntityManagerFactoryBean.buildNativeEntityManagerFactory(AbstractEntityManagerFactoryBean.java:409)org.springframework.orm.jpa.AbstractEntityManagerFactoryBean.afterPropertiesSet(AbstractEntityManagerFactoryBean.java:396)org.springframework.orm.jpa.LocalContainerEntityManagerFactoryBean.afterPropertiesSet(LocalContainerEntityManagerFactoryBean.java:341)org.springframework.beans.factory.support.AbstractAutowireCapableBeanFactory.invokeInitMethods(AbstractAutowireCapableBeanFactory.java:1863)org.springframework.beans.factory.support.AbstractAutowireCapableBeanFactory.initializeBean(AbstractAutowireCapableBeanFactory.java:1800)org.springframework.beans.factory.support.AbstractAutowireCapableBeanFactory.doCreateBean(AbstractAutowireCapableBeanFactory.java:620)org.springframework.beans.factory.support.AbstractAutowireCapableBeanFactory.createBean(AbstractAutowireCapableBeanFactory.java:542)org.springframework.beans.factory.support.AbstractBeanFactory.lambda$doGetBean$0(AbstractBeanFactory.java:335)org.springframework.beans.factory.support.DefaultSingletonBeanRegistry.getSingleton(DefaultSingletonBeanRegistry.java:234)org.springframework.beans.factory.support.AbstractBeanFactory.doGetBean(AbstractBeanFactory.java:333)org.springframework.beans.factory.support.AbstractBeanFactory.getBean(AbstractBeanFactory.java:208)org.springframework.context.support.AbstractApplicationContext.getBean(AbstractApplicationContext.java:1154)org.springframework.context.support.AbstractApplicationContext.finishBeanFactoryInitialization(AbstractApplicationContext.java:908)org.springframework.context.support.AbstractApplicationContext.refresh(AbstractApplicationContext.java:583)org.springframework.boot.web.servlet.context.ServletWebServerApplicationContext.refresh(ServletWebServerApplicationContext.java:147)org.springframework.boot.SpringApplication.refresh(SpringApplication.java:734)org.springframework.boot.SpringApplication.refreshContext(SpringApplication.java:408)org.springframework.boot.SpringApplication.run(SpringApplication.java:308)org.springframework.boot.SpringApplication.run(SpringApplication.java:1306)org.springframework.boot.SpringApplication.run(SpringApplication.java:1295)za.co.woolworths.itemkafka_poc.KafkaItemProducerPocApplication.main(KafkaItemProducerPocApplication.java:10)java.base/jdk.internal.reflect.NativeMethodAccessorImpl.invoke0(Native Method)java.base/jdk.internal.reflect.NativeMethodAccessorImpl.invoke(NativeMethodAccessorImpl.java:77)java.base/jdk.internal.reflect.DelegatingMethodAccessorImpl.invoke(DelegatingMethodAccessorImpl.java:43)java.base/java.lang.reflect.Method.invoke(Method.java:568)org.springframework.boot.loader.MainMethodRunner.run(MainMethodRunner.java:49)org.springframework.boot.loader.Launcher.launch(Launcher.java:108)org.springframework.boot.loader.Launcher.launch(Launcher.java:58)org.springframework.boot.loader.JarLauncher.main(JarLauncher.java:65) 
2025-01-07 17:15:14.779 DEBUG [com.microsoft.sqlserver.jdbc.internals.SQLServerConnection:2944] ConnectionID:2 ClientConnectionId: d8d6d823-78eb-47fd-a723-99b6041ee414 sleeping milisec: 1000 
2025-01-07 17:15:15.785 DEBUG [com.microsoft.sqlserver.jdbc.internals.SQLServerConnection:2825] ConnectionID:2 This attempt server name: C21SQL04 port: 1433 InstanceName: amos.1 useParallel: false 
2025-01-07 17:15:15.786 DEBUG [com.microsoft.sqlserver.jdbc.internals.SQLServerConnection:2828] ConnectionID:2 This attempt endtime: 1736262922727 
2025-01-07 17:15:15.788 DEBUG [com.microsoft.sqlserver.jdbc.internals.SQLServerConnection:2829] ConnectionID:2 This attempt No: 19 
2025-01-07 17:15:15.789 DEBUG [com.microsoft.sqlserver.jdbc.internals.SQLServerConnection:3165] ConnectionID:2 Connecting with server: C21SQL04 port: 1433 Timeout slice: 6938 Timeout Full: 30 
2025-01-07 17:15:15.963 DEBUG [com.microsoft.sqlserver.jdbc.internals.SQLServerConnection:3547] ConnectionID:2 ClientConnectionId: f5213304-c606-4d8b-a685-e2e8db79f707 Server returned major version:13 
2025-01-07 17:15:16.106 DEBUG [jdk.event.security:274]  TLSHandshake: C21SQL04:1433, TLSv1.2, TLS_ECDHE_RSA_WITH_AES_256_CBC_SHA384, -1000310061 
2025-01-07 17:15:16.108 DEBUG [com.microsoft.sqlserver.jdbc.internals.SQLServerException:116] *** SQLException:ConnectionID:2 ClientConnectionId: f5213304-c606-4d8b-a685-e2e8db79f707 com.microsoft.sqlserver.jdbc.SQLServerException: This driver is not configured for integrated authentication. ClientConnectionId:f5213304-c606-4d8b-a685-e2e8db79f707 This driver is not configured for integrated authentication. ClientConnectionId:f5213304-c606-4d8b-a685-e2e8db79f707 
2025-01-07 17:15:16.109 DEBUG [com.microsoft.sqlserver.jdbc.internals.SQLServerException:130] com.microsoft.sqlserver.jdbc.SQLServerConnection.terminate(SQLServerConnection.java:3680)com.microsoft.sqlserver.jdbc.AuthenticationJNI.<init>(AuthenticationJNI.java:74)com.microsoft.sqlserver.jdbc.SQLServerConnection.logon(SQLServerConnection.java:4734)com.microsoft.sqlserver.jdbc.SQLServerConnection.access$100(SQLServerConnection.java:90)com.microsoft.sqlserver.jdbc.SQLServerConnection$LogonCommand.doExecute(SQLServerConnection.java:4723)com.microsoft.sqlserver.jdbc.TDSCommand.execute(IOBuffer.java:7785)com.microsoft.sqlserver.jdbc.SQLServerConnection.executeCommand(SQLServerConnection.java:3793)com.microsoft.sqlserver.jdbc.SQLServerConnection.connectHelper(SQLServerConnection.java:3233)com.microsoft.sqlserver.jdbc.SQLServerConnection.login(SQLServerConnection.java:2833)com.microsoft.sqlserver.jdbc.SQLServerConnection.connectInternal(SQLServerConnection.java:2671)com.microsoft.sqlserver.jdbc.SQLServerConnection.connect(SQLServerConnection.java:1640)com.microsoft.sqlserver.jdbc.SQLServerDriver.connect(SQLServerDriver.java:936)com.zaxxer.hikari.util.DriverDataSource.getConnection(DriverDataSource.java:121)com.zaxxer.hikari.pool.PoolBase.newConnection(PoolBase.java:364)com.zaxxer.hikari.pool.PoolBase.newPoolEntry(PoolBase.java:206)com.zaxxer.hikari.pool.HikariPool.createPoolEntry(HikariPool.java:476)com.zaxxer.hikari.pool.HikariPool.checkFailFast(HikariPool.java:561)com.zaxxer.hikari.pool.HikariPool.<init>(HikariPool.java:115)com.zaxxer.hikari.HikariDataSource.getConnection(HikariDataSource.java:112)org.hibernate.engine.jdbc.connections.internal.DatasourceConnectionProviderImpl.getConnection(DatasourceConnectionProviderImpl.java:122)org.hibernate.engine.jdbc.env.internal.JdbcEnvironmentInitiator$ConnectionProviderJdbcConnectionAccess.obtainConnection(JdbcEnvironmentInitiator.java:181)org.hibernate.engine.jdbc.env.internal.JdbcEnvironmentInitiator.initiateService(JdbcEnvironmentInitiator.java:68)org.hibernate.engine.jdbc.env.internal.JdbcEnvironmentInitiator.initiateService(JdbcEnvironmentInitiator.java:35)org.hibernate.boot.registry.internal.StandardServiceRegistryImpl.initiateService(StandardServiceRegistryImpl.java:101)org.hibernate.service.internal.AbstractServiceRegistryImpl.createService(AbstractServiceRegistryImpl.java:263)org.hibernate.service.internal.AbstractServiceRegistryImpl.initializeService(AbstractServiceRegistryImpl.java:237)org.hibernate.service.internal.AbstractServiceRegistryImpl.getService(AbstractServiceRegistryImpl.java:214)org.hibernate.id.factory.internal.DefaultIdentifierGeneratorFactory.injectServices(DefaultIdentifierGeneratorFactory.java:175)org.hibernate.service.internal.AbstractServiceRegistryImpl.injectDependencies(AbstractServiceRegistryImpl.java:286)org.hibernate.service.internal.AbstractServiceRegistryImpl.initializeService(AbstractServiceRegistryImpl.java:243)org.hibernate.service.internal.AbstractServiceRegistryImpl.getService(AbstractServiceRegistryImpl.java:214)org.hibernate.boot.internal.InFlightMetadataCollectorImpl.<init>(InFlightMetadataCollectorImpl.java:173)org.hibernate.boot.model.process.spi.MetadataBuildingProcess.complete(MetadataBuildingProcess.java:127)org.hibernate.jpa.boot.internal.EntityManagerFactoryBuilderImpl.metadata(EntityManagerFactoryBuilderImpl.java:1460)org.hibernate.jpa.boot.internal.EntityManagerFactoryBuilderImpl.build(EntityManagerFactoryBuilderImpl.java:1494)org.springframework.orm.jpa.vendor.SpringHibernateJpaPersistenceProvider.createContainerEntityManagerFactory(SpringHibernateJpaPersistenceProvider.java:58)org.springframework.orm.jpa.LocalContainerEntityManagerFactoryBean.createNativeEntityManagerFactory(LocalContainerEntityManagerFactoryBean.java:365)org.springframework.orm.jpa.AbstractEntityManagerFactoryBean.buildNativeEntityManagerFactory(AbstractEntityManagerFactoryBean.java:409)org.springframework.orm.jpa.AbstractEntityManagerFactoryBean.afterPropertiesSet(AbstractEntityManagerFactoryBean.java:396)org.springframework.orm.jpa.LocalContainerEntityManagerFactoryBean.afterPropertiesSet(LocalContainerEntityManagerFactoryBean.java:341)org.springframework.beans.factory.support.AbstractAutowireCapableBeanFactory.invokeInitMethods(AbstractAutowireCapableBeanFactory.java:1863)org.springframework.beans.factory.support.AbstractAutowireCapableBeanFactory.initializeBean(AbstractAutowireCapableBeanFactory.java:1800)org.springframework.beans.factory.support.AbstractAutowireCapableBeanFactory.doCreateBean(AbstractAutowireCapableBeanFactory.java:620)org.springframework.beans.factory.support.AbstractAutowireCapableBeanFactory.createBean(AbstractAutowireCapableBeanFactory.java:542)org.springframework.beans.factory.support.AbstractBeanFactory.lambda$doGetBean$0(AbstractBeanFactory.java:335)org.springframework.beans.factory.support.DefaultSingletonBeanRegistry.getSingleton(DefaultSingletonBeanRegistry.java:234)org.springframework.beans.factory.support.AbstractBeanFactory.doGetBean(AbstractBeanFactory.java:333)org.springframework.beans.factory.support.AbstractBeanFactory.getBean(AbstractBeanFactory.java:208)org.springframework.context.support.AbstractApplicationContext.getBean(AbstractApplicationContext.java:1154)org.springframework.context.support.AbstractApplicationContext.finishBeanFactoryInitialization(AbstractApplicationContext.java:908)org.springframework.context.support.AbstractApplicationContext.refresh(AbstractApplicationContext.java:583)org.springframework.boot.web.servlet.context.ServletWebServerApplicationContext.refresh(ServletWebServerApplicationContext.java:147)org.springframework.boot.SpringApplication.refresh(SpringApplication.java:734)org.springframework.boot.SpringApplication.refreshContext(SpringApplication.java:408)org.springframework.boot.SpringApplication.run(SpringApplication.java:308)org.springframework.boot.SpringApplication.run(SpringApplication.java:1306)org.springframework.boot.SpringApplication.run(SpringApplication.java:1295)za.co.woolworths.itemkafka_poc.KafkaItemProducerPocApplication.main(KafkaItemProducerPocApplication.java:10)java.base/jdk.internal.reflect.NativeMethodAccessorImpl.invoke0(Native Method)java.base/jdk.internal.reflect.NativeMethodAccessorImpl.invoke(NativeMethodAccessorImpl.java:77)java.base/jdk.internal.reflect.DelegatingMethodAccessorImpl.invoke(DelegatingMethodAccessorImpl.java:43)java.base/java.lang.reflect.Method.invoke(Method.java:568)org.springframework.boot.loader.MainMethodRunner.run(MainMethodRunner.java:49)org.springframework.boot.loader.Launcher.launch(Launcher.java:108)org.springframework.boot.loader.Launcher.launch(Launcher.java:58)org.springframework.boot.loader.JarLauncher.main(JarLauncher.java:65) 
2025-01-07 17:15:16.114 DEBUG [com.microsoft.sqlserver.jdbc.internals.SQLServerConnection:2944] ConnectionID:2 ClientConnectionId: f5213304-c606-4d8b-a685-e2e8db79f707 sleeping milisec: 1000 
2025-01-07 17:15:17.125 DEBUG [com.microsoft.sqlserver.jdbc.internals.SQLServerConnection:2825] ConnectionID:2 This attempt server name: C21SQL04 port: 1433 InstanceName: amos.1 useParallel: false 
2025-01-07 17:15:17.127 DEBUG [com.microsoft.sqlserver.jdbc.internals.SQLServerConnection:2828] ConnectionID:2 This attempt endtime: 1736262922727 
2025-01-07 17:15:17.128 DEBUG [com.microsoft.sqlserver.jdbc.internals.SQLServerConnection:2829] ConnectionID:2 This attempt No: 20 
2025-01-07 17:15:17.129 DEBUG [com.microsoft.sqlserver.jdbc.internals.SQLServerConnection:3165] ConnectionID:2 Connecting with server: C21SQL04 port: 1433 Timeout slice: 5598 Timeout Full: 30 
2025-01-07 17:15:17.269 DEBUG [com.microsoft.sqlserver.jdbc.internals.SQLServerConnection:3547] ConnectionID:2 ClientConnectionId: 10a4e1ba-0a2d-458d-9503-827ef24463cf Server returned major version:13 
2025-01-07 17:15:17.442 DEBUG [jdk.event.security:274]  TLSHandshake: C21SQL04:1433, TLSv1.2, TLS_ECDHE_RSA_WITH_AES_256_CBC_SHA384, -1000310061 
2025-01-07 17:15:17.443 DEBUG [com.microsoft.sqlserver.jdbc.internals.SQLServerException:116] *** SQLException:ConnectionID:2 ClientConnectionId: 10a4e1ba-0a2d-458d-9503-827ef24463cf com.microsoft.sqlserver.jdbc.SQLServerException: This driver is not configured for integrated authentication. ClientConnectionId:10a4e1ba-0a2d-458d-9503-827ef24463cf This driver is not configured for integrated authentication. ClientConnectionId:10a4e1ba-0a2d-458d-9503-827ef24463cf 
2025-01-07 17:15:17.445 DEBUG [com.microsoft.sqlserver.jdbc.internals.SQLServerException:130] com.microsoft.sqlserver.jdbc.SQLServerConnection.terminate(SQLServerConnection.java:3680)com.microsoft.sqlserver.jdbc.AuthenticationJNI.<init>(AuthenticationJNI.java:74)com.microsoft.sqlserver.jdbc.SQLServerConnection.logon(SQLServerConnection.java:4734)com.microsoft.sqlserver.jdbc.SQLServerConnection.access$100(SQLServerConnection.java:90)com.microsoft.sqlserver.jdbc.SQLServerConnection$LogonCommand.doExecute(SQLServerConnection.java:4723)com.microsoft.sqlserver.jdbc.TDSCommand.execute(IOBuffer.java:7785)com.microsoft.sqlserver.jdbc.SQLServerConnection.executeCommand(SQLServerConnection.java:3793)com.microsoft.sqlserver.jdbc.SQLServerConnection.connectHelper(SQLServerConnection.java:3233)com.microsoft.sqlserver.jdbc.SQLServerConnection.login(SQLServerConnection.java:2833)com.microsoft.sqlserver.jdbc.SQLServerConnection.connectInternal(SQLServerConnection.java:2671)com.microsoft.sqlserver.jdbc.SQLServerConnection.connect(SQLServerConnection.java:1640)com.microsoft.sqlserver.jdbc.SQLServerDriver.connect(SQLServerDriver.java:936)com.zaxxer.hikari.util.DriverDataSource.getConnection(DriverDataSource.java:121)com.zaxxer.hikari.pool.PoolBase.newConnection(PoolBase.java:364)com.zaxxer.hikari.pool.PoolBase.newPoolEntry(PoolBase.java:206)com.zaxxer.hikari.pool.HikariPool.createPoolEntry(HikariPool.java:476)com.zaxxer.hikari.pool.HikariPool.checkFailFast(HikariPool.java:561)com.zaxxer.hikari.pool.HikariPool.<init>(HikariPool.java:115)com.zaxxer.hikari.HikariDataSource.getConnection(HikariDataSource.java:112)org.hibernate.engine.jdbc.connections.internal.DatasourceConnectionProviderImpl.getConnection(DatasourceConnectionProviderImpl.java:122)org.hibernate.engine.jdbc.env.internal.JdbcEnvironmentInitiator$ConnectionProviderJdbcConnectionAccess.obtainConnection(JdbcEnvironmentInitiator.java:181)org.hibernate.engine.jdbc.env.internal.JdbcEnvironmentInitiator.initiateService(JdbcEnvironmentInitiator.java:68)org.hibernate.engine.jdbc.env.internal.JdbcEnvironmentInitiator.initiateService(JdbcEnvironmentInitiator.java:35)org.hibernate.boot.registry.internal.StandardServiceRegistryImpl.initiateService(StandardServiceRegistryImpl.java:101)org.hibernate.service.internal.AbstractServiceRegistryImpl.createService(AbstractServiceRegistryImpl.java:263)org.hibernate.service.internal.AbstractServiceRegistryImpl.initializeService(AbstractServiceRegistryImpl.java:237)org.hibernate.service.internal.AbstractServiceRegistryImpl.getService(AbstractServiceRegistryImpl.java:214)org.hibernate.id.factory.internal.DefaultIdentifierGeneratorFactory.injectServices(DefaultIdentifierGeneratorFactory.java:175)org.hibernate.service.internal.AbstractServiceRegistryImpl.injectDependencies(AbstractServiceRegistryImpl.java:286)org.hibernate.service.internal.AbstractServiceRegistryImpl.initializeService(AbstractServiceRegistryImpl.java:243)org.hibernate.service.internal.AbstractServiceRegistryImpl.getService(AbstractServiceRegistryImpl.java:214)org.hibernate.boot.internal.InFlightMetadataCollectorImpl.<init>(InFlightMetadataCollectorImpl.java:173)org.hibernate.boot.model.process.spi.MetadataBuildingProcess.complete(MetadataBuildingProcess.java:127)org.hibernate.jpa.boot.internal.EntityManagerFactoryBuilderImpl.metadata(EntityManagerFactoryBuilderImpl.java:1460)org.hibernate.jpa.boot.internal.EntityManagerFactoryBuilderImpl.build(EntityManagerFactoryBuilderImpl.java:1494)org.springframework.orm.jpa.vendor.SpringHibernateJpaPersistenceProvider.createContainerEntityManagerFactory(SpringHibernateJpaPersistenceProvider.java:58)org.springframework.orm.jpa.LocalContainerEntityManagerFactoryBean.createNativeEntityManagerFactory(LocalContainerEntityManagerFactoryBean.java:365)org.springframework.orm.jpa.AbstractEntityManagerFactoryBean.buildNativeEntityManagerFactory(AbstractEntityManagerFactoryBean.java:409)org.springframework.orm.jpa.AbstractEntityManagerFactoryBean.afterPropertiesSet(AbstractEntityManagerFactoryBean.java:396)org.springframework.orm.jpa.LocalContainerEntityManagerFactoryBean.afterPropertiesSet(LocalContainerEntityManagerFactoryBean.java:341)org.springframework.beans.factory.support.AbstractAutowireCapableBeanFactory.invokeInitMethods(AbstractAutowireCapableBeanFactory.java:1863)org.springframework.beans.factory.support.AbstractAutowireCapableBeanFactory.initializeBean(AbstractAutowireCapableBeanFactory.java:1800)org.springframework.beans.factory.support.AbstractAutowireCapableBeanFactory.doCreateBean(AbstractAutowireCapableBeanFactory.java:620)org.springframework.beans.factory.support.AbstractAutowireCapableBeanFactory.createBean(AbstractAutowireCapableBeanFactory.java:542)org.springframework.beans.factory.support.AbstractBeanFactory.lambda$doGetBean$0(AbstractBeanFactory.java:335)org.springframework.beans.factory.support.DefaultSingletonBeanRegistry.getSingleton(DefaultSingletonBeanRegistry.java:234)org.springframework.beans.factory.support.AbstractBeanFactory.doGetBean(AbstractBeanFactory.java:333)org.springframework.beans.factory.support.AbstractBeanFactory.getBean(AbstractBeanFactory.java:208)org.springframework.context.support.AbstractApplicationContext.getBean(AbstractApplicationContext.java:1154)org.springframework.context.support.AbstractApplicationContext.finishBeanFactoryInitialization(AbstractApplicationContext.java:908)org.springframework.context.support.AbstractApplicationContext.refresh(AbstractApplicationContext.java:583)org.springframework.boot.web.servlet.context.ServletWebServerApplicationContext.refresh(ServletWebServerApplicationContext.java:147)org.springframework.boot.SpringApplication.refresh(SpringApplication.java:734)org.springframework.boot.SpringApplication.refreshContext(SpringApplication.java:408)org.springframework.boot.SpringApplication.run(SpringApplication.java:308)org.springframework.boot.SpringApplication.run(SpringApplication.java:1306)org.springframework.boot.SpringApplication.run(SpringApplication.java:1295)za.co.woolworths.itemkafka_poc.KafkaItemProducerPocApplication.main(KafkaItemProducerPocApplication.java:10)java.base/jdk.internal.reflect.NativeMethodAccessorImpl.invoke0(Native Method)java.base/jdk.internal.reflect.NativeMethodAccessorImpl.invoke(NativeMethodAccessorImpl.java:77)java.base/jdk.internal.reflect.DelegatingMethodAccessorImpl.invoke(DelegatingMethodAccessorImpl.java:43)java.base/java.lang.reflect.Method.invoke(Method.java:568)org.springframework.boot.loader.MainMethodRunner.run(MainMethodRunner.java:49)org.springframework.boot.loader.Launcher.launch(Launcher.java:108)org.springframework.boot.loader.Launcher.launch(Launcher.java:58)org.springframework.boot.loader.JarLauncher.main(JarLauncher.java:65) 
2025-01-07 17:15:17.450 DEBUG [com.microsoft.sqlserver.jdbc.internals.SQLServerConnection:2944] ConnectionID:2 ClientConnectionId: 10a4e1ba-0a2d-458d-9503-827ef24463cf sleeping milisec: 1000 
2025-01-07 17:15:18.465 DEBUG [com.microsoft.sqlserver.jdbc.internals.SQLServerConnection:2825] ConnectionID:2 This attempt server name: C21SQL04 port: 1433 InstanceName: amos.1 useParallel: false 
2025-01-07 17:15:18.466 DEBUG [com.microsoft.sqlserver.jdbc.internals.SQLServerConnection:2828] ConnectionID:2 This attempt endtime: 1736262922727 
2025-01-07 17:15:18.468 DEBUG [com.microsoft.sqlserver.jdbc.internals.SQLServerConnection:2829] ConnectionID:2 This attempt No: 21 
2025-01-07 17:15:18.469 DEBUG [com.microsoft.sqlserver.jdbc.internals.SQLServerConnection:3165] ConnectionID:2 Connecting with server: C21SQL04 port: 1433 Timeout slice: 4258 Timeout Full: 30 
2025-01-07 17:15:18.625 DEBUG [com.microsoft.sqlserver.jdbc.internals.SQLServerConnection:3547] ConnectionID:2 ClientConnectionId: b3a5bed5-41fa-4390-beab-e2794f77657e Server returned major version:13 
2025-01-07 17:15:18.809 DEBUG [jdk.event.security:274]  TLSHandshake: C21SQL04:1433, TLSv1.2, TLS_ECDHE_RSA_WITH_AES_256_CBC_SHA384, -1000310061 
2025-01-07 17:15:18.810 DEBUG [com.microsoft.sqlserver.jdbc.internals.SQLServerException:116] *** SQLException:ConnectionID:2 ClientConnectionId: b3a5bed5-41fa-4390-beab-e2794f77657e com.microsoft.sqlserver.jdbc.SQLServerException: This driver is not configured for integrated authentication. ClientConnectionId:b3a5bed5-41fa-4390-beab-e2794f77657e This driver is not configured for integrated authentication. ClientConnectionId:b3a5bed5-41fa-4390-beab-e2794f77657e 
2025-01-07 17:15:18.811 DEBUG [com.microsoft.sqlserver.jdbc.internals.SQLServerException:130] com.microsoft.sqlserver.jdbc.SQLServerConnection.terminate(SQLServerConnection.java:3680)com.microsoft.sqlserver.jdbc.AuthenticationJNI.<init>(AuthenticationJNI.java:74)com.microsoft.sqlserver.jdbc.SQLServerConnection.logon(SQLServerConnection.java:4734)com.microsoft.sqlserver.jdbc.SQLServerConnection.access$100(SQLServerConnection.java:90)com.microsoft.sqlserver.jdbc.SQLServerConnection$LogonCommand.doExecute(SQLServerConnection.java:4723)com.microsoft.sqlserver.jdbc.TDSCommand.execute(IOBuffer.java:7785)com.microsoft.sqlserver.jdbc.SQLServerConnection.executeCommand(SQLServerConnection.java:3793)com.microsoft.sqlserver.jdbc.SQLServerConnection.connectHelper(SQLServerConnection.java:3233)com.microsoft.sqlserver.jdbc.SQLServerConnection.login(SQLServerConnection.java:2833)com.microsoft.sqlserver.jdbc.SQLServerConnection.connectInternal(SQLServerConnection.java:2671)com.microsoft.sqlserver.jdbc.SQLServerConnection.connect(SQLServerConnection.java:1640)com.microsoft.sqlserver.jdbc.SQLServerDriver.connect(SQLServerDriver.java:936)com.zaxxer.hikari.util.DriverDataSource.getConnection(DriverDataSource.java:121)com.zaxxer.hikari.pool.PoolBase.newConnection(PoolBase.java:364)com.zaxxer.hikari.pool.PoolBase.newPoolEntry(PoolBase.java:206)com.zaxxer.hikari.pool.HikariPool.createPoolEntry(HikariPool.java:476)com.zaxxer.hikari.pool.HikariPool.checkFailFast(HikariPool.java:561)com.zaxxer.hikari.pool.HikariPool.<init>(HikariPool.java:115)com.zaxxer.hikari.HikariDataSource.getConnection(HikariDataSource.java:112)org.hibernate.engine.jdbc.connections.internal.DatasourceConnectionProviderImpl.getConnection(DatasourceConnectionProviderImpl.java:122)org.hibernate.engine.jdbc.env.internal.JdbcEnvironmentInitiator$ConnectionProviderJdbcConnectionAccess.obtainConnection(JdbcEnvironmentInitiator.java:181)org.hibernate.engine.jdbc.env.internal.JdbcEnvironmentInitiator.initiateService(JdbcEnvironmentInitiator.java:68)org.hibernate.engine.jdbc.env.internal.JdbcEnvironmentInitiator.initiateService(JdbcEnvironmentInitiator.java:35)org.hibernate.boot.registry.internal.StandardServiceRegistryImpl.initiateService(StandardServiceRegistryImpl.java:101)org.hibernate.service.internal.AbstractServiceRegistryImpl.createService(AbstractServiceRegistryImpl.java:263)org.hibernate.service.internal.AbstractServiceRegistryImpl.initializeService(AbstractServiceRegistryImpl.java:237)org.hibernate.service.internal.AbstractServiceRegistryImpl.getService(AbstractServiceRegistryImpl.java:214)org.hibernate.id.factory.internal.DefaultIdentifierGeneratorFactory.injectServices(DefaultIdentifierGeneratorFactory.java:175)org.hibernate.service.internal.AbstractServiceRegistryImpl.injectDependencies(AbstractServiceRegistryImpl.java:286)org.hibernate.service.internal.AbstractServiceRegistryImpl.initializeService(AbstractServiceRegistryImpl.java:243)org.hibernate.service.internal.AbstractServiceRegistryImpl.getService(AbstractServiceRegistryImpl.java:214)org.hibernate.boot.internal.InFlightMetadataCollectorImpl.<init>(InFlightMetadataCollectorImpl.java:173)org.hibernate.boot.model.process.spi.MetadataBuildingProcess.complete(MetadataBuildingProcess.java:127)org.hibernate.jpa.boot.internal.EntityManagerFactoryBuilderImpl.metadata(EntityManagerFactoryBuilderImpl.java:1460)org.hibernate.jpa.boot.internal.EntityManagerFactoryBuilderImpl.build(EntityManagerFactoryBuilderImpl.java:1494)org.springframework.orm.jpa.vendor.SpringHibernateJpaPersistenceProvider.createContainerEntityManagerFactory(SpringHibernateJpaPersistenceProvider.java:58)org.springframework.orm.jpa.LocalContainerEntityManagerFactoryBean.createNativeEntityManagerFactory(LocalContainerEntityManagerFactoryBean.java:365)org.springframework.orm.jpa.AbstractEntityManagerFactoryBean.buildNativeEntityManagerFactory(AbstractEntityManagerFactoryBean.java:409)org.springframework.orm.jpa.AbstractEntityManagerFactoryBean.afterPropertiesSet(AbstractEntityManagerFactoryBean.java:396)org.springframework.orm.jpa.LocalContainerEntityManagerFactoryBean.afterPropertiesSet(LocalContainerEntityManagerFactoryBean.java:341)org.springframework.beans.factory.support.AbstractAutowireCapableBeanFactory.invokeInitMethods(AbstractAutowireCapableBeanFactory.java:1863)org.springframework.beans.factory.support.AbstractAutowireCapableBeanFactory.initializeBean(AbstractAutowireCapableBeanFactory.java:1800)org.springframework.beans.factory.support.AbstractAutowireCapableBeanFactory.doCreateBean(AbstractAutowireCapableBeanFactory.java:620)org.springframework.beans.factory.support.AbstractAutowireCapableBeanFactory.createBean(AbstractAutowireCapableBeanFactory.java:542)org.springframework.beans.factory.support.AbstractBeanFactory.lambda$doGetBean$0(AbstractBeanFactory.java:335)org.springframework.beans.factory.support.DefaultSingletonBeanRegistry.getSingleton(DefaultSingletonBeanRegistry.java:234)org.springframework.beans.factory.support.AbstractBeanFactory.doGetBean(AbstractBeanFactory.java:333)org.springframework.beans.factory.support.AbstractBeanFactory.getBean(AbstractBeanFactory.java:208)org.springframework.context.support.AbstractApplicationContext.getBean(AbstractApplicationContext.java:1154)org.springframework.context.support.AbstractApplicationContext.finishBeanFactoryInitialization(AbstractApplicationContext.java:908)org.springframework.context.support.AbstractApplicationContext.refresh(AbstractApplicationContext.java:583)org.springframework.boot.web.servlet.context.ServletWebServerApplicationContext.refresh(ServletWebServerApplicationContext.java:147)org.springframework.boot.SpringApplication.refresh(SpringApplication.java:734)org.springframework.boot.SpringApplication.refreshContext(SpringApplication.java:408)org.springframework.boot.SpringApplication.run(SpringApplication.java:308)org.springframework.boot.SpringApplication.run(SpringApplication.java:1306)org.springframework.boot.SpringApplication.run(SpringApplication.java:1295)za.co.woolworths.itemkafka_poc.KafkaItemProducerPocApplication.main(KafkaItemProducerPocApplication.java:10)java.base/jdk.internal.reflect.NativeMethodAccessorImpl.invoke0(Native Method)java.base/jdk.internal.reflect.NativeMethodAccessorImpl.invoke(NativeMethodAccessorImpl.java:77)java.base/jdk.internal.reflect.DelegatingMethodAccessorImpl.invoke(DelegatingMethodAccessorImpl.java:43)java.base/java.lang.reflect.Method.invoke(Method.java:568)org.springframework.boot.loader.MainMethodRunner.run(MainMethodRunner.java:49)org.springframework.boot.loader.Launcher.launch(Launcher.java:108)org.springframework.boot.loader.Launcher.launch(Launcher.java:58)org.springframework.boot.loader.JarLauncher.main(JarLauncher.java:65) 
2025-01-07 17:15:18.813 DEBUG [com.microsoft.sqlserver.jdbc.internals.SQLServerConnection:2944] ConnectionID:2 ClientConnectionId: b3a5bed5-41fa-4390-beab-e2794f77657e sleeping milisec: 1000 
2025-01-07 17:15:19.828 DEBUG [com.microsoft.sqlserver.jdbc.internals.SQLServerConnection:2825] ConnectionID:2 This attempt server name: C21SQL04 port: 1433 InstanceName: amos.1 useParallel: false 
2025-01-07 17:15:19.829 DEBUG [com.microsoft.sqlserver.jdbc.internals.SQLServerConnection:2828] ConnectionID:2 This attempt endtime: 1736262922727 
2025-01-07 17:15:19.829 DEBUG [com.microsoft.sqlserver.jdbc.internals.SQLServerConnection:2829] ConnectionID:2 This attempt No: 22 
2025-01-07 17:15:19.830 DEBUG [com.microsoft.sqlserver.jdbc.internals.SQLServerConnection:3165] ConnectionID:2 Connecting with server: C21SQL04 port: 1433 Timeout slice: 2897 Timeout Full: 30 
2025-01-07 17:15:19.990 DEBUG [com.microsoft.sqlserver.jdbc.internals.SQLServerConnection:3547] ConnectionID:2 ClientConnectionId: 340979e6-aa93-451c-8349-49b3e9b5538a Server returned major version:13 
2025-01-07 17:15:20.134 DEBUG [jdk.event.security:274]  TLSHandshake: C21SQL04:1433, TLSv1.2, TLS_ECDHE_RSA_WITH_AES_256_CBC_SHA384, -1000310061 
2025-01-07 17:15:20.136 DEBUG [com.microsoft.sqlserver.jdbc.internals.SQLServerException:116] *** SQLException:ConnectionID:2 ClientConnectionId: 340979e6-aa93-451c-8349-49b3e9b5538a com.microsoft.sqlserver.jdbc.SQLServerException: This driver is not configured for integrated authentication. ClientConnectionId:340979e6-aa93-451c-8349-49b3e9b5538a This driver is not configured for integrated authentication. ClientConnectionId:340979e6-aa93-451c-8349-49b3e9b5538a 
2025-01-07 17:15:20.137 DEBUG [com.microsoft.sqlserver.jdbc.internals.SQLServerException:130] com.microsoft.sqlserver.jdbc.SQLServerConnection.terminate(SQLServerConnection.java:3680)com.microsoft.sqlserver.jdbc.AuthenticationJNI.<init>(AuthenticationJNI.java:74)com.microsoft.sqlserver.jdbc.SQLServerConnection.logon(SQLServerConnection.java:4734)com.microsoft.sqlserver.jdbc.SQLServerConnection.access$100(SQLServerConnection.java:90)com.microsoft.sqlserver.jdbc.SQLServerConnection$LogonCommand.doExecute(SQLServerConnection.java:4723)com.microsoft.sqlserver.jdbc.TDSCommand.execute(IOBuffer.java:7785)com.microsoft.sqlserver.jdbc.SQLServerConnection.executeCommand(SQLServerConnection.java:3793)com.microsoft.sqlserver.jdbc.SQLServerConnection.connectHelper(SQLServerConnection.java:3233)com.microsoft.sqlserver.jdbc.SQLServerConnection.login(SQLServerConnection.java:2833)com.microsoft.sqlserver.jdbc.SQLServerConnection.connectInternal(SQLServerConnection.java:2671)com.microsoft.sqlserver.jdbc.SQLServerConnection.connect(SQLServerConnection.java:1640)com.microsoft.sqlserver.jdbc.SQLServerDriver.connect(SQLServerDriver.java:936)com.zaxxer.hikari.util.DriverDataSource.getConnection(DriverDataSource.java:121)com.zaxxer.hikari.pool.PoolBase.newConnection(PoolBase.java:364)com.zaxxer.hikari.pool.PoolBase.newPoolEntry(PoolBase.java:206)com.zaxxer.hikari.pool.HikariPool.createPoolEntry(HikariPool.java:476)com.zaxxer.hikari.pool.HikariPool.checkFailFast(HikariPool.java:561)com.zaxxer.hikari.pool.HikariPool.<init>(HikariPool.java:115)com.zaxxer.hikari.HikariDataSource.getConnection(HikariDataSource.java:112)org.hibernate.engine.jdbc.connections.internal.DatasourceConnectionProviderImpl.getConnection(DatasourceConnectionProviderImpl.java:122)org.hibernate.engine.jdbc.env.internal.JdbcEnvironmentInitiator$ConnectionProviderJdbcConnectionAccess.obtainConnection(JdbcEnvironmentInitiator.java:181)org.hibernate.engine.jdbc.env.internal.JdbcEnvironmentInitiator.initiateService(JdbcEnvironmentInitiator.java:68)org.hibernate.engine.jdbc.env.internal.JdbcEnvironmentInitiator.initiateService(JdbcEnvironmentInitiator.java:35)org.hibernate.boot.registry.internal.StandardServiceRegistryImpl.initiateService(StandardServiceRegistryImpl.java:101)org.hibernate.service.internal.AbstractServiceRegistryImpl.createService(AbstractServiceRegistryImpl.java:263)org.hibernate.service.internal.AbstractServiceRegistryImpl.initializeService(AbstractServiceRegistryImpl.java:237)org.hibernate.service.internal.AbstractServiceRegistryImpl.getService(AbstractServiceRegistryImpl.java:214)org.hibernate.id.factory.internal.DefaultIdentifierGeneratorFactory.injectServices(DefaultIdentifierGeneratorFactory.java:175)org.hibernate.service.internal.AbstractServiceRegistryImpl.injectDependencies(AbstractServiceRegistryImpl.java:286)org.hibernate.service.internal.AbstractServiceRegistryImpl.initializeService(AbstractServiceRegistryImpl.java:243)org.hibernate.service.internal.AbstractServiceRegistryImpl.getService(AbstractServiceRegistryImpl.java:214)org.hibernate.boot.internal.InFlightMetadataCollectorImpl.<init>(InFlightMetadataCollectorImpl.java:173)org.hibernate.boot.model.process.spi.MetadataBuildingProcess.complete(MetadataBuildingProcess.java:127)org.hibernate.jpa.boot.internal.EntityManagerFactoryBuilderImpl.metadata(EntityManagerFactoryBuilderImpl.java:1460)org.hibernate.jpa.boot.internal.EntityManagerFactoryBuilderImpl.build(EntityManagerFactoryBuilderImpl.java:1494)org.springframework.orm.jpa.vendor.SpringHibernateJpaPersistenceProvider.createContainerEntityManagerFactory(SpringHibernateJpaPersistenceProvider.java:58)org.springframework.orm.jpa.LocalContainerEntityManagerFactoryBean.createNativeEntityManagerFactory(LocalContainerEntityManagerFactoryBean.java:365)org.springframework.orm.jpa.AbstractEntityManagerFactoryBean.buildNativeEntityManagerFactory(AbstractEntityManagerFactoryBean.java:409)org.springframework.orm.jpa.AbstractEntityManagerFactoryBean.afterPropertiesSet(AbstractEntityManagerFactoryBean.java:396)org.springframework.orm.jpa.LocalContainerEntityManagerFactoryBean.afterPropertiesSet(LocalContainerEntityManagerFactoryBean.java:341)org.springframework.beans.factory.support.AbstractAutowireCapableBeanFactory.invokeInitMethods(AbstractAutowireCapableBeanFactory.java:1863)org.springframework.beans.factory.support.AbstractAutowireCapableBeanFactory.initializeBean(AbstractAutowireCapableBeanFactory.java:1800)org.springframework.beans.factory.support.AbstractAutowireCapableBeanFactory.doCreateBean(AbstractAutowireCapableBeanFactory.java:620)org.springframework.beans.factory.support.AbstractAutowireCapableBeanFactory.createBean(AbstractAutowireCapableBeanFactory.java:542)org.springframework.beans.factory.support.AbstractBeanFactory.lambda$doGetBean$0(AbstractBeanFactory.java:335)org.springframework.beans.factory.support.DefaultSingletonBeanRegistry.getSingleton(DefaultSingletonBeanRegistry.java:234)org.springframework.beans.factory.support.AbstractBeanFactory.doGetBean(AbstractBeanFactory.java:333)org.springframework.beans.factory.support.AbstractBeanFactory.getBean(AbstractBeanFactory.java:208)org.springframework.context.support.AbstractApplicationContext.getBean(AbstractApplicationContext.java:1154)org.springframework.context.support.AbstractApplicationContext.finishBeanFactoryInitialization(AbstractApplicationContext.java:908)org.springframework.context.support.AbstractApplicationContext.refresh(AbstractApplicationContext.java:583)org.springframework.boot.web.servlet.context.ServletWebServerApplicationContext.refresh(ServletWebServerApplicationContext.java:147)org.springframework.boot.SpringApplication.refresh(SpringApplication.java:734)org.springframework.boot.SpringApplication.refreshContext(SpringApplication.java:408)org.springframework.boot.SpringApplication.run(SpringApplication.java:308)org.springframework.boot.SpringApplication.run(SpringApplication.java:1306)org.springframework.boot.SpringApplication.run(SpringApplication.java:1295)za.co.woolworths.itemkafka_poc.KafkaItemProducerPocApplication.main(KafkaItemProducerPocApplication.java:10)java.base/jdk.internal.reflect.NativeMethodAccessorImpl.invoke0(Native Method)java.base/jdk.internal.reflect.NativeMethodAccessorImpl.invoke(NativeMethodAccessorImpl.java:77)java.base/jdk.internal.reflect.DelegatingMethodAccessorImpl.invoke(DelegatingMethodAccessorImpl.java:43)java.base/java.lang.reflect.Method.invoke(Method.java:568)org.springframework.boot.loader.MainMethodRunner.run(MainMethodRunner.java:49)org.springframework.boot.loader.Launcher.launch(Launcher.java:108)org.springframework.boot.loader.Launcher.launch(Launcher.java:58)org.springframework.boot.loader.JarLauncher.main(JarLauncher.java:65) 
2025-01-07 17:15:20.148 DEBUG [com.microsoft.sqlserver.jdbc.internals.SQLServerConnection:2944] ConnectionID:2 ClientConnectionId: 340979e6-aa93-451c-8349-49b3e9b5538a sleeping milisec: 1000 
2025-01-07 17:15:20.906 DEBUG [org.apache.catalina.session.ManagerBase:173] Start expire sessions StandardManager at 1736262920905 sessioncount 0 
2025-01-07 17:15:20.907 DEBUG [org.apache.catalina.session.ManagerBase:173] End expire sessions StandardManager processingTime 2 expired sessions: 0 
2025-01-07 17:15:21.154 DEBUG [com.microsoft.sqlserver.jdbc.internals.SQLServerConnection:2825] ConnectionID:2 This attempt server name: C21SQL04 port: 1433 InstanceName: amos.1 useParallel: false 
2025-01-07 17:15:21.156 DEBUG [com.microsoft.sqlserver.jdbc.internals.SQLServerConnection:2828] ConnectionID:2 This attempt endtime: 1736262922727 
2025-01-07 17:15:21.157 DEBUG [com.microsoft.sqlserver.jdbc.internals.SQLServerConnection:2829] ConnectionID:2 This attempt No: 23 
2025-01-07 17:15:21.158 DEBUG [com.microsoft.sqlserver.jdbc.internals.SQLServerConnection:3165] ConnectionID:2 Connecting with server: C21SQL04 port: 1433 Timeout slice: 1569 Timeout Full: 30 
2025-01-07 17:15:21.310 DEBUG [com.microsoft.sqlserver.jdbc.internals.SQLServerConnection:3547] ConnectionID:2 ClientConnectionId: d10067ce-87be-454b-9a33-70406ec1ff3b Server returned major version:13 
2025-01-07 17:15:21.456 DEBUG [jdk.event.security:274]  TLSHandshake: C21SQL04:1433, TLSv1.2, TLS_ECDHE_RSA_WITH_AES_256_CBC_SHA384, -1000310061 
2025-01-07 17:15:21.458 DEBUG [com.microsoft.sqlserver.jdbc.internals.SQLServerException:116] *** SQLException:ConnectionID:2 ClientConnectionId: d10067ce-87be-454b-9a33-70406ec1ff3b com.microsoft.sqlserver.jdbc.SQLServerException: This driver is not configured for integrated authentication. ClientConnectionId:d10067ce-87be-454b-9a33-70406ec1ff3b This driver is not configured for integrated authentication. ClientConnectionId:d10067ce-87be-454b-9a33-70406ec1ff3b 
2025-01-07 17:15:21.459 DEBUG [com.microsoft.sqlserver.jdbc.internals.SQLServerException:130] com.microsoft.sqlserver.jdbc.SQLServerConnection.terminate(SQLServerConnection.java:3680)com.microsoft.sqlserver.jdbc.AuthenticationJNI.<init>(AuthenticationJNI.java:74)com.microsoft.sqlserver.jdbc.SQLServerConnection.logon(SQLServerConnection.java:4734)com.microsoft.sqlserver.jdbc.SQLServerConnection.access$100(SQLServerConnection.java:90)com.microsoft.sqlserver.jdbc.SQLServerConnection$LogonCommand.doExecute(SQLServerConnection.java:4723)com.microsoft.sqlserver.jdbc.TDSCommand.execute(IOBuffer.java:7785)com.microsoft.sqlserver.jdbc.SQLServerConnection.executeCommand(SQLServerConnection.java:3793)com.microsoft.sqlserver.jdbc.SQLServerConnection.connectHelper(SQLServerConnection.java:3233)com.microsoft.sqlserver.jdbc.SQLServerConnection.login(SQLServerConnection.java:2833)com.microsoft.sqlserver.jdbc.SQLServerConnection.connectInternal(SQLServerConnection.java:2671)com.microsoft.sqlserver.jdbc.SQLServerConnection.connect(SQLServerConnection.java:1640)com.microsoft.sqlserver.jdbc.SQLServerDriver.connect(SQLServerDriver.java:936)com.zaxxer.hikari.util.DriverDataSource.getConnection(DriverDataSource.java:121)com.zaxxer.hikari.pool.PoolBase.newConnection(PoolBase.java:364)com.zaxxer.hikari.pool.PoolBase.newPoolEntry(PoolBase.java:206)com.zaxxer.hikari.pool.HikariPool.createPoolEntry(HikariPool.java:476)com.zaxxer.hikari.pool.HikariPool.checkFailFast(HikariPool.java:561)com.zaxxer.hikari.pool.HikariPool.<init>(HikariPool.java:115)com.zaxxer.hikari.HikariDataSource.getConnection(HikariDataSource.java:112)org.hibernate.engine.jdbc.connections.internal.DatasourceConnectionProviderImpl.getConnection(DatasourceConnectionProviderImpl.java:122)org.hibernate.engine.jdbc.env.internal.JdbcEnvironmentInitiator$ConnectionProviderJdbcConnectionAccess.obtainConnection(JdbcEnvironmentInitiator.java:181)org.hibernate.engine.jdbc.env.internal.JdbcEnvironmentInitiator.initiateService(JdbcEnvironmentInitiator.java:68)org.hibernate.engine.jdbc.env.internal.JdbcEnvironmentInitiator.initiateService(JdbcEnvironmentInitiator.java:35)org.hibernate.boot.registry.internal.StandardServiceRegistryImpl.initiateService(StandardServiceRegistryImpl.java:101)org.hibernate.service.internal.AbstractServiceRegistryImpl.createService(AbstractServiceRegistryImpl.java:263)org.hibernate.service.internal.AbstractServiceRegistryImpl.initializeService(AbstractServiceRegistryImpl.java:237)org.hibernate.service.internal.AbstractServiceRegistryImpl.getService(AbstractServiceRegistryImpl.java:214)org.hibernate.id.factory.internal.DefaultIdentifierGeneratorFactory.injectServices(DefaultIdentifierGeneratorFactory.java:175)org.hibernate.service.internal.AbstractServiceRegistryImpl.injectDependencies(AbstractServiceRegistryImpl.java:286)org.hibernate.service.internal.AbstractServiceRegistryImpl.initializeService(AbstractServiceRegistryImpl.java:243)org.hibernate.service.internal.AbstractServiceRegistryImpl.getService(AbstractServiceRegistryImpl.java:214)org.hibernate.boot.internal.InFlightMetadataCollectorImpl.<init>(InFlightMetadataCollectorImpl.java:173)org.hibernate.boot.model.process.spi.MetadataBuildingProcess.complete(MetadataBuildingProcess.java:127)org.hibernate.jpa.boot.internal.EntityManagerFactoryBuilderImpl.metadata(EntityManagerFactoryBuilderImpl.java:1460)org.hibernate.jpa.boot.internal.EntityManagerFactoryBuilderImpl.build(EntityManagerFactoryBuilderImpl.java:1494)org.springframework.orm.jpa.vendor.SpringHibernateJpaPersistenceProvider.createContainerEntityManagerFactory(SpringHibernateJpaPersistenceProvider.java:58)org.springframework.orm.jpa.LocalContainerEntityManagerFactoryBean.createNativeEntityManagerFactory(LocalContainerEntityManagerFactoryBean.java:365)org.springframework.orm.jpa.AbstractEntityManagerFactoryBean.buildNativeEntityManagerFactory(AbstractEntityManagerFactoryBean.java:409)org.springframework.orm.jpa.AbstractEntityManagerFactoryBean.afterPropertiesSet(AbstractEntityManagerFactoryBean.java:396)org.springframework.orm.jpa.LocalContainerEntityManagerFactoryBean.afterPropertiesSet(LocalContainerEntityManagerFactoryBean.java:341)org.springframework.beans.factory.support.AbstractAutowireCapableBeanFactory.invokeInitMethods(AbstractAutowireCapableBeanFactory.java:1863)org.springframework.beans.factory.support.AbstractAutowireCapableBeanFactory.initializeBean(AbstractAutowireCapableBeanFactory.java:1800)org.springframework.beans.factory.support.AbstractAutowireCapableBeanFactory.doCreateBean(AbstractAutowireCapableBeanFactory.java:620)org.springframework.beans.factory.support.AbstractAutowireCapableBeanFactory.createBean(AbstractAutowireCapableBeanFactory.java:542)org.springframework.beans.factory.support.AbstractBeanFactory.lambda$doGetBean$0(AbstractBeanFactory.java:335)org.springframework.beans.factory.support.DefaultSingletonBeanRegistry.getSingleton(DefaultSingletonBeanRegistry.java:234)org.springframework.beans.factory.support.AbstractBeanFactory.doGetBean(AbstractBeanFactory.java:333)org.springframework.beans.factory.support.AbstractBeanFactory.getBean(AbstractBeanFactory.java:208)org.springframework.context.support.AbstractApplicationContext.getBean(AbstractApplicationContext.java:1154)org.springframework.context.support.AbstractApplicationContext.finishBeanFactoryInitialization(AbstractApplicationContext.java:908)org.springframework.context.support.AbstractApplicationContext.refresh(AbstractApplicationContext.java:583)org.springframework.boot.web.servlet.context.ServletWebServerApplicationContext.refresh(ServletWebServerApplicationContext.java:147)org.springframework.boot.SpringApplication.refresh(SpringApplication.java:734)org.springframework.boot.SpringApplication.refreshContext(SpringApplication.java:408)org.springframework.boot.SpringApplication.run(SpringApplication.java:308)org.springframework.boot.SpringApplication.run(SpringApplication.java:1306)org.springframework.boot.SpringApplication.run(SpringApplication.java:1295)za.co.woolworths.itemkafka_poc.KafkaItemProducerPocApplication.main(KafkaItemProducerPocApplication.java:10)java.base/jdk.internal.reflect.NativeMethodAccessorImpl.invoke0(Native Method)java.base/jdk.internal.reflect.NativeMethodAccessorImpl.invoke(NativeMethodAccessorImpl.java:77)java.base/jdk.internal.reflect.DelegatingMethodAccessorImpl.invoke(DelegatingMethodAccessorImpl.java:43)java.base/java.lang.reflect.Method.invoke(Method.java:568)org.springframework.boot.loader.MainMethodRunner.run(MainMethodRunner.java:49)org.springframework.boot.loader.Launcher.launch(Launcher.java:108)org.springframework.boot.loader.Launcher.launch(Launcher.java:58)org.springframework.boot.loader.JarLauncher.main(JarLauncher.java:65) 
2025-01-07 17:15:21.464 DEBUG [com.microsoft.sqlserver.jdbc.internals.SQLServerConnection:2944] ConnectionID:2 ClientConnectionId: d10067ce-87be-454b-9a33-70406ec1ff3b sleeping milisec: 1000 
2025-01-07 17:15:22.467 DEBUG [com.microsoft.sqlserver.jdbc.internals.SQLServerConnection:2825] ConnectionID:2 This attempt server name: C21SQL04 port: 1433 InstanceName: amos.1 useParallel: false 
2025-01-07 17:15:22.469 DEBUG [com.microsoft.sqlserver.jdbc.internals.SQLServerConnection:2828] ConnectionID:2 This attempt endtime: 1736262922727 
2025-01-07 17:15:22.471 DEBUG [com.microsoft.sqlserver.jdbc.internals.SQLServerConnection:2829] ConnectionID:2 This attempt No: 24 
2025-01-07 17:15:22.472 DEBUG [com.microsoft.sqlserver.jdbc.internals.SQLServerConnection:3165] ConnectionID:2 Connecting with server: C21SQL04 port: 1433 Timeout slice: 255 Timeout Full: 30 
2025-01-07 17:15:22.625 DEBUG [com.microsoft.sqlserver.jdbc.internals.SQLServerConnection:3547] ConnectionID:2 ClientConnectionId: 97bfc1f9-abc6-46e8-b983-bb1c44be93ee Server returned major version:13 
2025-01-07 17:15:22.774 DEBUG [jdk.event.security:274]  TLSHandshake: C21SQL04:1433, TLSv1.2, TLS_ECDHE_RSA_WITH_AES_256_CBC_SHA384, -1000310061 
2025-01-07 17:15:22.776 DEBUG [com.microsoft.sqlserver.jdbc.internals.SQLServerException:116] *** SQLException:ConnectionID:2 ClientConnectionId: 97bfc1f9-abc6-46e8-b983-bb1c44be93ee com.microsoft.sqlserver.jdbc.SQLServerException: This driver is not configured for integrated authentication. ClientConnectionId:97bfc1f9-abc6-46e8-b983-bb1c44be93ee This driver is not configured for integrated authentication. ClientConnectionId:97bfc1f9-abc6-46e8-b983-bb1c44be93ee 
2025-01-07 17:15:22.777 DEBUG [com.microsoft.sqlserver.jdbc.internals.SQLServerException:130] com.microsoft.sqlserver.jdbc.SQLServerConnection.terminate(SQLServerConnection.java:3680)com.microsoft.sqlserver.jdbc.AuthenticationJNI.<init>(AuthenticationJNI.java:74)com.microsoft.sqlserver.jdbc.SQLServerConnection.logon(SQLServerConnection.java:4734)com.microsoft.sqlserver.jdbc.SQLServerConnection.access$100(SQLServerConnection.java:90)com.microsoft.sqlserver.jdbc.SQLServerConnection$LogonCommand.doExecute(SQLServerConnection.java:4723)com.microsoft.sqlserver.jdbc.TDSCommand.execute(IOBuffer.java:7785)com.microsoft.sqlserver.jdbc.SQLServerConnection.executeCommand(SQLServerConnection.java:3793)com.microsoft.sqlserver.jdbc.SQLServerConnection.connectHelper(SQLServerConnection.java:3233)com.microsoft.sqlserver.jdbc.SQLServerConnection.login(SQLServerConnection.java:2833)com.microsoft.sqlserver.jdbc.SQLServerConnection.connectInternal(SQLServerConnection.java:2671)com.microsoft.sqlserver.jdbc.SQLServerConnection.connect(SQLServerConnection.java:1640)com.microsoft.sqlserver.jdbc.SQLServerDriver.connect(SQLServerDriver.java:936)com.zaxxer.hikari.util.DriverDataSource.getConnection(DriverDataSource.java:121)com.zaxxer.hikari.pool.PoolBase.newConnection(PoolBase.java:364)com.zaxxer.hikari.pool.PoolBase.newPoolEntry(PoolBase.java:206)com.zaxxer.hikari.pool.HikariPool.createPoolEntry(HikariPool.java:476)com.zaxxer.hikari.pool.HikariPool.checkFailFast(HikariPool.java:561)com.zaxxer.hikari.pool.HikariPool.<init>(HikariPool.java:115)com.zaxxer.hikari.HikariDataSource.getConnection(HikariDataSource.java:112)org.hibernate.engine.jdbc.connections.internal.DatasourceConnectionProviderImpl.getConnection(DatasourceConnectionProviderImpl.java:122)org.hibernate.engine.jdbc.env.internal.JdbcEnvironmentInitiator$ConnectionProviderJdbcConnectionAccess.obtainConnection(JdbcEnvironmentInitiator.java:181)org.hibernate.engine.jdbc.env.internal.JdbcEnvironmentInitiator.initiateService(JdbcEnvironmentInitiator.java:68)org.hibernate.engine.jdbc.env.internal.JdbcEnvironmentInitiator.initiateService(JdbcEnvironmentInitiator.java:35)org.hibernate.boot.registry.internal.StandardServiceRegistryImpl.initiateService(StandardServiceRegistryImpl.java:101)org.hibernate.service.internal.AbstractServiceRegistryImpl.createService(AbstractServiceRegistryImpl.java:263)org.hibernate.service.internal.AbstractServiceRegistryImpl.initializeService(AbstractServiceRegistryImpl.java:237)org.hibernate.service.internal.AbstractServiceRegistryImpl.getService(AbstractServiceRegistryImpl.java:214)org.hibernate.id.factory.internal.DefaultIdentifierGeneratorFactory.injectServices(DefaultIdentifierGeneratorFactory.java:175)org.hibernate.service.internal.AbstractServiceRegistryImpl.injectDependencies(AbstractServiceRegistryImpl.java:286)org.hibernate.service.internal.AbstractServiceRegistryImpl.initializeService(AbstractServiceRegistryImpl.java:243)org.hibernate.service.internal.AbstractServiceRegistryImpl.getService(AbstractServiceRegistryImpl.java:214)org.hibernate.boot.internal.InFlightMetadataCollectorImpl.<init>(InFlightMetadataCollectorImpl.java:173)org.hibernate.boot.model.process.spi.MetadataBuildingProcess.complete(MetadataBuildingProcess.java:127)org.hibernate.jpa.boot.internal.EntityManagerFactoryBuilderImpl.metadata(EntityManagerFactoryBuilderImpl.java:1460)org.hibernate.jpa.boot.internal.EntityManagerFactoryBuilderImpl.build(EntityManagerFactoryBuilderImpl.java:1494)org.springframework.orm.jpa.vendor.SpringHibernateJpaPersistenceProvider.createContainerEntityManagerFactory(SpringHibernateJpaPersistenceProvider.java:58)org.springframework.orm.jpa.LocalContainerEntityManagerFactoryBean.createNativeEntityManagerFactory(LocalContainerEntityManagerFactoryBean.java:365)org.springframework.orm.jpa.AbstractEntityManagerFactoryBean.buildNativeEntityManagerFactory(AbstractEntityManagerFactoryBean.java:409)org.springframework.orm.jpa.AbstractEntityManagerFactoryBean.afterPropertiesSet(AbstractEntityManagerFactoryBean.java:396)org.springframework.orm.jpa.LocalContainerEntityManagerFactoryBean.afterPropertiesSet(LocalContainerEntityManagerFactoryBean.java:341)org.springframework.beans.factory.support.AbstractAutowireCapableBeanFactory.invokeInitMethods(AbstractAutowireCapableBeanFactory.java:1863)org.springframework.beans.factory.support.AbstractAutowireCapableBeanFactory.initializeBean(AbstractAutowireCapableBeanFactory.java:1800)org.springframework.beans.factory.support.AbstractAutowireCapableBeanFactory.doCreateBean(AbstractAutowireCapableBeanFactory.java:620)org.springframework.beans.factory.support.AbstractAutowireCapableBeanFactory.createBean(AbstractAutowireCapableBeanFactory.java:542)org.springframework.beans.factory.support.AbstractBeanFactory.lambda$doGetBean$0(AbstractBeanFactory.java:335)org.springframework.beans.factory.support.DefaultSingletonBeanRegistry.getSingleton(DefaultSingletonBeanRegistry.java:234)org.springframework.beans.factory.support.AbstractBeanFactory.doGetBean(AbstractBeanFactory.java:333)org.springframework.beans.factory.support.AbstractBeanFactory.getBean(AbstractBeanFactory.java:208)org.springframework.context.support.AbstractApplicationContext.getBean(AbstractApplicationContext.java:1154)org.springframework.context.support.AbstractApplicationContext.finishBeanFactoryInitialization(AbstractApplicationContext.java:908)org.springframework.context.support.AbstractApplicationContext.refresh(AbstractApplicationContext.java:583)org.springframework.boot.web.servlet.context.ServletWebServerApplicationContext.refresh(ServletWebServerApplicationContext.java:147)org.springframework.boot.SpringApplication.refresh(SpringApplication.java:734)org.springframework.boot.SpringApplication.refreshContext(SpringApplication.java:408)org.springframework.boot.SpringApplication.run(SpringApplication.java:308)org.springframework.boot.SpringApplication.run(SpringApplication.java:1306)org.springframework.boot.SpringApplication.run(SpringApplication.java:1295)za.co.woolworths.itemkafka_poc.KafkaItemProducerPocApplication.main(KafkaItemProducerPocApplication.java:10)java.base/jdk.internal.reflect.NativeMethodAccessorImpl.invoke0(Native Method)java.base/jdk.internal.reflect.NativeMethodAccessorImpl.invoke(NativeMethodAccessorImpl.java:77)java.base/jdk.internal.reflect.DelegatingMethodAccessorImpl.invoke(DelegatingMethodAccessorImpl.java:43)java.base/java.lang.reflect.Method.invoke(Method.java:568)org.springframework.boot.loader.MainMethodRunner.run(MainMethodRunner.java:49)org.springframework.boot.loader.Launcher.launch(Launcher.java:108)org.springframework.boot.loader.Launcher.launch(Launcher.java:58)org.springframework.boot.loader.JarLauncher.main(JarLauncher.java:65) 
2025-01-07 17:15:22.782 DEBUG [com.zaxxer.hikari.pool.PoolBase:378] HikariPool-1 - Failed to create/setup connection: This driver is not configured for integrated authentication. ClientConnectionId:97bfc1f9-abc6-46e8-b983-bb1c44be93ee 
2025-01-07 17:15:22.782 DEBUG [com.zaxxer.hikari.pool.HikariPool:504] HikariPool-1 - Cannot acquire connection from data source com.microsoft.sqlserver.jdbc.SQLServerException: This driver is not configured for integrated authentication. ClientConnectionId:97bfc1f9-abc6-46e8-b983-bb1c44be93ee
	at com.microsoft.sqlserver.jdbc.SQLServerConnection.terminate(SQLServerConnection.java:3680)
	at com.microsoft.sqlserver.jdbc.AuthenticationJNI.<init>(AuthenticationJNI.java:74)
	at com.microsoft.sqlserver.jdbc.SQLServerConnection.logon(SQLServerConnection.java:4734)
	at com.microsoft.sqlserver.jdbc.SQLServerConnection.access$100(SQLServerConnection.java:90)
	at com.microsoft.sqlserver.jdbc.SQLServerConnection$LogonCommand.doExecute(SQLServerConnection.java:4723)
	at com.microsoft.sqlserver.jdbc.TDSCommand.execute(IOBuffer.java:7785)
	at com.microsoft.sqlserver.jdbc.SQLServerConnection.executeCommand(SQLServerConnection.java:3793)
	at com.microsoft.sqlserver.jdbc.SQLServerConnection.connectHelper(SQLServerConnection.java:3233)
	at com.microsoft.sqlserver.jdbc.SQLServerConnection.login(SQLServerConnection.java:2833)
	at com.microsoft.sqlserver.jdbc.SQLServerConnection.connectInternal(SQLServerConnection.java:2671)
	at com.microsoft.sqlserver.jdbc.SQLServerConnection.connect(SQLServerConnection.java:1640)
	at com.microsoft.sqlserver.jdbc.SQLServerDriver.connect(SQLServerDriver.java:936)
	at com.zaxxer.hikari.util.DriverDataSource.getConnection(DriverDataSource.java:121)
	at com.zaxxer.hikari.pool.PoolBase.newConnection(PoolBase.java:364)
	at com.zaxxer.hikari.pool.PoolBase.newPoolEntry(PoolBase.java:206)
	at com.zaxxer.hikari.pool.HikariPool.createPoolEntry(HikariPool.java:476)
	at com.zaxxer.hikari.pool.HikariPool.checkFailFast(HikariPool.java:561)
	at com.zaxxer.hikari.pool.HikariPool.<init>(HikariPool.java:115)
	at com.zaxxer.hikari.HikariDataSource.getConnection(HikariDataSource.java:112)
	at org.hibernate.engine.jdbc.connections.internal.DatasourceConnectionProviderImpl.getConnection(DatasourceConnectionProviderImpl.java:122)
	at org.hibernate.engine.jdbc.env.internal.JdbcEnvironmentInitiator$ConnectionProviderJdbcConnectionAccess.obtainConnection(JdbcEnvironmentInitiator.java:181)
	at org.hibernate.engine.jdbc.env.internal.JdbcEnvironmentInitiator.initiateService(JdbcEnvironmentInitiator.java:68)
	at org.hibernate.engine.jdbc.env.internal.JdbcEnvironmentInitiator.initiateService(JdbcEnvironmentInitiator.java:35)
	at org.hibernate.boot.registry.internal.StandardServiceRegistryImpl.initiateService(StandardServiceRegistryImpl.java:101)
	at org.hibernate.service.internal.AbstractServiceRegistryImpl.createService(AbstractServiceRegistryImpl.java:263)
	at org.hibernate.service.internal.AbstractServiceRegistryImpl.initializeService(AbstractServiceRegistryImpl.java:237)
	at org.hibernate.service.internal.AbstractServiceRegistryImpl.getService(AbstractServiceRegistryImpl.java:214)
	at org.hibernate.id.factory.internal.DefaultIdentifierGeneratorFactory.injectServices(DefaultIdentifierGeneratorFactory.java:175)
	at org.hibernate.service.internal.AbstractServiceRegistryImpl.injectDependencies(AbstractServiceRegistryImpl.java:286)
	at org.hibernate.service.internal.AbstractServiceRegistryImpl.initializeService(AbstractServiceRegistryImpl.java:243)
	at org.hibernate.service.internal.AbstractServiceRegistryImpl.getService(AbstractServiceRegistryImpl.java:214)
	at org.hibernate.boot.internal.InFlightMetadataCollectorImpl.<init>(InFlightMetadataCollectorImpl.java:173)
	at org.hibernate.boot.model.process.spi.MetadataBuildingProcess.complete(MetadataBuildingProcess.java:127)
	at org.hibernate.jpa.boot.internal.EntityManagerFactoryBuilderImpl.metadata(EntityManagerFactoryBuilderImpl.java:1460)
	at org.hibernate.jpa.boot.internal.EntityManagerFactoryBuilderImpl.build(EntityManagerFactoryBuilderImpl.java:1494)
	at org.springframework.orm.jpa.vendor.SpringHibernateJpaPersistenceProvider.createContainerEntityManagerFactory(SpringHibernateJpaPersistenceProvider.java:58)
	at org.springframework.orm.jpa.LocalContainerEntityManagerFactoryBean.createNativeEntityManagerFactory(LocalContainerEntityManagerFactoryBean.java:365)
	at org.springframework.orm.jpa.AbstractEntityManagerFactoryBean.buildNativeEntityManagerFactory(AbstractEntityManagerFactoryBean.java:409)
	at org.springframework.orm.jpa.AbstractEntityManagerFactoryBean.afterPropertiesSet(AbstractEntityManagerFactoryBean.java:396)
	at org.springframework.orm.jpa.LocalContainerEntityManagerFactoryBean.afterPropertiesSet(LocalContainerEntityManagerFactoryBean.java:341)
	at org.springframework.beans.factory.support.AbstractAutowireCapableBeanFactory.invokeInitMethods(AbstractAutowireCapableBeanFactory.java:1863)
	at org.springframework.beans.factory.support.AbstractAutowireCapableBeanFactory.initializeBean(AbstractAutowireCapableBeanFactory.java:1800)
	at org.springframework.beans.factory.support.AbstractAutowireCapableBeanFactory.doCreateBean(AbstractAutowireCapableBeanFactory.java:620)
	at org.springframework.beans.factory.support.AbstractAutowireCapableBeanFactory.createBean(AbstractAutowireCapableBeanFactory.java:542)
	at org.springframework.beans.factory.support.AbstractBeanFactory.lambda$doGetBean$0(AbstractBeanFactory.java:335)
	at org.springframework.beans.factory.support.DefaultSingletonBeanRegistry.getSingleton(DefaultSingletonBeanRegistry.java:234)
	at org.springframework.beans.factory.support.AbstractBeanFactory.doGetBean(AbstractBeanFactory.java:333)
	at org.springframework.beans.factory.support.AbstractBeanFactory.getBean(AbstractBeanFactory.java:208)
	at org.springframework.context.support.AbstractApplicationContext.getBean(AbstractApplicationContext.java:1154)
	at org.springframework.context.support.AbstractApplicationContext.finishBeanFactoryInitialization(AbstractApplicationContext.java:908)
	at org.springframework.context.support.AbstractApplicationContext.refresh(AbstractApplicationContext.java:583)
	at org.springframework.boot.web.servlet.context.ServletWebServerApplicationContext.refresh(ServletWebServerApplicationContext.java:147)
	at org.springframework.boot.SpringApplication.refresh(SpringApplication.java:734)
	at org.springframework.boot.SpringApplication.refreshContext(SpringApplication.java:408)
	at org.springframework.boot.SpringApplication.run(SpringApplication.java:308)
	at org.springframework.boot.SpringApplication.run(SpringApplication.java:1306)
	at org.springframework.boot.SpringApplication.run(SpringApplication.java:1295)
	at za.co.woolworths.itemkafka_poc.KafkaItemProducerPocApplication.main(KafkaItemProducerPocApplication.java:10)
	at java.base/jdk.internal.reflect.NativeMethodAccessorImpl.invoke0(Native Method)
	at java.base/jdk.internal.reflect.NativeMethodAccessorImpl.invoke(NativeMethodAccessorImpl.java:77)
	at java.base/jdk.internal.reflect.DelegatingMethodAccessorImpl.invoke(DelegatingMethodAccessorImpl.java:43)
	at java.base/java.lang.reflect.Method.invoke(Method.java:568)
	at org.springframework.boot.loader.MainMethodRunner.run(MainMethodRunner.java:49)
	at org.springframework.boot.loader.Launcher.launch(Launcher.java:108)
	at org.springframework.boot.loader.Launcher.launch(Launcher.java:58)
	at org.springframework.boot.loader.JarLauncher.main(JarLauncher.java:65)
Caused by: java.lang.UnsatisfiedLinkError: Unable to load authentication DLL mssql-jdbc_auth-10.2.0.x64
	at com.microsoft.sqlserver.jdbc.AuthenticationJNI.<clinit>(AuthenticationJNI.java:63)
	at com.microsoft.sqlserver.jdbc.SQLServerConnection.logon(SQLServerConnection.java:4733)
	at com.microsoft.sqlserver.jdbc.SQLServerConnection.access$100(SQLServerConnection.java:90)
	at com.microsoft.sqlserver.jdbc.SQLServerConnection$LogonCommand.doExecute(SQLServerConnection.java:4723)
	at com.microsoft.sqlserver.jdbc.TDSCommand.execute(IOBuffer.java:7785)
	at com.microsoft.sqlserver.jdbc.SQLServerConnection.executeCommand(SQLServerConnection.java:3793)
	at com.microsoft.sqlserver.jdbc.SQLServerConnection.connectHelper(SQLServerConnection.java:3233)
	at com.microsoft.sqlserver.jdbc.SQLServerConnection.login(SQLServerConnection.java:2833)
	at com.microsoft.sqlserver.jdbc.SQLServerConnection.connectInternal(SQLServerConnection.java:2671)
	at com.microsoft.sqlserver.jdbc.SQLServerConnection.connect(SQLServerConnection.java:1640)
	at com.microsoft.sqlserver.jdbc.SQLServerDriver.connect(SQLServerDriver.java:936)
	at com.zaxxer.hikari.util.DriverDataSource.getConnection(DriverDataSource.java:121)
	at com.zaxxer.hikari.pool.PoolBase.newConnection(PoolBase.java:364)
	at com.zaxxer.hikari.pool.PoolBase.newPoolEntry(PoolBase.java:206)
	at com.zaxxer.hikari.pool.HikariPool.createPoolEntry(HikariPool.java:476)
	at com.zaxxer.hikari.pool.HikariPool.checkFailFast(HikariPool.java:561)
	at com.zaxxer.hikari.pool.HikariPool.<init>(HikariPool.java:115)
	at com.zaxxer.hikari.HikariDataSource.getConnection(HikariDataSource.java:112)
	at org.springframework.jdbc.datasource.DataSourceUtils.fetchConnection(DataSourceUtils.java:159)
	at org.springframework.jdbc.datasource.DataSourceUtils.doGetConnection(DataSourceUtils.java:117)
	at org.springframework.jdbc.datasource.DataSourceUtils.getConnection(DataSourceUtils.java:80)
	at org.springframework.jdbc.core.JdbcTemplate.execute(JdbcTemplate.java:330)
	at org.springframework.boot.jdbc.EmbeddedDatabaseConnection.isEmbedded(EmbeddedDatabaseConnection.java:162)
	at org.springframework.boot.autoconfigure.orm.jpa.HibernateDefaultDdlAutoProvider.getDefaultDdlAuto(HibernateDefaultDdlAutoProvider.java:42)
	at org.springframework.boot.autoconfigure.orm.jpa.HibernateJpaConfiguration.lambda$getVendorProperties$1(HibernateJpaConfiguration.java:130)
	at org.springframework.boot.autoconfigure.orm.jpa.HibernateSettings.getDdlAuto(HibernateSettings.java:41)
	at org.springframework.boot.autoconfigure.orm.jpa.HibernateProperties.determineDdlAuto(HibernateProperties.java:143)
	at org.springframework.boot.autoconfigure.orm.jpa.HibernateProperties.getAdditionalProperties(HibernateProperties.java:103)
	at org.springframework.boot.autoconfigure.orm.jpa.HibernateProperties.determineHibernateProperties(HibernateProperties.java:95)
	at org.springframework.boot.autoconfigure.orm.jpa.HibernateJpaConfiguration.getVendorProperties(HibernateJpaConfiguration.java:132)
	at org.springframework.boot.autoconfigure.orm.jpa.JpaBaseConfiguration.entityManagerFactory(JpaBaseConfiguration.java:132)
	at java.base/jdk.internal.reflect.NativeMethodAccessorImpl.invoke0(Native Method)
	at java.base/jdk.internal.reflect.NativeMethodAccessorImpl.invoke(NativeMethodAccessorImpl.java:77)
	at java.base/jdk.internal.reflect.DelegatingMethodAccessorImpl.invoke(DelegatingMethodAccessorImpl.java:43)
	at java.base/java.lang.reflect.Method.invoke(Method.java:568)
	at org.springframework.beans.factory.support.SimpleInstantiationStrategy.instantiate(SimpleInstantiationStrategy.java:154)
	at org.springframework.beans.factory.support.ConstructorResolver.instantiate(ConstructorResolver.java:653)
	at org.springframework.beans.factory.support.ConstructorResolver.instantiateUsingFactoryMethod(ConstructorResolver.java:638)
	at org.springframework.beans.factory.support.AbstractAutowireCapableBeanFactory.instantiateUsingFactoryMethod(AbstractAutowireCapableBeanFactory.java:1352)
	at org.springframework.beans.factory.support.AbstractAutowireCapableBeanFactory.createBeanInstance(AbstractAutowireCapableBeanFactory.java:1195)
	at org.springframework.beans.factory.support.AbstractAutowireCapableBeanFactory.doCreateBean(AbstractAutowireCapableBeanFactory.java:582)
	... 23 common frames omitted

2025-01-07 17:15:23.823 ERROR [com.zaxxer.hikari.pool.HikariPool:594] HikariPool-1 - Exception during pool initialization. com.microsoft.sqlserver.jdbc.SQLServerException: This driver is not configured for integrated authentication. ClientConnectionId:97bfc1f9-abc6-46e8-b983-bb1c44be93ee
	at com.microsoft.sqlserver.jdbc.SQLServerConnection.terminate(SQLServerConnection.java:3680)
	at com.microsoft.sqlserver.jdbc.AuthenticationJNI.<init>(AuthenticationJNI.java:74)
	at com.microsoft.sqlserver.jdbc.SQLServerConnection.logon(SQLServerConnection.java:4734)
	at com.microsoft.sqlserver.jdbc.SQLServerConnection.access$100(SQLServerConnection.java:90)
	at com.microsoft.sqlserver.jdbc.SQLServerConnection$LogonCommand.doExecute(SQLServerConnection.java:4723)
	at com.microsoft.sqlserver.jdbc.TDSCommand.execute(IOBuffer.java:7785)
	at com.microsoft.sqlserver.jdbc.SQLServerConnection.executeCommand(SQLServerConnection.java:3793)
	at com.microsoft.sqlserver.jdbc.SQLServerConnection.connectHelper(SQLServerConnection.java:3233)
	at com.microsoft.sqlserver.jdbc.SQLServerConnection.login(SQLServerConnection.java:2833)
	at com.microsoft.sqlserver.jdbc.SQLServerConnection.connectInternal(SQLServerConnection.java:2671)
	at com.microsoft.sqlserver.jdbc.SQLServerConnection.connect(SQLServerConnection.java:1640)
	at com.microsoft.sqlserver.jdbc.SQLServerDriver.connect(SQLServerDriver.java:936)
	at com.zaxxer.hikari.util.DriverDataSource.getConnection(DriverDataSource.java:121)
	at com.zaxxer.hikari.pool.PoolBase.newConnection(PoolBase.java:364)
	at com.zaxxer.hikari.pool.PoolBase.newPoolEntry(PoolBase.java:206)
	at com.zaxxer.hikari.pool.HikariPool.createPoolEntry(HikariPool.java:476)
	at com.zaxxer.hikari.pool.HikariPool.checkFailFast(HikariPool.java:561)
	at com.zaxxer.hikari.pool.HikariPool.<init>(HikariPool.java:115)
	at com.zaxxer.hikari.HikariDataSource.getConnection(HikariDataSource.java:112)
	at org.hibernate.engine.jdbc.connections.internal.DatasourceConnectionProviderImpl.getConnection(DatasourceConnectionProviderImpl.java:122)
	at org.hibernate.engine.jdbc.env.internal.JdbcEnvironmentInitiator$ConnectionProviderJdbcConnectionAccess.obtainConnection(JdbcEnvironmentInitiator.java:181)
	at org.hibernate.engine.jdbc.env.internal.JdbcEnvironmentInitiator.initiateService(JdbcEnvironmentInitiator.java:68)
	at org.hibernate.engine.jdbc.env.internal.JdbcEnvironmentInitiator.initiateService(JdbcEnvironmentInitiator.java:35)
	at org.hibernate.boot.registry.internal.StandardServiceRegistryImpl.initiateService(StandardServiceRegistryImpl.java:101)
	at org.hibernate.service.internal.AbstractServiceRegistryImpl.createService(AbstractServiceRegistryImpl.java:263)
	at org.hibernate.service.internal.AbstractServiceRegistryImpl.initializeService(AbstractServiceRegistryImpl.java:237)
	at org.hibernate.service.internal.AbstractServiceRegistryImpl.getService(AbstractServiceRegistryImpl.java:214)
	at org.hibernate.id.factory.internal.DefaultIdentifierGeneratorFactory.injectServices(DefaultIdentifierGeneratorFactory.java:175)
	at org.hibernate.service.internal.AbstractServiceRegistryImpl.injectDependencies(AbstractServiceRegistryImpl.java:286)
	at org.hibernate.service.internal.AbstractServiceRegistryImpl.initializeService(AbstractServiceRegistryImpl.java:243)
	at org.hibernate.service.internal.AbstractServiceRegistryImpl.getService(AbstractServiceRegistryImpl.java:214)
	at org.hibernate.boot.internal.InFlightMetadataCollectorImpl.<init>(InFlightMetadataCollectorImpl.java:173)
	at org.hibernate.boot.model.process.spi.MetadataBuildingProcess.complete(MetadataBuildingProcess.java:127)
	at org.hibernate.jpa.boot.internal.EntityManagerFactoryBuilderImpl.metadata(EntityManagerFactoryBuilderImpl.java:1460)
	at org.hibernate.jpa.boot.internal.EntityManagerFactoryBuilderImpl.build(EntityManagerFactoryBuilderImpl.java:1494)
	at org.springframework.orm.jpa.vendor.SpringHibernateJpaPersistenceProvider.createContainerEntityManagerFactory(SpringHibernateJpaPersistenceProvider.java:58)
	at org.springframework.orm.jpa.LocalContainerEntityManagerFactoryBean.createNativeEntityManagerFactory(LocalContainerEntityManagerFactoryBean.java:365)
	at org.springframework.orm.jpa.AbstractEntityManagerFactoryBean.buildNativeEntityManagerFactory(AbstractEntityManagerFactoryBean.java:409)
	at org.springframework.orm.jpa.AbstractEntityManagerFactoryBean.afterPropertiesSet(AbstractEntityManagerFactoryBean.java:396)
	at org.springframework.orm.jpa.LocalContainerEntityManagerFactoryBean.afterPropertiesSet(LocalContainerEntityManagerFactoryBean.java:341)
	at org.springframework.beans.factory.support.AbstractAutowireCapableBeanFactory.invokeInitMethods(AbstractAutowireCapableBeanFactory.java:1863)
	at org.springframework.beans.factory.support.AbstractAutowireCapableBeanFactory.initializeBean(AbstractAutowireCapableBeanFactory.java:1800)
	at org.springframework.beans.factory.support.AbstractAutowireCapableBeanFactory.doCreateBean(AbstractAutowireCapableBeanFactory.java:620)
	at org.springframework.beans.factory.support.AbstractAutowireCapableBeanFactory.createBean(AbstractAutowireCapableBeanFactory.java:542)
	at org.springframework.beans.factory.support.AbstractBeanFactory.lambda$doGetBean$0(AbstractBeanFactory.java:335)
	at org.springframework.beans.factory.support.DefaultSingletonBeanRegistry.getSingleton(DefaultSingletonBeanRegistry.java:234)
	at org.springframework.beans.factory.support.AbstractBeanFactory.doGetBean(AbstractBeanFactory.java:333)
	at org.springframework.beans.factory.support.AbstractBeanFactory.getBean(AbstractBeanFactory.java:208)
	at org.springframework.context.support.AbstractApplicationContext.getBean(AbstractApplicationContext.java:1154)
	at org.springframework.context.support.AbstractApplicationContext.finishBeanFactoryInitialization(AbstractApplicationContext.java:908)
	at org.springframework.context.support.AbstractApplicationContext.refresh(AbstractApplicationContext.java:583)
	at org.springframework.boot.web.servlet.context.ServletWebServerApplicationContext.refresh(ServletWebServerApplicationContext.java:147)
	at org.springframework.boot.SpringApplication.refresh(SpringApplication.java:734)
	at org.springframework.boot.SpringApplication.refreshContext(SpringApplication.java:408)
	at org.springframework.boot.SpringApplication.run(SpringApplication.java:308)
	at org.springframework.boot.SpringApplication.run(SpringApplication.java:1306)
	at org.springframework.boot.SpringApplication.run(SpringApplication.java:1295)
	at za.co.woolworths.itemkafka_poc.KafkaItemProducerPocApplication.main(KafkaItemProducerPocApplication.java:10)
	at java.base/jdk.internal.reflect.NativeMethodAccessorImpl.invoke0(Native Method)
	at java.base/jdk.internal.reflect.NativeMethodAccessorImpl.invoke(NativeMethodAccessorImpl.java:77)
	at java.base/jdk.internal.reflect.DelegatingMethodAccessorImpl.invoke(DelegatingMethodAccessorImpl.java:43)
	at java.base/java.lang.reflect.Method.invoke(Method.java:568)
	at org.springframework.boot.loader.MainMethodRunner.run(MainMethodRunner.java:49)
	at org.springframework.boot.loader.Launcher.launch(Launcher.java:108)
	at org.springframework.boot.loader.Launcher.launch(Launcher.java:58)
	at org.springframework.boot.loader.JarLauncher.main(JarLauncher.java:65)
Caused by: java.lang.UnsatisfiedLinkError: Unable to load authentication DLL mssql-jdbc_auth-10.2.0.x64
	at com.microsoft.sqlserver.jdbc.AuthenticationJNI.<clinit>(AuthenticationJNI.java:63)
	at com.microsoft.sqlserver.jdbc.SQLServerConnection.logon(SQLServerConnection.java:4733)
	at com.microsoft.sqlserver.jdbc.SQLServerConnection.access$100(SQLServerConnection.java:90)
	at com.microsoft.sqlserver.jdbc.SQLServerConnection$LogonCommand.doExecute(SQLServerConnection.java:4723)
	at com.microsoft.sqlserver.jdbc.TDSCommand.execute(IOBuffer.java:7785)
	at com.microsoft.sqlserver.jdbc.SQLServerConnection.executeCommand(SQLServerConnection.java:3793)
	at com.microsoft.sqlserver.jdbc.SQLServerConnection.connectHelper(SQLServerConnection.java:3233)
	at com.microsoft.sqlserver.jdbc.SQLServerConnection.login(SQLServerConnection.java:2833)
	at com.microsoft.sqlserver.jdbc.SQLServerConnection.connectInternal(SQLServerConnection.java:2671)
	at com.microsoft.sqlserver.jdbc.SQLServerConnection.connect(SQLServerConnection.java:1640)
	at com.microsoft.sqlserver.jdbc.SQLServerDriver.connect(SQLServerDriver.java:936)
	at com.zaxxer.hikari.util.DriverDataSource.getConnection(DriverDataSource.java:121)
	at com.zaxxer.hikari.pool.PoolBase.newConnection(PoolBase.java:364)
	at com.zaxxer.hikari.pool.PoolBase.newPoolEntry(PoolBase.java:206)
	at com.zaxxer.hikari.pool.HikariPool.createPoolEntry(HikariPool.java:476)
	at com.zaxxer.hikari.pool.HikariPool.checkFailFast(HikariPool.java:561)
	at com.zaxxer.hikari.pool.HikariPool.<init>(HikariPool.java:115)
	at com.zaxxer.hikari.HikariDataSource.getConnection(HikariDataSource.java:112)
	at org.springframework.jdbc.datasource.DataSourceUtils.fetchConnection(DataSourceUtils.java:159)
	at org.springframework.jdbc.datasource.DataSourceUtils.doGetConnection(DataSourceUtils.java:117)
	at org.springframework.jdbc.datasource.DataSourceUtils.getConnection(DataSourceUtils.java:80)
	at org.springframework.jdbc.core.JdbcTemplate.execute(JdbcTemplate.java:330)
	at org.springframework.boot.jdbc.EmbeddedDatabaseConnection.isEmbedded(EmbeddedDatabaseConnection.java:162)
	at org.springframework.boot.autoconfigure.orm.jpa.HibernateDefaultDdlAutoProvider.getDefaultDdlAuto(HibernateDefaultDdlAutoProvider.java:42)
	at org.springframework.boot.autoconfigure.orm.jpa.HibernateJpaConfiguration.lambda$getVendorProperties$1(HibernateJpaConfiguration.java:130)
	at org.springframework.boot.autoconfigure.orm.jpa.HibernateSettings.getDdlAuto(HibernateSettings.java:41)
	at org.springframework.boot.autoconfigure.orm.jpa.HibernateProperties.determineDdlAuto(HibernateProperties.java:143)
	at org.springframework.boot.autoconfigure.orm.jpa.HibernateProperties.getAdditionalProperties(HibernateProperties.java:103)
	at org.springframework.boot.autoconfigure.orm.jpa.HibernateProperties.determineHibernateProperties(HibernateProperties.java:95)
	at org.springframework.boot.autoconfigure.orm.jpa.HibernateJpaConfiguration.getVendorProperties(HibernateJpaConfiguration.java:132)
	at org.springframework.boot.autoconfigure.orm.jpa.JpaBaseConfiguration.entityManagerFactory(JpaBaseConfiguration.java:132)
	at java.base/jdk.internal.reflect.NativeMethodAccessorImpl.invoke0(Native Method)
	at java.base/jdk.internal.reflect.NativeMethodAccessorImpl.invoke(NativeMethodAccessorImpl.java:77)
	at java.base/jdk.internal.reflect.DelegatingMethodAccessorImpl.invoke(DelegatingMethodAccessorImpl.java:43)
	at java.base/java.lang.reflect.Method.invoke(Method.java:568)
	at org.springframework.beans.factory.support.SimpleInstantiationStrategy.instantiate(SimpleInstantiationStrategy.java:154)
	at org.springframework.beans.factory.support.ConstructorResolver.instantiate(ConstructorResolver.java:653)
	at org.springframework.beans.factory.support.ConstructorResolver.instantiateUsingFactoryMethod(ConstructorResolver.java:638)
	at org.springframework.beans.factory.support.AbstractAutowireCapableBeanFactory.instantiateUsingFactoryMethod(AbstractAutowireCapableBeanFactory.java:1352)
	at org.springframework.beans.factory.support.AbstractAutowireCapableBeanFactory.createBeanInstance(AbstractAutowireCapableBeanFactory.java:1195)
	at org.springframework.beans.factory.support.AbstractAutowireCapableBeanFactory.doCreateBean(AbstractAutowireCapableBeanFactory.java:582)
	... 23 common frames omitted

2025-01-07 17:15:23.849  WARN [org.hibernate.engine.jdbc.env.internal.JdbcEnvironmentInitiator:133] HHH000342: Could not obtain connection to query metadata com.microsoft.sqlserver.jdbc.SQLServerException: This driver is not configured for integrated authentication. ClientConnectionId:97bfc1f9-abc6-46e8-b983-bb1c44be93ee
	at com.microsoft.sqlserver.jdbc.SQLServerConnection.terminate(SQLServerConnection.java:3680)
	at com.microsoft.sqlserver.jdbc.AuthenticationJNI.<init>(AuthenticationJNI.java:74)
	at com.microsoft.sqlserver.jdbc.SQLServerConnection.logon(SQLServerConnection.java:4734)
	at com.microsoft.sqlserver.jdbc.SQLServerConnection.access$100(SQLServerConnection.java:90)
	at com.microsoft.sqlserver.jdbc.SQLServerConnection$LogonCommand.doExecute(SQLServerConnection.java:4723)
	at com.microsoft.sqlserver.jdbc.TDSCommand.execute(IOBuffer.java:7785)
	at com.microsoft.sqlserver.jdbc.SQLServerConnection.executeCommand(SQLServerConnection.java:3793)
	at com.microsoft.sqlserver.jdbc.SQLServerConnection.connectHelper(SQLServerConnection.java:3233)
	at com.microsoft.sqlserver.jdbc.SQLServerConnection.login(SQLServerConnection.java:2833)
	at com.microsoft.sqlserver.jdbc.SQLServerConnection.connectInternal(SQLServerConnection.java:2671)
	at com.microsoft.sqlserver.jdbc.SQLServerConnection.connect(SQLServerConnection.java:1640)
	at com.microsoft.sqlserver.jdbc.SQLServerDriver.connect(SQLServerDriver.java:936)
	at com.zaxxer.hikari.util.DriverDataSource.getConnection(DriverDataSource.java:121)
	at com.zaxxer.hikari.pool.PoolBase.newConnection(PoolBase.java:364)
	at com.zaxxer.hikari.pool.PoolBase.newPoolEntry(PoolBase.java:206)
	at com.zaxxer.hikari.pool.HikariPool.createPoolEntry(HikariPool.java:476)
	at com.zaxxer.hikari.pool.HikariPool.checkFailFast(HikariPool.java:561)
	at com.zaxxer.hikari.pool.HikariPool.<init>(HikariPool.java:115)
	at com.zaxxer.hikari.HikariDataSource.getConnection(HikariDataSource.java:112)
	at org.hibernate.engine.jdbc.connections.internal.DatasourceConnectionProviderImpl.getConnection(DatasourceConnectionProviderImpl.java:122)
	at org.hibernate.engine.jdbc.env.internal.JdbcEnvironmentInitiator$ConnectionProviderJdbcConnectionAccess.obtainConnection(JdbcEnvironmentInitiator.java:181)
	at org.hibernate.engine.jdbc.env.internal.JdbcEnvironmentInitiator.initiateService(JdbcEnvironmentInitiator.java:68)
	at org.hibernate.engine.jdbc.env.internal.JdbcEnvironmentInitiator.initiateService(JdbcEnvironmentInitiator.java:35)
	at org.hibernate.boot.registry.internal.StandardServiceRegistryImpl.initiateService(StandardServiceRegistryImpl.java:101)
	at org.hibernate.service.internal.AbstractServiceRegistryImpl.createService(AbstractServiceRegistryImpl.java:263)
	at org.hibernate.service.internal.AbstractServiceRegistryImpl.initializeService(AbstractServiceRegistryImpl.java:237)
	at org.hibernate.service.internal.AbstractServiceRegistryImpl.getService(AbstractServiceRegistryImpl.java:214)
	at org.hibernate.id.factory.internal.DefaultIdentifierGeneratorFactory.injectServices(DefaultIdentifierGeneratorFactory.java:175)
	at org.hibernate.service.internal.AbstractServiceRegistryImpl.injectDependencies(AbstractServiceRegistryImpl.java:286)
	at org.hibernate.service.internal.AbstractServiceRegistryImpl.initializeService(AbstractServiceRegistryImpl.java:243)
	at org.hibernate.service.internal.AbstractServiceRegistryImpl.getService(AbstractServiceRegistryImpl.java:214)
	at org.hibernate.boot.internal.InFlightMetadataCollectorImpl.<init>(InFlightMetadataCollectorImpl.java:173)
	at org.hibernate.boot.model.process.spi.MetadataBuildingProcess.complete(MetadataBuildingProcess.java:127)
	at org.hibernate.jpa.boot.internal.EntityManagerFactoryBuilderImpl.metadata(EntityManagerFactoryBuilderImpl.java:1460)
	at org.hibernate.jpa.boot.internal.EntityManagerFactoryBuilderImpl.build(EntityManagerFactoryBuilderImpl.java:1494)
	at org.springframework.orm.jpa.vendor.SpringHibernateJpaPersistenceProvider.createContainerEntityManagerFactory(SpringHibernateJpaPersistenceProvider.java:58)
	at org.springframework.orm.jpa.LocalContainerEntityManagerFactoryBean.createNativeEntityManagerFactory(LocalContainerEntityManagerFactoryBean.java:365)
	at org.springframework.orm.jpa.AbstractEntityManagerFactoryBean.buildNativeEntityManagerFactory(AbstractEntityManagerFactoryBean.java:409)
	at org.springframework.orm.jpa.AbstractEntityManagerFactoryBean.afterPropertiesSet(AbstractEntityManagerFactoryBean.java:396)
	at org.springframework.orm.jpa.LocalContainerEntityManagerFactoryBean.afterPropertiesSet(LocalContainerEntityManagerFactoryBean.java:341)
	at org.springframework.beans.factory.support.AbstractAutowireCapableBeanFactory.invokeInitMethods(AbstractAutowireCapableBeanFactory.java:1863)
	at org.springframework.beans.factory.support.AbstractAutowireCapableBeanFactory.initializeBean(AbstractAutowireCapableBeanFactory.java:1800)
	at org.springframework.beans.factory.support.AbstractAutowireCapableBeanFactory.doCreateBean(AbstractAutowireCapableBeanFactory.java:620)
	at org.springframework.beans.factory.support.AbstractAutowireCapableBeanFactory.createBean(AbstractAutowireCapableBeanFactory.java:542)
	at org.springframework.beans.factory.support.AbstractBeanFactory.lambda$doGetBean$0(AbstractBeanFactory.java:335)
	at org.springframework.beans.factory.support.DefaultSingletonBeanRegistry.getSingleton(DefaultSingletonBeanRegistry.java:234)
	at org.springframework.beans.factory.support.AbstractBeanFactory.doGetBean(AbstractBeanFactory.java:333)
	at org.springframework.beans.factory.support.AbstractBeanFactory.getBean(AbstractBeanFactory.java:208)
	at org.springframework.context.support.AbstractApplicationContext.getBean(AbstractApplicationContext.java:1154)
	at org.springframework.context.support.AbstractApplicationContext.finishBeanFactoryInitialization(AbstractApplicationContext.java:908)
	at org.springframework.context.support.AbstractApplicationContext.refresh(AbstractApplicationContext.java:583)
	at org.springframework.boot.web.servlet.context.ServletWebServerApplicationContext.refresh(ServletWebServerApplicationContext.java:147)
	at org.springframework.boot.SpringApplication.refresh(SpringApplication.java:734)
	at org.springframework.boot.SpringApplication.refreshContext(SpringApplication.java:408)
	at org.springframework.boot.SpringApplication.run(SpringApplication.java:308)
	at org.springframework.boot.SpringApplication.run(SpringApplication.java:1306)
	at org.springframework.boot.SpringApplication.run(SpringApplication.java:1295)
	at za.co.woolworths.itemkafka_poc.KafkaItemProducerPocApplication.main(KafkaItemProducerPocApplication.java:10)
	at java.base/jdk.internal.reflect.NativeMethodAccessorImpl.invoke0(Native Method)
	at java.base/jdk.internal.reflect.NativeMethodAccessorImpl.invoke(NativeMethodAccessorImpl.java:77)
	at java.base/jdk.internal.reflect.DelegatingMethodAccessorImpl.invoke(DelegatingMethodAccessorImpl.java:43)
	at java.base/java.lang.reflect.Method.invoke(Method.java:568)
	at org.springframework.boot.loader.MainMethodRunner.run(MainMethodRunner.java:49)
	at org.springframework.boot.loader.Launcher.launch(Launcher.java:108)
	at org.springframework.boot.loader.Launcher.launch(Launcher.java:58)
	at org.springframework.boot.loader.JarLauncher.main(JarLauncher.java:65)
Caused by: java.lang.UnsatisfiedLinkError: Unable to load authentication DLL mssql-jdbc_auth-10.2.0.x64
	at com.microsoft.sqlserver.jdbc.AuthenticationJNI.<clinit>(AuthenticationJNI.java:63)
	at com.microsoft.sqlserver.jdbc.SQLServerConnection.logon(SQLServerConnection.java:4733)
	at com.microsoft.sqlserver.jdbc.SQLServerConnection.access$100(SQLServerConnection.java:90)
	at com.microsoft.sqlserver.jdbc.SQLServerConnection$LogonCommand.doExecute(SQLServerConnection.java:4723)
	at com.microsoft.sqlserver.jdbc.TDSCommand.execute(IOBuffer.java:7785)
	at com.microsoft.sqlserver.jdbc.SQLServerConnection.executeCommand(SQLServerConnection.java:3793)
	at com.microsoft.sqlserver.jdbc.SQLServerConnection.connectHelper(SQLServerConnection.java:3233)
	at com.microsoft.sqlserver.jdbc.SQLServerConnection.login(SQLServerConnection.java:2833)
	at com.microsoft.sqlserver.jdbc.SQLServerConnection.connectInternal(SQLServerConnection.java:2671)
	at com.microsoft.sqlserver.jdbc.SQLServerConnection.connect(SQLServerConnection.java:1640)
	at com.microsoft.sqlserver.jdbc.SQLServerDriver.connect(SQLServerDriver.java:936)
	at com.zaxxer.hikari.util.DriverDataSource.getConnection(DriverDataSource.java:121)
	at com.zaxxer.hikari.pool.PoolBase.newConnection(PoolBase.java:364)
	at com.zaxxer.hikari.pool.PoolBase.newPoolEntry(PoolBase.java:206)
	at com.zaxxer.hikari.pool.HikariPool.createPoolEntry(HikariPool.java:476)
	at com.zaxxer.hikari.pool.HikariPool.checkFailFast(HikariPool.java:561)
	at com.zaxxer.hikari.pool.HikariPool.<init>(HikariPool.java:115)
	at com.zaxxer.hikari.HikariDataSource.getConnection(HikariDataSource.java:112)
	at org.springframework.jdbc.datasource.DataSourceUtils.fetchConnection(DataSourceUtils.java:159)
	at org.springframework.jdbc.datasource.DataSourceUtils.doGetConnection(DataSourceUtils.java:117)
	at org.springframework.jdbc.datasource.DataSourceUtils.getConnection(DataSourceUtils.java:80)
	at org.springframework.jdbc.core.JdbcTemplate.execute(JdbcTemplate.java:330)
	at org.springframework.boot.jdbc.EmbeddedDatabaseConnection.isEmbedded(EmbeddedDatabaseConnection.java:162)
	at org.springframework.boot.autoconfigure.orm.jpa.HibernateDefaultDdlAutoProvider.getDefaultDdlAuto(HibernateDefaultDdlAutoProvider.java:42)
	at org.springframework.boot.autoconfigure.orm.jpa.HibernateJpaConfiguration.lambda$getVendorProperties$1(HibernateJpaConfiguration.java:130)
	at org.springframework.boot.autoconfigure.orm.jpa.HibernateSettings.getDdlAuto(HibernateSettings.java:41)
	at org.springframework.boot.autoconfigure.orm.jpa.HibernateProperties.determineDdlAuto(HibernateProperties.java:143)
	at org.springframework.boot.autoconfigure.orm.jpa.HibernateProperties.getAdditionalProperties(HibernateProperties.java:103)
	at org.springframework.boot.autoconfigure.orm.jpa.HibernateProperties.determineHibernateProperties(HibernateProperties.java:95)
	at org.springframework.boot.autoconfigure.orm.jpa.HibernateJpaConfiguration.getVendorProperties(HibernateJpaConfiguration.java:132)
	at org.springframework.boot.autoconfigure.orm.jpa.JpaBaseConfiguration.entityManagerFactory(JpaBaseConfiguration.java:132)
	at java.base/jdk.internal.reflect.NativeMethodAccessorImpl.invoke0(Native Method)
	at java.base/jdk.internal.reflect.NativeMethodAccessorImpl.invoke(NativeMethodAccessorImpl.java:77)
	at java.base/jdk.internal.reflect.DelegatingMethodAccessorImpl.invoke(DelegatingMethodAccessorImpl.java:43)
	at java.base/java.lang.reflect.Method.invoke(Method.java:568)
	at org.springframework.beans.factory.support.SimpleInstantiationStrategy.instantiate(SimpleInstantiationStrategy.java:154)
	at org.springframework.beans.factory.support.ConstructorResolver.instantiate(ConstructorResolver.java:653)
	at org.springframework.beans.factory.support.ConstructorResolver.instantiateUsingFactoryMethod(ConstructorResolver.java:638)
	at org.springframework.beans.factory.support.AbstractAutowireCapableBeanFactory.instantiateUsingFactoryMethod(AbstractAutowireCapableBeanFactory.java:1352)
	at org.springframework.beans.factory.support.AbstractAutowireCapableBeanFactory.createBeanInstance(AbstractAutowireCapableBeanFactory.java:1195)
	at org.springframework.beans.factory.support.AbstractAutowireCapableBeanFactory.doCreateBean(AbstractAutowireCapableBeanFactory.java:582)
	... 23 common frames omitted

2025-01-07 17:15:23.858 DEBUG [org.hibernate.service.spi.ServiceBinding:68] Overriding existing service binding [org.hibernate.engine.jdbc.connections.spi.ConnectionProvider] 
2025-01-07 17:15:23.859 ERROR [org.springframework.orm.jpa.LocalContainerEntityManagerFactoryBean:426] Failed to initialize JPA EntityManagerFactory: Unable to create requested service [org.hibernate.engine.jdbc.env.spi.JdbcEnvironment] 
2025-01-07 17:15:23.860  WARN [org.springframework.boot.web.servlet.context.AnnotationConfigServletWebServerApplicationContext:591] Exception encountered during context initialization - cancelling refresh attempt: org.springframework.beans.factory.BeanCreationException: Error creating bean with name 'entityManagerFactory' defined in class path resource [org/springframework/boot/autoconfigure/orm/jpa/HibernateJpaConfiguration.class]: Invocation of init method failed; nested exception is org.hibernate.service.spi.ServiceException: Unable to create requested service [org.hibernate.engine.jdbc.env.spi.JdbcEnvironment] 
2025-01-07 17:15:23.864 DEBUG [org.apache.catalina.util.LifecycleBase:173] Setting state for [StandardServer[-1]] to [STOPPING_PREP] 
2025-01-07 17:15:23.865 DEBUG [org.apache.catalina.util.LifecycleBase:173] Setting state for [StandardServer[-1]] to [STOPPING] 
2025-01-07 17:15:23.866 DEBUG [org.apache.catalina.util.LifecycleBase:173] Setting state for [StandardService[Tomcat]] to [STOPPING_PREP] 
2025-01-07 17:15:23.866  INFO [org.apache.catalina.core.StandardService:173] Stopping service [Tomcat] 
2025-01-07 17:15:23.866 DEBUG [org.apache.catalina.util.LifecycleBase:173] Setting state for [StandardService[Tomcat]] to [STOPPING] 
2025-01-07 17:15:23.866 DEBUG [org.apache.catalina.util.LifecycleBase:173] Setting state for [StandardEngine[Tomcat]] to [STOPPING_PREP] 
2025-01-07 17:15:23.867 DEBUG [org.apache.catalina.util.LifecycleBase:173] Setting state for [StandardEngine[Tomcat]] to [STOPPING] 
2025-01-07 17:15:23.867 DEBUG [org.apache.catalina.util.LifecycleBase:173] Setting state for [StandardPipeline[StandardEngine[Tomcat]]] to [STOPPING_PREP] 
2025-01-07 17:15:23.867 DEBUG [org.apache.catalina.util.LifecycleBase:173] Setting state for [StandardPipeline[StandardEngine[Tomcat]]] to [STOPPING] 
2025-01-07 17:15:23.868 DEBUG [org.apache.catalina.util.LifecycleBase:173] Setting state for [StandardEngineValve[StandardEngine[Tomcat]]] to [STOPPING_PREP] 
2025-01-07 17:15:23.868 DEBUG [org.apache.catalina.util.LifecycleBase:173] Setting state for [StandardEngineValve[StandardEngine[Tomcat]]] to [STOPPING] 
2025-01-07 17:15:23.868 DEBUG [org.apache.catalina.util.LifecycleBase:173] Setting state for [StandardEngineValve[StandardEngine[Tomcat]]] to [STOPPED] 
2025-01-07 17:15:23.869 DEBUG [org.apache.catalina.util.LifecycleBase:173] Setting state for [StandardPipeline[StandardEngine[Tomcat]]] to [STOPPED] 
2025-01-07 17:15:23.869 DEBUG [org.apache.catalina.util.LifecycleBase:173] Setting state for [StandardEngine[Tomcat].StandardHost[localhost]] to [STOPPING_PREP] 
2025-01-07 17:15:23.869 DEBUG [org.apache.catalina.mapper.MapperListener:173] Unregister host [localhost] at domain [null] for service [StandardService[Tomcat]] 
2025-01-07 17:15:23.870 DEBUG [org.apache.catalina.util.LifecycleBase:173] Setting state for [StandardEngine[Tomcat].StandardHost[localhost]] to [STOPPING] 
2025-01-07 17:15:23.870 DEBUG [org.apache.catalina.util.LifecycleBase:173] Setting state for [StandardPipeline[StandardEngine[Tomcat].StandardHost[localhost]]] to [STOPPING_PREP] 
2025-01-07 17:15:23.870 DEBUG [org.apache.catalina.util.LifecycleBase:173] Setting state for [StandardPipeline[StandardEngine[Tomcat].StandardHost[localhost]]] to [STOPPING] 
2025-01-07 17:15:23.871 DEBUG [org.apache.catalina.util.LifecycleBase:173] Setting state for [ErrorReportValve[StandardEngine[Tomcat].StandardHost[localhost]]] to [STOPPING_PREP] 
2025-01-07 17:15:23.871 DEBUG [org.apache.catalina.util.LifecycleBase:173] Setting state for [ErrorReportValve[StandardEngine[Tomcat].StandardHost[localhost]]] to [STOPPING] 
2025-01-07 17:15:23.871 DEBUG [org.apache.catalina.util.LifecycleBase:173] Setting state for [ErrorReportValve[StandardEngine[Tomcat].StandardHost[localhost]]] to [STOPPED] 
2025-01-07 17:15:23.871 DEBUG [org.apache.catalina.util.LifecycleBase:173] Setting state for [StandardHostValve[StandardEngine[Tomcat].StandardHost[localhost]]] to [STOPPING_PREP] 
2025-01-07 17:15:23.872 DEBUG [org.apache.catalina.util.LifecycleBase:173] Setting state for [StandardHostValve[StandardEngine[Tomcat].StandardHost[localhost]]] to [STOPPING] 
2025-01-07 17:15:23.872 DEBUG [org.apache.catalina.util.LifecycleBase:173] Setting state for [StandardHostValve[StandardEngine[Tomcat].StandardHost[localhost]]] to [STOPPED] 
2025-01-07 17:15:23.872 DEBUG [org.apache.catalina.util.LifecycleBase:173] Setting state for [StandardPipeline[StandardEngine[Tomcat].StandardHost[localhost]]] to [STOPPED] 
2025-01-07 17:15:23.872 DEBUG [org.apache.catalina.util.LifecycleBase:173] Setting state for [StandardEngine[Tomcat].StandardHost[localhost].TomcatEmbeddedContext[]] to [STOPPING_PREP] 
2025-01-07 17:15:23.873 DEBUG [org.apache.catalina.mapper.MapperListener:173] Unregister Context [] for service [StandardService[Tomcat]] 
2025-01-07 17:15:23.873 DEBUG [org.apache.catalina.util.LifecycleBase:173] Setting state for [StandardEngine[Tomcat].StandardHost[localhost].TomcatEmbeddedContext[]] to [STOPPING] 
2025-01-07 17:15:23.873 DEBUG [org.apache.catalina.util.LifecycleBase:173] Setting state for [StandardEngine[Tomcat].StandardHost[localhost].TomcatEmbeddedContext[].StandardWrapper[dispatcherServlet]] to [STOPPING_PREP] 
2025-01-07 17:15:23.874 DEBUG [org.apache.catalina.mapper.MapperListener:173] Unregister Wrapper [dispatcherServlet] in Context [] for service [StandardService[Tomcat]] 
2025-01-07 17:15:23.874 DEBUG [org.apache.catalina.util.LifecycleBase:173] Setting state for [StandardEngine[Tomcat].StandardHost[localhost].TomcatEmbeddedContext[].StandardWrapper[dispatcherServlet]] to [STOPPING] 
2025-01-07 17:15:23.875 DEBUG [org.apache.catalina.util.LifecycleBase:173] Setting state for [StandardPipeline[StandardEngine[Tomcat].StandardHost[localhost].TomcatEmbeddedContext[].StandardWrapper[dispatcherServlet]]] to [STOPPING_PREP] 
2025-01-07 17:15:23.875 DEBUG [org.apache.catalina.util.LifecycleBase:173] Setting state for [StandardPipeline[StandardEngine[Tomcat].StandardHost[localhost].TomcatEmbeddedContext[].StandardWrapper[dispatcherServlet]]] to [STOPPING] 
2025-01-07 17:15:23.875 DEBUG [org.apache.catalina.util.LifecycleBase:173] Setting state for [StandardWrapperValve[StandardEngine[Tomcat].StandardHost[localhost].TomcatEmbeddedContext[].StandardWrapper[dispatcherServlet]]] to [STOPPING_PREP] 
2025-01-07 17:15:23.876 DEBUG [org.apache.catalina.util.LifecycleBase:173] Setting state for [StandardWrapperValve[StandardEngine[Tomcat].StandardHost[localhost].TomcatEmbeddedContext[].StandardWrapper[dispatcherServlet]]] to [STOPPING] 
2025-01-07 17:15:23.876 DEBUG [org.apache.catalina.util.LifecycleBase:173] Setting state for [StandardWrapperValve[StandardEngine[Tomcat].StandardHost[localhost].TomcatEmbeddedContext[].StandardWrapper[dispatcherServlet]]] to [STOPPED] 
2025-01-07 17:15:23.876 DEBUG [org.apache.catalina.util.LifecycleBase:173] Setting state for [StandardPipeline[StandardEngine[Tomcat].StandardHost[localhost].TomcatEmbeddedContext[].StandardWrapper[dispatcherServlet]]] to [STOPPED] 
2025-01-07 17:15:23.876 DEBUG [org.apache.catalina.util.LifecycleBase:173] Setting state for [StandardEngine[Tomcat].StandardHost[localhost].TomcatEmbeddedContext[].StandardWrapper[dispatcherServlet]] to [STOPPED] 
2025-01-07 17:15:23.877 DEBUG [org.apache.catalina.core.ContainerBase.[Tomcat].[localhost].[/]:173] Stopping filters 
2025-01-07 17:15:23.877 DEBUG [org.apache.catalina.core.ContainerBase.[Tomcat].[localhost].[/]:173]  Stopping filter 'webMvcMetricsFilter' 
2025-01-07 17:15:23.877 DEBUG [org.apache.catalina.core.ApplicationFilterConfig:173] JMX de-registration complete for filter of type [org.springframework.boot.actuate.metrics.web.servlet.WebMvcMetricsFilter] and name [webMvcMetricsFilter] 
2025-01-07 17:15:23.877 DEBUG [org.apache.catalina.core.ContainerBase.[Tomcat].[localhost].[/]:173]  Stopping filter 'Tomcat WebSocket (JSR356) Filter' 
2025-01-07 17:15:23.877 DEBUG [org.apache.catalina.core.ApplicationFilterConfig:173] JMX de-registration complete for filter of type [org.apache.tomcat.websocket.server.WsFilter] and name [Tomcat WebSocket (JSR356) Filter] 
2025-01-07 17:15:23.877 DEBUG [org.apache.catalina.core.ContainerBase.[Tomcat].[localhost].[/]:173]  Stopping filter 'characterEncodingFilter' 
2025-01-07 17:15:23.878 DEBUG [org.apache.catalina.core.ApplicationFilterConfig:173] JMX de-registration complete for filter of type [org.springframework.boot.web.servlet.filter.OrderedCharacterEncodingFilter] and name [characterEncodingFilter] 
2025-01-07 17:15:23.878 DEBUG [org.apache.catalina.util.LifecycleBase:173] Setting state for [StandardManager[StandardEngine[Tomcat].StandardHost[localhost].TomcatEmbeddedContext[]]] to [STOPPING_PREP] 
2025-01-07 17:15:23.878 DEBUG [org.apache.catalina.session.StandardManager:173] Stopping 
2025-01-07 17:15:23.878 DEBUG [org.apache.catalina.util.LifecycleBase:173] Setting state for [StandardManager[StandardEngine[Tomcat].StandardHost[localhost].TomcatEmbeddedContext[]]] to [STOPPING] 
2025-01-07 17:15:23.878 DEBUG [org.apache.catalina.session.StandardManager:173] Unloading persisted sessions 
2025-01-07 17:15:23.878 DEBUG [org.apache.catalina.session.StandardManager:173] No persisted sessions to unload 
2025-01-07 17:15:23.878 DEBUG [org.apache.catalina.util.LifecycleBase:173] Setting state for [org.springframework.boot.web.embedded.tomcat.LazySessionIdGenerator@213e3629] to [STOPPING_PREP] 
2025-01-07 17:15:23.879 DEBUG [org.apache.catalina.util.LifecycleBase:173] Setting state for [org.springframework.boot.web.embedded.tomcat.LazySessionIdGenerator@213e3629] to [STOPPING] 
2025-01-07 17:15:23.879 DEBUG [org.apache.catalina.util.LifecycleBase:173] Setting state for [org.springframework.boot.web.embedded.tomcat.LazySessionIdGenerator@213e3629] to [STOPPED] 
2025-01-07 17:15:23.879 DEBUG [org.apache.catalina.util.LifecycleBase:173] Setting state for [StandardManager[StandardEngine[Tomcat].StandardHost[localhost].TomcatEmbeddedContext[]]] to [STOPPED] 
2025-01-07 17:15:23.879 DEBUG [org.apache.catalina.core.StandardContext:173] Sending application stop events 
2025-01-07 17:15:23.879 DEBUG [org.apache.catalina.core.StandardContext:173] Processing standard container shutdown 
2025-01-07 17:15:23.880 DEBUG [org.apache.catalina.util.LifecycleBase:173] Setting state for [org.apache.catalina.deploy.NamingResourcesImpl@64bc21ac] to [STOPPING_PREP] 
2025-01-07 17:15:23.880 DEBUG [org.apache.catalina.util.LifecycleBase:173] Setting state for [org.apache.catalina.deploy.NamingResourcesImpl@64bc21ac] to [STOPPING] 
2025-01-07 17:15:23.880 DEBUG [org.apache.catalina.util.LifecycleBase:173] Setting state for [org.apache.catalina.deploy.NamingResourcesImpl@64bc21ac] to [STOPPED] 
2025-01-07 17:15:23.880 DEBUG [org.apache.catalina.util.LifecycleBase:173] Setting state for [StandardPipeline[StandardEngine[Tomcat].StandardHost[localhost].TomcatEmbeddedContext[]]] to [STOPPING_PREP] 
2025-01-07 17:15:23.880 DEBUG [org.apache.catalina.util.LifecycleBase:173] Setting state for [StandardPipeline[StandardEngine[Tomcat].StandardHost[localhost].TomcatEmbeddedContext[]]] to [STOPPING] 
2025-01-07 17:15:23.881 DEBUG [org.apache.catalina.util.LifecycleBase:173] Setting state for [NonLoginAuthenticator[StandardEngine[Tomcat].StandardHost[localhost].TomcatEmbeddedContext[]]] to [STOPPING_PREP] 
2025-01-07 17:15:23.881 DEBUG [org.apache.catalina.util.LifecycleBase:173] Setting state for [NonLoginAuthenticator[StandardEngine[Tomcat].StandardHost[localhost].TomcatEmbeddedContext[]]] to [STOPPING] 
2025-01-07 17:15:23.881 DEBUG [org.apache.catalina.util.LifecycleBase:173] Setting state for [NonLoginAuthenticator[StandardEngine[Tomcat].StandardHost[localhost].TomcatEmbeddedContext[]]] to [STOPPED] 
2025-01-07 17:15:23.881 DEBUG [org.apache.catalina.util.LifecycleBase:173] Setting state for [StandardContextValve[StandardEngine[Tomcat].StandardHost[localhost].TomcatEmbeddedContext[]]] to [STOPPING_PREP] 
2025-01-07 17:15:23.881 DEBUG [org.apache.catalina.util.LifecycleBase:173] Setting state for [StandardContextValve[StandardEngine[Tomcat].StandardHost[localhost].TomcatEmbeddedContext[]]] to [STOPPING] 
2025-01-07 17:15:23.882 DEBUG [org.apache.catalina.util.LifecycleBase:173] Setting state for [StandardContextValve[StandardEngine[Tomcat].StandardHost[localhost].TomcatEmbeddedContext[]]] to [STOPPED] 
2025-01-07 17:15:23.882 DEBUG [org.apache.catalina.util.LifecycleBase:173] Setting state for [StandardPipeline[StandardEngine[Tomcat].StandardHost[localhost].TomcatEmbeddedContext[]]] to [STOPPED] 
2025-01-07 17:15:23.882 DEBUG [org.apache.catalina.util.LifecycleBase:173] Setting state for [WebappLoader[StandardEngine[Tomcat].StandardHost[localhost].TomcatEmbeddedContext[]]] to [STOPPING_PREP] 
2025-01-07 17:15:23.882 DEBUG [org.apache.catalina.loader.WebappLoader:173] Stopping this Loader 
2025-01-07 17:15:23.882 DEBUG [org.apache.catalina.util.LifecycleBase:173] Setting state for [WebappLoader[StandardEngine[Tomcat].StandardHost[localhost].TomcatEmbeddedContext[]]] to [STOPPING] 
2025-01-07 17:15:23.882 DEBUG [org.apache.catalina.loader.WebappClassLoaderBase:173] getResourceAsStream(org/apache/catalina/loader/JdbcLeakPrevention.class) 
2025-01-07 17:15:23.883 DEBUG [org.apache.catalina.loader.WebappClassLoaderBase:173]   Delegating to parent classloader org.springframework.boot.loader.LaunchedURLClassLoader@3d71d552 
2025-01-07 17:15:23.883 DEBUG [org.apache.catalina.loader.WebappClassLoaderBase:173]   --> Returning stream from parent 
2025-01-07 17:15:23.884 DEBUG [org.apache.catalina.util.LifecycleBase:173] Setting state for [WebappLoader[StandardEngine[Tomcat].StandardHost[localhost].TomcatEmbeddedContext[]]] to [STOPPED] 
2025-01-07 17:15:23.884 DEBUG [org.apache.catalina.util.LifecycleBase:173] Setting state for [org.apache.catalina.webresources.StandardRoot@611df6e3] to [STOPPING_PREP] 
2025-01-07 17:15:23.884 DEBUG [org.apache.catalina.util.LifecycleBase:173] Setting state for [org.apache.catalina.webresources.DirResourceSet@3d8bbcdc] to [STOPPING_PREP] 
2025-01-07 17:15:23.885 DEBUG [org.apache.catalina.util.LifecycleBase:173] Setting state for [org.apache.catalina.webresources.DirResourceSet@3d8bbcdc] to [STOPPING] 
2025-01-07 17:15:23.885 DEBUG [org.apache.catalina.util.LifecycleBase:173] Setting state for [org.apache.catalina.webresources.DirResourceSet@3d8bbcdc] to [STOPPED] 
2025-01-07 17:15:23.885 DEBUG [org.apache.catalina.util.LifecycleBase:173] Setting state for [org.apache.catalina.webresources.JarWarResourceSet@62dae245] to [STOPPING_PREP] 
2025-01-07 17:15:23.885 DEBUG [org.apache.catalina.util.LifecycleBase:173] Setting state for [org.apache.catalina.webresources.JarWarResourceSet@62dae245] to [STOPPING] 
2025-01-07 17:15:23.885 DEBUG [org.apache.catalina.util.LifecycleBase:173] Setting state for [org.apache.catalina.webresources.JarWarResourceSet@62dae245] to [STOPPED] 
2025-01-07 17:15:23.885 DEBUG [org.apache.catalina.util.LifecycleBase:173] Setting state for [org.apache.catalina.webresources.DirResourceSet@3d8bbcdc] to [DESTROYING] 
2025-01-07 17:15:23.886 DEBUG [org.apache.catalina.util.LifecycleBase:173] Setting state for [org.apache.catalina.webresources.DirResourceSet@3d8bbcdc] to [DESTROYED] 
2025-01-07 17:15:23.886 DEBUG [org.apache.catalina.util.LifecycleBase:173] Setting state for [org.apache.catalina.webresources.JarWarResourceSet@62dae245] to [DESTROYING] 
2025-01-07 17:15:23.886 DEBUG [org.apache.catalina.util.LifecycleBase:173] Setting state for [org.apache.catalina.webresources.JarWarResourceSet@62dae245] to [DESTROYED] 
2025-01-07 17:15:23.886 DEBUG [org.apache.catalina.util.LifecycleBase:173] Setting state for [org.apache.catalina.webresources.StandardRoot@611df6e3] to [STOPPING] 
2025-01-07 17:15:23.886 DEBUG [org.apache.catalina.util.LifecycleBase:173] Setting state for [org.apache.catalina.webresources.StandardRoot@611df6e3] to [STOPPED] 
2025-01-07 17:15:23.887 DEBUG [org.apache.catalina.util.LifecycleBase:173] Setting state for [StandardEngine[Tomcat].StandardHost[localhost].TomcatEmbeddedContext[].StandardWrapper[dispatcherServlet]] to [DESTROYING] 
2025-01-07 17:15:23.887 DEBUG [org.apache.catalina.util.LifecycleBase:173] Setting state for [StandardPipeline[StandardEngine[Tomcat].StandardHost[localhost].TomcatEmbeddedContext[].StandardWrapper[dispatcherServlet]]] to [DESTROYING] 
2025-01-07 17:15:23.887 DEBUG [org.apache.catalina.util.LifecycleBase:173] Setting state for [StandardWrapperValve[Container is null]] to [DESTROYING] 
2025-01-07 17:15:23.887 DEBUG [org.apache.catalina.util.LifecycleBase:173] Setting state for [StandardWrapperValve[Container is null]] to [DESTROYED] 
2025-01-07 17:15:23.887 DEBUG [org.apache.catalina.util.LifecycleBase:173] Setting state for [StandardPipeline[StandardEngine[Tomcat].StandardHost[localhost].TomcatEmbeddedContext[].StandardWrapper[dispatcherServlet]]] to [DESTROYED] 
2025-01-07 17:15:23.888 DEBUG [org.apache.catalina.util.LifecycleBase:173] Setting state for [StandardEngine[Tomcat].StandardHost[localhost].TomcatEmbeddedContext[].StandardWrapper[dispatcherServlet]] to [DESTROYED] 
2025-01-07 17:15:23.888 DEBUG [org.apache.catalina.core.StandardContext:173] resetContext Tomcat:j2eeType=WebModule,name=//localhost/,J2EEApplication=none,J2EEServer=none 
2025-01-07 17:15:23.888 DEBUG [org.apache.catalina.core.StandardContext:173] Stopping complete 
2025-01-07 17:15:23.888 DEBUG [org.apache.catalina.util.LifecycleBase:173] Setting state for [StandardEngine[Tomcat].StandardHost[localhost].TomcatEmbeddedContext[]] to [STOPPED] 
2025-01-07 17:15:23.888 DEBUG [org.apache.catalina.util.LifecycleBase:173] Setting state for [StandardEngine[Tomcat].StandardHost[localhost]] to [STOPPED] 
2025-01-07 17:15:23.888 DEBUG [org.apache.catalina.util.LifecycleBase:173] Setting state for [SimpleRealm[StandardEngine[Tomcat]]] to [STOPPING_PREP] 
2025-01-07 17:15:23.889 DEBUG [org.apache.catalina.util.LifecycleBase:173] Setting state for [SimpleRealm[StandardEngine[Tomcat]]] to [STOPPING] 
2025-01-07 17:15:23.889 DEBUG [org.apache.catalina.util.LifecycleBase:173] Setting state for [SimpleRealm[StandardEngine[Tomcat]]] to [STOPPED] 
2025-01-07 17:15:23.889 DEBUG [org.apache.catalina.util.LifecycleBase:173] Setting state for [StandardEngine[Tomcat]] to [STOPPED] 
2025-01-07 17:15:23.889 DEBUG [org.apache.catalina.util.LifecycleBase:173] Setting state for [org.apache.catalina.mapper.MapperListener@72bd06ca] to [STOPPING_PREP] 
2025-01-07 17:15:23.889 DEBUG [org.apache.catalina.util.LifecycleBase:173] Setting state for [org.apache.catalina.mapper.MapperListener@72bd06ca] to [STOPPING] 
2025-01-07 17:15:23.889 DEBUG [org.apache.catalina.util.LifecycleBase:173] Setting state for [org.apache.catalina.mapper.MapperListener@72bd06ca] to [STOPPED] 
2025-01-07 17:15:23.889 DEBUG [org.apache.catalina.util.LifecycleBase:173] Setting state for [StandardService[Tomcat]] to [STOPPED] 
2025-01-07 17:15:23.890 DEBUG [org.apache.catalina.util.LifecycleBase:173] Setting state for [org.apache.catalina.deploy.NamingResourcesImpl@5cc126dc] to [STOPPING_PREP] 
2025-01-07 17:15:23.890 DEBUG [org.apache.catalina.util.LifecycleBase:173] Setting state for [org.apache.catalina.deploy.NamingResourcesImpl@5cc126dc] to [STOPPING] 
2025-01-07 17:15:23.890 DEBUG [org.apache.catalina.util.LifecycleBase:173] Setting state for [org.apache.catalina.deploy.NamingResourcesImpl@5cc126dc] to [STOPPED] 
2025-01-07 17:15:23.890 DEBUG [org.apache.catalina.util.LifecycleBase:173] Setting state for [StandardServer[-1]] to [STOPPED] 
2025-01-07 17:15:23.891 DEBUG [org.apache.catalina.util.LifecycleBase:173] Setting state for [StandardServer[-1]] to [DESTROYING] 
2025-01-07 17:15:23.891 DEBUG [org.apache.catalina.util.LifecycleBase:173] Setting state for [StandardService[Tomcat]] to [DESTROYING] 
2025-01-07 17:15:23.891 DEBUG [org.apache.catalina.util.LifecycleBase:173] Setting state for [org.apache.catalina.mapper.MapperListener@72bd06ca] to [DESTROYING] 
2025-01-07 17:15:23.891 DEBUG [org.apache.catalina.util.LifecycleBase:173] Setting state for [org.apache.catalina.mapper.MapperListener@72bd06ca] to [DESTROYED] 
2025-01-07 17:15:23.891 DEBUG [org.apache.catalina.util.LifecycleBase:173] Setting state for [StandardEngine[Tomcat]] to [DESTROYING] 
2025-01-07 17:15:23.892 DEBUG [org.apache.catalina.util.LifecycleBase:173] Setting state for [SimpleRealm[StandardEngine[Tomcat]]] to [DESTROYING] 
2025-01-07 17:15:23.892 DEBUG [org.apache.catalina.util.LifecycleBase:173] Setting state for [SimpleRealm[StandardEngine[Tomcat]]] to [DESTROYED] 
2025-01-07 17:15:23.892 DEBUG [org.apache.catalina.util.LifecycleBase:173] Setting state for [StandardPipeline[StandardEngine[Tomcat]]] to [DESTROYING] 
2025-01-07 17:15:23.892 DEBUG [org.apache.catalina.util.LifecycleBase:173] Setting state for [StandardEngineValve[Container is null]] to [DESTROYING] 
2025-01-07 17:15:23.892 DEBUG [org.apache.catalina.util.LifecycleBase:173] Setting state for [StandardEngineValve[Container is null]] to [DESTROYED] 
2025-01-07 17:15:23.892 DEBUG [org.apache.catalina.util.LifecycleBase:173] Setting state for [StandardPipeline[StandardEngine[Tomcat]]] to [DESTROYED] 
2025-01-07 17:15:23.893 DEBUG [org.apache.catalina.util.LifecycleBase:173] Setting state for [StandardEngine[Tomcat].StandardHost[localhost]] to [DESTROYING] 
2025-01-07 17:15:23.893 DEBUG [org.apache.catalina.util.LifecycleBase:173] Setting state for [StandardPipeline[StandardEngine[Tomcat].StandardHost[localhost]]] to [DESTROYING] 
2025-01-07 17:15:23.893 DEBUG [org.apache.catalina.util.LifecycleBase:173] Setting state for [ErrorReportValve[Container is null]] to [DESTROYING] 
2025-01-07 17:15:23.893 DEBUG [org.apache.catalina.util.LifecycleBase:173] Setting state for [ErrorReportValve[Container is null]] to [DESTROYED] 
2025-01-07 17:15:23.893 DEBUG [org.apache.catalina.util.LifecycleBase:173] Setting state for [StandardHostValve[Container is null]] to [DESTROYING] 
2025-01-07 17:15:23.893 DEBUG [org.apache.catalina.util.LifecycleBase:173] Setting state for [StandardHostValve[Container is null]] to [DESTROYED] 
2025-01-07 17:15:23.894 DEBUG [org.apache.catalina.util.LifecycleBase:173] Setting state for [StandardPipeline[StandardEngine[Tomcat].StandardHost[localhost]]] to [DESTROYED] 
2025-01-07 17:15:23.894 DEBUG [org.apache.catalina.util.LifecycleBase:173] Setting state for [StandardEngine[Tomcat].StandardHost[localhost].TomcatEmbeddedContext[]] to [DESTROYING] 
2025-01-07 17:15:23.894 DEBUG [org.apache.catalina.util.LifecycleBase:173] Setting state for [org.apache.catalina.deploy.NamingResourcesImpl@64bc21ac] to [DESTROYING] 
2025-01-07 17:15:23.894 DEBUG [org.apache.catalina.util.LifecycleBase:173] Setting state for [org.apache.catalina.deploy.NamingResourcesImpl@64bc21ac] to [DESTROYED] 
2025-01-07 17:15:23.894 DEBUG [org.apache.catalina.util.LifecycleBase:173] Setting state for [WebappLoader[StandardEngine[Tomcat].StandardHost[localhost].TomcatEmbeddedContext[]]] to [DESTROYING] 
2025-01-07 17:15:23.894 DEBUG [org.apache.catalina.util.LifecycleBase:173] Setting state for [WebappLoader[StandardEngine[Tomcat].StandardHost[localhost].TomcatEmbeddedContext[]]] to [DESTROYED] 
2025-01-07 17:15:23.895 DEBUG [org.apache.catalina.util.LifecycleBase:173] Setting state for [StandardManager[StandardEngine[Tomcat].StandardHost[localhost].TomcatEmbeddedContext[]]] to [DESTROYING] 
2025-01-07 17:15:23.895 DEBUG [org.apache.catalina.util.LifecycleBase:173] Setting state for [StandardManager[StandardEngine[Tomcat].StandardHost[localhost].TomcatEmbeddedContext[]]] to [DESTROYED] 
2025-01-07 17:15:23.895 DEBUG [org.apache.catalina.util.LifecycleBase:173] Setting state for [org.apache.catalina.webresources.StandardRoot@611df6e3] to [DESTROYING] 
2025-01-07 17:15:23.895 DEBUG [org.apache.catalina.util.LifecycleBase:173] Setting state for [org.apache.catalina.webresources.StandardRoot@611df6e3] to [DESTROYED] 
2025-01-07 17:15:23.895 DEBUG [org.apache.catalina.util.LifecycleBase:173] Setting state for [StandardPipeline[StandardEngine[Tomcat].StandardHost[localhost].TomcatEmbeddedContext[]]] to [DESTROYING] 
2025-01-07 17:15:23.896 DEBUG [org.apache.catalina.util.LifecycleBase:173] Setting state for [NonLoginAuthenticator[Container is null]] to [DESTROYING] 
2025-01-07 17:15:23.896 DEBUG [org.apache.catalina.util.LifecycleBase:173] Setting state for [NonLoginAuthenticator[Container is null]] to [DESTROYED] 
2025-01-07 17:15:23.896 DEBUG [org.apache.catalina.util.LifecycleBase:173] Setting state for [StandardContextValve[Container is null]] to [DESTROYING] 
2025-01-07 17:15:23.896 DEBUG [org.apache.catalina.util.LifecycleBase:173] Setting state for [StandardContextValve[Container is null]] to [DESTROYED] 
2025-01-07 17:15:23.896 DEBUG [org.apache.catalina.util.LifecycleBase:173] Setting state for [StandardPipeline[StandardEngine[Tomcat].StandardHost[localhost].TomcatEmbeddedContext[]]] to [DESTROYED] 
2025-01-07 17:15:23.896 DEBUG [org.apache.catalina.util.LifecycleBase:173] Setting state for [StandardEngine[Tomcat].StandardHost[localhost].TomcatEmbeddedContext[]] to [DESTROYED] 
2025-01-07 17:15:23.897 DEBUG [org.apache.catalina.util.LifecycleBase:173] Setting state for [StandardEngine[Tomcat].StandardHost[localhost]] to [DESTROYED] 
2025-01-07 17:15:23.897 DEBUG [org.apache.catalina.util.LifecycleBase:173] Setting state for [StandardEngine[Tomcat]] to [DESTROYED] 
2025-01-07 17:15:23.897 DEBUG [org.apache.catalina.util.LifecycleBase:173] Setting state for [StandardService[Tomcat]] to [DESTROYED] 
2025-01-07 17:15:23.897 DEBUG [org.apache.catalina.util.LifecycleBase:173] Setting state for [org.apache.catalina.deploy.NamingResourcesImpl@5cc126dc] to [DESTROYING] 
2025-01-07 17:15:23.897 DEBUG [org.apache.catalina.util.LifecycleBase:173] Setting state for [org.apache.catalina.deploy.NamingResourcesImpl@5cc126dc] to [DESTROYED] 
2025-01-07 17:15:23.898 DEBUG [org.apache.catalina.util.LifecycleBase:173] Setting state for [StandardServer[-1]] to [DESTROYED] 
2025-01-07 17:15:23.908 DEBUG [org.springframework.boot.autoconfigure.logging.ConditionEvaluationReportLoggingListener:126] 


============================
CONDITIONS EVALUATION REPORT
============================


Positive matches:
-----------------

   AopAutoConfiguration matched:
      - @ConditionalOnProperty (spring.aop.auto=true) matched (OnPropertyCondition)

   AopAutoConfiguration.AspectJAutoProxyingConfiguration matched:
      - @ConditionalOnClass found required class 'org.aspectj.weaver.Advice' (OnClassCondition)

   AopAutoConfiguration.AspectJAutoProxyingConfiguration.CglibAutoProxyConfiguration matched:
      - @ConditionalOnProperty (spring.aop.proxy-target-class=true) matched (OnPropertyCondition)

   CacheMeterBinderProvidersConfiguration matched:
      - @ConditionalOnClass found required class 'io.micrometer.core.instrument.binder.MeterBinder' (OnClassCondition)

   CompositeMeterRegistryAutoConfiguration matched:
      - @ConditionalOnClass found required class 'io.micrometer.core.instrument.composite.CompositeMeterRegistry' (OnClassCondition)

   DataSourceAutoConfiguration matched:
      - @ConditionalOnClass found required classes 'javax.sql.DataSource', 'org.springframework.jdbc.datasource.embedded.EmbeddedDatabaseType' (OnClassCondition)
      - @ConditionalOnMissingBean (types: io.r2dbc.spi.ConnectionFactory; SearchStrategy: all) did not find any beans (OnBeanCondition)

   DataSourceAutoConfiguration.PooledDataSourceConfiguration matched:
      - AnyNestedCondition 1 matched 1 did not; NestedCondition on DataSourceAutoConfiguration.PooledDataSourceCondition.PooledDataSourceAvailable PooledDataSource found supported DataSource; NestedCondition on DataSourceAutoConfiguration.PooledDataSourceCondition.ExplicitType @ConditionalOnProperty (spring.datasource.type) did not find property 'type' (DataSourceAutoConfiguration.PooledDataSourceCondition)
      - @ConditionalOnMissingBean (types: javax.sql.DataSource,javax.sql.XADataSource; SearchStrategy: all) did not find any beans (OnBeanCondition)

   DataSourceConfiguration.Hikari matched:
      - @ConditionalOnClass found required class 'com.zaxxer.hikari.HikariDataSource' (OnClassCondition)
      - @ConditionalOnProperty (spring.datasource.type=com.zaxxer.hikari.HikariDataSource) matched (OnPropertyCondition)
      - @ConditionalOnMissingBean (types: javax.sql.DataSource; SearchStrategy: all) did not find any beans (OnBeanCondition)

   DataSourceHealthContributorAutoConfiguration matched:
      - @ConditionalOnClass found required classes 'org.springframework.jdbc.core.JdbcTemplate', 'org.springframework.jdbc.datasource.lookup.AbstractRoutingDataSource' (OnClassCondition)
      - @ConditionalOnEnabledHealthIndicator management.health.defaults.enabled is considered true (OnEnabledHealthIndicatorCondition)
      - @ConditionalOnBean (types: javax.sql.DataSource; SearchStrategy: all) found bean 'dataSource' (OnBeanCondition)

   DataSourceHealthContributorAutoConfiguration#dbHealthContributor matched:
      - @ConditionalOnMissingBean (names: dbHealthIndicator,dbHealthContributor; SearchStrategy: all) did not find any beans (OnBeanCondition)

   DataSourceInitializationConfiguration matched:
      - @ConditionalOnClass found required class 'org.springframework.jdbc.datasource.init.DatabasePopulator' (OnClassCondition)
      - @ConditionalOnSingleCandidate (types: javax.sql.DataSource; SearchStrategy: all) found a single bean 'dataSource'; @ConditionalOnMissingBean (types: org.springframework.boot.autoconfigure.sql.init.SqlDataSourceScriptDatabaseInitializer,org.springframework.boot.autoconfigure.sql.init.SqlR2dbcScriptDatabaseInitializer; SearchStrategy: all) did not find any beans (OnBeanCondition)

   DataSourceJmxConfiguration matched:
      - @ConditionalOnProperty (spring.jmx.enabled=true) matched (OnPropertyCondition)

   DataSourceJmxConfiguration.Hikari matched:
      - @ConditionalOnClass found required class 'com.zaxxer.hikari.HikariDataSource' (OnClassCondition)
      - @ConditionalOnSingleCandidate (types: javax.sql.DataSource; SearchStrategy: all) found a single bean 'dataSource' (OnBeanCondition)

   DataSourcePoolMetadataProvidersConfiguration.HikariPoolDataSourceMetadataProviderConfiguration matched:
      - @ConditionalOnClass found required class 'com.zaxxer.hikari.HikariDataSource' (OnClassCondition)

   DataSourcePoolMetricsAutoConfiguration matched:
      - @ConditionalOnClass found required classes 'javax.sql.DataSource', 'io.micrometer.core.instrument.MeterRegistry' (OnClassCondition)
      - @ConditionalOnBean (types: javax.sql.DataSource,io.micrometer.core.instrument.MeterRegistry; SearchStrategy: all) found beans 'simpleMeterRegistry', 'dataSource' (OnBeanCondition)

   DataSourcePoolMetricsAutoConfiguration.DataSourcePoolMetadataMetricsConfiguration matched:
      - @ConditionalOnBean (types: org.springframework.boot.jdbc.metadata.DataSourcePoolMetadataProvider; SearchStrategy: all) found bean 'hikariPoolDataSourceMetadataProvider' (OnBeanCondition)

   DataSourcePoolMetricsAutoConfiguration.HikariDataSourceMetricsConfiguration matched:
      - @ConditionalOnClass found required class 'com.zaxxer.hikari.HikariDataSource' (OnClassCondition)

   DataSourceTransactionManagerAutoConfiguration matched:
      - @ConditionalOnClass found required classes 'org.springframework.jdbc.core.JdbcTemplate', 'org.springframework.transaction.TransactionManager' (OnClassCondition)

   DataSourceTransactionManagerAutoConfiguration.JdbcTransactionManagerConfiguration matched:
      - @ConditionalOnSingleCandidate (types: javax.sql.DataSource; SearchStrategy: all) found a single bean 'dataSource' (OnBeanCondition)

   DiskSpaceHealthContributorAutoConfiguration matched:
      - @ConditionalOnEnabledHealthIndicator management.health.defaults.enabled is considered true (OnEnabledHealthIndicatorCondition)

   DiskSpaceHealthContributorAutoConfiguration#diskSpaceHealthIndicator matched:
      - @ConditionalOnMissingBean (names: diskSpaceHealthIndicator; SearchStrategy: all) did not find any beans (OnBeanCondition)

   DispatcherServletAutoConfiguration matched:
      - @ConditionalOnClass found required class 'org.springframework.web.servlet.DispatcherServlet' (OnClassCondition)
      - found 'session' scope (OnWebApplicationCondition)

   DispatcherServletAutoConfiguration.DispatcherServletConfiguration matched:
      - @ConditionalOnClass found required class 'javax.servlet.ServletRegistration' (OnClassCondition)
      - Default DispatcherServlet did not find dispatcher servlet beans (DispatcherServletAutoConfiguration.DefaultDispatcherServletCondition)

   DispatcherServletAutoConfiguration.DispatcherServletRegistrationConfiguration matched:
      - @ConditionalOnClass found required class 'javax.servlet.ServletRegistration' (OnClassCondition)
      - DispatcherServlet Registration did not find servlet registration bean (DispatcherServletAutoConfiguration.DispatcherServletRegistrationCondition)

   DispatcherServletAutoConfiguration.DispatcherServletRegistrationConfiguration#dispatcherServletRegistration matched:
      - @ConditionalOnBean (names: dispatcherServlet types: org.springframework.web.servlet.DispatcherServlet; SearchStrategy: all) found bean 'dispatcherServlet' (OnBeanCondition)

   EmbeddedWebServerFactoryCustomizerAutoConfiguration matched:
      - @ConditionalOnWebApplication (required) found 'session' scope (OnWebApplicationCondition)

   EmbeddedWebServerFactoryCustomizerAutoConfiguration.TomcatWebServerFactoryCustomizerConfiguration matched:
      - @ConditionalOnClass found required classes 'org.apache.catalina.startup.Tomcat', 'org.apache.coyote.UpgradeProtocol' (OnClassCondition)

   EndpointAutoConfiguration#endpointCachingOperationInvokerAdvisor matched:
      - @ConditionalOnMissingBean (types: org.springframework.boot.actuate.endpoint.invoker.cache.CachingOperationInvokerAdvisor; SearchStrategy: all) did not find any beans (OnBeanCondition)

   EndpointAutoConfiguration#endpointOperationParameterMapper matched:
      - @ConditionalOnMissingBean (types: org.springframework.boot.actuate.endpoint.invoke.ParameterValueMapper; SearchStrategy: all) did not find any beans (OnBeanCondition)

   ErrorMvcAutoConfiguration matched:
      - @ConditionalOnClass found required classes 'javax.servlet.Servlet', 'org.springframework.web.servlet.DispatcherServlet' (OnClassCondition)
      - found 'session' scope (OnWebApplicationCondition)

   ErrorMvcAutoConfiguration#basicErrorController matched:
      - @ConditionalOnMissingBean (types: org.springframework.boot.web.servlet.error.ErrorController; SearchStrategy: current) did not find any beans (OnBeanCondition)

   ErrorMvcAutoConfiguration#errorAttributes matched:
      - @ConditionalOnMissingBean (types: org.springframework.boot.web.servlet.error.ErrorAttributes; SearchStrategy: current) did not find any beans (OnBeanCondition)

   ErrorMvcAutoConfiguration.DefaultErrorViewResolverConfiguration#conventionErrorViewResolver matched:
      - @ConditionalOnBean (types: org.springframework.web.servlet.DispatcherServlet; SearchStrategy: all) found bean 'dispatcherServlet'; @ConditionalOnMissingBean (types: org.springframework.boot.autoconfigure.web.servlet.error.ErrorViewResolver; SearchStrategy: all) did not find any beans (OnBeanCondition)

   ErrorMvcAutoConfiguration.WhitelabelErrorViewConfiguration matched:
      - @ConditionalOnProperty (server.error.whitelabel.enabled) matched (OnPropertyCondition)
      - ErrorTemplate Missing did not find error template view (ErrorMvcAutoConfiguration.ErrorTemplateMissingCondition)

   ErrorMvcAutoConfiguration.WhitelabelErrorViewConfiguration#beanNameViewResolver matched:
      - @ConditionalOnMissingBean (types: org.springframework.web.servlet.view.BeanNameViewResolver; SearchStrategy: all) did not find any beans (OnBeanCondition)

   ErrorMvcAutoConfiguration.WhitelabelErrorViewConfiguration#defaultErrorView matched:
      - @ConditionalOnMissingBean (names: error; SearchStrategy: all) did not find any beans (OnBeanCondition)

   GenericCacheConfiguration matched:
      - Cache org.springframework.boot.autoconfigure.cache.GenericCacheConfiguration automatic cache type (CacheCondition)

   GsonAutoConfiguration matched:
      - @ConditionalOnClass found required class 'com.google.gson.Gson' (OnClassCondition)

   GsonAutoConfiguration#gson matched:
      - @ConditionalOnMissingBean (types: com.google.gson.Gson; SearchStrategy: all) did not find any beans (OnBeanCondition)

   GsonAutoConfiguration#gsonBuilder matched:
      - @ConditionalOnMissingBean (types: com.google.gson.GsonBuilder; SearchStrategy: all) did not find any beans (OnBeanCondition)

   GsonHttpMessageConvertersConfiguration matched:
      - @ConditionalOnClass found required class 'com.google.gson.Gson' (OnClassCondition)

   HealthContributorAutoConfiguration#pingHealthContributor matched:
      - @ConditionalOnEnabledHealthIndicator management.health.defaults.enabled is considered true (OnEnabledHealthIndicatorCondition)

   HealthEndpointAutoConfiguration matched:
      - @ConditionalOnAvailableEndpoint marked as exposed by a 'management.endpoints.web.exposure' property (OnAvailableEndpointCondition)

   HealthEndpointConfiguration#healthContributorRegistry matched:
      - @ConditionalOnMissingBean (types: org.springframework.boot.actuate.health.HealthContributorRegistry; SearchStrategy: all) did not find any beans (OnBeanCondition)

   HealthEndpointConfiguration#healthEndpoint matched:
      - @ConditionalOnMissingBean (types: org.springframework.boot.actuate.health.HealthEndpoint; SearchStrategy: all) did not find any beans (OnBeanCondition)

   HealthEndpointConfiguration#healthEndpointGroups matched:
      - @ConditionalOnMissingBean (types: org.springframework.boot.actuate.health.HealthEndpointGroups; SearchStrategy: all) did not find any beans (OnBeanCondition)

   HealthEndpointConfiguration#healthHttpCodeStatusMapper matched:
      - @ConditionalOnMissingBean (types: org.springframework.boot.actuate.health.HttpCodeStatusMapper; SearchStrategy: all) did not find any beans (OnBeanCondition)

   HealthEndpointConfiguration#healthStatusAggregator matched:
      - @ConditionalOnMissingBean (types: org.springframework.boot.actuate.health.StatusAggregator; SearchStrategy: all) did not find any beans (OnBeanCondition)

   HealthEndpointWebExtensionConfiguration matched:
      - found 'session' scope (OnWebApplicationCondition)
      - @ConditionalOnAvailableEndpoint marked as exposed by a 'management.endpoints.web.exposure' property (OnAvailableEndpointCondition)
      - @ConditionalOnBean (types: org.springframework.boot.actuate.health.HealthEndpoint; SearchStrategy: all) found bean 'healthEndpoint' (OnBeanCondition)

   HealthEndpointWebExtensionConfiguration#healthEndpointWebExtension matched:
      - @ConditionalOnMissingBean (types: org.springframework.boot.actuate.health.HealthEndpointWebExtension; SearchStrategy: all) did not find any beans (OnBeanCondition)

   HealthEndpointWebExtensionConfiguration.MvcAdditionalHealthEndpointPathsConfiguration matched:
      - @ConditionalOnAvailableEndpoint marked as exposed by a 'management.endpoints.web.exposure' property (OnAvailableEndpointCondition)
      - @ConditionalOnBean (types: org.springframework.web.servlet.DispatcherServlet; SearchStrategy: all) found bean 'dispatcherServlet' (OnBeanCondition)

   HibernateJpaAutoConfiguration matched:
      - @ConditionalOnClass found required classes 'org.springframework.orm.jpa.LocalContainerEntityManagerFactoryBean', 'javax.persistence.EntityManager', 'org.hibernate.engine.spi.SessionImplementor' (OnClassCondition)

   HibernateJpaConfiguration matched:
      - @ConditionalOnSingleCandidate (types: javax.sql.DataSource; SearchStrategy: all) found a single bean 'dataSource' (OnBeanCondition)

   HttpClientMetricsAutoConfiguration matched:
      - @ConditionalOnClass found required class 'io.micrometer.core.instrument.MeterRegistry' (OnClassCondition)
      - @ConditionalOnBean (types: io.micrometer.core.instrument.MeterRegistry; SearchStrategy: all) found bean 'simpleMeterRegistry' (OnBeanCondition)

   HttpEncodingAutoConfiguration matched:
      - @ConditionalOnClass found required class 'org.springframework.web.filter.CharacterEncodingFilter' (OnClassCondition)
      - found 'session' scope (OnWebApplicationCondition)
      - @ConditionalOnProperty (server.servlet.encoding.enabled) matched (OnPropertyCondition)

   HttpEncodingAutoConfiguration#characterEncodingFilter matched:
      - @ConditionalOnMissingBean (types: org.springframework.web.filter.CharacterEncodingFilter; SearchStrategy: all) did not find any beans (OnBeanCondition)

   HttpMessageConvertersAutoConfiguration matched:
      - @ConditionalOnClass found required class 'org.springframework.http.converter.HttpMessageConverter' (OnClassCondition)
      - NoneNestedConditions 0 matched 1 did not; NestedCondition on HttpMessageConvertersAutoConfiguration.NotReactiveWebApplicationCondition.ReactiveWebApplication did not find reactive web application classes (HttpMessageConvertersAutoConfiguration.NotReactiveWebApplicationCondition)

   HttpMessageConvertersAutoConfiguration#messageConverters matched:
      - @ConditionalOnMissingBean (types: org.springframework.boot.autoconfigure.http.HttpMessageConverters; SearchStrategy: all) did not find any beans (OnBeanCondition)

   HttpMessageConvertersAutoConfiguration.StringHttpMessageConverterConfiguration matched:
      - @ConditionalOnClass found required class 'org.springframework.http.converter.StringHttpMessageConverter' (OnClassCondition)

   HttpMessageConvertersAutoConfiguration.StringHttpMessageConverterConfiguration#stringHttpMessageConverter matched:
      - @ConditionalOnMissingBean (types: org.springframework.http.converter.StringHttpMessageConverter; SearchStrategy: all) did not find any beans (OnBeanCondition)

   JacksonAutoConfiguration matched:
      - @ConditionalOnClass found required class 'com.fasterxml.jackson.databind.ObjectMapper' (OnClassCondition)

   JacksonAutoConfiguration.Jackson2ObjectMapperBuilderCustomizerConfiguration matched:
      - @ConditionalOnClass found required class 'org.springframework.http.converter.json.Jackson2ObjectMapperBuilder' (OnClassCondition)

   JacksonAutoConfiguration.JacksonObjectMapperBuilderConfiguration matched:
      - @ConditionalOnClass found required class 'org.springframework.http.converter.json.Jackson2ObjectMapperBuilder' (OnClassCondition)

   JacksonAutoConfiguration.JacksonObjectMapperBuilderConfiguration#jacksonObjectMapperBuilder matched:
      - @ConditionalOnMissingBean (types: org.springframework.http.converter.json.Jackson2ObjectMapperBuilder; SearchStrategy: all) did not find any beans (OnBeanCondition)

   JacksonAutoConfiguration.JacksonObjectMapperConfiguration matched:
      - @ConditionalOnClass found required class 'org.springframework.http.converter.json.Jackson2ObjectMapperBuilder' (OnClassCondition)

   JacksonAutoConfiguration.JacksonObjectMapperConfiguration#jacksonObjectMapper matched:
      - @ConditionalOnMissingBean (types: com.fasterxml.jackson.databind.ObjectMapper; SearchStrategy: all) did not find any beans (OnBeanCondition)

   JacksonAutoConfiguration.ParameterNamesModuleConfiguration matched:
      - @ConditionalOnClass found required class 'com.fasterxml.jackson.module.paramnames.ParameterNamesModule' (OnClassCondition)

   JacksonAutoConfiguration.ParameterNamesModuleConfiguration#parameterNamesModule matched:
      - @ConditionalOnMissingBean (types: com.fasterxml.jackson.module.paramnames.ParameterNamesModule; SearchStrategy: all) did not find any beans (OnBeanCondition)

   JacksonHttpMessageConvertersConfiguration.MappingJackson2HttpMessageConverterConfiguration matched:
      - @ConditionalOnClass found required class 'com.fasterxml.jackson.databind.ObjectMapper' (OnClassCondition)
      - @ConditionalOnProperty (spring.mvc.converters.preferred-json-mapper=jackson) matched (OnPropertyCondition)
      - @ConditionalOnBean (types: com.fasterxml.jackson.databind.ObjectMapper; SearchStrategy: all) found bean 'jacksonObjectMapper' (OnBeanCondition)

   JacksonHttpMessageConvertersConfiguration.MappingJackson2HttpMessageConverterConfiguration#mappingJackson2HttpMessageConverter matched:
      - @ConditionalOnMissingBean (types: org.springframework.http.converter.json.MappingJackson2HttpMessageConverter ignored: org.springframework.hateoas.server.mvc.TypeConstrainedMappingJackson2HttpMessageConverter,org.springframework.data.rest.webmvc.alps.AlpsJsonHttpMessageConverter; SearchStrategy: all) did not find any beans (OnBeanCondition)

   JdbcTemplateAutoConfiguration matched:
      - @ConditionalOnClass found required classes 'javax.sql.DataSource', 'org.springframework.jdbc.core.JdbcTemplate' (OnClassCondition)
      - @ConditionalOnSingleCandidate (types: javax.sql.DataSource; SearchStrategy: all) found a single bean 'dataSource' (OnBeanCondition)

   JdbcTemplateConfiguration matched:
      - @ConditionalOnMissingBean (types: org.springframework.jdbc.core.JdbcOperations; SearchStrategy: all) did not find any beans (OnBeanCondition)

   JpaBaseConfiguration#entityManagerFactory matched:
      - @ConditionalOnMissingBean (types: org.springframework.orm.jpa.LocalContainerEntityManagerFactoryBean,javax.persistence.EntityManagerFactory; SearchStrategy: all) did not find any beans (OnBeanCondition)

   JpaBaseConfiguration#entityManagerFactoryBuilder matched:
      - @ConditionalOnMissingBean (types: org.springframework.boot.orm.jpa.EntityManagerFactoryBuilder; SearchStrategy: all) did not find any beans (OnBeanCondition)

   JpaBaseConfiguration#jpaVendorAdapter matched:
      - @ConditionalOnMissingBean (types: org.springframework.orm.jpa.JpaVendorAdapter; SearchStrategy: all) did not find any beans (OnBeanCondition)

   JpaBaseConfiguration#transactionManager matched:
      - @ConditionalOnMissingBean (types: org.springframework.transaction.TransactionManager; SearchStrategy: all) did not find any beans (OnBeanCondition)

   JpaBaseConfiguration.JpaWebConfiguration matched:
      - @ConditionalOnClass found required class 'org.springframework.web.servlet.config.annotation.WebMvcConfigurer' (OnClassCondition)
      - found 'session' scope (OnWebApplicationCondition)
      - @ConditionalOnProperty (spring.jpa.open-in-view=true) matched (OnPropertyCondition)
      - @ConditionalOnMissingBean (types: org.springframework.orm.jpa.support.OpenEntityManagerInViewInterceptor,org.springframework.orm.jpa.support.OpenEntityManagerInViewFilter; SearchStrategy: all) did not find any beans (OnBeanCondition)

   JpaRepositoriesAutoConfiguration matched:
      - @ConditionalOnClass found required class 'org.springframework.data.jpa.repository.JpaRepository' (OnClassCondition)
      - @ConditionalOnProperty (spring.data.jpa.repositories.enabled=true) matched (OnPropertyCondition)
      - @ConditionalOnBean (types: javax.sql.DataSource; SearchStrategy: all) found bean 'dataSource'; @ConditionalOnMissingBean (types: org.springframework.data.jpa.repository.support.JpaRepositoryFactoryBean,org.springframework.data.jpa.repository.config.JpaRepositoryConfigExtension; SearchStrategy: all) did not find any beans (OnBeanCondition)

   JtaAutoConfiguration matched:
      - @ConditionalOnClass found required class 'javax.transaction.Transaction' (OnClassCondition)
      - @ConditionalOnProperty (spring.jta.enabled) matched (OnPropertyCondition)

   JvmMetricsAutoConfiguration matched:
      - @ConditionalOnClass found required class 'io.micrometer.core.instrument.MeterRegistry' (OnClassCondition)
      - @ConditionalOnBean (types: io.micrometer.core.instrument.MeterRegistry; SearchStrategy: all) found bean 'simpleMeterRegistry' (OnBeanCondition)

   JvmMetricsAutoConfiguration#classLoaderMetrics matched:
      - @ConditionalOnMissingBean (types: io.micrometer.core.instrument.binder.jvm.ClassLoaderMetrics; SearchStrategy: all) did not find any beans (OnBeanCondition)

   JvmMetricsAutoConfiguration#jvmGcMetrics matched:
      - @ConditionalOnMissingBean (types: io.micrometer.core.instrument.binder.jvm.JvmGcMetrics; SearchStrategy: all) did not find any beans (OnBeanCondition)

   JvmMetricsAutoConfiguration#jvmHeapPressureMetrics matched:
      - @ConditionalOnMissingBean (types: io.micrometer.core.instrument.binder.jvm.JvmHeapPressureMetrics; SearchStrategy: all) did not find any beans (OnBeanCondition)

   JvmMetricsAutoConfiguration#jvmMemoryMetrics matched:
      - @ConditionalOnMissingBean (types: io.micrometer.core.instrument.binder.jvm.JvmMemoryMetrics; SearchStrategy: all) did not find any beans (OnBeanCondition)

   JvmMetricsAutoConfiguration#jvmThreadMetrics matched:
      - @ConditionalOnMissingBean (types: io.micrometer.core.instrument.binder.jvm.JvmThreadMetrics; SearchStrategy: all) did not find any beans (OnBeanCondition)

   KafkaAnnotationDrivenConfiguration matched:
      - @ConditionalOnClass found required class 'org.springframework.kafka.annotation.EnableKafka' (OnClassCondition)

   KafkaAnnotationDrivenConfiguration#kafkaListenerContainerFactory matched:
      - @ConditionalOnMissingBean (names: kafkaListenerContainerFactory; SearchStrategy: all) did not find any beans (OnBeanCondition)

   KafkaAnnotationDrivenConfiguration#kafkaListenerContainerFactoryConfigurer matched:
      - @ConditionalOnMissingBean (types: org.springframework.boot.autoconfigure.kafka.ConcurrentKafkaListenerContainerFactoryConfigurer; SearchStrategy: all) did not find any beans (OnBeanCondition)

   KafkaAnnotationDrivenConfiguration.EnableKafkaConfiguration matched:
      - @ConditionalOnMissingBean (names: org.springframework.kafka.config.internalKafkaListenerAnnotationProcessor; SearchStrategy: all) did not find any beans (OnBeanCondition)

   KafkaAutoConfiguration matched:
      - @ConditionalOnClass found required class 'org.springframework.kafka.core.KafkaTemplate' (OnClassCondition)

   KafkaAutoConfiguration#kafkaAdmin matched:
      - @ConditionalOnMissingBean (types: org.springframework.kafka.core.KafkaAdmin; SearchStrategy: all) did not find any beans (OnBeanCondition)

   KafkaAutoConfiguration#kafkaConsumerFactory matched:
      - @ConditionalOnMissingBean (types: org.springframework.kafka.core.ConsumerFactory; SearchStrategy: all) did not find any beans (OnBeanCondition)

   KafkaAutoConfiguration#kafkaProducerFactory matched:
      - @ConditionalOnMissingBean (types: org.springframework.kafka.core.ProducerFactory; SearchStrategy: all) did not find any beans (OnBeanCondition)

   KafkaAutoConfiguration#kafkaProducerListener matched:
      - @ConditionalOnMissingBean (types: org.springframework.kafka.support.ProducerListener; SearchStrategy: all) did not find any beans (OnBeanCondition)

   KafkaAutoConfiguration#kafkaTemplate matched:
      - @ConditionalOnMissingBean (types: org.springframework.kafka.core.KafkaTemplate; SearchStrategy: all) did not find any beans (OnBeanCondition)

   KafkaMetricsAutoConfiguration matched:
      - @ConditionalOnClass found required classes 'io.micrometer.core.instrument.binder.kafka.KafkaClientMetrics', 'org.springframework.kafka.core.ProducerFactory' (OnClassCondition)
      - @ConditionalOnBean (types: io.micrometer.core.instrument.MeterRegistry; SearchStrategy: all) found bean 'simpleMeterRegistry' (OnBeanCondition)

   KafkaMetricsAutoConfiguration.KafkaStreamsMetricsConfiguration matched:
      - @ConditionalOnClass found required classes 'io.micrometer.core.instrument.binder.kafka.KafkaStreamsMetrics', 'org.springframework.kafka.config.StreamsBuilderFactoryBean' (OnClassCondition)

   LifecycleAutoConfiguration#defaultLifecycleProcessor matched:
      - @ConditionalOnMissingBean (names: lifecycleProcessor; SearchStrategy: current) did not find any beans (OnBeanCondition)

   LogbackMetricsAutoConfiguration matched:
      - @ConditionalOnClass found required classes 'io.micrometer.core.instrument.MeterRegistry', 'ch.qos.logback.classic.LoggerContext', 'org.slf4j.LoggerFactory' (OnClassCondition)
      - LogbackLoggingCondition ILoggerFactory is a Logback LoggerContext (LogbackMetricsAutoConfiguration.LogbackLoggingCondition)
      - @ConditionalOnBean (types: io.micrometer.core.instrument.MeterRegistry; SearchStrategy: all) found bean 'simpleMeterRegistry' (OnBeanCondition)

   LogbackMetricsAutoConfiguration#logbackMetrics matched:
      - @ConditionalOnMissingBean (types: io.micrometer.core.instrument.binder.logging.LogbackMetrics; SearchStrategy: all) did not find any beans (OnBeanCondition)

   ManagementContextAutoConfiguration.SameManagementContextConfiguration matched:
      - Management Port actual port type (SAME) matched required type (OnManagementPortCondition)

   MetricsAutoConfiguration matched:
      - @ConditionalOnClass found required class 'io.micrometer.core.annotation.Timed' (OnClassCondition)

   MetricsAutoConfiguration#micrometerClock matched:
      - @ConditionalOnMissingBean (types: io.micrometer.core.instrument.Clock; SearchStrategy: all) did not find any beans (OnBeanCondition)

   MultipartAutoConfiguration matched:
      - @ConditionalOnClass found required classes 'javax.servlet.Servlet', 'org.springframework.web.multipart.support.StandardServletMultipartResolver', 'javax.servlet.MultipartConfigElement' (OnClassCondition)
      - found 'session' scope (OnWebApplicationCondition)
      - @ConditionalOnProperty (spring.servlet.multipart.enabled) matched (OnPropertyCondition)

   MultipartAutoConfiguration#multipartConfigElement matched:
      - @ConditionalOnMissingBean (types: javax.servlet.MultipartConfigElement,org.springframework.web.multipart.commons.CommonsMultipartResolver; SearchStrategy: all) did not find any beans (OnBeanCondition)

   MultipartAutoConfiguration#multipartResolver matched:
      - @ConditionalOnMissingBean (types: org.springframework.web.multipart.MultipartResolver; SearchStrategy: all) did not find any beans (OnBeanCondition)

   NamedParameterJdbcTemplateConfiguration matched:
      - @ConditionalOnSingleCandidate (types: org.springframework.jdbc.core.JdbcTemplate; SearchStrategy: all) found a single bean 'jdbcTemplate'; @ConditionalOnMissingBean (types: org.springframework.jdbc.core.namedparam.NamedParameterJdbcOperations; SearchStrategy: all) did not find any beans (OnBeanCondition)

   NoOpCacheConfiguration matched:
      - Cache org.springframework.boot.autoconfigure.cache.NoOpCacheConfiguration automatic cache type (CacheCondition)

   PersistenceExceptionTranslationAutoConfiguration matched:
      - @ConditionalOnClass found required class 'org.springframework.dao.annotation.PersistenceExceptionTranslationPostProcessor' (OnClassCondition)

   PersistenceExceptionTranslationAutoConfiguration#persistenceExceptionTranslationPostProcessor matched:
      - @ConditionalOnProperty (spring.dao.exceptiontranslation.enabled) matched (OnPropertyCondition)
      - @ConditionalOnMissingBean (types: org.springframework.dao.annotation.PersistenceExceptionTranslationPostProcessor; SearchStrategy: all) did not find any beans (OnBeanCondition)

   PropertyPlaceholderAutoConfiguration#propertySourcesPlaceholderConfigurer matched:
      - @ConditionalOnMissingBean (types: org.springframework.context.support.PropertySourcesPlaceholderConfigurer; SearchStrategy: current) did not find any beans (OnBeanCondition)

   RepositoryMetricsAutoConfiguration matched:
      - @ConditionalOnClass found required class 'org.springframework.data.repository.Repository' (OnClassCondition)
      - @ConditionalOnBean (types: io.micrometer.core.instrument.MeterRegistry; SearchStrategy: all) found bean 'simpleMeterRegistry' (OnBeanCondition)

   RepositoryMetricsAutoConfiguration#metricsRepositoryMethodInvocationListener matched:
      - @ConditionalOnMissingBean (types: org.springframework.boot.actuate.metrics.data.MetricsRepositoryMethodInvocationListener; SearchStrategy: all) did not find any beans (OnBeanCondition)

   RepositoryMetricsAutoConfiguration#repositoryTagsProvider matched:
      - @ConditionalOnMissingBean (types: org.springframework.boot.actuate.metrics.data.RepositoryTagsProvider; SearchStrategy: all) did not find any beans (OnBeanCondition)

   RestTemplateAutoConfiguration matched:
      - @ConditionalOnClass found required class 'org.springframework.web.client.RestTemplate' (OnClassCondition)
      - NoneNestedConditions 0 matched 1 did not; NestedCondition on RestTemplateAutoConfiguration.NotReactiveWebApplicationCondition.ReactiveWebApplication did not find reactive web application classes (RestTemplateAutoConfiguration.NotReactiveWebApplicationCondition)

   RestTemplateAutoConfiguration#restTemplateBuilder matched:
      - @ConditionalOnMissingBean (types: org.springframework.boot.web.client.RestTemplateBuilder; SearchStrategy: all) did not find any beans (OnBeanCondition)

   RestTemplateAutoConfiguration#restTemplateBuilderConfigurer matched:
      - @ConditionalOnMissingBean (types: org.springframework.boot.autoconfigure.web.client.RestTemplateBuilderConfigurer; SearchStrategy: all) did not find any beans (OnBeanCondition)

   RestTemplateMetricsConfiguration matched:
      - @ConditionalOnClass found required class 'org.springframework.web.client.RestTemplate' (OnClassCondition)
      - @ConditionalOnBean (types: org.springframework.boot.web.client.RestTemplateBuilder; SearchStrategy: all) found bean 'restTemplateBuilder' (OnBeanCondition)

   RestTemplateMetricsConfiguration#restTemplateExchangeTagsProvider matched:
      - @ConditionalOnMissingBean (types: org.springframework.boot.actuate.metrics.web.client.RestTemplateExchangeTagsProvider; SearchStrategy: all) did not find any beans (OnBeanCondition)

   ServletEndpointManagementContextConfiguration matched:
      - found 'session' scope (OnWebApplicationCondition)

   ServletEndpointManagementContextConfiguration.WebMvcServletEndpointManagementContextConfiguration matched:
      - @ConditionalOnClass found required class 'org.springframework.web.servlet.DispatcherServlet' (OnClassCondition)

   ServletManagementContextAutoConfiguration matched:
      - @ConditionalOnClass found required class 'javax.servlet.Servlet' (OnClassCondition)
      - found 'session' scope (OnWebApplicationCondition)

   ServletWebServerFactoryAutoConfiguration matched:
      - @ConditionalOnClass found required class 'javax.servlet.ServletRequest' (OnClassCondition)
      - found 'session' scope (OnWebApplicationCondition)

   ServletWebServerFactoryAutoConfiguration#tomcatServletWebServerFactoryCustomizer matched:
      - @ConditionalOnClass found required class 'org.apache.catalina.startup.Tomcat' (OnClassCondition)

   ServletWebServerFactoryConfiguration.EmbeddedTomcat matched:
      - @ConditionalOnClass found required classes 'javax.servlet.Servlet', 'org.apache.catalina.startup.Tomcat', 'org.apache.coyote.UpgradeProtocol' (OnClassCondition)
      - @ConditionalOnMissingBean (types: org.springframework.boot.web.servlet.server.ServletWebServerFactory; SearchStrategy: current) did not find any beans (OnBeanCondition)

   SimpleCacheConfiguration matched:
      - Cache org.springframework.boot.autoconfigure.cache.SimpleCacheConfiguration automatic cache type (CacheCondition)

   SimpleMetricsExportAutoConfiguration matched:
      - @ConditionalOnEnabledMetricsExport management.metrics.export.defaults.enabled is considered true (OnMetricsExportEnabledCondition)
      - @ConditionalOnBean (types: io.micrometer.core.instrument.Clock; SearchStrategy: all) found bean 'micrometerClock'; @ConditionalOnMissingBean (types: io.micrometer.core.instrument.MeterRegistry; SearchStrategy: all) did not find any beans (OnBeanCondition)

   SimpleMetricsExportAutoConfiguration#simpleConfig matched:
      - @ConditionalOnMissingBean (types: io.micrometer.core.instrument.simple.SimpleConfig; SearchStrategy: all) did not find any beans (OnBeanCondition)

   SpringDataWebAutoConfiguration matched:
      - @ConditionalOnClass found required classes 'org.springframework.data.web.PageableHandlerMethodArgumentResolver', 'org.springframework.web.servlet.config.annotation.WebMvcConfigurer' (OnClassCondition)
      - found 'session' scope (OnWebApplicationCondition)
      - @ConditionalOnMissingBean (types: org.springframework.data.web.PageableHandlerMethodArgumentResolver; SearchStrategy: all) did not find any beans (OnBeanCondition)

   SpringDataWebAutoConfiguration#pageableCustomizer matched:
      - @ConditionalOnMissingBean (types: org.springframework.data.web.config.PageableHandlerMethodArgumentResolverCustomizer; SearchStrategy: all) did not find any beans (OnBeanCondition)

   SpringDataWebAutoConfiguration#sortCustomizer matched:
      - @ConditionalOnMissingBean (types: org.springframework.data.web.config.SortHandlerMethodArgumentResolverCustomizer; SearchStrategy: all) did not find any beans (OnBeanCondition)

   SpringDocConfigProperties matched:
      - @ConditionalOnProperty (springdoc.api-docs.enabled) matched (OnPropertyCondition)

   SpringDocConfiguration matched:
      - @ConditionalOnProperty (springdoc.api-docs.enabled) matched (OnPropertyCondition)

   SpringDocConfiguration#fileSupportConverter matched:
      - @ConditionalOnMissingBean (types: org.springdoc.core.converters.FileSupportConverter; SearchStrategy: all) did not find any beans (OnBeanCondition)

   SpringDocConfiguration#openAPIBuilder matched:
      - @ConditionalOnMissingBean (types: org.springdoc.core.OpenAPIService; SearchStrategy: all) did not find any beans (OnBeanCondition)

   SpringDocConfiguration#operationBuilder matched:
      - @ConditionalOnWebApplication (required) found 'session' scope (OnWebApplicationCondition)
      - @ConditionalOnMissingBean (types: org.springdoc.core.OperationService; SearchStrategy: all) did not find any beans (OnBeanCondition)

   SpringDocConfiguration#parameterBuilder matched:
      - @ConditionalOnMissingBean (types: org.springdoc.core.GenericParameterService; SearchStrategy: all) did not find any beans (OnBeanCondition)

   SpringDocConfiguration#polymorphicModelConverter matched:
      - @ConditionalOnProperty (springdoc.model-converters.polymorphic-converter.enabled) matched (OnPropertyCondition)
      - @ConditionalOnMissingBean (types: org.springdoc.core.converters.PolymorphicModelConverter; SearchStrategy: all) did not find any beans (OnBeanCondition)

   SpringDocConfiguration#requestBodyBuilder matched:
      - @ConditionalOnWebApplication (required) found 'session' scope (OnWebApplicationCondition)
      - @ConditionalOnMissingBean (types: org.springdoc.core.RequestBodyService; SearchStrategy: all) did not find any beans (OnBeanCondition)

   SpringDocConfiguration#responseSupportConverter matched:
      - @ConditionalOnMissingBean (types: org.springdoc.core.converters.ResponseSupportConverter; SearchStrategy: all) did not find any beans (OnBeanCondition)

   SpringDocConfiguration#schemaPropertyDeprecatingConverter matched:
      - @ConditionalOnProperty (springdoc.model-converters.deprecating-converter.enabled) matched (OnPropertyCondition)
      - @ConditionalOnMissingBean (types: org.springdoc.core.converters.SchemaPropertyDeprecatingConverter; SearchStrategy: all) did not find any beans (OnBeanCondition)

   SpringDocConfiguration#securityParser matched:
      - @ConditionalOnMissingBean (types: org.springdoc.core.SecurityService; SearchStrategy: all) did not find any beans (OnBeanCondition)

   SpringDocConfiguration.WebConversionServiceConfiguration matched:
      - @ConditionalOnClass found required class 'org.springframework.boot.autoconfigure.web.format.WebConversionService' (OnClassCondition)

   SpringDocWebMvcConfiguration matched:
      - found 'session' scope (OnWebApplicationCondition)
      - @ConditionalOnProperty (springdoc.api-docs.enabled) matched (OnPropertyCondition)

   SpringDocWebMvcConfiguration#openApiResource matched:
      - @ConditionalOnProperty (springdoc.use-management-port=false) matched (OnPropertyCondition)
      - @ConditionalOnMissingBean (types: org.springdoc.webmvc.api.OpenApiWebMvcResource; SearchStrategy: all) did not find any beans (OnBeanCondition)

   SpringDocWebMvcConfiguration#requestBuilder matched:
      - @ConditionalOnMissingBean (types: org.springdoc.webmvc.core.RequestService; SearchStrategy: all) did not find any beans (OnBeanCondition)

   SpringDocWebMvcConfiguration#responseBuilder matched:
      - @ConditionalOnMissingBean (types: org.springdoc.core.GenericResponseService; SearchStrategy: all) did not find any beans (OnBeanCondition)

   SpringDocWebMvcConfiguration.SpringDocWebMvcActuatorConfiguration matched:
      - @ConditionalOnClass found required class 'org.springframework.boot.actuate.endpoint.web.servlet.WebMvcEndpointHandlerMapping' (OnClassCondition)

   SpringDocWebMvcConfiguration.SpringDocWebMvcRouterConfiguration matched:
      - @ConditionalOnClass found required class 'org.springframework.web.servlet.function.RouterFunction' (OnClassCondition)

   SpringDocWebMvcConfiguration.SpringDocWebMvcRouterConfiguration#routerFunctionProvider matched:
      - @ConditionalOnMissingBean (types: org.springdoc.webmvc.core.RouterFunctionProvider; SearchStrategy: all) did not find any beans (OnBeanCondition)

   SqlInitializationAutoConfiguration matched:
      - @ConditionalOnProperty (spring.sql.init.enabled) matched (OnPropertyCondition)
      - NoneNestedConditions 0 matched 1 did not; NestedCondition on SqlInitializationAutoConfiguration.SqlInitializationModeCondition.ModeIsNever @ConditionalOnProperty (spring.sql.init.mode=never) did not find property 'mode' (SqlInitializationAutoConfiguration.SqlInitializationModeCondition)

   StartupTimeMetricsListenerAutoConfiguration matched:
      - @ConditionalOnClass found required class 'io.micrometer.core.instrument.MeterRegistry' (OnClassCondition)
      - @ConditionalOnBean (types: io.micrometer.core.instrument.MeterRegistry; SearchStrategy: all) found bean 'simpleMeterRegistry' (OnBeanCondition)

   StartupTimeMetricsListenerAutoConfiguration#startupTimeMetrics matched:
      - @ConditionalOnMissingBean (types: org.springframework.boot.actuate.metrics.startup.StartupTimeMetricsListener; SearchStrategy: all) did not find any beans (OnBeanCondition)

   SwaggerConfig matched:
      - @ConditionalOnProperty (springdoc.swagger-ui.enabled) matched (OnPropertyCondition)
      - @ConditionalOnBean (types: org.springdoc.core.SpringDocConfiguration; SearchStrategy: all) found bean 'org.springdoc.core.SpringDocConfiguration' (OnBeanCondition)

   SwaggerConfig#indexPageTransformer matched:
      - @ConditionalOnMissingBean (types: org.springdoc.webmvc.ui.SwaggerIndexTransformer; SearchStrategy: all) did not find any beans (OnBeanCondition)

   SwaggerConfig#swaggerConfigResource matched:
      - @ConditionalOnProperty (springdoc.use-management-port=false) matched (OnPropertyCondition)
      - @ConditionalOnMissingBean (types: org.springdoc.webmvc.ui.SwaggerConfigResource; SearchStrategy: all) did not find any beans (OnBeanCondition)

   SwaggerConfig#swaggerWebMvcConfigurer matched:
      - @ConditionalOnMissingBean (types: org.springdoc.webmvc.ui.SwaggerWebMvcConfigurer; SearchStrategy: all) did not find any beans (OnBeanCondition)

   SwaggerConfig#swaggerWelcome matched:
      - @ConditionalOnProperty (springdoc.use-management-port=false) matched (OnPropertyCondition)
      - @ConditionalOnMissingBean (types: org.springdoc.webmvc.ui.SwaggerWelcomeWebMvc; SearchStrategy: all) did not find any beans (OnBeanCondition)

   SwaggerUiConfigParameters matched:
      - @ConditionalOnProperty (springdoc.swagger-ui.enabled) matched (OnPropertyCondition)
      - @ConditionalOnBean (types: org.springdoc.core.SpringDocConfiguration; SearchStrategy: all) found bean 'org.springdoc.core.SpringDocConfiguration' (OnBeanCondition)

   SwaggerUiConfigProperties matched:
      - @ConditionalOnProperty (springdoc.swagger-ui.enabled) matched (OnPropertyCondition)
      - @ConditionalOnBean (types: org.springdoc.core.SpringDocConfiguration; SearchStrategy: all) found bean 'org.springdoc.core.SpringDocConfiguration' (OnBeanCondition)

   SwaggerUiOAuthProperties matched:
      - @ConditionalOnProperty (springdoc.swagger-ui.enabled) matched (OnPropertyCondition)
      - @ConditionalOnBean (types: org.springdoc.core.SpringDocConfiguration; SearchStrategy: all) found bean 'org.springdoc.core.SpringDocConfiguration' (OnBeanCondition)

   SystemMetricsAutoConfiguration matched:
      - @ConditionalOnClass found required class 'io.micrometer.core.instrument.MeterRegistry' (OnClassCondition)
      - @ConditionalOnBean (types: io.micrometer.core.instrument.MeterRegistry; SearchStrategy: all) found bean 'simpleMeterRegistry' (OnBeanCondition)

   SystemMetricsAutoConfiguration#diskSpaceMetrics matched:
      - @ConditionalOnMissingBean (types: org.springframework.boot.actuate.metrics.system.DiskSpaceMetricsBinder; SearchStrategy: all) did not find any beans (OnBeanCondition)

   SystemMetricsAutoConfiguration#fileDescriptorMetrics matched:
      - @ConditionalOnMissingBean (types: io.micrometer.core.instrument.binder.system.FileDescriptorMetrics; SearchStrategy: all) did not find any beans (OnBeanCondition)

   SystemMetricsAutoConfiguration#processorMetrics matched:
      - @ConditionalOnMissingBean (types: io.micrometer.core.instrument.binder.system.ProcessorMetrics; SearchStrategy: all) did not find any beans (OnBeanCondition)

   SystemMetricsAutoConfiguration#uptimeMetrics matched:
      - @ConditionalOnMissingBean (types: io.micrometer.core.instrument.binder.system.UptimeMetrics; SearchStrategy: all) did not find any beans (OnBeanCondition)

   TaskExecutionAutoConfiguration matched:
      - @ConditionalOnClass found required class 'org.springframework.scheduling.concurrent.ThreadPoolTaskExecutor' (OnClassCondition)

   TaskExecutionAutoConfiguration#applicationTaskExecutor matched:
      - @ConditionalOnMissingBean (types: java.util.concurrent.Executor; SearchStrategy: all) did not find any beans (OnBeanCondition)

   TaskExecutionAutoConfiguration#taskExecutorBuilder matched:
      - @ConditionalOnMissingBean (types: org.springframework.boot.task.TaskExecutorBuilder; SearchStrategy: all) did not find any beans (OnBeanCondition)

   TaskExecutorMetricsAutoConfiguration matched:
      - @ConditionalOnClass found required class 'io.micrometer.core.instrument.binder.jvm.ExecutorServiceMetrics' (OnClassCondition)
      - @ConditionalOnBean (types: java.util.concurrent.Executor,io.micrometer.core.instrument.MeterRegistry; SearchStrategy: all) found beans 'applicationTaskExecutor', 'simpleMeterRegistry' (OnBeanCondition)

   TaskSchedulingAutoConfiguration matched:
      - @ConditionalOnClass found required class 'org.springframework.scheduling.concurrent.ThreadPoolTaskScheduler' (OnClassCondition)

   TaskSchedulingAutoConfiguration#taskSchedulerBuilder matched:
      - @ConditionalOnMissingBean (types: org.springframework.boot.task.TaskSchedulerBuilder; SearchStrategy: all) did not find any beans (OnBeanCondition)

   TomcatMetricsAutoConfiguration matched:
      - @ConditionalOnClass found required classes 'io.micrometer.core.instrument.binder.tomcat.TomcatMetrics', 'org.apache.catalina.Manager' (OnClassCondition)
      - @ConditionalOnWebApplication (required) found 'session' scope (OnWebApplicationCondition)

   TomcatMetricsAutoConfiguration#tomcatMetricsBinder matched:
      - @ConditionalOnBean (types: io.micrometer.core.instrument.MeterRegistry; SearchStrategy: all) found bean 'simpleMeterRegistry'; @ConditionalOnMissingBean (types: io.micrometer.core.instrument.binder.tomcat.TomcatMetrics,org.springframework.boot.actuate.metrics.web.tomcat.TomcatMetricsBinder; SearchStrategy: all) did not find any beans (OnBeanCondition)

   TransactionAutoConfiguration matched:
      - @ConditionalOnClass found required class 'org.springframework.transaction.PlatformTransactionManager' (OnClassCondition)

   TransactionAutoConfiguration#platformTransactionManagerCustomizers matched:
      - @ConditionalOnMissingBean (types: org.springframework.boot.autoconfigure.transaction.TransactionManagerCustomizers; SearchStrategy: all) did not find any beans (OnBeanCondition)

   TransactionAutoConfiguration.EnableTransactionManagementConfiguration matched:
      - @ConditionalOnBean (types: org.springframework.transaction.TransactionManager; SearchStrategy: all) found bean 'transactionManager'; @ConditionalOnMissingBean (types: org.springframework.transaction.annotation.AbstractTransactionManagementConfiguration; SearchStrategy: all) did not find any beans (OnBeanCondition)

   TransactionAutoConfiguration.EnableTransactionManagementConfiguration.CglibAutoProxyConfiguration matched:
      - @ConditionalOnProperty (spring.aop.proxy-target-class=true) matched (OnPropertyCondition)

   TransactionAutoConfiguration.TransactionTemplateConfiguration matched:
      - @ConditionalOnSingleCandidate (types: org.springframework.transaction.PlatformTransactionManager; SearchStrategy: all) found a single bean 'transactionManager' (OnBeanCondition)

   TransactionAutoConfiguration.TransactionTemplateConfiguration#transactionTemplate matched:
      - @ConditionalOnMissingBean (types: org.springframework.transaction.support.TransactionOperations; SearchStrategy: all) did not find any beans (OnBeanCondition)

   WebEndpointAutoConfiguration matched:
      - @ConditionalOnWebApplication (required) found 'session' scope (OnWebApplicationCondition)

   WebEndpointAutoConfiguration#controllerEndpointDiscoverer matched:
      - @ConditionalOnMissingBean (types: org.springframework.boot.actuate.endpoint.web.annotation.ControllerEndpointsSupplier; SearchStrategy: all) did not find any beans (OnBeanCondition)

   WebEndpointAutoConfiguration#endpointMediaTypes matched:
      - @ConditionalOnMissingBean (types: org.springframework.boot.actuate.endpoint.web.EndpointMediaTypes; SearchStrategy: all) did not find any beans (OnBeanCondition)

   WebEndpointAutoConfiguration#pathMappedEndpoints matched:
      - @ConditionalOnMissingBean (types: org.springframework.boot.actuate.endpoint.web.PathMappedEndpoints; SearchStrategy: all) did not find any beans (OnBeanCondition)

   WebEndpointAutoConfiguration#webEndpointDiscoverer matched:
      - @ConditionalOnMissingBean (types: org.springframework.boot.actuate.endpoint.web.WebEndpointsSupplier; SearchStrategy: all) did not find any beans (OnBeanCondition)

   WebEndpointAutoConfiguration.WebEndpointServletConfiguration matched:
      - found 'session' scope (OnWebApplicationCondition)

   WebEndpointAutoConfiguration.WebEndpointServletConfiguration#servletEndpointDiscoverer matched:
      - @ConditionalOnMissingBean (types: org.springframework.boot.actuate.endpoint.web.annotation.ServletEndpointsSupplier; SearchStrategy: all) did not find any beans (OnBeanCondition)

   WebMvcEndpointManagementContextConfiguration matched:
      - @ConditionalOnClass found required class 'org.springframework.web.servlet.DispatcherServlet' (OnClassCondition)
      - found 'session' scope (OnWebApplicationCondition)
      - @ConditionalOnBean (types: org.springframework.web.servlet.DispatcherServlet,org.springframework.boot.actuate.endpoint.web.WebEndpointsSupplier; SearchStrategy: all) found beans 'webEndpointDiscoverer', 'dispatcherServlet' (OnBeanCondition)

   WebMvcEndpointManagementContextConfiguration#controllerEndpointHandlerMapping matched:
      - @ConditionalOnMissingBean (types: org.springframework.boot.actuate.endpoint.web.servlet.ControllerEndpointHandlerMapping; SearchStrategy: all) did not find any beans (OnBeanCondition)

   WebMvcEndpointManagementContextConfiguration#webEndpointServletHandlerMapping matched:
      - @ConditionalOnMissingBean (types: org.springframework.boot.actuate.endpoint.web.servlet.WebMvcEndpointHandlerMapping; SearchStrategy: all) did not find any beans (OnBeanCondition)

   WebMvcMetricsAutoConfiguration matched:
      - @ConditionalOnClass found required class 'org.springframework.web.servlet.DispatcherServlet' (OnClassCondition)
      - found 'session' scope (OnWebApplicationCondition)
      - @ConditionalOnBean (types: io.micrometer.core.instrument.MeterRegistry; SearchStrategy: all) found bean 'simpleMeterRegistry' (OnBeanCondition)

   WebMvcMetricsAutoConfiguration#webMvcMetricsFilter matched:
      - @ConditionalOnMissingBean (types: org.springframework.boot.actuate.metrics.web.servlet.WebMvcMetricsFilter; SearchStrategy: all) did not find any beans (OnBeanCondition)

   WebMvcMetricsAutoConfiguration#webMvcTagsProvider matched:
      - @ConditionalOnMissingBean (types: org.springframework.boot.actuate.metrics.web.servlet.WebMvcTagsProvider; SearchStrategy: all) did not find any beans (OnBeanCondition)

   WebSocketServletAutoConfiguration matched:
      - @ConditionalOnClass found required classes 'javax.servlet.Servlet', 'javax.websocket.server.ServerContainer' (OnClassCondition)
      - found 'session' scope (OnWebApplicationCondition)

   WebSocketServletAutoConfiguration.TomcatWebSocketConfiguration matched:
      - @ConditionalOnClass found required classes 'org.apache.catalina.startup.Tomcat', 'org.apache.tomcat.websocket.server.WsSci' (OnClassCondition)

   WebSocketServletAutoConfiguration.TomcatWebSocketConfiguration#websocketServletWebServerCustomizer matched:
      - @ConditionalOnMissingBean (names: websocketServletWebServerCustomizer; SearchStrategy: all) did not find any beans (OnBeanCondition)


Negative matches:
-----------------

   ActiveMQAutoConfiguration:
      Did not match:
         - @ConditionalOnClass did not find required class 'javax.jms.ConnectionFactory' (OnClassCondition)

   AopAutoConfiguration.AspectJAutoProxyingConfiguration.JdkDynamicAutoProxyConfiguration:
      Did not match:
         - @ConditionalOnProperty (spring.aop.proxy-target-class=false) did not find property 'proxy-target-class' (OnPropertyCondition)

   AopAutoConfiguration.ClassProxyingConfiguration:
      Did not match:
         - @ConditionalOnMissingClass found unwanted class 'org.aspectj.weaver.Advice' (OnClassCondition)

   AppOpticsMetricsExportAutoConfiguration:
      Did not match:
         - @ConditionalOnClass did not find required class 'io.micrometer.appoptics.AppOpticsMeterRegistry' (OnClassCondition)

   ArtemisAutoConfiguration:
      Did not match:
         - @ConditionalOnClass did not find required class 'javax.jms.ConnectionFactory' (OnClassCondition)

   AtlasMetricsExportAutoConfiguration:
      Did not match:
         - @ConditionalOnClass did not find required class 'io.micrometer.atlas.AtlasMeterRegistry' (OnClassCondition)

   AtomikosJtaConfiguration:
      Did not match:
         - @ConditionalOnClass did not find required class 'com.atomikos.icatch.jta.UserTransactionManager' (OnClassCondition)

   AuditAutoConfiguration:
      Did not match:
         - @ConditionalOnBean (types: org.springframework.boot.actuate.audit.AuditEventRepository; SearchStrategy: all) did not find any beans of type org.springframework.boot.actuate.audit.AuditEventRepository (OnBeanCondition)
      Matched:
         - @ConditionalOnProperty (management.auditevents.enabled) matched (OnPropertyCondition)

   AuditEventsEndpointAutoConfiguration:
      Did not match:
         - @ConditionalOnAvailableEndpoint no 'management.endpoints' property marked it as exposed (OnAvailableEndpointCondition)

   AvailabilityHealthContributorAutoConfiguration#livenessStateHealthIndicator:
      Did not match:
         - @ConditionalOnProperty (management.health.livenessstate.enabled=true) did not find property 'enabled' (OnPropertyCondition)

   AvailabilityHealthContributorAutoConfiguration#readinessStateHealthIndicator:
      Did not match:
         - @ConditionalOnProperty (management.health.readinessstate.enabled=true) did not find property 'enabled' (OnPropertyCondition)

   AvailabilityProbesAutoConfiguration:
      Did not match:
         - Probes availability not running on a supported cloud platform (AvailabilityProbesAutoConfiguration.ProbesCondition)

   BatchAutoConfiguration:
      Did not match:
         - @ConditionalOnClass did not find required class 'org.springframework.batch.core.launch.JobLauncher' (OnClassCondition)

   BeansEndpointAutoConfiguration:
      Did not match:
         - @ConditionalOnAvailableEndpoint no 'management.endpoints' property marked it as exposed (OnAvailableEndpointCondition)

   Cache2kCacheConfiguration:
      Did not match:
         - @ConditionalOnClass did not find required class 'org.cache2k.Cache2kBuilder' (OnClassCondition)

   CacheAutoConfiguration:
      Did not match:
         - @ConditionalOnBean (types: org.springframework.cache.interceptor.CacheAspectSupport; SearchStrategy: all) did not find any beans of type org.springframework.cache.interceptor.CacheAspectSupport (OnBeanCondition)
      Matched:
         - @ConditionalOnClass found required class 'org.springframework.cache.CacheManager' (OnClassCondition)

   CacheAutoConfiguration.CacheManagerEntityManagerFactoryDependsOnPostProcessor:
      Did not match:
         - Ancestor org.springframework.boot.autoconfigure.cache.CacheAutoConfiguration did not match (ConditionEvaluationReport.AncestorsMatchedCondition)
      Matched:
         - @ConditionalOnClass found required class 'org.springframework.orm.jpa.LocalContainerEntityManagerFactoryBean' (OnClassCondition)

   CacheMeterBinderProvidersConfiguration.Cache2kCacheMeterBinderProviderConfiguration:
      Did not match:
         - @ConditionalOnClass did not find required classes 'org.cache2k.Cache2kBuilder', 'org.cache2k.extra.spring.SpringCache2kCache', 'org.cache2k.extra.micrometer.Cache2kCacheMetrics' (OnClassCondition)

   CacheMeterBinderProvidersConfiguration.CaffeineCacheMeterBinderProviderConfiguration:
      Did not match:
         - @ConditionalOnClass did not find required classes 'org.springframework.cache.caffeine.CaffeineCache', 'com.github.benmanes.caffeine.cache.Cache' (OnClassCondition)

   CacheMeterBinderProvidersConfiguration.EhCache2CacheMeterBinderProviderConfiguration:
      Did not match:
         - @ConditionalOnClass did not find required classes 'org.springframework.cache.ehcache.EhCacheCache', 'net.sf.ehcache.Ehcache' (OnClassCondition)

   CacheMeterBinderProvidersConfiguration.HazelcastCacheMeterBinderProviderConfiguration:
      Did not match:
         - @ConditionalOnClass did not find required classes 'com.hazelcast.spring.cache.HazelcastCache', 'com.hazelcast.core.Hazelcast' (OnClassCondition)

   CacheMeterBinderProvidersConfiguration.JCacheCacheMeterBinderProviderConfiguration:
      Did not match:
         - @ConditionalOnClass did not find required classes 'org.springframework.cache.jcache.JCacheCache', 'javax.cache.CacheManager' (OnClassCondition)

   CacheMeterBinderProvidersConfiguration.RedisCacheMeterBinderProviderConfiguration:
      Did not match:
         - @ConditionalOnClass did not find required class 'org.springframework.data.redis.cache.RedisCache' (OnClassCondition)

   CacheMetricsAutoConfiguration:
      Did not match:
         - @ConditionalOnBean (types: org.springframework.cache.CacheManager; SearchStrategy: all) did not find any beans of type org.springframework.cache.CacheManager (OnBeanCondition)

   CachesEndpointAutoConfiguration:
      Did not match:
         - @ConditionalOnAvailableEndpoint no 'management.endpoints' property marked it as exposed (OnAvailableEndpointCondition)
      Matched:
         - @ConditionalOnClass found required class 'org.springframework.cache.CacheManager' (OnClassCondition)

   CaffeineCacheConfiguration:
      Did not match:
         - @ConditionalOnClass did not find required class 'com.github.benmanes.caffeine.cache.Caffeine' (OnClassCondition)

   CassandraAutoConfiguration:
      Did not match:
         - @ConditionalOnClass did not find required class 'com.datastax.oss.driver.api.core.CqlSession' (OnClassCondition)

   CassandraDataAutoConfiguration:
      Did not match:
         - @ConditionalOnClass did not find required class 'com.datastax.oss.driver.api.core.CqlSession' (OnClassCondition)

   CassandraHealthContributorAutoConfiguration:
      Did not match:
         - @ConditionalOnClass did not find required class 'com.datastax.oss.driver.api.core.CqlSession' (OnClassCondition)

   CassandraReactiveDataAutoConfiguration:
      Did not match:
         - @ConditionalOnClass did not find required class 'com.datastax.oss.driver.api.core.CqlSession' (OnClassCondition)

   CassandraReactiveHealthContributorAutoConfiguration:
      Did not match:
         - @ConditionalOnClass did not find required class 'com.datastax.oss.driver.api.core.CqlSession' (OnClassCondition)

   CassandraReactiveRepositoriesAutoConfiguration:
      Did not match:
         - @ConditionalOnClass did not find required class 'org.springframework.data.cassandra.ReactiveSession' (OnClassCondition)

   CassandraRepositoriesAutoConfiguration:
      Did not match:
         - @ConditionalOnClass did not find required class 'com.datastax.oss.driver.api.core.CqlSession' (OnClassCondition)

   ClientHttpConnectorAutoConfiguration:
      Did not match:
         - @ConditionalOnClass did not find required class 'org.springframework.web.reactive.function.client.WebClient' (OnClassCondition)

   CloudFoundryActuatorAutoConfiguration:
      Did not match:
         - @ConditionalOnCloudPlatform did not find CLOUD_FOUNDRY (OnCloudPlatformCondition)
      Matched:
         - @ConditionalOnClass found required class 'org.springframework.web.servlet.DispatcherServlet' (OnClassCondition)
         - found 'session' scope (OnWebApplicationCondition)
         - @ConditionalOnProperty (management.cloudfoundry.enabled) matched (OnPropertyCondition)

   CodecsAutoConfiguration:
      Did not match:
         - @ConditionalOnClass did not find required class 'org.springframework.web.reactive.function.client.WebClient' (OnClassCondition)

   CompositeMeterRegistryConfiguration:
      Did not match:
         - NoneNestedConditions 1 matched 1 did not; NestedCondition on CompositeMeterRegistryConfiguration.MultipleNonPrimaryMeterRegistriesCondition.SingleInjectableMeterRegistry @ConditionalOnSingleCandidate (types: io.micrometer.core.instrument.MeterRegistry; SearchStrategy: all) found a single bean 'simpleMeterRegistry'; NestedCondition on CompositeMeterRegistryConfiguration.MultipleNonPrimaryMeterRegistriesCondition.NoMeterRegistryCondition @ConditionalOnMissingBean (types: io.micrometer.core.instrument.MeterRegistry; SearchStrategy: all) found beans of type 'io.micrometer.core.instrument.MeterRegistry' simpleMeterRegistry (CompositeMeterRegistryConfiguration.MultipleNonPrimaryMeterRegistriesCondition)

   ConditionsReportEndpointAutoConfiguration:
      Did not match:
         - @ConditionalOnAvailableEndpoint no 'management.endpoints' property marked it as exposed (OnAvailableEndpointCondition)

   ConfigurationPropertiesReportEndpointAutoConfiguration:
      Did not match:
         - @ConditionalOnAvailableEndpoint no 'management.endpoints' property marked it as exposed (OnAvailableEndpointCondition)

   ConnectionFactoryHealthContributorAutoConfiguration:
      Did not match:
         - @ConditionalOnClass did not find required class 'io.r2dbc.spi.ConnectionFactory' (OnClassCondition)

   ConnectionPoolMetricsAutoConfiguration:
      Did not match:
         - @ConditionalOnClass did not find required class 'io.r2dbc.pool.ConnectionPool' (OnClassCondition)

   CouchbaseAutoConfiguration:
      Did not match:
         - @ConditionalOnClass did not find required class 'com.couchbase.client.java.Cluster' (OnClassCondition)

   CouchbaseCacheConfiguration:
      Did not match:
         - @ConditionalOnClass did not find required class 'com.couchbase.client.java.Cluster' (OnClassCondition)

   CouchbaseDataAutoConfiguration:
      Did not match:
         - @ConditionalOnClass did not find required class 'com.couchbase.client.java.Bucket' (OnClassCondition)

   CouchbaseHealthContributorAutoConfiguration:
      Did not match:
         - @ConditionalOnClass did not find required class 'com.couchbase.client.java.Cluster' (OnClassCondition)

   CouchbaseReactiveDataAutoConfiguration:
      Did not match:
         - @ConditionalOnClass did not find required class 'com.couchbase.client.java.Cluster' (OnClassCondition)

   CouchbaseReactiveHealthContributorAutoConfiguration:
      Did not match:
         - @ConditionalOnClass did not find required class 'com.couchbase.client.java.Cluster' (OnClassCondition)

   CouchbaseReactiveRepositoriesAutoConfiguration:
      Did not match:
         - @ConditionalOnClass did not find required class 'com.couchbase.client.java.Cluster' (OnClassCondition)

   CouchbaseRepositoriesAutoConfiguration:
      Did not match:
         - @ConditionalOnClass did not find required class 'com.couchbase.client.java.Bucket' (OnClassCondition)

   DataSourceAutoConfiguration.EmbeddedDatabaseConfiguration:
      Did not match:
         - EmbeddedDataSource spring.datasource.url is set (DataSourceAutoConfiguration.EmbeddedDatabaseCondition)

   DataSourceConfiguration.Dbcp2:
      Did not match:
         - @ConditionalOnClass did not find required class 'org.apache.commons.dbcp2.BasicDataSource' (OnClassCondition)

   DataSourceConfiguration.Generic:
      Did not match:
         - @ConditionalOnProperty (spring.datasource.type) did not find property 'spring.datasource.type' (OnPropertyCondition)

   DataSourceConfiguration.OracleUcp:
      Did not match:
         - @ConditionalOnClass did not find required classes 'oracle.ucp.jdbc.PoolDataSourceImpl', 'oracle.jdbc.OracleConnection' (OnClassCondition)

   DataSourceConfiguration.Tomcat:
      Did not match:
         - @ConditionalOnClass did not find required class 'org.apache.tomcat.jdbc.pool.DataSource' (OnClassCondition)

   DataSourceJmxConfiguration.TomcatDataSourceJmxConfiguration:
      Did not match:
         - @ConditionalOnClass did not find required class 'org.apache.tomcat.jdbc.pool.DataSourceProxy' (OnClassCondition)

   DataSourcePoolMetadataProvidersConfiguration.CommonsDbcp2PoolDataSourceMetadataProviderConfiguration:
      Did not match:
         - @ConditionalOnClass did not find required class 'org.apache.commons.dbcp2.BasicDataSource' (OnClassCondition)

   DataSourcePoolMetadataProvidersConfiguration.OracleUcpPoolDataSourceMetadataProviderConfiguration:
      Did not match:
         - @ConditionalOnClass did not find required classes 'oracle.ucp.jdbc.PoolDataSource', 'oracle.jdbc.OracleConnection' (OnClassCondition)

   DataSourcePoolMetadataProvidersConfiguration.TomcatDataSourcePoolMetadataProviderConfiguration:
      Did not match:
         - @ConditionalOnClass did not find required class 'org.apache.tomcat.jdbc.pool.DataSource' (OnClassCondition)

   DataSourceTransactionManagerAutoConfiguration.JdbcTransactionManagerConfiguration#transactionManager:
      Did not match:
         - @ConditionalOnMissingBean (types: org.springframework.transaction.TransactionManager; SearchStrategy: all) found beans of type 'org.springframework.transaction.TransactionManager' transactionManager (OnBeanCondition)

   DatadogMetricsExportAutoConfiguration:
      Did not match:
         - @ConditionalOnClass did not find required class 'io.micrometer.datadog.DatadogMeterRegistry' (OnClassCondition)

   DispatcherServletAutoConfiguration.DispatcherServletConfiguration#multipartResolver:
      Did not match:
         - @ConditionalOnBean (types: org.springframework.web.multipart.MultipartResolver; SearchStrategy: all) did not find any beans of type org.springframework.web.multipart.MultipartResolver (OnBeanCondition)

   DynatraceMetricsExportAutoConfiguration:
      Did not match:
         - @ConditionalOnClass did not find required class 'io.micrometer.dynatrace.DynatraceMeterRegistry' (OnClassCondition)

   EhCacheCacheConfiguration:
      Did not match:
         - @ConditionalOnClass did not find required class 'net.sf.ehcache.Cache' (OnClassCondition)

   ElasticMetricsExportAutoConfiguration:
      Did not match:
         - @ConditionalOnClass did not find required class 'io.micrometer.elastic.ElasticMeterRegistry' (OnClassCondition)

   ElasticSearchReactiveHealthContributorAutoConfiguration:
      Did not match:
         - @ConditionalOnClass did not find required class 'reactor.core.publisher.Flux' (OnClassCondition)

   ElasticSearchRestHealthContributorAutoConfiguration:
      Did not match:
         - @ConditionalOnClass did not find required class 'org.elasticsearch.client.RestClient' (OnClassCondition)

   ElasticsearchDataAutoConfiguration:
      Did not match:
         - @ConditionalOnClass did not find required class 'org.springframework.data.elasticsearch.core.ElasticsearchRestTemplate' (OnClassCondition)

   ElasticsearchRepositoriesAutoConfiguration:
      Did not match:
         - @ConditionalOnClass did not find required class 'org.elasticsearch.client.Client' (OnClassCondition)

   ElasticsearchRestClientAutoConfiguration:
      Did not match:
         - @ConditionalOnClass did not find required class 'org.elasticsearch.client.RestClientBuilder' (OnClassCondition)

   EmbeddedLdapAutoConfiguration:
      Did not match:
         - @ConditionalOnClass did not find required class 'com.unboundid.ldap.listener.InMemoryDirectoryServer' (OnClassCondition)

   EmbeddedMongoAutoConfiguration:
      Did not match:
         - @ConditionalOnClass did not find required class 'com.mongodb.MongoClientSettings' (OnClassCondition)

   EmbeddedWebServerFactoryCustomizerAutoConfiguration.JettyWebServerFactoryCustomizerConfiguration:
      Did not match:
         - @ConditionalOnClass did not find required classes 'org.eclipse.jetty.server.Server', 'org.eclipse.jetty.util.Loader', 'org.eclipse.jetty.webapp.WebAppContext' (OnClassCondition)

   EmbeddedWebServerFactoryCustomizerAutoConfiguration.NettyWebServerFactoryCustomizerConfiguration:
      Did not match:
         - @ConditionalOnClass did not find required class 'reactor.netty.http.server.HttpServer' (OnClassCondition)

   EmbeddedWebServerFactoryCustomizerAutoConfiguration.UndertowWebServerFactoryCustomizerConfiguration:
      Did not match:
         - @ConditionalOnClass did not find required classes 'io.undertow.Undertow', 'org.xnio.SslClientAuthMode' (OnClassCondition)

   EnvironmentEndpointAutoConfiguration:
      Did not match:
         - @ConditionalOnAvailableEndpoint no 'management.endpoints' property marked it as exposed (OnAvailableEndpointCondition)

   ErrorWebFluxAutoConfiguration:
      Did not match:
         - @ConditionalOnClass did not find required class 'org.springframework.web.reactive.config.WebFluxConfigurer' (OnClassCondition)

   FlywayAutoConfiguration:
      Did not match:
         - @ConditionalOnClass did not find required class 'org.flywaydb.core.Flyway' (OnClassCondition)

   FlywayEndpointAutoConfiguration:
      Did not match:
         - @ConditionalOnClass did not find required class 'org.flywaydb.core.Flyway' (OnClassCondition)

   FreeMarkerAutoConfiguration:
      Did not match:
         - @ConditionalOnClass did not find required class 'freemarker.template.Configuration' (OnClassCondition)

   GangliaMetricsExportAutoConfiguration:
      Did not match:
         - @ConditionalOnClass did not find required class 'io.micrometer.ganglia.GangliaMeterRegistry' (OnClassCondition)

   GraphQlAutoConfiguration:
      Did not match:
         - @ConditionalOnClass did not find required class 'graphql.GraphQL' (OnClassCondition)

   GraphQlMetricsAutoConfiguration:
      Did not match:
         - @ConditionalOnClass did not find required class 'graphql.GraphQL' (OnClassCondition)

   GraphQlQueryByExampleAutoConfiguration:
      Did not match:
         - @ConditionalOnClass did not find required class 'graphql.GraphQL' (OnClassCondition)

   GraphQlQuerydslAutoConfiguration:
      Did not match:
         - @ConditionalOnClass did not find required class 'graphql.GraphQL' (OnClassCondition)

   GraphQlRSocketAutoConfiguration:
      Did not match:
         - @ConditionalOnClass did not find required class 'graphql.GraphQL' (OnClassCondition)

   GraphQlReactiveQueryByExampleAutoConfiguration:
      Did not match:
         - @ConditionalOnClass did not find required class 'graphql.GraphQL' (OnClassCondition)

   GraphQlReactiveQuerydslAutoConfiguration:
      Did not match:
         - @ConditionalOnClass did not find required class 'graphql.GraphQL' (OnClassCondition)

   GraphQlWebFluxAutoConfiguration:
      Did not match:
         - @ConditionalOnClass did not find required class 'graphql.GraphQL' (OnClassCondition)

   GraphQlWebFluxSecurityAutoConfiguration:
      Did not match:
         - @ConditionalOnClass did not find required class 'graphql.GraphQL' (OnClassCondition)

   GraphQlWebMvcAutoConfiguration:
      Did not match:
         - @ConditionalOnClass did not find required class 'graphql.GraphQL' (OnClassCondition)

   GraphQlWebMvcSecurityAutoConfiguration:
      Did not match:
         - @ConditionalOnClass did not find required class 'graphql.GraphQL' (OnClassCondition)

   GraphiteMetricsExportAutoConfiguration:
      Did not match:
         - @ConditionalOnClass did not find required class 'io.micrometer.graphite.GraphiteMeterRegistry' (OnClassCondition)

   GroovyTemplateAutoConfiguration:
      Did not match:
         - @ConditionalOnClass did not find required class 'groovy.text.markup.MarkupTemplateEngine' (OnClassCondition)

   GsonHttpMessageConvertersConfiguration.GsonHttpMessageConverterConfiguration:
      Did not match:
         - AnyNestedCondition 0 matched 2 did not; NestedCondition on GsonHttpMessageConvertersConfiguration.PreferGsonOrJacksonAndJsonbUnavailableCondition.JacksonJsonbUnavailable NoneNestedConditions 1 matched 1 did not; NestedCondition on GsonHttpMessageConvertersConfiguration.JacksonAndJsonbUnavailableCondition.JsonbPreferred @ConditionalOnProperty (spring.mvc.converters.preferred-json-mapper=jsonb) did not find property 'spring.mvc.converters.preferred-json-mapper'; NestedCondition on GsonHttpMessageConvertersConfiguration.JacksonAndJsonbUnavailableCondition.JacksonAvailable @ConditionalOnBean (types: org.springframework.http.converter.json.MappingJackson2HttpMessageConverter; SearchStrategy: all) found bean 'mappingJackson2HttpMessageConverter'; NestedCondition on GsonHttpMessageConvertersConfiguration.PreferGsonOrJacksonAndJsonbUnavailableCondition.GsonPreferred @ConditionalOnProperty (spring.mvc.converters.preferred-json-mapper=gson) did not find property 'spring.mvc.converters.preferred-json-mapper' (GsonHttpMessageConvertersConfiguration.PreferGsonOrJacksonAndJsonbUnavailableCondition)

   H2ConsoleAutoConfiguration:
      Did not match:
         - @ConditionalOnClass did not find required class 'org.h2.server.web.WebServlet' (OnClassCondition)

   HazelcastAutoConfiguration:
      Did not match:
         - @ConditionalOnClass did not find required class 'com.hazelcast.core.HazelcastInstance' (OnClassCondition)

   HazelcastCacheConfiguration:
      Did not match:
         - @ConditionalOnClass did not find required class 'com.hazelcast.core.HazelcastInstance' (OnClassCondition)

   HazelcastHealthContributorAutoConfiguration:
      Did not match:
         - @ConditionalOnClass did not find required class 'com.hazelcast.core.HazelcastInstance' (OnClassCondition)

   HazelcastJpaDependencyAutoConfiguration:
      Did not match:
         - @ConditionalOnClass did not find required class 'com.hazelcast.core.HazelcastInstance' (OnClassCondition)

   HealthEndpointReactiveWebExtensionConfiguration:
      Did not match:
         - did not find reactive web application classes (OnWebApplicationCondition)

   HealthEndpointWebExtensionConfiguration.JerseyAdditionalHealthEndpointPathsConfiguration:
      Did not match:
         - @ConditionalOnClass did not find required class 'org.glassfish.jersey.server.ResourceConfig' (OnClassCondition)

   HeapDumpWebEndpointAutoConfiguration:
      Did not match:
         - @ConditionalOnAvailableEndpoint no 'management.endpoints' property marked it as exposed (OnAvailableEndpointCondition)

   HibernateMetricsAutoConfiguration:
      Did not match:
         - @ConditionalOnClass did not find required class 'org.hibernate.stat.HibernateMetrics' (OnClassCondition)

   HttpHandlerAutoConfiguration:
      Did not match:
         - @ConditionalOnClass did not find required class 'org.springframework.web.reactive.DispatcherHandler' (OnClassCondition)

   HttpTraceAutoConfiguration:
      Did not match:
         - @ConditionalOnBean (types: org.springframework.boot.actuate.trace.http.HttpTraceRepository; SearchStrategy: all) did not find any beans of type org.springframework.boot.actuate.trace.http.HttpTraceRepository (OnBeanCondition)
      Matched:
         - @ConditionalOnWebApplication (required) found 'session' scope (OnWebApplicationCondition)
         - @ConditionalOnProperty (management.trace.http.enabled) matched (OnPropertyCondition)

   HttpTraceAutoConfiguration.ReactiveTraceFilterConfiguration:
      Did not match:
         - did not find reactive web application classes (OnWebApplicationCondition)
         - Ancestor org.springframework.boot.actuate.autoconfigure.trace.http.HttpTraceAutoConfiguration did not match (ConditionEvaluationReport.AncestorsMatchedCondition)

   HttpTraceAutoConfiguration.ServletTraceFilterConfiguration:
      Did not match:
         - Ancestor org.springframework.boot.actuate.autoconfigure.trace.http.HttpTraceAutoConfiguration did not match (ConditionEvaluationReport.AncestorsMatchedCondition)
      Matched:
         - found 'session' scope (OnWebApplicationCondition)

   HttpTraceEndpointAutoConfiguration:
      Did not match:
         - @ConditionalOnAvailableEndpoint no 'management.endpoints' property marked it as exposed (OnAvailableEndpointCondition)

   HumioMetricsExportAutoConfiguration:
      Did not match:
         - @ConditionalOnClass did not find required class 'io.micrometer.humio.HumioMeterRegistry' (OnClassCondition)

   HypermediaAutoConfiguration:
      Did not match:
         - @ConditionalOnClass did not find required class 'org.springframework.hateoas.EntityModel' (OnClassCondition)

   InfinispanCacheConfiguration:
      Did not match:
         - @ConditionalOnClass did not find required class 'org.infinispan.spring.embedded.provider.SpringEmbeddedCacheManager' (OnClassCondition)

   InfluxDbAutoConfiguration:
      Did not match:
         - @ConditionalOnClass did not find required class 'org.influxdb.InfluxDB' (OnClassCondition)

   InfluxDbHealthContributorAutoConfiguration:
      Did not match:
         - @ConditionalOnClass did not find required class 'org.influxdb.InfluxDB' (OnClassCondition)

   InfluxMetricsExportAutoConfiguration:
      Did not match:
         - @ConditionalOnClass did not find required class 'io.micrometer.influx.InfluxMeterRegistry' (OnClassCondition)

   InfoContributorAutoConfiguration#buildInfoContributor:
      Did not match:
         - @ConditionalOnSingleCandidate (types: org.springframework.boot.info.BuildProperties; SearchStrategy: all) did not find any beans (OnBeanCondition)
      Matched:
         - @ConditionalOnEnabledInfoContributor management.info.defaults.enabled is considered true (OnEnabledInfoContributorCondition)

   InfoContributorAutoConfiguration#envInfoContributor:
      Did not match:
         - @ConditionalOnEnabledInfoContributor management.info.env.enabled is not true (OnEnabledInfoContributorCondition)

   InfoContributorAutoConfiguration#gitInfoContributor:
      Did not match:
         - @ConditionalOnSingleCandidate (types: org.springframework.boot.info.GitProperties; SearchStrategy: all) did not find any beans (OnBeanCondition)
      Matched:
         - @ConditionalOnEnabledInfoContributor management.info.defaults.enabled is considered true (OnEnabledInfoContributorCondition)

   InfoContributorAutoConfiguration#javaInfoContributor:
      Did not match:
         - @ConditionalOnEnabledInfoContributor management.info.java.enabled is not true (OnEnabledInfoContributorCondition)

   InfoContributorAutoConfiguration#osInfoContributor:
      Did not match:
         - @ConditionalOnEnabledInfoContributor management.info.os.enabled is not true (OnEnabledInfoContributorCondition)

   InfoEndpointAutoConfiguration:
      Did not match:
         - @ConditionalOnAvailableEndpoint no 'management.endpoints' property marked it as exposed (OnAvailableEndpointCondition)

   IntegrationAutoConfiguration:
      Did not match:
         - @ConditionalOnClass did not find required class 'org.springframework.integration.config.EnableIntegration' (OnClassCondition)

   IntegrationGraphEndpointAutoConfiguration:
      Did not match:
         - @ConditionalOnClass did not find required class 'org.springframework.integration.graph.IntegrationGraphServer' (OnClassCondition)

   JCacheCacheConfiguration:
      Did not match:
         - @ConditionalOnClass did not find required class 'javax.cache.Caching' (OnClassCondition)

   JacksonHttpMessageConvertersConfiguration.MappingJackson2XmlHttpMessageConverterConfiguration:
      Did not match:
         - @ConditionalOnClass did not find required class 'com.fasterxml.jackson.dataformat.xml.XmlMapper' (OnClassCondition)

   JdbcRepositoriesAutoConfiguration:
      Did not match:
         - @ConditionalOnClass did not find required class 'org.springframework.data.jdbc.repository.config.AbstractJdbcConfiguration' (OnClassCondition)

   JerseyAutoConfiguration:
      Did not match:
         - @ConditionalOnClass did not find required class 'org.glassfish.jersey.server.spring.SpringComponentProvider' (OnClassCondition)

   JerseySameManagementContextConfiguration:
      Did not match:
         - @ConditionalOnClass did not find required class 'org.glassfish.jersey.server.ResourceConfig' (OnClassCondition)

   JerseyServerMetricsAutoConfiguration:
      Did not match:
         - @ConditionalOnClass did not find required class 'io.micrometer.core.instrument.binder.jersey.server.MetricsApplicationEventListener' (OnClassCondition)

   JerseyWebEndpointManagementContextConfiguration:
      Did not match:
         - @ConditionalOnClass did not find required class 'org.glassfish.jersey.server.ResourceConfig' (OnClassCondition)

   JettyMetricsAutoConfiguration:
      Did not match:
         - @ConditionalOnClass did not find required class 'org.eclipse.jetty.server.Server' (OnClassCondition)

   JmsAutoConfiguration:
      Did not match:
         - @ConditionalOnClass did not find required class 'javax.jms.Message' (OnClassCondition)

   JmsHealthContributorAutoConfiguration:
      Did not match:
         - @ConditionalOnClass did not find required class 'javax.jms.ConnectionFactory' (OnClassCondition)

   JmxAutoConfiguration:
      Did not match:
         - @ConditionalOnProperty (spring.jmx.enabled=true) did not find property 'enabled' (OnPropertyCondition)
      Matched:
         - @ConditionalOnClass found required class 'org.springframework.jmx.export.MBeanExporter' (OnClassCondition)

   JmxEndpointAutoConfiguration:
      Did not match:
         - @ConditionalOnProperty (spring.jmx.enabled=true) did not find property 'enabled' (OnPropertyCondition)

   JmxMetricsExportAutoConfiguration:
      Did not match:
         - @ConditionalOnClass did not find required class 'io.micrometer.jmx.JmxMeterRegistry' (OnClassCondition)

   JndiConnectionFactoryAutoConfiguration:
      Did not match:
         - @ConditionalOnClass did not find required class 'org.springframework.jms.core.JmsTemplate' (OnClassCondition)

   JndiDataSourceAutoConfiguration:
      Did not match:
         - @ConditionalOnProperty (spring.datasource.jndi-name) did not find property 'jndi-name' (OnPropertyCondition)
      Matched:
         - @ConditionalOnClass found required classes 'javax.sql.DataSource', 'org.springframework.jdbc.datasource.embedded.EmbeddedDatabaseType' (OnClassCondition)

   JndiJtaConfiguration:
      Did not match:
         - @ConditionalOnJndi JNDI environment is not available (OnJndiCondition)
      Matched:
         - @ConditionalOnClass found required class 'org.springframework.transaction.jta.JtaTransactionManager' (OnClassCondition)

   JolokiaEndpointAutoConfiguration:
      Did not match:
         - @ConditionalOnClass did not find required class 'org.jolokia.http.AgentServlet' (OnClassCondition)

   JooqAutoConfiguration:
      Did not match:
         - @ConditionalOnClass did not find required class 'org.jooq.DSLContext' (OnClassCondition)

   JpaRepositoriesAutoConfiguration#entityManagerFactoryBootstrapExecutorCustomizer:
      Did not match:
         - AnyNestedCondition 0 matched 2 did not; NestedCondition on JpaRepositoriesAutoConfiguration.BootstrapExecutorCondition.LazyBootstrapMode @ConditionalOnProperty (spring.data.jpa.repositories.bootstrap-mode=lazy) did not find property 'bootstrap-mode'; NestedCondition on JpaRepositoriesAutoConfiguration.BootstrapExecutorCondition.DeferredBootstrapMode @ConditionalOnProperty (spring.data.jpa.repositories.bootstrap-mode=deferred) did not find property 'bootstrap-mode' (JpaRepositoriesAutoConfiguration.BootstrapExecutorCondition)

   JsonbAutoConfiguration:
      Did not match:
         - @ConditionalOnClass did not find required class 'javax.json.bind.Jsonb' (OnClassCondition)

   JsonbHttpMessageConvertersConfiguration:
      Did not match:
         - @ConditionalOnClass did not find required class 'javax.json.bind.Jsonb' (OnClassCondition)

   KafkaAutoConfiguration#kafkaJaasInitializer:
      Did not match:
         - @ConditionalOnProperty (spring.kafka.jaas.enabled) did not find property 'spring.kafka.jaas.enabled' (OnPropertyCondition)

   KafkaAutoConfiguration#kafkaRetryTopicConfiguration:
      Did not match:
         - @ConditionalOnProperty (spring.kafka.retry.topic.enabled) did not find property 'spring.kafka.retry.topic.enabled' (OnPropertyCondition)

   KafkaAutoConfiguration#kafkaTransactionManager:
      Did not match:
         - @ConditionalOnProperty (spring.kafka.producer.transaction-id-prefix) did not find property 'spring.kafka.producer.transaction-id-prefix' (OnPropertyCondition)

   KafkaStreamsAnnotationDrivenConfiguration:
      Did not match:
         - @ConditionalOnClass did not find required class 'org.apache.kafka.streams.StreamsBuilder' (OnClassCondition)

   KairosMetricsExportAutoConfiguration:
      Did not match:
         - @ConditionalOnClass did not find required class 'io.micrometer.kairos.KairosMeterRegistry' (OnClassCondition)

   LdapAutoConfiguration:
      Did not match:
         - @ConditionalOnClass did not find required class 'org.springframework.ldap.core.ContextSource' (OnClassCondition)

   LdapHealthContributorAutoConfiguration:
      Did not match:
         - @ConditionalOnClass did not find required class 'org.springframework.ldap.core.LdapOperations' (OnClassCondition)

   LdapRepositoriesAutoConfiguration:
      Did not match:
         - @ConditionalOnClass did not find required class 'org.springframework.data.ldap.repository.LdapRepository' (OnClassCondition)

   LettuceMetricsAutoConfiguration:
      Did not match:
         - @ConditionalOnClass did not find required class 'io.lettuce.core.metrics.MicrometerCommandLatencyRecorder' (OnClassCondition)

   LiquibaseAutoConfiguration:
      Did not match:
         - @ConditionalOnClass did not find required class 'liquibase.change.DatabaseChange' (OnClassCondition)

   LiquibaseEndpointAutoConfiguration:
      Did not match:
         - @ConditionalOnClass did not find required class 'liquibase.integration.spring.SpringLiquibase' (OnClassCondition)

   Log4J2MetricsAutoConfiguration:
      Did not match:
         - @ConditionalOnClass did not find required class 'org.apache.logging.log4j.core.LoggerContext' (OnClassCondition)

   LogFileWebEndpointAutoConfiguration:
      Did not match:
         - @ConditionalOnAvailableEndpoint no 'management.endpoints' property marked it as exposed (OnAvailableEndpointCondition)

   LoggersEndpointAutoConfiguration:
      Did not match:
         - @ConditionalOnAvailableEndpoint no 'management.endpoints' property marked it as exposed (OnAvailableEndpointCondition)

   MailHealthContributorAutoConfiguration:
      Did not match:
         - @ConditionalOnClass did not find required class 'org.springframework.mail.javamail.JavaMailSenderImpl' (OnClassCondition)

   MailSenderAutoConfiguration:
      Did not match:
         - @ConditionalOnClass did not find required class 'javax.mail.internet.MimeMessage' (OnClassCondition)

   MailSenderValidatorAutoConfiguration:
      Did not match:
         - @ConditionalOnSingleCandidate did not find required type 'org.springframework.mail.javamail.JavaMailSenderImpl' (OnBeanCondition)

   ManagementContextAutoConfiguration.DifferentManagementContextConfiguration:
      Did not match:
         - Management Port actual port type (SAME) did not match required type (DIFFERENT) (OnManagementPortCondition)

   ManagementWebSecurityAutoConfiguration:
      Did not match:
         - AllNestedConditions 1 matched 1 did not; NestedCondition on DefaultWebSecurityCondition.Beans @ConditionalOnMissingBean (types: org.springframework.security.config.annotation.web.configuration.WebSecurityConfigurerAdapter,org.springframework.security.web.SecurityFilterChain; SearchStrategy: all) did not find any beans; NestedCondition on DefaultWebSecurityCondition.Classes @ConditionalOnClass did not find required classes 'org.springframework.security.web.SecurityFilterChain', 'org.springframework.security.config.annotation.web.builders.HttpSecurity' (DefaultWebSecurityCondition)
      Matched:
         - found 'session' scope (OnWebApplicationCondition)

   MappingsEndpointAutoConfiguration:
      Did not match:
         - @ConditionalOnAvailableEndpoint no 'management.endpoints' property marked it as exposed (OnAvailableEndpointCondition)

   MessageSourceAutoConfiguration:
      Did not match:
         - ResourceBundle did not find bundle with basename messages (MessageSourceAutoConfiguration.ResourceBundleCondition)

   MetricsEndpointAutoConfiguration:
      Did not match:
         - @ConditionalOnAvailableEndpoint no 'management.endpoints' property marked it as exposed (OnAvailableEndpointCondition)
      Matched:
         - @ConditionalOnClass found required class 'io.micrometer.core.annotation.Timed' (OnClassCondition)

   MongoAutoConfiguration:
      Did not match:
         - @ConditionalOnClass did not find required class 'com.mongodb.client.MongoClient' (OnClassCondition)

   MongoDataAutoConfiguration:
      Did not match:
         - @ConditionalOnClass did not find required class 'com.mongodb.client.MongoClient' (OnClassCondition)

   MongoHealthContributorAutoConfiguration:
      Did not match:
         - @ConditionalOnClass did not find required class 'org.springframework.data.mongodb.core.MongoTemplate' (OnClassCondition)

   MongoMetricsAutoConfiguration:
      Did not match:
         - @ConditionalOnClass did not find required class 'com.mongodb.MongoClientSettings' (OnClassCondition)

   MongoReactiveAutoConfiguration:
      Did not match:
         - @ConditionalOnClass did not find required class 'com.mongodb.reactivestreams.client.MongoClient' (OnClassCondition)

   MongoReactiveDataAutoConfiguration:
      Did not match:
         - @ConditionalOnClass did not find required class 'com.mongodb.reactivestreams.client.MongoClient' (OnClassCondition)

   MongoReactiveHealthContributorAutoConfiguration:
      Did not match:
         - @ConditionalOnClass did not find required class 'reactor.core.publisher.Flux' (OnClassCondition)

   MongoReactiveRepositoriesAutoConfiguration:
      Did not match:
         - @ConditionalOnClass did not find required class 'com.mongodb.reactivestreams.client.MongoClient' (OnClassCondition)

   MongoRepositoriesAutoConfiguration:
      Did not match:
         - @ConditionalOnClass did not find required class 'com.mongodb.client.MongoClient' (OnClassCondition)

   MultipleOpenApiSupportConfiguration:
      Did not match:
         - AnyNestedCondition 0 matched 2 did not; NestedCondition on MultipleOpenApiSupportCondition.OnActuatorDifferentPort found non-matching nested conditions Management Port actual port type (SAME) did not match required type (DIFFERENT), @ConditionalOnProperty (springdoc.show-actuator) did not find property 'springdoc.show-actuator'; NestedCondition on MultipleOpenApiSupportCondition.OnMultipleOpenApiSupportCondition AnyNestedCondition 0 matched 2 did not; NestedCondition on MultipleOpenApiGroupsCondition.OnGroupConfigProperty @ConditionalOnProperty (springdoc.group-configs[0].group) did not find property 'springdoc.group-configs[0].group'; NestedCondition on MultipleOpenApiGroupsCondition.OnGroupedOpenApiBean @ConditionalOnBean (types: org.springdoc.core.GroupedOpenApi; SearchStrategy: all) did not find any beans of type org.springdoc.core.GroupedOpenApi (MultipleOpenApiSupportCondition)
      Matched:
         - found 'session' scope (OnWebApplicationCondition)
         - @ConditionalOnProperty (springdoc.api-docs.enabled) matched (OnPropertyCondition)

   MultipleOpenApiSupportConfiguration.SpringDocWebMvcActuatorDifferentConfiguration:
      Did not match:
         - Management Port actual port type (SAME) did not match required type (DIFFERENT) (OnManagementPortCondition)
         - Ancestor org.springdoc.webmvc.core.MultipleOpenApiSupportConfiguration did not match (ConditionEvaluationReport.AncestorsMatchedCondition)
      Matched:
         - @ConditionalOnClass found required class 'org.springframework.boot.actuate.endpoint.web.servlet.WebMvcEndpointHandlerMapping' (OnClassCondition)

   MustacheAutoConfiguration:
      Did not match:
         - @ConditionalOnClass did not find required class 'com.samskivert.mustache.Mustache' (OnClassCondition)

   Neo4jAutoConfiguration:
      Did not match:
         - @ConditionalOnClass did not find required class 'org.neo4j.driver.Driver' (OnClassCondition)

   Neo4jDataAutoConfiguration:
      Did not match:
         - @ConditionalOnClass did not find required class 'org.neo4j.driver.Driver' (OnClassCondition)

   Neo4jHealthContributorAutoConfiguration:
      Did not match:
         - @ConditionalOnClass did not find required class 'org.neo4j.driver.Driver' (OnClassCondition)

   Neo4jReactiveDataAutoConfiguration:
      Did not match:
         - @ConditionalOnClass did not find required class 'org.neo4j.driver.Driver' (OnClassCondition)

   Neo4jReactiveRepositoriesAutoConfiguration:
      Did not match:
         - @ConditionalOnClass did not find required class 'org.neo4j.driver.Driver' (OnClassCondition)

   Neo4jRepositoriesAutoConfiguration:
      Did not match:
         - @ConditionalOnClass did not find required class 'org.neo4j.driver.Driver' (OnClassCondition)

   NettyAutoConfiguration:
      Did not match:
         - @ConditionalOnClass did not find required class 'io.netty.util.NettyRuntime' (OnClassCondition)

   NewRelicMetricsExportAutoConfiguration:
      Did not match:
         - @ConditionalOnClass did not find required class 'io.micrometer.newrelic.NewRelicMeterRegistry' (OnClassCondition)

   NoOpMeterRegistryConfiguration:
      Did not match:
         - @ConditionalOnMissingBean (types: io.micrometer.core.instrument.MeterRegistry; SearchStrategy: all) found beans of type 'io.micrometer.core.instrument.MeterRegistry' simpleMeterRegistry (OnBeanCondition)

   OAuth2ClientAutoConfiguration:
      Did not match:
         - @ConditionalOnClass did not find required class 'org.springframework.security.config.annotation.web.configuration.EnableWebSecurity' (OnClassCondition)

   OAuth2ResourceServerAutoConfiguration:
      Did not match:
         - @ConditionalOnClass did not find required class 'org.springframework.security.oauth2.server.resource.BearerTokenAuthenticationToken' (OnClassCondition)

   ProjectInfoAutoConfiguration#buildProperties:
      Did not match:
         - @ConditionalOnResource did not find resource '${spring.info.build.location:classpath:META-INF/build-info.properties}' (OnResourceCondition)

   ProjectInfoAutoConfiguration#gitProperties:
      Did not match:
         - GitResource did not find git info at classpath:git.properties (ProjectInfoAutoConfiguration.GitResourceAvailableCondition)

   PrometheusMetricsExportAutoConfiguration:
      Did not match:
         - @ConditionalOnClass did not find required class 'io.micrometer.prometheus.PrometheusMeterRegistry' (OnClassCondition)

   QuartzAutoConfiguration:
      Did not match:
         - @ConditionalOnClass did not find required class 'org.quartz.Scheduler' (OnClassCondition)

   QuartzEndpointAutoConfiguration:
      Did not match:
         - @ConditionalOnClass did not find required class 'org.quartz.Scheduler' (OnClassCondition)

   R2dbcAutoConfiguration:
      Did not match:
         - @ConditionalOnClass did not find required class 'io.r2dbc.spi.ConnectionFactory' (OnClassCondition)

   R2dbcDataAutoConfiguration:
      Did not match:
         - @ConditionalOnClass did not find required class 'org.springframework.data.r2dbc.core.R2dbcEntityTemplate' (OnClassCondition)

   R2dbcInitializationConfiguration:
      Did not match:
         - @ConditionalOnClass did not find required classes 'io.r2dbc.spi.ConnectionFactory', 'org.springframework.r2dbc.connection.init.DatabasePopulator' (OnClassCondition)

   R2dbcRepositoriesAutoConfiguration:
      Did not match:
         - @ConditionalOnClass did not find required class 'io.r2dbc.spi.ConnectionFactory' (OnClassCondition)

   R2dbcTransactionManagerAutoConfiguration:
      Did not match:
         - @ConditionalOnClass did not find required class 'org.springframework.r2dbc.connection.R2dbcTransactionManager' (OnClassCondition)

   RSocketGraphQlClientAutoConfiguration:
      Did not match:
         - @ConditionalOnClass did not find required class 'graphql.GraphQL' (OnClassCondition)

   RSocketMessagingAutoConfiguration:
      Did not match:
         - @ConditionalOnClass did not find required class 'io.rsocket.RSocket' (OnClassCondition)

   RSocketRequesterAutoConfiguration:
      Did not match:
         - @ConditionalOnClass did not find required class 'io.rsocket.RSocket' (OnClassCondition)

   RSocketSecurityAutoConfiguration:
      Did not match:
         - @ConditionalOnClass did not find required class 'org.springframework.security.rsocket.core.SecuritySocketAcceptorInterceptor' (OnClassCondition)

   RSocketServerAutoConfiguration:
      Did not match:
         - @ConditionalOnClass did not find required class 'io.rsocket.core.RSocketServer' (OnClassCondition)

   RSocketStrategiesAutoConfiguration:
      Did not match:
         - @ConditionalOnClass did not find required class 'io.netty.buffer.PooledByteBufAllocator' (OnClassCondition)

   RabbitAutoConfiguration:
      Did not match:
         - @ConditionalOnClass did not find required class 'com.rabbitmq.client.Channel' (OnClassCondition)

   RabbitHealthContributorAutoConfiguration:
      Did not match:
         - @ConditionalOnClass did not find required class 'org.springframework.amqp.rabbit.core.RabbitTemplate' (OnClassCondition)

   RabbitMetricsAutoConfiguration:
      Did not match:
         - @ConditionalOnClass did not find required class 'com.rabbitmq.client.ConnectionFactory' (OnClassCondition)

   ReactiveCloudFoundryActuatorAutoConfiguration:
      Did not match:
         - @ConditionalOnWebApplication did not find reactive web application classes (OnWebApplicationCondition)

   ReactiveElasticsearchRepositoriesAutoConfiguration:
      Did not match:
         - @ConditionalOnClass did not find required class 'org.springframework.data.elasticsearch.client.reactive.ReactiveElasticsearchClient' (OnClassCondition)

   ReactiveElasticsearchRestClientAutoConfiguration:
      Did not match:
         - @ConditionalOnClass did not find required class 'reactor.netty.http.client.HttpClient' (OnClassCondition)

   ReactiveHealthEndpointConfiguration:
      Did not match:
         - @ConditionalOnClass did not find required class 'reactor.core.publisher.Flux' (OnClassCondition)

   ReactiveManagementContextAutoConfiguration:
      Did not match:
         - @ConditionalOnClass did not find required class 'reactor.core.publisher.Flux' (OnClassCondition)

   ReactiveManagementWebSecurityAutoConfiguration:
      Did not match:
         - @ConditionalOnClass did not find required class 'org.springframework.security.config.annotation.web.reactive.EnableWebFluxSecurity' (OnClassCondition)

   ReactiveMultipartAutoConfiguration:
      Did not match:
         - @ConditionalOnClass did not find required class 'org.springframework.web.reactive.config.WebFluxConfigurer' (OnClassCondition)

   ReactiveOAuth2ClientAutoConfiguration:
      Did not match:
         - @ConditionalOnClass did not find required class 'reactor.core.publisher.Flux' (OnClassCondition)

   ReactiveOAuth2ResourceServerAutoConfiguration:
      Did not match:
         - @ConditionalOnClass did not find required class 'org.springframework.security.config.annotation.web.reactive.EnableWebFluxSecurity' (OnClassCondition)

   ReactiveSecurityAutoConfiguration:
      Did not match:
         - @ConditionalOnClass did not find required class 'reactor.core.publisher.Flux' (OnClassCondition)

   ReactiveUserDetailsServiceAutoConfiguration:
      Did not match:
         - @ConditionalOnClass did not find required class 'org.springframework.security.authentication.ReactiveAuthenticationManager' (OnClassCondition)

   ReactiveWebServerFactoryAutoConfiguration:
      Did not match:
         - @ConditionalOnWebApplication did not find reactive web application classes (OnWebApplicationCondition)

   RedisAutoConfiguration:
      Did not match:
         - @ConditionalOnClass did not find required class 'org.springframework.data.redis.core.RedisOperations' (OnClassCondition)

   RedisCacheConfiguration:
      Did not match:
         - @ConditionalOnClass did not find required class 'org.springframework.data.redis.connection.RedisConnectionFactory' (OnClassCondition)

   RedisHealthContributorAutoConfiguration:
      Did not match:
         - @ConditionalOnClass did not find required class 'org.springframework.data.redis.connection.RedisConnectionFactory' (OnClassCondition)

   RedisReactiveAutoConfiguration:
      Did not match:
         - @ConditionalOnClass did not find required class 'reactor.core.publisher.Flux' (OnClassCondition)

   RedisReactiveHealthContributorAutoConfiguration:
      Did not match:
         - @ConditionalOnClass did not find required class 'reactor.core.publisher.Flux' (OnClassCondition)

   RedisRepositoriesAutoConfiguration:
      Did not match:
         - @ConditionalOnClass did not find required class 'org.springframework.data.redis.repository.configuration.EnableRedisRepositories' (OnClassCondition)

   RepositoryRestMvcAutoConfiguration:
      Did not match:
         - @ConditionalOnClass did not find required class 'org.springframework.data.rest.webmvc.config.RepositoryRestMvcConfiguration' (OnClassCondition)

   Saml2RelyingPartyAutoConfiguration:
      Did not match:
         - @ConditionalOnClass did not find required class 'org.springframework.security.saml2.provider.service.registration.RelyingPartyRegistrationRepository' (OnClassCondition)

   ScheduledTasksEndpointAutoConfiguration:
      Did not match:
         - @ConditionalOnAvailableEndpoint no 'management.endpoints' property marked it as exposed (OnAvailableEndpointCondition)

   SecurityAutoConfiguration:
      Did not match:
         - @ConditionalOnClass did not find required class 'org.springframework.security.authentication.DefaultAuthenticationEventPublisher' (OnClassCondition)

   SecurityFilterAutoConfiguration:
      Did not match:
         - @ConditionalOnClass did not find required class 'org.springframework.security.config.http.SessionCreationPolicy' (OnClassCondition)

   SecurityRequestMatchersManagementContextConfiguration:
      Did not match:
         - @ConditionalOnClass did not find required class 'org.springframework.security.web.util.matcher.RequestMatcher' (OnClassCondition)

   SendGridAutoConfiguration:
      Did not match:
         - @ConditionalOnClass did not find required class 'com.sendgrid.SendGrid' (OnClassCondition)

   ServletEndpointManagementContextConfiguration.JerseyServletEndpointManagementContextConfiguration:
      Did not match:
         - @ConditionalOnClass did not find required class 'org.glassfish.jersey.server.ResourceConfig' (OnClassCondition)

   ServletManagementContextAutoConfiguration.ApplicationContextFilterConfiguration:
      Did not match:
         - @ConditionalOnProperty (management.server.add-application-context-header=true) did not find property 'add-application-context-header' (OnPropertyCondition)

   ServletWebServerFactoryAutoConfiguration.ForwardedHeaderFilterConfiguration:
      Did not match:
         - @ConditionalOnProperty (server.forward-headers-strategy=framework) did not find property 'server.forward-headers-strategy' (OnPropertyCondition)

   ServletWebServerFactoryConfiguration.EmbeddedJetty:
      Did not match:
         - @ConditionalOnClass did not find required classes 'org.eclipse.jetty.server.Server', 'org.eclipse.jetty.util.Loader', 'org.eclipse.jetty.webapp.WebAppContext' (OnClassCondition)

   ServletWebServerFactoryConfiguration.EmbeddedUndertow:
      Did not match:
         - @ConditionalOnClass did not find required classes 'io.undertow.Undertow', 'org.xnio.SslClientAuthMode' (OnClassCondition)

   SessionAutoConfiguration:
      Did not match:
         - @ConditionalOnClass did not find required class 'org.springframework.session.Session' (OnClassCondition)

   SessionsEndpointAutoConfiguration:
      Did not match:
         - @ConditionalOnClass did not find required class 'org.springframework.session.FindByIndexNameSessionRepository' (OnClassCondition)

   ShutdownEndpointAutoConfiguration:
      Did not match:
         - @ConditionalOnAvailableEndpoint no property management.endpoint.shutdown.enabled found so using endpoint default of false (OnAvailableEndpointCondition)

   SignalFxMetricsExportAutoConfiguration:
      Did not match:
         - @ConditionalOnClass did not find required class 'io.micrometer.signalfx.SignalFxMeterRegistry' (OnClassCondition)

   SolrAutoConfiguration:
      Did not match:
         - @ConditionalOnClass did not find required class 'org.apache.solr.client.solrj.impl.CloudSolrClient' (OnClassCondition)

   SolrHealthContributorAutoConfiguration:
      Did not match:
         - @ConditionalOnClass did not find required class 'org.apache.solr.client.solrj.SolrClient' (OnClassCondition)

   SpringApplicationAdminJmxAutoConfiguration:
      Did not match:
         - @ConditionalOnProperty (spring.application.admin.enabled=true) did not find property 'enabled' (OnPropertyCondition)

   SpringDocConfiguration#pageableOpenAPIConverter:
      Did not match:
         - @ConditionalOnProperty (springdoc.model-converters.pageable-converter.enabled) did not find property 'springdoc.model-converters.pageable-converter.enabled' (OnPropertyCondition)

   SpringDocConfiguration#propertiesResolverForSchema:
      Did not match:
         - @ConditionalOnProperty (springdoc.api-docs.resolve-schema-properties) did not find property 'springdoc.api-docs.resolve-schema-properties' (OnPropertyCondition)

   SpringDocConfiguration#springdocBeanFactoryPostProcessor:
      Did not match:
         - AnyNestedCondition 0 matched 2 did not; NestedCondition on CacheOrGroupedOpenApiCondition.OnCacheDisabled found non-matching nested conditions @ConditionalOnProperty (springdoc.cache.disabled) did not find property 'springdoc.cache.disabled'; NestedCondition on CacheOrGroupedOpenApiCondition.OnMultipleOpenApiSupportCondition AnyNestedCondition 0 matched 2 did not; NestedCondition on MultipleOpenApiSupportCondition.OnActuatorDifferentPort found non-matching nested conditions Management Port actual port type (SAME) did not match required type (DIFFERENT), @ConditionalOnProperty (springdoc.show-actuator) did not find property 'springdoc.show-actuator'; NestedCondition on MultipleOpenApiSupportCondition.OnMultipleOpenApiSupportCondition AnyNestedCondition 0 matched 2 did not; NestedCondition on MultipleOpenApiGroupsCondition.OnGroupConfigProperty @ConditionalOnProperty (springdoc.group-configs[0].group) did not find property 'springdoc.group-configs[0].group'; NestedCondition on MultipleOpenApiGroupsCondition.OnGroupedOpenApiBean @ConditionalOnBean (types: org.springdoc.core.GroupedOpenApi; SearchStrategy: all) did not find any beans of type org.springdoc.core.GroupedOpenApi (CacheOrGroupedOpenApiCondition)
      Matched:
         - @ConditionalOnClass found required class 'org.springframework.boot.context.properties.bind.BindResult' (OnClassCondition)

   SpringDocConfiguration#springdocBeanFactoryPostProcessor2:
      Did not match:
         - @ConditionalOnMissingClass found unwanted class 'org.springframework.boot.context.properties.bind.BindResult' (OnClassCondition)

   SpringDocConfiguration.SpringDocActuatorConfiguration:
      Did not match:
         - @ConditionalOnProperty (springdoc.show-actuator) did not find property 'springdoc.show-actuator' (OnPropertyCondition)
      Matched:
         - @ConditionalOnClass found required class 'org.springframework.boot.actuate.autoconfigure.endpoint.web.WebEndpointProperties' (OnClassCondition)

   SpringDocWebMvcConfiguration.SpringDocWebMvcActuatorConfiguration#actuatorProvider:
      Did not match:
         - @ConditionalOnExpression (#{${springdoc.show-actuator:false} or ${springdoc.use-management-port:false}}) resulted in false (OnExpressionCondition)

   SpringDocWebMvcConfiguration.SpringDocWebMvcActuatorConfiguration#openApiActuatorResource:
      Did not match:
         - @ConditionalOnProperty (springdoc.use-management-port) did not find property 'springdoc.use-management-port' (OnPropertyCondition)

   StackdriverMetricsExportAutoConfiguration:
      Did not match:
         - @ConditionalOnClass did not find required class 'io.micrometer.stackdriver.StackdriverMeterRegistry' (OnClassCondition)

   StartupEndpointAutoConfiguration:
      Did not match:
         - ApplicationStartup configured applicationStartup is of type class org.springframework.core.metrics.DefaultApplicationStartup, expected BufferingApplicationStartup. (StartupEndpointAutoConfiguration.ApplicationStartupCondition)

   StatsdMetricsExportAutoConfiguration:
      Did not match:
         - @ConditionalOnClass did not find required class 'io.micrometer.statsd.StatsdMeterRegistry' (OnClassCondition)

   SwaggerConfig#swaggerUiConfigParameters:
      Did not match:
         - @ConditionalOnMissingBean (types: org.springdoc.core.SwaggerUiConfigParameters; SearchStrategy: all) found beans of type 'org.springdoc.core.SwaggerUiConfigParameters' org.springdoc.core.SwaggerUiConfigParameters (OnBeanCondition)

   SwaggerConfig#swaggerUiHome:
      Did not match:
         - @ConditionalOnProperty (springdoc.swagger-ui.use-root-path=true) did not find property 'springdoc.swagger-ui.use-root-path' (OnPropertyCondition)

   SwaggerConfig.SwaggerActuatorWelcomeConfiguration:
      Did not match:
         - @ConditionalOnProperty (springdoc.use-management-port) did not find property 'springdoc.use-management-port' (OnPropertyCondition)
      Matched:
         - @ConditionalOnClass found required class 'org.springframework.boot.actuate.endpoint.web.servlet.WebMvcEndpointHandlerMapping' (OnClassCondition)

   TaskSchedulingAutoConfiguration#taskScheduler:
      Did not match:
         - @ConditionalOnBean (names: org.springframework.context.annotation.internalScheduledAnnotationProcessor; SearchStrategy: all) did not find any beans named org.springframework.context.annotation.internalScheduledAnnotationProcessor (OnBeanCondition)

   ThreadDumpEndpointAutoConfiguration:
      Did not match:
         - @ConditionalOnAvailableEndpoint no 'management.endpoints' property marked it as exposed (OnAvailableEndpointCondition)

   ThymeleafAutoConfiguration:
      Did not match:
         - @ConditionalOnClass did not find required class 'org.thymeleaf.spring5.SpringTemplateEngine' (OnClassCondition)

   TransactionAutoConfiguration#transactionalOperator:
      Did not match:
         - @ConditionalOnSingleCandidate (types: org.springframework.transaction.ReactiveTransactionManager; SearchStrategy: all) did not find any beans (OnBeanCondition)

   TransactionAutoConfiguration.EnableTransactionManagementConfiguration.JdkDynamicAutoProxyConfiguration:
      Did not match:
         - @ConditionalOnProperty (spring.aop.proxy-target-class=false) did not find property 'proxy-target-class' (OnPropertyCondition)

   UserDetailsServiceAutoConfiguration:
      Did not match:
         - @ConditionalOnClass did not find required class 'org.springframework.security.authentication.AuthenticationManager' (OnClassCondition)

   ValidationAutoConfiguration:
      Did not match:
         - @ConditionalOnResource did not find resource 'classpath:META-INF/services/javax.validation.spi.ValidationProvider' (OnResourceCondition)
      Matched:
         - @ConditionalOnClass found required class 'javax.validation.executable.ExecutableValidator' (OnClassCondition)

   WavefrontMetricsExportAutoConfiguration:
      Did not match:
         - @ConditionalOnClass did not find required class 'com.wavefront.sdk.common.WavefrontSender' (OnClassCondition)

   WebClientAutoConfiguration:
      Did not match:
         - @ConditionalOnClass did not find required class 'org.springframework.web.reactive.function.client.WebClient' (OnClassCondition)

   WebClientMetricsConfiguration:
      Did not match:
         - @ConditionalOnClass did not find required class 'org.springframework.web.reactive.function.client.WebClient' (OnClassCondition)

   WebFluxAutoConfiguration:
      Did not match:
         - @ConditionalOnClass did not find required class 'org.springframework.web.reactive.config.WebFluxConfigurer' (OnClassCondition)

   WebFluxEndpointManagementContextConfiguration:
      Did not match:
         - @ConditionalOnClass did not find required class 'org.springframework.web.reactive.DispatcherHandler' (OnClassCondition)

   WebFluxMetricsAutoConfiguration:
      Did not match:
         - @ConditionalOnWebApplication did not find reactive web application classes (OnWebApplicationCondition)

   WebMvcAutoConfiguration:
      Did not match:
         - @ConditionalOnMissingBean (types: org.springframework.web.servlet.config.annotation.WebMvcConfigurationSupport; SearchStrategy: all) found beans of type 'org.springframework.web.servlet.config.annotation.WebMvcConfigurationSupport' org.springframework.web.servlet.config.annotation.DelegatingWebMvcConfiguration (OnBeanCondition)
      Matched:
         - @ConditionalOnClass found required classes 'javax.servlet.Servlet', 'org.springframework.web.servlet.DispatcherServlet', 'org.springframework.web.servlet.config.annotation.WebMvcConfigurer' (OnClassCondition)
         - found 'session' scope (OnWebApplicationCondition)

   WebMvcAutoConfiguration.ResourceChainCustomizerConfiguration:
      Did not match:
         - Ancestor org.springframework.boot.autoconfigure.web.servlet.WebMvcAutoConfiguration did not match (ConditionEvaluationReport.AncestorsMatchedCondition)
      Matched:
         - @ConditionalOnEnabledResourceChain found class org.webjars.WebJarAssetLocator (OnEnabledResourceChainCondition)

   WebMvcEndpointManagementContextConfiguration#managementHealthEndpointWebMvcHandlerMapping:
      Did not match:
         - Management Port actual port type (SAME) did not match required type (DIFFERENT) (OnManagementPortCondition)

   WebServiceTemplateAutoConfiguration:
      Did not match:
         - @ConditionalOnClass did not find required class 'org.springframework.oxm.Marshaller' (OnClassCondition)

   WebServicesAutoConfiguration:
      Did not match:
         - @ConditionalOnClass did not find required class 'org.springframework.ws.transport.http.MessageDispatcherServlet' (OnClassCondition)

   WebSessionIdResolverAutoConfiguration:
      Did not match:
         - @ConditionalOnClass did not find required class 'reactor.core.publisher.Mono' (OnClassCondition)

   WebSocketMessagingAutoConfiguration:
      Did not match:
         - @ConditionalOnClass did not find required class 'org.springframework.web.socket.config.annotation.WebSocketMessageBrokerConfigurer' (OnClassCondition)

   WebSocketReactiveAutoConfiguration:
      Did not match:
         - @ConditionalOnWebApplication did not find reactive web application classes (OnWebApplicationCondition)

   WebSocketServletAutoConfiguration.Jetty10WebSocketConfiguration:
      Did not match:
         - @ConditionalOnClass did not find required classes 'org.eclipse.jetty.websocket.javax.server.internal.JavaxWebSocketServerContainer', 'org.eclipse.jetty.websocket.server.JettyWebSocketServerContainer' (OnClassCondition)

   WebSocketServletAutoConfiguration.JettyWebSocketConfiguration:
      Did not match:
         - @ConditionalOnClass did not find required class 'org.eclipse.jetty.websocket.jsr356.server.deploy.WebSocketServerContainerInitializer' (OnClassCondition)

   WebSocketServletAutoConfiguration.UndertowWebSocketConfiguration:
      Did not match:
         - @ConditionalOnClass did not find required class 'io.undertow.websockets.jsr.Bootstrap' (OnClassCondition)

   XADataSourceAutoConfiguration:
      Did not match:
         - @ConditionalOnBean (types: org.springframework.boot.jdbc.XADataSourceWrapper; SearchStrategy: all) did not find any beans of type org.springframework.boot.jdbc.XADataSourceWrapper (OnBeanCondition)
      Matched:
         - @ConditionalOnClass found required classes 'javax.sql.DataSource', 'javax.transaction.TransactionManager', 'org.springframework.jdbc.datasource.embedded.EmbeddedDatabaseType' (OnClassCondition)


Exclusions:
-----------

    None


Unconditional classes:
----------------------

    org.springframework.boot.autoconfigure.context.ConfigurationPropertiesAutoConfiguration

    org.springframework.boot.actuate.autoconfigure.availability.AvailabilityHealthContributorAutoConfiguration

    org.springframework.boot.actuate.autoconfigure.info.InfoContributorAutoConfiguration

    org.springframework.boot.autoconfigure.context.PropertyPlaceholderAutoConfiguration

    org.springframework.boot.autoconfigure.context.LifecycleAutoConfiguration

    org.springframework.boot.actuate.autoconfigure.health.HealthContributorAutoConfiguration

    org.springframework.boot.actuate.autoconfigure.metrics.integration.IntegrationMetricsAutoConfiguration

    org.springframework.boot.actuate.autoconfigure.endpoint.EndpointAutoConfiguration

    org.springframework.boot.autoconfigure.availability.ApplicationAvailabilityAutoConfiguration

    org.springframework.boot.autoconfigure.info.ProjectInfoAutoConfiguration

    org.springframework.boot.actuate.autoconfigure.web.server.ManagementContextAutoConfiguration


 
2025-01-07 17:15:23.968 ERROR [org.springframework.boot.SpringApplication:824] Application run failed org.springframework.beans.factory.BeanCreationException: Error creating bean with name 'entityManagerFactory' defined in class path resource [org/springframework/boot/autoconfigure/orm/jpa/HibernateJpaConfiguration.class]: Invocation of init method failed; nested exception is org.hibernate.service.spi.ServiceException: Unable to create requested service [org.hibernate.engine.jdbc.env.spi.JdbcEnvironment]
	at org.springframework.beans.factory.support.AbstractAutowireCapableBeanFactory.initializeBean(AbstractAutowireCapableBeanFactory.java:1804)
	at org.springframework.beans.factory.support.AbstractAutowireCapableBeanFactory.doCreateBean(AbstractAutowireCapableBeanFactory.java:620)
	at org.springframework.beans.factory.support.AbstractAutowireCapableBeanFactory.createBean(AbstractAutowireCapableBeanFactory.java:542)
	at org.springframework.beans.factory.support.AbstractBeanFactory.lambda$doGetBean$0(AbstractBeanFactory.java:335)
	at org.springframework.beans.factory.support.DefaultSingletonBeanRegistry.getSingleton(DefaultSingletonBeanRegistry.java:234)
	at org.springframework.beans.factory.support.AbstractBeanFactory.doGetBean(AbstractBeanFactory.java:333)
	at org.springframework.beans.factory.support.AbstractBeanFactory.getBean(AbstractBeanFactory.java:208)
	at org.springframework.context.support.AbstractApplicationContext.getBean(AbstractApplicationContext.java:1154)
	at org.springframework.context.support.AbstractApplicationContext.finishBeanFactoryInitialization(AbstractApplicationContext.java:908)
	at org.springframework.context.support.AbstractApplicationContext.refresh(AbstractApplicationContext.java:583)
	at org.springframework.boot.web.servlet.context.ServletWebServerApplicationContext.refresh(ServletWebServerApplicationContext.java:147)
	at org.springframework.boot.SpringApplication.refresh(SpringApplication.java:734)
	at org.springframework.boot.SpringApplication.refreshContext(SpringApplication.java:408)
	at org.springframework.boot.SpringApplication.run(SpringApplication.java:308)
	at org.springframework.boot.SpringApplication.run(SpringApplication.java:1306)
	at org.springframework.boot.SpringApplication.run(SpringApplication.java:1295)
	at za.co.woolworths.itemkafka_poc.KafkaItemProducerPocApplication.main(KafkaItemProducerPocApplication.java:10)
	at java.base/jdk.internal.reflect.NativeMethodAccessorImpl.invoke0(Native Method)
	at java.base/jdk.internal.reflect.NativeMethodAccessorImpl.invoke(NativeMethodAccessorImpl.java:77)
	at java.base/jdk.internal.reflect.DelegatingMethodAccessorImpl.invoke(DelegatingMethodAccessorImpl.java:43)
	at java.base/java.lang.reflect.Method.invoke(Method.java:568)
	at org.springframework.boot.loader.MainMethodRunner.run(MainMethodRunner.java:49)
	at org.springframework.boot.loader.Launcher.launch(Launcher.java:108)
	at org.springframework.boot.loader.Launcher.launch(Launcher.java:58)
	at org.springframework.boot.loader.JarLauncher.main(JarLauncher.java:65)
Caused by: org.hibernate.service.spi.ServiceException: Unable to create requested service [org.hibernate.engine.jdbc.env.spi.JdbcEnvironment]
	at org.hibernate.service.internal.AbstractServiceRegistryImpl.createService(AbstractServiceRegistryImpl.java:275)
	at org.hibernate.service.internal.AbstractServiceRegistryImpl.initializeService(AbstractServiceRegistryImpl.java:237)
	at org.hibernate.service.internal.AbstractServiceRegistryImpl.getService(AbstractServiceRegistryImpl.java:214)
	at org.hibernate.id.factory.internal.DefaultIdentifierGeneratorFactory.injectServices(DefaultIdentifierGeneratorFactory.java:175)
	at org.hibernate.service.internal.AbstractServiceRegistryImpl.injectDependencies(AbstractServiceRegistryImpl.java:286)
	at org.hibernate.service.internal.AbstractServiceRegistryImpl.initializeService(AbstractServiceRegistryImpl.java:243)
	at org.hibernate.service.internal.AbstractServiceRegistryImpl.getService(AbstractServiceRegistryImpl.java:214)
	at org.hibernate.boot.internal.InFlightMetadataCollectorImpl.<init>(InFlightMetadataCollectorImpl.java:173)
	at org.hibernate.boot.model.process.spi.MetadataBuildingProcess.complete(MetadataBuildingProcess.java:127)
	at org.hibernate.jpa.boot.internal.EntityManagerFactoryBuilderImpl.metadata(EntityManagerFactoryBuilderImpl.java:1460)
	at org.hibernate.jpa.boot.internal.EntityManagerFactoryBuilderImpl.build(EntityManagerFactoryBuilderImpl.java:1494)
	at org.springframework.orm.jpa.vendor.SpringHibernateJpaPersistenceProvider.createContainerEntityManagerFactory(SpringHibernateJpaPersistenceProvider.java:58)
	at org.springframework.orm.jpa.LocalContainerEntityManagerFactoryBean.createNativeEntityManagerFactory(LocalContainerEntityManagerFactoryBean.java:365)
	at org.springframework.orm.jpa.AbstractEntityManagerFactoryBean.buildNativeEntityManagerFactory(AbstractEntityManagerFactoryBean.java:409)
	at org.springframework.orm.jpa.AbstractEntityManagerFactoryBean.afterPropertiesSet(AbstractEntityManagerFactoryBean.java:396)
	at org.springframework.orm.jpa.LocalContainerEntityManagerFactoryBean.afterPropertiesSet(LocalContainerEntityManagerFactoryBean.java:341)
	at org.springframework.beans.factory.support.AbstractAutowireCapableBeanFactory.invokeInitMethods(AbstractAutowireCapableBeanFactory.java:1863)
	at org.springframework.beans.factory.support.AbstractAutowireCapableBeanFactory.initializeBean(AbstractAutowireCapableBeanFactory.java:1800)
	... 24 common frames omitted
Caused by: org.hibernate.HibernateException: Access to DialectResolutionInfo cannot be null when 'hibernate.dialect' not set
	at org.hibernate.engine.jdbc.dialect.internal.DialectFactoryImpl.determineDialect(DialectFactoryImpl.java:100)
	at org.hibernate.engine.jdbc.dialect.internal.DialectFactoryImpl.buildDialect(DialectFactoryImpl.java:54)
	at org.hibernate.engine.jdbc.env.internal.JdbcEnvironmentInitiator.initiateService(JdbcEnvironmentInitiator.java:138)
	at org.hibernate.engine.jdbc.env.internal.JdbcEnvironmentInitiator.initiateService(JdbcEnvironmentInitiator.java:35)
	at org.hibernate.boot.registry.internal.StandardServiceRegistryImpl.initiateService(StandardServiceRegistryImpl.java:101)
	at org.hibernate.service.internal.AbstractServiceRegistryImpl.createService(AbstractServiceRegistryImpl.java:263)
	... 41 common frames omitted

2025-01-07 17:25:39.386  INFO [za.co.woolworths.itemkafka_poc.KafkaItemProducerPocApplication:55] Starting KafkaItemProducerPocApplication using Java 15.0.2 on W49204302 with PID 10388 (C:\Workspaces\Item-Kafka-Producer-POC\Item-Kafka-Producer-POC\target\classes started by W7178930 in C:\Workspaces\Item-Kafka-Producer-POC\Item-Kafka-Producer-POC) 
2025-01-07 17:25:39.389  INFO [za.co.woolworths.itemkafka_poc.KafkaItemProducerPocApplication:640] The following 2 profiles are active: "swagger", "dev" 
2025-01-07 17:25:40.138  INFO [org.springframework.data.repository.config.RepositoryConfigurationDelegate:132] Bootstrapping Spring Data JPA repositories in DEFAULT mode. 
2025-01-07 17:25:40.198  INFO [org.springframework.data.repository.config.RepositoryConfigurationDelegate:201] Finished Spring Data repository scanning in 48 ms. Found 1 JPA repository interfaces. 
2025-01-07 17:25:40.839  INFO [org.springframework.boot.web.embedded.tomcat.TomcatWebServer:108] Tomcat initialized with port(s): 8081 (http) 
2025-01-07 17:25:40.851  INFO [org.apache.coyote.http11.Http11NioProtocol:173] Initializing ProtocolHandler ["http-nio-8081"] 
2025-01-07 17:25:40.852  INFO [org.apache.catalina.core.StandardService:173] Starting service [Tomcat] 
2025-01-07 17:25:40.853  INFO [org.apache.catalina.core.StandardEngine:173] Starting Servlet engine: [Apache Tomcat/9.0.64] 
2025-01-07 17:25:41.016  INFO [org.apache.catalina.core.ContainerBase.[Tomcat].[localhost].[/]:173] Initializing Spring embedded WebApplicationContext 
2025-01-07 17:25:41.017  INFO [org.springframework.boot.web.servlet.context.ServletWebServerApplicationContext:292] Root WebApplicationContext: initialization completed in 1597 ms 
2025-01-07 17:25:41.340  INFO [com.zaxxer.hikari.HikariDataSource:110] HikariPool-1 - Starting... 
2025-01-07 17:25:42.649  INFO [com.zaxxer.hikari.HikariDataSource:123] HikariPool-1 - Start completed. 
2025-01-07 17:25:42.685  INFO [org.hibernate.jpa.internal.util.LogHelper:31] HHH000204: Processing PersistenceUnitInfo [name: default] 
2025-01-07 17:25:42.731  INFO [org.hibernate.Version:44] HHH000412: Hibernate ORM core version 5.6.9.Final 
2025-01-07 17:25:42.901  INFO [org.hibernate.annotations.common.Version:56] HCANN000001: Hibernate Commons Annotations {5.1.2.Final} 
2025-01-07 17:25:43.022  INFO [org.hibernate.dialect.Dialect:175] HHH000400: Using dialect: org.hibernate.dialect.SQLServer2016Dialect 
2025-01-07 17:25:43.522  INFO [org.hibernate.engine.transaction.jta.platform.internal.JtaPlatformInitiator:52] HHH000490: Using JtaPlatform implementation: [org.hibernate.engine.transaction.jta.platform.internal.NoJtaPlatform] 
2025-01-07 17:25:43.527  INFO [org.springframework.orm.jpa.LocalContainerEntityManagerFactoryBean:437] Initialized JPA EntityManagerFactory for persistence unit 'default' 
2025-01-07 17:25:44.018  WARN [org.springframework.boot.autoconfigure.orm.jpa.JpaBaseConfiguration$JpaWebConfiguration:219] spring.jpa.open-in-view is enabled by default. Therefore, database queries may be performed during view rendering. Explicitly configure spring.jpa.open-in-view to disable this warning 
2025-01-07 17:25:44.114 DEBUG [org.springframework.web.servlet.mvc.method.annotation.RequestMappingHandlerMapping:367] 10 mappings in 'requestMappingHandlerMapping' 
2025-01-07 17:25:44.455 DEBUG [org.springframework.web.servlet.handler.SimpleUrlHandlerMapping:188] Patterns [/agent/swagger-ui*/**] in 'resourceHandlerMapping' 
2025-01-07 17:25:44.513 DEBUG [org.springframework.web.servlet.mvc.method.annotation.RequestMappingHandlerAdapter:625] ControllerAdvice beans: 0 @ModelAttribute, 0 @InitBinder, 1 RequestBodyAdvice, 1 ResponseBodyAdvice 
2025-01-07 17:25:44.554 DEBUG [org.springframework.web.servlet.mvc.method.annotation.ExceptionHandlerExceptionResolver:307] ControllerAdvice beans: 1 @ExceptionHandler, 1 ResponseBodyAdvice 
2025-01-07 17:25:45.000  INFO [org.springframework.boot.actuate.endpoint.web.EndpointLinksResolver:58] Exposing 1 endpoint(s) beneath base path '/actuator' 
2025-01-07 17:25:45.144  INFO [org.apache.kafka.clients.consumer.ConsumerConfig:376] ConsumerConfig values: 
	allow.auto.create.topics = true
	auto.commit.interval.ms = 5000
	auto.offset.reset = latest
	bootstrap.servers = [localhost:9092]
	check.crcs = true
	client.dns.lookup = use_all_dns_ips
	client.id = consumer-item_group-1
	client.rack = 
	connections.max.idle.ms = 540000
	default.api.timeout.ms = 60000
	enable.auto.commit = false
	exclude.internal.topics = true
	fetch.max.bytes = 52428800
	fetch.max.wait.ms = 500
	fetch.min.bytes = 1
	group.id = item_group
	group.instance.id = null
	heartbeat.interval.ms = 3000
	interceptor.classes = []
	internal.leave.group.on.close = true
	internal.throw.on.fetch.stable.offset.unsupported = false
	isolation.level = read_uncommitted
	key.deserializer = class org.apache.kafka.common.serialization.StringDeserializer
	max.partition.fetch.bytes = 1048576
	max.poll.interval.ms = 300000
	max.poll.records = 500
	metadata.max.age.ms = 300000
	metric.reporters = []
	metrics.num.samples = 2
	metrics.recording.level = INFO
	metrics.sample.window.ms = 30000
	partition.assignment.strategy = [class org.apache.kafka.clients.consumer.RangeAssignor, class org.apache.kafka.clients.consumer.CooperativeStickyAssignor]
	receive.buffer.bytes = 65536
	reconnect.backoff.max.ms = 1000
	reconnect.backoff.ms = 50
	request.timeout.ms = 30000
	retry.backoff.ms = 100
	sasl.client.callback.handler.class = null
	sasl.jaas.config = null
	sasl.kerberos.kinit.cmd = /usr/bin/kinit
	sasl.kerberos.min.time.before.relogin = 60000
	sasl.kerberos.service.name = null
	sasl.kerberos.ticket.renew.jitter = 0.05
	sasl.kerberos.ticket.renew.window.factor = 0.8
	sasl.login.callback.handler.class = null
	sasl.login.class = null
	sasl.login.connect.timeout.ms = null
	sasl.login.read.timeout.ms = null
	sasl.login.refresh.buffer.seconds = 300
	sasl.login.refresh.min.period.seconds = 60
	sasl.login.refresh.window.factor = 0.8
	sasl.login.refresh.window.jitter = 0.05
	sasl.login.retry.backoff.max.ms = 10000
	sasl.login.retry.backoff.ms = 100
	sasl.mechanism = GSSAPI
	sasl.oauthbearer.clock.skew.seconds = 30
	sasl.oauthbearer.expected.audience = null
	sasl.oauthbearer.expected.issuer = null
	sasl.oauthbearer.jwks.endpoint.refresh.ms = 3600000
	sasl.oauthbearer.jwks.endpoint.retry.backoff.max.ms = 10000
	sasl.oauthbearer.jwks.endpoint.retry.backoff.ms = 100
	sasl.oauthbearer.jwks.endpoint.url = null
	sasl.oauthbearer.scope.claim.name = scope
	sasl.oauthbearer.sub.claim.name = sub
	sasl.oauthbearer.token.endpoint.url = null
	security.protocol = PLAINTEXT
	security.providers = null
	send.buffer.bytes = 131072
	session.timeout.ms = 45000
	socket.connection.setup.timeout.max.ms = 30000
	socket.connection.setup.timeout.ms = 10000
	ssl.cipher.suites = null
	ssl.enabled.protocols = [TLSv1.2, TLSv1.3]
	ssl.endpoint.identification.algorithm = https
	ssl.engine.factory.class = null
	ssl.key.password = null
	ssl.keymanager.algorithm = SunX509
	ssl.keystore.certificate.chain = null
	ssl.keystore.key = null
	ssl.keystore.location = null
	ssl.keystore.password = null
	ssl.keystore.type = JKS
	ssl.protocol = TLSv1.3
	ssl.provider = null
	ssl.secure.random.implementation = null
	ssl.trustmanager.algorithm = PKIX
	ssl.truststore.certificates = null
	ssl.truststore.location = null
	ssl.truststore.password = null
	ssl.truststore.type = JKS
	value.deserializer = class org.apache.kafka.common.serialization.StringDeserializer
 
2025-01-07 17:25:45.329  INFO [org.apache.kafka.common.utils.AppInfoParser:119] Kafka version: 3.1.1 
2025-01-07 17:25:45.329  INFO [org.apache.kafka.common.utils.AppInfoParser:120] Kafka commitId: 97671528ba54a138 
2025-01-07 17:25:45.329  INFO [org.apache.kafka.common.utils.AppInfoParser:121] Kafka startTimeMs: 1736263545328 
2025-01-07 17:25:45.347  INFO [org.apache.kafka.clients.consumer.KafkaConsumer:966] [Consumer clientId=consumer-item_group-1, groupId=item_group] Subscribed to topic(s): Item_Topic 
2025-01-07 17:25:45.363  INFO [org.apache.coyote.http11.Http11NioProtocol:173] Starting ProtocolHandler ["http-nio-8081"] 
2025-01-07 17:25:45.380  INFO [org.springframework.boot.web.embedded.tomcat.TomcatWebServer:220] Tomcat started on port(s): 8081 (http) with context path '' 
2025-01-07 17:25:45.396  INFO [za.co.woolworths.itemkafka_poc.KafkaItemProducerPocApplication:61] Started KafkaItemProducerPocApplication in 6.307 seconds (JVM running for 6.571) 
2025-01-07 17:25:45.686  INFO [org.apache.kafka.clients.Metadata:402] [Consumer clientId=consumer-item_group-1, groupId=item_group] Resetting the last seen epoch of partition Item_Topic-0 to 0 since the associated topicId changed from null to lncACV4PTO-QzmY7TGKExg 
2025-01-07 17:25:45.688  INFO [org.apache.kafka.clients.Metadata:287] [Consumer clientId=consumer-item_group-1, groupId=item_group] Cluster ID: IdFmegt5SVqKpmFnoQXPDA 
2025-01-07 17:25:45.689  INFO [org.apache.kafka.clients.consumer.internals.ConsumerCoordinator:853] [Consumer clientId=consumer-item_group-1, groupId=item_group] Discovered group coordinator localhost:9092 (id: 2147483647 rack: null) 
2025-01-07 17:25:45.691  INFO [org.apache.kafka.clients.consumer.internals.ConsumerCoordinator:535] [Consumer clientId=consumer-item_group-1, groupId=item_group] (Re-)joining group 
2025-01-07 17:25:45.702  INFO [org.apache.kafka.clients.consumer.internals.ConsumerCoordinator:1000] [Consumer clientId=consumer-item_group-1, groupId=item_group] Request joining group due to: need to re-join with the given member-id 
2025-01-07 17:25:45.703  INFO [org.apache.kafka.clients.consumer.internals.ConsumerCoordinator:535] [Consumer clientId=consumer-item_group-1, groupId=item_group] (Re-)joining group 
2025-01-07 17:25:45.705  INFO [org.apache.kafka.clients.consumer.internals.ConsumerCoordinator:595] [Consumer clientId=consumer-item_group-1, groupId=item_group] Successfully joined group with generation Generation{generationId=39, memberId='consumer-item_group-1-835be441-a9ef-41e7-b959-4e7306802517', protocol='range'} 
2025-01-07 17:25:45.707  INFO [org.apache.kafka.clients.consumer.internals.ConsumerCoordinator:654] [Consumer clientId=consumer-item_group-1, groupId=item_group] Finished assignment for group at generation 39: {consumer-item_group-1-835be441-a9ef-41e7-b959-4e7306802517=Assignment(partitions=[Item_Topic-0])} 
2025-01-07 17:25:45.712  INFO [org.apache.kafka.clients.consumer.internals.ConsumerCoordinator:761] [Consumer clientId=consumer-item_group-1, groupId=item_group] Successfully synced group in generation Generation{generationId=39, memberId='consumer-item_group-1-835be441-a9ef-41e7-b959-4e7306802517', protocol='range'} 
2025-01-07 17:25:45.713  INFO [org.apache.kafka.clients.consumer.internals.ConsumerCoordinator:279] [Consumer clientId=consumer-item_group-1, groupId=item_group] Notifying assignor about the new Assignment(partitions=[Item_Topic-0]) 
2025-01-07 17:25:45.715  INFO [org.apache.kafka.clients.consumer.internals.ConsumerCoordinator:291] [Consumer clientId=consumer-item_group-1, groupId=item_group] Adding newly assigned partitions: Item_Topic-0 
2025-01-07 17:25:45.723  INFO [org.apache.kafka.clients.consumer.internals.ConsumerCoordinator:846] [Consumer clientId=consumer-item_group-1, groupId=item_group] Setting offset for partition Item_Topic-0 to the committed offset FetchPosition{offset=1566, offsetEpoch=Optional.empty, currentLeader=LeaderAndEpoch{leader=Optional[localhost:9092 (id: 0 rack: null)], epoch=0}} 
2025-01-07 17:25:45.724  INFO [org.springframework.kafka.listener.KafkaMessageListenerContainer:292] item_group: partitions assigned: [Item_Topic-0] 
2025-01-07 17:25:55.443  INFO [org.apache.catalina.core.ContainerBase.[Tomcat].[localhost].[/]:173] Initializing Spring DispatcherServlet 'dispatcherServlet' 
2025-01-07 17:25:55.443  INFO [org.springframework.web.servlet.DispatcherServlet:525] Initializing Servlet 'dispatcherServlet' 
2025-01-07 17:25:55.444 DEBUG [org.springframework.web.servlet.DispatcherServlet:520] Detected StandardServletMultipartResolver 
2025-01-07 17:25:55.444 DEBUG [org.springframework.web.servlet.DispatcherServlet:544] Detected AcceptHeaderLocaleResolver 
2025-01-07 17:25:55.444 DEBUG [org.springframework.web.servlet.DispatcherServlet:569] Detected FixedThemeResolver 
2025-01-07 17:25:55.444 DEBUG [org.springframework.web.servlet.DispatcherServlet:719] Detected org.springframework.web.servlet.view.DefaultRequestToViewNameTranslator@18f794e 
2025-01-07 17:25:55.444 DEBUG [org.springframework.web.servlet.DispatcherServlet:783] Detected org.springframework.web.servlet.support.SessionFlashMapManager@1e733bb5 
2025-01-07 17:25:55.445 DEBUG [org.springframework.web.servlet.DispatcherServlet:542] enableLoggingRequestDetails='false': request parameters and headers will be masked to prevent unsafe logging of potentially sensitive data 
2025-01-07 17:25:55.445  INFO [org.springframework.web.servlet.DispatcherServlet:547] Completed initialization in 2 ms 
2025-01-07 17:25:55.449 DEBUG [org.springframework.web.servlet.DispatcherServlet:119] POST "/item-kafka/app/publish-items/v1", parameters={} 
2025-01-07 17:25:55.453 DEBUG [org.springframework.web.servlet.mvc.method.annotation.RequestMappingHandlerMapping:522] Mapped to za.co.woolworths.itemkafka_poc.controller.ItemProducerController#createItemKafkaTopic() 
2025-01-07 17:25:55.932  INFO [org.apache.kafka.clients.producer.ProducerConfig:376] ProducerConfig values: 
	acks = -1
	batch.size = 16384
	bootstrap.servers = [localhost:9092]
	buffer.memory = 33554432
	client.dns.lookup = use_all_dns_ips
	client.id = producer-1
	compression.type = none
	connections.max.idle.ms = 540000
	delivery.timeout.ms = 120000
	enable.idempotence = true
	interceptor.classes = []
	key.serializer = class org.apache.kafka.common.serialization.StringSerializer
	linger.ms = 0
	max.block.ms = 60000
	max.in.flight.requests.per.connection = 5
	max.request.size = 1048576
	metadata.max.age.ms = 300000
	metadata.max.idle.ms = 300000
	metric.reporters = []
	metrics.num.samples = 2
	metrics.recording.level = INFO
	metrics.sample.window.ms = 30000
	partitioner.class = class org.apache.kafka.clients.producer.internals.DefaultPartitioner
	receive.buffer.bytes = 32768
	reconnect.backoff.max.ms = 1000
	reconnect.backoff.ms = 50
	request.timeout.ms = 120000
	retries = 3
	retry.backoff.ms = 100
	sasl.client.callback.handler.class = null
	sasl.jaas.config = null
	sasl.kerberos.kinit.cmd = /usr/bin/kinit
	sasl.kerberos.min.time.before.relogin = 60000
	sasl.kerberos.service.name = null
	sasl.kerberos.ticket.renew.jitter = 0.05
	sasl.kerberos.ticket.renew.window.factor = 0.8
	sasl.login.callback.handler.class = null
	sasl.login.class = null
	sasl.login.connect.timeout.ms = null
	sasl.login.read.timeout.ms = null
	sasl.login.refresh.buffer.seconds = 300
	sasl.login.refresh.min.period.seconds = 60
	sasl.login.refresh.window.factor = 0.8
	sasl.login.refresh.window.jitter = 0.05
	sasl.login.retry.backoff.max.ms = 10000
	sasl.login.retry.backoff.ms = 100
	sasl.mechanism = GSSAPI
	sasl.oauthbearer.clock.skew.seconds = 30
	sasl.oauthbearer.expected.audience = null
	sasl.oauthbearer.expected.issuer = null
	sasl.oauthbearer.jwks.endpoint.refresh.ms = 3600000
	sasl.oauthbearer.jwks.endpoint.retry.backoff.max.ms = 10000
	sasl.oauthbearer.jwks.endpoint.retry.backoff.ms = 100
	sasl.oauthbearer.jwks.endpoint.url = null
	sasl.oauthbearer.scope.claim.name = scope
	sasl.oauthbearer.sub.claim.name = sub
	sasl.oauthbearer.token.endpoint.url = null
	security.protocol = PLAINTEXT
	security.providers = null
	send.buffer.bytes = 131072
	socket.connection.setup.timeout.max.ms = 30000
	socket.connection.setup.timeout.ms = 10000
	ssl.cipher.suites = null
	ssl.enabled.protocols = [TLSv1.2, TLSv1.3]
	ssl.endpoint.identification.algorithm = https
	ssl.engine.factory.class = null
	ssl.key.password = null
	ssl.keymanager.algorithm = SunX509
	ssl.keystore.certificate.chain = null
	ssl.keystore.key = null
	ssl.keystore.location = null
	ssl.keystore.password = null
	ssl.keystore.type = JKS
	ssl.protocol = TLSv1.3
	ssl.provider = null
	ssl.secure.random.implementation = null
	ssl.trustmanager.algorithm = PKIX
	ssl.truststore.certificates = null
	ssl.truststore.location = null
	ssl.truststore.password = null
	ssl.truststore.type = JKS
	transaction.timeout.ms = 60000
	transactional.id = null
	value.serializer = class org.apache.kafka.common.serialization.StringSerializer
 
2025-01-07 17:25:55.937  INFO [org.apache.kafka.clients.producer.KafkaProducer:572] [Producer clientId=producer-1] Instantiated an idempotent producer. 
2025-01-07 17:25:55.946  INFO [org.apache.kafka.common.utils.AppInfoParser:119] Kafka version: 3.1.1 
2025-01-07 17:25:55.947  INFO [org.apache.kafka.common.utils.AppInfoParser:120] Kafka commitId: 97671528ba54a138 
2025-01-07 17:25:55.951  INFO [org.apache.kafka.common.utils.AppInfoParser:121] Kafka startTimeMs: 1736263555946 
2025-01-07 17:25:55.955  INFO [org.apache.kafka.clients.Metadata:287] [Producer clientId=producer-1] Cluster ID: IdFmegt5SVqKpmFnoQXPDA 
2025-01-07 17:25:55.956  INFO [org.apache.kafka.clients.producer.internals.TransactionManager:554] [Producer clientId=producer-1] ProducerId set to 2004 with epoch 0 
2025-01-07 17:25:55.961  INFO [org.apache.kafka.clients.Metadata:402] [Producer clientId=producer-1] Resetting the last seen epoch of partition Item_Topic-0 to 0 since the associated topicId changed from null to lncACV4PTO-QzmY7TGKExg 
2025-01-07 17:25:55.999 DEBUG [org.springframework.web.servlet.mvc.method.annotation.RequestResponseBodyMethodProcessor:268] Using 'application/text', given [application/text] and supported [application/text] 
2025-01-07 17:25:56.000 DEBUG [org.springframework.web.servlet.mvc.method.annotation.RequestResponseBodyMethodProcessor:119] Writing ["Items sent to Kafka Topic successfully!"] 
2025-01-07 17:25:56.007 DEBUG [org.springframework.web.servlet.DispatcherServlet:1131] Completed 200 OK 
2025-01-07 17:34:45.997  INFO [org.apache.kafka.clients.NetworkClient:935] [Consumer clientId=consumer-item_group-1, groupId=item_group] Node -1 disconnected. 
2025-01-07 17:34:55.974  INFO [org.apache.kafka.clients.NetworkClient:935] [Producer clientId=producer-1] Node -1 disconnected. 
2025-01-07 17:51:15.973  INFO [org.apache.kafka.clients.consumer.internals.ConsumerCoordinator:310] [Consumer clientId=consumer-item_group-1, groupId=item_group] Revoke previously assigned partitions Item_Topic-0 
2025-01-07 17:51:15.974  INFO [org.springframework.kafka.listener.KafkaMessageListenerContainer:292] item_group: partitions revoked: [Item_Topic-0] 
2025-01-07 17:51:15.974  INFO [org.apache.kafka.clients.consumer.internals.ConsumerCoordinator:1060] [Consumer clientId=consumer-item_group-1, groupId=item_group] Member consumer-item_group-1-835be441-a9ef-41e7-b959-4e7306802517 sending LeaveGroup request to coordinator localhost:9092 (id: 2147483647 rack: null) due to the consumer unsubscribed from all topics 
2025-01-07 17:51:15.975  INFO [org.apache.kafka.clients.consumer.internals.ConsumerCoordinator:972] [Consumer clientId=consumer-item_group-1, groupId=item_group] Resetting generation due to: consumer pro-actively leaving the group 
2025-01-07 17:51:15.975  INFO [org.apache.kafka.clients.consumer.internals.ConsumerCoordinator:1000] [Consumer clientId=consumer-item_group-1, groupId=item_group] Request joining group due to: consumer pro-actively leaving the group 
2025-01-07 17:51:15.975  INFO [org.apache.kafka.clients.consumer.KafkaConsumer:1075] [Consumer clientId=consumer-item_group-1, groupId=item_group] Unsubscribed all topics or patterns and assigned partitions 
2025-01-07 17:51:15.975  INFO [org.apache.kafka.clients.consumer.internals.ConsumerCoordinator:972] [Consumer clientId=consumer-item_group-1, groupId=item_group] Resetting generation due to: consumer pro-actively leaving the group 
2025-01-07 17:51:15.976  INFO [org.apache.kafka.clients.consumer.internals.ConsumerCoordinator:1000] [Consumer clientId=consumer-item_group-1, groupId=item_group] Request joining group due to: consumer pro-actively leaving the group 
2025-01-07 17:51:15.981  INFO [org.apache.kafka.common.metrics.Metrics:659] Metrics scheduler closed 
2025-01-07 17:51:15.982  INFO [org.apache.kafka.common.metrics.Metrics:663] Closing reporter org.apache.kafka.common.metrics.JmxReporter 
2025-01-07 17:51:15.982  INFO [org.apache.kafka.common.metrics.Metrics:669] Metrics reporters closed 
2025-01-07 17:51:15.986  INFO [org.apache.kafka.common.utils.AppInfoParser:83] App info kafka.consumer for consumer-item_group-1 unregistered 
2025-01-07 17:51:15.986  INFO [org.springframework.kafka.listener.KafkaMessageListenerContainer:292] item_group: Consumer stopped 
2025-01-07 17:51:15.990  INFO [org.apache.kafka.clients.producer.KafkaProducer:1249] [Producer clientId=producer-1] Closing the Kafka producer with timeoutMillis = 30000 ms. 
2025-01-07 17:51:15.993  INFO [org.apache.kafka.common.metrics.Metrics:659] Metrics scheduler closed 
2025-01-07 17:51:15.994  INFO [org.apache.kafka.common.metrics.Metrics:663] Closing reporter org.apache.kafka.common.metrics.JmxReporter 
2025-01-07 17:51:15.994  INFO [org.apache.kafka.common.metrics.Metrics:669] Metrics reporters closed 
2025-01-07 17:51:15.994  INFO [org.apache.kafka.common.utils.AppInfoParser:83] App info kafka.producer for producer-1 unregistered 
2025-01-07 17:51:15.995  INFO [org.springframework.orm.jpa.LocalContainerEntityManagerFactoryBean:651] Closing JPA EntityManagerFactory for persistence unit 'default' 
2025-01-07 17:51:15.998  INFO [com.zaxxer.hikari.HikariDataSource:350] HikariPool-1 - Shutdown initiated... 
2025-01-07 17:51:16.001  INFO [com.zaxxer.hikari.HikariDataSource:352] HikariPool-1 - Shutdown completed. 
