2025-01-13 16:00:44.689  INFO [za.co.woolworths.itemkafka_poc.KafkaItemProducerPocApplication:55] Starting KafkaItemProducerPocApplication using Java 15.0.2 on W49204302 with PID 10664 (C:\Workspaces\Item-Kafka-Producer-POC\Item-Kafka-Producer-POC\target\classes started by W7178930 in C:\Workspaces\Item-Kafka-Producer-POC\Item-Kafka-Producer-POC) 
2025-01-13 16:00:44.691  INFO [za.co.woolworths.itemkafka_poc.KafkaItemProducerPocApplication:640] The following 2 profiles are active: "swagger", "dev" 
2025-01-13 16:00:45.643  INFO [org.springframework.data.repository.config.RepositoryConfigurationDelegate:132] Bootstrapping Spring Data JPA repositories in DEFAULT mode. 
2025-01-13 16:00:45.707  INFO [org.springframework.data.repository.config.RepositoryConfigurationDelegate:201] Finished Spring Data repository scanning in 51 ms. Found 1 JPA repository interfaces. 
2025-01-13 16:00:46.609  INFO [org.springframework.boot.web.embedded.tomcat.TomcatWebServer:108] Tomcat initialized with port(s): 8081 (http) 
2025-01-13 16:00:46.620  INFO [org.apache.coyote.http11.Http11NioProtocol:173] Initializing ProtocolHandler ["http-nio-8081"] 
2025-01-13 16:00:46.621  INFO [org.apache.catalina.core.StandardService:173] Starting service [Tomcat] 
2025-01-13 16:00:46.621  INFO [org.apache.catalina.core.StandardEngine:173] Starting Servlet engine: [Apache Tomcat/9.0.64] 
2025-01-13 16:00:46.745  INFO [org.apache.catalina.core.ContainerBase.[Tomcat].[localhost].[/]:173] Initializing Spring embedded WebApplicationContext 
2025-01-13 16:00:46.746  INFO [org.springframework.boot.web.servlet.context.ServletWebServerApplicationContext:292] Root WebApplicationContext: initialization completed in 2003 ms 
2025-01-13 16:00:47.219  INFO [com.zaxxer.hikari.HikariDataSource:110] HikariPool-1 - Starting... 
2025-01-13 16:00:48.137  INFO [com.zaxxer.hikari.HikariDataSource:123] HikariPool-1 - Start completed. 
2025-01-13 16:00:48.179  INFO [org.hibernate.jpa.internal.util.LogHelper:31] HHH000204: Processing PersistenceUnitInfo [name: default] 
2025-01-13 16:00:48.229  INFO [org.hibernate.Version:44] HHH000412: Hibernate ORM core version 5.6.9.Final 
2025-01-13 16:00:48.428  INFO [org.hibernate.annotations.common.Version:56] HCANN000001: Hibernate Commons Annotations {5.1.2.Final} 
2025-01-13 16:00:48.549  INFO [org.hibernate.dialect.Dialect:175] HHH000400: Using dialect: org.hibernate.dialect.SQLServer2016Dialect 
2025-01-13 16:00:49.269  INFO [org.hibernate.engine.transaction.jta.platform.internal.JtaPlatformInitiator:52] HHH000490: Using JtaPlatform implementation: [org.hibernate.engine.transaction.jta.platform.internal.NoJtaPlatform] 
2025-01-13 16:00:49.284  INFO [org.springframework.orm.jpa.LocalContainerEntityManagerFactoryBean:437] Initialized JPA EntityManagerFactory for persistence unit 'default' 
2025-01-13 16:00:50.417  WARN [org.springframework.boot.autoconfigure.orm.jpa.JpaBaseConfiguration$JpaWebConfiguration:219] spring.jpa.open-in-view is enabled by default. Therefore, database queries may be performed during view rendering. Explicitly configure spring.jpa.open-in-view to disable this warning 
2025-01-13 16:00:50.578 DEBUG [org.springframework.web.servlet.mvc.method.annotation.RequestMappingHandlerMapping:367] 10 mappings in 'requestMappingHandlerMapping' 
2025-01-13 16:00:51.189 DEBUG [org.springframework.web.servlet.handler.SimpleUrlHandlerMapping:188] Patterns [/agent/swagger-ui*/**] in 'resourceHandlerMapping' 
2025-01-13 16:00:51.274 DEBUG [org.springframework.web.servlet.mvc.method.annotation.RequestMappingHandlerAdapter:625] ControllerAdvice beans: 0 @ModelAttribute, 0 @InitBinder, 1 RequestBodyAdvice, 1 ResponseBodyAdvice 
2025-01-13 16:00:51.349 DEBUG [org.springframework.web.servlet.mvc.method.annotation.ExceptionHandlerExceptionResolver:307] ControllerAdvice beans: 1 @ExceptionHandler, 1 ResponseBodyAdvice 
2025-01-13 16:00:51.829  INFO [org.springframework.boot.actuate.endpoint.web.EndpointLinksResolver:58] Exposing 1 endpoint(s) beneath base path '/actuator' 
2025-01-13 16:00:52.001  INFO [org.apache.kafka.clients.consumer.ConsumerConfig:376] ConsumerConfig values: 
	allow.auto.create.topics = true
	auto.commit.interval.ms = 5000
	auto.offset.reset = latest
	bootstrap.servers = [localhost:9092]
	check.crcs = true
	client.dns.lookup = use_all_dns_ips
	client.id = consumer-item_group-1
	client.rack = 
	connections.max.idle.ms = 540000
	default.api.timeout.ms = 60000
	enable.auto.commit = false
	exclude.internal.topics = true
	fetch.max.bytes = 52428800
	fetch.max.wait.ms = 500
	fetch.min.bytes = 1
	group.id = item_group
	group.instance.id = null
	heartbeat.interval.ms = 3000
	interceptor.classes = []
	internal.leave.group.on.close = true
	internal.throw.on.fetch.stable.offset.unsupported = false
	isolation.level = read_uncommitted
	key.deserializer = class org.apache.kafka.common.serialization.StringDeserializer
	max.partition.fetch.bytes = 1048576
	max.poll.interval.ms = 300000
	max.poll.records = 500
	metadata.max.age.ms = 300000
	metric.reporters = []
	metrics.num.samples = 2
	metrics.recording.level = INFO
	metrics.sample.window.ms = 30000
	partition.assignment.strategy = [class org.apache.kafka.clients.consumer.RangeAssignor, class org.apache.kafka.clients.consumer.CooperativeStickyAssignor]
	receive.buffer.bytes = 65536
	reconnect.backoff.max.ms = 1000
	reconnect.backoff.ms = 50
	request.timeout.ms = 30000
	retry.backoff.ms = 100
	sasl.client.callback.handler.class = null
	sasl.jaas.config = null
	sasl.kerberos.kinit.cmd = /usr/bin/kinit
	sasl.kerberos.min.time.before.relogin = 60000
	sasl.kerberos.service.name = null
	sasl.kerberos.ticket.renew.jitter = 0.05
	sasl.kerberos.ticket.renew.window.factor = 0.8
	sasl.login.callback.handler.class = null
	sasl.login.class = null
	sasl.login.connect.timeout.ms = null
	sasl.login.read.timeout.ms = null
	sasl.login.refresh.buffer.seconds = 300
	sasl.login.refresh.min.period.seconds = 60
	sasl.login.refresh.window.factor = 0.8
	sasl.login.refresh.window.jitter = 0.05
	sasl.login.retry.backoff.max.ms = 10000
	sasl.login.retry.backoff.ms = 100
	sasl.mechanism = GSSAPI
	sasl.oauthbearer.clock.skew.seconds = 30
	sasl.oauthbearer.expected.audience = null
	sasl.oauthbearer.expected.issuer = null
	sasl.oauthbearer.jwks.endpoint.refresh.ms = 3600000
	sasl.oauthbearer.jwks.endpoint.retry.backoff.max.ms = 10000
	sasl.oauthbearer.jwks.endpoint.retry.backoff.ms = 100
	sasl.oauthbearer.jwks.endpoint.url = null
	sasl.oauthbearer.scope.claim.name = scope
	sasl.oauthbearer.sub.claim.name = sub
	sasl.oauthbearer.token.endpoint.url = null
	security.protocol = PLAINTEXT
	security.providers = null
	send.buffer.bytes = 131072
	session.timeout.ms = 45000
	socket.connection.setup.timeout.max.ms = 30000
	socket.connection.setup.timeout.ms = 10000
	ssl.cipher.suites = null
	ssl.enabled.protocols = [TLSv1.2, TLSv1.3]
	ssl.endpoint.identification.algorithm = https
	ssl.engine.factory.class = null
	ssl.key.password = null
	ssl.keymanager.algorithm = SunX509
	ssl.keystore.certificate.chain = null
	ssl.keystore.key = null
	ssl.keystore.location = null
	ssl.keystore.password = null
	ssl.keystore.type = JKS
	ssl.protocol = TLSv1.3
	ssl.provider = null
	ssl.secure.random.implementation = null
	ssl.trustmanager.algorithm = PKIX
	ssl.truststore.certificates = null
	ssl.truststore.location = null
	ssl.truststore.password = null
	ssl.truststore.type = JKS
	value.deserializer = class org.apache.kafka.common.serialization.StringDeserializer
 
2025-01-13 16:00:52.255  INFO [org.apache.kafka.common.utils.AppInfoParser:119] Kafka version: 3.1.1 
2025-01-13 16:00:52.256  INFO [org.apache.kafka.common.utils.AppInfoParser:120] Kafka commitId: 97671528ba54a138 
2025-01-13 16:00:52.257  INFO [org.apache.kafka.common.utils.AppInfoParser:121] Kafka startTimeMs: 1736776852253 
2025-01-13 16:00:52.288  INFO [org.apache.kafka.clients.consumer.KafkaConsumer:966] [Consumer clientId=consumer-item_group-1, groupId=item_group] Subscribed to topic(s): Item_Topic 
2025-01-13 16:00:52.315  INFO [org.apache.coyote.http11.Http11NioProtocol:173] Starting ProtocolHandler ["http-nio-8081"] 
2025-01-13 16:00:52.336  INFO [org.springframework.boot.web.embedded.tomcat.TomcatWebServer:220] Tomcat started on port(s): 8081 (http) with context path '' 
2025-01-13 16:00:52.362  INFO [za.co.woolworths.itemkafka_poc.KafkaItemProducerPocApplication:61] Started KafkaItemProducerPocApplication in 8.336 seconds (JVM running for 9.086) 
2025-01-13 16:00:54.701  INFO [org.apache.kafka.clients.NetworkClient:935] [Consumer clientId=consumer-item_group-1, groupId=item_group] Node -1 disconnected. 
2025-01-13 16:00:54.704  WARN [org.apache.kafka.clients.NetworkClient:775] [Consumer clientId=consumer-item_group-1, groupId=item_group] Connection to node -1 (localhost/127.0.0.1:9092) could not be established. Broker may not be available. 
2025-01-13 16:00:54.705  WARN [org.apache.kafka.clients.NetworkClient:1063] [Consumer clientId=consumer-item_group-1, groupId=item_group] Bootstrap broker localhost:9092 (id: -1 rack: null) disconnected 
2025-01-13 16:00:56.875  INFO [org.apache.kafka.clients.NetworkClient:935] [Consumer clientId=consumer-item_group-1, groupId=item_group] Node -1 disconnected. 
2025-01-13 16:00:56.876  WARN [org.apache.kafka.clients.NetworkClient:775] [Consumer clientId=consumer-item_group-1, groupId=item_group] Connection to node -1 (localhost/127.0.0.1:9092) could not be established. Broker may not be available. 
2025-01-13 16:00:56.877  WARN [org.apache.kafka.clients.NetworkClient:1063] [Consumer clientId=consumer-item_group-1, groupId=item_group] Bootstrap broker localhost:9092 (id: -1 rack: null) disconnected 
2025-01-13 16:00:59.018  INFO [org.apache.kafka.clients.NetworkClient:935] [Consumer clientId=consumer-item_group-1, groupId=item_group] Node -1 disconnected. 
2025-01-13 16:00:59.019  WARN [org.apache.kafka.clients.NetworkClient:775] [Consumer clientId=consumer-item_group-1, groupId=item_group] Connection to node -1 (localhost/127.0.0.1:9092) could not be established. Broker may not be available. 
2025-01-13 16:00:59.020  WARN [org.apache.kafka.clients.NetworkClient:1063] [Consumer clientId=consumer-item_group-1, groupId=item_group] Bootstrap broker localhost:9092 (id: -1 rack: null) disconnected 
2025-01-13 16:01:01.283  INFO [org.apache.kafka.clients.NetworkClient:935] [Consumer clientId=consumer-item_group-1, groupId=item_group] Node -1 disconnected. 
2025-01-13 16:01:01.285  WARN [org.apache.kafka.clients.NetworkClient:775] [Consumer clientId=consumer-item_group-1, groupId=item_group] Connection to node -1 (localhost/127.0.0.1:9092) could not be established. Broker may not be available. 
2025-01-13 16:01:01.286  WARN [org.apache.kafka.clients.NetworkClient:1063] [Consumer clientId=consumer-item_group-1, groupId=item_group] Bootstrap broker localhost:9092 (id: -1 rack: null) disconnected 
2025-01-13 16:01:03.760  INFO [org.apache.kafka.clients.NetworkClient:935] [Consumer clientId=consumer-item_group-1, groupId=item_group] Node -1 disconnected. 
2025-01-13 16:01:03.761  WARN [org.apache.kafka.clients.NetworkClient:775] [Consumer clientId=consumer-item_group-1, groupId=item_group] Connection to node -1 (localhost/127.0.0.1:9092) could not be established. Broker may not be available. 
2025-01-13 16:01:03.761  WARN [org.apache.kafka.clients.NetworkClient:1063] [Consumer clientId=consumer-item_group-1, groupId=item_group] Bootstrap broker localhost:9092 (id: -1 rack: null) disconnected 
2025-01-13 16:01:06.706  INFO [org.apache.kafka.clients.NetworkClient:935] [Consumer clientId=consumer-item_group-1, groupId=item_group] Node -1 disconnected. 
2025-01-13 16:01:06.706  WARN [org.apache.kafka.clients.NetworkClient:775] [Consumer clientId=consumer-item_group-1, groupId=item_group] Connection to node -1 (localhost/127.0.0.1:9092) could not be established. Broker may not be available. 
2025-01-13 16:01:06.707  WARN [org.apache.kafka.clients.NetworkClient:1063] [Consumer clientId=consumer-item_group-1, groupId=item_group] Bootstrap broker localhost:9092 (id: -1 rack: null) disconnected 
2025-01-13 16:01:09.558  INFO [org.apache.kafka.clients.NetworkClient:935] [Consumer clientId=consumer-item_group-1, groupId=item_group] Node -1 disconnected. 
2025-01-13 16:01:09.559  WARN [org.apache.kafka.clients.NetworkClient:775] [Consumer clientId=consumer-item_group-1, groupId=item_group] Connection to node -1 (localhost/127.0.0.1:9092) could not be established. Broker may not be available. 
2025-01-13 16:01:09.560  WARN [org.apache.kafka.clients.NetworkClient:1063] [Consumer clientId=consumer-item_group-1, groupId=item_group] Bootstrap broker localhost:9092 (id: -1 rack: null) disconnected 
2025-01-13 16:01:12.712  INFO [org.apache.kafka.clients.NetworkClient:935] [Consumer clientId=consumer-item_group-1, groupId=item_group] Node -1 disconnected. 
2025-01-13 16:01:12.713  WARN [org.apache.kafka.clients.NetworkClient:775] [Consumer clientId=consumer-item_group-1, groupId=item_group] Connection to node -1 (localhost/127.0.0.1:9092) could not be established. Broker may not be available. 
2025-01-13 16:01:12.714  WARN [org.apache.kafka.clients.NetworkClient:1063] [Consumer clientId=consumer-item_group-1, groupId=item_group] Bootstrap broker localhost:9092 (id: -1 rack: null) disconnected 
2025-01-13 16:01:15.735  INFO [org.apache.kafka.clients.NetworkClient:935] [Consumer clientId=consumer-item_group-1, groupId=item_group] Node -1 disconnected. 
2025-01-13 16:01:15.738  WARN [org.apache.kafka.clients.NetworkClient:775] [Consumer clientId=consumer-item_group-1, groupId=item_group] Connection to node -1 (localhost/127.0.0.1:9092) could not be established. Broker may not be available. 
2025-01-13 16:01:15.739  WARN [org.apache.kafka.clients.NetworkClient:1063] [Consumer clientId=consumer-item_group-1, groupId=item_group] Bootstrap broker localhost:9092 (id: -1 rack: null) disconnected 
2025-01-13 16:01:19.029  INFO [org.apache.kafka.clients.NetworkClient:935] [Consumer clientId=consumer-item_group-1, groupId=item_group] Node -1 disconnected. 
2025-01-13 16:01:19.031  WARN [org.apache.kafka.clients.NetworkClient:775] [Consumer clientId=consumer-item_group-1, groupId=item_group] Connection to node -1 (localhost/127.0.0.1:9092) could not be established. Broker may not be available. 
2025-01-13 16:01:19.032  WARN [org.apache.kafka.clients.NetworkClient:1063] [Consumer clientId=consumer-item_group-1, groupId=item_group] Bootstrap broker localhost:9092 (id: -1 rack: null) disconnected 
2025-01-13 16:01:22.160  INFO [org.apache.kafka.clients.NetworkClient:935] [Consumer clientId=consumer-item_group-1, groupId=item_group] Node -1 disconnected. 
2025-01-13 16:01:22.160  WARN [org.apache.kafka.clients.NetworkClient:775] [Consumer clientId=consumer-item_group-1, groupId=item_group] Connection to node -1 (localhost/127.0.0.1:9092) could not be established. Broker may not be available. 
2025-01-13 16:01:22.162  WARN [org.apache.kafka.clients.NetworkClient:1063] [Consumer clientId=consumer-item_group-1, groupId=item_group] Bootstrap broker localhost:9092 (id: -1 rack: null) disconnected 
2025-01-13 16:01:25.044  INFO [org.apache.kafka.clients.NetworkClient:935] [Consumer clientId=consumer-item_group-1, groupId=item_group] Node -1 disconnected. 
2025-01-13 16:01:25.045  WARN [org.apache.kafka.clients.NetworkClient:775] [Consumer clientId=consumer-item_group-1, groupId=item_group] Connection to node -1 (localhost/127.0.0.1:9092) could not be established. Broker may not be available. 
2025-01-13 16:01:25.046  WARN [org.apache.kafka.clients.NetworkClient:1063] [Consumer clientId=consumer-item_group-1, groupId=item_group] Bootstrap broker localhost:9092 (id: -1 rack: null) disconnected 
2025-01-13 16:01:28.071  INFO [org.apache.kafka.clients.NetworkClient:935] [Consumer clientId=consumer-item_group-1, groupId=item_group] Node -1 disconnected. 
2025-01-13 16:01:28.072  WARN [org.apache.kafka.clients.NetworkClient:775] [Consumer clientId=consumer-item_group-1, groupId=item_group] Connection to node -1 (localhost/127.0.0.1:9092) could not be established. Broker may not be available. 
2025-01-13 16:01:28.073  WARN [org.apache.kafka.clients.NetworkClient:1063] [Consumer clientId=consumer-item_group-1, groupId=item_group] Bootstrap broker localhost:9092 (id: -1 rack: null) disconnected 
2025-01-13 16:01:28.652  INFO [org.apache.kafka.clients.consumer.internals.ConsumerCoordinator:972] [Consumer clientId=consumer-item_group-1, groupId=item_group] Resetting generation due to: consumer pro-actively leaving the group 
2025-01-13 16:01:28.652  INFO [org.apache.kafka.clients.consumer.internals.ConsumerCoordinator:1000] [Consumer clientId=consumer-item_group-1, groupId=item_group] Request joining group due to: consumer pro-actively leaving the group 
2025-01-13 16:01:28.652  INFO [org.apache.kafka.clients.consumer.KafkaConsumer:1075] [Consumer clientId=consumer-item_group-1, groupId=item_group] Unsubscribed all topics or patterns and assigned partitions 
2025-01-13 16:01:28.654  INFO [org.apache.kafka.clients.consumer.internals.ConsumerCoordinator:972] [Consumer clientId=consumer-item_group-1, groupId=item_group] Resetting generation due to: consumer pro-actively leaving the group 
2025-01-13 16:01:28.654  INFO [org.apache.kafka.clients.consumer.internals.ConsumerCoordinator:1000] [Consumer clientId=consumer-item_group-1, groupId=item_group] Request joining group due to: consumer pro-actively leaving the group 
2025-01-13 16:01:28.654  INFO [org.apache.kafka.common.metrics.Metrics:659] Metrics scheduler closed 
2025-01-13 16:01:28.655  INFO [org.apache.kafka.common.metrics.Metrics:663] Closing reporter org.apache.kafka.common.metrics.JmxReporter 
2025-01-13 16:01:28.655  INFO [org.apache.kafka.common.metrics.Metrics:669] Metrics reporters closed 
2025-01-13 16:01:28.657  INFO [org.apache.kafka.common.utils.AppInfoParser:83] App info kafka.consumer for consumer-item_group-1 unregistered 
2025-01-13 16:01:28.658  INFO [org.springframework.kafka.listener.KafkaMessageListenerContainer:292] item_group: Consumer stopped 
2025-01-13 16:01:28.660  INFO [org.springframework.orm.jpa.LocalContainerEntityManagerFactoryBean:651] Closing JPA EntityManagerFactory for persistence unit 'default' 
2025-01-13 16:01:28.662  INFO [com.zaxxer.hikari.HikariDataSource:350] HikariPool-1 - Shutdown initiated... 
2025-01-13 16:01:28.664  INFO [com.zaxxer.hikari.HikariDataSource:352] HikariPool-1 - Shutdown completed. 
2025-01-13 16:10:50.750  INFO [za.co.woolworths.itemkafka_poc.KafkaItemProducerPocApplication:55] Starting KafkaItemProducerPocApplication using Java 15.0.2 on W49204302 with PID 15624 (C:\Workspaces\Item-Kafka-Producer-POC\Item-Kafka-Producer-POC\target\classes started by W7178930 in C:\Workspaces\Item-Kafka-Producer-POC\Item-Kafka-Producer-POC) 
2025-01-13 16:10:50.755  INFO [za.co.woolworths.itemkafka_poc.KafkaItemProducerPocApplication:640] The following 2 profiles are active: "swagger", "dev" 
2025-01-13 16:10:51.570  INFO [org.springframework.data.repository.config.RepositoryConfigurationDelegate:132] Bootstrapping Spring Data JPA repositories in DEFAULT mode. 
2025-01-13 16:10:51.625  INFO [org.springframework.data.repository.config.RepositoryConfigurationDelegate:201] Finished Spring Data repository scanning in 45 ms. Found 1 JPA repository interfaces. 
2025-01-13 16:10:52.454  INFO [org.springframework.boot.web.embedded.tomcat.TomcatWebServer:108] Tomcat initialized with port(s): 8081 (http) 
2025-01-13 16:10:52.461  INFO [org.apache.coyote.http11.Http11NioProtocol:173] Initializing ProtocolHandler ["http-nio-8081"] 
2025-01-13 16:10:52.461  INFO [org.apache.catalina.core.StandardService:173] Starting service [Tomcat] 
2025-01-13 16:10:52.462  INFO [org.apache.catalina.core.StandardEngine:173] Starting Servlet engine: [Apache Tomcat/9.0.64] 
2025-01-13 16:10:52.589  INFO [org.apache.catalina.core.ContainerBase.[Tomcat].[localhost].[/]:173] Initializing Spring embedded WebApplicationContext 
2025-01-13 16:10:52.589  INFO [org.springframework.boot.web.servlet.context.ServletWebServerApplicationContext:292] Root WebApplicationContext: initialization completed in 1782 ms 
2025-01-13 16:10:52.978  INFO [com.zaxxer.hikari.HikariDataSource:110] HikariPool-1 - Starting... 
2025-01-13 16:10:53.692  INFO [com.zaxxer.hikari.HikariDataSource:123] HikariPool-1 - Start completed. 
2025-01-13 16:10:53.736  INFO [org.hibernate.jpa.internal.util.LogHelper:31] HHH000204: Processing PersistenceUnitInfo [name: default] 
2025-01-13 16:10:53.786  INFO [org.hibernate.Version:44] HHH000412: Hibernate ORM core version 5.6.9.Final 
2025-01-13 16:10:53.939  INFO [org.hibernate.annotations.common.Version:56] HCANN000001: Hibernate Commons Annotations {5.1.2.Final} 
2025-01-13 16:10:54.079  INFO [org.hibernate.dialect.Dialect:175] HHH000400: Using dialect: org.hibernate.dialect.SQLServer2016Dialect 
2025-01-13 16:10:54.716  INFO [org.hibernate.engine.transaction.jta.platform.internal.JtaPlatformInitiator:52] HHH000490: Using JtaPlatform implementation: [org.hibernate.engine.transaction.jta.platform.internal.NoJtaPlatform] 
2025-01-13 16:10:54.723  INFO [org.springframework.orm.jpa.LocalContainerEntityManagerFactoryBean:437] Initialized JPA EntityManagerFactory for persistence unit 'default' 
2025-01-13 16:10:55.454  WARN [org.springframework.boot.autoconfigure.orm.jpa.JpaBaseConfiguration$JpaWebConfiguration:219] spring.jpa.open-in-view is enabled by default. Therefore, database queries may be performed during view rendering. Explicitly configure spring.jpa.open-in-view to disable this warning 
2025-01-13 16:10:55.553 DEBUG [org.springframework.web.servlet.mvc.method.annotation.RequestMappingHandlerMapping:367] 10 mappings in 'requestMappingHandlerMapping' 
2025-01-13 16:10:55.841 DEBUG [org.springframework.web.servlet.handler.SimpleUrlHandlerMapping:188] Patterns [/agent/swagger-ui*/**] in 'resourceHandlerMapping' 
2025-01-13 16:10:55.879 DEBUG [org.springframework.web.servlet.mvc.method.annotation.RequestMappingHandlerAdapter:625] ControllerAdvice beans: 0 @ModelAttribute, 0 @InitBinder, 1 RequestBodyAdvice, 1 ResponseBodyAdvice 
2025-01-13 16:10:55.914 DEBUG [org.springframework.web.servlet.mvc.method.annotation.ExceptionHandlerExceptionResolver:307] ControllerAdvice beans: 1 @ExceptionHandler, 1 ResponseBodyAdvice 
2025-01-13 16:10:56.231  INFO [org.springframework.boot.actuate.endpoint.web.EndpointLinksResolver:58] Exposing 1 endpoint(s) beneath base path '/actuator' 
2025-01-13 16:10:56.360  INFO [org.apache.kafka.clients.consumer.ConsumerConfig:376] ConsumerConfig values: 
	allow.auto.create.topics = true
	auto.commit.interval.ms = 5000
	auto.offset.reset = latest
	bootstrap.servers = [localhost:9092]
	check.crcs = true
	client.dns.lookup = use_all_dns_ips
	client.id = consumer-item_group-1
	client.rack = 
	connections.max.idle.ms = 540000
	default.api.timeout.ms = 60000
	enable.auto.commit = false
	exclude.internal.topics = true
	fetch.max.bytes = 52428800
	fetch.max.wait.ms = 500
	fetch.min.bytes = 1
	group.id = item_group
	group.instance.id = null
	heartbeat.interval.ms = 3000
	interceptor.classes = []
	internal.leave.group.on.close = true
	internal.throw.on.fetch.stable.offset.unsupported = false
	isolation.level = read_uncommitted
	key.deserializer = class org.apache.kafka.common.serialization.StringDeserializer
	max.partition.fetch.bytes = 1048576
	max.poll.interval.ms = 300000
	max.poll.records = 500
	metadata.max.age.ms = 300000
	metric.reporters = []
	metrics.num.samples = 2
	metrics.recording.level = INFO
	metrics.sample.window.ms = 30000
	partition.assignment.strategy = [class org.apache.kafka.clients.consumer.RangeAssignor, class org.apache.kafka.clients.consumer.CooperativeStickyAssignor]
	receive.buffer.bytes = 65536
	reconnect.backoff.max.ms = 1000
	reconnect.backoff.ms = 50
	request.timeout.ms = 30000
	retry.backoff.ms = 100
	sasl.client.callback.handler.class = null
	sasl.jaas.config = null
	sasl.kerberos.kinit.cmd = /usr/bin/kinit
	sasl.kerberos.min.time.before.relogin = 60000
	sasl.kerberos.service.name = null
	sasl.kerberos.ticket.renew.jitter = 0.05
	sasl.kerberos.ticket.renew.window.factor = 0.8
	sasl.login.callback.handler.class = null
	sasl.login.class = null
	sasl.login.connect.timeout.ms = null
	sasl.login.read.timeout.ms = null
	sasl.login.refresh.buffer.seconds = 300
	sasl.login.refresh.min.period.seconds = 60
	sasl.login.refresh.window.factor = 0.8
	sasl.login.refresh.window.jitter = 0.05
	sasl.login.retry.backoff.max.ms = 10000
	sasl.login.retry.backoff.ms = 100
	sasl.mechanism = GSSAPI
	sasl.oauthbearer.clock.skew.seconds = 30
	sasl.oauthbearer.expected.audience = null
	sasl.oauthbearer.expected.issuer = null
	sasl.oauthbearer.jwks.endpoint.refresh.ms = 3600000
	sasl.oauthbearer.jwks.endpoint.retry.backoff.max.ms = 10000
	sasl.oauthbearer.jwks.endpoint.retry.backoff.ms = 100
	sasl.oauthbearer.jwks.endpoint.url = null
	sasl.oauthbearer.scope.claim.name = scope
	sasl.oauthbearer.sub.claim.name = sub
	sasl.oauthbearer.token.endpoint.url = null
	security.protocol = PLAINTEXT
	security.providers = null
	send.buffer.bytes = 131072
	session.timeout.ms = 45000
	socket.connection.setup.timeout.max.ms = 30000
	socket.connection.setup.timeout.ms = 10000
	ssl.cipher.suites = null
	ssl.enabled.protocols = [TLSv1.2, TLSv1.3]
	ssl.endpoint.identification.algorithm = https
	ssl.engine.factory.class = null
	ssl.key.password = null
	ssl.keymanager.algorithm = SunX509
	ssl.keystore.certificate.chain = null
	ssl.keystore.key = null
	ssl.keystore.location = null
	ssl.keystore.password = null
	ssl.keystore.type = JKS
	ssl.protocol = TLSv1.3
	ssl.provider = null
	ssl.secure.random.implementation = null
	ssl.trustmanager.algorithm = PKIX
	ssl.truststore.certificates = null
	ssl.truststore.location = null
	ssl.truststore.password = null
	ssl.truststore.type = JKS
	value.deserializer = class org.apache.kafka.common.serialization.StringDeserializer
 
2025-01-13 16:10:56.485  INFO [org.apache.kafka.common.utils.AppInfoParser:119] Kafka version: 3.1.1 
2025-01-13 16:10:56.486  INFO [org.apache.kafka.common.utils.AppInfoParser:120] Kafka commitId: 97671528ba54a138 
2025-01-13 16:10:56.486  INFO [org.apache.kafka.common.utils.AppInfoParser:121] Kafka startTimeMs: 1736777456484 
2025-01-13 16:10:56.502  INFO [org.apache.kafka.clients.consumer.KafkaConsumer:966] [Consumer clientId=consumer-item_group-1, groupId=item_group] Subscribed to topic(s): Item_Topic 
2025-01-13 16:10:56.512  INFO [org.apache.coyote.http11.Http11NioProtocol:173] Starting ProtocolHandler ["http-nio-8081"] 
2025-01-13 16:10:56.525  INFO [org.springframework.boot.web.embedded.tomcat.TomcatWebServer:220] Tomcat started on port(s): 8081 (http) with context path '' 
2025-01-13 16:10:56.536  INFO [za.co.woolworths.itemkafka_poc.KafkaItemProducerPocApplication:61] Started KafkaItemProducerPocApplication in 6.193 seconds (JVM running for 6.678) 
2025-01-13 16:10:56.834  INFO [org.apache.kafka.clients.Metadata:402] [Consumer clientId=consumer-item_group-1, groupId=item_group] Resetting the last seen epoch of partition Item_Topic-0 to 0 since the associated topicId changed from null to n5fOtsYxRb2vBQHSBR0CaA 
2025-01-13 16:10:56.837  INFO [org.apache.kafka.clients.Metadata:287] [Consumer clientId=consumer-item_group-1, groupId=item_group] Cluster ID: _oI7wiO6SAGqIAOx5vtYxw 
2025-01-13 16:10:57.939  INFO [org.apache.kafka.clients.consumer.internals.ConsumerCoordinator:853] [Consumer clientId=consumer-item_group-1, groupId=item_group] Discovered group coordinator localhost:9092 (id: 2147483647 rack: null) 
2025-01-13 16:10:57.943  INFO [org.apache.kafka.clients.consumer.internals.ConsumerCoordinator:535] [Consumer clientId=consumer-item_group-1, groupId=item_group] (Re-)joining group 
2025-01-13 16:10:57.958  INFO [org.apache.kafka.clients.consumer.internals.ConsumerCoordinator:1000] [Consumer clientId=consumer-item_group-1, groupId=item_group] Request joining group due to: need to re-join with the given member-id 
2025-01-13 16:10:57.959  INFO [org.apache.kafka.clients.consumer.internals.ConsumerCoordinator:535] [Consumer clientId=consumer-item_group-1, groupId=item_group] (Re-)joining group 
2025-01-13 16:10:57.974  INFO [org.apache.kafka.clients.consumer.internals.ConsumerCoordinator:595] [Consumer clientId=consumer-item_group-1, groupId=item_group] Successfully joined group with generation Generation{generationId=1, memberId='consumer-item_group-1-61cac57a-c6f6-423f-88d3-4cd47983144c', protocol='range'} 
2025-01-13 16:10:57.976  INFO [org.apache.kafka.clients.consumer.internals.ConsumerCoordinator:654] [Consumer clientId=consumer-item_group-1, groupId=item_group] Finished assignment for group at generation 1: {consumer-item_group-1-61cac57a-c6f6-423f-88d3-4cd47983144c=Assignment(partitions=[Item_Topic-0])} 
2025-01-13 16:10:58.007  INFO [org.apache.kafka.clients.consumer.internals.ConsumerCoordinator:761] [Consumer clientId=consumer-item_group-1, groupId=item_group] Successfully synced group in generation Generation{generationId=1, memberId='consumer-item_group-1-61cac57a-c6f6-423f-88d3-4cd47983144c', protocol='range'} 
2025-01-13 16:10:58.008  INFO [org.apache.kafka.clients.consumer.internals.ConsumerCoordinator:279] [Consumer clientId=consumer-item_group-1, groupId=item_group] Notifying assignor about the new Assignment(partitions=[Item_Topic-0]) 
2025-01-13 16:10:58.009  INFO [org.apache.kafka.clients.consumer.internals.ConsumerCoordinator:291] [Consumer clientId=consumer-item_group-1, groupId=item_group] Adding newly assigned partitions: Item_Topic-0 
2025-01-13 16:10:58.018  INFO [org.apache.kafka.clients.consumer.internals.ConsumerCoordinator:1390] [Consumer clientId=consumer-item_group-1, groupId=item_group] Found no committed offset for partition Item_Topic-0 
2025-01-13 16:10:58.023  INFO [org.apache.kafka.clients.consumer.internals.ConsumerCoordinator:1390] [Consumer clientId=consumer-item_group-1, groupId=item_group] Found no committed offset for partition Item_Topic-0 
2025-01-13 16:10:58.039  INFO [org.apache.kafka.clients.consumer.internals.SubscriptionState:398] [Consumer clientId=consumer-item_group-1, groupId=item_group] Resetting offset for partition Item_Topic-0 to position FetchPosition{offset=0, offsetEpoch=Optional.empty, currentLeader=LeaderAndEpoch{leader=Optional[localhost:9092 (id: 0 rack: null)], epoch=0}}. 
2025-01-13 16:10:58.054  INFO [org.springframework.kafka.listener.KafkaMessageListenerContainer:292] item_group: partitions assigned: [Item_Topic-0] 
2025-01-13 16:19:50.576  INFO [org.apache.catalina.core.ContainerBase.[Tomcat].[localhost].[/]:173] Initializing Spring DispatcherServlet 'dispatcherServlet' 
2025-01-13 16:19:50.576  INFO [org.springframework.web.servlet.DispatcherServlet:525] Initializing Servlet 'dispatcherServlet' 
2025-01-13 16:19:50.576 DEBUG [org.springframework.web.servlet.DispatcherServlet:520] Detected StandardServletMultipartResolver 
2025-01-13 16:19:50.577 DEBUG [org.springframework.web.servlet.DispatcherServlet:544] Detected AcceptHeaderLocaleResolver 
2025-01-13 16:19:50.577 DEBUG [org.springframework.web.servlet.DispatcherServlet:569] Detected FixedThemeResolver 
2025-01-13 16:19:50.578 DEBUG [org.springframework.web.servlet.DispatcherServlet:719] Detected org.springframework.web.servlet.view.DefaultRequestToViewNameTranslator@68303aad 
2025-01-13 16:19:50.578 DEBUG [org.springframework.web.servlet.DispatcherServlet:783] Detected org.springframework.web.servlet.support.SessionFlashMapManager@2d26c6a2 
2025-01-13 16:19:50.578 DEBUG [org.springframework.web.servlet.DispatcherServlet:542] enableLoggingRequestDetails='false': request parameters and headers will be masked to prevent unsafe logging of potentially sensitive data 
2025-01-13 16:19:50.578  INFO [org.springframework.web.servlet.DispatcherServlet:547] Completed initialization in 2 ms 
2025-01-13 16:19:50.583 DEBUG [org.springframework.web.servlet.DispatcherServlet:119] POST "/item-kafka/app/publish-items/v1", parameters={} 
2025-01-13 16:19:50.589 DEBUG [org.springframework.web.servlet.mvc.method.annotation.RequestMappingHandlerMapping:522] Mapped to za.co.woolworths.itemkafka_poc.controller.ItemProducerController#createItemKafkaTopic() 
2025-01-13 16:20:06.073  INFO [org.apache.kafka.clients.NetworkClient:935] [Consumer clientId=consumer-item_group-1, groupId=item_group] Node -1 disconnected. 
2025-01-13 16:20:06.099  INFO [org.apache.kafka.clients.producer.ProducerConfig:376] ProducerConfig values: 
	acks = -1
	batch.size = 16384
	bootstrap.servers = [localhost:9092]
	buffer.memory = 33554432
	client.dns.lookup = use_all_dns_ips
	client.id = producer-1
	compression.type = none
	connections.max.idle.ms = 540000
	delivery.timeout.ms = 120000
	enable.idempotence = true
	interceptor.classes = []
	key.serializer = class org.apache.kafka.common.serialization.StringSerializer
	linger.ms = 0
	max.block.ms = 60000
	max.in.flight.requests.per.connection = 5
	max.request.size = 1048576
	metadata.max.age.ms = 300000
	metadata.max.idle.ms = 300000
	metric.reporters = []
	metrics.num.samples = 2
	metrics.recording.level = INFO
	metrics.sample.window.ms = 30000
	partitioner.class = class org.apache.kafka.clients.producer.internals.DefaultPartitioner
	receive.buffer.bytes = 32768
	reconnect.backoff.max.ms = 1000
	reconnect.backoff.ms = 50
	request.timeout.ms = 120000
	retries = 3
	retry.backoff.ms = 100
	sasl.client.callback.handler.class = null
	sasl.jaas.config = null
	sasl.kerberos.kinit.cmd = /usr/bin/kinit
	sasl.kerberos.min.time.before.relogin = 60000
	sasl.kerberos.service.name = null
	sasl.kerberos.ticket.renew.jitter = 0.05
	sasl.kerberos.ticket.renew.window.factor = 0.8
	sasl.login.callback.handler.class = null
	sasl.login.class = null
	sasl.login.connect.timeout.ms = null
	sasl.login.read.timeout.ms = null
	sasl.login.refresh.buffer.seconds = 300
	sasl.login.refresh.min.period.seconds = 60
	sasl.login.refresh.window.factor = 0.8
	sasl.login.refresh.window.jitter = 0.05
	sasl.login.retry.backoff.max.ms = 10000
	sasl.login.retry.backoff.ms = 100
	sasl.mechanism = GSSAPI
	sasl.oauthbearer.clock.skew.seconds = 30
	sasl.oauthbearer.expected.audience = null
	sasl.oauthbearer.expected.issuer = null
	sasl.oauthbearer.jwks.endpoint.refresh.ms = 3600000
	sasl.oauthbearer.jwks.endpoint.retry.backoff.max.ms = 10000
	sasl.oauthbearer.jwks.endpoint.retry.backoff.ms = 100
	sasl.oauthbearer.jwks.endpoint.url = null
	sasl.oauthbearer.scope.claim.name = scope
	sasl.oauthbearer.sub.claim.name = sub
	sasl.oauthbearer.token.endpoint.url = null
	security.protocol = PLAINTEXT
	security.providers = null
	send.buffer.bytes = 131072
	socket.connection.setup.timeout.max.ms = 30000
	socket.connection.setup.timeout.ms = 10000
	ssl.cipher.suites = null
	ssl.enabled.protocols = [TLSv1.2, TLSv1.3]
	ssl.endpoint.identification.algorithm = https
	ssl.engine.factory.class = null
	ssl.key.password = null
	ssl.keymanager.algorithm = SunX509
	ssl.keystore.certificate.chain = null
	ssl.keystore.key = null
	ssl.keystore.location = null
	ssl.keystore.password = null
	ssl.keystore.type = JKS
	ssl.protocol = TLSv1.3
	ssl.provider = null
	ssl.secure.random.implementation = null
	ssl.trustmanager.algorithm = PKIX
	ssl.truststore.certificates = null
	ssl.truststore.location = null
	ssl.truststore.password = null
	ssl.truststore.type = JKS
	transaction.timeout.ms = 60000
	transactional.id = null
	value.serializer = class org.apache.kafka.common.serialization.StringSerializer
 
2025-01-13 16:20:06.127  INFO [org.apache.kafka.clients.producer.KafkaProducer:572] [Producer clientId=producer-1] Instantiated an idempotent producer. 
2025-01-13 16:20:06.176  INFO [org.apache.kafka.common.utils.AppInfoParser:119] Kafka version: 3.1.1 
2025-01-13 16:20:06.177  INFO [org.apache.kafka.common.utils.AppInfoParser:120] Kafka commitId: 97671528ba54a138 
2025-01-13 16:20:06.178  INFO [org.apache.kafka.common.utils.AppInfoParser:121] Kafka startTimeMs: 1736778006176 
2025-01-13 16:20:06.186  INFO [org.apache.kafka.clients.Metadata:287] [Producer clientId=producer-1] Cluster ID: _oI7wiO6SAGqIAOx5vtYxw 
2025-01-13 16:20:06.301  INFO [org.apache.kafka.clients.producer.internals.TransactionManager:554] [Producer clientId=producer-1] ProducerId set to 0 with epoch 0 
2025-01-13 16:20:06.303  INFO [org.apache.kafka.clients.Metadata:402] [Producer clientId=producer-1] Resetting the last seen epoch of partition Item_Topic-0 to 0 since the associated topicId changed from null to n5fOtsYxRb2vBQHSBR0CaA 
2025-01-13 16:20:06.351  INFO [za.co.woolworths.itemkafka_poc.kafka.producer.ItemProducerService:39] *****Message sent successfully for itemId: 100***** 
2025-01-13 16:20:06.358  INFO [za.co.woolworths.itemkafka_poc.kafka.producer.ItemProducerService:39] *****Message sent successfully for itemId: 100027628***** 
2025-01-13 16:20:06.360 ERROR [org.springframework.kafka.listener.DefaultErrorHandler:149] Backoff none exhausted for Item_Topic-0@0 org.springframework.kafka.listener.ListenerExecutionFailedException: invokeHandler Failed; nested exception is java.lang.IllegalStateException: No Acknowledgment available as an argument, the listener container must have a MANUAL AckMode to populate the Acknowledgment.; nested exception is java.lang.IllegalStateException: No Acknowledgment available as an argument, the listener container must have a MANUAL AckMode to populate the Acknowledgment.
	at org.springframework.kafka.listener.KafkaMessageListenerContainer$ListenerConsumer.decorateException(KafkaMessageListenerContainer.java:2636)
	at org.springframework.kafka.listener.KafkaMessageListenerContainer$ListenerConsumer.doInvokeOnMessage(KafkaMessageListenerContainer.java:2606)
	at org.springframework.kafka.listener.KafkaMessageListenerContainer$ListenerConsumer.invokeOnMessage(KafkaMessageListenerContainer.java:2567)
	at org.springframework.kafka.listener.KafkaMessageListenerContainer$ListenerConsumer.doInvokeRecordListener(KafkaMessageListenerContainer.java:2481)
	at org.springframework.kafka.listener.KafkaMessageListenerContainer$ListenerConsumer.doInvokeWithRecords(KafkaMessageListenerContainer.java:2403)
	at org.springframework.kafka.listener.KafkaMessageListenerContainer$ListenerConsumer.invokeRecordListener(KafkaMessageListenerContainer.java:2282)
	at org.springframework.kafka.listener.KafkaMessageListenerContainer$ListenerConsumer.invokeListener(KafkaMessageListenerContainer.java:1956)
	at org.springframework.kafka.listener.KafkaMessageListenerContainer$ListenerConsumer.invokeIfHaveRecords(KafkaMessageListenerContainer.java:1351)
	at org.springframework.kafka.listener.KafkaMessageListenerContainer$ListenerConsumer.pollAndInvoke(KafkaMessageListenerContainer.java:1342)
	at org.springframework.kafka.listener.KafkaMessageListenerContainer$ListenerConsumer.run(KafkaMessageListenerContainer.java:1234)
	at java.base/java.util.concurrent.Executors$RunnableAdapter.call(Executors.java:515)
	at java.base/java.util.concurrent.FutureTask.run$$$capture(FutureTask.java:264)
	at java.base/java.util.concurrent.FutureTask.run(FutureTask.java)
	at java.base/java.lang.Thread.run(Thread.java:832)
	Suppressed: org.springframework.kafka.listener.ListenerExecutionFailedException: Restored Stack Trace
		at org.springframework.kafka.listener.adapter.MessagingMessageListenerAdapter.checkAckArg(MessagingMessageListenerAdapter.java:369)
		at org.springframework.kafka.listener.adapter.MessagingMessageListenerAdapter.invokeHandler(MessagingMessageListenerAdapter.java:355)
		at org.springframework.kafka.listener.adapter.RecordMessagingMessageListenerAdapter.onMessage(RecordMessagingMessageListenerAdapter.java:92)
		at org.springframework.kafka.listener.adapter.RecordMessagingMessageListenerAdapter.onMessage(RecordMessagingMessageListenerAdapter.java:53)
		at org.springframework.kafka.listener.KafkaMessageListenerContainer$ListenerConsumer.doInvokeOnMessage(KafkaMessageListenerContainer.java:2586)
Caused by: java.lang.IllegalStateException: No Acknowledgment available as an argument, the listener container must have a MANUAL AckMode to populate the Acknowledgment.
	at org.springframework.kafka.listener.adapter.MessagingMessageListenerAdapter.checkAckArg(MessagingMessageListenerAdapter.java:369)
	at org.springframework.kafka.listener.adapter.MessagingMessageListenerAdapter.invokeHandler(MessagingMessageListenerAdapter.java:355)
	at org.springframework.kafka.listener.adapter.RecordMessagingMessageListenerAdapter.onMessage(RecordMessagingMessageListenerAdapter.java:92)
	at org.springframework.kafka.listener.adapter.RecordMessagingMessageListenerAdapter.onMessage(RecordMessagingMessageListenerAdapter.java:53)
	at org.springframework.kafka.listener.KafkaMessageListenerContainer$ListenerConsumer.doInvokeOnMessage(KafkaMessageListenerContainer.java:2586)
	... 12 common frames omitted
Caused by: org.springframework.messaging.handler.annotation.support.MethodArgumentNotValidException: Could not resolve method parameter at index 1 in public void za.co.woolworths.itemkafka_poc.kafka.consumer.ItemConsumerService.listen(org.apache.kafka.clients.consumer.ConsumerRecord<java.lang.String, java.lang.String>,org.springframework.kafka.support.Acknowledgment): 1 error(s): [Error in object 'acknowledgment': codes []; arguments []; default message [Payload value must not be empty]] 
	at org.springframework.messaging.handler.annotation.support.PayloadMethodArgumentResolver.resolveArgument(PayloadMethodArgumentResolver.java:122)
	at org.springframework.kafka.annotation.KafkaNullAwarePayloadArgumentResolver.resolveArgument(KafkaNullAwarePayloadArgumentResolver.java:46)
	at org.springframework.messaging.handler.invocation.HandlerMethodArgumentResolverComposite.resolveArgument(HandlerMethodArgumentResolverComposite.java:118)
	at org.springframework.messaging.handler.invocation.InvocableHandlerMethod.getMethodArgumentValues(InvocableHandlerMethod.java:147)
	at org.springframework.messaging.handler.invocation.InvocableHandlerMethod.invoke(InvocableHandlerMethod.java:115)
	at org.springframework.kafka.listener.adapter.HandlerAdapter.invoke(HandlerAdapter.java:56)
	at org.springframework.kafka.listener.adapter.MessagingMessageListenerAdapter.invokeHandler(MessagingMessageListenerAdapter.java:347)
	... 15 common frames omitted

2025-01-13 16:20:06.364  INFO [za.co.woolworths.itemkafka_poc.kafka.producer.ItemProducerService:39] *****Message sent successfully for itemId: 100027636***** 
2025-01-13 16:20:06.370 ERROR [org.springframework.kafka.listener.DefaultErrorHandler:149] Backoff none exhausted for Item_Topic-0@1 org.springframework.kafka.listener.ListenerExecutionFailedException: invokeHandler Failed; nested exception is java.lang.IllegalStateException: No Acknowledgment available as an argument, the listener container must have a MANUAL AckMode to populate the Acknowledgment.; nested exception is java.lang.IllegalStateException: No Acknowledgment available as an argument, the listener container must have a MANUAL AckMode to populate the Acknowledgment.
	at org.springframework.kafka.listener.KafkaMessageListenerContainer$ListenerConsumer.decorateException(KafkaMessageListenerContainer.java:2636)
	at org.springframework.kafka.listener.KafkaMessageListenerContainer$ListenerConsumer.doInvokeOnMessage(KafkaMessageListenerContainer.java:2606)
	at org.springframework.kafka.listener.KafkaMessageListenerContainer$ListenerConsumer.invokeOnMessage(KafkaMessageListenerContainer.java:2567)
	at org.springframework.kafka.listener.KafkaMessageListenerContainer$ListenerConsumer.doInvokeRecordListener(KafkaMessageListenerContainer.java:2481)
	at org.springframework.kafka.listener.KafkaMessageListenerContainer$ListenerConsumer.doInvokeWithRecords(KafkaMessageListenerContainer.java:2403)
	at org.springframework.kafka.listener.KafkaMessageListenerContainer$ListenerConsumer.invokeRecordListener(KafkaMessageListenerContainer.java:2282)
	at org.springframework.kafka.listener.KafkaMessageListenerContainer$ListenerConsumer.invokeListener(KafkaMessageListenerContainer.java:1956)
	at org.springframework.kafka.listener.KafkaMessageListenerContainer$ListenerConsumer.invokeIfHaveRecords(KafkaMessageListenerContainer.java:1351)
	at org.springframework.kafka.listener.KafkaMessageListenerContainer$ListenerConsumer.pollAndInvoke(KafkaMessageListenerContainer.java:1342)
	at org.springframework.kafka.listener.KafkaMessageListenerContainer$ListenerConsumer.run(KafkaMessageListenerContainer.java:1234)
	at java.base/java.util.concurrent.Executors$RunnableAdapter.call(Executors.java:515)
	at java.base/java.util.concurrent.FutureTask.run$$$capture(FutureTask.java:264)
	at java.base/java.util.concurrent.FutureTask.run(FutureTask.java)
	at java.base/java.lang.Thread.run(Thread.java:832)
	Suppressed: org.springframework.kafka.listener.ListenerExecutionFailedException: Restored Stack Trace
		at org.springframework.kafka.listener.adapter.MessagingMessageListenerAdapter.checkAckArg(MessagingMessageListenerAdapter.java:369)
		at org.springframework.kafka.listener.adapter.MessagingMessageListenerAdapter.invokeHandler(MessagingMessageListenerAdapter.java:355)
		at org.springframework.kafka.listener.adapter.RecordMessagingMessageListenerAdapter.onMessage(RecordMessagingMessageListenerAdapter.java:92)
		at org.springframework.kafka.listener.adapter.RecordMessagingMessageListenerAdapter.onMessage(RecordMessagingMessageListenerAdapter.java:53)
		at org.springframework.kafka.listener.KafkaMessageListenerContainer$ListenerConsumer.doInvokeOnMessage(KafkaMessageListenerContainer.java:2586)
Caused by: java.lang.IllegalStateException: No Acknowledgment available as an argument, the listener container must have a MANUAL AckMode to populate the Acknowledgment.
	at org.springframework.kafka.listener.adapter.MessagingMessageListenerAdapter.checkAckArg(MessagingMessageListenerAdapter.java:369)
	at org.springframework.kafka.listener.adapter.MessagingMessageListenerAdapter.invokeHandler(MessagingMessageListenerAdapter.java:355)
	at org.springframework.kafka.listener.adapter.RecordMessagingMessageListenerAdapter.onMessage(RecordMessagingMessageListenerAdapter.java:92)
	at org.springframework.kafka.listener.adapter.RecordMessagingMessageListenerAdapter.onMessage(RecordMessagingMessageListenerAdapter.java:53)
	at org.springframework.kafka.listener.KafkaMessageListenerContainer$ListenerConsumer.doInvokeOnMessage(KafkaMessageListenerContainer.java:2586)
	... 12 common frames omitted
Caused by: org.springframework.messaging.handler.annotation.support.MethodArgumentNotValidException: Could not resolve method parameter at index 1 in public void za.co.woolworths.itemkafka_poc.kafka.consumer.ItemConsumerService.listen(org.apache.kafka.clients.consumer.ConsumerRecord<java.lang.String, java.lang.String>,org.springframework.kafka.support.Acknowledgment): 1 error(s): [Error in object 'acknowledgment': codes []; arguments []; default message [Payload value must not be empty]] 
	at org.springframework.messaging.handler.annotation.support.PayloadMethodArgumentResolver.resolveArgument(PayloadMethodArgumentResolver.java:122)
	at org.springframework.kafka.annotation.KafkaNullAwarePayloadArgumentResolver.resolveArgument(KafkaNullAwarePayloadArgumentResolver.java:46)
	at org.springframework.messaging.handler.invocation.HandlerMethodArgumentResolverComposite.resolveArgument(HandlerMethodArgumentResolverComposite.java:118)
	at org.springframework.messaging.handler.invocation.InvocableHandlerMethod.getMethodArgumentValues(InvocableHandlerMethod.java:147)
	at org.springframework.messaging.handler.invocation.InvocableHandlerMethod.invoke(InvocableHandlerMethod.java:115)
	at org.springframework.kafka.listener.adapter.HandlerAdapter.invoke(HandlerAdapter.java:56)
	at org.springframework.kafka.listener.adapter.MessagingMessageListenerAdapter.invokeHandler(MessagingMessageListenerAdapter.java:347)
	... 15 common frames omitted

2025-01-13 16:20:06.370  INFO [za.co.woolworths.itemkafka_poc.kafka.producer.ItemProducerService:39] *****Message sent successfully for itemId: 100028638***** 
2025-01-13 16:20:06.371  INFO [org.apache.kafka.clients.consumer.KafkaConsumer:1585] [Consumer clientId=consumer-item_group-1, groupId=item_group] Seeking to offset 2 for partition Item_Topic-0 
2025-01-13 16:20:06.375 ERROR [org.springframework.kafka.listener.DefaultErrorHandler:149] Backoff none exhausted for Item_Topic-0@2 org.springframework.kafka.listener.ListenerExecutionFailedException: invokeHandler Failed; nested exception is java.lang.IllegalStateException: No Acknowledgment available as an argument, the listener container must have a MANUAL AckMode to populate the Acknowledgment.; nested exception is java.lang.IllegalStateException: No Acknowledgment available as an argument, the listener container must have a MANUAL AckMode to populate the Acknowledgment.
	at org.springframework.kafka.listener.KafkaMessageListenerContainer$ListenerConsumer.decorateException(KafkaMessageListenerContainer.java:2636)
	at org.springframework.kafka.listener.KafkaMessageListenerContainer$ListenerConsumer.doInvokeOnMessage(KafkaMessageListenerContainer.java:2606)
	at org.springframework.kafka.listener.KafkaMessageListenerContainer$ListenerConsumer.invokeOnMessage(KafkaMessageListenerContainer.java:2567)
	at org.springframework.kafka.listener.KafkaMessageListenerContainer$ListenerConsumer.doInvokeRecordListener(KafkaMessageListenerContainer.java:2481)
	at org.springframework.kafka.listener.KafkaMessageListenerContainer$ListenerConsumer.doInvokeWithRecords(KafkaMessageListenerContainer.java:2403)
	at org.springframework.kafka.listener.KafkaMessageListenerContainer$ListenerConsumer.invokeRecordListener(KafkaMessageListenerContainer.java:2282)
	at org.springframework.kafka.listener.KafkaMessageListenerContainer$ListenerConsumer.invokeListener(KafkaMessageListenerContainer.java:1956)
	at org.springframework.kafka.listener.KafkaMessageListenerContainer$ListenerConsumer.invokeIfHaveRecords(KafkaMessageListenerContainer.java:1351)
	at org.springframework.kafka.listener.KafkaMessageListenerContainer$ListenerConsumer.pollAndInvoke(KafkaMessageListenerContainer.java:1342)
	at org.springframework.kafka.listener.KafkaMessageListenerContainer$ListenerConsumer.run(KafkaMessageListenerContainer.java:1234)
	at java.base/java.util.concurrent.Executors$RunnableAdapter.call(Executors.java:515)
	at java.base/java.util.concurrent.FutureTask.run$$$capture(FutureTask.java:264)
	at java.base/java.util.concurrent.FutureTask.run(FutureTask.java)
	at java.base/java.lang.Thread.run(Thread.java:832)
	Suppressed: org.springframework.kafka.listener.ListenerExecutionFailedException: Restored Stack Trace
		at org.springframework.kafka.listener.adapter.MessagingMessageListenerAdapter.checkAckArg(MessagingMessageListenerAdapter.java:369)
		at org.springframework.kafka.listener.adapter.MessagingMessageListenerAdapter.invokeHandler(MessagingMessageListenerAdapter.java:355)
		at org.springframework.kafka.listener.adapter.RecordMessagingMessageListenerAdapter.onMessage(RecordMessagingMessageListenerAdapter.java:92)
		at org.springframework.kafka.listener.adapter.RecordMessagingMessageListenerAdapter.onMessage(RecordMessagingMessageListenerAdapter.java:53)
		at org.springframework.kafka.listener.KafkaMessageListenerContainer$ListenerConsumer.doInvokeOnMessage(KafkaMessageListenerContainer.java:2586)
Caused by: java.lang.IllegalStateException: No Acknowledgment available as an argument, the listener container must have a MANUAL AckMode to populate the Acknowledgment.
	at org.springframework.kafka.listener.adapter.MessagingMessageListenerAdapter.checkAckArg(MessagingMessageListenerAdapter.java:369)
	at org.springframework.kafka.listener.adapter.MessagingMessageListenerAdapter.invokeHandler(MessagingMessageListenerAdapter.java:355)
	at org.springframework.kafka.listener.adapter.RecordMessagingMessageListenerAdapter.onMessage(RecordMessagingMessageListenerAdapter.java:92)
	at org.springframework.kafka.listener.adapter.RecordMessagingMessageListenerAdapter.onMessage(RecordMessagingMessageListenerAdapter.java:53)
	at org.springframework.kafka.listener.KafkaMessageListenerContainer$ListenerConsumer.doInvokeOnMessage(KafkaMessageListenerContainer.java:2586)
	... 12 common frames omitted
Caused by: org.springframework.messaging.handler.annotation.support.MethodArgumentNotValidException: Could not resolve method parameter at index 1 in public void za.co.woolworths.itemkafka_poc.kafka.consumer.ItemConsumerService.listen(org.apache.kafka.clients.consumer.ConsumerRecord<java.lang.String, java.lang.String>,org.springframework.kafka.support.Acknowledgment): 1 error(s): [Error in object 'acknowledgment': codes []; arguments []; default message [Payload value must not be empty]] 
	at org.springframework.messaging.handler.annotation.support.PayloadMethodArgumentResolver.resolveArgument(PayloadMethodArgumentResolver.java:122)
	at org.springframework.kafka.annotation.KafkaNullAwarePayloadArgumentResolver.resolveArgument(KafkaNullAwarePayloadArgumentResolver.java:46)
	at org.springframework.messaging.handler.invocation.HandlerMethodArgumentResolverComposite.resolveArgument(HandlerMethodArgumentResolverComposite.java:118)
	at org.springframework.messaging.handler.invocation.InvocableHandlerMethod.getMethodArgumentValues(InvocableHandlerMethod.java:147)
	at org.springframework.messaging.handler.invocation.InvocableHandlerMethod.invoke(InvocableHandlerMethod.java:115)
	at org.springframework.kafka.listener.adapter.HandlerAdapter.invoke(HandlerAdapter.java:56)
	at org.springframework.kafka.listener.adapter.MessagingMessageListenerAdapter.invokeHandler(MessagingMessageListenerAdapter.java:347)
	... 15 common frames omitted

2025-01-13 16:20:06.375  INFO [za.co.woolworths.itemkafka_poc.kafka.producer.ItemProducerService:39] *****Message sent successfully for itemId: 100028646***** 
2025-01-13 16:20:06.376  INFO [org.apache.kafka.clients.consumer.KafkaConsumer:1585] [Consumer clientId=consumer-item_group-1, groupId=item_group] Seeking to offset 3 for partition Item_Topic-0 
2025-01-13 16:20:06.381 ERROR [org.springframework.kafka.listener.DefaultErrorHandler:149] Backoff none exhausted for Item_Topic-0@3 org.springframework.kafka.listener.ListenerExecutionFailedException: invokeHandler Failed; nested exception is java.lang.IllegalStateException: No Acknowledgment available as an argument, the listener container must have a MANUAL AckMode to populate the Acknowledgment.; nested exception is java.lang.IllegalStateException: No Acknowledgment available as an argument, the listener container must have a MANUAL AckMode to populate the Acknowledgment.
	at org.springframework.kafka.listener.KafkaMessageListenerContainer$ListenerConsumer.decorateException(KafkaMessageListenerContainer.java:2636)
	at org.springframework.kafka.listener.KafkaMessageListenerContainer$ListenerConsumer.doInvokeOnMessage(KafkaMessageListenerContainer.java:2606)
	at org.springframework.kafka.listener.KafkaMessageListenerContainer$ListenerConsumer.invokeOnMessage(KafkaMessageListenerContainer.java:2567)
	at org.springframework.kafka.listener.KafkaMessageListenerContainer$ListenerConsumer.doInvokeRecordListener(KafkaMessageListenerContainer.java:2481)
	at org.springframework.kafka.listener.KafkaMessageListenerContainer$ListenerConsumer.doInvokeWithRecords(KafkaMessageListenerContainer.java:2403)
	at org.springframework.kafka.listener.KafkaMessageListenerContainer$ListenerConsumer.invokeRecordListener(KafkaMessageListenerContainer.java:2282)
	at org.springframework.kafka.listener.KafkaMessageListenerContainer$ListenerConsumer.invokeListener(KafkaMessageListenerContainer.java:1956)
	at org.springframework.kafka.listener.KafkaMessageListenerContainer$ListenerConsumer.invokeIfHaveRecords(KafkaMessageListenerContainer.java:1351)
	at org.springframework.kafka.listener.KafkaMessageListenerContainer$ListenerConsumer.pollAndInvoke(KafkaMessageListenerContainer.java:1342)
	at org.springframework.kafka.listener.KafkaMessageListenerContainer$ListenerConsumer.run(KafkaMessageListenerContainer.java:1234)
	at java.base/java.util.concurrent.Executors$RunnableAdapter.call(Executors.java:515)
	at java.base/java.util.concurrent.FutureTask.run$$$capture(FutureTask.java:264)
	at java.base/java.util.concurrent.FutureTask.run(FutureTask.java)
	at java.base/java.lang.Thread.run(Thread.java:832)
	Suppressed: org.springframework.kafka.listener.ListenerExecutionFailedException: Restored Stack Trace
		at org.springframework.kafka.listener.adapter.MessagingMessageListenerAdapter.checkAckArg(MessagingMessageListenerAdapter.java:369)
		at org.springframework.kafka.listener.adapter.MessagingMessageListenerAdapter.invokeHandler(MessagingMessageListenerAdapter.java:355)
		at org.springframework.kafka.listener.adapter.RecordMessagingMessageListenerAdapter.onMessage(RecordMessagingMessageListenerAdapter.java:92)
		at org.springframework.kafka.listener.adapter.RecordMessagingMessageListenerAdapter.onMessage(RecordMessagingMessageListenerAdapter.java:53)
		at org.springframework.kafka.listener.KafkaMessageListenerContainer$ListenerConsumer.doInvokeOnMessage(KafkaMessageListenerContainer.java:2586)
Caused by: java.lang.IllegalStateException: No Acknowledgment available as an argument, the listener container must have a MANUAL AckMode to populate the Acknowledgment.
	at org.springframework.kafka.listener.adapter.MessagingMessageListenerAdapter.checkAckArg(MessagingMessageListenerAdapter.java:369)
	at org.springframework.kafka.listener.adapter.MessagingMessageListenerAdapter.invokeHandler(MessagingMessageListenerAdapter.java:355)
	at org.springframework.kafka.listener.adapter.RecordMessagingMessageListenerAdapter.onMessage(RecordMessagingMessageListenerAdapter.java:92)
	at org.springframework.kafka.listener.adapter.RecordMessagingMessageListenerAdapter.onMessage(RecordMessagingMessageListenerAdapter.java:53)
	at org.springframework.kafka.listener.KafkaMessageListenerContainer$ListenerConsumer.doInvokeOnMessage(KafkaMessageListenerContainer.java:2586)
	... 12 common frames omitted
Caused by: org.springframework.messaging.handler.annotation.support.MethodArgumentNotValidException: Could not resolve method parameter at index 1 in public void za.co.woolworths.itemkafka_poc.kafka.consumer.ItemConsumerService.listen(org.apache.kafka.clients.consumer.ConsumerRecord<java.lang.String, java.lang.String>,org.springframework.kafka.support.Acknowledgment): 1 error(s): [Error in object 'acknowledgment': codes []; arguments []; default message [Payload value must not be empty]] 
	at org.springframework.messaging.handler.annotation.support.PayloadMethodArgumentResolver.resolveArgument(PayloadMethodArgumentResolver.java:122)
	at org.springframework.kafka.annotation.KafkaNullAwarePayloadArgumentResolver.resolveArgument(KafkaNullAwarePayloadArgumentResolver.java:46)
	at org.springframework.messaging.handler.invocation.HandlerMethodArgumentResolverComposite.resolveArgument(HandlerMethodArgumentResolverComposite.java:118)
	at org.springframework.messaging.handler.invocation.InvocableHandlerMethod.getMethodArgumentValues(InvocableHandlerMethod.java:147)
	at org.springframework.messaging.handler.invocation.InvocableHandlerMethod.invoke(InvocableHandlerMethod.java:115)
	at org.springframework.kafka.listener.adapter.HandlerAdapter.invoke(HandlerAdapter.java:56)
	at org.springframework.kafka.listener.adapter.MessagingMessageListenerAdapter.invokeHandler(MessagingMessageListenerAdapter.java:347)
	... 15 common frames omitted

2025-01-13 16:20:06.382  INFO [org.apache.kafka.clients.consumer.KafkaConsumer:1585] [Consumer clientId=consumer-item_group-1, groupId=item_group] Seeking to offset 4 for partition Item_Topic-0 
2025-01-13 16:20:06.382  INFO [za.co.woolworths.itemkafka_poc.kafka.producer.ItemProducerService:39] *****Message sent successfully for itemId: 100029622***** 
2025-01-13 16:20:06.387 ERROR [org.springframework.kafka.listener.DefaultErrorHandler:149] Backoff none exhausted for Item_Topic-0@4 org.springframework.kafka.listener.ListenerExecutionFailedException: invokeHandler Failed; nested exception is java.lang.IllegalStateException: No Acknowledgment available as an argument, the listener container must have a MANUAL AckMode to populate the Acknowledgment.; nested exception is java.lang.IllegalStateException: No Acknowledgment available as an argument, the listener container must have a MANUAL AckMode to populate the Acknowledgment.
	at org.springframework.kafka.listener.KafkaMessageListenerContainer$ListenerConsumer.decorateException(KafkaMessageListenerContainer.java:2636)
	at org.springframework.kafka.listener.KafkaMessageListenerContainer$ListenerConsumer.doInvokeOnMessage(KafkaMessageListenerContainer.java:2606)
	at org.springframework.kafka.listener.KafkaMessageListenerContainer$ListenerConsumer.invokeOnMessage(KafkaMessageListenerContainer.java:2567)
	at org.springframework.kafka.listener.KafkaMessageListenerContainer$ListenerConsumer.doInvokeRecordListener(KafkaMessageListenerContainer.java:2481)
	at org.springframework.kafka.listener.KafkaMessageListenerContainer$ListenerConsumer.doInvokeWithRecords(KafkaMessageListenerContainer.java:2403)
	at org.springframework.kafka.listener.KafkaMessageListenerContainer$ListenerConsumer.invokeRecordListener(KafkaMessageListenerContainer.java:2282)
	at org.springframework.kafka.listener.KafkaMessageListenerContainer$ListenerConsumer.invokeListener(KafkaMessageListenerContainer.java:1956)
	at org.springframework.kafka.listener.KafkaMessageListenerContainer$ListenerConsumer.invokeIfHaveRecords(KafkaMessageListenerContainer.java:1351)
	at org.springframework.kafka.listener.KafkaMessageListenerContainer$ListenerConsumer.pollAndInvoke(KafkaMessageListenerContainer.java:1342)
	at org.springframework.kafka.listener.KafkaMessageListenerContainer$ListenerConsumer.run(KafkaMessageListenerContainer.java:1234)
	at java.base/java.util.concurrent.Executors$RunnableAdapter.call(Executors.java:515)
	at java.base/java.util.concurrent.FutureTask.run$$$capture(FutureTask.java:264)
	at java.base/java.util.concurrent.FutureTask.run(FutureTask.java)
	at java.base/java.lang.Thread.run(Thread.java:832)
	Suppressed: org.springframework.kafka.listener.ListenerExecutionFailedException: Restored Stack Trace
		at org.springframework.kafka.listener.adapter.MessagingMessageListenerAdapter.checkAckArg(MessagingMessageListenerAdapter.java:369)
		at org.springframework.kafka.listener.adapter.MessagingMessageListenerAdapter.invokeHandler(MessagingMessageListenerAdapter.java:355)
		at org.springframework.kafka.listener.adapter.RecordMessagingMessageListenerAdapter.onMessage(RecordMessagingMessageListenerAdapter.java:92)
		at org.springframework.kafka.listener.adapter.RecordMessagingMessageListenerAdapter.onMessage(RecordMessagingMessageListenerAdapter.java:53)
		at org.springframework.kafka.listener.KafkaMessageListenerContainer$ListenerConsumer.doInvokeOnMessage(KafkaMessageListenerContainer.java:2586)
Caused by: java.lang.IllegalStateException: No Acknowledgment available as an argument, the listener container must have a MANUAL AckMode to populate the Acknowledgment.
	at org.springframework.kafka.listener.adapter.MessagingMessageListenerAdapter.checkAckArg(MessagingMessageListenerAdapter.java:369)
	at org.springframework.kafka.listener.adapter.MessagingMessageListenerAdapter.invokeHandler(MessagingMessageListenerAdapter.java:355)
	at org.springframework.kafka.listener.adapter.RecordMessagingMessageListenerAdapter.onMessage(RecordMessagingMessageListenerAdapter.java:92)
	at org.springframework.kafka.listener.adapter.RecordMessagingMessageListenerAdapter.onMessage(RecordMessagingMessageListenerAdapter.java:53)
	at org.springframework.kafka.listener.KafkaMessageListenerContainer$ListenerConsumer.doInvokeOnMessage(KafkaMessageListenerContainer.java:2586)
	... 12 common frames omitted
Caused by: org.springframework.messaging.handler.annotation.support.MethodArgumentNotValidException: Could not resolve method parameter at index 1 in public void za.co.woolworths.itemkafka_poc.kafka.consumer.ItemConsumerService.listen(org.apache.kafka.clients.consumer.ConsumerRecord<java.lang.String, java.lang.String>,org.springframework.kafka.support.Acknowledgment): 1 error(s): [Error in object 'acknowledgment': codes []; arguments []; default message [Payload value must not be empty]] 
	at org.springframework.messaging.handler.annotation.support.PayloadMethodArgumentResolver.resolveArgument(PayloadMethodArgumentResolver.java:122)
	at org.springframework.kafka.annotation.KafkaNullAwarePayloadArgumentResolver.resolveArgument(KafkaNullAwarePayloadArgumentResolver.java:46)
	at org.springframework.messaging.handler.invocation.HandlerMethodArgumentResolverComposite.resolveArgument(HandlerMethodArgumentResolverComposite.java:118)
	at org.springframework.messaging.handler.invocation.InvocableHandlerMethod.getMethodArgumentValues(InvocableHandlerMethod.java:147)
	at org.springframework.messaging.handler.invocation.InvocableHandlerMethod.invoke(InvocableHandlerMethod.java:115)
	at org.springframework.kafka.listener.adapter.HandlerAdapter.invoke(HandlerAdapter.java:56)
	at org.springframework.kafka.listener.adapter.MessagingMessageListenerAdapter.invokeHandler(MessagingMessageListenerAdapter.java:347)
	... 15 common frames omitted

2025-01-13 16:20:06.387  INFO [org.apache.kafka.clients.consumer.KafkaConsumer:1585] [Consumer clientId=consumer-item_group-1, groupId=item_group] Seeking to offset 5 for partition Item_Topic-0 
2025-01-13 16:20:06.388  INFO [za.co.woolworths.itemkafka_poc.kafka.producer.ItemProducerService:39] *****Message sent successfully for itemId: 100031620***** 
2025-01-13 16:20:06.392 ERROR [org.springframework.kafka.listener.DefaultErrorHandler:149] Backoff none exhausted for Item_Topic-0@5 org.springframework.kafka.listener.ListenerExecutionFailedException: invokeHandler Failed; nested exception is java.lang.IllegalStateException: No Acknowledgment available as an argument, the listener container must have a MANUAL AckMode to populate the Acknowledgment.; nested exception is java.lang.IllegalStateException: No Acknowledgment available as an argument, the listener container must have a MANUAL AckMode to populate the Acknowledgment.
	at org.springframework.kafka.listener.KafkaMessageListenerContainer$ListenerConsumer.decorateException(KafkaMessageListenerContainer.java:2636)
	at org.springframework.kafka.listener.KafkaMessageListenerContainer$ListenerConsumer.doInvokeOnMessage(KafkaMessageListenerContainer.java:2606)
	at org.springframework.kafka.listener.KafkaMessageListenerContainer$ListenerConsumer.invokeOnMessage(KafkaMessageListenerContainer.java:2567)
	at org.springframework.kafka.listener.KafkaMessageListenerContainer$ListenerConsumer.doInvokeRecordListener(KafkaMessageListenerContainer.java:2481)
	at org.springframework.kafka.listener.KafkaMessageListenerContainer$ListenerConsumer.doInvokeWithRecords(KafkaMessageListenerContainer.java:2403)
	at org.springframework.kafka.listener.KafkaMessageListenerContainer$ListenerConsumer.invokeRecordListener(KafkaMessageListenerContainer.java:2282)
	at org.springframework.kafka.listener.KafkaMessageListenerContainer$ListenerConsumer.invokeListener(KafkaMessageListenerContainer.java:1956)
	at org.springframework.kafka.listener.KafkaMessageListenerContainer$ListenerConsumer.invokeIfHaveRecords(KafkaMessageListenerContainer.java:1351)
	at org.springframework.kafka.listener.KafkaMessageListenerContainer$ListenerConsumer.pollAndInvoke(KafkaMessageListenerContainer.java:1342)
	at org.springframework.kafka.listener.KafkaMessageListenerContainer$ListenerConsumer.run(KafkaMessageListenerContainer.java:1234)
	at java.base/java.util.concurrent.Executors$RunnableAdapter.call(Executors.java:515)
	at java.base/java.util.concurrent.FutureTask.run$$$capture(FutureTask.java:264)
	at java.base/java.util.concurrent.FutureTask.run(FutureTask.java)
	at java.base/java.lang.Thread.run(Thread.java:832)
	Suppressed: org.springframework.kafka.listener.ListenerExecutionFailedException: Restored Stack Trace
		at org.springframework.kafka.listener.adapter.MessagingMessageListenerAdapter.checkAckArg(MessagingMessageListenerAdapter.java:369)
		at org.springframework.kafka.listener.adapter.MessagingMessageListenerAdapter.invokeHandler(MessagingMessageListenerAdapter.java:355)
		at org.springframework.kafka.listener.adapter.RecordMessagingMessageListenerAdapter.onMessage(RecordMessagingMessageListenerAdapter.java:92)
		at org.springframework.kafka.listener.adapter.RecordMessagingMessageListenerAdapter.onMessage(RecordMessagingMessageListenerAdapter.java:53)
		at org.springframework.kafka.listener.KafkaMessageListenerContainer$ListenerConsumer.doInvokeOnMessage(KafkaMessageListenerContainer.java:2586)
Caused by: java.lang.IllegalStateException: No Acknowledgment available as an argument, the listener container must have a MANUAL AckMode to populate the Acknowledgment.
	at org.springframework.kafka.listener.adapter.MessagingMessageListenerAdapter.checkAckArg(MessagingMessageListenerAdapter.java:369)
	at org.springframework.kafka.listener.adapter.MessagingMessageListenerAdapter.invokeHandler(MessagingMessageListenerAdapter.java:355)
	at org.springframework.kafka.listener.adapter.RecordMessagingMessageListenerAdapter.onMessage(RecordMessagingMessageListenerAdapter.java:92)
	at org.springframework.kafka.listener.adapter.RecordMessagingMessageListenerAdapter.onMessage(RecordMessagingMessageListenerAdapter.java:53)
	at org.springframework.kafka.listener.KafkaMessageListenerContainer$ListenerConsumer.doInvokeOnMessage(KafkaMessageListenerContainer.java:2586)
	... 12 common frames omitted
Caused by: org.springframework.messaging.handler.annotation.support.MethodArgumentNotValidException: Could not resolve method parameter at index 1 in public void za.co.woolworths.itemkafka_poc.kafka.consumer.ItemConsumerService.listen(org.apache.kafka.clients.consumer.ConsumerRecord<java.lang.String, java.lang.String>,org.springframework.kafka.support.Acknowledgment): 1 error(s): [Error in object 'acknowledgment': codes []; arguments []; default message [Payload value must not be empty]] 
	at org.springframework.messaging.handler.annotation.support.PayloadMethodArgumentResolver.resolveArgument(PayloadMethodArgumentResolver.java:122)
	at org.springframework.kafka.annotation.KafkaNullAwarePayloadArgumentResolver.resolveArgument(KafkaNullAwarePayloadArgumentResolver.java:46)
	at org.springframework.messaging.handler.invocation.HandlerMethodArgumentResolverComposite.resolveArgument(HandlerMethodArgumentResolverComposite.java:118)
	at org.springframework.messaging.handler.invocation.InvocableHandlerMethod.getMethodArgumentValues(InvocableHandlerMethod.java:147)
	at org.springframework.messaging.handler.invocation.InvocableHandlerMethod.invoke(InvocableHandlerMethod.java:115)
	at org.springframework.kafka.listener.adapter.HandlerAdapter.invoke(HandlerAdapter.java:56)
	at org.springframework.kafka.listener.adapter.MessagingMessageListenerAdapter.invokeHandler(MessagingMessageListenerAdapter.java:347)
	... 15 common frames omitted

2025-01-13 16:20:06.393  INFO [org.apache.kafka.clients.consumer.KafkaConsumer:1585] [Consumer clientId=consumer-item_group-1, groupId=item_group] Seeking to offset 6 for partition Item_Topic-0 
2025-01-13 16:20:06.394  INFO [za.co.woolworths.itemkafka_poc.kafka.producer.ItemProducerService:39] *****Message sent successfully for itemId: 100031654***** 
2025-01-13 16:20:06.398 ERROR [org.springframework.kafka.listener.DefaultErrorHandler:149] Backoff none exhausted for Item_Topic-0@6 org.springframework.kafka.listener.ListenerExecutionFailedException: invokeHandler Failed; nested exception is java.lang.IllegalStateException: No Acknowledgment available as an argument, the listener container must have a MANUAL AckMode to populate the Acknowledgment.; nested exception is java.lang.IllegalStateException: No Acknowledgment available as an argument, the listener container must have a MANUAL AckMode to populate the Acknowledgment.
	at org.springframework.kafka.listener.KafkaMessageListenerContainer$ListenerConsumer.decorateException(KafkaMessageListenerContainer.java:2636)
	at org.springframework.kafka.listener.KafkaMessageListenerContainer$ListenerConsumer.doInvokeOnMessage(KafkaMessageListenerContainer.java:2606)
	at org.springframework.kafka.listener.KafkaMessageListenerContainer$ListenerConsumer.invokeOnMessage(KafkaMessageListenerContainer.java:2567)
	at org.springframework.kafka.listener.KafkaMessageListenerContainer$ListenerConsumer.doInvokeRecordListener(KafkaMessageListenerContainer.java:2481)
	at org.springframework.kafka.listener.KafkaMessageListenerContainer$ListenerConsumer.doInvokeWithRecords(KafkaMessageListenerContainer.java:2403)
	at org.springframework.kafka.listener.KafkaMessageListenerContainer$ListenerConsumer.invokeRecordListener(KafkaMessageListenerContainer.java:2282)
	at org.springframework.kafka.listener.KafkaMessageListenerContainer$ListenerConsumer.invokeListener(KafkaMessageListenerContainer.java:1956)
	at org.springframework.kafka.listener.KafkaMessageListenerContainer$ListenerConsumer.invokeIfHaveRecords(KafkaMessageListenerContainer.java:1351)
	at org.springframework.kafka.listener.KafkaMessageListenerContainer$ListenerConsumer.pollAndInvoke(KafkaMessageListenerContainer.java:1342)
	at org.springframework.kafka.listener.KafkaMessageListenerContainer$ListenerConsumer.run(KafkaMessageListenerContainer.java:1234)
	at java.base/java.util.concurrent.Executors$RunnableAdapter.call(Executors.java:515)
	at java.base/java.util.concurrent.FutureTask.run$$$capture(FutureTask.java:264)
	at java.base/java.util.concurrent.FutureTask.run(FutureTask.java)
	at java.base/java.lang.Thread.run(Thread.java:832)
	Suppressed: org.springframework.kafka.listener.ListenerExecutionFailedException: Restored Stack Trace
		at org.springframework.kafka.listener.adapter.MessagingMessageListenerAdapter.checkAckArg(MessagingMessageListenerAdapter.java:369)
		at org.springframework.kafka.listener.adapter.MessagingMessageListenerAdapter.invokeHandler(MessagingMessageListenerAdapter.java:355)
		at org.springframework.kafka.listener.adapter.RecordMessagingMessageListenerAdapter.onMessage(RecordMessagingMessageListenerAdapter.java:92)
		at org.springframework.kafka.listener.adapter.RecordMessagingMessageListenerAdapter.onMessage(RecordMessagingMessageListenerAdapter.java:53)
		at org.springframework.kafka.listener.KafkaMessageListenerContainer$ListenerConsumer.doInvokeOnMessage(KafkaMessageListenerContainer.java:2586)
Caused by: java.lang.IllegalStateException: No Acknowledgment available as an argument, the listener container must have a MANUAL AckMode to populate the Acknowledgment.
	at org.springframework.kafka.listener.adapter.MessagingMessageListenerAdapter.checkAckArg(MessagingMessageListenerAdapter.java:369)
	at org.springframework.kafka.listener.adapter.MessagingMessageListenerAdapter.invokeHandler(MessagingMessageListenerAdapter.java:355)
	at org.springframework.kafka.listener.adapter.RecordMessagingMessageListenerAdapter.onMessage(RecordMessagingMessageListenerAdapter.java:92)
	at org.springframework.kafka.listener.adapter.RecordMessagingMessageListenerAdapter.onMessage(RecordMessagingMessageListenerAdapter.java:53)
	at org.springframework.kafka.listener.KafkaMessageListenerContainer$ListenerConsumer.doInvokeOnMessage(KafkaMessageListenerContainer.java:2586)
	... 12 common frames omitted
Caused by: org.springframework.messaging.handler.annotation.support.MethodArgumentNotValidException: Could not resolve method parameter at index 1 in public void za.co.woolworths.itemkafka_poc.kafka.consumer.ItemConsumerService.listen(org.apache.kafka.clients.consumer.ConsumerRecord<java.lang.String, java.lang.String>,org.springframework.kafka.support.Acknowledgment): 1 error(s): [Error in object 'acknowledgment': codes []; arguments []; default message [Payload value must not be empty]] 
	at org.springframework.messaging.handler.annotation.support.PayloadMethodArgumentResolver.resolveArgument(PayloadMethodArgumentResolver.java:122)
	at org.springframework.kafka.annotation.KafkaNullAwarePayloadArgumentResolver.resolveArgument(KafkaNullAwarePayloadArgumentResolver.java:46)
	at org.springframework.messaging.handler.invocation.HandlerMethodArgumentResolverComposite.resolveArgument(HandlerMethodArgumentResolverComposite.java:118)
	at org.springframework.messaging.handler.invocation.InvocableHandlerMethod.getMethodArgumentValues(InvocableHandlerMethod.java:147)
	at org.springframework.messaging.handler.invocation.InvocableHandlerMethod.invoke(InvocableHandlerMethod.java:115)
	at org.springframework.kafka.listener.adapter.HandlerAdapter.invoke(HandlerAdapter.java:56)
	at org.springframework.kafka.listener.adapter.MessagingMessageListenerAdapter.invokeHandler(MessagingMessageListenerAdapter.java:347)
	... 15 common frames omitted

2025-01-13 16:20:06.398  INFO [org.apache.kafka.clients.consumer.KafkaConsumer:1585] [Consumer clientId=consumer-item_group-1, groupId=item_group] Seeking to offset 7 for partition Item_Topic-0 
2025-01-13 16:20:06.400  INFO [za.co.woolworths.itemkafka_poc.kafka.producer.ItemProducerService:39] *****Message sent successfully for itemId: 100031662***** 
2025-01-13 16:20:06.403 ERROR [org.springframework.kafka.listener.DefaultErrorHandler:149] Backoff none exhausted for Item_Topic-0@7 org.springframework.kafka.listener.ListenerExecutionFailedException: invokeHandler Failed; nested exception is java.lang.IllegalStateException: No Acknowledgment available as an argument, the listener container must have a MANUAL AckMode to populate the Acknowledgment.; nested exception is java.lang.IllegalStateException: No Acknowledgment available as an argument, the listener container must have a MANUAL AckMode to populate the Acknowledgment.
	at org.springframework.kafka.listener.KafkaMessageListenerContainer$ListenerConsumer.decorateException(KafkaMessageListenerContainer.java:2636)
	at org.springframework.kafka.listener.KafkaMessageListenerContainer$ListenerConsumer.doInvokeOnMessage(KafkaMessageListenerContainer.java:2606)
	at org.springframework.kafka.listener.KafkaMessageListenerContainer$ListenerConsumer.invokeOnMessage(KafkaMessageListenerContainer.java:2567)
	at org.springframework.kafka.listener.KafkaMessageListenerContainer$ListenerConsumer.doInvokeRecordListener(KafkaMessageListenerContainer.java:2481)
	at org.springframework.kafka.listener.KafkaMessageListenerContainer$ListenerConsumer.doInvokeWithRecords(KafkaMessageListenerContainer.java:2403)
	at org.springframework.kafka.listener.KafkaMessageListenerContainer$ListenerConsumer.invokeRecordListener(KafkaMessageListenerContainer.java:2282)
	at org.springframework.kafka.listener.KafkaMessageListenerContainer$ListenerConsumer.invokeListener(KafkaMessageListenerContainer.java:1956)
	at org.springframework.kafka.listener.KafkaMessageListenerContainer$ListenerConsumer.invokeIfHaveRecords(KafkaMessageListenerContainer.java:1351)
	at org.springframework.kafka.listener.KafkaMessageListenerContainer$ListenerConsumer.pollAndInvoke(KafkaMessageListenerContainer.java:1342)
	at org.springframework.kafka.listener.KafkaMessageListenerContainer$ListenerConsumer.run(KafkaMessageListenerContainer.java:1234)
	at java.base/java.util.concurrent.Executors$RunnableAdapter.call(Executors.java:515)
	at java.base/java.util.concurrent.FutureTask.run$$$capture(FutureTask.java:264)
	at java.base/java.util.concurrent.FutureTask.run(FutureTask.java)
	at java.base/java.lang.Thread.run(Thread.java:832)
	Suppressed: org.springframework.kafka.listener.ListenerExecutionFailedException: Restored Stack Trace
		at org.springframework.kafka.listener.adapter.MessagingMessageListenerAdapter.checkAckArg(MessagingMessageListenerAdapter.java:369)
		at org.springframework.kafka.listener.adapter.MessagingMessageListenerAdapter.invokeHandler(MessagingMessageListenerAdapter.java:355)
		at org.springframework.kafka.listener.adapter.RecordMessagingMessageListenerAdapter.onMessage(RecordMessagingMessageListenerAdapter.java:92)
		at org.springframework.kafka.listener.adapter.RecordMessagingMessageListenerAdapter.onMessage(RecordMessagingMessageListenerAdapter.java:53)
		at org.springframework.kafka.listener.KafkaMessageListenerContainer$ListenerConsumer.doInvokeOnMessage(KafkaMessageListenerContainer.java:2586)
Caused by: java.lang.IllegalStateException: No Acknowledgment available as an argument, the listener container must have a MANUAL AckMode to populate the Acknowledgment.
	at org.springframework.kafka.listener.adapter.MessagingMessageListenerAdapter.checkAckArg(MessagingMessageListenerAdapter.java:369)
	at org.springframework.kafka.listener.adapter.MessagingMessageListenerAdapter.invokeHandler(MessagingMessageListenerAdapter.java:355)
	at org.springframework.kafka.listener.adapter.RecordMessagingMessageListenerAdapter.onMessage(RecordMessagingMessageListenerAdapter.java:92)
	at org.springframework.kafka.listener.adapter.RecordMessagingMessageListenerAdapter.onMessage(RecordMessagingMessageListenerAdapter.java:53)
	at org.springframework.kafka.listener.KafkaMessageListenerContainer$ListenerConsumer.doInvokeOnMessage(KafkaMessageListenerContainer.java:2586)
	... 12 common frames omitted
Caused by: org.springframework.messaging.handler.annotation.support.MethodArgumentNotValidException: Could not resolve method parameter at index 1 in public void za.co.woolworths.itemkafka_poc.kafka.consumer.ItemConsumerService.listen(org.apache.kafka.clients.consumer.ConsumerRecord<java.lang.String, java.lang.String>,org.springframework.kafka.support.Acknowledgment): 1 error(s): [Error in object 'acknowledgment': codes []; arguments []; default message [Payload value must not be empty]] 
	at org.springframework.messaging.handler.annotation.support.PayloadMethodArgumentResolver.resolveArgument(PayloadMethodArgumentResolver.java:122)
	at org.springframework.kafka.annotation.KafkaNullAwarePayloadArgumentResolver.resolveArgument(KafkaNullAwarePayloadArgumentResolver.java:46)
	at org.springframework.messaging.handler.invocation.HandlerMethodArgumentResolverComposite.resolveArgument(HandlerMethodArgumentResolverComposite.java:118)
	at org.springframework.messaging.handler.invocation.InvocableHandlerMethod.getMethodArgumentValues(InvocableHandlerMethod.java:147)
	at org.springframework.messaging.handler.invocation.InvocableHandlerMethod.invoke(InvocableHandlerMethod.java:115)
	at org.springframework.kafka.listener.adapter.HandlerAdapter.invoke(HandlerAdapter.java:56)
	at org.springframework.kafka.listener.adapter.MessagingMessageListenerAdapter.invokeHandler(MessagingMessageListenerAdapter.java:347)
	... 15 common frames omitted

2025-01-13 16:20:06.404  INFO [org.apache.kafka.clients.consumer.KafkaConsumer:1585] [Consumer clientId=consumer-item_group-1, groupId=item_group] Seeking to offset 8 for partition Item_Topic-0 
2025-01-13 16:20:06.406  INFO [za.co.woolworths.itemkafka_poc.kafka.producer.ItemProducerService:39] *****Message sent successfully for itemId: 100031670***** 
2025-01-13 16:20:06.410 ERROR [org.springframework.kafka.listener.DefaultErrorHandler:149] Backoff none exhausted for Item_Topic-0@8 org.springframework.kafka.listener.ListenerExecutionFailedException: invokeHandler Failed; nested exception is java.lang.IllegalStateException: No Acknowledgment available as an argument, the listener container must have a MANUAL AckMode to populate the Acknowledgment.; nested exception is java.lang.IllegalStateException: No Acknowledgment available as an argument, the listener container must have a MANUAL AckMode to populate the Acknowledgment.
	at org.springframework.kafka.listener.KafkaMessageListenerContainer$ListenerConsumer.decorateException(KafkaMessageListenerContainer.java:2636)
	at org.springframework.kafka.listener.KafkaMessageListenerContainer$ListenerConsumer.doInvokeOnMessage(KafkaMessageListenerContainer.java:2606)
	at org.springframework.kafka.listener.KafkaMessageListenerContainer$ListenerConsumer.invokeOnMessage(KafkaMessageListenerContainer.java:2567)
	at org.springframework.kafka.listener.KafkaMessageListenerContainer$ListenerConsumer.doInvokeRecordListener(KafkaMessageListenerContainer.java:2481)
	at org.springframework.kafka.listener.KafkaMessageListenerContainer$ListenerConsumer.doInvokeWithRecords(KafkaMessageListenerContainer.java:2403)
	at org.springframework.kafka.listener.KafkaMessageListenerContainer$ListenerConsumer.invokeRecordListener(KafkaMessageListenerContainer.java:2282)
	at org.springframework.kafka.listener.KafkaMessageListenerContainer$ListenerConsumer.invokeListener(KafkaMessageListenerContainer.java:1956)
	at org.springframework.kafka.listener.KafkaMessageListenerContainer$ListenerConsumer.invokeIfHaveRecords(KafkaMessageListenerContainer.java:1351)
	at org.springframework.kafka.listener.KafkaMessageListenerContainer$ListenerConsumer.pollAndInvoke(KafkaMessageListenerContainer.java:1342)
	at org.springframework.kafka.listener.KafkaMessageListenerContainer$ListenerConsumer.run(KafkaMessageListenerContainer.java:1234)
	at java.base/java.util.concurrent.Executors$RunnableAdapter.call(Executors.java:515)
	at java.base/java.util.concurrent.FutureTask.run$$$capture(FutureTask.java:264)
	at java.base/java.util.concurrent.FutureTask.run(FutureTask.java)
	at java.base/java.lang.Thread.run(Thread.java:832)
	Suppressed: org.springframework.kafka.listener.ListenerExecutionFailedException: Restored Stack Trace
		at org.springframework.kafka.listener.adapter.MessagingMessageListenerAdapter.checkAckArg(MessagingMessageListenerAdapter.java:369)
		at org.springframework.kafka.listener.adapter.MessagingMessageListenerAdapter.invokeHandler(MessagingMessageListenerAdapter.java:355)
		at org.springframework.kafka.listener.adapter.RecordMessagingMessageListenerAdapter.onMessage(RecordMessagingMessageListenerAdapter.java:92)
		at org.springframework.kafka.listener.adapter.RecordMessagingMessageListenerAdapter.onMessage(RecordMessagingMessageListenerAdapter.java:53)
		at org.springframework.kafka.listener.KafkaMessageListenerContainer$ListenerConsumer.doInvokeOnMessage(KafkaMessageListenerContainer.java:2586)
Caused by: java.lang.IllegalStateException: No Acknowledgment available as an argument, the listener container must have a MANUAL AckMode to populate the Acknowledgment.
	at org.springframework.kafka.listener.adapter.MessagingMessageListenerAdapter.checkAckArg(MessagingMessageListenerAdapter.java:369)
	at org.springframework.kafka.listener.adapter.MessagingMessageListenerAdapter.invokeHandler(MessagingMessageListenerAdapter.java:355)
	at org.springframework.kafka.listener.adapter.RecordMessagingMessageListenerAdapter.onMessage(RecordMessagingMessageListenerAdapter.java:92)
	at org.springframework.kafka.listener.adapter.RecordMessagingMessageListenerAdapter.onMessage(RecordMessagingMessageListenerAdapter.java:53)
	at org.springframework.kafka.listener.KafkaMessageListenerContainer$ListenerConsumer.doInvokeOnMessage(KafkaMessageListenerContainer.java:2586)
	... 12 common frames omitted
Caused by: org.springframework.messaging.handler.annotation.support.MethodArgumentNotValidException: Could not resolve method parameter at index 1 in public void za.co.woolworths.itemkafka_poc.kafka.consumer.ItemConsumerService.listen(org.apache.kafka.clients.consumer.ConsumerRecord<java.lang.String, java.lang.String>,org.springframework.kafka.support.Acknowledgment): 1 error(s): [Error in object 'acknowledgment': codes []; arguments []; default message [Payload value must not be empty]] 
	at org.springframework.messaging.handler.annotation.support.PayloadMethodArgumentResolver.resolveArgument(PayloadMethodArgumentResolver.java:122)
	at org.springframework.kafka.annotation.KafkaNullAwarePayloadArgumentResolver.resolveArgument(KafkaNullAwarePayloadArgumentResolver.java:46)
	at org.springframework.messaging.handler.invocation.HandlerMethodArgumentResolverComposite.resolveArgument(HandlerMethodArgumentResolverComposite.java:118)
	at org.springframework.messaging.handler.invocation.InvocableHandlerMethod.getMethodArgumentValues(InvocableHandlerMethod.java:147)
	at org.springframework.messaging.handler.invocation.InvocableHandlerMethod.invoke(InvocableHandlerMethod.java:115)
	at org.springframework.kafka.listener.adapter.HandlerAdapter.invoke(HandlerAdapter.java:56)
	at org.springframework.kafka.listener.adapter.MessagingMessageListenerAdapter.invokeHandler(MessagingMessageListenerAdapter.java:347)
	... 15 common frames omitted

2025-01-13 16:20:06.411  INFO [org.apache.kafka.clients.consumer.KafkaConsumer:1585] [Consumer clientId=consumer-item_group-1, groupId=item_group] Seeking to offset 9 for partition Item_Topic-0 
2025-01-13 16:20:06.412  INFO [za.co.woolworths.itemkafka_poc.kafka.producer.ItemProducerService:39] *****Message sent successfully for itemId: 100031872***** 
2025-01-13 16:20:06.416 ERROR [org.springframework.kafka.listener.DefaultErrorHandler:149] Backoff none exhausted for Item_Topic-0@9 org.springframework.kafka.listener.ListenerExecutionFailedException: invokeHandler Failed; nested exception is java.lang.IllegalStateException: No Acknowledgment available as an argument, the listener container must have a MANUAL AckMode to populate the Acknowledgment.; nested exception is java.lang.IllegalStateException: No Acknowledgment available as an argument, the listener container must have a MANUAL AckMode to populate the Acknowledgment.
	at org.springframework.kafka.listener.KafkaMessageListenerContainer$ListenerConsumer.decorateException(KafkaMessageListenerContainer.java:2636)
	at org.springframework.kafka.listener.KafkaMessageListenerContainer$ListenerConsumer.doInvokeOnMessage(KafkaMessageListenerContainer.java:2606)
	at org.springframework.kafka.listener.KafkaMessageListenerContainer$ListenerConsumer.invokeOnMessage(KafkaMessageListenerContainer.java:2567)
	at org.springframework.kafka.listener.KafkaMessageListenerContainer$ListenerConsumer.doInvokeRecordListener(KafkaMessageListenerContainer.java:2481)
	at org.springframework.kafka.listener.KafkaMessageListenerContainer$ListenerConsumer.doInvokeWithRecords(KafkaMessageListenerContainer.java:2403)
	at org.springframework.kafka.listener.KafkaMessageListenerContainer$ListenerConsumer.invokeRecordListener(KafkaMessageListenerContainer.java:2282)
	at org.springframework.kafka.listener.KafkaMessageListenerContainer$ListenerConsumer.invokeListener(KafkaMessageListenerContainer.java:1956)
	at org.springframework.kafka.listener.KafkaMessageListenerContainer$ListenerConsumer.invokeIfHaveRecords(KafkaMessageListenerContainer.java:1351)
	at org.springframework.kafka.listener.KafkaMessageListenerContainer$ListenerConsumer.pollAndInvoke(KafkaMessageListenerContainer.java:1342)
	at org.springframework.kafka.listener.KafkaMessageListenerContainer$ListenerConsumer.run(KafkaMessageListenerContainer.java:1234)
	at java.base/java.util.concurrent.Executors$RunnableAdapter.call(Executors.java:515)
	at java.base/java.util.concurrent.FutureTask.run$$$capture(FutureTask.java:264)
	at java.base/java.util.concurrent.FutureTask.run(FutureTask.java)
	at java.base/java.lang.Thread.run(Thread.java:832)
	Suppressed: org.springframework.kafka.listener.ListenerExecutionFailedException: Restored Stack Trace
		at org.springframework.kafka.listener.adapter.MessagingMessageListenerAdapter.checkAckArg(MessagingMessageListenerAdapter.java:369)
		at org.springframework.kafka.listener.adapter.MessagingMessageListenerAdapter.invokeHandler(MessagingMessageListenerAdapter.java:355)
		at org.springframework.kafka.listener.adapter.RecordMessagingMessageListenerAdapter.onMessage(RecordMessagingMessageListenerAdapter.java:92)
		at org.springframework.kafka.listener.adapter.RecordMessagingMessageListenerAdapter.onMessage(RecordMessagingMessageListenerAdapter.java:53)
		at org.springframework.kafka.listener.KafkaMessageListenerContainer$ListenerConsumer.doInvokeOnMessage(KafkaMessageListenerContainer.java:2586)
Caused by: java.lang.IllegalStateException: No Acknowledgment available as an argument, the listener container must have a MANUAL AckMode to populate the Acknowledgment.
	at org.springframework.kafka.listener.adapter.MessagingMessageListenerAdapter.checkAckArg(MessagingMessageListenerAdapter.java:369)
	at org.springframework.kafka.listener.adapter.MessagingMessageListenerAdapter.invokeHandler(MessagingMessageListenerAdapter.java:355)
	at org.springframework.kafka.listener.adapter.RecordMessagingMessageListenerAdapter.onMessage(RecordMessagingMessageListenerAdapter.java:92)
	at org.springframework.kafka.listener.adapter.RecordMessagingMessageListenerAdapter.onMessage(RecordMessagingMessageListenerAdapter.java:53)
	at org.springframework.kafka.listener.KafkaMessageListenerContainer$ListenerConsumer.doInvokeOnMessage(KafkaMessageListenerContainer.java:2586)
	... 12 common frames omitted
Caused by: org.springframework.messaging.handler.annotation.support.MethodArgumentNotValidException: Could not resolve method parameter at index 1 in public void za.co.woolworths.itemkafka_poc.kafka.consumer.ItemConsumerService.listen(org.apache.kafka.clients.consumer.ConsumerRecord<java.lang.String, java.lang.String>,org.springframework.kafka.support.Acknowledgment): 1 error(s): [Error in object 'acknowledgment': codes []; arguments []; default message [Payload value must not be empty]] 
	at org.springframework.messaging.handler.annotation.support.PayloadMethodArgumentResolver.resolveArgument(PayloadMethodArgumentResolver.java:122)
	at org.springframework.kafka.annotation.KafkaNullAwarePayloadArgumentResolver.resolveArgument(KafkaNullAwarePayloadArgumentResolver.java:46)
	at org.springframework.messaging.handler.invocation.HandlerMethodArgumentResolverComposite.resolveArgument(HandlerMethodArgumentResolverComposite.java:118)
	at org.springframework.messaging.handler.invocation.InvocableHandlerMethod.getMethodArgumentValues(InvocableHandlerMethod.java:147)
	at org.springframework.messaging.handler.invocation.InvocableHandlerMethod.invoke(InvocableHandlerMethod.java:115)
	at org.springframework.kafka.listener.adapter.HandlerAdapter.invoke(HandlerAdapter.java:56)
	at org.springframework.kafka.listener.adapter.MessagingMessageListenerAdapter.invokeHandler(MessagingMessageListenerAdapter.java:347)
	... 15 common frames omitted

2025-01-13 16:20:06.417  INFO [org.apache.kafka.clients.consumer.KafkaConsumer:1585] [Consumer clientId=consumer-item_group-1, groupId=item_group] Seeking to offset 10 for partition Item_Topic-0 
2025-01-13 16:20:06.418  INFO [za.co.woolworths.itemkafka_poc.kafka.producer.ItemProducerService:39] *****Message sent successfully for itemId: 100032622***** 
2025-01-13 16:20:06.423 ERROR [org.springframework.kafka.listener.DefaultErrorHandler:149] Backoff none exhausted for Item_Topic-0@10 org.springframework.kafka.listener.ListenerExecutionFailedException: invokeHandler Failed; nested exception is java.lang.IllegalStateException: No Acknowledgment available as an argument, the listener container must have a MANUAL AckMode to populate the Acknowledgment.; nested exception is java.lang.IllegalStateException: No Acknowledgment available as an argument, the listener container must have a MANUAL AckMode to populate the Acknowledgment.
	at org.springframework.kafka.listener.KafkaMessageListenerContainer$ListenerConsumer.decorateException(KafkaMessageListenerContainer.java:2636)
	at org.springframework.kafka.listener.KafkaMessageListenerContainer$ListenerConsumer.doInvokeOnMessage(KafkaMessageListenerContainer.java:2606)
	at org.springframework.kafka.listener.KafkaMessageListenerContainer$ListenerConsumer.invokeOnMessage(KafkaMessageListenerContainer.java:2567)
	at org.springframework.kafka.listener.KafkaMessageListenerContainer$ListenerConsumer.doInvokeRecordListener(KafkaMessageListenerContainer.java:2481)
	at org.springframework.kafka.listener.KafkaMessageListenerContainer$ListenerConsumer.doInvokeWithRecords(KafkaMessageListenerContainer.java:2403)
	at org.springframework.kafka.listener.KafkaMessageListenerContainer$ListenerConsumer.invokeRecordListener(KafkaMessageListenerContainer.java:2282)
	at org.springframework.kafka.listener.KafkaMessageListenerContainer$ListenerConsumer.invokeListener(KafkaMessageListenerContainer.java:1956)
	at org.springframework.kafka.listener.KafkaMessageListenerContainer$ListenerConsumer.invokeIfHaveRecords(KafkaMessageListenerContainer.java:1351)
	at org.springframework.kafka.listener.KafkaMessageListenerContainer$ListenerConsumer.pollAndInvoke(KafkaMessageListenerContainer.java:1342)
	at org.springframework.kafka.listener.KafkaMessageListenerContainer$ListenerConsumer.run(KafkaMessageListenerContainer.java:1234)
	at java.base/java.util.concurrent.Executors$RunnableAdapter.call(Executors.java:515)
	at java.base/java.util.concurrent.FutureTask.run$$$capture(FutureTask.java:264)
	at java.base/java.util.concurrent.FutureTask.run(FutureTask.java)
	at java.base/java.lang.Thread.run(Thread.java:832)
	Suppressed: org.springframework.kafka.listener.ListenerExecutionFailedException: Restored Stack Trace
		at org.springframework.kafka.listener.adapter.MessagingMessageListenerAdapter.checkAckArg(MessagingMessageListenerAdapter.java:369)
		at org.springframework.kafka.listener.adapter.MessagingMessageListenerAdapter.invokeHandler(MessagingMessageListenerAdapter.java:355)
		at org.springframework.kafka.listener.adapter.RecordMessagingMessageListenerAdapter.onMessage(RecordMessagingMessageListenerAdapter.java:92)
		at org.springframework.kafka.listener.adapter.RecordMessagingMessageListenerAdapter.onMessage(RecordMessagingMessageListenerAdapter.java:53)
		at org.springframework.kafka.listener.KafkaMessageListenerContainer$ListenerConsumer.doInvokeOnMessage(KafkaMessageListenerContainer.java:2586)
Caused by: java.lang.IllegalStateException: No Acknowledgment available as an argument, the listener container must have a MANUAL AckMode to populate the Acknowledgment.
	at org.springframework.kafka.listener.adapter.MessagingMessageListenerAdapter.checkAckArg(MessagingMessageListenerAdapter.java:369)
	at org.springframework.kafka.listener.adapter.MessagingMessageListenerAdapter.invokeHandler(MessagingMessageListenerAdapter.java:355)
	at org.springframework.kafka.listener.adapter.RecordMessagingMessageListenerAdapter.onMessage(RecordMessagingMessageListenerAdapter.java:92)
	at org.springframework.kafka.listener.adapter.RecordMessagingMessageListenerAdapter.onMessage(RecordMessagingMessageListenerAdapter.java:53)
	at org.springframework.kafka.listener.KafkaMessageListenerContainer$ListenerConsumer.doInvokeOnMessage(KafkaMessageListenerContainer.java:2586)
	... 12 common frames omitted
Caused by: org.springframework.messaging.handler.annotation.support.MethodArgumentNotValidException: Could not resolve method parameter at index 1 in public void za.co.woolworths.itemkafka_poc.kafka.consumer.ItemConsumerService.listen(org.apache.kafka.clients.consumer.ConsumerRecord<java.lang.String, java.lang.String>,org.springframework.kafka.support.Acknowledgment): 1 error(s): [Error in object 'acknowledgment': codes []; arguments []; default message [Payload value must not be empty]] 
	at org.springframework.messaging.handler.annotation.support.PayloadMethodArgumentResolver.resolveArgument(PayloadMethodArgumentResolver.java:122)
	at org.springframework.kafka.annotation.KafkaNullAwarePayloadArgumentResolver.resolveArgument(KafkaNullAwarePayloadArgumentResolver.java:46)
	at org.springframework.messaging.handler.invocation.HandlerMethodArgumentResolverComposite.resolveArgument(HandlerMethodArgumentResolverComposite.java:118)
	at org.springframework.messaging.handler.invocation.InvocableHandlerMethod.getMethodArgumentValues(InvocableHandlerMethod.java:147)
	at org.springframework.messaging.handler.invocation.InvocableHandlerMethod.invoke(InvocableHandlerMethod.java:115)
	at org.springframework.kafka.listener.adapter.HandlerAdapter.invoke(HandlerAdapter.java:56)
	at org.springframework.kafka.listener.adapter.MessagingMessageListenerAdapter.invokeHandler(MessagingMessageListenerAdapter.java:347)
	... 15 common frames omitted

2025-01-13 16:20:06.424  INFO [org.apache.kafka.clients.consumer.KafkaConsumer:1585] [Consumer clientId=consumer-item_group-1, groupId=item_group] Seeking to offset 11 for partition Item_Topic-0 
2025-01-13 16:20:06.425  INFO [za.co.woolworths.itemkafka_poc.kafka.producer.ItemProducerService:39] *****Message sent successfully for itemId: 100032630***** 
2025-01-13 16:20:06.430 ERROR [org.springframework.kafka.listener.DefaultErrorHandler:149] Backoff none exhausted for Item_Topic-0@11 org.springframework.kafka.listener.ListenerExecutionFailedException: invokeHandler Failed; nested exception is java.lang.IllegalStateException: No Acknowledgment available as an argument, the listener container must have a MANUAL AckMode to populate the Acknowledgment.; nested exception is java.lang.IllegalStateException: No Acknowledgment available as an argument, the listener container must have a MANUAL AckMode to populate the Acknowledgment.
	at org.springframework.kafka.listener.KafkaMessageListenerContainer$ListenerConsumer.decorateException(KafkaMessageListenerContainer.java:2636)
	at org.springframework.kafka.listener.KafkaMessageListenerContainer$ListenerConsumer.doInvokeOnMessage(KafkaMessageListenerContainer.java:2606)
	at org.springframework.kafka.listener.KafkaMessageListenerContainer$ListenerConsumer.invokeOnMessage(KafkaMessageListenerContainer.java:2567)
	at org.springframework.kafka.listener.KafkaMessageListenerContainer$ListenerConsumer.doInvokeRecordListener(KafkaMessageListenerContainer.java:2481)
	at org.springframework.kafka.listener.KafkaMessageListenerContainer$ListenerConsumer.doInvokeWithRecords(KafkaMessageListenerContainer.java:2403)
	at org.springframework.kafka.listener.KafkaMessageListenerContainer$ListenerConsumer.invokeRecordListener(KafkaMessageListenerContainer.java:2282)
	at org.springframework.kafka.listener.KafkaMessageListenerContainer$ListenerConsumer.invokeListener(KafkaMessageListenerContainer.java:1956)
	at org.springframework.kafka.listener.KafkaMessageListenerContainer$ListenerConsumer.invokeIfHaveRecords(KafkaMessageListenerContainer.java:1351)
	at org.springframework.kafka.listener.KafkaMessageListenerContainer$ListenerConsumer.pollAndInvoke(KafkaMessageListenerContainer.java:1342)
	at org.springframework.kafka.listener.KafkaMessageListenerContainer$ListenerConsumer.run(KafkaMessageListenerContainer.java:1234)
	at java.base/java.util.concurrent.Executors$RunnableAdapter.call(Executors.java:515)
	at java.base/java.util.concurrent.FutureTask.run$$$capture(FutureTask.java:264)
	at java.base/java.util.concurrent.FutureTask.run(FutureTask.java)
	at java.base/java.lang.Thread.run(Thread.java:832)
	Suppressed: org.springframework.kafka.listener.ListenerExecutionFailedException: Restored Stack Trace
		at org.springframework.kafka.listener.adapter.MessagingMessageListenerAdapter.checkAckArg(MessagingMessageListenerAdapter.java:369)
		at org.springframework.kafka.listener.adapter.MessagingMessageListenerAdapter.invokeHandler(MessagingMessageListenerAdapter.java:355)
		at org.springframework.kafka.listener.adapter.RecordMessagingMessageListenerAdapter.onMessage(RecordMessagingMessageListenerAdapter.java:92)
		at org.springframework.kafka.listener.adapter.RecordMessagingMessageListenerAdapter.onMessage(RecordMessagingMessageListenerAdapter.java:53)
		at org.springframework.kafka.listener.KafkaMessageListenerContainer$ListenerConsumer.doInvokeOnMessage(KafkaMessageListenerContainer.java:2586)
Caused by: java.lang.IllegalStateException: No Acknowledgment available as an argument, the listener container must have a MANUAL AckMode to populate the Acknowledgment.
	at org.springframework.kafka.listener.adapter.MessagingMessageListenerAdapter.checkAckArg(MessagingMessageListenerAdapter.java:369)
	at org.springframework.kafka.listener.adapter.MessagingMessageListenerAdapter.invokeHandler(MessagingMessageListenerAdapter.java:355)
	at org.springframework.kafka.listener.adapter.RecordMessagingMessageListenerAdapter.onMessage(RecordMessagingMessageListenerAdapter.java:92)
	at org.springframework.kafka.listener.adapter.RecordMessagingMessageListenerAdapter.onMessage(RecordMessagingMessageListenerAdapter.java:53)
	at org.springframework.kafka.listener.KafkaMessageListenerContainer$ListenerConsumer.doInvokeOnMessage(KafkaMessageListenerContainer.java:2586)
	... 12 common frames omitted
Caused by: org.springframework.messaging.handler.annotation.support.MethodArgumentNotValidException: Could not resolve method parameter at index 1 in public void za.co.woolworths.itemkafka_poc.kafka.consumer.ItemConsumerService.listen(org.apache.kafka.clients.consumer.ConsumerRecord<java.lang.String, java.lang.String>,org.springframework.kafka.support.Acknowledgment): 1 error(s): [Error in object 'acknowledgment': codes []; arguments []; default message [Payload value must not be empty]] 
	at org.springframework.messaging.handler.annotation.support.PayloadMethodArgumentResolver.resolveArgument(PayloadMethodArgumentResolver.java:122)
	at org.springframework.kafka.annotation.KafkaNullAwarePayloadArgumentResolver.resolveArgument(KafkaNullAwarePayloadArgumentResolver.java:46)
	at org.springframework.messaging.handler.invocation.HandlerMethodArgumentResolverComposite.resolveArgument(HandlerMethodArgumentResolverComposite.java:118)
	at org.springframework.messaging.handler.invocation.InvocableHandlerMethod.getMethodArgumentValues(InvocableHandlerMethod.java:147)
	at org.springframework.messaging.handler.invocation.InvocableHandlerMethod.invoke(InvocableHandlerMethod.java:115)
	at org.springframework.kafka.listener.adapter.HandlerAdapter.invoke(HandlerAdapter.java:56)
	at org.springframework.kafka.listener.adapter.MessagingMessageListenerAdapter.invokeHandler(MessagingMessageListenerAdapter.java:347)
	... 15 common frames omitted

2025-01-13 16:20:06.430  INFO [org.apache.kafka.clients.consumer.KafkaConsumer:1585] [Consumer clientId=consumer-item_group-1, groupId=item_group] Seeking to offset 12 for partition Item_Topic-0 
2025-01-13 16:20:06.431  INFO [za.co.woolworths.itemkafka_poc.kafka.producer.ItemProducerService:39] *****Message sent successfully for itemId: 100032648***** 
2025-01-13 16:20:06.436 ERROR [org.springframework.kafka.listener.DefaultErrorHandler:149] Backoff none exhausted for Item_Topic-0@12 org.springframework.kafka.listener.ListenerExecutionFailedException: invokeHandler Failed; nested exception is java.lang.IllegalStateException: No Acknowledgment available as an argument, the listener container must have a MANUAL AckMode to populate the Acknowledgment.; nested exception is java.lang.IllegalStateException: No Acknowledgment available as an argument, the listener container must have a MANUAL AckMode to populate the Acknowledgment.
	at org.springframework.kafka.listener.KafkaMessageListenerContainer$ListenerConsumer.decorateException(KafkaMessageListenerContainer.java:2636)
	at org.springframework.kafka.listener.KafkaMessageListenerContainer$ListenerConsumer.doInvokeOnMessage(KafkaMessageListenerContainer.java:2606)
	at org.springframework.kafka.listener.KafkaMessageListenerContainer$ListenerConsumer.invokeOnMessage(KafkaMessageListenerContainer.java:2567)
	at org.springframework.kafka.listener.KafkaMessageListenerContainer$ListenerConsumer.doInvokeRecordListener(KafkaMessageListenerContainer.java:2481)
	at org.springframework.kafka.listener.KafkaMessageListenerContainer$ListenerConsumer.doInvokeWithRecords(KafkaMessageListenerContainer.java:2403)
	at org.springframework.kafka.listener.KafkaMessageListenerContainer$ListenerConsumer.invokeRecordListener(KafkaMessageListenerContainer.java:2282)
	at org.springframework.kafka.listener.KafkaMessageListenerContainer$ListenerConsumer.invokeListener(KafkaMessageListenerContainer.java:1956)
	at org.springframework.kafka.listener.KafkaMessageListenerContainer$ListenerConsumer.invokeIfHaveRecords(KafkaMessageListenerContainer.java:1351)
	at org.springframework.kafka.listener.KafkaMessageListenerContainer$ListenerConsumer.pollAndInvoke(KafkaMessageListenerContainer.java:1342)
	at org.springframework.kafka.listener.KafkaMessageListenerContainer$ListenerConsumer.run(KafkaMessageListenerContainer.java:1234)
	at java.base/java.util.concurrent.Executors$RunnableAdapter.call(Executors.java:515)
	at java.base/java.util.concurrent.FutureTask.run$$$capture(FutureTask.java:264)
	at java.base/java.util.concurrent.FutureTask.run(FutureTask.java)
	at java.base/java.lang.Thread.run(Thread.java:832)
	Suppressed: org.springframework.kafka.listener.ListenerExecutionFailedException: Restored Stack Trace
		at org.springframework.kafka.listener.adapter.MessagingMessageListenerAdapter.checkAckArg(MessagingMessageListenerAdapter.java:369)
		at org.springframework.kafka.listener.adapter.MessagingMessageListenerAdapter.invokeHandler(MessagingMessageListenerAdapter.java:355)
		at org.springframework.kafka.listener.adapter.RecordMessagingMessageListenerAdapter.onMessage(RecordMessagingMessageListenerAdapter.java:92)
		at org.springframework.kafka.listener.adapter.RecordMessagingMessageListenerAdapter.onMessage(RecordMessagingMessageListenerAdapter.java:53)
		at org.springframework.kafka.listener.KafkaMessageListenerContainer$ListenerConsumer.doInvokeOnMessage(KafkaMessageListenerContainer.java:2586)
Caused by: java.lang.IllegalStateException: No Acknowledgment available as an argument, the listener container must have a MANUAL AckMode to populate the Acknowledgment.
	at org.springframework.kafka.listener.adapter.MessagingMessageListenerAdapter.checkAckArg(MessagingMessageListenerAdapter.java:369)
	at org.springframework.kafka.listener.adapter.MessagingMessageListenerAdapter.invokeHandler(MessagingMessageListenerAdapter.java:355)
	at org.springframework.kafka.listener.adapter.RecordMessagingMessageListenerAdapter.onMessage(RecordMessagingMessageListenerAdapter.java:92)
	at org.springframework.kafka.listener.adapter.RecordMessagingMessageListenerAdapter.onMessage(RecordMessagingMessageListenerAdapter.java:53)
	at org.springframework.kafka.listener.KafkaMessageListenerContainer$ListenerConsumer.doInvokeOnMessage(KafkaMessageListenerContainer.java:2586)
	... 12 common frames omitted
Caused by: org.springframework.messaging.handler.annotation.support.MethodArgumentNotValidException: Could not resolve method parameter at index 1 in public void za.co.woolworths.itemkafka_poc.kafka.consumer.ItemConsumerService.listen(org.apache.kafka.clients.consumer.ConsumerRecord<java.lang.String, java.lang.String>,org.springframework.kafka.support.Acknowledgment): 1 error(s): [Error in object 'acknowledgment': codes []; arguments []; default message [Payload value must not be empty]] 
	at org.springframework.messaging.handler.annotation.support.PayloadMethodArgumentResolver.resolveArgument(PayloadMethodArgumentResolver.java:122)
	at org.springframework.kafka.annotation.KafkaNullAwarePayloadArgumentResolver.resolveArgument(KafkaNullAwarePayloadArgumentResolver.java:46)
	at org.springframework.messaging.handler.invocation.HandlerMethodArgumentResolverComposite.resolveArgument(HandlerMethodArgumentResolverComposite.java:118)
	at org.springframework.messaging.handler.invocation.InvocableHandlerMethod.getMethodArgumentValues(InvocableHandlerMethod.java:147)
	at org.springframework.messaging.handler.invocation.InvocableHandlerMethod.invoke(InvocableHandlerMethod.java:115)
	at org.springframework.kafka.listener.adapter.HandlerAdapter.invoke(HandlerAdapter.java:56)
	at org.springframework.kafka.listener.adapter.MessagingMessageListenerAdapter.invokeHandler(MessagingMessageListenerAdapter.java:347)
	... 15 common frames omitted

2025-01-13 16:20:06.437  INFO [org.apache.kafka.clients.consumer.KafkaConsumer:1585] [Consumer clientId=consumer-item_group-1, groupId=item_group] Seeking to offset 13 for partition Item_Topic-0 
2025-01-13 16:20:06.438  INFO [za.co.woolworths.itemkafka_poc.kafka.producer.ItemProducerService:39] *****Message sent successfully for itemId: 100032656***** 
2025-01-13 16:20:06.442 ERROR [org.springframework.kafka.listener.DefaultErrorHandler:149] Backoff none exhausted for Item_Topic-0@13 org.springframework.kafka.listener.ListenerExecutionFailedException: invokeHandler Failed; nested exception is java.lang.IllegalStateException: No Acknowledgment available as an argument, the listener container must have a MANUAL AckMode to populate the Acknowledgment.; nested exception is java.lang.IllegalStateException: No Acknowledgment available as an argument, the listener container must have a MANUAL AckMode to populate the Acknowledgment.
	at org.springframework.kafka.listener.KafkaMessageListenerContainer$ListenerConsumer.decorateException(KafkaMessageListenerContainer.java:2636)
	at org.springframework.kafka.listener.KafkaMessageListenerContainer$ListenerConsumer.doInvokeOnMessage(KafkaMessageListenerContainer.java:2606)
	at org.springframework.kafka.listener.KafkaMessageListenerContainer$ListenerConsumer.invokeOnMessage(KafkaMessageListenerContainer.java:2567)
	at org.springframework.kafka.listener.KafkaMessageListenerContainer$ListenerConsumer.doInvokeRecordListener(KafkaMessageListenerContainer.java:2481)
	at org.springframework.kafka.listener.KafkaMessageListenerContainer$ListenerConsumer.doInvokeWithRecords(KafkaMessageListenerContainer.java:2403)
	at org.springframework.kafka.listener.KafkaMessageListenerContainer$ListenerConsumer.invokeRecordListener(KafkaMessageListenerContainer.java:2282)
	at org.springframework.kafka.listener.KafkaMessageListenerContainer$ListenerConsumer.invokeListener(KafkaMessageListenerContainer.java:1956)
	at org.springframework.kafka.listener.KafkaMessageListenerContainer$ListenerConsumer.invokeIfHaveRecords(KafkaMessageListenerContainer.java:1351)
	at org.springframework.kafka.listener.KafkaMessageListenerContainer$ListenerConsumer.pollAndInvoke(KafkaMessageListenerContainer.java:1342)
	at org.springframework.kafka.listener.KafkaMessageListenerContainer$ListenerConsumer.run(KafkaMessageListenerContainer.java:1234)
	at java.base/java.util.concurrent.Executors$RunnableAdapter.call(Executors.java:515)
	at java.base/java.util.concurrent.FutureTask.run$$$capture(FutureTask.java:264)
	at java.base/java.util.concurrent.FutureTask.run(FutureTask.java)
	at java.base/java.lang.Thread.run(Thread.java:832)
	Suppressed: org.springframework.kafka.listener.ListenerExecutionFailedException: Restored Stack Trace
		at org.springframework.kafka.listener.adapter.MessagingMessageListenerAdapter.checkAckArg(MessagingMessageListenerAdapter.java:369)
		at org.springframework.kafka.listener.adapter.MessagingMessageListenerAdapter.invokeHandler(MessagingMessageListenerAdapter.java:355)
		at org.springframework.kafka.listener.adapter.RecordMessagingMessageListenerAdapter.onMessage(RecordMessagingMessageListenerAdapter.java:92)
		at org.springframework.kafka.listener.adapter.RecordMessagingMessageListenerAdapter.onMessage(RecordMessagingMessageListenerAdapter.java:53)
		at org.springframework.kafka.listener.KafkaMessageListenerContainer$ListenerConsumer.doInvokeOnMessage(KafkaMessageListenerContainer.java:2586)
Caused by: java.lang.IllegalStateException: No Acknowledgment available as an argument, the listener container must have a MANUAL AckMode to populate the Acknowledgment.
	at org.springframework.kafka.listener.adapter.MessagingMessageListenerAdapter.checkAckArg(MessagingMessageListenerAdapter.java:369)
	at org.springframework.kafka.listener.adapter.MessagingMessageListenerAdapter.invokeHandler(MessagingMessageListenerAdapter.java:355)
	at org.springframework.kafka.listener.adapter.RecordMessagingMessageListenerAdapter.onMessage(RecordMessagingMessageListenerAdapter.java:92)
	at org.springframework.kafka.listener.adapter.RecordMessagingMessageListenerAdapter.onMessage(RecordMessagingMessageListenerAdapter.java:53)
	at org.springframework.kafka.listener.KafkaMessageListenerContainer$ListenerConsumer.doInvokeOnMessage(KafkaMessageListenerContainer.java:2586)
	... 12 common frames omitted
Caused by: org.springframework.messaging.handler.annotation.support.MethodArgumentNotValidException: Could not resolve method parameter at index 1 in public void za.co.woolworths.itemkafka_poc.kafka.consumer.ItemConsumerService.listen(org.apache.kafka.clients.consumer.ConsumerRecord<java.lang.String, java.lang.String>,org.springframework.kafka.support.Acknowledgment): 1 error(s): [Error in object 'acknowledgment': codes []; arguments []; default message [Payload value must not be empty]] 
	at org.springframework.messaging.handler.annotation.support.PayloadMethodArgumentResolver.resolveArgument(PayloadMethodArgumentResolver.java:122)
	at org.springframework.kafka.annotation.KafkaNullAwarePayloadArgumentResolver.resolveArgument(KafkaNullAwarePayloadArgumentResolver.java:46)
	at org.springframework.messaging.handler.invocation.HandlerMethodArgumentResolverComposite.resolveArgument(HandlerMethodArgumentResolverComposite.java:118)
	at org.springframework.messaging.handler.invocation.InvocableHandlerMethod.getMethodArgumentValues(InvocableHandlerMethod.java:147)
	at org.springframework.messaging.handler.invocation.InvocableHandlerMethod.invoke(InvocableHandlerMethod.java:115)
	at org.springframework.kafka.listener.adapter.HandlerAdapter.invoke(HandlerAdapter.java:56)
	at org.springframework.kafka.listener.adapter.MessagingMessageListenerAdapter.invokeHandler(MessagingMessageListenerAdapter.java:347)
	... 15 common frames omitted

2025-01-13 16:20:06.443  INFO [org.apache.kafka.clients.consumer.KafkaConsumer:1585] [Consumer clientId=consumer-item_group-1, groupId=item_group] Seeking to offset 14 for partition Item_Topic-0 
2025-01-13 16:20:06.444  INFO [za.co.woolworths.itemkafka_poc.kafka.producer.ItemProducerService:39] *****Message sent successfully for itemId: 100033624***** 
2025-01-13 16:20:06.453 ERROR [org.springframework.kafka.listener.DefaultErrorHandler:149] Backoff none exhausted for Item_Topic-0@14 org.springframework.kafka.listener.ListenerExecutionFailedException: invokeHandler Failed; nested exception is java.lang.IllegalStateException: No Acknowledgment available as an argument, the listener container must have a MANUAL AckMode to populate the Acknowledgment.; nested exception is java.lang.IllegalStateException: No Acknowledgment available as an argument, the listener container must have a MANUAL AckMode to populate the Acknowledgment.
	at org.springframework.kafka.listener.KafkaMessageListenerContainer$ListenerConsumer.decorateException(KafkaMessageListenerContainer.java:2636)
	at org.springframework.kafka.listener.KafkaMessageListenerContainer$ListenerConsumer.doInvokeOnMessage(KafkaMessageListenerContainer.java:2606)
	at org.springframework.kafka.listener.KafkaMessageListenerContainer$ListenerConsumer.invokeOnMessage(KafkaMessageListenerContainer.java:2567)
	at org.springframework.kafka.listener.KafkaMessageListenerContainer$ListenerConsumer.doInvokeRecordListener(KafkaMessageListenerContainer.java:2481)
	at org.springframework.kafka.listener.KafkaMessageListenerContainer$ListenerConsumer.doInvokeWithRecords(KafkaMessageListenerContainer.java:2403)
	at org.springframework.kafka.listener.KafkaMessageListenerContainer$ListenerConsumer.invokeRecordListener(KafkaMessageListenerContainer.java:2282)
	at org.springframework.kafka.listener.KafkaMessageListenerContainer$ListenerConsumer.invokeListener(KafkaMessageListenerContainer.java:1956)
	at org.springframework.kafka.listener.KafkaMessageListenerContainer$ListenerConsumer.invokeIfHaveRecords(KafkaMessageListenerContainer.java:1351)
	at org.springframework.kafka.listener.KafkaMessageListenerContainer$ListenerConsumer.pollAndInvoke(KafkaMessageListenerContainer.java:1342)
	at org.springframework.kafka.listener.KafkaMessageListenerContainer$ListenerConsumer.run(KafkaMessageListenerContainer.java:1234)
	at java.base/java.util.concurrent.Executors$RunnableAdapter.call(Executors.java:515)
	at java.base/java.util.concurrent.FutureTask.run$$$capture(FutureTask.java:264)
	at java.base/java.util.concurrent.FutureTask.run(FutureTask.java)
	at java.base/java.lang.Thread.run(Thread.java:832)
	Suppressed: org.springframework.kafka.listener.ListenerExecutionFailedException: Restored Stack Trace
		at org.springframework.kafka.listener.adapter.MessagingMessageListenerAdapter.checkAckArg(MessagingMessageListenerAdapter.java:369)
		at org.springframework.kafka.listener.adapter.MessagingMessageListenerAdapter.invokeHandler(MessagingMessageListenerAdapter.java:355)
		at org.springframework.kafka.listener.adapter.RecordMessagingMessageListenerAdapter.onMessage(RecordMessagingMessageListenerAdapter.java:92)
		at org.springframework.kafka.listener.adapter.RecordMessagingMessageListenerAdapter.onMessage(RecordMessagingMessageListenerAdapter.java:53)
		at org.springframework.kafka.listener.KafkaMessageListenerContainer$ListenerConsumer.doInvokeOnMessage(KafkaMessageListenerContainer.java:2586)
Caused by: java.lang.IllegalStateException: No Acknowledgment available as an argument, the listener container must have a MANUAL AckMode to populate the Acknowledgment.
	at org.springframework.kafka.listener.adapter.MessagingMessageListenerAdapter.checkAckArg(MessagingMessageListenerAdapter.java:369)
	at org.springframework.kafka.listener.adapter.MessagingMessageListenerAdapter.invokeHandler(MessagingMessageListenerAdapter.java:355)
	at org.springframework.kafka.listener.adapter.RecordMessagingMessageListenerAdapter.onMessage(RecordMessagingMessageListenerAdapter.java:92)
	at org.springframework.kafka.listener.adapter.RecordMessagingMessageListenerAdapter.onMessage(RecordMessagingMessageListenerAdapter.java:53)
	at org.springframework.kafka.listener.KafkaMessageListenerContainer$ListenerConsumer.doInvokeOnMessage(KafkaMessageListenerContainer.java:2586)
	... 12 common frames omitted
Caused by: org.springframework.messaging.handler.annotation.support.MethodArgumentNotValidException: Could not resolve method parameter at index 1 in public void za.co.woolworths.itemkafka_poc.kafka.consumer.ItemConsumerService.listen(org.apache.kafka.clients.consumer.ConsumerRecord<java.lang.String, java.lang.String>,org.springframework.kafka.support.Acknowledgment): 1 error(s): [Error in object 'acknowledgment': codes []; arguments []; default message [Payload value must not be empty]] 
	at org.springframework.messaging.handler.annotation.support.PayloadMethodArgumentResolver.resolveArgument(PayloadMethodArgumentResolver.java:122)
	at org.springframework.kafka.annotation.KafkaNullAwarePayloadArgumentResolver.resolveArgument(KafkaNullAwarePayloadArgumentResolver.java:46)
	at org.springframework.messaging.handler.invocation.HandlerMethodArgumentResolverComposite.resolveArgument(HandlerMethodArgumentResolverComposite.java:118)
	at org.springframework.messaging.handler.invocation.InvocableHandlerMethod.getMethodArgumentValues(InvocableHandlerMethod.java:147)
	at org.springframework.messaging.handler.invocation.InvocableHandlerMethod.invoke(InvocableHandlerMethod.java:115)
	at org.springframework.kafka.listener.adapter.HandlerAdapter.invoke(HandlerAdapter.java:56)
	at org.springframework.kafka.listener.adapter.MessagingMessageListenerAdapter.invokeHandler(MessagingMessageListenerAdapter.java:347)
	... 15 common frames omitted

2025-01-13 16:20:06.453  INFO [org.apache.kafka.clients.consumer.KafkaConsumer:1585] [Consumer clientId=consumer-item_group-1, groupId=item_group] Seeking to offset 15 for partition Item_Topic-0 
2025-01-13 16:20:06.455  INFO [za.co.woolworths.itemkafka_poc.kafka.producer.ItemProducerService:39] *****Message sent successfully for itemId: 100034626***** 
2025-01-13 16:20:06.460 ERROR [org.springframework.kafka.listener.DefaultErrorHandler:149] Backoff none exhausted for Item_Topic-0@15 org.springframework.kafka.listener.ListenerExecutionFailedException: invokeHandler Failed; nested exception is java.lang.IllegalStateException: No Acknowledgment available as an argument, the listener container must have a MANUAL AckMode to populate the Acknowledgment.; nested exception is java.lang.IllegalStateException: No Acknowledgment available as an argument, the listener container must have a MANUAL AckMode to populate the Acknowledgment.
	at org.springframework.kafka.listener.KafkaMessageListenerContainer$ListenerConsumer.decorateException(KafkaMessageListenerContainer.java:2636)
	at org.springframework.kafka.listener.KafkaMessageListenerContainer$ListenerConsumer.doInvokeOnMessage(KafkaMessageListenerContainer.java:2606)
	at org.springframework.kafka.listener.KafkaMessageListenerContainer$ListenerConsumer.invokeOnMessage(KafkaMessageListenerContainer.java:2567)
	at org.springframework.kafka.listener.KafkaMessageListenerContainer$ListenerConsumer.doInvokeRecordListener(KafkaMessageListenerContainer.java:2481)
	at org.springframework.kafka.listener.KafkaMessageListenerContainer$ListenerConsumer.doInvokeWithRecords(KafkaMessageListenerContainer.java:2403)
	at org.springframework.kafka.listener.KafkaMessageListenerContainer$ListenerConsumer.invokeRecordListener(KafkaMessageListenerContainer.java:2282)
	at org.springframework.kafka.listener.KafkaMessageListenerContainer$ListenerConsumer.invokeListener(KafkaMessageListenerContainer.java:1956)
	at org.springframework.kafka.listener.KafkaMessageListenerContainer$ListenerConsumer.invokeIfHaveRecords(KafkaMessageListenerContainer.java:1351)
	at org.springframework.kafka.listener.KafkaMessageListenerContainer$ListenerConsumer.pollAndInvoke(KafkaMessageListenerContainer.java:1342)
	at org.springframework.kafka.listener.KafkaMessageListenerContainer$ListenerConsumer.run(KafkaMessageListenerContainer.java:1234)
	at java.base/java.util.concurrent.Executors$RunnableAdapter.call(Executors.java:515)
	at java.base/java.util.concurrent.FutureTask.run$$$capture(FutureTask.java:264)
	at java.base/java.util.concurrent.FutureTask.run(FutureTask.java)
	at java.base/java.lang.Thread.run(Thread.java:832)
	Suppressed: org.springframework.kafka.listener.ListenerExecutionFailedException: Restored Stack Trace
		at org.springframework.kafka.listener.adapter.MessagingMessageListenerAdapter.checkAckArg(MessagingMessageListenerAdapter.java:369)
		at org.springframework.kafka.listener.adapter.MessagingMessageListenerAdapter.invokeHandler(MessagingMessageListenerAdapter.java:355)
		at org.springframework.kafka.listener.adapter.RecordMessagingMessageListenerAdapter.onMessage(RecordMessagingMessageListenerAdapter.java:92)
		at org.springframework.kafka.listener.adapter.RecordMessagingMessageListenerAdapter.onMessage(RecordMessagingMessageListenerAdapter.java:53)
		at org.springframework.kafka.listener.KafkaMessageListenerContainer$ListenerConsumer.doInvokeOnMessage(KafkaMessageListenerContainer.java:2586)
Caused by: java.lang.IllegalStateException: No Acknowledgment available as an argument, the listener container must have a MANUAL AckMode to populate the Acknowledgment.
	at org.springframework.kafka.listener.adapter.MessagingMessageListenerAdapter.checkAckArg(MessagingMessageListenerAdapter.java:369)
	at org.springframework.kafka.listener.adapter.MessagingMessageListenerAdapter.invokeHandler(MessagingMessageListenerAdapter.java:355)
	at org.springframework.kafka.listener.adapter.RecordMessagingMessageListenerAdapter.onMessage(RecordMessagingMessageListenerAdapter.java:92)
	at org.springframework.kafka.listener.adapter.RecordMessagingMessageListenerAdapter.onMessage(RecordMessagingMessageListenerAdapter.java:53)
	at org.springframework.kafka.listener.KafkaMessageListenerContainer$ListenerConsumer.doInvokeOnMessage(KafkaMessageListenerContainer.java:2586)
	... 12 common frames omitted
Caused by: org.springframework.messaging.handler.annotation.support.MethodArgumentNotValidException: Could not resolve method parameter at index 1 in public void za.co.woolworths.itemkafka_poc.kafka.consumer.ItemConsumerService.listen(org.apache.kafka.clients.consumer.ConsumerRecord<java.lang.String, java.lang.String>,org.springframework.kafka.support.Acknowledgment): 1 error(s): [Error in object 'acknowledgment': codes []; arguments []; default message [Payload value must not be empty]] 
	at org.springframework.messaging.handler.annotation.support.PayloadMethodArgumentResolver.resolveArgument(PayloadMethodArgumentResolver.java:122)
	at org.springframework.kafka.annotation.KafkaNullAwarePayloadArgumentResolver.resolveArgument(KafkaNullAwarePayloadArgumentResolver.java:46)
	at org.springframework.messaging.handler.invocation.HandlerMethodArgumentResolverComposite.resolveArgument(HandlerMethodArgumentResolverComposite.java:118)
	at org.springframework.messaging.handler.invocation.InvocableHandlerMethod.getMethodArgumentValues(InvocableHandlerMethod.java:147)
	at org.springframework.messaging.handler.invocation.InvocableHandlerMethod.invoke(InvocableHandlerMethod.java:115)
	at org.springframework.kafka.listener.adapter.HandlerAdapter.invoke(HandlerAdapter.java:56)
	at org.springframework.kafka.listener.adapter.MessagingMessageListenerAdapter.invokeHandler(MessagingMessageListenerAdapter.java:347)
	... 15 common frames omitted

2025-01-13 16:20:06.460  INFO [org.apache.kafka.clients.consumer.KafkaConsumer:1585] [Consumer clientId=consumer-item_group-1, groupId=item_group] Seeking to offset 16 for partition Item_Topic-0 
2025-01-13 16:20:06.461  INFO [za.co.woolworths.itemkafka_poc.kafka.producer.ItemProducerService:39] *****Message sent successfully for itemId: 100034634***** 
2025-01-13 16:20:06.465 ERROR [org.springframework.kafka.listener.DefaultErrorHandler:149] Backoff none exhausted for Item_Topic-0@16 org.springframework.kafka.listener.ListenerExecutionFailedException: invokeHandler Failed; nested exception is java.lang.IllegalStateException: No Acknowledgment available as an argument, the listener container must have a MANUAL AckMode to populate the Acknowledgment.; nested exception is java.lang.IllegalStateException: No Acknowledgment available as an argument, the listener container must have a MANUAL AckMode to populate the Acknowledgment.
	at org.springframework.kafka.listener.KafkaMessageListenerContainer$ListenerConsumer.decorateException(KafkaMessageListenerContainer.java:2636)
	at org.springframework.kafka.listener.KafkaMessageListenerContainer$ListenerConsumer.doInvokeOnMessage(KafkaMessageListenerContainer.java:2606)
	at org.springframework.kafka.listener.KafkaMessageListenerContainer$ListenerConsumer.invokeOnMessage(KafkaMessageListenerContainer.java:2567)
	at org.springframework.kafka.listener.KafkaMessageListenerContainer$ListenerConsumer.doInvokeRecordListener(KafkaMessageListenerContainer.java:2481)
	at org.springframework.kafka.listener.KafkaMessageListenerContainer$ListenerConsumer.doInvokeWithRecords(KafkaMessageListenerContainer.java:2403)
	at org.springframework.kafka.listener.KafkaMessageListenerContainer$ListenerConsumer.invokeRecordListener(KafkaMessageListenerContainer.java:2282)
	at org.springframework.kafka.listener.KafkaMessageListenerContainer$ListenerConsumer.invokeListener(KafkaMessageListenerContainer.java:1956)
	at org.springframework.kafka.listener.KafkaMessageListenerContainer$ListenerConsumer.invokeIfHaveRecords(KafkaMessageListenerContainer.java:1351)
	at org.springframework.kafka.listener.KafkaMessageListenerContainer$ListenerConsumer.pollAndInvoke(KafkaMessageListenerContainer.java:1342)
	at org.springframework.kafka.listener.KafkaMessageListenerContainer$ListenerConsumer.run(KafkaMessageListenerContainer.java:1234)
	at java.base/java.util.concurrent.Executors$RunnableAdapter.call(Executors.java:515)
	at java.base/java.util.concurrent.FutureTask.run$$$capture(FutureTask.java:264)
	at java.base/java.util.concurrent.FutureTask.run(FutureTask.java)
	at java.base/java.lang.Thread.run(Thread.java:832)
	Suppressed: org.springframework.kafka.listener.ListenerExecutionFailedException: Restored Stack Trace
		at org.springframework.kafka.listener.adapter.MessagingMessageListenerAdapter.checkAckArg(MessagingMessageListenerAdapter.java:369)
		at org.springframework.kafka.listener.adapter.MessagingMessageListenerAdapter.invokeHandler(MessagingMessageListenerAdapter.java:355)
		at org.springframework.kafka.listener.adapter.RecordMessagingMessageListenerAdapter.onMessage(RecordMessagingMessageListenerAdapter.java:92)
		at org.springframework.kafka.listener.adapter.RecordMessagingMessageListenerAdapter.onMessage(RecordMessagingMessageListenerAdapter.java:53)
		at org.springframework.kafka.listener.KafkaMessageListenerContainer$ListenerConsumer.doInvokeOnMessage(KafkaMessageListenerContainer.java:2586)
Caused by: java.lang.IllegalStateException: No Acknowledgment available as an argument, the listener container must have a MANUAL AckMode to populate the Acknowledgment.
	at org.springframework.kafka.listener.adapter.MessagingMessageListenerAdapter.checkAckArg(MessagingMessageListenerAdapter.java:369)
	at org.springframework.kafka.listener.adapter.MessagingMessageListenerAdapter.invokeHandler(MessagingMessageListenerAdapter.java:355)
	at org.springframework.kafka.listener.adapter.RecordMessagingMessageListenerAdapter.onMessage(RecordMessagingMessageListenerAdapter.java:92)
	at org.springframework.kafka.listener.adapter.RecordMessagingMessageListenerAdapter.onMessage(RecordMessagingMessageListenerAdapter.java:53)
	at org.springframework.kafka.listener.KafkaMessageListenerContainer$ListenerConsumer.doInvokeOnMessage(KafkaMessageListenerContainer.java:2586)
	... 12 common frames omitted
Caused by: org.springframework.messaging.handler.annotation.support.MethodArgumentNotValidException: Could not resolve method parameter at index 1 in public void za.co.woolworths.itemkafka_poc.kafka.consumer.ItemConsumerService.listen(org.apache.kafka.clients.consumer.ConsumerRecord<java.lang.String, java.lang.String>,org.springframework.kafka.support.Acknowledgment): 1 error(s): [Error in object 'acknowledgment': codes []; arguments []; default message [Payload value must not be empty]] 
	at org.springframework.messaging.handler.annotation.support.PayloadMethodArgumentResolver.resolveArgument(PayloadMethodArgumentResolver.java:122)
	at org.springframework.kafka.annotation.KafkaNullAwarePayloadArgumentResolver.resolveArgument(KafkaNullAwarePayloadArgumentResolver.java:46)
	at org.springframework.messaging.handler.invocation.HandlerMethodArgumentResolverComposite.resolveArgument(HandlerMethodArgumentResolverComposite.java:118)
	at org.springframework.messaging.handler.invocation.InvocableHandlerMethod.getMethodArgumentValues(InvocableHandlerMethod.java:147)
	at org.springframework.messaging.handler.invocation.InvocableHandlerMethod.invoke(InvocableHandlerMethod.java:115)
	at org.springframework.kafka.listener.adapter.HandlerAdapter.invoke(HandlerAdapter.java:56)
	at org.springframework.kafka.listener.adapter.MessagingMessageListenerAdapter.invokeHandler(MessagingMessageListenerAdapter.java:347)
	... 15 common frames omitted

2025-01-13 16:20:06.466  INFO [org.apache.kafka.clients.consumer.KafkaConsumer:1585] [Consumer clientId=consumer-item_group-1, groupId=item_group] Seeking to offset 17 for partition Item_Topic-0 
2025-01-13 16:20:06.466  INFO [za.co.woolworths.itemkafka_poc.kafka.producer.ItemProducerService:39] *****Message sent successfully for itemId: 100034642***** 
2025-01-13 16:20:06.470 ERROR [org.springframework.kafka.listener.DefaultErrorHandler:149] Backoff none exhausted for Item_Topic-0@17 org.springframework.kafka.listener.ListenerExecutionFailedException: invokeHandler Failed; nested exception is java.lang.IllegalStateException: No Acknowledgment available as an argument, the listener container must have a MANUAL AckMode to populate the Acknowledgment.; nested exception is java.lang.IllegalStateException: No Acknowledgment available as an argument, the listener container must have a MANUAL AckMode to populate the Acknowledgment.
	at org.springframework.kafka.listener.KafkaMessageListenerContainer$ListenerConsumer.decorateException(KafkaMessageListenerContainer.java:2636)
	at org.springframework.kafka.listener.KafkaMessageListenerContainer$ListenerConsumer.doInvokeOnMessage(KafkaMessageListenerContainer.java:2606)
	at org.springframework.kafka.listener.KafkaMessageListenerContainer$ListenerConsumer.invokeOnMessage(KafkaMessageListenerContainer.java:2567)
	at org.springframework.kafka.listener.KafkaMessageListenerContainer$ListenerConsumer.doInvokeRecordListener(KafkaMessageListenerContainer.java:2481)
	at org.springframework.kafka.listener.KafkaMessageListenerContainer$ListenerConsumer.doInvokeWithRecords(KafkaMessageListenerContainer.java:2403)
	at org.springframework.kafka.listener.KafkaMessageListenerContainer$ListenerConsumer.invokeRecordListener(KafkaMessageListenerContainer.java:2282)
	at org.springframework.kafka.listener.KafkaMessageListenerContainer$ListenerConsumer.invokeListener(KafkaMessageListenerContainer.java:1956)
	at org.springframework.kafka.listener.KafkaMessageListenerContainer$ListenerConsumer.invokeIfHaveRecords(KafkaMessageListenerContainer.java:1351)
	at org.springframework.kafka.listener.KafkaMessageListenerContainer$ListenerConsumer.pollAndInvoke(KafkaMessageListenerContainer.java:1342)
	at org.springframework.kafka.listener.KafkaMessageListenerContainer$ListenerConsumer.run(KafkaMessageListenerContainer.java:1234)
	at java.base/java.util.concurrent.Executors$RunnableAdapter.call(Executors.java:515)
	at java.base/java.util.concurrent.FutureTask.run$$$capture(FutureTask.java:264)
	at java.base/java.util.concurrent.FutureTask.run(FutureTask.java)
	at java.base/java.lang.Thread.run(Thread.java:832)
	Suppressed: org.springframework.kafka.listener.ListenerExecutionFailedException: Restored Stack Trace
		at org.springframework.kafka.listener.adapter.MessagingMessageListenerAdapter.checkAckArg(MessagingMessageListenerAdapter.java:369)
		at org.springframework.kafka.listener.adapter.MessagingMessageListenerAdapter.invokeHandler(MessagingMessageListenerAdapter.java:355)
		at org.springframework.kafka.listener.adapter.RecordMessagingMessageListenerAdapter.onMessage(RecordMessagingMessageListenerAdapter.java:92)
		at org.springframework.kafka.listener.adapter.RecordMessagingMessageListenerAdapter.onMessage(RecordMessagingMessageListenerAdapter.java:53)
		at org.springframework.kafka.listener.KafkaMessageListenerContainer$ListenerConsumer.doInvokeOnMessage(KafkaMessageListenerContainer.java:2586)
Caused by: java.lang.IllegalStateException: No Acknowledgment available as an argument, the listener container must have a MANUAL AckMode to populate the Acknowledgment.
	at org.springframework.kafka.listener.adapter.MessagingMessageListenerAdapter.checkAckArg(MessagingMessageListenerAdapter.java:369)
	at org.springframework.kafka.listener.adapter.MessagingMessageListenerAdapter.invokeHandler(MessagingMessageListenerAdapter.java:355)
	at org.springframework.kafka.listener.adapter.RecordMessagingMessageListenerAdapter.onMessage(RecordMessagingMessageListenerAdapter.java:92)
	at org.springframework.kafka.listener.adapter.RecordMessagingMessageListenerAdapter.onMessage(RecordMessagingMessageListenerAdapter.java:53)
	at org.springframework.kafka.listener.KafkaMessageListenerContainer$ListenerConsumer.doInvokeOnMessage(KafkaMessageListenerContainer.java:2586)
	... 12 common frames omitted
Caused by: org.springframework.messaging.handler.annotation.support.MethodArgumentNotValidException: Could not resolve method parameter at index 1 in public void za.co.woolworths.itemkafka_poc.kafka.consumer.ItemConsumerService.listen(org.apache.kafka.clients.consumer.ConsumerRecord<java.lang.String, java.lang.String>,org.springframework.kafka.support.Acknowledgment): 1 error(s): [Error in object 'acknowledgment': codes []; arguments []; default message [Payload value must not be empty]] 
	at org.springframework.messaging.handler.annotation.support.PayloadMethodArgumentResolver.resolveArgument(PayloadMethodArgumentResolver.java:122)
	at org.springframework.kafka.annotation.KafkaNullAwarePayloadArgumentResolver.resolveArgument(KafkaNullAwarePayloadArgumentResolver.java:46)
	at org.springframework.messaging.handler.invocation.HandlerMethodArgumentResolverComposite.resolveArgument(HandlerMethodArgumentResolverComposite.java:118)
	at org.springframework.messaging.handler.invocation.InvocableHandlerMethod.getMethodArgumentValues(InvocableHandlerMethod.java:147)
	at org.springframework.messaging.handler.invocation.InvocableHandlerMethod.invoke(InvocableHandlerMethod.java:115)
	at org.springframework.kafka.listener.adapter.HandlerAdapter.invoke(HandlerAdapter.java:56)
	at org.springframework.kafka.listener.adapter.MessagingMessageListenerAdapter.invokeHandler(MessagingMessageListenerAdapter.java:347)
	... 15 common frames omitted

2025-01-13 16:20:06.470  INFO [org.apache.kafka.clients.consumer.KafkaConsumer:1585] [Consumer clientId=consumer-item_group-1, groupId=item_group] Seeking to offset 18 for partition Item_Topic-0 
2025-01-13 16:20:06.470  INFO [za.co.woolworths.itemkafka_poc.kafka.producer.ItemProducerService:39] *****Message sent successfully for itemId: 100035628***** 
2025-01-13 16:20:06.475 ERROR [org.springframework.kafka.listener.DefaultErrorHandler:149] Backoff none exhausted for Item_Topic-0@18 org.springframework.kafka.listener.ListenerExecutionFailedException: invokeHandler Failed; nested exception is java.lang.IllegalStateException: No Acknowledgment available as an argument, the listener container must have a MANUAL AckMode to populate the Acknowledgment.; nested exception is java.lang.IllegalStateException: No Acknowledgment available as an argument, the listener container must have a MANUAL AckMode to populate the Acknowledgment.
	at org.springframework.kafka.listener.KafkaMessageListenerContainer$ListenerConsumer.decorateException(KafkaMessageListenerContainer.java:2636)
	at org.springframework.kafka.listener.KafkaMessageListenerContainer$ListenerConsumer.doInvokeOnMessage(KafkaMessageListenerContainer.java:2606)
	at org.springframework.kafka.listener.KafkaMessageListenerContainer$ListenerConsumer.invokeOnMessage(KafkaMessageListenerContainer.java:2567)
	at org.springframework.kafka.listener.KafkaMessageListenerContainer$ListenerConsumer.doInvokeRecordListener(KafkaMessageListenerContainer.java:2481)
	at org.springframework.kafka.listener.KafkaMessageListenerContainer$ListenerConsumer.doInvokeWithRecords(KafkaMessageListenerContainer.java:2403)
	at org.springframework.kafka.listener.KafkaMessageListenerContainer$ListenerConsumer.invokeRecordListener(KafkaMessageListenerContainer.java:2282)
	at org.springframework.kafka.listener.KafkaMessageListenerContainer$ListenerConsumer.invokeListener(KafkaMessageListenerContainer.java:1956)
	at org.springframework.kafka.listener.KafkaMessageListenerContainer$ListenerConsumer.invokeIfHaveRecords(KafkaMessageListenerContainer.java:1351)
	at org.springframework.kafka.listener.KafkaMessageListenerContainer$ListenerConsumer.pollAndInvoke(KafkaMessageListenerContainer.java:1342)
	at org.springframework.kafka.listener.KafkaMessageListenerContainer$ListenerConsumer.run(KafkaMessageListenerContainer.java:1234)
	at java.base/java.util.concurrent.Executors$RunnableAdapter.call(Executors.java:515)
	at java.base/java.util.concurrent.FutureTask.run$$$capture(FutureTask.java:264)
	at java.base/java.util.concurrent.FutureTask.run(FutureTask.java)
	at java.base/java.lang.Thread.run(Thread.java:832)
	Suppressed: org.springframework.kafka.listener.ListenerExecutionFailedException: Restored Stack Trace
		at org.springframework.kafka.listener.adapter.MessagingMessageListenerAdapter.checkAckArg(MessagingMessageListenerAdapter.java:369)
		at org.springframework.kafka.listener.adapter.MessagingMessageListenerAdapter.invokeHandler(MessagingMessageListenerAdapter.java:355)
		at org.springframework.kafka.listener.adapter.RecordMessagingMessageListenerAdapter.onMessage(RecordMessagingMessageListenerAdapter.java:92)
		at org.springframework.kafka.listener.adapter.RecordMessagingMessageListenerAdapter.onMessage(RecordMessagingMessageListenerAdapter.java:53)
		at org.springframework.kafka.listener.KafkaMessageListenerContainer$ListenerConsumer.doInvokeOnMessage(KafkaMessageListenerContainer.java:2586)
Caused by: java.lang.IllegalStateException: No Acknowledgment available as an argument, the listener container must have a MANUAL AckMode to populate the Acknowledgment.
	at org.springframework.kafka.listener.adapter.MessagingMessageListenerAdapter.checkAckArg(MessagingMessageListenerAdapter.java:369)
	at org.springframework.kafka.listener.adapter.MessagingMessageListenerAdapter.invokeHandler(MessagingMessageListenerAdapter.java:355)
	at org.springframework.kafka.listener.adapter.RecordMessagingMessageListenerAdapter.onMessage(RecordMessagingMessageListenerAdapter.java:92)
	at org.springframework.kafka.listener.adapter.RecordMessagingMessageListenerAdapter.onMessage(RecordMessagingMessageListenerAdapter.java:53)
	at org.springframework.kafka.listener.KafkaMessageListenerContainer$ListenerConsumer.doInvokeOnMessage(KafkaMessageListenerContainer.java:2586)
	... 12 common frames omitted
Caused by: org.springframework.messaging.handler.annotation.support.MethodArgumentNotValidException: Could not resolve method parameter at index 1 in public void za.co.woolworths.itemkafka_poc.kafka.consumer.ItemConsumerService.listen(org.apache.kafka.clients.consumer.ConsumerRecord<java.lang.String, java.lang.String>,org.springframework.kafka.support.Acknowledgment): 1 error(s): [Error in object 'acknowledgment': codes []; arguments []; default message [Payload value must not be empty]] 
	at org.springframework.messaging.handler.annotation.support.PayloadMethodArgumentResolver.resolveArgument(PayloadMethodArgumentResolver.java:122)
	at org.springframework.kafka.annotation.KafkaNullAwarePayloadArgumentResolver.resolveArgument(KafkaNullAwarePayloadArgumentResolver.java:46)
	at org.springframework.messaging.handler.invocation.HandlerMethodArgumentResolverComposite.resolveArgument(HandlerMethodArgumentResolverComposite.java:118)
	at org.springframework.messaging.handler.invocation.InvocableHandlerMethod.getMethodArgumentValues(InvocableHandlerMethod.java:147)
	at org.springframework.messaging.handler.invocation.InvocableHandlerMethod.invoke(InvocableHandlerMethod.java:115)
	at org.springframework.kafka.listener.adapter.HandlerAdapter.invoke(HandlerAdapter.java:56)
	at org.springframework.kafka.listener.adapter.MessagingMessageListenerAdapter.invokeHandler(MessagingMessageListenerAdapter.java:347)
	... 15 common frames omitted

2025-01-13 16:20:06.475  INFO [org.apache.kafka.clients.consumer.KafkaConsumer:1585] [Consumer clientId=consumer-item_group-1, groupId=item_group] Seeking to offset 19 for partition Item_Topic-0 
2025-01-13 16:20:06.476  INFO [za.co.woolworths.itemkafka_poc.kafka.producer.ItemProducerService:39] *****Message sent successfully for itemId: 100035644***** 
2025-01-13 16:20:06.480 ERROR [org.springframework.kafka.listener.DefaultErrorHandler:149] Backoff none exhausted for Item_Topic-0@19 org.springframework.kafka.listener.ListenerExecutionFailedException: invokeHandler Failed; nested exception is java.lang.IllegalStateException: No Acknowledgment available as an argument, the listener container must have a MANUAL AckMode to populate the Acknowledgment.; nested exception is java.lang.IllegalStateException: No Acknowledgment available as an argument, the listener container must have a MANUAL AckMode to populate the Acknowledgment.
	at org.springframework.kafka.listener.KafkaMessageListenerContainer$ListenerConsumer.decorateException(KafkaMessageListenerContainer.java:2636)
	at org.springframework.kafka.listener.KafkaMessageListenerContainer$ListenerConsumer.doInvokeOnMessage(KafkaMessageListenerContainer.java:2606)
	at org.springframework.kafka.listener.KafkaMessageListenerContainer$ListenerConsumer.invokeOnMessage(KafkaMessageListenerContainer.java:2567)
	at org.springframework.kafka.listener.KafkaMessageListenerContainer$ListenerConsumer.doInvokeRecordListener(KafkaMessageListenerContainer.java:2481)
	at org.springframework.kafka.listener.KafkaMessageListenerContainer$ListenerConsumer.doInvokeWithRecords(KafkaMessageListenerContainer.java:2403)
	at org.springframework.kafka.listener.KafkaMessageListenerContainer$ListenerConsumer.invokeRecordListener(KafkaMessageListenerContainer.java:2282)
	at org.springframework.kafka.listener.KafkaMessageListenerContainer$ListenerConsumer.invokeListener(KafkaMessageListenerContainer.java:1956)
	at org.springframework.kafka.listener.KafkaMessageListenerContainer$ListenerConsumer.invokeIfHaveRecords(KafkaMessageListenerContainer.java:1351)
	at org.springframework.kafka.listener.KafkaMessageListenerContainer$ListenerConsumer.pollAndInvoke(KafkaMessageListenerContainer.java:1342)
	at org.springframework.kafka.listener.KafkaMessageListenerContainer$ListenerConsumer.run(KafkaMessageListenerContainer.java:1234)
	at java.base/java.util.concurrent.Executors$RunnableAdapter.call(Executors.java:515)
	at java.base/java.util.concurrent.FutureTask.run$$$capture(FutureTask.java:264)
	at java.base/java.util.concurrent.FutureTask.run(FutureTask.java)
	at java.base/java.lang.Thread.run(Thread.java:832)
	Suppressed: org.springframework.kafka.listener.ListenerExecutionFailedException: Restored Stack Trace
		at org.springframework.kafka.listener.adapter.MessagingMessageListenerAdapter.checkAckArg(MessagingMessageListenerAdapter.java:369)
		at org.springframework.kafka.listener.adapter.MessagingMessageListenerAdapter.invokeHandler(MessagingMessageListenerAdapter.java:355)
		at org.springframework.kafka.listener.adapter.RecordMessagingMessageListenerAdapter.onMessage(RecordMessagingMessageListenerAdapter.java:92)
		at org.springframework.kafka.listener.adapter.RecordMessagingMessageListenerAdapter.onMessage(RecordMessagingMessageListenerAdapter.java:53)
		at org.springframework.kafka.listener.KafkaMessageListenerContainer$ListenerConsumer.doInvokeOnMessage(KafkaMessageListenerContainer.java:2586)
Caused by: java.lang.IllegalStateException: No Acknowledgment available as an argument, the listener container must have a MANUAL AckMode to populate the Acknowledgment.
	at org.springframework.kafka.listener.adapter.MessagingMessageListenerAdapter.checkAckArg(MessagingMessageListenerAdapter.java:369)
	at org.springframework.kafka.listener.adapter.MessagingMessageListenerAdapter.invokeHandler(MessagingMessageListenerAdapter.java:355)
	at org.springframework.kafka.listener.adapter.RecordMessagingMessageListenerAdapter.onMessage(RecordMessagingMessageListenerAdapter.java:92)
	at org.springframework.kafka.listener.adapter.RecordMessagingMessageListenerAdapter.onMessage(RecordMessagingMessageListenerAdapter.java:53)
	at org.springframework.kafka.listener.KafkaMessageListenerContainer$ListenerConsumer.doInvokeOnMessage(KafkaMessageListenerContainer.java:2586)
	... 12 common frames omitted
Caused by: org.springframework.messaging.handler.annotation.support.MethodArgumentNotValidException: Could not resolve method parameter at index 1 in public void za.co.woolworths.itemkafka_poc.kafka.consumer.ItemConsumerService.listen(org.apache.kafka.clients.consumer.ConsumerRecord<java.lang.String, java.lang.String>,org.springframework.kafka.support.Acknowledgment): 1 error(s): [Error in object 'acknowledgment': codes []; arguments []; default message [Payload value must not be empty]] 
	at org.springframework.messaging.handler.annotation.support.PayloadMethodArgumentResolver.resolveArgument(PayloadMethodArgumentResolver.java:122)
	at org.springframework.kafka.annotation.KafkaNullAwarePayloadArgumentResolver.resolveArgument(KafkaNullAwarePayloadArgumentResolver.java:46)
	at org.springframework.messaging.handler.invocation.HandlerMethodArgumentResolverComposite.resolveArgument(HandlerMethodArgumentResolverComposite.java:118)
	at org.springframework.messaging.handler.invocation.InvocableHandlerMethod.getMethodArgumentValues(InvocableHandlerMethod.java:147)
	at org.springframework.messaging.handler.invocation.InvocableHandlerMethod.invoke(InvocableHandlerMethod.java:115)
	at org.springframework.kafka.listener.adapter.HandlerAdapter.invoke(HandlerAdapter.java:56)
	at org.springframework.kafka.listener.adapter.MessagingMessageListenerAdapter.invokeHandler(MessagingMessageListenerAdapter.java:347)
	... 15 common frames omitted

2025-01-13 16:20:06.480  INFO [org.apache.kafka.clients.consumer.KafkaConsumer:1585] [Consumer clientId=consumer-item_group-1, groupId=item_group] Seeking to offset 20 for partition Item_Topic-0 
2025-01-13 16:20:06.481  INFO [za.co.woolworths.itemkafka_poc.kafka.producer.ItemProducerService:39] *****Message sent successfully for itemId: 100036620***** 
2025-01-13 16:20:06.483 ERROR [org.springframework.kafka.listener.DefaultErrorHandler:149] Backoff none exhausted for Item_Topic-0@20 org.springframework.kafka.listener.ListenerExecutionFailedException: invokeHandler Failed; nested exception is java.lang.IllegalStateException: No Acknowledgment available as an argument, the listener container must have a MANUAL AckMode to populate the Acknowledgment.; nested exception is java.lang.IllegalStateException: No Acknowledgment available as an argument, the listener container must have a MANUAL AckMode to populate the Acknowledgment.
	at org.springframework.kafka.listener.KafkaMessageListenerContainer$ListenerConsumer.decorateException(KafkaMessageListenerContainer.java:2636)
	at org.springframework.kafka.listener.KafkaMessageListenerContainer$ListenerConsumer.doInvokeOnMessage(KafkaMessageListenerContainer.java:2606)
	at org.springframework.kafka.listener.KafkaMessageListenerContainer$ListenerConsumer.invokeOnMessage(KafkaMessageListenerContainer.java:2567)
	at org.springframework.kafka.listener.KafkaMessageListenerContainer$ListenerConsumer.doInvokeRecordListener(KafkaMessageListenerContainer.java:2481)
	at org.springframework.kafka.listener.KafkaMessageListenerContainer$ListenerConsumer.doInvokeWithRecords(KafkaMessageListenerContainer.java:2403)
	at org.springframework.kafka.listener.KafkaMessageListenerContainer$ListenerConsumer.invokeRecordListener(KafkaMessageListenerContainer.java:2282)
	at org.springframework.kafka.listener.KafkaMessageListenerContainer$ListenerConsumer.invokeListener(KafkaMessageListenerContainer.java:1956)
	at org.springframework.kafka.listener.KafkaMessageListenerContainer$ListenerConsumer.invokeIfHaveRecords(KafkaMessageListenerContainer.java:1351)
	at org.springframework.kafka.listener.KafkaMessageListenerContainer$ListenerConsumer.pollAndInvoke(KafkaMessageListenerContainer.java:1342)
	at org.springframework.kafka.listener.KafkaMessageListenerContainer$ListenerConsumer.run(KafkaMessageListenerContainer.java:1234)
	at java.base/java.util.concurrent.Executors$RunnableAdapter.call(Executors.java:515)
	at java.base/java.util.concurrent.FutureTask.run$$$capture(FutureTask.java:264)
	at java.base/java.util.concurrent.FutureTask.run(FutureTask.java)
	at java.base/java.lang.Thread.run(Thread.java:832)
	Suppressed: org.springframework.kafka.listener.ListenerExecutionFailedException: Restored Stack Trace
		at org.springframework.kafka.listener.adapter.MessagingMessageListenerAdapter.checkAckArg(MessagingMessageListenerAdapter.java:369)
		at org.springframework.kafka.listener.adapter.MessagingMessageListenerAdapter.invokeHandler(MessagingMessageListenerAdapter.java:355)
		at org.springframework.kafka.listener.adapter.RecordMessagingMessageListenerAdapter.onMessage(RecordMessagingMessageListenerAdapter.java:92)
		at org.springframework.kafka.listener.adapter.RecordMessagingMessageListenerAdapter.onMessage(RecordMessagingMessageListenerAdapter.java:53)
		at org.springframework.kafka.listener.KafkaMessageListenerContainer$ListenerConsumer.doInvokeOnMessage(KafkaMessageListenerContainer.java:2586)
Caused by: java.lang.IllegalStateException: No Acknowledgment available as an argument, the listener container must have a MANUAL AckMode to populate the Acknowledgment.
	at org.springframework.kafka.listener.adapter.MessagingMessageListenerAdapter.checkAckArg(MessagingMessageListenerAdapter.java:369)
	at org.springframework.kafka.listener.adapter.MessagingMessageListenerAdapter.invokeHandler(MessagingMessageListenerAdapter.java:355)
	at org.springframework.kafka.listener.adapter.RecordMessagingMessageListenerAdapter.onMessage(RecordMessagingMessageListenerAdapter.java:92)
	at org.springframework.kafka.listener.adapter.RecordMessagingMessageListenerAdapter.onMessage(RecordMessagingMessageListenerAdapter.java:53)
	at org.springframework.kafka.listener.KafkaMessageListenerContainer$ListenerConsumer.doInvokeOnMessage(KafkaMessageListenerContainer.java:2586)
	... 12 common frames omitted
Caused by: org.springframework.messaging.handler.annotation.support.MethodArgumentNotValidException: Could not resolve method parameter at index 1 in public void za.co.woolworths.itemkafka_poc.kafka.consumer.ItemConsumerService.listen(org.apache.kafka.clients.consumer.ConsumerRecord<java.lang.String, java.lang.String>,org.springframework.kafka.support.Acknowledgment): 1 error(s): [Error in object 'acknowledgment': codes []; arguments []; default message [Payload value must not be empty]] 
	at org.springframework.messaging.handler.annotation.support.PayloadMethodArgumentResolver.resolveArgument(PayloadMethodArgumentResolver.java:122)
	at org.springframework.kafka.annotation.KafkaNullAwarePayloadArgumentResolver.resolveArgument(KafkaNullAwarePayloadArgumentResolver.java:46)
	at org.springframework.messaging.handler.invocation.HandlerMethodArgumentResolverComposite.resolveArgument(HandlerMethodArgumentResolverComposite.java:118)
	at org.springframework.messaging.handler.invocation.InvocableHandlerMethod.getMethodArgumentValues(InvocableHandlerMethod.java:147)
	at org.springframework.messaging.handler.invocation.InvocableHandlerMethod.invoke(InvocableHandlerMethod.java:115)
	at org.springframework.kafka.listener.adapter.HandlerAdapter.invoke(HandlerAdapter.java:56)
	at org.springframework.kafka.listener.adapter.MessagingMessageListenerAdapter.invokeHandler(MessagingMessageListenerAdapter.java:347)
	... 15 common frames omitted

2025-01-13 16:20:06.484  INFO [org.apache.kafka.clients.consumer.KafkaConsumer:1585] [Consumer clientId=consumer-item_group-1, groupId=item_group] Seeking to offset 21 for partition Item_Topic-0 
2025-01-13 16:20:06.486  INFO [za.co.woolworths.itemkafka_poc.kafka.producer.ItemProducerService:39] *****Message sent successfully for itemId: 100036638***** 
2025-01-13 16:20:06.488 ERROR [org.springframework.kafka.listener.DefaultErrorHandler:149] Backoff none exhausted for Item_Topic-0@21 org.springframework.kafka.listener.ListenerExecutionFailedException: invokeHandler Failed; nested exception is java.lang.IllegalStateException: No Acknowledgment available as an argument, the listener container must have a MANUAL AckMode to populate the Acknowledgment.; nested exception is java.lang.IllegalStateException: No Acknowledgment available as an argument, the listener container must have a MANUAL AckMode to populate the Acknowledgment.
	at org.springframework.kafka.listener.KafkaMessageListenerContainer$ListenerConsumer.decorateException(KafkaMessageListenerContainer.java:2636)
	at org.springframework.kafka.listener.KafkaMessageListenerContainer$ListenerConsumer.doInvokeOnMessage(KafkaMessageListenerContainer.java:2606)
	at org.springframework.kafka.listener.KafkaMessageListenerContainer$ListenerConsumer.invokeOnMessage(KafkaMessageListenerContainer.java:2567)
	at org.springframework.kafka.listener.KafkaMessageListenerContainer$ListenerConsumer.doInvokeRecordListener(KafkaMessageListenerContainer.java:2481)
	at org.springframework.kafka.listener.KafkaMessageListenerContainer$ListenerConsumer.doInvokeWithRecords(KafkaMessageListenerContainer.java:2403)
	at org.springframework.kafka.listener.KafkaMessageListenerContainer$ListenerConsumer.invokeRecordListener(KafkaMessageListenerContainer.java:2282)
	at org.springframework.kafka.listener.KafkaMessageListenerContainer$ListenerConsumer.invokeListener(KafkaMessageListenerContainer.java:1956)
	at org.springframework.kafka.listener.KafkaMessageListenerContainer$ListenerConsumer.invokeIfHaveRecords(KafkaMessageListenerContainer.java:1351)
	at org.springframework.kafka.listener.KafkaMessageListenerContainer$ListenerConsumer.pollAndInvoke(KafkaMessageListenerContainer.java:1342)
	at org.springframework.kafka.listener.KafkaMessageListenerContainer$ListenerConsumer.run(KafkaMessageListenerContainer.java:1234)
	at java.base/java.util.concurrent.Executors$RunnableAdapter.call(Executors.java:515)
	at java.base/java.util.concurrent.FutureTask.run$$$capture(FutureTask.java:264)
	at java.base/java.util.concurrent.FutureTask.run(FutureTask.java)
	at java.base/java.lang.Thread.run(Thread.java:832)
	Suppressed: org.springframework.kafka.listener.ListenerExecutionFailedException: Restored Stack Trace
		at org.springframework.kafka.listener.adapter.MessagingMessageListenerAdapter.checkAckArg(MessagingMessageListenerAdapter.java:369)
		at org.springframework.kafka.listener.adapter.MessagingMessageListenerAdapter.invokeHandler(MessagingMessageListenerAdapter.java:355)
		at org.springframework.kafka.listener.adapter.RecordMessagingMessageListenerAdapter.onMessage(RecordMessagingMessageListenerAdapter.java:92)
		at org.springframework.kafka.listener.adapter.RecordMessagingMessageListenerAdapter.onMessage(RecordMessagingMessageListenerAdapter.java:53)
		at org.springframework.kafka.listener.KafkaMessageListenerContainer$ListenerConsumer.doInvokeOnMessage(KafkaMessageListenerContainer.java:2586)
Caused by: java.lang.IllegalStateException: No Acknowledgment available as an argument, the listener container must have a MANUAL AckMode to populate the Acknowledgment.
	at org.springframework.kafka.listener.adapter.MessagingMessageListenerAdapter.checkAckArg(MessagingMessageListenerAdapter.java:369)
	at org.springframework.kafka.listener.adapter.MessagingMessageListenerAdapter.invokeHandler(MessagingMessageListenerAdapter.java:355)
	at org.springframework.kafka.listener.adapter.RecordMessagingMessageListenerAdapter.onMessage(RecordMessagingMessageListenerAdapter.java:92)
	at org.springframework.kafka.listener.adapter.RecordMessagingMessageListenerAdapter.onMessage(RecordMessagingMessageListenerAdapter.java:53)
	at org.springframework.kafka.listener.KafkaMessageListenerContainer$ListenerConsumer.doInvokeOnMessage(KafkaMessageListenerContainer.java:2586)
	... 12 common frames omitted
Caused by: org.springframework.messaging.handler.annotation.support.MethodArgumentNotValidException: Could not resolve method parameter at index 1 in public void za.co.woolworths.itemkafka_poc.kafka.consumer.ItemConsumerService.listen(org.apache.kafka.clients.consumer.ConsumerRecord<java.lang.String, java.lang.String>,org.springframework.kafka.support.Acknowledgment): 1 error(s): [Error in object 'acknowledgment': codes []; arguments []; default message [Payload value must not be empty]] 
	at org.springframework.messaging.handler.annotation.support.PayloadMethodArgumentResolver.resolveArgument(PayloadMethodArgumentResolver.java:122)
	at org.springframework.kafka.annotation.KafkaNullAwarePayloadArgumentResolver.resolveArgument(KafkaNullAwarePayloadArgumentResolver.java:46)
	at org.springframework.messaging.handler.invocation.HandlerMethodArgumentResolverComposite.resolveArgument(HandlerMethodArgumentResolverComposite.java:118)
	at org.springframework.messaging.handler.invocation.InvocableHandlerMethod.getMethodArgumentValues(InvocableHandlerMethod.java:147)
	at org.springframework.messaging.handler.invocation.InvocableHandlerMethod.invoke(InvocableHandlerMethod.java:115)
	at org.springframework.kafka.listener.adapter.HandlerAdapter.invoke(HandlerAdapter.java:56)
	at org.springframework.kafka.listener.adapter.MessagingMessageListenerAdapter.invokeHandler(MessagingMessageListenerAdapter.java:347)
	... 15 common frames omitted

2025-01-13 16:20:06.488  INFO [org.apache.kafka.clients.consumer.KafkaConsumer:1585] [Consumer clientId=consumer-item_group-1, groupId=item_group] Seeking to offset 22 for partition Item_Topic-0 
2025-01-13 16:20:06.490  INFO [za.co.woolworths.itemkafka_poc.kafka.producer.ItemProducerService:39] *****Message sent successfully for itemId: 100036646***** 
2025-01-13 16:20:06.493 ERROR [org.springframework.kafka.listener.DefaultErrorHandler:149] Backoff none exhausted for Item_Topic-0@22 org.springframework.kafka.listener.ListenerExecutionFailedException: invokeHandler Failed; nested exception is java.lang.IllegalStateException: No Acknowledgment available as an argument, the listener container must have a MANUAL AckMode to populate the Acknowledgment.; nested exception is java.lang.IllegalStateException: No Acknowledgment available as an argument, the listener container must have a MANUAL AckMode to populate the Acknowledgment.
	at org.springframework.kafka.listener.KafkaMessageListenerContainer$ListenerConsumer.decorateException(KafkaMessageListenerContainer.java:2636)
	at org.springframework.kafka.listener.KafkaMessageListenerContainer$ListenerConsumer.doInvokeOnMessage(KafkaMessageListenerContainer.java:2606)
	at org.springframework.kafka.listener.KafkaMessageListenerContainer$ListenerConsumer.invokeOnMessage(KafkaMessageListenerContainer.java:2567)
	at org.springframework.kafka.listener.KafkaMessageListenerContainer$ListenerConsumer.doInvokeRecordListener(KafkaMessageListenerContainer.java:2481)
	at org.springframework.kafka.listener.KafkaMessageListenerContainer$ListenerConsumer.doInvokeWithRecords(KafkaMessageListenerContainer.java:2403)
	at org.springframework.kafka.listener.KafkaMessageListenerContainer$ListenerConsumer.invokeRecordListener(KafkaMessageListenerContainer.java:2282)
	at org.springframework.kafka.listener.KafkaMessageListenerContainer$ListenerConsumer.invokeListener(KafkaMessageListenerContainer.java:1956)
	at org.springframework.kafka.listener.KafkaMessageListenerContainer$ListenerConsumer.invokeIfHaveRecords(KafkaMessageListenerContainer.java:1351)
	at org.springframework.kafka.listener.KafkaMessageListenerContainer$ListenerConsumer.pollAndInvoke(KafkaMessageListenerContainer.java:1342)
	at org.springframework.kafka.listener.KafkaMessageListenerContainer$ListenerConsumer.run(KafkaMessageListenerContainer.java:1234)
	at java.base/java.util.concurrent.Executors$RunnableAdapter.call(Executors.java:515)
	at java.base/java.util.concurrent.FutureTask.run$$$capture(FutureTask.java:264)
	at java.base/java.util.concurrent.FutureTask.run(FutureTask.java)
	at java.base/java.lang.Thread.run(Thread.java:832)
	Suppressed: org.springframework.kafka.listener.ListenerExecutionFailedException: Restored Stack Trace
		at org.springframework.kafka.listener.adapter.MessagingMessageListenerAdapter.checkAckArg(MessagingMessageListenerAdapter.java:369)
		at org.springframework.kafka.listener.adapter.MessagingMessageListenerAdapter.invokeHandler(MessagingMessageListenerAdapter.java:355)
		at org.springframework.kafka.listener.adapter.RecordMessagingMessageListenerAdapter.onMessage(RecordMessagingMessageListenerAdapter.java:92)
		at org.springframework.kafka.listener.adapter.RecordMessagingMessageListenerAdapter.onMessage(RecordMessagingMessageListenerAdapter.java:53)
		at org.springframework.kafka.listener.KafkaMessageListenerContainer$ListenerConsumer.doInvokeOnMessage(KafkaMessageListenerContainer.java:2586)
Caused by: java.lang.IllegalStateException: No Acknowledgment available as an argument, the listener container must have a MANUAL AckMode to populate the Acknowledgment.
	at org.springframework.kafka.listener.adapter.MessagingMessageListenerAdapter.checkAckArg(MessagingMessageListenerAdapter.java:369)
	at org.springframework.kafka.listener.adapter.MessagingMessageListenerAdapter.invokeHandler(MessagingMessageListenerAdapter.java:355)
	at org.springframework.kafka.listener.adapter.RecordMessagingMessageListenerAdapter.onMessage(RecordMessagingMessageListenerAdapter.java:92)
	at org.springframework.kafka.listener.adapter.RecordMessagingMessageListenerAdapter.onMessage(RecordMessagingMessageListenerAdapter.java:53)
	at org.springframework.kafka.listener.KafkaMessageListenerContainer$ListenerConsumer.doInvokeOnMessage(KafkaMessageListenerContainer.java:2586)
	... 12 common frames omitted
Caused by: org.springframework.messaging.handler.annotation.support.MethodArgumentNotValidException: Could not resolve method parameter at index 1 in public void za.co.woolworths.itemkafka_poc.kafka.consumer.ItemConsumerService.listen(org.apache.kafka.clients.consumer.ConsumerRecord<java.lang.String, java.lang.String>,org.springframework.kafka.support.Acknowledgment): 1 error(s): [Error in object 'acknowledgment': codes []; arguments []; default message [Payload value must not be empty]] 
	at org.springframework.messaging.handler.annotation.support.PayloadMethodArgumentResolver.resolveArgument(PayloadMethodArgumentResolver.java:122)
	at org.springframework.kafka.annotation.KafkaNullAwarePayloadArgumentResolver.resolveArgument(KafkaNullAwarePayloadArgumentResolver.java:46)
	at org.springframework.messaging.handler.invocation.HandlerMethodArgumentResolverComposite.resolveArgument(HandlerMethodArgumentResolverComposite.java:118)
	at org.springframework.messaging.handler.invocation.InvocableHandlerMethod.getMethodArgumentValues(InvocableHandlerMethod.java:147)
	at org.springframework.messaging.handler.invocation.InvocableHandlerMethod.invoke(InvocableHandlerMethod.java:115)
	at org.springframework.kafka.listener.adapter.HandlerAdapter.invoke(HandlerAdapter.java:56)
	at org.springframework.kafka.listener.adapter.MessagingMessageListenerAdapter.invokeHandler(MessagingMessageListenerAdapter.java:347)
	... 15 common frames omitted

2025-01-13 16:20:06.493  INFO [org.apache.kafka.clients.consumer.KafkaConsumer:1585] [Consumer clientId=consumer-item_group-1, groupId=item_group] Seeking to offset 23 for partition Item_Topic-0 
2025-01-13 16:20:06.495  INFO [za.co.woolworths.itemkafka_poc.kafka.producer.ItemProducerService:39] *****Message sent successfully for itemId: 100036654***** 
2025-01-13 16:20:06.498 ERROR [org.springframework.kafka.listener.DefaultErrorHandler:149] Backoff none exhausted for Item_Topic-0@23 org.springframework.kafka.listener.ListenerExecutionFailedException: invokeHandler Failed; nested exception is java.lang.IllegalStateException: No Acknowledgment available as an argument, the listener container must have a MANUAL AckMode to populate the Acknowledgment.; nested exception is java.lang.IllegalStateException: No Acknowledgment available as an argument, the listener container must have a MANUAL AckMode to populate the Acknowledgment.
	at org.springframework.kafka.listener.KafkaMessageListenerContainer$ListenerConsumer.decorateException(KafkaMessageListenerContainer.java:2636)
	at org.springframework.kafka.listener.KafkaMessageListenerContainer$ListenerConsumer.doInvokeOnMessage(KafkaMessageListenerContainer.java:2606)
	at org.springframework.kafka.listener.KafkaMessageListenerContainer$ListenerConsumer.invokeOnMessage(KafkaMessageListenerContainer.java:2567)
	at org.springframework.kafka.listener.KafkaMessageListenerContainer$ListenerConsumer.doInvokeRecordListener(KafkaMessageListenerContainer.java:2481)
	at org.springframework.kafka.listener.KafkaMessageListenerContainer$ListenerConsumer.doInvokeWithRecords(KafkaMessageListenerContainer.java:2403)
	at org.springframework.kafka.listener.KafkaMessageListenerContainer$ListenerConsumer.invokeRecordListener(KafkaMessageListenerContainer.java:2282)
	at org.springframework.kafka.listener.KafkaMessageListenerContainer$ListenerConsumer.invokeListener(KafkaMessageListenerContainer.java:1956)
	at org.springframework.kafka.listener.KafkaMessageListenerContainer$ListenerConsumer.invokeIfHaveRecords(KafkaMessageListenerContainer.java:1351)
	at org.springframework.kafka.listener.KafkaMessageListenerContainer$ListenerConsumer.pollAndInvoke(KafkaMessageListenerContainer.java:1342)
	at org.springframework.kafka.listener.KafkaMessageListenerContainer$ListenerConsumer.run(KafkaMessageListenerContainer.java:1234)
	at java.base/java.util.concurrent.Executors$RunnableAdapter.call(Executors.java:515)
	at java.base/java.util.concurrent.FutureTask.run$$$capture(FutureTask.java:264)
	at java.base/java.util.concurrent.FutureTask.run(FutureTask.java)
	at java.base/java.lang.Thread.run(Thread.java:832)
	Suppressed: org.springframework.kafka.listener.ListenerExecutionFailedException: Restored Stack Trace
		at org.springframework.kafka.listener.adapter.MessagingMessageListenerAdapter.checkAckArg(MessagingMessageListenerAdapter.java:369)
		at org.springframework.kafka.listener.adapter.MessagingMessageListenerAdapter.invokeHandler(MessagingMessageListenerAdapter.java:355)
		at org.springframework.kafka.listener.adapter.RecordMessagingMessageListenerAdapter.onMessage(RecordMessagingMessageListenerAdapter.java:92)
		at org.springframework.kafka.listener.adapter.RecordMessagingMessageListenerAdapter.onMessage(RecordMessagingMessageListenerAdapter.java:53)
		at org.springframework.kafka.listener.KafkaMessageListenerContainer$ListenerConsumer.doInvokeOnMessage(KafkaMessageListenerContainer.java:2586)
Caused by: java.lang.IllegalStateException: No Acknowledgment available as an argument, the listener container must have a MANUAL AckMode to populate the Acknowledgment.
	at org.springframework.kafka.listener.adapter.MessagingMessageListenerAdapter.checkAckArg(MessagingMessageListenerAdapter.java:369)
	at org.springframework.kafka.listener.adapter.MessagingMessageListenerAdapter.invokeHandler(MessagingMessageListenerAdapter.java:355)
	at org.springframework.kafka.listener.adapter.RecordMessagingMessageListenerAdapter.onMessage(RecordMessagingMessageListenerAdapter.java:92)
	at org.springframework.kafka.listener.adapter.RecordMessagingMessageListenerAdapter.onMessage(RecordMessagingMessageListenerAdapter.java:53)
	at org.springframework.kafka.listener.KafkaMessageListenerContainer$ListenerConsumer.doInvokeOnMessage(KafkaMessageListenerContainer.java:2586)
	... 12 common frames omitted
Caused by: org.springframework.messaging.handler.annotation.support.MethodArgumentNotValidException: Could not resolve method parameter at index 1 in public void za.co.woolworths.itemkafka_poc.kafka.consumer.ItemConsumerService.listen(org.apache.kafka.clients.consumer.ConsumerRecord<java.lang.String, java.lang.String>,org.springframework.kafka.support.Acknowledgment): 1 error(s): [Error in object 'acknowledgment': codes []; arguments []; default message [Payload value must not be empty]] 
	at org.springframework.messaging.handler.annotation.support.PayloadMethodArgumentResolver.resolveArgument(PayloadMethodArgumentResolver.java:122)
	at org.springframework.kafka.annotation.KafkaNullAwarePayloadArgumentResolver.resolveArgument(KafkaNullAwarePayloadArgumentResolver.java:46)
	at org.springframework.messaging.handler.invocation.HandlerMethodArgumentResolverComposite.resolveArgument(HandlerMethodArgumentResolverComposite.java:118)
	at org.springframework.messaging.handler.invocation.InvocableHandlerMethod.getMethodArgumentValues(InvocableHandlerMethod.java:147)
	at org.springframework.messaging.handler.invocation.InvocableHandlerMethod.invoke(InvocableHandlerMethod.java:115)
	at org.springframework.kafka.listener.adapter.HandlerAdapter.invoke(HandlerAdapter.java:56)
	at org.springframework.kafka.listener.adapter.MessagingMessageListenerAdapter.invokeHandler(MessagingMessageListenerAdapter.java:347)
	... 15 common frames omitted

2025-01-13 16:20:06.499  INFO [org.apache.kafka.clients.consumer.KafkaConsumer:1585] [Consumer clientId=consumer-item_group-1, groupId=item_group] Seeking to offset 24 for partition Item_Topic-0 
2025-01-13 16:20:06.501  INFO [za.co.woolworths.itemkafka_poc.kafka.producer.ItemProducerService:39] *****Message sent successfully for itemId: 100036662***** 
2025-01-13 16:20:06.504 ERROR [org.springframework.kafka.listener.DefaultErrorHandler:149] Backoff none exhausted for Item_Topic-0@24 org.springframework.kafka.listener.ListenerExecutionFailedException: invokeHandler Failed; nested exception is java.lang.IllegalStateException: No Acknowledgment available as an argument, the listener container must have a MANUAL AckMode to populate the Acknowledgment.; nested exception is java.lang.IllegalStateException: No Acknowledgment available as an argument, the listener container must have a MANUAL AckMode to populate the Acknowledgment.
	at org.springframework.kafka.listener.KafkaMessageListenerContainer$ListenerConsumer.decorateException(KafkaMessageListenerContainer.java:2636)
	at org.springframework.kafka.listener.KafkaMessageListenerContainer$ListenerConsumer.doInvokeOnMessage(KafkaMessageListenerContainer.java:2606)
	at org.springframework.kafka.listener.KafkaMessageListenerContainer$ListenerConsumer.invokeOnMessage(KafkaMessageListenerContainer.java:2567)
	at org.springframework.kafka.listener.KafkaMessageListenerContainer$ListenerConsumer.doInvokeRecordListener(KafkaMessageListenerContainer.java:2481)
	at org.springframework.kafka.listener.KafkaMessageListenerContainer$ListenerConsumer.doInvokeWithRecords(KafkaMessageListenerContainer.java:2403)
	at org.springframework.kafka.listener.KafkaMessageListenerContainer$ListenerConsumer.invokeRecordListener(KafkaMessageListenerContainer.java:2282)
	at org.springframework.kafka.listener.KafkaMessageListenerContainer$ListenerConsumer.invokeListener(KafkaMessageListenerContainer.java:1956)
	at org.springframework.kafka.listener.KafkaMessageListenerContainer$ListenerConsumer.invokeIfHaveRecords(KafkaMessageListenerContainer.java:1351)
	at org.springframework.kafka.listener.KafkaMessageListenerContainer$ListenerConsumer.pollAndInvoke(KafkaMessageListenerContainer.java:1342)
	at org.springframework.kafka.listener.KafkaMessageListenerContainer$ListenerConsumer.run(KafkaMessageListenerContainer.java:1234)
	at java.base/java.util.concurrent.Executors$RunnableAdapter.call(Executors.java:515)
	at java.base/java.util.concurrent.FutureTask.run$$$capture(FutureTask.java:264)
	at java.base/java.util.concurrent.FutureTask.run(FutureTask.java)
	at java.base/java.lang.Thread.run(Thread.java:832)
	Suppressed: org.springframework.kafka.listener.ListenerExecutionFailedException: Restored Stack Trace
		at org.springframework.kafka.listener.adapter.MessagingMessageListenerAdapter.checkAckArg(MessagingMessageListenerAdapter.java:369)
		at org.springframework.kafka.listener.adapter.MessagingMessageListenerAdapter.invokeHandler(MessagingMessageListenerAdapter.java:355)
		at org.springframework.kafka.listener.adapter.RecordMessagingMessageListenerAdapter.onMessage(RecordMessagingMessageListenerAdapter.java:92)
		at org.springframework.kafka.listener.adapter.RecordMessagingMessageListenerAdapter.onMessage(RecordMessagingMessageListenerAdapter.java:53)
		at org.springframework.kafka.listener.KafkaMessageListenerContainer$ListenerConsumer.doInvokeOnMessage(KafkaMessageListenerContainer.java:2586)
Caused by: java.lang.IllegalStateException: No Acknowledgment available as an argument, the listener container must have a MANUAL AckMode to populate the Acknowledgment.
	at org.springframework.kafka.listener.adapter.MessagingMessageListenerAdapter.checkAckArg(MessagingMessageListenerAdapter.java:369)
	at org.springframework.kafka.listener.adapter.MessagingMessageListenerAdapter.invokeHandler(MessagingMessageListenerAdapter.java:355)
	at org.springframework.kafka.listener.adapter.RecordMessagingMessageListenerAdapter.onMessage(RecordMessagingMessageListenerAdapter.java:92)
	at org.springframework.kafka.listener.adapter.RecordMessagingMessageListenerAdapter.onMessage(RecordMessagingMessageListenerAdapter.java:53)
	at org.springframework.kafka.listener.KafkaMessageListenerContainer$ListenerConsumer.doInvokeOnMessage(KafkaMessageListenerContainer.java:2586)
	... 12 common frames omitted
Caused by: org.springframework.messaging.handler.annotation.support.MethodArgumentNotValidException: Could not resolve method parameter at index 1 in public void za.co.woolworths.itemkafka_poc.kafka.consumer.ItemConsumerService.listen(org.apache.kafka.clients.consumer.ConsumerRecord<java.lang.String, java.lang.String>,org.springframework.kafka.support.Acknowledgment): 1 error(s): [Error in object 'acknowledgment': codes []; arguments []; default message [Payload value must not be empty]] 
	at org.springframework.messaging.handler.annotation.support.PayloadMethodArgumentResolver.resolveArgument(PayloadMethodArgumentResolver.java:122)
	at org.springframework.kafka.annotation.KafkaNullAwarePayloadArgumentResolver.resolveArgument(KafkaNullAwarePayloadArgumentResolver.java:46)
	at org.springframework.messaging.handler.invocation.HandlerMethodArgumentResolverComposite.resolveArgument(HandlerMethodArgumentResolverComposite.java:118)
	at org.springframework.messaging.handler.invocation.InvocableHandlerMethod.getMethodArgumentValues(InvocableHandlerMethod.java:147)
	at org.springframework.messaging.handler.invocation.InvocableHandlerMethod.invoke(InvocableHandlerMethod.java:115)
	at org.springframework.kafka.listener.adapter.HandlerAdapter.invoke(HandlerAdapter.java:56)
	at org.springframework.kafka.listener.adapter.MessagingMessageListenerAdapter.invokeHandler(MessagingMessageListenerAdapter.java:347)
	... 15 common frames omitted

2025-01-13 16:20:06.504  INFO [org.apache.kafka.clients.consumer.KafkaConsumer:1585] [Consumer clientId=consumer-item_group-1, groupId=item_group] Seeking to offset 25 for partition Item_Topic-0 
2025-01-13 16:20:06.507  INFO [za.co.woolworths.itemkafka_poc.kafka.producer.ItemProducerService:39] *****Message sent successfully for itemId: 100037622***** 
2025-01-13 16:20:06.510 ERROR [org.springframework.kafka.listener.DefaultErrorHandler:149] Backoff none exhausted for Item_Topic-0@25 org.springframework.kafka.listener.ListenerExecutionFailedException: invokeHandler Failed; nested exception is java.lang.IllegalStateException: No Acknowledgment available as an argument, the listener container must have a MANUAL AckMode to populate the Acknowledgment.; nested exception is java.lang.IllegalStateException: No Acknowledgment available as an argument, the listener container must have a MANUAL AckMode to populate the Acknowledgment.
	at org.springframework.kafka.listener.KafkaMessageListenerContainer$ListenerConsumer.decorateException(KafkaMessageListenerContainer.java:2636)
	at org.springframework.kafka.listener.KafkaMessageListenerContainer$ListenerConsumer.doInvokeOnMessage(KafkaMessageListenerContainer.java:2606)
	at org.springframework.kafka.listener.KafkaMessageListenerContainer$ListenerConsumer.invokeOnMessage(KafkaMessageListenerContainer.java:2567)
	at org.springframework.kafka.listener.KafkaMessageListenerContainer$ListenerConsumer.doInvokeRecordListener(KafkaMessageListenerContainer.java:2481)
	at org.springframework.kafka.listener.KafkaMessageListenerContainer$ListenerConsumer.doInvokeWithRecords(KafkaMessageListenerContainer.java:2403)
	at org.springframework.kafka.listener.KafkaMessageListenerContainer$ListenerConsumer.invokeRecordListener(KafkaMessageListenerContainer.java:2282)
	at org.springframework.kafka.listener.KafkaMessageListenerContainer$ListenerConsumer.invokeListener(KafkaMessageListenerContainer.java:1956)
	at org.springframework.kafka.listener.KafkaMessageListenerContainer$ListenerConsumer.invokeIfHaveRecords(KafkaMessageListenerContainer.java:1351)
	at org.springframework.kafka.listener.KafkaMessageListenerContainer$ListenerConsumer.pollAndInvoke(KafkaMessageListenerContainer.java:1342)
	at org.springframework.kafka.listener.KafkaMessageListenerContainer$ListenerConsumer.run(KafkaMessageListenerContainer.java:1234)
	at java.base/java.util.concurrent.Executors$RunnableAdapter.call(Executors.java:515)
	at java.base/java.util.concurrent.FutureTask.run$$$capture(FutureTask.java:264)
	at java.base/java.util.concurrent.FutureTask.run(FutureTask.java)
	at java.base/java.lang.Thread.run(Thread.java:832)
	Suppressed: org.springframework.kafka.listener.ListenerExecutionFailedException: Restored Stack Trace
		at org.springframework.kafka.listener.adapter.MessagingMessageListenerAdapter.checkAckArg(MessagingMessageListenerAdapter.java:369)
		at org.springframework.kafka.listener.adapter.MessagingMessageListenerAdapter.invokeHandler(MessagingMessageListenerAdapter.java:355)
		at org.springframework.kafka.listener.adapter.RecordMessagingMessageListenerAdapter.onMessage(RecordMessagingMessageListenerAdapter.java:92)
		at org.springframework.kafka.listener.adapter.RecordMessagingMessageListenerAdapter.onMessage(RecordMessagingMessageListenerAdapter.java:53)
		at org.springframework.kafka.listener.KafkaMessageListenerContainer$ListenerConsumer.doInvokeOnMessage(KafkaMessageListenerContainer.java:2586)
Caused by: java.lang.IllegalStateException: No Acknowledgment available as an argument, the listener container must have a MANUAL AckMode to populate the Acknowledgment.
	at org.springframework.kafka.listener.adapter.MessagingMessageListenerAdapter.checkAckArg(MessagingMessageListenerAdapter.java:369)
	at org.springframework.kafka.listener.adapter.MessagingMessageListenerAdapter.invokeHandler(MessagingMessageListenerAdapter.java:355)
	at org.springframework.kafka.listener.adapter.RecordMessagingMessageListenerAdapter.onMessage(RecordMessagingMessageListenerAdapter.java:92)
	at org.springframework.kafka.listener.adapter.RecordMessagingMessageListenerAdapter.onMessage(RecordMessagingMessageListenerAdapter.java:53)
	at org.springframework.kafka.listener.KafkaMessageListenerContainer$ListenerConsumer.doInvokeOnMessage(KafkaMessageListenerContainer.java:2586)
	... 12 common frames omitted
Caused by: org.springframework.messaging.handler.annotation.support.MethodArgumentNotValidException: Could not resolve method parameter at index 1 in public void za.co.woolworths.itemkafka_poc.kafka.consumer.ItemConsumerService.listen(org.apache.kafka.clients.consumer.ConsumerRecord<java.lang.String, java.lang.String>,org.springframework.kafka.support.Acknowledgment): 1 error(s): [Error in object 'acknowledgment': codes []; arguments []; default message [Payload value must not be empty]] 
	at org.springframework.messaging.handler.annotation.support.PayloadMethodArgumentResolver.resolveArgument(PayloadMethodArgumentResolver.java:122)
	at org.springframework.kafka.annotation.KafkaNullAwarePayloadArgumentResolver.resolveArgument(KafkaNullAwarePayloadArgumentResolver.java:46)
	at org.springframework.messaging.handler.invocation.HandlerMethodArgumentResolverComposite.resolveArgument(HandlerMethodArgumentResolverComposite.java:118)
	at org.springframework.messaging.handler.invocation.InvocableHandlerMethod.getMethodArgumentValues(InvocableHandlerMethod.java:147)
	at org.springframework.messaging.handler.invocation.InvocableHandlerMethod.invoke(InvocableHandlerMethod.java:115)
	at org.springframework.kafka.listener.adapter.HandlerAdapter.invoke(HandlerAdapter.java:56)
	at org.springframework.kafka.listener.adapter.MessagingMessageListenerAdapter.invokeHandler(MessagingMessageListenerAdapter.java:347)
	... 15 common frames omitted

2025-01-13 16:20:06.511  INFO [org.apache.kafka.clients.consumer.KafkaConsumer:1585] [Consumer clientId=consumer-item_group-1, groupId=item_group] Seeking to offset 26 for partition Item_Topic-0 
2025-01-13 16:20:06.513  INFO [za.co.woolworths.itemkafka_poc.kafka.producer.ItemProducerService:39] *****Message sent successfully for itemId: 100037648***** 
2025-01-13 16:20:06.517 ERROR [org.springframework.kafka.listener.DefaultErrorHandler:149] Backoff none exhausted for Item_Topic-0@26 org.springframework.kafka.listener.ListenerExecutionFailedException: invokeHandler Failed; nested exception is java.lang.IllegalStateException: No Acknowledgment available as an argument, the listener container must have a MANUAL AckMode to populate the Acknowledgment.; nested exception is java.lang.IllegalStateException: No Acknowledgment available as an argument, the listener container must have a MANUAL AckMode to populate the Acknowledgment.
	at org.springframework.kafka.listener.KafkaMessageListenerContainer$ListenerConsumer.decorateException(KafkaMessageListenerContainer.java:2636)
	at org.springframework.kafka.listener.KafkaMessageListenerContainer$ListenerConsumer.doInvokeOnMessage(KafkaMessageListenerContainer.java:2606)
	at org.springframework.kafka.listener.KafkaMessageListenerContainer$ListenerConsumer.invokeOnMessage(KafkaMessageListenerContainer.java:2567)
	at org.springframework.kafka.listener.KafkaMessageListenerContainer$ListenerConsumer.doInvokeRecordListener(KafkaMessageListenerContainer.java:2481)
	at org.springframework.kafka.listener.KafkaMessageListenerContainer$ListenerConsumer.doInvokeWithRecords(KafkaMessageListenerContainer.java:2403)
	at org.springframework.kafka.listener.KafkaMessageListenerContainer$ListenerConsumer.invokeRecordListener(KafkaMessageListenerContainer.java:2282)
	at org.springframework.kafka.listener.KafkaMessageListenerContainer$ListenerConsumer.invokeListener(KafkaMessageListenerContainer.java:1956)
	at org.springframework.kafka.listener.KafkaMessageListenerContainer$ListenerConsumer.invokeIfHaveRecords(KafkaMessageListenerContainer.java:1351)
	at org.springframework.kafka.listener.KafkaMessageListenerContainer$ListenerConsumer.pollAndInvoke(KafkaMessageListenerContainer.java:1342)
	at org.springframework.kafka.listener.KafkaMessageListenerContainer$ListenerConsumer.run(KafkaMessageListenerContainer.java:1234)
	at java.base/java.util.concurrent.Executors$RunnableAdapter.call(Executors.java:515)
	at java.base/java.util.concurrent.FutureTask.run$$$capture(FutureTask.java:264)
	at java.base/java.util.concurrent.FutureTask.run(FutureTask.java)
	at java.base/java.lang.Thread.run(Thread.java:832)
	Suppressed: org.springframework.kafka.listener.ListenerExecutionFailedException: Restored Stack Trace
		at org.springframework.kafka.listener.adapter.MessagingMessageListenerAdapter.checkAckArg(MessagingMessageListenerAdapter.java:369)
		at org.springframework.kafka.listener.adapter.MessagingMessageListenerAdapter.invokeHandler(MessagingMessageListenerAdapter.java:355)
		at org.springframework.kafka.listener.adapter.RecordMessagingMessageListenerAdapter.onMessage(RecordMessagingMessageListenerAdapter.java:92)
		at org.springframework.kafka.listener.adapter.RecordMessagingMessageListenerAdapter.onMessage(RecordMessagingMessageListenerAdapter.java:53)
		at org.springframework.kafka.listener.KafkaMessageListenerContainer$ListenerConsumer.doInvokeOnMessage(KafkaMessageListenerContainer.java:2586)
Caused by: java.lang.IllegalStateException: No Acknowledgment available as an argument, the listener container must have a MANUAL AckMode to populate the Acknowledgment.
	at org.springframework.kafka.listener.adapter.MessagingMessageListenerAdapter.checkAckArg(MessagingMessageListenerAdapter.java:369)
	at org.springframework.kafka.listener.adapter.MessagingMessageListenerAdapter.invokeHandler(MessagingMessageListenerAdapter.java:355)
	at org.springframework.kafka.listener.adapter.RecordMessagingMessageListenerAdapter.onMessage(RecordMessagingMessageListenerAdapter.java:92)
	at org.springframework.kafka.listener.adapter.RecordMessagingMessageListenerAdapter.onMessage(RecordMessagingMessageListenerAdapter.java:53)
	at org.springframework.kafka.listener.KafkaMessageListenerContainer$ListenerConsumer.doInvokeOnMessage(KafkaMessageListenerContainer.java:2586)
	... 12 common frames omitted
Caused by: org.springframework.messaging.handler.annotation.support.MethodArgumentNotValidException: Could not resolve method parameter at index 1 in public void za.co.woolworths.itemkafka_poc.kafka.consumer.ItemConsumerService.listen(org.apache.kafka.clients.consumer.ConsumerRecord<java.lang.String, java.lang.String>,org.springframework.kafka.support.Acknowledgment): 1 error(s): [Error in object 'acknowledgment': codes []; arguments []; default message [Payload value must not be empty]] 
	at org.springframework.messaging.handler.annotation.support.PayloadMethodArgumentResolver.resolveArgument(PayloadMethodArgumentResolver.java:122)
	at org.springframework.kafka.annotation.KafkaNullAwarePayloadArgumentResolver.resolveArgument(KafkaNullAwarePayloadArgumentResolver.java:46)
	at org.springframework.messaging.handler.invocation.HandlerMethodArgumentResolverComposite.resolveArgument(HandlerMethodArgumentResolverComposite.java:118)
	at org.springframework.messaging.handler.invocation.InvocableHandlerMethod.getMethodArgumentValues(InvocableHandlerMethod.java:147)
	at org.springframework.messaging.handler.invocation.InvocableHandlerMethod.invoke(InvocableHandlerMethod.java:115)
	at org.springframework.kafka.listener.adapter.HandlerAdapter.invoke(HandlerAdapter.java:56)
	at org.springframework.kafka.listener.adapter.MessagingMessageListenerAdapter.invokeHandler(MessagingMessageListenerAdapter.java:347)
	... 15 common frames omitted

2025-01-13 16:20:06.518  INFO [org.apache.kafka.clients.consumer.KafkaConsumer:1585] [Consumer clientId=consumer-item_group-1, groupId=item_group] Seeking to offset 27 for partition Item_Topic-0 
2025-01-13 16:20:06.520  INFO [za.co.woolworths.itemkafka_poc.kafka.producer.ItemProducerService:39] *****Message sent successfully for itemId: 100037664***** 
2025-01-13 16:20:06.524 ERROR [org.springframework.kafka.listener.DefaultErrorHandler:149] Backoff none exhausted for Item_Topic-0@27 org.springframework.kafka.listener.ListenerExecutionFailedException: invokeHandler Failed; nested exception is java.lang.IllegalStateException: No Acknowledgment available as an argument, the listener container must have a MANUAL AckMode to populate the Acknowledgment.; nested exception is java.lang.IllegalStateException: No Acknowledgment available as an argument, the listener container must have a MANUAL AckMode to populate the Acknowledgment.
	at org.springframework.kafka.listener.KafkaMessageListenerContainer$ListenerConsumer.decorateException(KafkaMessageListenerContainer.java:2636)
	at org.springframework.kafka.listener.KafkaMessageListenerContainer$ListenerConsumer.doInvokeOnMessage(KafkaMessageListenerContainer.java:2606)
	at org.springframework.kafka.listener.KafkaMessageListenerContainer$ListenerConsumer.invokeOnMessage(KafkaMessageListenerContainer.java:2567)
	at org.springframework.kafka.listener.KafkaMessageListenerContainer$ListenerConsumer.doInvokeRecordListener(KafkaMessageListenerContainer.java:2481)
	at org.springframework.kafka.listener.KafkaMessageListenerContainer$ListenerConsumer.doInvokeWithRecords(KafkaMessageListenerContainer.java:2403)
	at org.springframework.kafka.listener.KafkaMessageListenerContainer$ListenerConsumer.invokeRecordListener(KafkaMessageListenerContainer.java:2282)
	at org.springframework.kafka.listener.KafkaMessageListenerContainer$ListenerConsumer.invokeListener(KafkaMessageListenerContainer.java:1956)
	at org.springframework.kafka.listener.KafkaMessageListenerContainer$ListenerConsumer.invokeIfHaveRecords(KafkaMessageListenerContainer.java:1351)
	at org.springframework.kafka.listener.KafkaMessageListenerContainer$ListenerConsumer.pollAndInvoke(KafkaMessageListenerContainer.java:1342)
	at org.springframework.kafka.listener.KafkaMessageListenerContainer$ListenerConsumer.run(KafkaMessageListenerContainer.java:1234)
	at java.base/java.util.concurrent.Executors$RunnableAdapter.call(Executors.java:515)
	at java.base/java.util.concurrent.FutureTask.run$$$capture(FutureTask.java:264)
	at java.base/java.util.concurrent.FutureTask.run(FutureTask.java)
	at java.base/java.lang.Thread.run(Thread.java:832)
	Suppressed: org.springframework.kafka.listener.ListenerExecutionFailedException: Restored Stack Trace
		at org.springframework.kafka.listener.adapter.MessagingMessageListenerAdapter.checkAckArg(MessagingMessageListenerAdapter.java:369)
		at org.springframework.kafka.listener.adapter.MessagingMessageListenerAdapter.invokeHandler(MessagingMessageListenerAdapter.java:355)
		at org.springframework.kafka.listener.adapter.RecordMessagingMessageListenerAdapter.onMessage(RecordMessagingMessageListenerAdapter.java:92)
		at org.springframework.kafka.listener.adapter.RecordMessagingMessageListenerAdapter.onMessage(RecordMessagingMessageListenerAdapter.java:53)
		at org.springframework.kafka.listener.KafkaMessageListenerContainer$ListenerConsumer.doInvokeOnMessage(KafkaMessageListenerContainer.java:2586)
Caused by: java.lang.IllegalStateException: No Acknowledgment available as an argument, the listener container must have a MANUAL AckMode to populate the Acknowledgment.
	at org.springframework.kafka.listener.adapter.MessagingMessageListenerAdapter.checkAckArg(MessagingMessageListenerAdapter.java:369)
	at org.springframework.kafka.listener.adapter.MessagingMessageListenerAdapter.invokeHandler(MessagingMessageListenerAdapter.java:355)
	at org.springframework.kafka.listener.adapter.RecordMessagingMessageListenerAdapter.onMessage(RecordMessagingMessageListenerAdapter.java:92)
	at org.springframework.kafka.listener.adapter.RecordMessagingMessageListenerAdapter.onMessage(RecordMessagingMessageListenerAdapter.java:53)
	at org.springframework.kafka.listener.KafkaMessageListenerContainer$ListenerConsumer.doInvokeOnMessage(KafkaMessageListenerContainer.java:2586)
	... 12 common frames omitted
Caused by: org.springframework.messaging.handler.annotation.support.MethodArgumentNotValidException: Could not resolve method parameter at index 1 in public void za.co.woolworths.itemkafka_poc.kafka.consumer.ItemConsumerService.listen(org.apache.kafka.clients.consumer.ConsumerRecord<java.lang.String, java.lang.String>,org.springframework.kafka.support.Acknowledgment): 1 error(s): [Error in object 'acknowledgment': codes []; arguments []; default message [Payload value must not be empty]] 
	at org.springframework.messaging.handler.annotation.support.PayloadMethodArgumentResolver.resolveArgument(PayloadMethodArgumentResolver.java:122)
	at org.springframework.kafka.annotation.KafkaNullAwarePayloadArgumentResolver.resolveArgument(KafkaNullAwarePayloadArgumentResolver.java:46)
	at org.springframework.messaging.handler.invocation.HandlerMethodArgumentResolverComposite.resolveArgument(HandlerMethodArgumentResolverComposite.java:118)
	at org.springframework.messaging.handler.invocation.InvocableHandlerMethod.getMethodArgumentValues(InvocableHandlerMethod.java:147)
	at org.springframework.messaging.handler.invocation.InvocableHandlerMethod.invoke(InvocableHandlerMethod.java:115)
	at org.springframework.kafka.listener.adapter.HandlerAdapter.invoke(HandlerAdapter.java:56)
	at org.springframework.kafka.listener.adapter.MessagingMessageListenerAdapter.invokeHandler(MessagingMessageListenerAdapter.java:347)
	... 15 common frames omitted

2025-01-13 16:20:06.525  INFO [org.apache.kafka.clients.consumer.KafkaConsumer:1585] [Consumer clientId=consumer-item_group-1, groupId=item_group] Seeking to offset 28 for partition Item_Topic-0 
2025-01-13 16:20:06.527  INFO [za.co.woolworths.itemkafka_poc.kafka.producer.ItemProducerService:39] *****Message sent successfully for itemId: 100037672***** 
2025-01-13 16:20:06.531 ERROR [org.springframework.kafka.listener.DefaultErrorHandler:149] Backoff none exhausted for Item_Topic-0@28 org.springframework.kafka.listener.ListenerExecutionFailedException: invokeHandler Failed; nested exception is java.lang.IllegalStateException: No Acknowledgment available as an argument, the listener container must have a MANUAL AckMode to populate the Acknowledgment.; nested exception is java.lang.IllegalStateException: No Acknowledgment available as an argument, the listener container must have a MANUAL AckMode to populate the Acknowledgment.
	at org.springframework.kafka.listener.KafkaMessageListenerContainer$ListenerConsumer.decorateException(KafkaMessageListenerContainer.java:2636)
	at org.springframework.kafka.listener.KafkaMessageListenerContainer$ListenerConsumer.doInvokeOnMessage(KafkaMessageListenerContainer.java:2606)
	at org.springframework.kafka.listener.KafkaMessageListenerContainer$ListenerConsumer.invokeOnMessage(KafkaMessageListenerContainer.java:2567)
	at org.springframework.kafka.listener.KafkaMessageListenerContainer$ListenerConsumer.doInvokeRecordListener(KafkaMessageListenerContainer.java:2481)
	at org.springframework.kafka.listener.KafkaMessageListenerContainer$ListenerConsumer.doInvokeWithRecords(KafkaMessageListenerContainer.java:2403)
	at org.springframework.kafka.listener.KafkaMessageListenerContainer$ListenerConsumer.invokeRecordListener(KafkaMessageListenerContainer.java:2282)
	at org.springframework.kafka.listener.KafkaMessageListenerContainer$ListenerConsumer.invokeListener(KafkaMessageListenerContainer.java:1956)
	at org.springframework.kafka.listener.KafkaMessageListenerContainer$ListenerConsumer.invokeIfHaveRecords(KafkaMessageListenerContainer.java:1351)
	at org.springframework.kafka.listener.KafkaMessageListenerContainer$ListenerConsumer.pollAndInvoke(KafkaMessageListenerContainer.java:1342)
	at org.springframework.kafka.listener.KafkaMessageListenerContainer$ListenerConsumer.run(KafkaMessageListenerContainer.java:1234)
	at java.base/java.util.concurrent.Executors$RunnableAdapter.call(Executors.java:515)
	at java.base/java.util.concurrent.FutureTask.run$$$capture(FutureTask.java:264)
	at java.base/java.util.concurrent.FutureTask.run(FutureTask.java)
	at java.base/java.lang.Thread.run(Thread.java:832)
	Suppressed: org.springframework.kafka.listener.ListenerExecutionFailedException: Restored Stack Trace
		at org.springframework.kafka.listener.adapter.MessagingMessageListenerAdapter.checkAckArg(MessagingMessageListenerAdapter.java:369)
		at org.springframework.kafka.listener.adapter.MessagingMessageListenerAdapter.invokeHandler(MessagingMessageListenerAdapter.java:355)
		at org.springframework.kafka.listener.adapter.RecordMessagingMessageListenerAdapter.onMessage(RecordMessagingMessageListenerAdapter.java:92)
		at org.springframework.kafka.listener.adapter.RecordMessagingMessageListenerAdapter.onMessage(RecordMessagingMessageListenerAdapter.java:53)
		at org.springframework.kafka.listener.KafkaMessageListenerContainer$ListenerConsumer.doInvokeOnMessage(KafkaMessageListenerContainer.java:2586)
Caused by: java.lang.IllegalStateException: No Acknowledgment available as an argument, the listener container must have a MANUAL AckMode to populate the Acknowledgment.
	at org.springframework.kafka.listener.adapter.MessagingMessageListenerAdapter.checkAckArg(MessagingMessageListenerAdapter.java:369)
	at org.springframework.kafka.listener.adapter.MessagingMessageListenerAdapter.invokeHandler(MessagingMessageListenerAdapter.java:355)
	at org.springframework.kafka.listener.adapter.RecordMessagingMessageListenerAdapter.onMessage(RecordMessagingMessageListenerAdapter.java:92)
	at org.springframework.kafka.listener.adapter.RecordMessagingMessageListenerAdapter.onMessage(RecordMessagingMessageListenerAdapter.java:53)
	at org.springframework.kafka.listener.KafkaMessageListenerContainer$ListenerConsumer.doInvokeOnMessage(KafkaMessageListenerContainer.java:2586)
	... 12 common frames omitted
Caused by: org.springframework.messaging.handler.annotation.support.MethodArgumentNotValidException: Could not resolve method parameter at index 1 in public void za.co.woolworths.itemkafka_poc.kafka.consumer.ItemConsumerService.listen(org.apache.kafka.clients.consumer.ConsumerRecord<java.lang.String, java.lang.String>,org.springframework.kafka.support.Acknowledgment): 1 error(s): [Error in object 'acknowledgment': codes []; arguments []; default message [Payload value must not be empty]] 
	at org.springframework.messaging.handler.annotation.support.PayloadMethodArgumentResolver.resolveArgument(PayloadMethodArgumentResolver.java:122)
	at org.springframework.kafka.annotation.KafkaNullAwarePayloadArgumentResolver.resolveArgument(KafkaNullAwarePayloadArgumentResolver.java:46)
	at org.springframework.messaging.handler.invocation.HandlerMethodArgumentResolverComposite.resolveArgument(HandlerMethodArgumentResolverComposite.java:118)
	at org.springframework.messaging.handler.invocation.InvocableHandlerMethod.getMethodArgumentValues(InvocableHandlerMethod.java:147)
	at org.springframework.messaging.handler.invocation.InvocableHandlerMethod.invoke(InvocableHandlerMethod.java:115)
	at org.springframework.kafka.listener.adapter.HandlerAdapter.invoke(HandlerAdapter.java:56)
	at org.springframework.kafka.listener.adapter.MessagingMessageListenerAdapter.invokeHandler(MessagingMessageListenerAdapter.java:347)
	... 15 common frames omitted

2025-01-13 16:20:06.532  INFO [org.apache.kafka.clients.consumer.KafkaConsumer:1585] [Consumer clientId=consumer-item_group-1, groupId=item_group] Seeking to offset 29 for partition Item_Topic-0 
2025-01-13 16:20:06.534  INFO [za.co.woolworths.itemkafka_poc.kafka.producer.ItemProducerService:39] *****Message sent successfully for itemId: 100038624***** 
2025-01-13 16:20:06.538 ERROR [org.springframework.kafka.listener.DefaultErrorHandler:149] Backoff none exhausted for Item_Topic-0@29 org.springframework.kafka.listener.ListenerExecutionFailedException: invokeHandler Failed; nested exception is java.lang.IllegalStateException: No Acknowledgment available as an argument, the listener container must have a MANUAL AckMode to populate the Acknowledgment.; nested exception is java.lang.IllegalStateException: No Acknowledgment available as an argument, the listener container must have a MANUAL AckMode to populate the Acknowledgment.
	at org.springframework.kafka.listener.KafkaMessageListenerContainer$ListenerConsumer.decorateException(KafkaMessageListenerContainer.java:2636)
	at org.springframework.kafka.listener.KafkaMessageListenerContainer$ListenerConsumer.doInvokeOnMessage(KafkaMessageListenerContainer.java:2606)
	at org.springframework.kafka.listener.KafkaMessageListenerContainer$ListenerConsumer.invokeOnMessage(KafkaMessageListenerContainer.java:2567)
	at org.springframework.kafka.listener.KafkaMessageListenerContainer$ListenerConsumer.doInvokeRecordListener(KafkaMessageListenerContainer.java:2481)
	at org.springframework.kafka.listener.KafkaMessageListenerContainer$ListenerConsumer.doInvokeWithRecords(KafkaMessageListenerContainer.java:2403)
	at org.springframework.kafka.listener.KafkaMessageListenerContainer$ListenerConsumer.invokeRecordListener(KafkaMessageListenerContainer.java:2282)
	at org.springframework.kafka.listener.KafkaMessageListenerContainer$ListenerConsumer.invokeListener(KafkaMessageListenerContainer.java:1956)
	at org.springframework.kafka.listener.KafkaMessageListenerContainer$ListenerConsumer.invokeIfHaveRecords(KafkaMessageListenerContainer.java:1351)
	at org.springframework.kafka.listener.KafkaMessageListenerContainer$ListenerConsumer.pollAndInvoke(KafkaMessageListenerContainer.java:1342)
	at org.springframework.kafka.listener.KafkaMessageListenerContainer$ListenerConsumer.run(KafkaMessageListenerContainer.java:1234)
	at java.base/java.util.concurrent.Executors$RunnableAdapter.call(Executors.java:515)
	at java.base/java.util.concurrent.FutureTask.run$$$capture(FutureTask.java:264)
	at java.base/java.util.concurrent.FutureTask.run(FutureTask.java)
	at java.base/java.lang.Thread.run(Thread.java:832)
	Suppressed: org.springframework.kafka.listener.ListenerExecutionFailedException: Restored Stack Trace
		at org.springframework.kafka.listener.adapter.MessagingMessageListenerAdapter.checkAckArg(MessagingMessageListenerAdapter.java:369)
		at org.springframework.kafka.listener.adapter.MessagingMessageListenerAdapter.invokeHandler(MessagingMessageListenerAdapter.java:355)
		at org.springframework.kafka.listener.adapter.RecordMessagingMessageListenerAdapter.onMessage(RecordMessagingMessageListenerAdapter.java:92)
		at org.springframework.kafka.listener.adapter.RecordMessagingMessageListenerAdapter.onMessage(RecordMessagingMessageListenerAdapter.java:53)
		at org.springframework.kafka.listener.KafkaMessageListenerContainer$ListenerConsumer.doInvokeOnMessage(KafkaMessageListenerContainer.java:2586)
Caused by: java.lang.IllegalStateException: No Acknowledgment available as an argument, the listener container must have a MANUAL AckMode to populate the Acknowledgment.
	at org.springframework.kafka.listener.adapter.MessagingMessageListenerAdapter.checkAckArg(MessagingMessageListenerAdapter.java:369)
	at org.springframework.kafka.listener.adapter.MessagingMessageListenerAdapter.invokeHandler(MessagingMessageListenerAdapter.java:355)
	at org.springframework.kafka.listener.adapter.RecordMessagingMessageListenerAdapter.onMessage(RecordMessagingMessageListenerAdapter.java:92)
	at org.springframework.kafka.listener.adapter.RecordMessagingMessageListenerAdapter.onMessage(RecordMessagingMessageListenerAdapter.java:53)
	at org.springframework.kafka.listener.KafkaMessageListenerContainer$ListenerConsumer.doInvokeOnMessage(KafkaMessageListenerContainer.java:2586)
	... 12 common frames omitted
Caused by: org.springframework.messaging.handler.annotation.support.MethodArgumentNotValidException: Could not resolve method parameter at index 1 in public void za.co.woolworths.itemkafka_poc.kafka.consumer.ItemConsumerService.listen(org.apache.kafka.clients.consumer.ConsumerRecord<java.lang.String, java.lang.String>,org.springframework.kafka.support.Acknowledgment): 1 error(s): [Error in object 'acknowledgment': codes []; arguments []; default message [Payload value must not be empty]] 
	at org.springframework.messaging.handler.annotation.support.PayloadMethodArgumentResolver.resolveArgument(PayloadMethodArgumentResolver.java:122)
	at org.springframework.kafka.annotation.KafkaNullAwarePayloadArgumentResolver.resolveArgument(KafkaNullAwarePayloadArgumentResolver.java:46)
	at org.springframework.messaging.handler.invocation.HandlerMethodArgumentResolverComposite.resolveArgument(HandlerMethodArgumentResolverComposite.java:118)
	at org.springframework.messaging.handler.invocation.InvocableHandlerMethod.getMethodArgumentValues(InvocableHandlerMethod.java:147)
	at org.springframework.messaging.handler.invocation.InvocableHandlerMethod.invoke(InvocableHandlerMethod.java:115)
	at org.springframework.kafka.listener.adapter.HandlerAdapter.invoke(HandlerAdapter.java:56)
	at org.springframework.kafka.listener.adapter.MessagingMessageListenerAdapter.invokeHandler(MessagingMessageListenerAdapter.java:347)
	... 15 common frames omitted

2025-01-13 16:20:06.538  INFO [org.apache.kafka.clients.consumer.KafkaConsumer:1585] [Consumer clientId=consumer-item_group-1, groupId=item_group] Seeking to offset 30 for partition Item_Topic-0 
2025-01-13 16:20:06.541  INFO [za.co.woolworths.itemkafka_poc.kafka.producer.ItemProducerService:39] *****Message sent successfully for itemId: 100038632***** 
2025-01-13 16:20:06.546 ERROR [org.springframework.kafka.listener.DefaultErrorHandler:149] Backoff none exhausted for Item_Topic-0@30 org.springframework.kafka.listener.ListenerExecutionFailedException: invokeHandler Failed; nested exception is java.lang.IllegalStateException: No Acknowledgment available as an argument, the listener container must have a MANUAL AckMode to populate the Acknowledgment.; nested exception is java.lang.IllegalStateException: No Acknowledgment available as an argument, the listener container must have a MANUAL AckMode to populate the Acknowledgment.
	at org.springframework.kafka.listener.KafkaMessageListenerContainer$ListenerConsumer.decorateException(KafkaMessageListenerContainer.java:2636)
	at org.springframework.kafka.listener.KafkaMessageListenerContainer$ListenerConsumer.doInvokeOnMessage(KafkaMessageListenerContainer.java:2606)
	at org.springframework.kafka.listener.KafkaMessageListenerContainer$ListenerConsumer.invokeOnMessage(KafkaMessageListenerContainer.java:2567)
	at org.springframework.kafka.listener.KafkaMessageListenerContainer$ListenerConsumer.doInvokeRecordListener(KafkaMessageListenerContainer.java:2481)
	at org.springframework.kafka.listener.KafkaMessageListenerContainer$ListenerConsumer.doInvokeWithRecords(KafkaMessageListenerContainer.java:2403)
	at org.springframework.kafka.listener.KafkaMessageListenerContainer$ListenerConsumer.invokeRecordListener(KafkaMessageListenerContainer.java:2282)
	at org.springframework.kafka.listener.KafkaMessageListenerContainer$ListenerConsumer.invokeListener(KafkaMessageListenerContainer.java:1956)
	at org.springframework.kafka.listener.KafkaMessageListenerContainer$ListenerConsumer.invokeIfHaveRecords(KafkaMessageListenerContainer.java:1351)
	at org.springframework.kafka.listener.KafkaMessageListenerContainer$ListenerConsumer.pollAndInvoke(KafkaMessageListenerContainer.java:1342)
	at org.springframework.kafka.listener.KafkaMessageListenerContainer$ListenerConsumer.run(KafkaMessageListenerContainer.java:1234)
	at java.base/java.util.concurrent.Executors$RunnableAdapter.call(Executors.java:515)
	at java.base/java.util.concurrent.FutureTask.run$$$capture(FutureTask.java:264)
	at java.base/java.util.concurrent.FutureTask.run(FutureTask.java)
	at java.base/java.lang.Thread.run(Thread.java:832)
	Suppressed: org.springframework.kafka.listener.ListenerExecutionFailedException: Restored Stack Trace
		at org.springframework.kafka.listener.adapter.MessagingMessageListenerAdapter.checkAckArg(MessagingMessageListenerAdapter.java:369)
		at org.springframework.kafka.listener.adapter.MessagingMessageListenerAdapter.invokeHandler(MessagingMessageListenerAdapter.java:355)
		at org.springframework.kafka.listener.adapter.RecordMessagingMessageListenerAdapter.onMessage(RecordMessagingMessageListenerAdapter.java:92)
		at org.springframework.kafka.listener.adapter.RecordMessagingMessageListenerAdapter.onMessage(RecordMessagingMessageListenerAdapter.java:53)
		at org.springframework.kafka.listener.KafkaMessageListenerContainer$ListenerConsumer.doInvokeOnMessage(KafkaMessageListenerContainer.java:2586)
Caused by: java.lang.IllegalStateException: No Acknowledgment available as an argument, the listener container must have a MANUAL AckMode to populate the Acknowledgment.
	at org.springframework.kafka.listener.adapter.MessagingMessageListenerAdapter.checkAckArg(MessagingMessageListenerAdapter.java:369)
	at org.springframework.kafka.listener.adapter.MessagingMessageListenerAdapter.invokeHandler(MessagingMessageListenerAdapter.java:355)
	at org.springframework.kafka.listener.adapter.RecordMessagingMessageListenerAdapter.onMessage(RecordMessagingMessageListenerAdapter.java:92)
	at org.springframework.kafka.listener.adapter.RecordMessagingMessageListenerAdapter.onMessage(RecordMessagingMessageListenerAdapter.java:53)
	at org.springframework.kafka.listener.KafkaMessageListenerContainer$ListenerConsumer.doInvokeOnMessage(KafkaMessageListenerContainer.java:2586)
	... 12 common frames omitted
Caused by: org.springframework.messaging.handler.annotation.support.MethodArgumentNotValidException: Could not resolve method parameter at index 1 in public void za.co.woolworths.itemkafka_poc.kafka.consumer.ItemConsumerService.listen(org.apache.kafka.clients.consumer.ConsumerRecord<java.lang.String, java.lang.String>,org.springframework.kafka.support.Acknowledgment): 1 error(s): [Error in object 'acknowledgment': codes []; arguments []; default message [Payload value must not be empty]] 
	at org.springframework.messaging.handler.annotation.support.PayloadMethodArgumentResolver.resolveArgument(PayloadMethodArgumentResolver.java:122)
	at org.springframework.kafka.annotation.KafkaNullAwarePayloadArgumentResolver.resolveArgument(KafkaNullAwarePayloadArgumentResolver.java:46)
	at org.springframework.messaging.handler.invocation.HandlerMethodArgumentResolverComposite.resolveArgument(HandlerMethodArgumentResolverComposite.java:118)
	at org.springframework.messaging.handler.invocation.InvocableHandlerMethod.getMethodArgumentValues(InvocableHandlerMethod.java:147)
	at org.springframework.messaging.handler.invocation.InvocableHandlerMethod.invoke(InvocableHandlerMethod.java:115)
	at org.springframework.kafka.listener.adapter.HandlerAdapter.invoke(HandlerAdapter.java:56)
	at org.springframework.kafka.listener.adapter.MessagingMessageListenerAdapter.invokeHandler(MessagingMessageListenerAdapter.java:347)
	... 15 common frames omitted

2025-01-13 16:20:06.546  INFO [org.apache.kafka.clients.consumer.KafkaConsumer:1585] [Consumer clientId=consumer-item_group-1, groupId=item_group] Seeking to offset 31 for partition Item_Topic-0 
2025-01-13 16:20:06.549  INFO [za.co.woolworths.itemkafka_poc.kafka.producer.ItemProducerService:39] *****Message sent successfully for itemId: 100038658***** 
2025-01-13 16:20:06.552 ERROR [org.springframework.kafka.listener.DefaultErrorHandler:149] Backoff none exhausted for Item_Topic-0@31 org.springframework.kafka.listener.ListenerExecutionFailedException: invokeHandler Failed; nested exception is java.lang.IllegalStateException: No Acknowledgment available as an argument, the listener container must have a MANUAL AckMode to populate the Acknowledgment.; nested exception is java.lang.IllegalStateException: No Acknowledgment available as an argument, the listener container must have a MANUAL AckMode to populate the Acknowledgment.
	at org.springframework.kafka.listener.KafkaMessageListenerContainer$ListenerConsumer.decorateException(KafkaMessageListenerContainer.java:2636)
	at org.springframework.kafka.listener.KafkaMessageListenerContainer$ListenerConsumer.doInvokeOnMessage(KafkaMessageListenerContainer.java:2606)
	at org.springframework.kafka.listener.KafkaMessageListenerContainer$ListenerConsumer.invokeOnMessage(KafkaMessageListenerContainer.java:2567)
	at org.springframework.kafka.listener.KafkaMessageListenerContainer$ListenerConsumer.doInvokeRecordListener(KafkaMessageListenerContainer.java:2481)
	at org.springframework.kafka.listener.KafkaMessageListenerContainer$ListenerConsumer.doInvokeWithRecords(KafkaMessageListenerContainer.java:2403)
	at org.springframework.kafka.listener.KafkaMessageListenerContainer$ListenerConsumer.invokeRecordListener(KafkaMessageListenerContainer.java:2282)
	at org.springframework.kafka.listener.KafkaMessageListenerContainer$ListenerConsumer.invokeListener(KafkaMessageListenerContainer.java:1956)
	at org.springframework.kafka.listener.KafkaMessageListenerContainer$ListenerConsumer.invokeIfHaveRecords(KafkaMessageListenerContainer.java:1351)
	at org.springframework.kafka.listener.KafkaMessageListenerContainer$ListenerConsumer.pollAndInvoke(KafkaMessageListenerContainer.java:1342)
	at org.springframework.kafka.listener.KafkaMessageListenerContainer$ListenerConsumer.run(KafkaMessageListenerContainer.java:1234)
	at java.base/java.util.concurrent.Executors$RunnableAdapter.call(Executors.java:515)
	at java.base/java.util.concurrent.FutureTask.run$$$capture(FutureTask.java:264)
	at java.base/java.util.concurrent.FutureTask.run(FutureTask.java)
	at java.base/java.lang.Thread.run(Thread.java:832)
	Suppressed: org.springframework.kafka.listener.ListenerExecutionFailedException: Restored Stack Trace
		at org.springframework.kafka.listener.adapter.MessagingMessageListenerAdapter.checkAckArg(MessagingMessageListenerAdapter.java:369)
		at org.springframework.kafka.listener.adapter.MessagingMessageListenerAdapter.invokeHandler(MessagingMessageListenerAdapter.java:355)
		at org.springframework.kafka.listener.adapter.RecordMessagingMessageListenerAdapter.onMessage(RecordMessagingMessageListenerAdapter.java:92)
		at org.springframework.kafka.listener.adapter.RecordMessagingMessageListenerAdapter.onMessage(RecordMessagingMessageListenerAdapter.java:53)
		at org.springframework.kafka.listener.KafkaMessageListenerContainer$ListenerConsumer.doInvokeOnMessage(KafkaMessageListenerContainer.java:2586)
Caused by: java.lang.IllegalStateException: No Acknowledgment available as an argument, the listener container must have a MANUAL AckMode to populate the Acknowledgment.
	at org.springframework.kafka.listener.adapter.MessagingMessageListenerAdapter.checkAckArg(MessagingMessageListenerAdapter.java:369)
	at org.springframework.kafka.listener.adapter.MessagingMessageListenerAdapter.invokeHandler(MessagingMessageListenerAdapter.java:355)
	at org.springframework.kafka.listener.adapter.RecordMessagingMessageListenerAdapter.onMessage(RecordMessagingMessageListenerAdapter.java:92)
	at org.springframework.kafka.listener.adapter.RecordMessagingMessageListenerAdapter.onMessage(RecordMessagingMessageListenerAdapter.java:53)
	at org.springframework.kafka.listener.KafkaMessageListenerContainer$ListenerConsumer.doInvokeOnMessage(KafkaMessageListenerContainer.java:2586)
	... 12 common frames omitted
Caused by: org.springframework.messaging.handler.annotation.support.MethodArgumentNotValidException: Could not resolve method parameter at index 1 in public void za.co.woolworths.itemkafka_poc.kafka.consumer.ItemConsumerService.listen(org.apache.kafka.clients.consumer.ConsumerRecord<java.lang.String, java.lang.String>,org.springframework.kafka.support.Acknowledgment): 1 error(s): [Error in object 'acknowledgment': codes []; arguments []; default message [Payload value must not be empty]] 
	at org.springframework.messaging.handler.annotation.support.PayloadMethodArgumentResolver.resolveArgument(PayloadMethodArgumentResolver.java:122)
	at org.springframework.kafka.annotation.KafkaNullAwarePayloadArgumentResolver.resolveArgument(KafkaNullAwarePayloadArgumentResolver.java:46)
	at org.springframework.messaging.handler.invocation.HandlerMethodArgumentResolverComposite.resolveArgument(HandlerMethodArgumentResolverComposite.java:118)
	at org.springframework.messaging.handler.invocation.InvocableHandlerMethod.getMethodArgumentValues(InvocableHandlerMethod.java:147)
	at org.springframework.messaging.handler.invocation.InvocableHandlerMethod.invoke(InvocableHandlerMethod.java:115)
	at org.springframework.kafka.listener.adapter.HandlerAdapter.invoke(HandlerAdapter.java:56)
	at org.springframework.kafka.listener.adapter.MessagingMessageListenerAdapter.invokeHandler(MessagingMessageListenerAdapter.java:347)
	... 15 common frames omitted

2025-01-13 16:20:06.553  INFO [org.apache.kafka.clients.consumer.KafkaConsumer:1585] [Consumer clientId=consumer-item_group-1, groupId=item_group] Seeking to offset 32 for partition Item_Topic-0 
2025-01-13 16:20:06.555  INFO [za.co.woolworths.itemkafka_poc.kafka.producer.ItemProducerService:39] *****Message sent successfully for itemId: 100038666***** 
2025-01-13 16:20:06.559 ERROR [org.springframework.kafka.listener.DefaultErrorHandler:149] Backoff none exhausted for Item_Topic-0@32 org.springframework.kafka.listener.ListenerExecutionFailedException: invokeHandler Failed; nested exception is java.lang.IllegalStateException: No Acknowledgment available as an argument, the listener container must have a MANUAL AckMode to populate the Acknowledgment.; nested exception is java.lang.IllegalStateException: No Acknowledgment available as an argument, the listener container must have a MANUAL AckMode to populate the Acknowledgment.
	at org.springframework.kafka.listener.KafkaMessageListenerContainer$ListenerConsumer.decorateException(KafkaMessageListenerContainer.java:2636)
	at org.springframework.kafka.listener.KafkaMessageListenerContainer$ListenerConsumer.doInvokeOnMessage(KafkaMessageListenerContainer.java:2606)
	at org.springframework.kafka.listener.KafkaMessageListenerContainer$ListenerConsumer.invokeOnMessage(KafkaMessageListenerContainer.java:2567)
	at org.springframework.kafka.listener.KafkaMessageListenerContainer$ListenerConsumer.doInvokeRecordListener(KafkaMessageListenerContainer.java:2481)
	at org.springframework.kafka.listener.KafkaMessageListenerContainer$ListenerConsumer.doInvokeWithRecords(KafkaMessageListenerContainer.java:2403)
	at org.springframework.kafka.listener.KafkaMessageListenerContainer$ListenerConsumer.invokeRecordListener(KafkaMessageListenerContainer.java:2282)
	at org.springframework.kafka.listener.KafkaMessageListenerContainer$ListenerConsumer.invokeListener(KafkaMessageListenerContainer.java:1956)
	at org.springframework.kafka.listener.KafkaMessageListenerContainer$ListenerConsumer.invokeIfHaveRecords(KafkaMessageListenerContainer.java:1351)
	at org.springframework.kafka.listener.KafkaMessageListenerContainer$ListenerConsumer.pollAndInvoke(KafkaMessageListenerContainer.java:1342)
	at org.springframework.kafka.listener.KafkaMessageListenerContainer$ListenerConsumer.run(KafkaMessageListenerContainer.java:1234)
	at java.base/java.util.concurrent.Executors$RunnableAdapter.call(Executors.java:515)
	at java.base/java.util.concurrent.FutureTask.run$$$capture(FutureTask.java:264)
	at java.base/java.util.concurrent.FutureTask.run(FutureTask.java)
	at java.base/java.lang.Thread.run(Thread.java:832)
	Suppressed: org.springframework.kafka.listener.ListenerExecutionFailedException: Restored Stack Trace
		at org.springframework.kafka.listener.adapter.MessagingMessageListenerAdapter.checkAckArg(MessagingMessageListenerAdapter.java:369)
		at org.springframework.kafka.listener.adapter.MessagingMessageListenerAdapter.invokeHandler(MessagingMessageListenerAdapter.java:355)
		at org.springframework.kafka.listener.adapter.RecordMessagingMessageListenerAdapter.onMessage(RecordMessagingMessageListenerAdapter.java:92)
		at org.springframework.kafka.listener.adapter.RecordMessagingMessageListenerAdapter.onMessage(RecordMessagingMessageListenerAdapter.java:53)
		at org.springframework.kafka.listener.KafkaMessageListenerContainer$ListenerConsumer.doInvokeOnMessage(KafkaMessageListenerContainer.java:2586)
Caused by: java.lang.IllegalStateException: No Acknowledgment available as an argument, the listener container must have a MANUAL AckMode to populate the Acknowledgment.
	at org.springframework.kafka.listener.adapter.MessagingMessageListenerAdapter.checkAckArg(MessagingMessageListenerAdapter.java:369)
	at org.springframework.kafka.listener.adapter.MessagingMessageListenerAdapter.invokeHandler(MessagingMessageListenerAdapter.java:355)
	at org.springframework.kafka.listener.adapter.RecordMessagingMessageListenerAdapter.onMessage(RecordMessagingMessageListenerAdapter.java:92)
	at org.springframework.kafka.listener.adapter.RecordMessagingMessageListenerAdapter.onMessage(RecordMessagingMessageListenerAdapter.java:53)
	at org.springframework.kafka.listener.KafkaMessageListenerContainer$ListenerConsumer.doInvokeOnMessage(KafkaMessageListenerContainer.java:2586)
	... 12 common frames omitted
Caused by: org.springframework.messaging.handler.annotation.support.MethodArgumentNotValidException: Could not resolve method parameter at index 1 in public void za.co.woolworths.itemkafka_poc.kafka.consumer.ItemConsumerService.listen(org.apache.kafka.clients.consumer.ConsumerRecord<java.lang.String, java.lang.String>,org.springframework.kafka.support.Acknowledgment): 1 error(s): [Error in object 'acknowledgment': codes []; arguments []; default message [Payload value must not be empty]] 
	at org.springframework.messaging.handler.annotation.support.PayloadMethodArgumentResolver.resolveArgument(PayloadMethodArgumentResolver.java:122)
	at org.springframework.kafka.annotation.KafkaNullAwarePayloadArgumentResolver.resolveArgument(KafkaNullAwarePayloadArgumentResolver.java:46)
	at org.springframework.messaging.handler.invocation.HandlerMethodArgumentResolverComposite.resolveArgument(HandlerMethodArgumentResolverComposite.java:118)
	at org.springframework.messaging.handler.invocation.InvocableHandlerMethod.getMethodArgumentValues(InvocableHandlerMethod.java:147)
	at org.springframework.messaging.handler.invocation.InvocableHandlerMethod.invoke(InvocableHandlerMethod.java:115)
	at org.springframework.kafka.listener.adapter.HandlerAdapter.invoke(HandlerAdapter.java:56)
	at org.springframework.kafka.listener.adapter.MessagingMessageListenerAdapter.invokeHandler(MessagingMessageListenerAdapter.java:347)
	... 15 common frames omitted

2025-01-13 16:20:06.560  INFO [org.apache.kafka.clients.consumer.KafkaConsumer:1585] [Consumer clientId=consumer-item_group-1, groupId=item_group] Seeking to offset 33 for partition Item_Topic-0 
2025-01-13 16:20:06.562  INFO [za.co.woolworths.itemkafka_poc.kafka.producer.ItemProducerService:39] *****Message sent successfully for itemId: 100038674***** 
2025-01-13 16:20:06.565 ERROR [org.springframework.kafka.listener.DefaultErrorHandler:149] Backoff none exhausted for Item_Topic-0@33 org.springframework.kafka.listener.ListenerExecutionFailedException: invokeHandler Failed; nested exception is java.lang.IllegalStateException: No Acknowledgment available as an argument, the listener container must have a MANUAL AckMode to populate the Acknowledgment.; nested exception is java.lang.IllegalStateException: No Acknowledgment available as an argument, the listener container must have a MANUAL AckMode to populate the Acknowledgment.
	at org.springframework.kafka.listener.KafkaMessageListenerContainer$ListenerConsumer.decorateException(KafkaMessageListenerContainer.java:2636)
	at org.springframework.kafka.listener.KafkaMessageListenerContainer$ListenerConsumer.doInvokeOnMessage(KafkaMessageListenerContainer.java:2606)
	at org.springframework.kafka.listener.KafkaMessageListenerContainer$ListenerConsumer.invokeOnMessage(KafkaMessageListenerContainer.java:2567)
	at org.springframework.kafka.listener.KafkaMessageListenerContainer$ListenerConsumer.doInvokeRecordListener(KafkaMessageListenerContainer.java:2481)
	at org.springframework.kafka.listener.KafkaMessageListenerContainer$ListenerConsumer.doInvokeWithRecords(KafkaMessageListenerContainer.java:2403)
	at org.springframework.kafka.listener.KafkaMessageListenerContainer$ListenerConsumer.invokeRecordListener(KafkaMessageListenerContainer.java:2282)
	at org.springframework.kafka.listener.KafkaMessageListenerContainer$ListenerConsumer.invokeListener(KafkaMessageListenerContainer.java:1956)
	at org.springframework.kafka.listener.KafkaMessageListenerContainer$ListenerConsumer.invokeIfHaveRecords(KafkaMessageListenerContainer.java:1351)
	at org.springframework.kafka.listener.KafkaMessageListenerContainer$ListenerConsumer.pollAndInvoke(KafkaMessageListenerContainer.java:1342)
	at org.springframework.kafka.listener.KafkaMessageListenerContainer$ListenerConsumer.run(KafkaMessageListenerContainer.java:1234)
	at java.base/java.util.concurrent.Executors$RunnableAdapter.call(Executors.java:515)
	at java.base/java.util.concurrent.FutureTask.run$$$capture(FutureTask.java:264)
	at java.base/java.util.concurrent.FutureTask.run(FutureTask.java)
	at java.base/java.lang.Thread.run(Thread.java:832)
	Suppressed: org.springframework.kafka.listener.ListenerExecutionFailedException: Restored Stack Trace
		at org.springframework.kafka.listener.adapter.MessagingMessageListenerAdapter.checkAckArg(MessagingMessageListenerAdapter.java:369)
		at org.springframework.kafka.listener.adapter.MessagingMessageListenerAdapter.invokeHandler(MessagingMessageListenerAdapter.java:355)
		at org.springframework.kafka.listener.adapter.RecordMessagingMessageListenerAdapter.onMessage(RecordMessagingMessageListenerAdapter.java:92)
		at org.springframework.kafka.listener.adapter.RecordMessagingMessageListenerAdapter.onMessage(RecordMessagingMessageListenerAdapter.java:53)
		at org.springframework.kafka.listener.KafkaMessageListenerContainer$ListenerConsumer.doInvokeOnMessage(KafkaMessageListenerContainer.java:2586)
Caused by: java.lang.IllegalStateException: No Acknowledgment available as an argument, the listener container must have a MANUAL AckMode to populate the Acknowledgment.
	at org.springframework.kafka.listener.adapter.MessagingMessageListenerAdapter.checkAckArg(MessagingMessageListenerAdapter.java:369)
	at org.springframework.kafka.listener.adapter.MessagingMessageListenerAdapter.invokeHandler(MessagingMessageListenerAdapter.java:355)
	at org.springframework.kafka.listener.adapter.RecordMessagingMessageListenerAdapter.onMessage(RecordMessagingMessageListenerAdapter.java:92)
	at org.springframework.kafka.listener.adapter.RecordMessagingMessageListenerAdapter.onMessage(RecordMessagingMessageListenerAdapter.java:53)
	at org.springframework.kafka.listener.KafkaMessageListenerContainer$ListenerConsumer.doInvokeOnMessage(KafkaMessageListenerContainer.java:2586)
	... 12 common frames omitted
Caused by: org.springframework.messaging.handler.annotation.support.MethodArgumentNotValidException: Could not resolve method parameter at index 1 in public void za.co.woolworths.itemkafka_poc.kafka.consumer.ItemConsumerService.listen(org.apache.kafka.clients.consumer.ConsumerRecord<java.lang.String, java.lang.String>,org.springframework.kafka.support.Acknowledgment): 1 error(s): [Error in object 'acknowledgment': codes []; arguments []; default message [Payload value must not be empty]] 
	at org.springframework.messaging.handler.annotation.support.PayloadMethodArgumentResolver.resolveArgument(PayloadMethodArgumentResolver.java:122)
	at org.springframework.kafka.annotation.KafkaNullAwarePayloadArgumentResolver.resolveArgument(KafkaNullAwarePayloadArgumentResolver.java:46)
	at org.springframework.messaging.handler.invocation.HandlerMethodArgumentResolverComposite.resolveArgument(HandlerMethodArgumentResolverComposite.java:118)
	at org.springframework.messaging.handler.invocation.InvocableHandlerMethod.getMethodArgumentValues(InvocableHandlerMethod.java:147)
	at org.springframework.messaging.handler.invocation.InvocableHandlerMethod.invoke(InvocableHandlerMethod.java:115)
	at org.springframework.kafka.listener.adapter.HandlerAdapter.invoke(HandlerAdapter.java:56)
	at org.springframework.kafka.listener.adapter.MessagingMessageListenerAdapter.invokeHandler(MessagingMessageListenerAdapter.java:347)
	... 15 common frames omitted

2025-01-13 16:20:06.566  INFO [org.apache.kafka.clients.consumer.KafkaConsumer:1585] [Consumer clientId=consumer-item_group-1, groupId=item_group] Seeking to offset 34 for partition Item_Topic-0 
2025-01-13 16:20:06.568  INFO [za.co.woolworths.itemkafka_poc.kafka.producer.ItemProducerService:39] *****Message sent successfully for itemId: 100038682***** 
2025-01-13 16:20:06.572 ERROR [org.springframework.kafka.listener.DefaultErrorHandler:149] Backoff none exhausted for Item_Topic-0@34 org.springframework.kafka.listener.ListenerExecutionFailedException: invokeHandler Failed; nested exception is java.lang.IllegalStateException: No Acknowledgment available as an argument, the listener container must have a MANUAL AckMode to populate the Acknowledgment.; nested exception is java.lang.IllegalStateException: No Acknowledgment available as an argument, the listener container must have a MANUAL AckMode to populate the Acknowledgment.
	at org.springframework.kafka.listener.KafkaMessageListenerContainer$ListenerConsumer.decorateException(KafkaMessageListenerContainer.java:2636)
	at org.springframework.kafka.listener.KafkaMessageListenerContainer$ListenerConsumer.doInvokeOnMessage(KafkaMessageListenerContainer.java:2606)
	at org.springframework.kafka.listener.KafkaMessageListenerContainer$ListenerConsumer.invokeOnMessage(KafkaMessageListenerContainer.java:2567)
	at org.springframework.kafka.listener.KafkaMessageListenerContainer$ListenerConsumer.doInvokeRecordListener(KafkaMessageListenerContainer.java:2481)
	at org.springframework.kafka.listener.KafkaMessageListenerContainer$ListenerConsumer.doInvokeWithRecords(KafkaMessageListenerContainer.java:2403)
	at org.springframework.kafka.listener.KafkaMessageListenerContainer$ListenerConsumer.invokeRecordListener(KafkaMessageListenerContainer.java:2282)
	at org.springframework.kafka.listener.KafkaMessageListenerContainer$ListenerConsumer.invokeListener(KafkaMessageListenerContainer.java:1956)
	at org.springframework.kafka.listener.KafkaMessageListenerContainer$ListenerConsumer.invokeIfHaveRecords(KafkaMessageListenerContainer.java:1351)
	at org.springframework.kafka.listener.KafkaMessageListenerContainer$ListenerConsumer.pollAndInvoke(KafkaMessageListenerContainer.java:1342)
	at org.springframework.kafka.listener.KafkaMessageListenerContainer$ListenerConsumer.run(KafkaMessageListenerContainer.java:1234)
	at java.base/java.util.concurrent.Executors$RunnableAdapter.call(Executors.java:515)
	at java.base/java.util.concurrent.FutureTask.run$$$capture(FutureTask.java:264)
	at java.base/java.util.concurrent.FutureTask.run(FutureTask.java)
	at java.base/java.lang.Thread.run(Thread.java:832)
	Suppressed: org.springframework.kafka.listener.ListenerExecutionFailedException: Restored Stack Trace
		at org.springframework.kafka.listener.adapter.MessagingMessageListenerAdapter.checkAckArg(MessagingMessageListenerAdapter.java:369)
		at org.springframework.kafka.listener.adapter.MessagingMessageListenerAdapter.invokeHandler(MessagingMessageListenerAdapter.java:355)
		at org.springframework.kafka.listener.adapter.RecordMessagingMessageListenerAdapter.onMessage(RecordMessagingMessageListenerAdapter.java:92)
		at org.springframework.kafka.listener.adapter.RecordMessagingMessageListenerAdapter.onMessage(RecordMessagingMessageListenerAdapter.java:53)
		at org.springframework.kafka.listener.KafkaMessageListenerContainer$ListenerConsumer.doInvokeOnMessage(KafkaMessageListenerContainer.java:2586)
Caused by: java.lang.IllegalStateException: No Acknowledgment available as an argument, the listener container must have a MANUAL AckMode to populate the Acknowledgment.
	at org.springframework.kafka.listener.adapter.MessagingMessageListenerAdapter.checkAckArg(MessagingMessageListenerAdapter.java:369)
	at org.springframework.kafka.listener.adapter.MessagingMessageListenerAdapter.invokeHandler(MessagingMessageListenerAdapter.java:355)
	at org.springframework.kafka.listener.adapter.RecordMessagingMessageListenerAdapter.onMessage(RecordMessagingMessageListenerAdapter.java:92)
	at org.springframework.kafka.listener.adapter.RecordMessagingMessageListenerAdapter.onMessage(RecordMessagingMessageListenerAdapter.java:53)
	at org.springframework.kafka.listener.KafkaMessageListenerContainer$ListenerConsumer.doInvokeOnMessage(KafkaMessageListenerContainer.java:2586)
	... 12 common frames omitted
Caused by: org.springframework.messaging.handler.annotation.support.MethodArgumentNotValidException: Could not resolve method parameter at index 1 in public void za.co.woolworths.itemkafka_poc.kafka.consumer.ItemConsumerService.listen(org.apache.kafka.clients.consumer.ConsumerRecord<java.lang.String, java.lang.String>,org.springframework.kafka.support.Acknowledgment): 1 error(s): [Error in object 'acknowledgment': codes []; arguments []; default message [Payload value must not be empty]] 
	at org.springframework.messaging.handler.annotation.support.PayloadMethodArgumentResolver.resolveArgument(PayloadMethodArgumentResolver.java:122)
	at org.springframework.kafka.annotation.KafkaNullAwarePayloadArgumentResolver.resolveArgument(KafkaNullAwarePayloadArgumentResolver.java:46)
	at org.springframework.messaging.handler.invocation.HandlerMethodArgumentResolverComposite.resolveArgument(HandlerMethodArgumentResolverComposite.java:118)
	at org.springframework.messaging.handler.invocation.InvocableHandlerMethod.getMethodArgumentValues(InvocableHandlerMethod.java:147)
	at org.springframework.messaging.handler.invocation.InvocableHandlerMethod.invoke(InvocableHandlerMethod.java:115)
	at org.springframework.kafka.listener.adapter.HandlerAdapter.invoke(HandlerAdapter.java:56)
	at org.springframework.kafka.listener.adapter.MessagingMessageListenerAdapter.invokeHandler(MessagingMessageListenerAdapter.java:347)
	... 15 common frames omitted

2025-01-13 16:20:06.573  INFO [org.apache.kafka.clients.consumer.KafkaConsumer:1585] [Consumer clientId=consumer-item_group-1, groupId=item_group] Seeking to offset 35 for partition Item_Topic-0 
2025-01-13 16:20:06.575  INFO [za.co.woolworths.itemkafka_poc.kafka.producer.ItemProducerService:39] *****Message sent successfully for itemId: 100038690***** 
2025-01-13 16:20:06.580 ERROR [org.springframework.kafka.listener.DefaultErrorHandler:149] Backoff none exhausted for Item_Topic-0@35 org.springframework.kafka.listener.ListenerExecutionFailedException: invokeHandler Failed; nested exception is java.lang.IllegalStateException: No Acknowledgment available as an argument, the listener container must have a MANUAL AckMode to populate the Acknowledgment.; nested exception is java.lang.IllegalStateException: No Acknowledgment available as an argument, the listener container must have a MANUAL AckMode to populate the Acknowledgment.
	at org.springframework.kafka.listener.KafkaMessageListenerContainer$ListenerConsumer.decorateException(KafkaMessageListenerContainer.java:2636)
	at org.springframework.kafka.listener.KafkaMessageListenerContainer$ListenerConsumer.doInvokeOnMessage(KafkaMessageListenerContainer.java:2606)
	at org.springframework.kafka.listener.KafkaMessageListenerContainer$ListenerConsumer.invokeOnMessage(KafkaMessageListenerContainer.java:2567)
	at org.springframework.kafka.listener.KafkaMessageListenerContainer$ListenerConsumer.doInvokeRecordListener(KafkaMessageListenerContainer.java:2481)
	at org.springframework.kafka.listener.KafkaMessageListenerContainer$ListenerConsumer.doInvokeWithRecords(KafkaMessageListenerContainer.java:2403)
	at org.springframework.kafka.listener.KafkaMessageListenerContainer$ListenerConsumer.invokeRecordListener(KafkaMessageListenerContainer.java:2282)
	at org.springframework.kafka.listener.KafkaMessageListenerContainer$ListenerConsumer.invokeListener(KafkaMessageListenerContainer.java:1956)
	at org.springframework.kafka.listener.KafkaMessageListenerContainer$ListenerConsumer.invokeIfHaveRecords(KafkaMessageListenerContainer.java:1351)
	at org.springframework.kafka.listener.KafkaMessageListenerContainer$ListenerConsumer.pollAndInvoke(KafkaMessageListenerContainer.java:1342)
	at org.springframework.kafka.listener.KafkaMessageListenerContainer$ListenerConsumer.run(KafkaMessageListenerContainer.java:1234)
	at java.base/java.util.concurrent.Executors$RunnableAdapter.call(Executors.java:515)
	at java.base/java.util.concurrent.FutureTask.run$$$capture(FutureTask.java:264)
	at java.base/java.util.concurrent.FutureTask.run(FutureTask.java)
	at java.base/java.lang.Thread.run(Thread.java:832)
	Suppressed: org.springframework.kafka.listener.ListenerExecutionFailedException: Restored Stack Trace
		at org.springframework.kafka.listener.adapter.MessagingMessageListenerAdapter.checkAckArg(MessagingMessageListenerAdapter.java:369)
		at org.springframework.kafka.listener.adapter.MessagingMessageListenerAdapter.invokeHandler(MessagingMessageListenerAdapter.java:355)
		at org.springframework.kafka.listener.adapter.RecordMessagingMessageListenerAdapter.onMessage(RecordMessagingMessageListenerAdapter.java:92)
		at org.springframework.kafka.listener.adapter.RecordMessagingMessageListenerAdapter.onMessage(RecordMessagingMessageListenerAdapter.java:53)
		at org.springframework.kafka.listener.KafkaMessageListenerContainer$ListenerConsumer.doInvokeOnMessage(KafkaMessageListenerContainer.java:2586)
Caused by: java.lang.IllegalStateException: No Acknowledgment available as an argument, the listener container must have a MANUAL AckMode to populate the Acknowledgment.
	at org.springframework.kafka.listener.adapter.MessagingMessageListenerAdapter.checkAckArg(MessagingMessageListenerAdapter.java:369)
	at org.springframework.kafka.listener.adapter.MessagingMessageListenerAdapter.invokeHandler(MessagingMessageListenerAdapter.java:355)
	at org.springframework.kafka.listener.adapter.RecordMessagingMessageListenerAdapter.onMessage(RecordMessagingMessageListenerAdapter.java:92)
	at org.springframework.kafka.listener.adapter.RecordMessagingMessageListenerAdapter.onMessage(RecordMessagingMessageListenerAdapter.java:53)
	at org.springframework.kafka.listener.KafkaMessageListenerContainer$ListenerConsumer.doInvokeOnMessage(KafkaMessageListenerContainer.java:2586)
	... 12 common frames omitted
Caused by: org.springframework.messaging.handler.annotation.support.MethodArgumentNotValidException: Could not resolve method parameter at index 1 in public void za.co.woolworths.itemkafka_poc.kafka.consumer.ItemConsumerService.listen(org.apache.kafka.clients.consumer.ConsumerRecord<java.lang.String, java.lang.String>,org.springframework.kafka.support.Acknowledgment): 1 error(s): [Error in object 'acknowledgment': codes []; arguments []; default message [Payload value must not be empty]] 
	at org.springframework.messaging.handler.annotation.support.PayloadMethodArgumentResolver.resolveArgument(PayloadMethodArgumentResolver.java:122)
	at org.springframework.kafka.annotation.KafkaNullAwarePayloadArgumentResolver.resolveArgument(KafkaNullAwarePayloadArgumentResolver.java:46)
	at org.springframework.messaging.handler.invocation.HandlerMethodArgumentResolverComposite.resolveArgument(HandlerMethodArgumentResolverComposite.java:118)
	at org.springframework.messaging.handler.invocation.InvocableHandlerMethod.getMethodArgumentValues(InvocableHandlerMethod.java:147)
	at org.springframework.messaging.handler.invocation.InvocableHandlerMethod.invoke(InvocableHandlerMethod.java:115)
	at org.springframework.kafka.listener.adapter.HandlerAdapter.invoke(HandlerAdapter.java:56)
	at org.springframework.kafka.listener.adapter.MessagingMessageListenerAdapter.invokeHandler(MessagingMessageListenerAdapter.java:347)
	... 15 common frames omitted

2025-01-13 16:20:06.581  INFO [org.apache.kafka.clients.consumer.KafkaConsumer:1585] [Consumer clientId=consumer-item_group-1, groupId=item_group] Seeking to offset 36 for partition Item_Topic-0 
2025-01-13 16:20:06.583  INFO [za.co.woolworths.itemkafka_poc.kafka.producer.ItemProducerService:39] *****Message sent successfully for itemId: 100038704***** 
2025-01-13 16:20:06.587 ERROR [org.springframework.kafka.listener.DefaultErrorHandler:149] Backoff none exhausted for Item_Topic-0@36 org.springframework.kafka.listener.ListenerExecutionFailedException: invokeHandler Failed; nested exception is java.lang.IllegalStateException: No Acknowledgment available as an argument, the listener container must have a MANUAL AckMode to populate the Acknowledgment.; nested exception is java.lang.IllegalStateException: No Acknowledgment available as an argument, the listener container must have a MANUAL AckMode to populate the Acknowledgment.
	at org.springframework.kafka.listener.KafkaMessageListenerContainer$ListenerConsumer.decorateException(KafkaMessageListenerContainer.java:2636)
	at org.springframework.kafka.listener.KafkaMessageListenerContainer$ListenerConsumer.doInvokeOnMessage(KafkaMessageListenerContainer.java:2606)
	at org.springframework.kafka.listener.KafkaMessageListenerContainer$ListenerConsumer.invokeOnMessage(KafkaMessageListenerContainer.java:2567)
	at org.springframework.kafka.listener.KafkaMessageListenerContainer$ListenerConsumer.doInvokeRecordListener(KafkaMessageListenerContainer.java:2481)
	at org.springframework.kafka.listener.KafkaMessageListenerContainer$ListenerConsumer.doInvokeWithRecords(KafkaMessageListenerContainer.java:2403)
	at org.springframework.kafka.listener.KafkaMessageListenerContainer$ListenerConsumer.invokeRecordListener(KafkaMessageListenerContainer.java:2282)
	at org.springframework.kafka.listener.KafkaMessageListenerContainer$ListenerConsumer.invokeListener(KafkaMessageListenerContainer.java:1956)
	at org.springframework.kafka.listener.KafkaMessageListenerContainer$ListenerConsumer.invokeIfHaveRecords(KafkaMessageListenerContainer.java:1351)
	at org.springframework.kafka.listener.KafkaMessageListenerContainer$ListenerConsumer.pollAndInvoke(KafkaMessageListenerContainer.java:1342)
	at org.springframework.kafka.listener.KafkaMessageListenerContainer$ListenerConsumer.run(KafkaMessageListenerContainer.java:1234)
	at java.base/java.util.concurrent.Executors$RunnableAdapter.call(Executors.java:515)
	at java.base/java.util.concurrent.FutureTask.run$$$capture(FutureTask.java:264)
	at java.base/java.util.concurrent.FutureTask.run(FutureTask.java)
	at java.base/java.lang.Thread.run(Thread.java:832)
	Suppressed: org.springframework.kafka.listener.ListenerExecutionFailedException: Restored Stack Trace
		at org.springframework.kafka.listener.adapter.MessagingMessageListenerAdapter.checkAckArg(MessagingMessageListenerAdapter.java:369)
		at org.springframework.kafka.listener.adapter.MessagingMessageListenerAdapter.invokeHandler(MessagingMessageListenerAdapter.java:355)
		at org.springframework.kafka.listener.adapter.RecordMessagingMessageListenerAdapter.onMessage(RecordMessagingMessageListenerAdapter.java:92)
		at org.springframework.kafka.listener.adapter.RecordMessagingMessageListenerAdapter.onMessage(RecordMessagingMessageListenerAdapter.java:53)
		at org.springframework.kafka.listener.KafkaMessageListenerContainer$ListenerConsumer.doInvokeOnMessage(KafkaMessageListenerContainer.java:2586)
Caused by: java.lang.IllegalStateException: No Acknowledgment available as an argument, the listener container must have a MANUAL AckMode to populate the Acknowledgment.
	at org.springframework.kafka.listener.adapter.MessagingMessageListenerAdapter.checkAckArg(MessagingMessageListenerAdapter.java:369)
	at org.springframework.kafka.listener.adapter.MessagingMessageListenerAdapter.invokeHandler(MessagingMessageListenerAdapter.java:355)
	at org.springframework.kafka.listener.adapter.RecordMessagingMessageListenerAdapter.onMessage(RecordMessagingMessageListenerAdapter.java:92)
	at org.springframework.kafka.listener.adapter.RecordMessagingMessageListenerAdapter.onMessage(RecordMessagingMessageListenerAdapter.java:53)
	at org.springframework.kafka.listener.KafkaMessageListenerContainer$ListenerConsumer.doInvokeOnMessage(KafkaMessageListenerContainer.java:2586)
	... 12 common frames omitted
Caused by: org.springframework.messaging.handler.annotation.support.MethodArgumentNotValidException: Could not resolve method parameter at index 1 in public void za.co.woolworths.itemkafka_poc.kafka.consumer.ItemConsumerService.listen(org.apache.kafka.clients.consumer.ConsumerRecord<java.lang.String, java.lang.String>,org.springframework.kafka.support.Acknowledgment): 1 error(s): [Error in object 'acknowledgment': codes []; arguments []; default message [Payload value must not be empty]] 
	at org.springframework.messaging.handler.annotation.support.PayloadMethodArgumentResolver.resolveArgument(PayloadMethodArgumentResolver.java:122)
	at org.springframework.kafka.annotation.KafkaNullAwarePayloadArgumentResolver.resolveArgument(KafkaNullAwarePayloadArgumentResolver.java:46)
	at org.springframework.messaging.handler.invocation.HandlerMethodArgumentResolverComposite.resolveArgument(HandlerMethodArgumentResolverComposite.java:118)
	at org.springframework.messaging.handler.invocation.InvocableHandlerMethod.getMethodArgumentValues(InvocableHandlerMethod.java:147)
	at org.springframework.messaging.handler.invocation.InvocableHandlerMethod.invoke(InvocableHandlerMethod.java:115)
	at org.springframework.kafka.listener.adapter.HandlerAdapter.invoke(HandlerAdapter.java:56)
	at org.springframework.kafka.listener.adapter.MessagingMessageListenerAdapter.invokeHandler(MessagingMessageListenerAdapter.java:347)
	... 15 common frames omitted

2025-01-13 16:20:06.587  INFO [org.apache.kafka.clients.consumer.KafkaConsumer:1585] [Consumer clientId=consumer-item_group-1, groupId=item_group] Seeking to offset 37 for partition Item_Topic-0 
2025-01-13 16:20:06.591  INFO [za.co.woolworths.itemkafka_poc.kafka.producer.ItemProducerService:39] *****Message sent successfully for itemId: 100038712***** 
2025-01-13 16:20:06.594 ERROR [org.springframework.kafka.listener.DefaultErrorHandler:149] Backoff none exhausted for Item_Topic-0@37 org.springframework.kafka.listener.ListenerExecutionFailedException: invokeHandler Failed; nested exception is java.lang.IllegalStateException: No Acknowledgment available as an argument, the listener container must have a MANUAL AckMode to populate the Acknowledgment.; nested exception is java.lang.IllegalStateException: No Acknowledgment available as an argument, the listener container must have a MANUAL AckMode to populate the Acknowledgment.
	at org.springframework.kafka.listener.KafkaMessageListenerContainer$ListenerConsumer.decorateException(KafkaMessageListenerContainer.java:2636)
	at org.springframework.kafka.listener.KafkaMessageListenerContainer$ListenerConsumer.doInvokeOnMessage(KafkaMessageListenerContainer.java:2606)
	at org.springframework.kafka.listener.KafkaMessageListenerContainer$ListenerConsumer.invokeOnMessage(KafkaMessageListenerContainer.java:2567)
	at org.springframework.kafka.listener.KafkaMessageListenerContainer$ListenerConsumer.doInvokeRecordListener(KafkaMessageListenerContainer.java:2481)
	at org.springframework.kafka.listener.KafkaMessageListenerContainer$ListenerConsumer.doInvokeWithRecords(KafkaMessageListenerContainer.java:2403)
	at org.springframework.kafka.listener.KafkaMessageListenerContainer$ListenerConsumer.invokeRecordListener(KafkaMessageListenerContainer.java:2282)
	at org.springframework.kafka.listener.KafkaMessageListenerContainer$ListenerConsumer.invokeListener(KafkaMessageListenerContainer.java:1956)
	at org.springframework.kafka.listener.KafkaMessageListenerContainer$ListenerConsumer.invokeIfHaveRecords(KafkaMessageListenerContainer.java:1351)
	at org.springframework.kafka.listener.KafkaMessageListenerContainer$ListenerConsumer.pollAndInvoke(KafkaMessageListenerContainer.java:1342)
	at org.springframework.kafka.listener.KafkaMessageListenerContainer$ListenerConsumer.run(KafkaMessageListenerContainer.java:1234)
	at java.base/java.util.concurrent.Executors$RunnableAdapter.call(Executors.java:515)
	at java.base/java.util.concurrent.FutureTask.run$$$capture(FutureTask.java:264)
	at java.base/java.util.concurrent.FutureTask.run(FutureTask.java)
	at java.base/java.lang.Thread.run(Thread.java:832)
	Suppressed: org.springframework.kafka.listener.ListenerExecutionFailedException: Restored Stack Trace
		at org.springframework.kafka.listener.adapter.MessagingMessageListenerAdapter.checkAckArg(MessagingMessageListenerAdapter.java:369)
		at org.springframework.kafka.listener.adapter.MessagingMessageListenerAdapter.invokeHandler(MessagingMessageListenerAdapter.java:355)
		at org.springframework.kafka.listener.adapter.RecordMessagingMessageListenerAdapter.onMessage(RecordMessagingMessageListenerAdapter.java:92)
		at org.springframework.kafka.listener.adapter.RecordMessagingMessageListenerAdapter.onMessage(RecordMessagingMessageListenerAdapter.java:53)
		at org.springframework.kafka.listener.KafkaMessageListenerContainer$ListenerConsumer.doInvokeOnMessage(KafkaMessageListenerContainer.java:2586)
Caused by: java.lang.IllegalStateException: No Acknowledgment available as an argument, the listener container must have a MANUAL AckMode to populate the Acknowledgment.
	at org.springframework.kafka.listener.adapter.MessagingMessageListenerAdapter.checkAckArg(MessagingMessageListenerAdapter.java:369)
	at org.springframework.kafka.listener.adapter.MessagingMessageListenerAdapter.invokeHandler(MessagingMessageListenerAdapter.java:355)
	at org.springframework.kafka.listener.adapter.RecordMessagingMessageListenerAdapter.onMessage(RecordMessagingMessageListenerAdapter.java:92)
	at org.springframework.kafka.listener.adapter.RecordMessagingMessageListenerAdapter.onMessage(RecordMessagingMessageListenerAdapter.java:53)
	at org.springframework.kafka.listener.KafkaMessageListenerContainer$ListenerConsumer.doInvokeOnMessage(KafkaMessageListenerContainer.java:2586)
	... 12 common frames omitted
Caused by: org.springframework.messaging.handler.annotation.support.MethodArgumentNotValidException: Could not resolve method parameter at index 1 in public void za.co.woolworths.itemkafka_poc.kafka.consumer.ItemConsumerService.listen(org.apache.kafka.clients.consumer.ConsumerRecord<java.lang.String, java.lang.String>,org.springframework.kafka.support.Acknowledgment): 1 error(s): [Error in object 'acknowledgment': codes []; arguments []; default message [Payload value must not be empty]] 
	at org.springframework.messaging.handler.annotation.support.PayloadMethodArgumentResolver.resolveArgument(PayloadMethodArgumentResolver.java:122)
	at org.springframework.kafka.annotation.KafkaNullAwarePayloadArgumentResolver.resolveArgument(KafkaNullAwarePayloadArgumentResolver.java:46)
	at org.springframework.messaging.handler.invocation.HandlerMethodArgumentResolverComposite.resolveArgument(HandlerMethodArgumentResolverComposite.java:118)
	at org.springframework.messaging.handler.invocation.InvocableHandlerMethod.getMethodArgumentValues(InvocableHandlerMethod.java:147)
	at org.springframework.messaging.handler.invocation.InvocableHandlerMethod.invoke(InvocableHandlerMethod.java:115)
	at org.springframework.kafka.listener.adapter.HandlerAdapter.invoke(HandlerAdapter.java:56)
	at org.springframework.kafka.listener.adapter.MessagingMessageListenerAdapter.invokeHandler(MessagingMessageListenerAdapter.java:347)
	... 15 common frames omitted

2025-01-13 16:20:06.595  INFO [org.apache.kafka.clients.consumer.KafkaConsumer:1585] [Consumer clientId=consumer-item_group-1, groupId=item_group] Seeking to offset 38 for partition Item_Topic-0 
2025-01-13 16:20:06.598  INFO [za.co.woolworths.itemkafka_poc.kafka.producer.ItemProducerService:39] *****Message sent successfully for itemId: 100038720***** 
2025-01-13 16:20:06.601 ERROR [org.springframework.kafka.listener.DefaultErrorHandler:149] Backoff none exhausted for Item_Topic-0@38 org.springframework.kafka.listener.ListenerExecutionFailedException: invokeHandler Failed; nested exception is java.lang.IllegalStateException: No Acknowledgment available as an argument, the listener container must have a MANUAL AckMode to populate the Acknowledgment.; nested exception is java.lang.IllegalStateException: No Acknowledgment available as an argument, the listener container must have a MANUAL AckMode to populate the Acknowledgment.
	at org.springframework.kafka.listener.KafkaMessageListenerContainer$ListenerConsumer.decorateException(KafkaMessageListenerContainer.java:2636)
	at org.springframework.kafka.listener.KafkaMessageListenerContainer$ListenerConsumer.doInvokeOnMessage(KafkaMessageListenerContainer.java:2606)
	at org.springframework.kafka.listener.KafkaMessageListenerContainer$ListenerConsumer.invokeOnMessage(KafkaMessageListenerContainer.java:2567)
	at org.springframework.kafka.listener.KafkaMessageListenerContainer$ListenerConsumer.doInvokeRecordListener(KafkaMessageListenerContainer.java:2481)
	at org.springframework.kafka.listener.KafkaMessageListenerContainer$ListenerConsumer.doInvokeWithRecords(KafkaMessageListenerContainer.java:2403)
	at org.springframework.kafka.listener.KafkaMessageListenerContainer$ListenerConsumer.invokeRecordListener(KafkaMessageListenerContainer.java:2282)
	at org.springframework.kafka.listener.KafkaMessageListenerContainer$ListenerConsumer.invokeListener(KafkaMessageListenerContainer.java:1956)
	at org.springframework.kafka.listener.KafkaMessageListenerContainer$ListenerConsumer.invokeIfHaveRecords(KafkaMessageListenerContainer.java:1351)
	at org.springframework.kafka.listener.KafkaMessageListenerContainer$ListenerConsumer.pollAndInvoke(KafkaMessageListenerContainer.java:1342)
	at org.springframework.kafka.listener.KafkaMessageListenerContainer$ListenerConsumer.run(KafkaMessageListenerContainer.java:1234)
	at java.base/java.util.concurrent.Executors$RunnableAdapter.call(Executors.java:515)
	at java.base/java.util.concurrent.FutureTask.run$$$capture(FutureTask.java:264)
	at java.base/java.util.concurrent.FutureTask.run(FutureTask.java)
	at java.base/java.lang.Thread.run(Thread.java:832)
	Suppressed: org.springframework.kafka.listener.ListenerExecutionFailedException: Restored Stack Trace
		at org.springframework.kafka.listener.adapter.MessagingMessageListenerAdapter.checkAckArg(MessagingMessageListenerAdapter.java:369)
		at org.springframework.kafka.listener.adapter.MessagingMessageListenerAdapter.invokeHandler(MessagingMessageListenerAdapter.java:355)
		at org.springframework.kafka.listener.adapter.RecordMessagingMessageListenerAdapter.onMessage(RecordMessagingMessageListenerAdapter.java:92)
		at org.springframework.kafka.listener.adapter.RecordMessagingMessageListenerAdapter.onMessage(RecordMessagingMessageListenerAdapter.java:53)
		at org.springframework.kafka.listener.KafkaMessageListenerContainer$ListenerConsumer.doInvokeOnMessage(KafkaMessageListenerContainer.java:2586)
Caused by: java.lang.IllegalStateException: No Acknowledgment available as an argument, the listener container must have a MANUAL AckMode to populate the Acknowledgment.
	at org.springframework.kafka.listener.adapter.MessagingMessageListenerAdapter.checkAckArg(MessagingMessageListenerAdapter.java:369)
	at org.springframework.kafka.listener.adapter.MessagingMessageListenerAdapter.invokeHandler(MessagingMessageListenerAdapter.java:355)
	at org.springframework.kafka.listener.adapter.RecordMessagingMessageListenerAdapter.onMessage(RecordMessagingMessageListenerAdapter.java:92)
	at org.springframework.kafka.listener.adapter.RecordMessagingMessageListenerAdapter.onMessage(RecordMessagingMessageListenerAdapter.java:53)
	at org.springframework.kafka.listener.KafkaMessageListenerContainer$ListenerConsumer.doInvokeOnMessage(KafkaMessageListenerContainer.java:2586)
	... 12 common frames omitted
Caused by: org.springframework.messaging.handler.annotation.support.MethodArgumentNotValidException: Could not resolve method parameter at index 1 in public void za.co.woolworths.itemkafka_poc.kafka.consumer.ItemConsumerService.listen(org.apache.kafka.clients.consumer.ConsumerRecord<java.lang.String, java.lang.String>,org.springframework.kafka.support.Acknowledgment): 1 error(s): [Error in object 'acknowledgment': codes []; arguments []; default message [Payload value must not be empty]] 
	at org.springframework.messaging.handler.annotation.support.PayloadMethodArgumentResolver.resolveArgument(PayloadMethodArgumentResolver.java:122)
	at org.springframework.kafka.annotation.KafkaNullAwarePayloadArgumentResolver.resolveArgument(KafkaNullAwarePayloadArgumentResolver.java:46)
	at org.springframework.messaging.handler.invocation.HandlerMethodArgumentResolverComposite.resolveArgument(HandlerMethodArgumentResolverComposite.java:118)
	at org.springframework.messaging.handler.invocation.InvocableHandlerMethod.getMethodArgumentValues(InvocableHandlerMethod.java:147)
	at org.springframework.messaging.handler.invocation.InvocableHandlerMethod.invoke(InvocableHandlerMethod.java:115)
	at org.springframework.kafka.listener.adapter.HandlerAdapter.invoke(HandlerAdapter.java:56)
	at org.springframework.kafka.listener.adapter.MessagingMessageListenerAdapter.invokeHandler(MessagingMessageListenerAdapter.java:347)
	... 15 common frames omitted

2025-01-13 16:20:06.602  INFO [org.apache.kafka.clients.consumer.KafkaConsumer:1585] [Consumer clientId=consumer-item_group-1, groupId=item_group] Seeking to offset 39 for partition Item_Topic-0 
2025-01-13 16:20:06.605  INFO [za.co.woolworths.itemkafka_poc.kafka.producer.ItemProducerService:39] *****Message sent successfully for itemId: 100038738***** 
2025-01-13 16:20:06.608 ERROR [org.springframework.kafka.listener.DefaultErrorHandler:149] Backoff none exhausted for Item_Topic-0@39 org.springframework.kafka.listener.ListenerExecutionFailedException: invokeHandler Failed; nested exception is java.lang.IllegalStateException: No Acknowledgment available as an argument, the listener container must have a MANUAL AckMode to populate the Acknowledgment.; nested exception is java.lang.IllegalStateException: No Acknowledgment available as an argument, the listener container must have a MANUAL AckMode to populate the Acknowledgment.
	at org.springframework.kafka.listener.KafkaMessageListenerContainer$ListenerConsumer.decorateException(KafkaMessageListenerContainer.java:2636)
	at org.springframework.kafka.listener.KafkaMessageListenerContainer$ListenerConsumer.doInvokeOnMessage(KafkaMessageListenerContainer.java:2606)
	at org.springframework.kafka.listener.KafkaMessageListenerContainer$ListenerConsumer.invokeOnMessage(KafkaMessageListenerContainer.java:2567)
	at org.springframework.kafka.listener.KafkaMessageListenerContainer$ListenerConsumer.doInvokeRecordListener(KafkaMessageListenerContainer.java:2481)
	at org.springframework.kafka.listener.KafkaMessageListenerContainer$ListenerConsumer.doInvokeWithRecords(KafkaMessageListenerContainer.java:2403)
	at org.springframework.kafka.listener.KafkaMessageListenerContainer$ListenerConsumer.invokeRecordListener(KafkaMessageListenerContainer.java:2282)
	at org.springframework.kafka.listener.KafkaMessageListenerContainer$ListenerConsumer.invokeListener(KafkaMessageListenerContainer.java:1956)
	at org.springframework.kafka.listener.KafkaMessageListenerContainer$ListenerConsumer.invokeIfHaveRecords(KafkaMessageListenerContainer.java:1351)
	at org.springframework.kafka.listener.KafkaMessageListenerContainer$ListenerConsumer.pollAndInvoke(KafkaMessageListenerContainer.java:1342)
	at org.springframework.kafka.listener.KafkaMessageListenerContainer$ListenerConsumer.run(KafkaMessageListenerContainer.java:1234)
	at java.base/java.util.concurrent.Executors$RunnableAdapter.call(Executors.java:515)
	at java.base/java.util.concurrent.FutureTask.run$$$capture(FutureTask.java:264)
	at java.base/java.util.concurrent.FutureTask.run(FutureTask.java)
	at java.base/java.lang.Thread.run(Thread.java:832)
	Suppressed: org.springframework.kafka.listener.ListenerExecutionFailedException: Restored Stack Trace
		at org.springframework.kafka.listener.adapter.MessagingMessageListenerAdapter.checkAckArg(MessagingMessageListenerAdapter.java:369)
		at org.springframework.kafka.listener.adapter.MessagingMessageListenerAdapter.invokeHandler(MessagingMessageListenerAdapter.java:355)
		at org.springframework.kafka.listener.adapter.RecordMessagingMessageListenerAdapter.onMessage(RecordMessagingMessageListenerAdapter.java:92)
		at org.springframework.kafka.listener.adapter.RecordMessagingMessageListenerAdapter.onMessage(RecordMessagingMessageListenerAdapter.java:53)
		at org.springframework.kafka.listener.KafkaMessageListenerContainer$ListenerConsumer.doInvokeOnMessage(KafkaMessageListenerContainer.java:2586)
Caused by: java.lang.IllegalStateException: No Acknowledgment available as an argument, the listener container must have a MANUAL AckMode to populate the Acknowledgment.
	at org.springframework.kafka.listener.adapter.MessagingMessageListenerAdapter.checkAckArg(MessagingMessageListenerAdapter.java:369)
	at org.springframework.kafka.listener.adapter.MessagingMessageListenerAdapter.invokeHandler(MessagingMessageListenerAdapter.java:355)
	at org.springframework.kafka.listener.adapter.RecordMessagingMessageListenerAdapter.onMessage(RecordMessagingMessageListenerAdapter.java:92)
	at org.springframework.kafka.listener.adapter.RecordMessagingMessageListenerAdapter.onMessage(RecordMessagingMessageListenerAdapter.java:53)
	at org.springframework.kafka.listener.KafkaMessageListenerContainer$ListenerConsumer.doInvokeOnMessage(KafkaMessageListenerContainer.java:2586)
	... 12 common frames omitted
Caused by: org.springframework.messaging.handler.annotation.support.MethodArgumentNotValidException: Could not resolve method parameter at index 1 in public void za.co.woolworths.itemkafka_poc.kafka.consumer.ItemConsumerService.listen(org.apache.kafka.clients.consumer.ConsumerRecord<java.lang.String, java.lang.String>,org.springframework.kafka.support.Acknowledgment): 1 error(s): [Error in object 'acknowledgment': codes []; arguments []; default message [Payload value must not be empty]] 
	at org.springframework.messaging.handler.annotation.support.PayloadMethodArgumentResolver.resolveArgument(PayloadMethodArgumentResolver.java:122)
	at org.springframework.kafka.annotation.KafkaNullAwarePayloadArgumentResolver.resolveArgument(KafkaNullAwarePayloadArgumentResolver.java:46)
	at org.springframework.messaging.handler.invocation.HandlerMethodArgumentResolverComposite.resolveArgument(HandlerMethodArgumentResolverComposite.java:118)
	at org.springframework.messaging.handler.invocation.InvocableHandlerMethod.getMethodArgumentValues(InvocableHandlerMethod.java:147)
	at org.springframework.messaging.handler.invocation.InvocableHandlerMethod.invoke(InvocableHandlerMethod.java:115)
	at org.springframework.kafka.listener.adapter.HandlerAdapter.invoke(HandlerAdapter.java:56)
	at org.springframework.kafka.listener.adapter.MessagingMessageListenerAdapter.invokeHandler(MessagingMessageListenerAdapter.java:347)
	... 15 common frames omitted

2025-01-13 16:20:06.609  INFO [org.apache.kafka.clients.consumer.KafkaConsumer:1585] [Consumer clientId=consumer-item_group-1, groupId=item_group] Seeking to offset 40 for partition Item_Topic-0 
2025-01-13 16:20:06.611  INFO [za.co.woolworths.itemkafka_poc.kafka.producer.ItemProducerService:39] *****Message sent successfully for itemId: 100038746***** 
2025-01-13 16:20:06.614 ERROR [org.springframework.kafka.listener.DefaultErrorHandler:149] Backoff none exhausted for Item_Topic-0@40 org.springframework.kafka.listener.ListenerExecutionFailedException: invokeHandler Failed; nested exception is java.lang.IllegalStateException: No Acknowledgment available as an argument, the listener container must have a MANUAL AckMode to populate the Acknowledgment.; nested exception is java.lang.IllegalStateException: No Acknowledgment available as an argument, the listener container must have a MANUAL AckMode to populate the Acknowledgment.
	at org.springframework.kafka.listener.KafkaMessageListenerContainer$ListenerConsumer.decorateException(KafkaMessageListenerContainer.java:2636)
	at org.springframework.kafka.listener.KafkaMessageListenerContainer$ListenerConsumer.doInvokeOnMessage(KafkaMessageListenerContainer.java:2606)
	at org.springframework.kafka.listener.KafkaMessageListenerContainer$ListenerConsumer.invokeOnMessage(KafkaMessageListenerContainer.java:2567)
	at org.springframework.kafka.listener.KafkaMessageListenerContainer$ListenerConsumer.doInvokeRecordListener(KafkaMessageListenerContainer.java:2481)
	at org.springframework.kafka.listener.KafkaMessageListenerContainer$ListenerConsumer.doInvokeWithRecords(KafkaMessageListenerContainer.java:2403)
	at org.springframework.kafka.listener.KafkaMessageListenerContainer$ListenerConsumer.invokeRecordListener(KafkaMessageListenerContainer.java:2282)
	at org.springframework.kafka.listener.KafkaMessageListenerContainer$ListenerConsumer.invokeListener(KafkaMessageListenerContainer.java:1956)
	at org.springframework.kafka.listener.KafkaMessageListenerContainer$ListenerConsumer.invokeIfHaveRecords(KafkaMessageListenerContainer.java:1351)
	at org.springframework.kafka.listener.KafkaMessageListenerContainer$ListenerConsumer.pollAndInvoke(KafkaMessageListenerContainer.java:1342)
	at org.springframework.kafka.listener.KafkaMessageListenerContainer$ListenerConsumer.run(KafkaMessageListenerContainer.java:1234)
	at java.base/java.util.concurrent.Executors$RunnableAdapter.call(Executors.java:515)
	at java.base/java.util.concurrent.FutureTask.run$$$capture(FutureTask.java:264)
	at java.base/java.util.concurrent.FutureTask.run(FutureTask.java)
	at java.base/java.lang.Thread.run(Thread.java:832)
	Suppressed: org.springframework.kafka.listener.ListenerExecutionFailedException: Restored Stack Trace
		at org.springframework.kafka.listener.adapter.MessagingMessageListenerAdapter.checkAckArg(MessagingMessageListenerAdapter.java:369)
		at org.springframework.kafka.listener.adapter.MessagingMessageListenerAdapter.invokeHandler(MessagingMessageListenerAdapter.java:355)
		at org.springframework.kafka.listener.adapter.RecordMessagingMessageListenerAdapter.onMessage(RecordMessagingMessageListenerAdapter.java:92)
		at org.springframework.kafka.listener.adapter.RecordMessagingMessageListenerAdapter.onMessage(RecordMessagingMessageListenerAdapter.java:53)
		at org.springframework.kafka.listener.KafkaMessageListenerContainer$ListenerConsumer.doInvokeOnMessage(KafkaMessageListenerContainer.java:2586)
Caused by: java.lang.IllegalStateException: No Acknowledgment available as an argument, the listener container must have a MANUAL AckMode to populate the Acknowledgment.
	at org.springframework.kafka.listener.adapter.MessagingMessageListenerAdapter.checkAckArg(MessagingMessageListenerAdapter.java:369)
	at org.springframework.kafka.listener.adapter.MessagingMessageListenerAdapter.invokeHandler(MessagingMessageListenerAdapter.java:355)
	at org.springframework.kafka.listener.adapter.RecordMessagingMessageListenerAdapter.onMessage(RecordMessagingMessageListenerAdapter.java:92)
	at org.springframework.kafka.listener.adapter.RecordMessagingMessageListenerAdapter.onMessage(RecordMessagingMessageListenerAdapter.java:53)
	at org.springframework.kafka.listener.KafkaMessageListenerContainer$ListenerConsumer.doInvokeOnMessage(KafkaMessageListenerContainer.java:2586)
	... 12 common frames omitted
Caused by: org.springframework.messaging.handler.annotation.support.MethodArgumentNotValidException: Could not resolve method parameter at index 1 in public void za.co.woolworths.itemkafka_poc.kafka.consumer.ItemConsumerService.listen(org.apache.kafka.clients.consumer.ConsumerRecord<java.lang.String, java.lang.String>,org.springframework.kafka.support.Acknowledgment): 1 error(s): [Error in object 'acknowledgment': codes []; arguments []; default message [Payload value must not be empty]] 
	at org.springframework.messaging.handler.annotation.support.PayloadMethodArgumentResolver.resolveArgument(PayloadMethodArgumentResolver.java:122)
	at org.springframework.kafka.annotation.KafkaNullAwarePayloadArgumentResolver.resolveArgument(KafkaNullAwarePayloadArgumentResolver.java:46)
	at org.springframework.messaging.handler.invocation.HandlerMethodArgumentResolverComposite.resolveArgument(HandlerMethodArgumentResolverComposite.java:118)
	at org.springframework.messaging.handler.invocation.InvocableHandlerMethod.getMethodArgumentValues(InvocableHandlerMethod.java:147)
	at org.springframework.messaging.handler.invocation.InvocableHandlerMethod.invoke(InvocableHandlerMethod.java:115)
	at org.springframework.kafka.listener.adapter.HandlerAdapter.invoke(HandlerAdapter.java:56)
	at org.springframework.kafka.listener.adapter.MessagingMessageListenerAdapter.invokeHandler(MessagingMessageListenerAdapter.java:347)
	... 15 common frames omitted

2025-01-13 16:20:06.615  INFO [org.apache.kafka.clients.consumer.KafkaConsumer:1585] [Consumer clientId=consumer-item_group-1, groupId=item_group] Seeking to offset 41 for partition Item_Topic-0 
2025-01-13 16:20:06.618  INFO [za.co.woolworths.itemkafka_poc.kafka.producer.ItemProducerService:39] *****Message sent successfully for itemId: 100038762***** 
2025-01-13 16:20:06.621 ERROR [org.springframework.kafka.listener.DefaultErrorHandler:149] Backoff none exhausted for Item_Topic-0@41 org.springframework.kafka.listener.ListenerExecutionFailedException: invokeHandler Failed; nested exception is java.lang.IllegalStateException: No Acknowledgment available as an argument, the listener container must have a MANUAL AckMode to populate the Acknowledgment.; nested exception is java.lang.IllegalStateException: No Acknowledgment available as an argument, the listener container must have a MANUAL AckMode to populate the Acknowledgment.
	at org.springframework.kafka.listener.KafkaMessageListenerContainer$ListenerConsumer.decorateException(KafkaMessageListenerContainer.java:2636)
	at org.springframework.kafka.listener.KafkaMessageListenerContainer$ListenerConsumer.doInvokeOnMessage(KafkaMessageListenerContainer.java:2606)
	at org.springframework.kafka.listener.KafkaMessageListenerContainer$ListenerConsumer.invokeOnMessage(KafkaMessageListenerContainer.java:2567)
	at org.springframework.kafka.listener.KafkaMessageListenerContainer$ListenerConsumer.doInvokeRecordListener(KafkaMessageListenerContainer.java:2481)
	at org.springframework.kafka.listener.KafkaMessageListenerContainer$ListenerConsumer.doInvokeWithRecords(KafkaMessageListenerContainer.java:2403)
	at org.springframework.kafka.listener.KafkaMessageListenerContainer$ListenerConsumer.invokeRecordListener(KafkaMessageListenerContainer.java:2282)
	at org.springframework.kafka.listener.KafkaMessageListenerContainer$ListenerConsumer.invokeListener(KafkaMessageListenerContainer.java:1956)
	at org.springframework.kafka.listener.KafkaMessageListenerContainer$ListenerConsumer.invokeIfHaveRecords(KafkaMessageListenerContainer.java:1351)
	at org.springframework.kafka.listener.KafkaMessageListenerContainer$ListenerConsumer.pollAndInvoke(KafkaMessageListenerContainer.java:1342)
	at org.springframework.kafka.listener.KafkaMessageListenerContainer$ListenerConsumer.run(KafkaMessageListenerContainer.java:1234)
	at java.base/java.util.concurrent.Executors$RunnableAdapter.call(Executors.java:515)
	at java.base/java.util.concurrent.FutureTask.run$$$capture(FutureTask.java:264)
	at java.base/java.util.concurrent.FutureTask.run(FutureTask.java)
	at java.base/java.lang.Thread.run(Thread.java:832)
	Suppressed: org.springframework.kafka.listener.ListenerExecutionFailedException: Restored Stack Trace
		at org.springframework.kafka.listener.adapter.MessagingMessageListenerAdapter.checkAckArg(MessagingMessageListenerAdapter.java:369)
		at org.springframework.kafka.listener.adapter.MessagingMessageListenerAdapter.invokeHandler(MessagingMessageListenerAdapter.java:355)
		at org.springframework.kafka.listener.adapter.RecordMessagingMessageListenerAdapter.onMessage(RecordMessagingMessageListenerAdapter.java:92)
		at org.springframework.kafka.listener.adapter.RecordMessagingMessageListenerAdapter.onMessage(RecordMessagingMessageListenerAdapter.java:53)
		at org.springframework.kafka.listener.KafkaMessageListenerContainer$ListenerConsumer.doInvokeOnMessage(KafkaMessageListenerContainer.java:2586)
Caused by: java.lang.IllegalStateException: No Acknowledgment available as an argument, the listener container must have a MANUAL AckMode to populate the Acknowledgment.
	at org.springframework.kafka.listener.adapter.MessagingMessageListenerAdapter.checkAckArg(MessagingMessageListenerAdapter.java:369)
	at org.springframework.kafka.listener.adapter.MessagingMessageListenerAdapter.invokeHandler(MessagingMessageListenerAdapter.java:355)
	at org.springframework.kafka.listener.adapter.RecordMessagingMessageListenerAdapter.onMessage(RecordMessagingMessageListenerAdapter.java:92)
	at org.springframework.kafka.listener.adapter.RecordMessagingMessageListenerAdapter.onMessage(RecordMessagingMessageListenerAdapter.java:53)
	at org.springframework.kafka.listener.KafkaMessageListenerContainer$ListenerConsumer.doInvokeOnMessage(KafkaMessageListenerContainer.java:2586)
	... 12 common frames omitted
Caused by: org.springframework.messaging.handler.annotation.support.MethodArgumentNotValidException: Could not resolve method parameter at index 1 in public void za.co.woolworths.itemkafka_poc.kafka.consumer.ItemConsumerService.listen(org.apache.kafka.clients.consumer.ConsumerRecord<java.lang.String, java.lang.String>,org.springframework.kafka.support.Acknowledgment): 1 error(s): [Error in object 'acknowledgment': codes []; arguments []; default message [Payload value must not be empty]] 
	at org.springframework.messaging.handler.annotation.support.PayloadMethodArgumentResolver.resolveArgument(PayloadMethodArgumentResolver.java:122)
	at org.springframework.kafka.annotation.KafkaNullAwarePayloadArgumentResolver.resolveArgument(KafkaNullAwarePayloadArgumentResolver.java:46)
	at org.springframework.messaging.handler.invocation.HandlerMethodArgumentResolverComposite.resolveArgument(HandlerMethodArgumentResolverComposite.java:118)
	at org.springframework.messaging.handler.invocation.InvocableHandlerMethod.getMethodArgumentValues(InvocableHandlerMethod.java:147)
	at org.springframework.messaging.handler.invocation.InvocableHandlerMethod.invoke(InvocableHandlerMethod.java:115)
	at org.springframework.kafka.listener.adapter.HandlerAdapter.invoke(HandlerAdapter.java:56)
	at org.springframework.kafka.listener.adapter.MessagingMessageListenerAdapter.invokeHandler(MessagingMessageListenerAdapter.java:347)
	... 15 common frames omitted

2025-01-13 16:20:06.622  INFO [org.apache.kafka.clients.consumer.KafkaConsumer:1585] [Consumer clientId=consumer-item_group-1, groupId=item_group] Seeking to offset 42 for partition Item_Topic-0 
2025-01-13 16:20:06.625  INFO [za.co.woolworths.itemkafka_poc.kafka.producer.ItemProducerService:39] *****Message sent successfully for itemId: 100038788***** 
2025-01-13 16:20:06.628 ERROR [org.springframework.kafka.listener.DefaultErrorHandler:149] Backoff none exhausted for Item_Topic-0@42 org.springframework.kafka.listener.ListenerExecutionFailedException: invokeHandler Failed; nested exception is java.lang.IllegalStateException: No Acknowledgment available as an argument, the listener container must have a MANUAL AckMode to populate the Acknowledgment.; nested exception is java.lang.IllegalStateException: No Acknowledgment available as an argument, the listener container must have a MANUAL AckMode to populate the Acknowledgment.
	at org.springframework.kafka.listener.KafkaMessageListenerContainer$ListenerConsumer.decorateException(KafkaMessageListenerContainer.java:2636)
	at org.springframework.kafka.listener.KafkaMessageListenerContainer$ListenerConsumer.doInvokeOnMessage(KafkaMessageListenerContainer.java:2606)
	at org.springframework.kafka.listener.KafkaMessageListenerContainer$ListenerConsumer.invokeOnMessage(KafkaMessageListenerContainer.java:2567)
	at org.springframework.kafka.listener.KafkaMessageListenerContainer$ListenerConsumer.doInvokeRecordListener(KafkaMessageListenerContainer.java:2481)
	at org.springframework.kafka.listener.KafkaMessageListenerContainer$ListenerConsumer.doInvokeWithRecords(KafkaMessageListenerContainer.java:2403)
	at org.springframework.kafka.listener.KafkaMessageListenerContainer$ListenerConsumer.invokeRecordListener(KafkaMessageListenerContainer.java:2282)
	at org.springframework.kafka.listener.KafkaMessageListenerContainer$ListenerConsumer.invokeListener(KafkaMessageListenerContainer.java:1956)
	at org.springframework.kafka.listener.KafkaMessageListenerContainer$ListenerConsumer.invokeIfHaveRecords(KafkaMessageListenerContainer.java:1351)
	at org.springframework.kafka.listener.KafkaMessageListenerContainer$ListenerConsumer.pollAndInvoke(KafkaMessageListenerContainer.java:1342)
	at org.springframework.kafka.listener.KafkaMessageListenerContainer$ListenerConsumer.run(KafkaMessageListenerContainer.java:1234)
	at java.base/java.util.concurrent.Executors$RunnableAdapter.call(Executors.java:515)
	at java.base/java.util.concurrent.FutureTask.run$$$capture(FutureTask.java:264)
	at java.base/java.util.concurrent.FutureTask.run(FutureTask.java)
	at java.base/java.lang.Thread.run(Thread.java:832)
	Suppressed: org.springframework.kafka.listener.ListenerExecutionFailedException: Restored Stack Trace
		at org.springframework.kafka.listener.adapter.MessagingMessageListenerAdapter.checkAckArg(MessagingMessageListenerAdapter.java:369)
		at org.springframework.kafka.listener.adapter.MessagingMessageListenerAdapter.invokeHandler(MessagingMessageListenerAdapter.java:355)
		at org.springframework.kafka.listener.adapter.RecordMessagingMessageListenerAdapter.onMessage(RecordMessagingMessageListenerAdapter.java:92)
		at org.springframework.kafka.listener.adapter.RecordMessagingMessageListenerAdapter.onMessage(RecordMessagingMessageListenerAdapter.java:53)
		at org.springframework.kafka.listener.KafkaMessageListenerContainer$ListenerConsumer.doInvokeOnMessage(KafkaMessageListenerContainer.java:2586)
Caused by: java.lang.IllegalStateException: No Acknowledgment available as an argument, the listener container must have a MANUAL AckMode to populate the Acknowledgment.
	at org.springframework.kafka.listener.adapter.MessagingMessageListenerAdapter.checkAckArg(MessagingMessageListenerAdapter.java:369)
	at org.springframework.kafka.listener.adapter.MessagingMessageListenerAdapter.invokeHandler(MessagingMessageListenerAdapter.java:355)
	at org.springframework.kafka.listener.adapter.RecordMessagingMessageListenerAdapter.onMessage(RecordMessagingMessageListenerAdapter.java:92)
	at org.springframework.kafka.listener.adapter.RecordMessagingMessageListenerAdapter.onMessage(RecordMessagingMessageListenerAdapter.java:53)
	at org.springframework.kafka.listener.KafkaMessageListenerContainer$ListenerConsumer.doInvokeOnMessage(KafkaMessageListenerContainer.java:2586)
	... 12 common frames omitted
Caused by: org.springframework.messaging.handler.annotation.support.MethodArgumentNotValidException: Could not resolve method parameter at index 1 in public void za.co.woolworths.itemkafka_poc.kafka.consumer.ItemConsumerService.listen(org.apache.kafka.clients.consumer.ConsumerRecord<java.lang.String, java.lang.String>,org.springframework.kafka.support.Acknowledgment): 1 error(s): [Error in object 'acknowledgment': codes []; arguments []; default message [Payload value must not be empty]] 
	at org.springframework.messaging.handler.annotation.support.PayloadMethodArgumentResolver.resolveArgument(PayloadMethodArgumentResolver.java:122)
	at org.springframework.kafka.annotation.KafkaNullAwarePayloadArgumentResolver.resolveArgument(KafkaNullAwarePayloadArgumentResolver.java:46)
	at org.springframework.messaging.handler.invocation.HandlerMethodArgumentResolverComposite.resolveArgument(HandlerMethodArgumentResolverComposite.java:118)
	at org.springframework.messaging.handler.invocation.InvocableHandlerMethod.getMethodArgumentValues(InvocableHandlerMethod.java:147)
	at org.springframework.messaging.handler.invocation.InvocableHandlerMethod.invoke(InvocableHandlerMethod.java:115)
	at org.springframework.kafka.listener.adapter.HandlerAdapter.invoke(HandlerAdapter.java:56)
	at org.springframework.kafka.listener.adapter.MessagingMessageListenerAdapter.invokeHandler(MessagingMessageListenerAdapter.java:347)
	... 15 common frames omitted

2025-01-13 16:20:06.629  INFO [org.apache.kafka.clients.consumer.KafkaConsumer:1585] [Consumer clientId=consumer-item_group-1, groupId=item_group] Seeking to offset 43 for partition Item_Topic-0 
2025-01-13 16:20:06.631  INFO [za.co.woolworths.itemkafka_poc.kafka.producer.ItemProducerService:39] *****Message sent successfully for itemId: 100038796***** 
2025-01-13 16:20:06.634 ERROR [org.springframework.kafka.listener.DefaultErrorHandler:149] Backoff none exhausted for Item_Topic-0@43 org.springframework.kafka.listener.ListenerExecutionFailedException: invokeHandler Failed; nested exception is java.lang.IllegalStateException: No Acknowledgment available as an argument, the listener container must have a MANUAL AckMode to populate the Acknowledgment.; nested exception is java.lang.IllegalStateException: No Acknowledgment available as an argument, the listener container must have a MANUAL AckMode to populate the Acknowledgment.
	at org.springframework.kafka.listener.KafkaMessageListenerContainer$ListenerConsumer.decorateException(KafkaMessageListenerContainer.java:2636)
	at org.springframework.kafka.listener.KafkaMessageListenerContainer$ListenerConsumer.doInvokeOnMessage(KafkaMessageListenerContainer.java:2606)
	at org.springframework.kafka.listener.KafkaMessageListenerContainer$ListenerConsumer.invokeOnMessage(KafkaMessageListenerContainer.java:2567)
	at org.springframework.kafka.listener.KafkaMessageListenerContainer$ListenerConsumer.doInvokeRecordListener(KafkaMessageListenerContainer.java:2481)
	at org.springframework.kafka.listener.KafkaMessageListenerContainer$ListenerConsumer.doInvokeWithRecords(KafkaMessageListenerContainer.java:2403)
	at org.springframework.kafka.listener.KafkaMessageListenerContainer$ListenerConsumer.invokeRecordListener(KafkaMessageListenerContainer.java:2282)
	at org.springframework.kafka.listener.KafkaMessageListenerContainer$ListenerConsumer.invokeListener(KafkaMessageListenerContainer.java:1956)
	at org.springframework.kafka.listener.KafkaMessageListenerContainer$ListenerConsumer.invokeIfHaveRecords(KafkaMessageListenerContainer.java:1351)
	at org.springframework.kafka.listener.KafkaMessageListenerContainer$ListenerConsumer.pollAndInvoke(KafkaMessageListenerContainer.java:1342)
	at org.springframework.kafka.listener.KafkaMessageListenerContainer$ListenerConsumer.run(KafkaMessageListenerContainer.java:1234)
	at java.base/java.util.concurrent.Executors$RunnableAdapter.call(Executors.java:515)
	at java.base/java.util.concurrent.FutureTask.run$$$capture(FutureTask.java:264)
	at java.base/java.util.concurrent.FutureTask.run(FutureTask.java)
	at java.base/java.lang.Thread.run(Thread.java:832)
	Suppressed: org.springframework.kafka.listener.ListenerExecutionFailedException: Restored Stack Trace
		at org.springframework.kafka.listener.adapter.MessagingMessageListenerAdapter.checkAckArg(MessagingMessageListenerAdapter.java:369)
		at org.springframework.kafka.listener.adapter.MessagingMessageListenerAdapter.invokeHandler(MessagingMessageListenerAdapter.java:355)
		at org.springframework.kafka.listener.adapter.RecordMessagingMessageListenerAdapter.onMessage(RecordMessagingMessageListenerAdapter.java:92)
		at org.springframework.kafka.listener.adapter.RecordMessagingMessageListenerAdapter.onMessage(RecordMessagingMessageListenerAdapter.java:53)
		at org.springframework.kafka.listener.KafkaMessageListenerContainer$ListenerConsumer.doInvokeOnMessage(KafkaMessageListenerContainer.java:2586)
Caused by: java.lang.IllegalStateException: No Acknowledgment available as an argument, the listener container must have a MANUAL AckMode to populate the Acknowledgment.
	at org.springframework.kafka.listener.adapter.MessagingMessageListenerAdapter.checkAckArg(MessagingMessageListenerAdapter.java:369)
	at org.springframework.kafka.listener.adapter.MessagingMessageListenerAdapter.invokeHandler(MessagingMessageListenerAdapter.java:355)
	at org.springframework.kafka.listener.adapter.RecordMessagingMessageListenerAdapter.onMessage(RecordMessagingMessageListenerAdapter.java:92)
	at org.springframework.kafka.listener.adapter.RecordMessagingMessageListenerAdapter.onMessage(RecordMessagingMessageListenerAdapter.java:53)
	at org.springframework.kafka.listener.KafkaMessageListenerContainer$ListenerConsumer.doInvokeOnMessage(KafkaMessageListenerContainer.java:2586)
	... 12 common frames omitted
Caused by: org.springframework.messaging.handler.annotation.support.MethodArgumentNotValidException: Could not resolve method parameter at index 1 in public void za.co.woolworths.itemkafka_poc.kafka.consumer.ItemConsumerService.listen(org.apache.kafka.clients.consumer.ConsumerRecord<java.lang.String, java.lang.String>,org.springframework.kafka.support.Acknowledgment): 1 error(s): [Error in object 'acknowledgment': codes []; arguments []; default message [Payload value must not be empty]] 
	at org.springframework.messaging.handler.annotation.support.PayloadMethodArgumentResolver.resolveArgument(PayloadMethodArgumentResolver.java:122)
	at org.springframework.kafka.annotation.KafkaNullAwarePayloadArgumentResolver.resolveArgument(KafkaNullAwarePayloadArgumentResolver.java:46)
	at org.springframework.messaging.handler.invocation.HandlerMethodArgumentResolverComposite.resolveArgument(HandlerMethodArgumentResolverComposite.java:118)
	at org.springframework.messaging.handler.invocation.InvocableHandlerMethod.getMethodArgumentValues(InvocableHandlerMethod.java:147)
	at org.springframework.messaging.handler.invocation.InvocableHandlerMethod.invoke(InvocableHandlerMethod.java:115)
	at org.springframework.kafka.listener.adapter.HandlerAdapter.invoke(HandlerAdapter.java:56)
	at org.springframework.kafka.listener.adapter.MessagingMessageListenerAdapter.invokeHandler(MessagingMessageListenerAdapter.java:347)
	... 15 common frames omitted

2025-01-13 16:20:06.635  INFO [org.apache.kafka.clients.consumer.KafkaConsumer:1585] [Consumer clientId=consumer-item_group-1, groupId=item_group] Seeking to offset 44 for partition Item_Topic-0 
2025-01-13 16:20:06.637  INFO [za.co.woolworths.itemkafka_poc.kafka.producer.ItemProducerService:39] *****Message sent successfully for itemId: 100038800***** 
2025-01-13 16:20:06.640 ERROR [org.springframework.kafka.listener.DefaultErrorHandler:149] Backoff none exhausted for Item_Topic-0@44 org.springframework.kafka.listener.ListenerExecutionFailedException: invokeHandler Failed; nested exception is java.lang.IllegalStateException: No Acknowledgment available as an argument, the listener container must have a MANUAL AckMode to populate the Acknowledgment.; nested exception is java.lang.IllegalStateException: No Acknowledgment available as an argument, the listener container must have a MANUAL AckMode to populate the Acknowledgment.
	at org.springframework.kafka.listener.KafkaMessageListenerContainer$ListenerConsumer.decorateException(KafkaMessageListenerContainer.java:2636)
	at org.springframework.kafka.listener.KafkaMessageListenerContainer$ListenerConsumer.doInvokeOnMessage(KafkaMessageListenerContainer.java:2606)
	at org.springframework.kafka.listener.KafkaMessageListenerContainer$ListenerConsumer.invokeOnMessage(KafkaMessageListenerContainer.java:2567)
	at org.springframework.kafka.listener.KafkaMessageListenerContainer$ListenerConsumer.doInvokeRecordListener(KafkaMessageListenerContainer.java:2481)
	at org.springframework.kafka.listener.KafkaMessageListenerContainer$ListenerConsumer.doInvokeWithRecords(KafkaMessageListenerContainer.java:2403)
	at org.springframework.kafka.listener.KafkaMessageListenerContainer$ListenerConsumer.invokeRecordListener(KafkaMessageListenerContainer.java:2282)
	at org.springframework.kafka.listener.KafkaMessageListenerContainer$ListenerConsumer.invokeListener(KafkaMessageListenerContainer.java:1956)
	at org.springframework.kafka.listener.KafkaMessageListenerContainer$ListenerConsumer.invokeIfHaveRecords(KafkaMessageListenerContainer.java:1351)
	at org.springframework.kafka.listener.KafkaMessageListenerContainer$ListenerConsumer.pollAndInvoke(KafkaMessageListenerContainer.java:1342)
	at org.springframework.kafka.listener.KafkaMessageListenerContainer$ListenerConsumer.run(KafkaMessageListenerContainer.java:1234)
	at java.base/java.util.concurrent.Executors$RunnableAdapter.call(Executors.java:515)
	at java.base/java.util.concurrent.FutureTask.run$$$capture(FutureTask.java:264)
	at java.base/java.util.concurrent.FutureTask.run(FutureTask.java)
	at java.base/java.lang.Thread.run(Thread.java:832)
	Suppressed: org.springframework.kafka.listener.ListenerExecutionFailedException: Restored Stack Trace
		at org.springframework.kafka.listener.adapter.MessagingMessageListenerAdapter.checkAckArg(MessagingMessageListenerAdapter.java:369)
		at org.springframework.kafka.listener.adapter.MessagingMessageListenerAdapter.invokeHandler(MessagingMessageListenerAdapter.java:355)
		at org.springframework.kafka.listener.adapter.RecordMessagingMessageListenerAdapter.onMessage(RecordMessagingMessageListenerAdapter.java:92)
		at org.springframework.kafka.listener.adapter.RecordMessagingMessageListenerAdapter.onMessage(RecordMessagingMessageListenerAdapter.java:53)
		at org.springframework.kafka.listener.KafkaMessageListenerContainer$ListenerConsumer.doInvokeOnMessage(KafkaMessageListenerContainer.java:2586)
Caused by: java.lang.IllegalStateException: No Acknowledgment available as an argument, the listener container must have a MANUAL AckMode to populate the Acknowledgment.
	at org.springframework.kafka.listener.adapter.MessagingMessageListenerAdapter.checkAckArg(MessagingMessageListenerAdapter.java:369)
	at org.springframework.kafka.listener.adapter.MessagingMessageListenerAdapter.invokeHandler(MessagingMessageListenerAdapter.java:355)
	at org.springframework.kafka.listener.adapter.RecordMessagingMessageListenerAdapter.onMessage(RecordMessagingMessageListenerAdapter.java:92)
	at org.springframework.kafka.listener.adapter.RecordMessagingMessageListenerAdapter.onMessage(RecordMessagingMessageListenerAdapter.java:53)
	at org.springframework.kafka.listener.KafkaMessageListenerContainer$ListenerConsumer.doInvokeOnMessage(KafkaMessageListenerContainer.java:2586)
	... 12 common frames omitted
Caused by: org.springframework.messaging.handler.annotation.support.MethodArgumentNotValidException: Could not resolve method parameter at index 1 in public void za.co.woolworths.itemkafka_poc.kafka.consumer.ItemConsumerService.listen(org.apache.kafka.clients.consumer.ConsumerRecord<java.lang.String, java.lang.String>,org.springframework.kafka.support.Acknowledgment): 1 error(s): [Error in object 'acknowledgment': codes []; arguments []; default message [Payload value must not be empty]] 
	at org.springframework.messaging.handler.annotation.support.PayloadMethodArgumentResolver.resolveArgument(PayloadMethodArgumentResolver.java:122)
	at org.springframework.kafka.annotation.KafkaNullAwarePayloadArgumentResolver.resolveArgument(KafkaNullAwarePayloadArgumentResolver.java:46)
	at org.springframework.messaging.handler.invocation.HandlerMethodArgumentResolverComposite.resolveArgument(HandlerMethodArgumentResolverComposite.java:118)
	at org.springframework.messaging.handler.invocation.InvocableHandlerMethod.getMethodArgumentValues(InvocableHandlerMethod.java:147)
	at org.springframework.messaging.handler.invocation.InvocableHandlerMethod.invoke(InvocableHandlerMethod.java:115)
	at org.springframework.kafka.listener.adapter.HandlerAdapter.invoke(HandlerAdapter.java:56)
	at org.springframework.kafka.listener.adapter.MessagingMessageListenerAdapter.invokeHandler(MessagingMessageListenerAdapter.java:347)
	... 15 common frames omitted

2025-01-13 16:20:06.641  INFO [org.apache.kafka.clients.consumer.KafkaConsumer:1585] [Consumer clientId=consumer-item_group-1, groupId=item_group] Seeking to offset 45 for partition Item_Topic-0 
2025-01-13 16:20:06.643  INFO [za.co.woolworths.itemkafka_poc.kafka.producer.ItemProducerService:39] *****Message sent successfully for itemId: 100038818***** 
2025-01-13 16:20:06.646 ERROR [org.springframework.kafka.listener.DefaultErrorHandler:149] Backoff none exhausted for Item_Topic-0@45 org.springframework.kafka.listener.ListenerExecutionFailedException: invokeHandler Failed; nested exception is java.lang.IllegalStateException: No Acknowledgment available as an argument, the listener container must have a MANUAL AckMode to populate the Acknowledgment.; nested exception is java.lang.IllegalStateException: No Acknowledgment available as an argument, the listener container must have a MANUAL AckMode to populate the Acknowledgment.
	at org.springframework.kafka.listener.KafkaMessageListenerContainer$ListenerConsumer.decorateException(KafkaMessageListenerContainer.java:2636)
	at org.springframework.kafka.listener.KafkaMessageListenerContainer$ListenerConsumer.doInvokeOnMessage(KafkaMessageListenerContainer.java:2606)
	at org.springframework.kafka.listener.KafkaMessageListenerContainer$ListenerConsumer.invokeOnMessage(KafkaMessageListenerContainer.java:2567)
	at org.springframework.kafka.listener.KafkaMessageListenerContainer$ListenerConsumer.doInvokeRecordListener(KafkaMessageListenerContainer.java:2481)
	at org.springframework.kafka.listener.KafkaMessageListenerContainer$ListenerConsumer.doInvokeWithRecords(KafkaMessageListenerContainer.java:2403)
	at org.springframework.kafka.listener.KafkaMessageListenerContainer$ListenerConsumer.invokeRecordListener(KafkaMessageListenerContainer.java:2282)
	at org.springframework.kafka.listener.KafkaMessageListenerContainer$ListenerConsumer.invokeListener(KafkaMessageListenerContainer.java:1956)
	at org.springframework.kafka.listener.KafkaMessageListenerContainer$ListenerConsumer.invokeIfHaveRecords(KafkaMessageListenerContainer.java:1351)
	at org.springframework.kafka.listener.KafkaMessageListenerContainer$ListenerConsumer.pollAndInvoke(KafkaMessageListenerContainer.java:1342)
	at org.springframework.kafka.listener.KafkaMessageListenerContainer$ListenerConsumer.run(KafkaMessageListenerContainer.java:1234)
	at java.base/java.util.concurrent.Executors$RunnableAdapter.call(Executors.java:515)
	at java.base/java.util.concurrent.FutureTask.run$$$capture(FutureTask.java:264)
	at java.base/java.util.concurrent.FutureTask.run(FutureTask.java)
	at java.base/java.lang.Thread.run(Thread.java:832)
	Suppressed: org.springframework.kafka.listener.ListenerExecutionFailedException: Restored Stack Trace
		at org.springframework.kafka.listener.adapter.MessagingMessageListenerAdapter.checkAckArg(MessagingMessageListenerAdapter.java:369)
		at org.springframework.kafka.listener.adapter.MessagingMessageListenerAdapter.invokeHandler(MessagingMessageListenerAdapter.java:355)
		at org.springframework.kafka.listener.adapter.RecordMessagingMessageListenerAdapter.onMessage(RecordMessagingMessageListenerAdapter.java:92)
		at org.springframework.kafka.listener.adapter.RecordMessagingMessageListenerAdapter.onMessage(RecordMessagingMessageListenerAdapter.java:53)
		at org.springframework.kafka.listener.KafkaMessageListenerContainer$ListenerConsumer.doInvokeOnMessage(KafkaMessageListenerContainer.java:2586)
Caused by: java.lang.IllegalStateException: No Acknowledgment available as an argument, the listener container must have a MANUAL AckMode to populate the Acknowledgment.
	at org.springframework.kafka.listener.adapter.MessagingMessageListenerAdapter.checkAckArg(MessagingMessageListenerAdapter.java:369)
	at org.springframework.kafka.listener.adapter.MessagingMessageListenerAdapter.invokeHandler(MessagingMessageListenerAdapter.java:355)
	at org.springframework.kafka.listener.adapter.RecordMessagingMessageListenerAdapter.onMessage(RecordMessagingMessageListenerAdapter.java:92)
	at org.springframework.kafka.listener.adapter.RecordMessagingMessageListenerAdapter.onMessage(RecordMessagingMessageListenerAdapter.java:53)
	at org.springframework.kafka.listener.KafkaMessageListenerContainer$ListenerConsumer.doInvokeOnMessage(KafkaMessageListenerContainer.java:2586)
	... 12 common frames omitted
Caused by: org.springframework.messaging.handler.annotation.support.MethodArgumentNotValidException: Could not resolve method parameter at index 1 in public void za.co.woolworths.itemkafka_poc.kafka.consumer.ItemConsumerService.listen(org.apache.kafka.clients.consumer.ConsumerRecord<java.lang.String, java.lang.String>,org.springframework.kafka.support.Acknowledgment): 1 error(s): [Error in object 'acknowledgment': codes []; arguments []; default message [Payload value must not be empty]] 
	at org.springframework.messaging.handler.annotation.support.PayloadMethodArgumentResolver.resolveArgument(PayloadMethodArgumentResolver.java:122)
	at org.springframework.kafka.annotation.KafkaNullAwarePayloadArgumentResolver.resolveArgument(KafkaNullAwarePayloadArgumentResolver.java:46)
	at org.springframework.messaging.handler.invocation.HandlerMethodArgumentResolverComposite.resolveArgument(HandlerMethodArgumentResolverComposite.java:118)
	at org.springframework.messaging.handler.invocation.InvocableHandlerMethod.getMethodArgumentValues(InvocableHandlerMethod.java:147)
	at org.springframework.messaging.handler.invocation.InvocableHandlerMethod.invoke(InvocableHandlerMethod.java:115)
	at org.springframework.kafka.listener.adapter.HandlerAdapter.invoke(HandlerAdapter.java:56)
	at org.springframework.kafka.listener.adapter.MessagingMessageListenerAdapter.invokeHandler(MessagingMessageListenerAdapter.java:347)
	... 15 common frames omitted

2025-01-13 16:20:06.647  INFO [org.apache.kafka.clients.consumer.KafkaConsumer:1585] [Consumer clientId=consumer-item_group-1, groupId=item_group] Seeking to offset 46 for partition Item_Topic-0 
2025-01-13 16:20:06.650  INFO [za.co.woolworths.itemkafka_poc.kafka.producer.ItemProducerService:39] *****Message sent successfully for itemId: 100038826***** 
2025-01-13 16:20:06.653 ERROR [org.springframework.kafka.listener.DefaultErrorHandler:149] Backoff none exhausted for Item_Topic-0@46 org.springframework.kafka.listener.ListenerExecutionFailedException: invokeHandler Failed; nested exception is java.lang.IllegalStateException: No Acknowledgment available as an argument, the listener container must have a MANUAL AckMode to populate the Acknowledgment.; nested exception is java.lang.IllegalStateException: No Acknowledgment available as an argument, the listener container must have a MANUAL AckMode to populate the Acknowledgment.
	at org.springframework.kafka.listener.KafkaMessageListenerContainer$ListenerConsumer.decorateException(KafkaMessageListenerContainer.java:2636)
	at org.springframework.kafka.listener.KafkaMessageListenerContainer$ListenerConsumer.doInvokeOnMessage(KafkaMessageListenerContainer.java:2606)
	at org.springframework.kafka.listener.KafkaMessageListenerContainer$ListenerConsumer.invokeOnMessage(KafkaMessageListenerContainer.java:2567)
	at org.springframework.kafka.listener.KafkaMessageListenerContainer$ListenerConsumer.doInvokeRecordListener(KafkaMessageListenerContainer.java:2481)
	at org.springframework.kafka.listener.KafkaMessageListenerContainer$ListenerConsumer.doInvokeWithRecords(KafkaMessageListenerContainer.java:2403)
	at org.springframework.kafka.listener.KafkaMessageListenerContainer$ListenerConsumer.invokeRecordListener(KafkaMessageListenerContainer.java:2282)
	at org.springframework.kafka.listener.KafkaMessageListenerContainer$ListenerConsumer.invokeListener(KafkaMessageListenerContainer.java:1956)
	at org.springframework.kafka.listener.KafkaMessageListenerContainer$ListenerConsumer.invokeIfHaveRecords(KafkaMessageListenerContainer.java:1351)
	at org.springframework.kafka.listener.KafkaMessageListenerContainer$ListenerConsumer.pollAndInvoke(KafkaMessageListenerContainer.java:1342)
	at org.springframework.kafka.listener.KafkaMessageListenerContainer$ListenerConsumer.run(KafkaMessageListenerContainer.java:1234)
	at java.base/java.util.concurrent.Executors$RunnableAdapter.call(Executors.java:515)
	at java.base/java.util.concurrent.FutureTask.run$$$capture(FutureTask.java:264)
	at java.base/java.util.concurrent.FutureTask.run(FutureTask.java)
	at java.base/java.lang.Thread.run(Thread.java:832)
	Suppressed: org.springframework.kafka.listener.ListenerExecutionFailedException: Restored Stack Trace
		at org.springframework.kafka.listener.adapter.MessagingMessageListenerAdapter.checkAckArg(MessagingMessageListenerAdapter.java:369)
		at org.springframework.kafka.listener.adapter.MessagingMessageListenerAdapter.invokeHandler(MessagingMessageListenerAdapter.java:355)
		at org.springframework.kafka.listener.adapter.RecordMessagingMessageListenerAdapter.onMessage(RecordMessagingMessageListenerAdapter.java:92)
		at org.springframework.kafka.listener.adapter.RecordMessagingMessageListenerAdapter.onMessage(RecordMessagingMessageListenerAdapter.java:53)
		at org.springframework.kafka.listener.KafkaMessageListenerContainer$ListenerConsumer.doInvokeOnMessage(KafkaMessageListenerContainer.java:2586)
Caused by: java.lang.IllegalStateException: No Acknowledgment available as an argument, the listener container must have a MANUAL AckMode to populate the Acknowledgment.
	at org.springframework.kafka.listener.adapter.MessagingMessageListenerAdapter.checkAckArg(MessagingMessageListenerAdapter.java:369)
	at org.springframework.kafka.listener.adapter.MessagingMessageListenerAdapter.invokeHandler(MessagingMessageListenerAdapter.java:355)
	at org.springframework.kafka.listener.adapter.RecordMessagingMessageListenerAdapter.onMessage(RecordMessagingMessageListenerAdapter.java:92)
	at org.springframework.kafka.listener.adapter.RecordMessagingMessageListenerAdapter.onMessage(RecordMessagingMessageListenerAdapter.java:53)
	at org.springframework.kafka.listener.KafkaMessageListenerContainer$ListenerConsumer.doInvokeOnMessage(KafkaMessageListenerContainer.java:2586)
	... 12 common frames omitted
Caused by: org.springframework.messaging.handler.annotation.support.MethodArgumentNotValidException: Could not resolve method parameter at index 1 in public void za.co.woolworths.itemkafka_poc.kafka.consumer.ItemConsumerService.listen(org.apache.kafka.clients.consumer.ConsumerRecord<java.lang.String, java.lang.String>,org.springframework.kafka.support.Acknowledgment): 1 error(s): [Error in object 'acknowledgment': codes []; arguments []; default message [Payload value must not be empty]] 
	at org.springframework.messaging.handler.annotation.support.PayloadMethodArgumentResolver.resolveArgument(PayloadMethodArgumentResolver.java:122)
	at org.springframework.kafka.annotation.KafkaNullAwarePayloadArgumentResolver.resolveArgument(KafkaNullAwarePayloadArgumentResolver.java:46)
	at org.springframework.messaging.handler.invocation.HandlerMethodArgumentResolverComposite.resolveArgument(HandlerMethodArgumentResolverComposite.java:118)
	at org.springframework.messaging.handler.invocation.InvocableHandlerMethod.getMethodArgumentValues(InvocableHandlerMethod.java:147)
	at org.springframework.messaging.handler.invocation.InvocableHandlerMethod.invoke(InvocableHandlerMethod.java:115)
	at org.springframework.kafka.listener.adapter.HandlerAdapter.invoke(HandlerAdapter.java:56)
	at org.springframework.kafka.listener.adapter.MessagingMessageListenerAdapter.invokeHandler(MessagingMessageListenerAdapter.java:347)
	... 15 common frames omitted

2025-01-13 16:20:06.654  INFO [org.apache.kafka.clients.consumer.KafkaConsumer:1585] [Consumer clientId=consumer-item_group-1, groupId=item_group] Seeking to offset 47 for partition Item_Topic-0 
2025-01-13 16:20:06.657  INFO [za.co.woolworths.itemkafka_poc.kafka.producer.ItemProducerService:39] *****Message sent successfully for itemId: 100038834***** 
2025-01-13 16:20:06.660 ERROR [org.springframework.kafka.listener.DefaultErrorHandler:149] Backoff none exhausted for Item_Topic-0@47 org.springframework.kafka.listener.ListenerExecutionFailedException: invokeHandler Failed; nested exception is java.lang.IllegalStateException: No Acknowledgment available as an argument, the listener container must have a MANUAL AckMode to populate the Acknowledgment.; nested exception is java.lang.IllegalStateException: No Acknowledgment available as an argument, the listener container must have a MANUAL AckMode to populate the Acknowledgment.
	at org.springframework.kafka.listener.KafkaMessageListenerContainer$ListenerConsumer.decorateException(KafkaMessageListenerContainer.java:2636)
	at org.springframework.kafka.listener.KafkaMessageListenerContainer$ListenerConsumer.doInvokeOnMessage(KafkaMessageListenerContainer.java:2606)
	at org.springframework.kafka.listener.KafkaMessageListenerContainer$ListenerConsumer.invokeOnMessage(KafkaMessageListenerContainer.java:2567)
	at org.springframework.kafka.listener.KafkaMessageListenerContainer$ListenerConsumer.doInvokeRecordListener(KafkaMessageListenerContainer.java:2481)
	at org.springframework.kafka.listener.KafkaMessageListenerContainer$ListenerConsumer.doInvokeWithRecords(KafkaMessageListenerContainer.java:2403)
	at org.springframework.kafka.listener.KafkaMessageListenerContainer$ListenerConsumer.invokeRecordListener(KafkaMessageListenerContainer.java:2282)
	at org.springframework.kafka.listener.KafkaMessageListenerContainer$ListenerConsumer.invokeListener(KafkaMessageListenerContainer.java:1956)
	at org.springframework.kafka.listener.KafkaMessageListenerContainer$ListenerConsumer.invokeIfHaveRecords(KafkaMessageListenerContainer.java:1351)
	at org.springframework.kafka.listener.KafkaMessageListenerContainer$ListenerConsumer.pollAndInvoke(KafkaMessageListenerContainer.java:1342)
	at org.springframework.kafka.listener.KafkaMessageListenerContainer$ListenerConsumer.run(KafkaMessageListenerContainer.java:1234)
	at java.base/java.util.concurrent.Executors$RunnableAdapter.call(Executors.java:515)
	at java.base/java.util.concurrent.FutureTask.run$$$capture(FutureTask.java:264)
	at java.base/java.util.concurrent.FutureTask.run(FutureTask.java)
	at java.base/java.lang.Thread.run(Thread.java:832)
	Suppressed: org.springframework.kafka.listener.ListenerExecutionFailedException: Restored Stack Trace
		at org.springframework.kafka.listener.adapter.MessagingMessageListenerAdapter.checkAckArg(MessagingMessageListenerAdapter.java:369)
		at org.springframework.kafka.listener.adapter.MessagingMessageListenerAdapter.invokeHandler(MessagingMessageListenerAdapter.java:355)
		at org.springframework.kafka.listener.adapter.RecordMessagingMessageListenerAdapter.onMessage(RecordMessagingMessageListenerAdapter.java:92)
		at org.springframework.kafka.listener.adapter.RecordMessagingMessageListenerAdapter.onMessage(RecordMessagingMessageListenerAdapter.java:53)
		at org.springframework.kafka.listener.KafkaMessageListenerContainer$ListenerConsumer.doInvokeOnMessage(KafkaMessageListenerContainer.java:2586)
Caused by: java.lang.IllegalStateException: No Acknowledgment available as an argument, the listener container must have a MANUAL AckMode to populate the Acknowledgment.
	at org.springframework.kafka.listener.adapter.MessagingMessageListenerAdapter.checkAckArg(MessagingMessageListenerAdapter.java:369)
	at org.springframework.kafka.listener.adapter.MessagingMessageListenerAdapter.invokeHandler(MessagingMessageListenerAdapter.java:355)
	at org.springframework.kafka.listener.adapter.RecordMessagingMessageListenerAdapter.onMessage(RecordMessagingMessageListenerAdapter.java:92)
	at org.springframework.kafka.listener.adapter.RecordMessagingMessageListenerAdapter.onMessage(RecordMessagingMessageListenerAdapter.java:53)
	at org.springframework.kafka.listener.KafkaMessageListenerContainer$ListenerConsumer.doInvokeOnMessage(KafkaMessageListenerContainer.java:2586)
	... 12 common frames omitted
Caused by: org.springframework.messaging.handler.annotation.support.MethodArgumentNotValidException: Could not resolve method parameter at index 1 in public void za.co.woolworths.itemkafka_poc.kafka.consumer.ItemConsumerService.listen(org.apache.kafka.clients.consumer.ConsumerRecord<java.lang.String, java.lang.String>,org.springframework.kafka.support.Acknowledgment): 1 error(s): [Error in object 'acknowledgment': codes []; arguments []; default message [Payload value must not be empty]] 
	at org.springframework.messaging.handler.annotation.support.PayloadMethodArgumentResolver.resolveArgument(PayloadMethodArgumentResolver.java:122)
	at org.springframework.kafka.annotation.KafkaNullAwarePayloadArgumentResolver.resolveArgument(KafkaNullAwarePayloadArgumentResolver.java:46)
	at org.springframework.messaging.handler.invocation.HandlerMethodArgumentResolverComposite.resolveArgument(HandlerMethodArgumentResolverComposite.java:118)
	at org.springframework.messaging.handler.invocation.InvocableHandlerMethod.getMethodArgumentValues(InvocableHandlerMethod.java:147)
	at org.springframework.messaging.handler.invocation.InvocableHandlerMethod.invoke(InvocableHandlerMethod.java:115)
	at org.springframework.kafka.listener.adapter.HandlerAdapter.invoke(HandlerAdapter.java:56)
	at org.springframework.kafka.listener.adapter.MessagingMessageListenerAdapter.invokeHandler(MessagingMessageListenerAdapter.java:347)
	... 15 common frames omitted

2025-01-13 16:20:06.661  INFO [org.apache.kafka.clients.consumer.KafkaConsumer:1585] [Consumer clientId=consumer-item_group-1, groupId=item_group] Seeking to offset 48 for partition Item_Topic-0 
2025-01-13 16:20:06.663  INFO [za.co.woolworths.itemkafka_poc.kafka.producer.ItemProducerService:39] *****Message sent successfully for itemId: 100038842***** 
2025-01-13 16:20:06.667 ERROR [org.springframework.kafka.listener.DefaultErrorHandler:149] Backoff none exhausted for Item_Topic-0@48 org.springframework.kafka.listener.ListenerExecutionFailedException: invokeHandler Failed; nested exception is java.lang.IllegalStateException: No Acknowledgment available as an argument, the listener container must have a MANUAL AckMode to populate the Acknowledgment.; nested exception is java.lang.IllegalStateException: No Acknowledgment available as an argument, the listener container must have a MANUAL AckMode to populate the Acknowledgment.
	at org.springframework.kafka.listener.KafkaMessageListenerContainer$ListenerConsumer.decorateException(KafkaMessageListenerContainer.java:2636)
	at org.springframework.kafka.listener.KafkaMessageListenerContainer$ListenerConsumer.doInvokeOnMessage(KafkaMessageListenerContainer.java:2606)
	at org.springframework.kafka.listener.KafkaMessageListenerContainer$ListenerConsumer.invokeOnMessage(KafkaMessageListenerContainer.java:2567)
	at org.springframework.kafka.listener.KafkaMessageListenerContainer$ListenerConsumer.doInvokeRecordListener(KafkaMessageListenerContainer.java:2481)
	at org.springframework.kafka.listener.KafkaMessageListenerContainer$ListenerConsumer.doInvokeWithRecords(KafkaMessageListenerContainer.java:2403)
	at org.springframework.kafka.listener.KafkaMessageListenerContainer$ListenerConsumer.invokeRecordListener(KafkaMessageListenerContainer.java:2282)
	at org.springframework.kafka.listener.KafkaMessageListenerContainer$ListenerConsumer.invokeListener(KafkaMessageListenerContainer.java:1956)
	at org.springframework.kafka.listener.KafkaMessageListenerContainer$ListenerConsumer.invokeIfHaveRecords(KafkaMessageListenerContainer.java:1351)
	at org.springframework.kafka.listener.KafkaMessageListenerContainer$ListenerConsumer.pollAndInvoke(KafkaMessageListenerContainer.java:1342)
	at org.springframework.kafka.listener.KafkaMessageListenerContainer$ListenerConsumer.run(KafkaMessageListenerContainer.java:1234)
	at java.base/java.util.concurrent.Executors$RunnableAdapter.call(Executors.java:515)
	at java.base/java.util.concurrent.FutureTask.run$$$capture(FutureTask.java:264)
	at java.base/java.util.concurrent.FutureTask.run(FutureTask.java)
	at java.base/java.lang.Thread.run(Thread.java:832)
	Suppressed: org.springframework.kafka.listener.ListenerExecutionFailedException: Restored Stack Trace
		at org.springframework.kafka.listener.adapter.MessagingMessageListenerAdapter.checkAckArg(MessagingMessageListenerAdapter.java:369)
		at org.springframework.kafka.listener.adapter.MessagingMessageListenerAdapter.invokeHandler(MessagingMessageListenerAdapter.java:355)
		at org.springframework.kafka.listener.adapter.RecordMessagingMessageListenerAdapter.onMessage(RecordMessagingMessageListenerAdapter.java:92)
		at org.springframework.kafka.listener.adapter.RecordMessagingMessageListenerAdapter.onMessage(RecordMessagingMessageListenerAdapter.java:53)
		at org.springframework.kafka.listener.KafkaMessageListenerContainer$ListenerConsumer.doInvokeOnMessage(KafkaMessageListenerContainer.java:2586)
Caused by: java.lang.IllegalStateException: No Acknowledgment available as an argument, the listener container must have a MANUAL AckMode to populate the Acknowledgment.
	at org.springframework.kafka.listener.adapter.MessagingMessageListenerAdapter.checkAckArg(MessagingMessageListenerAdapter.java:369)
	at org.springframework.kafka.listener.adapter.MessagingMessageListenerAdapter.invokeHandler(MessagingMessageListenerAdapter.java:355)
	at org.springframework.kafka.listener.adapter.RecordMessagingMessageListenerAdapter.onMessage(RecordMessagingMessageListenerAdapter.java:92)
	at org.springframework.kafka.listener.adapter.RecordMessagingMessageListenerAdapter.onMessage(RecordMessagingMessageListenerAdapter.java:53)
	at org.springframework.kafka.listener.KafkaMessageListenerContainer$ListenerConsumer.doInvokeOnMessage(KafkaMessageListenerContainer.java:2586)
	... 12 common frames omitted
Caused by: org.springframework.messaging.handler.annotation.support.MethodArgumentNotValidException: Could not resolve method parameter at index 1 in public void za.co.woolworths.itemkafka_poc.kafka.consumer.ItemConsumerService.listen(org.apache.kafka.clients.consumer.ConsumerRecord<java.lang.String, java.lang.String>,org.springframework.kafka.support.Acknowledgment): 1 error(s): [Error in object 'acknowledgment': codes []; arguments []; default message [Payload value must not be empty]] 
	at org.springframework.messaging.handler.annotation.support.PayloadMethodArgumentResolver.resolveArgument(PayloadMethodArgumentResolver.java:122)
	at org.springframework.kafka.annotation.KafkaNullAwarePayloadArgumentResolver.resolveArgument(KafkaNullAwarePayloadArgumentResolver.java:46)
	at org.springframework.messaging.handler.invocation.HandlerMethodArgumentResolverComposite.resolveArgument(HandlerMethodArgumentResolverComposite.java:118)
	at org.springframework.messaging.handler.invocation.InvocableHandlerMethod.getMethodArgumentValues(InvocableHandlerMethod.java:147)
	at org.springframework.messaging.handler.invocation.InvocableHandlerMethod.invoke(InvocableHandlerMethod.java:115)
	at org.springframework.kafka.listener.adapter.HandlerAdapter.invoke(HandlerAdapter.java:56)
	at org.springframework.kafka.listener.adapter.MessagingMessageListenerAdapter.invokeHandler(MessagingMessageListenerAdapter.java:347)
	... 15 common frames omitted

2025-01-13 16:20:06.667  INFO [org.apache.kafka.clients.consumer.KafkaConsumer:1585] [Consumer clientId=consumer-item_group-1, groupId=item_group] Seeking to offset 49 for partition Item_Topic-0 
2025-01-13 16:20:06.671  INFO [za.co.woolworths.itemkafka_poc.kafka.producer.ItemProducerService:39] *****Message sent successfully for itemId: 100038850***** 
2025-01-13 16:20:06.674 ERROR [org.springframework.kafka.listener.DefaultErrorHandler:149] Backoff none exhausted for Item_Topic-0@49 org.springframework.kafka.listener.ListenerExecutionFailedException: invokeHandler Failed; nested exception is java.lang.IllegalStateException: No Acknowledgment available as an argument, the listener container must have a MANUAL AckMode to populate the Acknowledgment.; nested exception is java.lang.IllegalStateException: No Acknowledgment available as an argument, the listener container must have a MANUAL AckMode to populate the Acknowledgment.
	at org.springframework.kafka.listener.KafkaMessageListenerContainer$ListenerConsumer.decorateException(KafkaMessageListenerContainer.java:2636)
	at org.springframework.kafka.listener.KafkaMessageListenerContainer$ListenerConsumer.doInvokeOnMessage(KafkaMessageListenerContainer.java:2606)
	at org.springframework.kafka.listener.KafkaMessageListenerContainer$ListenerConsumer.invokeOnMessage(KafkaMessageListenerContainer.java:2567)
	at org.springframework.kafka.listener.KafkaMessageListenerContainer$ListenerConsumer.doInvokeRecordListener(KafkaMessageListenerContainer.java:2481)
	at org.springframework.kafka.listener.KafkaMessageListenerContainer$ListenerConsumer.doInvokeWithRecords(KafkaMessageListenerContainer.java:2403)
	at org.springframework.kafka.listener.KafkaMessageListenerContainer$ListenerConsumer.invokeRecordListener(KafkaMessageListenerContainer.java:2282)
	at org.springframework.kafka.listener.KafkaMessageListenerContainer$ListenerConsumer.invokeListener(KafkaMessageListenerContainer.java:1956)
	at org.springframework.kafka.listener.KafkaMessageListenerContainer$ListenerConsumer.invokeIfHaveRecords(KafkaMessageListenerContainer.java:1351)
	at org.springframework.kafka.listener.KafkaMessageListenerContainer$ListenerConsumer.pollAndInvoke(KafkaMessageListenerContainer.java:1342)
	at org.springframework.kafka.listener.KafkaMessageListenerContainer$ListenerConsumer.run(KafkaMessageListenerContainer.java:1234)
	at java.base/java.util.concurrent.Executors$RunnableAdapter.call(Executors.java:515)
	at java.base/java.util.concurrent.FutureTask.run$$$capture(FutureTask.java:264)
	at java.base/java.util.concurrent.FutureTask.run(FutureTask.java)
	at java.base/java.lang.Thread.run(Thread.java:832)
	Suppressed: org.springframework.kafka.listener.ListenerExecutionFailedException: Restored Stack Trace
		at org.springframework.kafka.listener.adapter.MessagingMessageListenerAdapter.checkAckArg(MessagingMessageListenerAdapter.java:369)
		at org.springframework.kafka.listener.adapter.MessagingMessageListenerAdapter.invokeHandler(MessagingMessageListenerAdapter.java:355)
		at org.springframework.kafka.listener.adapter.RecordMessagingMessageListenerAdapter.onMessage(RecordMessagingMessageListenerAdapter.java:92)
		at org.springframework.kafka.listener.adapter.RecordMessagingMessageListenerAdapter.onMessage(RecordMessagingMessageListenerAdapter.java:53)
		at org.springframework.kafka.listener.KafkaMessageListenerContainer$ListenerConsumer.doInvokeOnMessage(KafkaMessageListenerContainer.java:2586)
Caused by: java.lang.IllegalStateException: No Acknowledgment available as an argument, the listener container must have a MANUAL AckMode to populate the Acknowledgment.
	at org.springframework.kafka.listener.adapter.MessagingMessageListenerAdapter.checkAckArg(MessagingMessageListenerAdapter.java:369)
	at org.springframework.kafka.listener.adapter.MessagingMessageListenerAdapter.invokeHandler(MessagingMessageListenerAdapter.java:355)
	at org.springframework.kafka.listener.adapter.RecordMessagingMessageListenerAdapter.onMessage(RecordMessagingMessageListenerAdapter.java:92)
	at org.springframework.kafka.listener.adapter.RecordMessagingMessageListenerAdapter.onMessage(RecordMessagingMessageListenerAdapter.java:53)
	at org.springframework.kafka.listener.KafkaMessageListenerContainer$ListenerConsumer.doInvokeOnMessage(KafkaMessageListenerContainer.java:2586)
	... 12 common frames omitted
Caused by: org.springframework.messaging.handler.annotation.support.MethodArgumentNotValidException: Could not resolve method parameter at index 1 in public void za.co.woolworths.itemkafka_poc.kafka.consumer.ItemConsumerService.listen(org.apache.kafka.clients.consumer.ConsumerRecord<java.lang.String, java.lang.String>,org.springframework.kafka.support.Acknowledgment): 1 error(s): [Error in object 'acknowledgment': codes []; arguments []; default message [Payload value must not be empty]] 
	at org.springframework.messaging.handler.annotation.support.PayloadMethodArgumentResolver.resolveArgument(PayloadMethodArgumentResolver.java:122)
	at org.springframework.kafka.annotation.KafkaNullAwarePayloadArgumentResolver.resolveArgument(KafkaNullAwarePayloadArgumentResolver.java:46)
	at org.springframework.messaging.handler.invocation.HandlerMethodArgumentResolverComposite.resolveArgument(HandlerMethodArgumentResolverComposite.java:118)
	at org.springframework.messaging.handler.invocation.InvocableHandlerMethod.getMethodArgumentValues(InvocableHandlerMethod.java:147)
	at org.springframework.messaging.handler.invocation.InvocableHandlerMethod.invoke(InvocableHandlerMethod.java:115)
	at org.springframework.kafka.listener.adapter.HandlerAdapter.invoke(HandlerAdapter.java:56)
	at org.springframework.kafka.listener.adapter.MessagingMessageListenerAdapter.invokeHandler(MessagingMessageListenerAdapter.java:347)
	... 15 common frames omitted

2025-01-13 16:20:06.675  INFO [org.apache.kafka.clients.consumer.KafkaConsumer:1585] [Consumer clientId=consumer-item_group-1, groupId=item_group] Seeking to offset 50 for partition Item_Topic-0 
2025-01-13 16:20:06.677  INFO [za.co.woolworths.itemkafka_poc.kafka.producer.ItemProducerService:39] *****Message sent successfully for itemId: 100038868***** 
2025-01-13 16:20:06.680 ERROR [org.springframework.kafka.listener.DefaultErrorHandler:149] Backoff none exhausted for Item_Topic-0@50 org.springframework.kafka.listener.ListenerExecutionFailedException: invokeHandler Failed; nested exception is java.lang.IllegalStateException: No Acknowledgment available as an argument, the listener container must have a MANUAL AckMode to populate the Acknowledgment.; nested exception is java.lang.IllegalStateException: No Acknowledgment available as an argument, the listener container must have a MANUAL AckMode to populate the Acknowledgment.
	at org.springframework.kafka.listener.KafkaMessageListenerContainer$ListenerConsumer.decorateException(KafkaMessageListenerContainer.java:2636)
	at org.springframework.kafka.listener.KafkaMessageListenerContainer$ListenerConsumer.doInvokeOnMessage(KafkaMessageListenerContainer.java:2606)
	at org.springframework.kafka.listener.KafkaMessageListenerContainer$ListenerConsumer.invokeOnMessage(KafkaMessageListenerContainer.java:2567)
	at org.springframework.kafka.listener.KafkaMessageListenerContainer$ListenerConsumer.doInvokeRecordListener(KafkaMessageListenerContainer.java:2481)
	at org.springframework.kafka.listener.KafkaMessageListenerContainer$ListenerConsumer.doInvokeWithRecords(KafkaMessageListenerContainer.java:2403)
	at org.springframework.kafka.listener.KafkaMessageListenerContainer$ListenerConsumer.invokeRecordListener(KafkaMessageListenerContainer.java:2282)
	at org.springframework.kafka.listener.KafkaMessageListenerContainer$ListenerConsumer.invokeListener(KafkaMessageListenerContainer.java:1956)
	at org.springframework.kafka.listener.KafkaMessageListenerContainer$ListenerConsumer.invokeIfHaveRecords(KafkaMessageListenerContainer.java:1351)
	at org.springframework.kafka.listener.KafkaMessageListenerContainer$ListenerConsumer.pollAndInvoke(KafkaMessageListenerContainer.java:1342)
	at org.springframework.kafka.listener.KafkaMessageListenerContainer$ListenerConsumer.run(KafkaMessageListenerContainer.java:1234)
	at java.base/java.util.concurrent.Executors$RunnableAdapter.call(Executors.java:515)
	at java.base/java.util.concurrent.FutureTask.run$$$capture(FutureTask.java:264)
	at java.base/java.util.concurrent.FutureTask.run(FutureTask.java)
	at java.base/java.lang.Thread.run(Thread.java:832)
	Suppressed: org.springframework.kafka.listener.ListenerExecutionFailedException: Restored Stack Trace
		at org.springframework.kafka.listener.adapter.MessagingMessageListenerAdapter.checkAckArg(MessagingMessageListenerAdapter.java:369)
		at org.springframework.kafka.listener.adapter.MessagingMessageListenerAdapter.invokeHandler(MessagingMessageListenerAdapter.java:355)
		at org.springframework.kafka.listener.adapter.RecordMessagingMessageListenerAdapter.onMessage(RecordMessagingMessageListenerAdapter.java:92)
		at org.springframework.kafka.listener.adapter.RecordMessagingMessageListenerAdapter.onMessage(RecordMessagingMessageListenerAdapter.java:53)
		at org.springframework.kafka.listener.KafkaMessageListenerContainer$ListenerConsumer.doInvokeOnMessage(KafkaMessageListenerContainer.java:2586)
Caused by: java.lang.IllegalStateException: No Acknowledgment available as an argument, the listener container must have a MANUAL AckMode to populate the Acknowledgment.
	at org.springframework.kafka.listener.adapter.MessagingMessageListenerAdapter.checkAckArg(MessagingMessageListenerAdapter.java:369)
	at org.springframework.kafka.listener.adapter.MessagingMessageListenerAdapter.invokeHandler(MessagingMessageListenerAdapter.java:355)
	at org.springframework.kafka.listener.adapter.RecordMessagingMessageListenerAdapter.onMessage(RecordMessagingMessageListenerAdapter.java:92)
	at org.springframework.kafka.listener.adapter.RecordMessagingMessageListenerAdapter.onMessage(RecordMessagingMessageListenerAdapter.java:53)
	at org.springframework.kafka.listener.KafkaMessageListenerContainer$ListenerConsumer.doInvokeOnMessage(KafkaMessageListenerContainer.java:2586)
	... 12 common frames omitted
Caused by: org.springframework.messaging.handler.annotation.support.MethodArgumentNotValidException: Could not resolve method parameter at index 1 in public void za.co.woolworths.itemkafka_poc.kafka.consumer.ItemConsumerService.listen(org.apache.kafka.clients.consumer.ConsumerRecord<java.lang.String, java.lang.String>,org.springframework.kafka.support.Acknowledgment): 1 error(s): [Error in object 'acknowledgment': codes []; arguments []; default message [Payload value must not be empty]] 
	at org.springframework.messaging.handler.annotation.support.PayloadMethodArgumentResolver.resolveArgument(PayloadMethodArgumentResolver.java:122)
	at org.springframework.kafka.annotation.KafkaNullAwarePayloadArgumentResolver.resolveArgument(KafkaNullAwarePayloadArgumentResolver.java:46)
	at org.springframework.messaging.handler.invocation.HandlerMethodArgumentResolverComposite.resolveArgument(HandlerMethodArgumentResolverComposite.java:118)
	at org.springframework.messaging.handler.invocation.InvocableHandlerMethod.getMethodArgumentValues(InvocableHandlerMethod.java:147)
	at org.springframework.messaging.handler.invocation.InvocableHandlerMethod.invoke(InvocableHandlerMethod.java:115)
	at org.springframework.kafka.listener.adapter.HandlerAdapter.invoke(HandlerAdapter.java:56)
	at org.springframework.kafka.listener.adapter.MessagingMessageListenerAdapter.invokeHandler(MessagingMessageListenerAdapter.java:347)
	... 15 common frames omitted

2025-01-13 16:20:06.681  INFO [org.apache.kafka.clients.consumer.KafkaConsumer:1585] [Consumer clientId=consumer-item_group-1, groupId=item_group] Seeking to offset 51 for partition Item_Topic-0 
2025-01-13 16:20:06.684  INFO [za.co.woolworths.itemkafka_poc.kafka.producer.ItemProducerService:39] *****Message sent successfully for itemId: 100038876***** 
2025-01-13 16:20:06.687 ERROR [org.springframework.kafka.listener.DefaultErrorHandler:149] Backoff none exhausted for Item_Topic-0@51 org.springframework.kafka.listener.ListenerExecutionFailedException: invokeHandler Failed; nested exception is java.lang.IllegalStateException: No Acknowledgment available as an argument, the listener container must have a MANUAL AckMode to populate the Acknowledgment.; nested exception is java.lang.IllegalStateException: No Acknowledgment available as an argument, the listener container must have a MANUAL AckMode to populate the Acknowledgment.
	at org.springframework.kafka.listener.KafkaMessageListenerContainer$ListenerConsumer.decorateException(KafkaMessageListenerContainer.java:2636)
	at org.springframework.kafka.listener.KafkaMessageListenerContainer$ListenerConsumer.doInvokeOnMessage(KafkaMessageListenerContainer.java:2606)
	at org.springframework.kafka.listener.KafkaMessageListenerContainer$ListenerConsumer.invokeOnMessage(KafkaMessageListenerContainer.java:2567)
	at org.springframework.kafka.listener.KafkaMessageListenerContainer$ListenerConsumer.doInvokeRecordListener(KafkaMessageListenerContainer.java:2481)
	at org.springframework.kafka.listener.KafkaMessageListenerContainer$ListenerConsumer.doInvokeWithRecords(KafkaMessageListenerContainer.java:2403)
	at org.springframework.kafka.listener.KafkaMessageListenerContainer$ListenerConsumer.invokeRecordListener(KafkaMessageListenerContainer.java:2282)
	at org.springframework.kafka.listener.KafkaMessageListenerContainer$ListenerConsumer.invokeListener(KafkaMessageListenerContainer.java:1956)
	at org.springframework.kafka.listener.KafkaMessageListenerContainer$ListenerConsumer.invokeIfHaveRecords(KafkaMessageListenerContainer.java:1351)
	at org.springframework.kafka.listener.KafkaMessageListenerContainer$ListenerConsumer.pollAndInvoke(KafkaMessageListenerContainer.java:1342)
	at org.springframework.kafka.listener.KafkaMessageListenerContainer$ListenerConsumer.run(KafkaMessageListenerContainer.java:1234)
	at java.base/java.util.concurrent.Executors$RunnableAdapter.call(Executors.java:515)
	at java.base/java.util.concurrent.FutureTask.run$$$capture(FutureTask.java:264)
	at java.base/java.util.concurrent.FutureTask.run(FutureTask.java)
	at java.base/java.lang.Thread.run(Thread.java:832)
	Suppressed: org.springframework.kafka.listener.ListenerExecutionFailedException: Restored Stack Trace
		at org.springframework.kafka.listener.adapter.MessagingMessageListenerAdapter.checkAckArg(MessagingMessageListenerAdapter.java:369)
		at org.springframework.kafka.listener.adapter.MessagingMessageListenerAdapter.invokeHandler(MessagingMessageListenerAdapter.java:355)
		at org.springframework.kafka.listener.adapter.RecordMessagingMessageListenerAdapter.onMessage(RecordMessagingMessageListenerAdapter.java:92)
		at org.springframework.kafka.listener.adapter.RecordMessagingMessageListenerAdapter.onMessage(RecordMessagingMessageListenerAdapter.java:53)
		at org.springframework.kafka.listener.KafkaMessageListenerContainer$ListenerConsumer.doInvokeOnMessage(KafkaMessageListenerContainer.java:2586)
Caused by: java.lang.IllegalStateException: No Acknowledgment available as an argument, the listener container must have a MANUAL AckMode to populate the Acknowledgment.
	at org.springframework.kafka.listener.adapter.MessagingMessageListenerAdapter.checkAckArg(MessagingMessageListenerAdapter.java:369)
	at org.springframework.kafka.listener.adapter.MessagingMessageListenerAdapter.invokeHandler(MessagingMessageListenerAdapter.java:355)
	at org.springframework.kafka.listener.adapter.RecordMessagingMessageListenerAdapter.onMessage(RecordMessagingMessageListenerAdapter.java:92)
	at org.springframework.kafka.listener.adapter.RecordMessagingMessageListenerAdapter.onMessage(RecordMessagingMessageListenerAdapter.java:53)
	at org.springframework.kafka.listener.KafkaMessageListenerContainer$ListenerConsumer.doInvokeOnMessage(KafkaMessageListenerContainer.java:2586)
	... 12 common frames omitted
Caused by: org.springframework.messaging.handler.annotation.support.MethodArgumentNotValidException: Could not resolve method parameter at index 1 in public void za.co.woolworths.itemkafka_poc.kafka.consumer.ItemConsumerService.listen(org.apache.kafka.clients.consumer.ConsumerRecord<java.lang.String, java.lang.String>,org.springframework.kafka.support.Acknowledgment): 1 error(s): [Error in object 'acknowledgment': codes []; arguments []; default message [Payload value must not be empty]] 
	at org.springframework.messaging.handler.annotation.support.PayloadMethodArgumentResolver.resolveArgument(PayloadMethodArgumentResolver.java:122)
	at org.springframework.kafka.annotation.KafkaNullAwarePayloadArgumentResolver.resolveArgument(KafkaNullAwarePayloadArgumentResolver.java:46)
	at org.springframework.messaging.handler.invocation.HandlerMethodArgumentResolverComposite.resolveArgument(HandlerMethodArgumentResolverComposite.java:118)
	at org.springframework.messaging.handler.invocation.InvocableHandlerMethod.getMethodArgumentValues(InvocableHandlerMethod.java:147)
	at org.springframework.messaging.handler.invocation.InvocableHandlerMethod.invoke(InvocableHandlerMethod.java:115)
	at org.springframework.kafka.listener.adapter.HandlerAdapter.invoke(HandlerAdapter.java:56)
	at org.springframework.kafka.listener.adapter.MessagingMessageListenerAdapter.invokeHandler(MessagingMessageListenerAdapter.java:347)
	... 15 common frames omitted

2025-01-13 16:20:06.688  INFO [org.apache.kafka.clients.consumer.KafkaConsumer:1585] [Consumer clientId=consumer-item_group-1, groupId=item_group] Seeking to offset 52 for partition Item_Topic-0 
2025-01-13 16:20:06.690  INFO [za.co.woolworths.itemkafka_poc.kafka.producer.ItemProducerService:39] *****Message sent successfully for itemId: 100038884***** 
2025-01-13 16:20:06.693 ERROR [org.springframework.kafka.listener.DefaultErrorHandler:149] Backoff none exhausted for Item_Topic-0@52 org.springframework.kafka.listener.ListenerExecutionFailedException: invokeHandler Failed; nested exception is java.lang.IllegalStateException: No Acknowledgment available as an argument, the listener container must have a MANUAL AckMode to populate the Acknowledgment.; nested exception is java.lang.IllegalStateException: No Acknowledgment available as an argument, the listener container must have a MANUAL AckMode to populate the Acknowledgment.
	at org.springframework.kafka.listener.KafkaMessageListenerContainer$ListenerConsumer.decorateException(KafkaMessageListenerContainer.java:2636)
	at org.springframework.kafka.listener.KafkaMessageListenerContainer$ListenerConsumer.doInvokeOnMessage(KafkaMessageListenerContainer.java:2606)
	at org.springframework.kafka.listener.KafkaMessageListenerContainer$ListenerConsumer.invokeOnMessage(KafkaMessageListenerContainer.java:2567)
	at org.springframework.kafka.listener.KafkaMessageListenerContainer$ListenerConsumer.doInvokeRecordListener(KafkaMessageListenerContainer.java:2481)
	at org.springframework.kafka.listener.KafkaMessageListenerContainer$ListenerConsumer.doInvokeWithRecords(KafkaMessageListenerContainer.java:2403)
	at org.springframework.kafka.listener.KafkaMessageListenerContainer$ListenerConsumer.invokeRecordListener(KafkaMessageListenerContainer.java:2282)
	at org.springframework.kafka.listener.KafkaMessageListenerContainer$ListenerConsumer.invokeListener(KafkaMessageListenerContainer.java:1956)
	at org.springframework.kafka.listener.KafkaMessageListenerContainer$ListenerConsumer.invokeIfHaveRecords(KafkaMessageListenerContainer.java:1351)
	at org.springframework.kafka.listener.KafkaMessageListenerContainer$ListenerConsumer.pollAndInvoke(KafkaMessageListenerContainer.java:1342)
	at org.springframework.kafka.listener.KafkaMessageListenerContainer$ListenerConsumer.run(KafkaMessageListenerContainer.java:1234)
	at java.base/java.util.concurrent.Executors$RunnableAdapter.call(Executors.java:515)
	at java.base/java.util.concurrent.FutureTask.run$$$capture(FutureTask.java:264)
	at java.base/java.util.concurrent.FutureTask.run(FutureTask.java)
	at java.base/java.lang.Thread.run(Thread.java:832)
	Suppressed: org.springframework.kafka.listener.ListenerExecutionFailedException: Restored Stack Trace
		at org.springframework.kafka.listener.adapter.MessagingMessageListenerAdapter.checkAckArg(MessagingMessageListenerAdapter.java:369)
		at org.springframework.kafka.listener.adapter.MessagingMessageListenerAdapter.invokeHandler(MessagingMessageListenerAdapter.java:355)
		at org.springframework.kafka.listener.adapter.RecordMessagingMessageListenerAdapter.onMessage(RecordMessagingMessageListenerAdapter.java:92)
		at org.springframework.kafka.listener.adapter.RecordMessagingMessageListenerAdapter.onMessage(RecordMessagingMessageListenerAdapter.java:53)
		at org.springframework.kafka.listener.KafkaMessageListenerContainer$ListenerConsumer.doInvokeOnMessage(KafkaMessageListenerContainer.java:2586)
Caused by: java.lang.IllegalStateException: No Acknowledgment available as an argument, the listener container must have a MANUAL AckMode to populate the Acknowledgment.
	at org.springframework.kafka.listener.adapter.MessagingMessageListenerAdapter.checkAckArg(MessagingMessageListenerAdapter.java:369)
	at org.springframework.kafka.listener.adapter.MessagingMessageListenerAdapter.invokeHandler(MessagingMessageListenerAdapter.java:355)
	at org.springframework.kafka.listener.adapter.RecordMessagingMessageListenerAdapter.onMessage(RecordMessagingMessageListenerAdapter.java:92)
	at org.springframework.kafka.listener.adapter.RecordMessagingMessageListenerAdapter.onMessage(RecordMessagingMessageListenerAdapter.java:53)
	at org.springframework.kafka.listener.KafkaMessageListenerContainer$ListenerConsumer.doInvokeOnMessage(KafkaMessageListenerContainer.java:2586)
	... 12 common frames omitted
Caused by: org.springframework.messaging.handler.annotation.support.MethodArgumentNotValidException: Could not resolve method parameter at index 1 in public void za.co.woolworths.itemkafka_poc.kafka.consumer.ItemConsumerService.listen(org.apache.kafka.clients.consumer.ConsumerRecord<java.lang.String, java.lang.String>,org.springframework.kafka.support.Acknowledgment): 1 error(s): [Error in object 'acknowledgment': codes []; arguments []; default message [Payload value must not be empty]] 
	at org.springframework.messaging.handler.annotation.support.PayloadMethodArgumentResolver.resolveArgument(PayloadMethodArgumentResolver.java:122)
	at org.springframework.kafka.annotation.KafkaNullAwarePayloadArgumentResolver.resolveArgument(KafkaNullAwarePayloadArgumentResolver.java:46)
	at org.springframework.messaging.handler.invocation.HandlerMethodArgumentResolverComposite.resolveArgument(HandlerMethodArgumentResolverComposite.java:118)
	at org.springframework.messaging.handler.invocation.InvocableHandlerMethod.getMethodArgumentValues(InvocableHandlerMethod.java:147)
	at org.springframework.messaging.handler.invocation.InvocableHandlerMethod.invoke(InvocableHandlerMethod.java:115)
	at org.springframework.kafka.listener.adapter.HandlerAdapter.invoke(HandlerAdapter.java:56)
	at org.springframework.kafka.listener.adapter.MessagingMessageListenerAdapter.invokeHandler(MessagingMessageListenerAdapter.java:347)
	... 15 common frames omitted

2025-01-13 16:20:06.693  INFO [org.apache.kafka.clients.consumer.KafkaConsumer:1585] [Consumer clientId=consumer-item_group-1, groupId=item_group] Seeking to offset 53 for partition Item_Topic-0 
2025-01-13 16:20:06.696  INFO [za.co.woolworths.itemkafka_poc.kafka.producer.ItemProducerService:39] *****Message sent successfully for itemId: 100038892***** 
2025-01-13 16:20:06.699 ERROR [org.springframework.kafka.listener.DefaultErrorHandler:149] Backoff none exhausted for Item_Topic-0@53 org.springframework.kafka.listener.ListenerExecutionFailedException: invokeHandler Failed; nested exception is java.lang.IllegalStateException: No Acknowledgment available as an argument, the listener container must have a MANUAL AckMode to populate the Acknowledgment.; nested exception is java.lang.IllegalStateException: No Acknowledgment available as an argument, the listener container must have a MANUAL AckMode to populate the Acknowledgment.
	at org.springframework.kafka.listener.KafkaMessageListenerContainer$ListenerConsumer.decorateException(KafkaMessageListenerContainer.java:2636)
	at org.springframework.kafka.listener.KafkaMessageListenerContainer$ListenerConsumer.doInvokeOnMessage(KafkaMessageListenerContainer.java:2606)
	at org.springframework.kafka.listener.KafkaMessageListenerContainer$ListenerConsumer.invokeOnMessage(KafkaMessageListenerContainer.java:2567)
	at org.springframework.kafka.listener.KafkaMessageListenerContainer$ListenerConsumer.doInvokeRecordListener(KafkaMessageListenerContainer.java:2481)
	at org.springframework.kafka.listener.KafkaMessageListenerContainer$ListenerConsumer.doInvokeWithRecords(KafkaMessageListenerContainer.java:2403)
	at org.springframework.kafka.listener.KafkaMessageListenerContainer$ListenerConsumer.invokeRecordListener(KafkaMessageListenerContainer.java:2282)
	at org.springframework.kafka.listener.KafkaMessageListenerContainer$ListenerConsumer.invokeListener(KafkaMessageListenerContainer.java:1956)
	at org.springframework.kafka.listener.KafkaMessageListenerContainer$ListenerConsumer.invokeIfHaveRecords(KafkaMessageListenerContainer.java:1351)
	at org.springframework.kafka.listener.KafkaMessageListenerContainer$ListenerConsumer.pollAndInvoke(KafkaMessageListenerContainer.java:1342)
	at org.springframework.kafka.listener.KafkaMessageListenerContainer$ListenerConsumer.run(KafkaMessageListenerContainer.java:1234)
	at java.base/java.util.concurrent.Executors$RunnableAdapter.call(Executors.java:515)
	at java.base/java.util.concurrent.FutureTask.run$$$capture(FutureTask.java:264)
	at java.base/java.util.concurrent.FutureTask.run(FutureTask.java)
	at java.base/java.lang.Thread.run(Thread.java:832)
	Suppressed: org.springframework.kafka.listener.ListenerExecutionFailedException: Restored Stack Trace
		at org.springframework.kafka.listener.adapter.MessagingMessageListenerAdapter.checkAckArg(MessagingMessageListenerAdapter.java:369)
		at org.springframework.kafka.listener.adapter.MessagingMessageListenerAdapter.invokeHandler(MessagingMessageListenerAdapter.java:355)
		at org.springframework.kafka.listener.adapter.RecordMessagingMessageListenerAdapter.onMessage(RecordMessagingMessageListenerAdapter.java:92)
		at org.springframework.kafka.listener.adapter.RecordMessagingMessageListenerAdapter.onMessage(RecordMessagingMessageListenerAdapter.java:53)
		at org.springframework.kafka.listener.KafkaMessageListenerContainer$ListenerConsumer.doInvokeOnMessage(KafkaMessageListenerContainer.java:2586)
Caused by: java.lang.IllegalStateException: No Acknowledgment available as an argument, the listener container must have a MANUAL AckMode to populate the Acknowledgment.
	at org.springframework.kafka.listener.adapter.MessagingMessageListenerAdapter.checkAckArg(MessagingMessageListenerAdapter.java:369)
	at org.springframework.kafka.listener.adapter.MessagingMessageListenerAdapter.invokeHandler(MessagingMessageListenerAdapter.java:355)
	at org.springframework.kafka.listener.adapter.RecordMessagingMessageListenerAdapter.onMessage(RecordMessagingMessageListenerAdapter.java:92)
	at org.springframework.kafka.listener.adapter.RecordMessagingMessageListenerAdapter.onMessage(RecordMessagingMessageListenerAdapter.java:53)
	at org.springframework.kafka.listener.KafkaMessageListenerContainer$ListenerConsumer.doInvokeOnMessage(KafkaMessageListenerContainer.java:2586)
	... 12 common frames omitted
Caused by: org.springframework.messaging.handler.annotation.support.MethodArgumentNotValidException: Could not resolve method parameter at index 1 in public void za.co.woolworths.itemkafka_poc.kafka.consumer.ItemConsumerService.listen(org.apache.kafka.clients.consumer.ConsumerRecord<java.lang.String, java.lang.String>,org.springframework.kafka.support.Acknowledgment): 1 error(s): [Error in object 'acknowledgment': codes []; arguments []; default message [Payload value must not be empty]] 
	at org.springframework.messaging.handler.annotation.support.PayloadMethodArgumentResolver.resolveArgument(PayloadMethodArgumentResolver.java:122)
	at org.springframework.kafka.annotation.KafkaNullAwarePayloadArgumentResolver.resolveArgument(KafkaNullAwarePayloadArgumentResolver.java:46)
	at org.springframework.messaging.handler.invocation.HandlerMethodArgumentResolverComposite.resolveArgument(HandlerMethodArgumentResolverComposite.java:118)
	at org.springframework.messaging.handler.invocation.InvocableHandlerMethod.getMethodArgumentValues(InvocableHandlerMethod.java:147)
	at org.springframework.messaging.handler.invocation.InvocableHandlerMethod.invoke(InvocableHandlerMethod.java:115)
	at org.springframework.kafka.listener.adapter.HandlerAdapter.invoke(HandlerAdapter.java:56)
	at org.springframework.kafka.listener.adapter.MessagingMessageListenerAdapter.invokeHandler(MessagingMessageListenerAdapter.java:347)
	... 15 common frames omitted

2025-01-13 16:20:06.700  INFO [org.apache.kafka.clients.consumer.KafkaConsumer:1585] [Consumer clientId=consumer-item_group-1, groupId=item_group] Seeking to offset 54 for partition Item_Topic-0 
2025-01-13 16:20:06.702  INFO [za.co.woolworths.itemkafka_poc.kafka.producer.ItemProducerService:39] *****Message sent successfully for itemId: 100038906***** 
2025-01-13 16:20:06.704 ERROR [org.springframework.kafka.listener.DefaultErrorHandler:149] Backoff none exhausted for Item_Topic-0@54 org.springframework.kafka.listener.ListenerExecutionFailedException: invokeHandler Failed; nested exception is java.lang.IllegalStateException: No Acknowledgment available as an argument, the listener container must have a MANUAL AckMode to populate the Acknowledgment.; nested exception is java.lang.IllegalStateException: No Acknowledgment available as an argument, the listener container must have a MANUAL AckMode to populate the Acknowledgment.
	at org.springframework.kafka.listener.KafkaMessageListenerContainer$ListenerConsumer.decorateException(KafkaMessageListenerContainer.java:2636)
	at org.springframework.kafka.listener.KafkaMessageListenerContainer$ListenerConsumer.doInvokeOnMessage(KafkaMessageListenerContainer.java:2606)
	at org.springframework.kafka.listener.KafkaMessageListenerContainer$ListenerConsumer.invokeOnMessage(KafkaMessageListenerContainer.java:2567)
	at org.springframework.kafka.listener.KafkaMessageListenerContainer$ListenerConsumer.doInvokeRecordListener(KafkaMessageListenerContainer.java:2481)
	at org.springframework.kafka.listener.KafkaMessageListenerContainer$ListenerConsumer.doInvokeWithRecords(KafkaMessageListenerContainer.java:2403)
	at org.springframework.kafka.listener.KafkaMessageListenerContainer$ListenerConsumer.invokeRecordListener(KafkaMessageListenerContainer.java:2282)
	at org.springframework.kafka.listener.KafkaMessageListenerContainer$ListenerConsumer.invokeListener(KafkaMessageListenerContainer.java:1956)
	at org.springframework.kafka.listener.KafkaMessageListenerContainer$ListenerConsumer.invokeIfHaveRecords(KafkaMessageListenerContainer.java:1351)
	at org.springframework.kafka.listener.KafkaMessageListenerContainer$ListenerConsumer.pollAndInvoke(KafkaMessageListenerContainer.java:1342)
	at org.springframework.kafka.listener.KafkaMessageListenerContainer$ListenerConsumer.run(KafkaMessageListenerContainer.java:1234)
	at java.base/java.util.concurrent.Executors$RunnableAdapter.call(Executors.java:515)
	at java.base/java.util.concurrent.FutureTask.run$$$capture(FutureTask.java:264)
	at java.base/java.util.concurrent.FutureTask.run(FutureTask.java)
	at java.base/java.lang.Thread.run(Thread.java:832)
	Suppressed: org.springframework.kafka.listener.ListenerExecutionFailedException: Restored Stack Trace
		at org.springframework.kafka.listener.adapter.MessagingMessageListenerAdapter.checkAckArg(MessagingMessageListenerAdapter.java:369)
		at org.springframework.kafka.listener.adapter.MessagingMessageListenerAdapter.invokeHandler(MessagingMessageListenerAdapter.java:355)
		at org.springframework.kafka.listener.adapter.RecordMessagingMessageListenerAdapter.onMessage(RecordMessagingMessageListenerAdapter.java:92)
		at org.springframework.kafka.listener.adapter.RecordMessagingMessageListenerAdapter.onMessage(RecordMessagingMessageListenerAdapter.java:53)
		at org.springframework.kafka.listener.KafkaMessageListenerContainer$ListenerConsumer.doInvokeOnMessage(KafkaMessageListenerContainer.java:2586)
Caused by: java.lang.IllegalStateException: No Acknowledgment available as an argument, the listener container must have a MANUAL AckMode to populate the Acknowledgment.
	at org.springframework.kafka.listener.adapter.MessagingMessageListenerAdapter.checkAckArg(MessagingMessageListenerAdapter.java:369)
	at org.springframework.kafka.listener.adapter.MessagingMessageListenerAdapter.invokeHandler(MessagingMessageListenerAdapter.java:355)
	at org.springframework.kafka.listener.adapter.RecordMessagingMessageListenerAdapter.onMessage(RecordMessagingMessageListenerAdapter.java:92)
	at org.springframework.kafka.listener.adapter.RecordMessagingMessageListenerAdapter.onMessage(RecordMessagingMessageListenerAdapter.java:53)
	at org.springframework.kafka.listener.KafkaMessageListenerContainer$ListenerConsumer.doInvokeOnMessage(KafkaMessageListenerContainer.java:2586)
	... 12 common frames omitted
Caused by: org.springframework.messaging.handler.annotation.support.MethodArgumentNotValidException: Could not resolve method parameter at index 1 in public void za.co.woolworths.itemkafka_poc.kafka.consumer.ItemConsumerService.listen(org.apache.kafka.clients.consumer.ConsumerRecord<java.lang.String, java.lang.String>,org.springframework.kafka.support.Acknowledgment): 1 error(s): [Error in object 'acknowledgment': codes []; arguments []; default message [Payload value must not be empty]] 
	at org.springframework.messaging.handler.annotation.support.PayloadMethodArgumentResolver.resolveArgument(PayloadMethodArgumentResolver.java:122)
	at org.springframework.kafka.annotation.KafkaNullAwarePayloadArgumentResolver.resolveArgument(KafkaNullAwarePayloadArgumentResolver.java:46)
	at org.springframework.messaging.handler.invocation.HandlerMethodArgumentResolverComposite.resolveArgument(HandlerMethodArgumentResolverComposite.java:118)
	at org.springframework.messaging.handler.invocation.InvocableHandlerMethod.getMethodArgumentValues(InvocableHandlerMethod.java:147)
	at org.springframework.messaging.handler.invocation.InvocableHandlerMethod.invoke(InvocableHandlerMethod.java:115)
	at org.springframework.kafka.listener.adapter.HandlerAdapter.invoke(HandlerAdapter.java:56)
	at org.springframework.kafka.listener.adapter.MessagingMessageListenerAdapter.invokeHandler(MessagingMessageListenerAdapter.java:347)
	... 15 common frames omitted

2025-01-13 16:20:06.705  INFO [org.apache.kafka.clients.consumer.KafkaConsumer:1585] [Consumer clientId=consumer-item_group-1, groupId=item_group] Seeking to offset 55 for partition Item_Topic-0 
2025-01-13 16:20:06.707  INFO [za.co.woolworths.itemkafka_poc.kafka.producer.ItemProducerService:39] *****Message sent successfully for itemId: 100038914***** 
2025-01-13 16:20:06.710 ERROR [org.springframework.kafka.listener.DefaultErrorHandler:149] Backoff none exhausted for Item_Topic-0@55 org.springframework.kafka.listener.ListenerExecutionFailedException: invokeHandler Failed; nested exception is java.lang.IllegalStateException: No Acknowledgment available as an argument, the listener container must have a MANUAL AckMode to populate the Acknowledgment.; nested exception is java.lang.IllegalStateException: No Acknowledgment available as an argument, the listener container must have a MANUAL AckMode to populate the Acknowledgment.
	at org.springframework.kafka.listener.KafkaMessageListenerContainer$ListenerConsumer.decorateException(KafkaMessageListenerContainer.java:2636)
	at org.springframework.kafka.listener.KafkaMessageListenerContainer$ListenerConsumer.doInvokeOnMessage(KafkaMessageListenerContainer.java:2606)
	at org.springframework.kafka.listener.KafkaMessageListenerContainer$ListenerConsumer.invokeOnMessage(KafkaMessageListenerContainer.java:2567)
	at org.springframework.kafka.listener.KafkaMessageListenerContainer$ListenerConsumer.doInvokeRecordListener(KafkaMessageListenerContainer.java:2481)
	at org.springframework.kafka.listener.KafkaMessageListenerContainer$ListenerConsumer.doInvokeWithRecords(KafkaMessageListenerContainer.java:2403)
	at org.springframework.kafka.listener.KafkaMessageListenerContainer$ListenerConsumer.invokeRecordListener(KafkaMessageListenerContainer.java:2282)
	at org.springframework.kafka.listener.KafkaMessageListenerContainer$ListenerConsumer.invokeListener(KafkaMessageListenerContainer.java:1956)
	at org.springframework.kafka.listener.KafkaMessageListenerContainer$ListenerConsumer.invokeIfHaveRecords(KafkaMessageListenerContainer.java:1351)
	at org.springframework.kafka.listener.KafkaMessageListenerContainer$ListenerConsumer.pollAndInvoke(KafkaMessageListenerContainer.java:1342)
	at org.springframework.kafka.listener.KafkaMessageListenerContainer$ListenerConsumer.run(KafkaMessageListenerContainer.java:1234)
	at java.base/java.util.concurrent.Executors$RunnableAdapter.call(Executors.java:515)
	at java.base/java.util.concurrent.FutureTask.run$$$capture(FutureTask.java:264)
	at java.base/java.util.concurrent.FutureTask.run(FutureTask.java)
	at java.base/java.lang.Thread.run(Thread.java:832)
	Suppressed: org.springframework.kafka.listener.ListenerExecutionFailedException: Restored Stack Trace
		at org.springframework.kafka.listener.adapter.MessagingMessageListenerAdapter.checkAckArg(MessagingMessageListenerAdapter.java:369)
		at org.springframework.kafka.listener.adapter.MessagingMessageListenerAdapter.invokeHandler(MessagingMessageListenerAdapter.java:355)
		at org.springframework.kafka.listener.adapter.RecordMessagingMessageListenerAdapter.onMessage(RecordMessagingMessageListenerAdapter.java:92)
		at org.springframework.kafka.listener.adapter.RecordMessagingMessageListenerAdapter.onMessage(RecordMessagingMessageListenerAdapter.java:53)
		at org.springframework.kafka.listener.KafkaMessageListenerContainer$ListenerConsumer.doInvokeOnMessage(KafkaMessageListenerContainer.java:2586)
Caused by: java.lang.IllegalStateException: No Acknowledgment available as an argument, the listener container must have a MANUAL AckMode to populate the Acknowledgment.
	at org.springframework.kafka.listener.adapter.MessagingMessageListenerAdapter.checkAckArg(MessagingMessageListenerAdapter.java:369)
	at org.springframework.kafka.listener.adapter.MessagingMessageListenerAdapter.invokeHandler(MessagingMessageListenerAdapter.java:355)
	at org.springframework.kafka.listener.adapter.RecordMessagingMessageListenerAdapter.onMessage(RecordMessagingMessageListenerAdapter.java:92)
	at org.springframework.kafka.listener.adapter.RecordMessagingMessageListenerAdapter.onMessage(RecordMessagingMessageListenerAdapter.java:53)
	at org.springframework.kafka.listener.KafkaMessageListenerContainer$ListenerConsumer.doInvokeOnMessage(KafkaMessageListenerContainer.java:2586)
	... 12 common frames omitted
Caused by: org.springframework.messaging.handler.annotation.support.MethodArgumentNotValidException: Could not resolve method parameter at index 1 in public void za.co.woolworths.itemkafka_poc.kafka.consumer.ItemConsumerService.listen(org.apache.kafka.clients.consumer.ConsumerRecord<java.lang.String, java.lang.String>,org.springframework.kafka.support.Acknowledgment): 1 error(s): [Error in object 'acknowledgment': codes []; arguments []; default message [Payload value must not be empty]] 
	at org.springframework.messaging.handler.annotation.support.PayloadMethodArgumentResolver.resolveArgument(PayloadMethodArgumentResolver.java:122)
	at org.springframework.kafka.annotation.KafkaNullAwarePayloadArgumentResolver.resolveArgument(KafkaNullAwarePayloadArgumentResolver.java:46)
	at org.springframework.messaging.handler.invocation.HandlerMethodArgumentResolverComposite.resolveArgument(HandlerMethodArgumentResolverComposite.java:118)
	at org.springframework.messaging.handler.invocation.InvocableHandlerMethod.getMethodArgumentValues(InvocableHandlerMethod.java:147)
	at org.springframework.messaging.handler.invocation.InvocableHandlerMethod.invoke(InvocableHandlerMethod.java:115)
	at org.springframework.kafka.listener.adapter.HandlerAdapter.invoke(HandlerAdapter.java:56)
	at org.springframework.kafka.listener.adapter.MessagingMessageListenerAdapter.invokeHandler(MessagingMessageListenerAdapter.java:347)
	... 15 common frames omitted

2025-01-13 16:20:06.710  INFO [org.apache.kafka.clients.consumer.KafkaConsumer:1585] [Consumer clientId=consumer-item_group-1, groupId=item_group] Seeking to offset 56 for partition Item_Topic-0 
2025-01-13 16:20:06.713  INFO [za.co.woolworths.itemkafka_poc.kafka.producer.ItemProducerService:39] *****Message sent successfully for itemId: 100038922***** 
2025-01-13 16:20:06.716 ERROR [org.springframework.kafka.listener.DefaultErrorHandler:149] Backoff none exhausted for Item_Topic-0@56 org.springframework.kafka.listener.ListenerExecutionFailedException: invokeHandler Failed; nested exception is java.lang.IllegalStateException: No Acknowledgment available as an argument, the listener container must have a MANUAL AckMode to populate the Acknowledgment.; nested exception is java.lang.IllegalStateException: No Acknowledgment available as an argument, the listener container must have a MANUAL AckMode to populate the Acknowledgment.
	at org.springframework.kafka.listener.KafkaMessageListenerContainer$ListenerConsumer.decorateException(KafkaMessageListenerContainer.java:2636)
	at org.springframework.kafka.listener.KafkaMessageListenerContainer$ListenerConsumer.doInvokeOnMessage(KafkaMessageListenerContainer.java:2606)
	at org.springframework.kafka.listener.KafkaMessageListenerContainer$ListenerConsumer.invokeOnMessage(KafkaMessageListenerContainer.java:2567)
	at org.springframework.kafka.listener.KafkaMessageListenerContainer$ListenerConsumer.doInvokeRecordListener(KafkaMessageListenerContainer.java:2481)
	at org.springframework.kafka.listener.KafkaMessageListenerContainer$ListenerConsumer.doInvokeWithRecords(KafkaMessageListenerContainer.java:2403)
	at org.springframework.kafka.listener.KafkaMessageListenerContainer$ListenerConsumer.invokeRecordListener(KafkaMessageListenerContainer.java:2282)
	at org.springframework.kafka.listener.KafkaMessageListenerContainer$ListenerConsumer.invokeListener(KafkaMessageListenerContainer.java:1956)
	at org.springframework.kafka.listener.KafkaMessageListenerContainer$ListenerConsumer.invokeIfHaveRecords(KafkaMessageListenerContainer.java:1351)
	at org.springframework.kafka.listener.KafkaMessageListenerContainer$ListenerConsumer.pollAndInvoke(KafkaMessageListenerContainer.java:1342)
	at org.springframework.kafka.listener.KafkaMessageListenerContainer$ListenerConsumer.run(KafkaMessageListenerContainer.java:1234)
	at java.base/java.util.concurrent.Executors$RunnableAdapter.call(Executors.java:515)
	at java.base/java.util.concurrent.FutureTask.run$$$capture(FutureTask.java:264)
	at java.base/java.util.concurrent.FutureTask.run(FutureTask.java)
	at java.base/java.lang.Thread.run(Thread.java:832)
	Suppressed: org.springframework.kafka.listener.ListenerExecutionFailedException: Restored Stack Trace
		at org.springframework.kafka.listener.adapter.MessagingMessageListenerAdapter.checkAckArg(MessagingMessageListenerAdapter.java:369)
		at org.springframework.kafka.listener.adapter.MessagingMessageListenerAdapter.invokeHandler(MessagingMessageListenerAdapter.java:355)
		at org.springframework.kafka.listener.adapter.RecordMessagingMessageListenerAdapter.onMessage(RecordMessagingMessageListenerAdapter.java:92)
		at org.springframework.kafka.listener.adapter.RecordMessagingMessageListenerAdapter.onMessage(RecordMessagingMessageListenerAdapter.java:53)
		at org.springframework.kafka.listener.KafkaMessageListenerContainer$ListenerConsumer.doInvokeOnMessage(KafkaMessageListenerContainer.java:2586)
Caused by: java.lang.IllegalStateException: No Acknowledgment available as an argument, the listener container must have a MANUAL AckMode to populate the Acknowledgment.
	at org.springframework.kafka.listener.adapter.MessagingMessageListenerAdapter.checkAckArg(MessagingMessageListenerAdapter.java:369)
	at org.springframework.kafka.listener.adapter.MessagingMessageListenerAdapter.invokeHandler(MessagingMessageListenerAdapter.java:355)
	at org.springframework.kafka.listener.adapter.RecordMessagingMessageListenerAdapter.onMessage(RecordMessagingMessageListenerAdapter.java:92)
	at org.springframework.kafka.listener.adapter.RecordMessagingMessageListenerAdapter.onMessage(RecordMessagingMessageListenerAdapter.java:53)
	at org.springframework.kafka.listener.KafkaMessageListenerContainer$ListenerConsumer.doInvokeOnMessage(KafkaMessageListenerContainer.java:2586)
	... 12 common frames omitted
Caused by: org.springframework.messaging.handler.annotation.support.MethodArgumentNotValidException: Could not resolve method parameter at index 1 in public void za.co.woolworths.itemkafka_poc.kafka.consumer.ItemConsumerService.listen(org.apache.kafka.clients.consumer.ConsumerRecord<java.lang.String, java.lang.String>,org.springframework.kafka.support.Acknowledgment): 1 error(s): [Error in object 'acknowledgment': codes []; arguments []; default message [Payload value must not be empty]] 
	at org.springframework.messaging.handler.annotation.support.PayloadMethodArgumentResolver.resolveArgument(PayloadMethodArgumentResolver.java:122)
	at org.springframework.kafka.annotation.KafkaNullAwarePayloadArgumentResolver.resolveArgument(KafkaNullAwarePayloadArgumentResolver.java:46)
	at org.springframework.messaging.handler.invocation.HandlerMethodArgumentResolverComposite.resolveArgument(HandlerMethodArgumentResolverComposite.java:118)
	at org.springframework.messaging.handler.invocation.InvocableHandlerMethod.getMethodArgumentValues(InvocableHandlerMethod.java:147)
	at org.springframework.messaging.handler.invocation.InvocableHandlerMethod.invoke(InvocableHandlerMethod.java:115)
	at org.springframework.kafka.listener.adapter.HandlerAdapter.invoke(HandlerAdapter.java:56)
	at org.springframework.kafka.listener.adapter.MessagingMessageListenerAdapter.invokeHandler(MessagingMessageListenerAdapter.java:347)
	... 15 common frames omitted

2025-01-13 16:20:06.716  INFO [org.apache.kafka.clients.consumer.KafkaConsumer:1585] [Consumer clientId=consumer-item_group-1, groupId=item_group] Seeking to offset 57 for partition Item_Topic-0 
2025-01-13 16:20:06.719  INFO [za.co.woolworths.itemkafka_poc.kafka.producer.ItemProducerService:39] *****Message sent successfully for itemId: 100038930***** 
2025-01-13 16:20:06.722 ERROR [org.springframework.kafka.listener.DefaultErrorHandler:149] Backoff none exhausted for Item_Topic-0@57 org.springframework.kafka.listener.ListenerExecutionFailedException: invokeHandler Failed; nested exception is java.lang.IllegalStateException: No Acknowledgment available as an argument, the listener container must have a MANUAL AckMode to populate the Acknowledgment.; nested exception is java.lang.IllegalStateException: No Acknowledgment available as an argument, the listener container must have a MANUAL AckMode to populate the Acknowledgment.
	at org.springframework.kafka.listener.KafkaMessageListenerContainer$ListenerConsumer.decorateException(KafkaMessageListenerContainer.java:2636)
	at org.springframework.kafka.listener.KafkaMessageListenerContainer$ListenerConsumer.doInvokeOnMessage(KafkaMessageListenerContainer.java:2606)
	at org.springframework.kafka.listener.KafkaMessageListenerContainer$ListenerConsumer.invokeOnMessage(KafkaMessageListenerContainer.java:2567)
	at org.springframework.kafka.listener.KafkaMessageListenerContainer$ListenerConsumer.doInvokeRecordListener(KafkaMessageListenerContainer.java:2481)
	at org.springframework.kafka.listener.KafkaMessageListenerContainer$ListenerConsumer.doInvokeWithRecords(KafkaMessageListenerContainer.java:2403)
	at org.springframework.kafka.listener.KafkaMessageListenerContainer$ListenerConsumer.invokeRecordListener(KafkaMessageListenerContainer.java:2282)
	at org.springframework.kafka.listener.KafkaMessageListenerContainer$ListenerConsumer.invokeListener(KafkaMessageListenerContainer.java:1956)
	at org.springframework.kafka.listener.KafkaMessageListenerContainer$ListenerConsumer.invokeIfHaveRecords(KafkaMessageListenerContainer.java:1351)
	at org.springframework.kafka.listener.KafkaMessageListenerContainer$ListenerConsumer.pollAndInvoke(KafkaMessageListenerContainer.java:1342)
	at org.springframework.kafka.listener.KafkaMessageListenerContainer$ListenerConsumer.run(KafkaMessageListenerContainer.java:1234)
	at java.base/java.util.concurrent.Executors$RunnableAdapter.call(Executors.java:515)
	at java.base/java.util.concurrent.FutureTask.run$$$capture(FutureTask.java:264)
	at java.base/java.util.concurrent.FutureTask.run(FutureTask.java)
	at java.base/java.lang.Thread.run(Thread.java:832)
	Suppressed: org.springframework.kafka.listener.ListenerExecutionFailedException: Restored Stack Trace
		at org.springframework.kafka.listener.adapter.MessagingMessageListenerAdapter.checkAckArg(MessagingMessageListenerAdapter.java:369)
		at org.springframework.kafka.listener.adapter.MessagingMessageListenerAdapter.invokeHandler(MessagingMessageListenerAdapter.java:355)
		at org.springframework.kafka.listener.adapter.RecordMessagingMessageListenerAdapter.onMessage(RecordMessagingMessageListenerAdapter.java:92)
		at org.springframework.kafka.listener.adapter.RecordMessagingMessageListenerAdapter.onMessage(RecordMessagingMessageListenerAdapter.java:53)
		at org.springframework.kafka.listener.KafkaMessageListenerContainer$ListenerConsumer.doInvokeOnMessage(KafkaMessageListenerContainer.java:2586)
Caused by: java.lang.IllegalStateException: No Acknowledgment available as an argument, the listener container must have a MANUAL AckMode to populate the Acknowledgment.
	at org.springframework.kafka.listener.adapter.MessagingMessageListenerAdapter.checkAckArg(MessagingMessageListenerAdapter.java:369)
	at org.springframework.kafka.listener.adapter.MessagingMessageListenerAdapter.invokeHandler(MessagingMessageListenerAdapter.java:355)
	at org.springframework.kafka.listener.adapter.RecordMessagingMessageListenerAdapter.onMessage(RecordMessagingMessageListenerAdapter.java:92)
	at org.springframework.kafka.listener.adapter.RecordMessagingMessageListenerAdapter.onMessage(RecordMessagingMessageListenerAdapter.java:53)
	at org.springframework.kafka.listener.KafkaMessageListenerContainer$ListenerConsumer.doInvokeOnMessage(KafkaMessageListenerContainer.java:2586)
	... 12 common frames omitted
Caused by: org.springframework.messaging.handler.annotation.support.MethodArgumentNotValidException: Could not resolve method parameter at index 1 in public void za.co.woolworths.itemkafka_poc.kafka.consumer.ItemConsumerService.listen(org.apache.kafka.clients.consumer.ConsumerRecord<java.lang.String, java.lang.String>,org.springframework.kafka.support.Acknowledgment): 1 error(s): [Error in object 'acknowledgment': codes []; arguments []; default message [Payload value must not be empty]] 
	at org.springframework.messaging.handler.annotation.support.PayloadMethodArgumentResolver.resolveArgument(PayloadMethodArgumentResolver.java:122)
	at org.springframework.kafka.annotation.KafkaNullAwarePayloadArgumentResolver.resolveArgument(KafkaNullAwarePayloadArgumentResolver.java:46)
	at org.springframework.messaging.handler.invocation.HandlerMethodArgumentResolverComposite.resolveArgument(HandlerMethodArgumentResolverComposite.java:118)
	at org.springframework.messaging.handler.invocation.InvocableHandlerMethod.getMethodArgumentValues(InvocableHandlerMethod.java:147)
	at org.springframework.messaging.handler.invocation.InvocableHandlerMethod.invoke(InvocableHandlerMethod.java:115)
	at org.springframework.kafka.listener.adapter.HandlerAdapter.invoke(HandlerAdapter.java:56)
	at org.springframework.kafka.listener.adapter.MessagingMessageListenerAdapter.invokeHandler(MessagingMessageListenerAdapter.java:347)
	... 15 common frames omitted

2025-01-13 16:20:06.723  INFO [org.apache.kafka.clients.consumer.KafkaConsumer:1585] [Consumer clientId=consumer-item_group-1, groupId=item_group] Seeking to offset 58 for partition Item_Topic-0 
2025-01-13 16:20:06.726  INFO [za.co.woolworths.itemkafka_poc.kafka.producer.ItemProducerService:39] *****Message sent successfully for itemId: 100039626***** 
2025-01-13 16:20:06.729 ERROR [org.springframework.kafka.listener.DefaultErrorHandler:149] Backoff none exhausted for Item_Topic-0@58 org.springframework.kafka.listener.ListenerExecutionFailedException: invokeHandler Failed; nested exception is java.lang.IllegalStateException: No Acknowledgment available as an argument, the listener container must have a MANUAL AckMode to populate the Acknowledgment.; nested exception is java.lang.IllegalStateException: No Acknowledgment available as an argument, the listener container must have a MANUAL AckMode to populate the Acknowledgment.
	at org.springframework.kafka.listener.KafkaMessageListenerContainer$ListenerConsumer.decorateException(KafkaMessageListenerContainer.java:2636)
	at org.springframework.kafka.listener.KafkaMessageListenerContainer$ListenerConsumer.doInvokeOnMessage(KafkaMessageListenerContainer.java:2606)
	at org.springframework.kafka.listener.KafkaMessageListenerContainer$ListenerConsumer.invokeOnMessage(KafkaMessageListenerContainer.java:2567)
	at org.springframework.kafka.listener.KafkaMessageListenerContainer$ListenerConsumer.doInvokeRecordListener(KafkaMessageListenerContainer.java:2481)
	at org.springframework.kafka.listener.KafkaMessageListenerContainer$ListenerConsumer.doInvokeWithRecords(KafkaMessageListenerContainer.java:2403)
	at org.springframework.kafka.listener.KafkaMessageListenerContainer$ListenerConsumer.invokeRecordListener(KafkaMessageListenerContainer.java:2282)
	at org.springframework.kafka.listener.KafkaMessageListenerContainer$ListenerConsumer.invokeListener(KafkaMessageListenerContainer.java:1956)
	at org.springframework.kafka.listener.KafkaMessageListenerContainer$ListenerConsumer.invokeIfHaveRecords(KafkaMessageListenerContainer.java:1351)
	at org.springframework.kafka.listener.KafkaMessageListenerContainer$ListenerConsumer.pollAndInvoke(KafkaMessageListenerContainer.java:1342)
	at org.springframework.kafka.listener.KafkaMessageListenerContainer$ListenerConsumer.run(KafkaMessageListenerContainer.java:1234)
	at java.base/java.util.concurrent.Executors$RunnableAdapter.call(Executors.java:515)
	at java.base/java.util.concurrent.FutureTask.run$$$capture(FutureTask.java:264)
	at java.base/java.util.concurrent.FutureTask.run(FutureTask.java)
	at java.base/java.lang.Thread.run(Thread.java:832)
	Suppressed: org.springframework.kafka.listener.ListenerExecutionFailedException: Restored Stack Trace
		at org.springframework.kafka.listener.adapter.MessagingMessageListenerAdapter.checkAckArg(MessagingMessageListenerAdapter.java:369)
		at org.springframework.kafka.listener.adapter.MessagingMessageListenerAdapter.invokeHandler(MessagingMessageListenerAdapter.java:355)
		at org.springframework.kafka.listener.adapter.RecordMessagingMessageListenerAdapter.onMessage(RecordMessagingMessageListenerAdapter.java:92)
		at org.springframework.kafka.listener.adapter.RecordMessagingMessageListenerAdapter.onMessage(RecordMessagingMessageListenerAdapter.java:53)
		at org.springframework.kafka.listener.KafkaMessageListenerContainer$ListenerConsumer.doInvokeOnMessage(KafkaMessageListenerContainer.java:2586)
Caused by: java.lang.IllegalStateException: No Acknowledgment available as an argument, the listener container must have a MANUAL AckMode to populate the Acknowledgment.
	at org.springframework.kafka.listener.adapter.MessagingMessageListenerAdapter.checkAckArg(MessagingMessageListenerAdapter.java:369)
	at org.springframework.kafka.listener.adapter.MessagingMessageListenerAdapter.invokeHandler(MessagingMessageListenerAdapter.java:355)
	at org.springframework.kafka.listener.adapter.RecordMessagingMessageListenerAdapter.onMessage(RecordMessagingMessageListenerAdapter.java:92)
	at org.springframework.kafka.listener.adapter.RecordMessagingMessageListenerAdapter.onMessage(RecordMessagingMessageListenerAdapter.java:53)
	at org.springframework.kafka.listener.KafkaMessageListenerContainer$ListenerConsumer.doInvokeOnMessage(KafkaMessageListenerContainer.java:2586)
	... 12 common frames omitted
Caused by: org.springframework.messaging.handler.annotation.support.MethodArgumentNotValidException: Could not resolve method parameter at index 1 in public void za.co.woolworths.itemkafka_poc.kafka.consumer.ItemConsumerService.listen(org.apache.kafka.clients.consumer.ConsumerRecord<java.lang.String, java.lang.String>,org.springframework.kafka.support.Acknowledgment): 1 error(s): [Error in object 'acknowledgment': codes []; arguments []; default message [Payload value must not be empty]] 
	at org.springframework.messaging.handler.annotation.support.PayloadMethodArgumentResolver.resolveArgument(PayloadMethodArgumentResolver.java:122)
	at org.springframework.kafka.annotation.KafkaNullAwarePayloadArgumentResolver.resolveArgument(KafkaNullAwarePayloadArgumentResolver.java:46)
	at org.springframework.messaging.handler.invocation.HandlerMethodArgumentResolverComposite.resolveArgument(HandlerMethodArgumentResolverComposite.java:118)
	at org.springframework.messaging.handler.invocation.InvocableHandlerMethod.getMethodArgumentValues(InvocableHandlerMethod.java:147)
	at org.springframework.messaging.handler.invocation.InvocableHandlerMethod.invoke(InvocableHandlerMethod.java:115)
	at org.springframework.kafka.listener.adapter.HandlerAdapter.invoke(HandlerAdapter.java:56)
	at org.springframework.kafka.listener.adapter.MessagingMessageListenerAdapter.invokeHandler(MessagingMessageListenerAdapter.java:347)
	... 15 common frames omitted

2025-01-13 16:20:06.729  INFO [org.apache.kafka.clients.consumer.KafkaConsumer:1585] [Consumer clientId=consumer-item_group-1, groupId=item_group] Seeking to offset 59 for partition Item_Topic-0 
2025-01-13 16:20:06.732  INFO [za.co.woolworths.itemkafka_poc.kafka.producer.ItemProducerService:39] *****Message sent successfully for itemId: 100039650***** 
2025-01-13 16:20:06.735 ERROR [org.springframework.kafka.listener.DefaultErrorHandler:149] Backoff none exhausted for Item_Topic-0@59 org.springframework.kafka.listener.ListenerExecutionFailedException: invokeHandler Failed; nested exception is java.lang.IllegalStateException: No Acknowledgment available as an argument, the listener container must have a MANUAL AckMode to populate the Acknowledgment.; nested exception is java.lang.IllegalStateException: No Acknowledgment available as an argument, the listener container must have a MANUAL AckMode to populate the Acknowledgment.
	at org.springframework.kafka.listener.KafkaMessageListenerContainer$ListenerConsumer.decorateException(KafkaMessageListenerContainer.java:2636)
	at org.springframework.kafka.listener.KafkaMessageListenerContainer$ListenerConsumer.doInvokeOnMessage(KafkaMessageListenerContainer.java:2606)
	at org.springframework.kafka.listener.KafkaMessageListenerContainer$ListenerConsumer.invokeOnMessage(KafkaMessageListenerContainer.java:2567)
	at org.springframework.kafka.listener.KafkaMessageListenerContainer$ListenerConsumer.doInvokeRecordListener(KafkaMessageListenerContainer.java:2481)
	at org.springframework.kafka.listener.KafkaMessageListenerContainer$ListenerConsumer.doInvokeWithRecords(KafkaMessageListenerContainer.java:2403)
	at org.springframework.kafka.listener.KafkaMessageListenerContainer$ListenerConsumer.invokeRecordListener(KafkaMessageListenerContainer.java:2282)
	at org.springframework.kafka.listener.KafkaMessageListenerContainer$ListenerConsumer.invokeListener(KafkaMessageListenerContainer.java:1956)
	at org.springframework.kafka.listener.KafkaMessageListenerContainer$ListenerConsumer.invokeIfHaveRecords(KafkaMessageListenerContainer.java:1351)
	at org.springframework.kafka.listener.KafkaMessageListenerContainer$ListenerConsumer.pollAndInvoke(KafkaMessageListenerContainer.java:1342)
	at org.springframework.kafka.listener.KafkaMessageListenerContainer$ListenerConsumer.run(KafkaMessageListenerContainer.java:1234)
	at java.base/java.util.concurrent.Executors$RunnableAdapter.call(Executors.java:515)
	at java.base/java.util.concurrent.FutureTask.run$$$capture(FutureTask.java:264)
	at java.base/java.util.concurrent.FutureTask.run(FutureTask.java)
	at java.base/java.lang.Thread.run(Thread.java:832)
	Suppressed: org.springframework.kafka.listener.ListenerExecutionFailedException: Restored Stack Trace
		at org.springframework.kafka.listener.adapter.MessagingMessageListenerAdapter.checkAckArg(MessagingMessageListenerAdapter.java:369)
		at org.springframework.kafka.listener.adapter.MessagingMessageListenerAdapter.invokeHandler(MessagingMessageListenerAdapter.java:355)
		at org.springframework.kafka.listener.adapter.RecordMessagingMessageListenerAdapter.onMessage(RecordMessagingMessageListenerAdapter.java:92)
		at org.springframework.kafka.listener.adapter.RecordMessagingMessageListenerAdapter.onMessage(RecordMessagingMessageListenerAdapter.java:53)
		at org.springframework.kafka.listener.KafkaMessageListenerContainer$ListenerConsumer.doInvokeOnMessage(KafkaMessageListenerContainer.java:2586)
Caused by: java.lang.IllegalStateException: No Acknowledgment available as an argument, the listener container must have a MANUAL AckMode to populate the Acknowledgment.
	at org.springframework.kafka.listener.adapter.MessagingMessageListenerAdapter.checkAckArg(MessagingMessageListenerAdapter.java:369)
	at org.springframework.kafka.listener.adapter.MessagingMessageListenerAdapter.invokeHandler(MessagingMessageListenerAdapter.java:355)
	at org.springframework.kafka.listener.adapter.RecordMessagingMessageListenerAdapter.onMessage(RecordMessagingMessageListenerAdapter.java:92)
	at org.springframework.kafka.listener.adapter.RecordMessagingMessageListenerAdapter.onMessage(RecordMessagingMessageListenerAdapter.java:53)
	at org.springframework.kafka.listener.KafkaMessageListenerContainer$ListenerConsumer.doInvokeOnMessage(KafkaMessageListenerContainer.java:2586)
	... 12 common frames omitted
Caused by: org.springframework.messaging.handler.annotation.support.MethodArgumentNotValidException: Could not resolve method parameter at index 1 in public void za.co.woolworths.itemkafka_poc.kafka.consumer.ItemConsumerService.listen(org.apache.kafka.clients.consumer.ConsumerRecord<java.lang.String, java.lang.String>,org.springframework.kafka.support.Acknowledgment): 1 error(s): [Error in object 'acknowledgment': codes []; arguments []; default message [Payload value must not be empty]] 
	at org.springframework.messaging.handler.annotation.support.PayloadMethodArgumentResolver.resolveArgument(PayloadMethodArgumentResolver.java:122)
	at org.springframework.kafka.annotation.KafkaNullAwarePayloadArgumentResolver.resolveArgument(KafkaNullAwarePayloadArgumentResolver.java:46)
	at org.springframework.messaging.handler.invocation.HandlerMethodArgumentResolverComposite.resolveArgument(HandlerMethodArgumentResolverComposite.java:118)
	at org.springframework.messaging.handler.invocation.InvocableHandlerMethod.getMethodArgumentValues(InvocableHandlerMethod.java:147)
	at org.springframework.messaging.handler.invocation.InvocableHandlerMethod.invoke(InvocableHandlerMethod.java:115)
	at org.springframework.kafka.listener.adapter.HandlerAdapter.invoke(HandlerAdapter.java:56)
	at org.springframework.kafka.listener.adapter.MessagingMessageListenerAdapter.invokeHandler(MessagingMessageListenerAdapter.java:347)
	... 15 common frames omitted

2025-01-13 16:20:06.735  INFO [org.apache.kafka.clients.consumer.KafkaConsumer:1585] [Consumer clientId=consumer-item_group-1, groupId=item_group] Seeking to offset 60 for partition Item_Topic-0 
2025-01-13 16:20:06.739  INFO [za.co.woolworths.itemkafka_poc.kafka.producer.ItemProducerService:39] *****Message sent successfully for itemId: 100039684***** 
2025-01-13 16:20:06.741 ERROR [org.springframework.kafka.listener.DefaultErrorHandler:149] Backoff none exhausted for Item_Topic-0@60 org.springframework.kafka.listener.ListenerExecutionFailedException: invokeHandler Failed; nested exception is java.lang.IllegalStateException: No Acknowledgment available as an argument, the listener container must have a MANUAL AckMode to populate the Acknowledgment.; nested exception is java.lang.IllegalStateException: No Acknowledgment available as an argument, the listener container must have a MANUAL AckMode to populate the Acknowledgment.
	at org.springframework.kafka.listener.KafkaMessageListenerContainer$ListenerConsumer.decorateException(KafkaMessageListenerContainer.java:2636)
	at org.springframework.kafka.listener.KafkaMessageListenerContainer$ListenerConsumer.doInvokeOnMessage(KafkaMessageListenerContainer.java:2606)
	at org.springframework.kafka.listener.KafkaMessageListenerContainer$ListenerConsumer.invokeOnMessage(KafkaMessageListenerContainer.java:2567)
	at org.springframework.kafka.listener.KafkaMessageListenerContainer$ListenerConsumer.doInvokeRecordListener(KafkaMessageListenerContainer.java:2481)
	at org.springframework.kafka.listener.KafkaMessageListenerContainer$ListenerConsumer.doInvokeWithRecords(KafkaMessageListenerContainer.java:2403)
	at org.springframework.kafka.listener.KafkaMessageListenerContainer$ListenerConsumer.invokeRecordListener(KafkaMessageListenerContainer.java:2282)
	at org.springframework.kafka.listener.KafkaMessageListenerContainer$ListenerConsumer.invokeListener(KafkaMessageListenerContainer.java:1956)
	at org.springframework.kafka.listener.KafkaMessageListenerContainer$ListenerConsumer.invokeIfHaveRecords(KafkaMessageListenerContainer.java:1351)
	at org.springframework.kafka.listener.KafkaMessageListenerContainer$ListenerConsumer.pollAndInvoke(KafkaMessageListenerContainer.java:1342)
	at org.springframework.kafka.listener.KafkaMessageListenerContainer$ListenerConsumer.run(KafkaMessageListenerContainer.java:1234)
	at java.base/java.util.concurrent.Executors$RunnableAdapter.call(Executors.java:515)
	at java.base/java.util.concurrent.FutureTask.run$$$capture(FutureTask.java:264)
	at java.base/java.util.concurrent.FutureTask.run(FutureTask.java)
	at java.base/java.lang.Thread.run(Thread.java:832)
	Suppressed: org.springframework.kafka.listener.ListenerExecutionFailedException: Restored Stack Trace
		at org.springframework.kafka.listener.adapter.MessagingMessageListenerAdapter.checkAckArg(MessagingMessageListenerAdapter.java:369)
		at org.springframework.kafka.listener.adapter.MessagingMessageListenerAdapter.invokeHandler(MessagingMessageListenerAdapter.java:355)
		at org.springframework.kafka.listener.adapter.RecordMessagingMessageListenerAdapter.onMessage(RecordMessagingMessageListenerAdapter.java:92)
		at org.springframework.kafka.listener.adapter.RecordMessagingMessageListenerAdapter.onMessage(RecordMessagingMessageListenerAdapter.java:53)
		at org.springframework.kafka.listener.KafkaMessageListenerContainer$ListenerConsumer.doInvokeOnMessage(KafkaMessageListenerContainer.java:2586)
Caused by: java.lang.IllegalStateException: No Acknowledgment available as an argument, the listener container must have a MANUAL AckMode to populate the Acknowledgment.
	at org.springframework.kafka.listener.adapter.MessagingMessageListenerAdapter.checkAckArg(MessagingMessageListenerAdapter.java:369)
	at org.springframework.kafka.listener.adapter.MessagingMessageListenerAdapter.invokeHandler(MessagingMessageListenerAdapter.java:355)
	at org.springframework.kafka.listener.adapter.RecordMessagingMessageListenerAdapter.onMessage(RecordMessagingMessageListenerAdapter.java:92)
	at org.springframework.kafka.listener.adapter.RecordMessagingMessageListenerAdapter.onMessage(RecordMessagingMessageListenerAdapter.java:53)
	at org.springframework.kafka.listener.KafkaMessageListenerContainer$ListenerConsumer.doInvokeOnMessage(KafkaMessageListenerContainer.java:2586)
	... 12 common frames omitted
Caused by: org.springframework.messaging.handler.annotation.support.MethodArgumentNotValidException: Could not resolve method parameter at index 1 in public void za.co.woolworths.itemkafka_poc.kafka.consumer.ItemConsumerService.listen(org.apache.kafka.clients.consumer.ConsumerRecord<java.lang.String, java.lang.String>,org.springframework.kafka.support.Acknowledgment): 1 error(s): [Error in object 'acknowledgment': codes []; arguments []; default message [Payload value must not be empty]] 
	at org.springframework.messaging.handler.annotation.support.PayloadMethodArgumentResolver.resolveArgument(PayloadMethodArgumentResolver.java:122)
	at org.springframework.kafka.annotation.KafkaNullAwarePayloadArgumentResolver.resolveArgument(KafkaNullAwarePayloadArgumentResolver.java:46)
	at org.springframework.messaging.handler.invocation.HandlerMethodArgumentResolverComposite.resolveArgument(HandlerMethodArgumentResolverComposite.java:118)
	at org.springframework.messaging.handler.invocation.InvocableHandlerMethod.getMethodArgumentValues(InvocableHandlerMethod.java:147)
	at org.springframework.messaging.handler.invocation.InvocableHandlerMethod.invoke(InvocableHandlerMethod.java:115)
	at org.springframework.kafka.listener.adapter.HandlerAdapter.invoke(HandlerAdapter.java:56)
	at org.springframework.kafka.listener.adapter.MessagingMessageListenerAdapter.invokeHandler(MessagingMessageListenerAdapter.java:347)
	... 15 common frames omitted

2025-01-13 16:20:06.742  INFO [org.apache.kafka.clients.consumer.KafkaConsumer:1585] [Consumer clientId=consumer-item_group-1, groupId=item_group] Seeking to offset 61 for partition Item_Topic-0 
2025-01-13 16:20:06.744  INFO [za.co.woolworths.itemkafka_poc.kafka.producer.ItemProducerService:39] *****Message sent successfully for itemId: 100039692***** 
2025-01-13 16:20:06.747 ERROR [org.springframework.kafka.listener.DefaultErrorHandler:149] Backoff none exhausted for Item_Topic-0@61 org.springframework.kafka.listener.ListenerExecutionFailedException: invokeHandler Failed; nested exception is java.lang.IllegalStateException: No Acknowledgment available as an argument, the listener container must have a MANUAL AckMode to populate the Acknowledgment.; nested exception is java.lang.IllegalStateException: No Acknowledgment available as an argument, the listener container must have a MANUAL AckMode to populate the Acknowledgment.
	at org.springframework.kafka.listener.KafkaMessageListenerContainer$ListenerConsumer.decorateException(KafkaMessageListenerContainer.java:2636)
	at org.springframework.kafka.listener.KafkaMessageListenerContainer$ListenerConsumer.doInvokeOnMessage(KafkaMessageListenerContainer.java:2606)
	at org.springframework.kafka.listener.KafkaMessageListenerContainer$ListenerConsumer.invokeOnMessage(KafkaMessageListenerContainer.java:2567)
	at org.springframework.kafka.listener.KafkaMessageListenerContainer$ListenerConsumer.doInvokeRecordListener(KafkaMessageListenerContainer.java:2481)
	at org.springframework.kafka.listener.KafkaMessageListenerContainer$ListenerConsumer.doInvokeWithRecords(KafkaMessageListenerContainer.java:2403)
	at org.springframework.kafka.listener.KafkaMessageListenerContainer$ListenerConsumer.invokeRecordListener(KafkaMessageListenerContainer.java:2282)
	at org.springframework.kafka.listener.KafkaMessageListenerContainer$ListenerConsumer.invokeListener(KafkaMessageListenerContainer.java:1956)
	at org.springframework.kafka.listener.KafkaMessageListenerContainer$ListenerConsumer.invokeIfHaveRecords(KafkaMessageListenerContainer.java:1351)
	at org.springframework.kafka.listener.KafkaMessageListenerContainer$ListenerConsumer.pollAndInvoke(KafkaMessageListenerContainer.java:1342)
	at org.springframework.kafka.listener.KafkaMessageListenerContainer$ListenerConsumer.run(KafkaMessageListenerContainer.java:1234)
	at java.base/java.util.concurrent.Executors$RunnableAdapter.call(Executors.java:515)
	at java.base/java.util.concurrent.FutureTask.run$$$capture(FutureTask.java:264)
	at java.base/java.util.concurrent.FutureTask.run(FutureTask.java)
	at java.base/java.lang.Thread.run(Thread.java:832)
	Suppressed: org.springframework.kafka.listener.ListenerExecutionFailedException: Restored Stack Trace
		at org.springframework.kafka.listener.adapter.MessagingMessageListenerAdapter.checkAckArg(MessagingMessageListenerAdapter.java:369)
		at org.springframework.kafka.listener.adapter.MessagingMessageListenerAdapter.invokeHandler(MessagingMessageListenerAdapter.java:355)
		at org.springframework.kafka.listener.adapter.RecordMessagingMessageListenerAdapter.onMessage(RecordMessagingMessageListenerAdapter.java:92)
		at org.springframework.kafka.listener.adapter.RecordMessagingMessageListenerAdapter.onMessage(RecordMessagingMessageListenerAdapter.java:53)
		at org.springframework.kafka.listener.KafkaMessageListenerContainer$ListenerConsumer.doInvokeOnMessage(KafkaMessageListenerContainer.java:2586)
Caused by: java.lang.IllegalStateException: No Acknowledgment available as an argument, the listener container must have a MANUAL AckMode to populate the Acknowledgment.
	at org.springframework.kafka.listener.adapter.MessagingMessageListenerAdapter.checkAckArg(MessagingMessageListenerAdapter.java:369)
	at org.springframework.kafka.listener.adapter.MessagingMessageListenerAdapter.invokeHandler(MessagingMessageListenerAdapter.java:355)
	at org.springframework.kafka.listener.adapter.RecordMessagingMessageListenerAdapter.onMessage(RecordMessagingMessageListenerAdapter.java:92)
	at org.springframework.kafka.listener.adapter.RecordMessagingMessageListenerAdapter.onMessage(RecordMessagingMessageListenerAdapter.java:53)
	at org.springframework.kafka.listener.KafkaMessageListenerContainer$ListenerConsumer.doInvokeOnMessage(KafkaMessageListenerContainer.java:2586)
	... 12 common frames omitted
Caused by: org.springframework.messaging.handler.annotation.support.MethodArgumentNotValidException: Could not resolve method parameter at index 1 in public void za.co.woolworths.itemkafka_poc.kafka.consumer.ItemConsumerService.listen(org.apache.kafka.clients.consumer.ConsumerRecord<java.lang.String, java.lang.String>,org.springframework.kafka.support.Acknowledgment): 1 error(s): [Error in object 'acknowledgment': codes []; arguments []; default message [Payload value must not be empty]] 
	at org.springframework.messaging.handler.annotation.support.PayloadMethodArgumentResolver.resolveArgument(PayloadMethodArgumentResolver.java:122)
	at org.springframework.kafka.annotation.KafkaNullAwarePayloadArgumentResolver.resolveArgument(KafkaNullAwarePayloadArgumentResolver.java:46)
	at org.springframework.messaging.handler.invocation.HandlerMethodArgumentResolverComposite.resolveArgument(HandlerMethodArgumentResolverComposite.java:118)
	at org.springframework.messaging.handler.invocation.InvocableHandlerMethod.getMethodArgumentValues(InvocableHandlerMethod.java:147)
	at org.springframework.messaging.handler.invocation.InvocableHandlerMethod.invoke(InvocableHandlerMethod.java:115)
	at org.springframework.kafka.listener.adapter.HandlerAdapter.invoke(HandlerAdapter.java:56)
	at org.springframework.kafka.listener.adapter.MessagingMessageListenerAdapter.invokeHandler(MessagingMessageListenerAdapter.java:347)
	... 15 common frames omitted

2025-01-13 16:20:06.748  INFO [org.apache.kafka.clients.consumer.KafkaConsumer:1585] [Consumer clientId=consumer-item_group-1, groupId=item_group] Seeking to offset 62 for partition Item_Topic-0 
2025-01-13 16:20:06.750  INFO [za.co.woolworths.itemkafka_poc.kafka.producer.ItemProducerService:39] *****Message sent successfully for itemId: 100039706***** 
2025-01-13 16:20:06.754 ERROR [org.springframework.kafka.listener.DefaultErrorHandler:149] Backoff none exhausted for Item_Topic-0@62 org.springframework.kafka.listener.ListenerExecutionFailedException: invokeHandler Failed; nested exception is java.lang.IllegalStateException: No Acknowledgment available as an argument, the listener container must have a MANUAL AckMode to populate the Acknowledgment.; nested exception is java.lang.IllegalStateException: No Acknowledgment available as an argument, the listener container must have a MANUAL AckMode to populate the Acknowledgment.
	at org.springframework.kafka.listener.KafkaMessageListenerContainer$ListenerConsumer.decorateException(KafkaMessageListenerContainer.java:2636)
	at org.springframework.kafka.listener.KafkaMessageListenerContainer$ListenerConsumer.doInvokeOnMessage(KafkaMessageListenerContainer.java:2606)
	at org.springframework.kafka.listener.KafkaMessageListenerContainer$ListenerConsumer.invokeOnMessage(KafkaMessageListenerContainer.java:2567)
	at org.springframework.kafka.listener.KafkaMessageListenerContainer$ListenerConsumer.doInvokeRecordListener(KafkaMessageListenerContainer.java:2481)
	at org.springframework.kafka.listener.KafkaMessageListenerContainer$ListenerConsumer.doInvokeWithRecords(KafkaMessageListenerContainer.java:2403)
	at org.springframework.kafka.listener.KafkaMessageListenerContainer$ListenerConsumer.invokeRecordListener(KafkaMessageListenerContainer.java:2282)
	at org.springframework.kafka.listener.KafkaMessageListenerContainer$ListenerConsumer.invokeListener(KafkaMessageListenerContainer.java:1956)
	at org.springframework.kafka.listener.KafkaMessageListenerContainer$ListenerConsumer.invokeIfHaveRecords(KafkaMessageListenerContainer.java:1351)
	at org.springframework.kafka.listener.KafkaMessageListenerContainer$ListenerConsumer.pollAndInvoke(KafkaMessageListenerContainer.java:1342)
	at org.springframework.kafka.listener.KafkaMessageListenerContainer$ListenerConsumer.run(KafkaMessageListenerContainer.java:1234)
	at java.base/java.util.concurrent.Executors$RunnableAdapter.call(Executors.java:515)
	at java.base/java.util.concurrent.FutureTask.run$$$capture(FutureTask.java:264)
	at java.base/java.util.concurrent.FutureTask.run(FutureTask.java)
	at java.base/java.lang.Thread.run(Thread.java:832)
	Suppressed: org.springframework.kafka.listener.ListenerExecutionFailedException: Restored Stack Trace
		at org.springframework.kafka.listener.adapter.MessagingMessageListenerAdapter.checkAckArg(MessagingMessageListenerAdapter.java:369)
		at org.springframework.kafka.listener.adapter.MessagingMessageListenerAdapter.invokeHandler(MessagingMessageListenerAdapter.java:355)
		at org.springframework.kafka.listener.adapter.RecordMessagingMessageListenerAdapter.onMessage(RecordMessagingMessageListenerAdapter.java:92)
		at org.springframework.kafka.listener.adapter.RecordMessagingMessageListenerAdapter.onMessage(RecordMessagingMessageListenerAdapter.java:53)
		at org.springframework.kafka.listener.KafkaMessageListenerContainer$ListenerConsumer.doInvokeOnMessage(KafkaMessageListenerContainer.java:2586)
Caused by: java.lang.IllegalStateException: No Acknowledgment available as an argument, the listener container must have a MANUAL AckMode to populate the Acknowledgment.
	at org.springframework.kafka.listener.adapter.MessagingMessageListenerAdapter.checkAckArg(MessagingMessageListenerAdapter.java:369)
	at org.springframework.kafka.listener.adapter.MessagingMessageListenerAdapter.invokeHandler(MessagingMessageListenerAdapter.java:355)
	at org.springframework.kafka.listener.adapter.RecordMessagingMessageListenerAdapter.onMessage(RecordMessagingMessageListenerAdapter.java:92)
	at org.springframework.kafka.listener.adapter.RecordMessagingMessageListenerAdapter.onMessage(RecordMessagingMessageListenerAdapter.java:53)
	at org.springframework.kafka.listener.KafkaMessageListenerContainer$ListenerConsumer.doInvokeOnMessage(KafkaMessageListenerContainer.java:2586)
	... 12 common frames omitted
Caused by: org.springframework.messaging.handler.annotation.support.MethodArgumentNotValidException: Could not resolve method parameter at index 1 in public void za.co.woolworths.itemkafka_poc.kafka.consumer.ItemConsumerService.listen(org.apache.kafka.clients.consumer.ConsumerRecord<java.lang.String, java.lang.String>,org.springframework.kafka.support.Acknowledgment): 1 error(s): [Error in object 'acknowledgment': codes []; arguments []; default message [Payload value must not be empty]] 
	at org.springframework.messaging.handler.annotation.support.PayloadMethodArgumentResolver.resolveArgument(PayloadMethodArgumentResolver.java:122)
	at org.springframework.kafka.annotation.KafkaNullAwarePayloadArgumentResolver.resolveArgument(KafkaNullAwarePayloadArgumentResolver.java:46)
	at org.springframework.messaging.handler.invocation.HandlerMethodArgumentResolverComposite.resolveArgument(HandlerMethodArgumentResolverComposite.java:118)
	at org.springframework.messaging.handler.invocation.InvocableHandlerMethod.getMethodArgumentValues(InvocableHandlerMethod.java:147)
	at org.springframework.messaging.handler.invocation.InvocableHandlerMethod.invoke(InvocableHandlerMethod.java:115)
	at org.springframework.kafka.listener.adapter.HandlerAdapter.invoke(HandlerAdapter.java:56)
	at org.springframework.kafka.listener.adapter.MessagingMessageListenerAdapter.invokeHandler(MessagingMessageListenerAdapter.java:347)
	... 15 common frames omitted

2025-01-13 16:20:06.754  INFO [org.apache.kafka.clients.consumer.KafkaConsumer:1585] [Consumer clientId=consumer-item_group-1, groupId=item_group] Seeking to offset 63 for partition Item_Topic-0 
2025-01-13 16:20:06.758  INFO [za.co.woolworths.itemkafka_poc.kafka.producer.ItemProducerService:39] *****Message sent successfully for itemId: 100039714***** 
2025-01-13 16:20:06.761 ERROR [org.springframework.kafka.listener.DefaultErrorHandler:149] Backoff none exhausted for Item_Topic-0@63 org.springframework.kafka.listener.ListenerExecutionFailedException: invokeHandler Failed; nested exception is java.lang.IllegalStateException: No Acknowledgment available as an argument, the listener container must have a MANUAL AckMode to populate the Acknowledgment.; nested exception is java.lang.IllegalStateException: No Acknowledgment available as an argument, the listener container must have a MANUAL AckMode to populate the Acknowledgment.
	at org.springframework.kafka.listener.KafkaMessageListenerContainer$ListenerConsumer.decorateException(KafkaMessageListenerContainer.java:2636)
	at org.springframework.kafka.listener.KafkaMessageListenerContainer$ListenerConsumer.doInvokeOnMessage(KafkaMessageListenerContainer.java:2606)
	at org.springframework.kafka.listener.KafkaMessageListenerContainer$ListenerConsumer.invokeOnMessage(KafkaMessageListenerContainer.java:2567)
	at org.springframework.kafka.listener.KafkaMessageListenerContainer$ListenerConsumer.doInvokeRecordListener(KafkaMessageListenerContainer.java:2481)
	at org.springframework.kafka.listener.KafkaMessageListenerContainer$ListenerConsumer.doInvokeWithRecords(KafkaMessageListenerContainer.java:2403)
	at org.springframework.kafka.listener.KafkaMessageListenerContainer$ListenerConsumer.invokeRecordListener(KafkaMessageListenerContainer.java:2282)
	at org.springframework.kafka.listener.KafkaMessageListenerContainer$ListenerConsumer.invokeListener(KafkaMessageListenerContainer.java:1956)
	at org.springframework.kafka.listener.KafkaMessageListenerContainer$ListenerConsumer.invokeIfHaveRecords(KafkaMessageListenerContainer.java:1351)
	at org.springframework.kafka.listener.KafkaMessageListenerContainer$ListenerConsumer.pollAndInvoke(KafkaMessageListenerContainer.java:1342)
	at org.springframework.kafka.listener.KafkaMessageListenerContainer$ListenerConsumer.run(KafkaMessageListenerContainer.java:1234)
	at java.base/java.util.concurrent.Executors$RunnableAdapter.call(Executors.java:515)
	at java.base/java.util.concurrent.FutureTask.run$$$capture(FutureTask.java:264)
	at java.base/java.util.concurrent.FutureTask.run(FutureTask.java)
	at java.base/java.lang.Thread.run(Thread.java:832)
	Suppressed: org.springframework.kafka.listener.ListenerExecutionFailedException: Restored Stack Trace
		at org.springframework.kafka.listener.adapter.MessagingMessageListenerAdapter.checkAckArg(MessagingMessageListenerAdapter.java:369)
		at org.springframework.kafka.listener.adapter.MessagingMessageListenerAdapter.invokeHandler(MessagingMessageListenerAdapter.java:355)
		at org.springframework.kafka.listener.adapter.RecordMessagingMessageListenerAdapter.onMessage(RecordMessagingMessageListenerAdapter.java:92)
		at org.springframework.kafka.listener.adapter.RecordMessagingMessageListenerAdapter.onMessage(RecordMessagingMessageListenerAdapter.java:53)
		at org.springframework.kafka.listener.KafkaMessageListenerContainer$ListenerConsumer.doInvokeOnMessage(KafkaMessageListenerContainer.java:2586)
Caused by: java.lang.IllegalStateException: No Acknowledgment available as an argument, the listener container must have a MANUAL AckMode to populate the Acknowledgment.
	at org.springframework.kafka.listener.adapter.MessagingMessageListenerAdapter.checkAckArg(MessagingMessageListenerAdapter.java:369)
	at org.springframework.kafka.listener.adapter.MessagingMessageListenerAdapter.invokeHandler(MessagingMessageListenerAdapter.java:355)
	at org.springframework.kafka.listener.adapter.RecordMessagingMessageListenerAdapter.onMessage(RecordMessagingMessageListenerAdapter.java:92)
	at org.springframework.kafka.listener.adapter.RecordMessagingMessageListenerAdapter.onMessage(RecordMessagingMessageListenerAdapter.java:53)
	at org.springframework.kafka.listener.KafkaMessageListenerContainer$ListenerConsumer.doInvokeOnMessage(KafkaMessageListenerContainer.java:2586)
	... 12 common frames omitted
Caused by: org.springframework.messaging.handler.annotation.support.MethodArgumentNotValidException: Could not resolve method parameter at index 1 in public void za.co.woolworths.itemkafka_poc.kafka.consumer.ItemConsumerService.listen(org.apache.kafka.clients.consumer.ConsumerRecord<java.lang.String, java.lang.String>,org.springframework.kafka.support.Acknowledgment): 1 error(s): [Error in object 'acknowledgment': codes []; arguments []; default message [Payload value must not be empty]] 
	at org.springframework.messaging.handler.annotation.support.PayloadMethodArgumentResolver.resolveArgument(PayloadMethodArgumentResolver.java:122)
	at org.springframework.kafka.annotation.KafkaNullAwarePayloadArgumentResolver.resolveArgument(KafkaNullAwarePayloadArgumentResolver.java:46)
	at org.springframework.messaging.handler.invocation.HandlerMethodArgumentResolverComposite.resolveArgument(HandlerMethodArgumentResolverComposite.java:118)
	at org.springframework.messaging.handler.invocation.InvocableHandlerMethod.getMethodArgumentValues(InvocableHandlerMethod.java:147)
	at org.springframework.messaging.handler.invocation.InvocableHandlerMethod.invoke(InvocableHandlerMethod.java:115)
	at org.springframework.kafka.listener.adapter.HandlerAdapter.invoke(HandlerAdapter.java:56)
	at org.springframework.kafka.listener.adapter.MessagingMessageListenerAdapter.invokeHandler(MessagingMessageListenerAdapter.java:347)
	... 15 common frames omitted

2025-01-13 16:20:06.762  INFO [org.apache.kafka.clients.consumer.KafkaConsumer:1585] [Consumer clientId=consumer-item_group-1, groupId=item_group] Seeking to offset 64 for partition Item_Topic-0 
2025-01-13 16:20:06.764  INFO [za.co.woolworths.itemkafka_poc.kafka.producer.ItemProducerService:39] *****Message sent successfully for itemId: 100039722***** 
2025-01-13 16:20:06.768 ERROR [org.springframework.kafka.listener.DefaultErrorHandler:149] Backoff none exhausted for Item_Topic-0@64 org.springframework.kafka.listener.ListenerExecutionFailedException: invokeHandler Failed; nested exception is java.lang.IllegalStateException: No Acknowledgment available as an argument, the listener container must have a MANUAL AckMode to populate the Acknowledgment.; nested exception is java.lang.IllegalStateException: No Acknowledgment available as an argument, the listener container must have a MANUAL AckMode to populate the Acknowledgment.
	at org.springframework.kafka.listener.KafkaMessageListenerContainer$ListenerConsumer.decorateException(KafkaMessageListenerContainer.java:2636)
	at org.springframework.kafka.listener.KafkaMessageListenerContainer$ListenerConsumer.doInvokeOnMessage(KafkaMessageListenerContainer.java:2606)
	at org.springframework.kafka.listener.KafkaMessageListenerContainer$ListenerConsumer.invokeOnMessage(KafkaMessageListenerContainer.java:2567)
	at org.springframework.kafka.listener.KafkaMessageListenerContainer$ListenerConsumer.doInvokeRecordListener(KafkaMessageListenerContainer.java:2481)
	at org.springframework.kafka.listener.KafkaMessageListenerContainer$ListenerConsumer.doInvokeWithRecords(KafkaMessageListenerContainer.java:2403)
	at org.springframework.kafka.listener.KafkaMessageListenerContainer$ListenerConsumer.invokeRecordListener(KafkaMessageListenerContainer.java:2282)
	at org.springframework.kafka.listener.KafkaMessageListenerContainer$ListenerConsumer.invokeListener(KafkaMessageListenerContainer.java:1956)
	at org.springframework.kafka.listener.KafkaMessageListenerContainer$ListenerConsumer.invokeIfHaveRecords(KafkaMessageListenerContainer.java:1351)
	at org.springframework.kafka.listener.KafkaMessageListenerContainer$ListenerConsumer.pollAndInvoke(KafkaMessageListenerContainer.java:1342)
	at org.springframework.kafka.listener.KafkaMessageListenerContainer$ListenerConsumer.run(KafkaMessageListenerContainer.java:1234)
	at java.base/java.util.concurrent.Executors$RunnableAdapter.call(Executors.java:515)
	at java.base/java.util.concurrent.FutureTask.run$$$capture(FutureTask.java:264)
	at java.base/java.util.concurrent.FutureTask.run(FutureTask.java)
	at java.base/java.lang.Thread.run(Thread.java:832)
	Suppressed: org.springframework.kafka.listener.ListenerExecutionFailedException: Restored Stack Trace
		at org.springframework.kafka.listener.adapter.MessagingMessageListenerAdapter.checkAckArg(MessagingMessageListenerAdapter.java:369)
		at org.springframework.kafka.listener.adapter.MessagingMessageListenerAdapter.invokeHandler(MessagingMessageListenerAdapter.java:355)
		at org.springframework.kafka.listener.adapter.RecordMessagingMessageListenerAdapter.onMessage(RecordMessagingMessageListenerAdapter.java:92)
		at org.springframework.kafka.listener.adapter.RecordMessagingMessageListenerAdapter.onMessage(RecordMessagingMessageListenerAdapter.java:53)
		at org.springframework.kafka.listener.KafkaMessageListenerContainer$ListenerConsumer.doInvokeOnMessage(KafkaMessageListenerContainer.java:2586)
Caused by: java.lang.IllegalStateException: No Acknowledgment available as an argument, the listener container must have a MANUAL AckMode to populate the Acknowledgment.
	at org.springframework.kafka.listener.adapter.MessagingMessageListenerAdapter.checkAckArg(MessagingMessageListenerAdapter.java:369)
	at org.springframework.kafka.listener.adapter.MessagingMessageListenerAdapter.invokeHandler(MessagingMessageListenerAdapter.java:355)
	at org.springframework.kafka.listener.adapter.RecordMessagingMessageListenerAdapter.onMessage(RecordMessagingMessageListenerAdapter.java:92)
	at org.springframework.kafka.listener.adapter.RecordMessagingMessageListenerAdapter.onMessage(RecordMessagingMessageListenerAdapter.java:53)
	at org.springframework.kafka.listener.KafkaMessageListenerContainer$ListenerConsumer.doInvokeOnMessage(KafkaMessageListenerContainer.java:2586)
	... 12 common frames omitted
Caused by: org.springframework.messaging.handler.annotation.support.MethodArgumentNotValidException: Could not resolve method parameter at index 1 in public void za.co.woolworths.itemkafka_poc.kafka.consumer.ItemConsumerService.listen(org.apache.kafka.clients.consumer.ConsumerRecord<java.lang.String, java.lang.String>,org.springframework.kafka.support.Acknowledgment): 1 error(s): [Error in object 'acknowledgment': codes []; arguments []; default message [Payload value must not be empty]] 
	at org.springframework.messaging.handler.annotation.support.PayloadMethodArgumentResolver.resolveArgument(PayloadMethodArgumentResolver.java:122)
	at org.springframework.kafka.annotation.KafkaNullAwarePayloadArgumentResolver.resolveArgument(KafkaNullAwarePayloadArgumentResolver.java:46)
	at org.springframework.messaging.handler.invocation.HandlerMethodArgumentResolverComposite.resolveArgument(HandlerMethodArgumentResolverComposite.java:118)
	at org.springframework.messaging.handler.invocation.InvocableHandlerMethod.getMethodArgumentValues(InvocableHandlerMethod.java:147)
	at org.springframework.messaging.handler.invocation.InvocableHandlerMethod.invoke(InvocableHandlerMethod.java:115)
	at org.springframework.kafka.listener.adapter.HandlerAdapter.invoke(HandlerAdapter.java:56)
	at org.springframework.kafka.listener.adapter.MessagingMessageListenerAdapter.invokeHandler(MessagingMessageListenerAdapter.java:347)
	... 15 common frames omitted

2025-01-13 16:20:06.769  INFO [org.apache.kafka.clients.consumer.KafkaConsumer:1585] [Consumer clientId=consumer-item_group-1, groupId=item_group] Seeking to offset 65 for partition Item_Topic-0 
2025-01-13 16:20:06.772  INFO [za.co.woolworths.itemkafka_poc.kafka.producer.ItemProducerService:39] *****Message sent successfully for itemId: 100039730***** 
2025-01-13 16:20:06.775 ERROR [org.springframework.kafka.listener.DefaultErrorHandler:149] Backoff none exhausted for Item_Topic-0@65 org.springframework.kafka.listener.ListenerExecutionFailedException: invokeHandler Failed; nested exception is java.lang.IllegalStateException: No Acknowledgment available as an argument, the listener container must have a MANUAL AckMode to populate the Acknowledgment.; nested exception is java.lang.IllegalStateException: No Acknowledgment available as an argument, the listener container must have a MANUAL AckMode to populate the Acknowledgment.
	at org.springframework.kafka.listener.KafkaMessageListenerContainer$ListenerConsumer.decorateException(KafkaMessageListenerContainer.java:2636)
	at org.springframework.kafka.listener.KafkaMessageListenerContainer$ListenerConsumer.doInvokeOnMessage(KafkaMessageListenerContainer.java:2606)
	at org.springframework.kafka.listener.KafkaMessageListenerContainer$ListenerConsumer.invokeOnMessage(KafkaMessageListenerContainer.java:2567)
	at org.springframework.kafka.listener.KafkaMessageListenerContainer$ListenerConsumer.doInvokeRecordListener(KafkaMessageListenerContainer.java:2481)
	at org.springframework.kafka.listener.KafkaMessageListenerContainer$ListenerConsumer.doInvokeWithRecords(KafkaMessageListenerContainer.java:2403)
	at org.springframework.kafka.listener.KafkaMessageListenerContainer$ListenerConsumer.invokeRecordListener(KafkaMessageListenerContainer.java:2282)
	at org.springframework.kafka.listener.KafkaMessageListenerContainer$ListenerConsumer.invokeListener(KafkaMessageListenerContainer.java:1956)
	at org.springframework.kafka.listener.KafkaMessageListenerContainer$ListenerConsumer.invokeIfHaveRecords(KafkaMessageListenerContainer.java:1351)
	at org.springframework.kafka.listener.KafkaMessageListenerContainer$ListenerConsumer.pollAndInvoke(KafkaMessageListenerContainer.java:1342)
	at org.springframework.kafka.listener.KafkaMessageListenerContainer$ListenerConsumer.run(KafkaMessageListenerContainer.java:1234)
	at java.base/java.util.concurrent.Executors$RunnableAdapter.call(Executors.java:515)
	at java.base/java.util.concurrent.FutureTask.run$$$capture(FutureTask.java:264)
	at java.base/java.util.concurrent.FutureTask.run(FutureTask.java)
	at java.base/java.lang.Thread.run(Thread.java:832)
	Suppressed: org.springframework.kafka.listener.ListenerExecutionFailedException: Restored Stack Trace
		at org.springframework.kafka.listener.adapter.MessagingMessageListenerAdapter.checkAckArg(MessagingMessageListenerAdapter.java:369)
		at org.springframework.kafka.listener.adapter.MessagingMessageListenerAdapter.invokeHandler(MessagingMessageListenerAdapter.java:355)
		at org.springframework.kafka.listener.adapter.RecordMessagingMessageListenerAdapter.onMessage(RecordMessagingMessageListenerAdapter.java:92)
		at org.springframework.kafka.listener.adapter.RecordMessagingMessageListenerAdapter.onMessage(RecordMessagingMessageListenerAdapter.java:53)
		at org.springframework.kafka.listener.KafkaMessageListenerContainer$ListenerConsumer.doInvokeOnMessage(KafkaMessageListenerContainer.java:2586)
Caused by: java.lang.IllegalStateException: No Acknowledgment available as an argument, the listener container must have a MANUAL AckMode to populate the Acknowledgment.
	at org.springframework.kafka.listener.adapter.MessagingMessageListenerAdapter.checkAckArg(MessagingMessageListenerAdapter.java:369)
	at org.springframework.kafka.listener.adapter.MessagingMessageListenerAdapter.invokeHandler(MessagingMessageListenerAdapter.java:355)
	at org.springframework.kafka.listener.adapter.RecordMessagingMessageListenerAdapter.onMessage(RecordMessagingMessageListenerAdapter.java:92)
	at org.springframework.kafka.listener.adapter.RecordMessagingMessageListenerAdapter.onMessage(RecordMessagingMessageListenerAdapter.java:53)
	at org.springframework.kafka.listener.KafkaMessageListenerContainer$ListenerConsumer.doInvokeOnMessage(KafkaMessageListenerContainer.java:2586)
	... 12 common frames omitted
Caused by: org.springframework.messaging.handler.annotation.support.MethodArgumentNotValidException: Could not resolve method parameter at index 1 in public void za.co.woolworths.itemkafka_poc.kafka.consumer.ItemConsumerService.listen(org.apache.kafka.clients.consumer.ConsumerRecord<java.lang.String, java.lang.String>,org.springframework.kafka.support.Acknowledgment): 1 error(s): [Error in object 'acknowledgment': codes []; arguments []; default message [Payload value must not be empty]] 
	at org.springframework.messaging.handler.annotation.support.PayloadMethodArgumentResolver.resolveArgument(PayloadMethodArgumentResolver.java:122)
	at org.springframework.kafka.annotation.KafkaNullAwarePayloadArgumentResolver.resolveArgument(KafkaNullAwarePayloadArgumentResolver.java:46)
	at org.springframework.messaging.handler.invocation.HandlerMethodArgumentResolverComposite.resolveArgument(HandlerMethodArgumentResolverComposite.java:118)
	at org.springframework.messaging.handler.invocation.InvocableHandlerMethod.getMethodArgumentValues(InvocableHandlerMethod.java:147)
	at org.springframework.messaging.handler.invocation.InvocableHandlerMethod.invoke(InvocableHandlerMethod.java:115)
	at org.springframework.kafka.listener.adapter.HandlerAdapter.invoke(HandlerAdapter.java:56)
	at org.springframework.kafka.listener.adapter.MessagingMessageListenerAdapter.invokeHandler(MessagingMessageListenerAdapter.java:347)
	... 15 common frames omitted

2025-01-13 16:20:06.776  INFO [org.apache.kafka.clients.consumer.KafkaConsumer:1585] [Consumer clientId=consumer-item_group-1, groupId=item_group] Seeking to offset 66 for partition Item_Topic-0 
2025-01-13 16:20:06.780  INFO [za.co.woolworths.itemkafka_poc.kafka.producer.ItemProducerService:39] *****Message sent successfully for itemId: 100039756***** 
2025-01-13 16:20:06.783 ERROR [org.springframework.kafka.listener.DefaultErrorHandler:149] Backoff none exhausted for Item_Topic-0@66 org.springframework.kafka.listener.ListenerExecutionFailedException: invokeHandler Failed; nested exception is java.lang.IllegalStateException: No Acknowledgment available as an argument, the listener container must have a MANUAL AckMode to populate the Acknowledgment.; nested exception is java.lang.IllegalStateException: No Acknowledgment available as an argument, the listener container must have a MANUAL AckMode to populate the Acknowledgment.
	at org.springframework.kafka.listener.KafkaMessageListenerContainer$ListenerConsumer.decorateException(KafkaMessageListenerContainer.java:2636)
	at org.springframework.kafka.listener.KafkaMessageListenerContainer$ListenerConsumer.doInvokeOnMessage(KafkaMessageListenerContainer.java:2606)
	at org.springframework.kafka.listener.KafkaMessageListenerContainer$ListenerConsumer.invokeOnMessage(KafkaMessageListenerContainer.java:2567)
	at org.springframework.kafka.listener.KafkaMessageListenerContainer$ListenerConsumer.doInvokeRecordListener(KafkaMessageListenerContainer.java:2481)
	at org.springframework.kafka.listener.KafkaMessageListenerContainer$ListenerConsumer.doInvokeWithRecords(KafkaMessageListenerContainer.java:2403)
	at org.springframework.kafka.listener.KafkaMessageListenerContainer$ListenerConsumer.invokeRecordListener(KafkaMessageListenerContainer.java:2282)
	at org.springframework.kafka.listener.KafkaMessageListenerContainer$ListenerConsumer.invokeListener(KafkaMessageListenerContainer.java:1956)
	at org.springframework.kafka.listener.KafkaMessageListenerContainer$ListenerConsumer.invokeIfHaveRecords(KafkaMessageListenerContainer.java:1351)
	at org.springframework.kafka.listener.KafkaMessageListenerContainer$ListenerConsumer.pollAndInvoke(KafkaMessageListenerContainer.java:1342)
	at org.springframework.kafka.listener.KafkaMessageListenerContainer$ListenerConsumer.run(KafkaMessageListenerContainer.java:1234)
	at java.base/java.util.concurrent.Executors$RunnableAdapter.call(Executors.java:515)
	at java.base/java.util.concurrent.FutureTask.run$$$capture(FutureTask.java:264)
	at java.base/java.util.concurrent.FutureTask.run(FutureTask.java)
	at java.base/java.lang.Thread.run(Thread.java:832)
	Suppressed: org.springframework.kafka.listener.ListenerExecutionFailedException: Restored Stack Trace
		at org.springframework.kafka.listener.adapter.MessagingMessageListenerAdapter.checkAckArg(MessagingMessageListenerAdapter.java:369)
		at org.springframework.kafka.listener.adapter.MessagingMessageListenerAdapter.invokeHandler(MessagingMessageListenerAdapter.java:355)
		at org.springframework.kafka.listener.adapter.RecordMessagingMessageListenerAdapter.onMessage(RecordMessagingMessageListenerAdapter.java:92)
		at org.springframework.kafka.listener.adapter.RecordMessagingMessageListenerAdapter.onMessage(RecordMessagingMessageListenerAdapter.java:53)
		at org.springframework.kafka.listener.KafkaMessageListenerContainer$ListenerConsumer.doInvokeOnMessage(KafkaMessageListenerContainer.java:2586)
Caused by: java.lang.IllegalStateException: No Acknowledgment available as an argument, the listener container must have a MANUAL AckMode to populate the Acknowledgment.
	at org.springframework.kafka.listener.adapter.MessagingMessageListenerAdapter.checkAckArg(MessagingMessageListenerAdapter.java:369)
	at org.springframework.kafka.listener.adapter.MessagingMessageListenerAdapter.invokeHandler(MessagingMessageListenerAdapter.java:355)
	at org.springframework.kafka.listener.adapter.RecordMessagingMessageListenerAdapter.onMessage(RecordMessagingMessageListenerAdapter.java:92)
	at org.springframework.kafka.listener.adapter.RecordMessagingMessageListenerAdapter.onMessage(RecordMessagingMessageListenerAdapter.java:53)
	at org.springframework.kafka.listener.KafkaMessageListenerContainer$ListenerConsumer.doInvokeOnMessage(KafkaMessageListenerContainer.java:2586)
	... 12 common frames omitted
Caused by: org.springframework.messaging.handler.annotation.support.MethodArgumentNotValidException: Could not resolve method parameter at index 1 in public void za.co.woolworths.itemkafka_poc.kafka.consumer.ItemConsumerService.listen(org.apache.kafka.clients.consumer.ConsumerRecord<java.lang.String, java.lang.String>,org.springframework.kafka.support.Acknowledgment): 1 error(s): [Error in object 'acknowledgment': codes []; arguments []; default message [Payload value must not be empty]] 
	at org.springframework.messaging.handler.annotation.support.PayloadMethodArgumentResolver.resolveArgument(PayloadMethodArgumentResolver.java:122)
	at org.springframework.kafka.annotation.KafkaNullAwarePayloadArgumentResolver.resolveArgument(KafkaNullAwarePayloadArgumentResolver.java:46)
	at org.springframework.messaging.handler.invocation.HandlerMethodArgumentResolverComposite.resolveArgument(HandlerMethodArgumentResolverComposite.java:118)
	at org.springframework.messaging.handler.invocation.InvocableHandlerMethod.getMethodArgumentValues(InvocableHandlerMethod.java:147)
	at org.springframework.messaging.handler.invocation.InvocableHandlerMethod.invoke(InvocableHandlerMethod.java:115)
	at org.springframework.kafka.listener.adapter.HandlerAdapter.invoke(HandlerAdapter.java:56)
	at org.springframework.kafka.listener.adapter.MessagingMessageListenerAdapter.invokeHandler(MessagingMessageListenerAdapter.java:347)
	... 15 common frames omitted

2025-01-13 16:20:06.783  INFO [org.apache.kafka.clients.consumer.KafkaConsumer:1585] [Consumer clientId=consumer-item_group-1, groupId=item_group] Seeking to offset 67 for partition Item_Topic-0 
2025-01-13 16:20:06.786  INFO [za.co.woolworths.itemkafka_poc.kafka.producer.ItemProducerService:39] *****Message sent successfully for itemId: 100039764***** 
2025-01-13 16:20:06.790 ERROR [org.springframework.kafka.listener.DefaultErrorHandler:149] Backoff none exhausted for Item_Topic-0@67 org.springframework.kafka.listener.ListenerExecutionFailedException: invokeHandler Failed; nested exception is java.lang.IllegalStateException: No Acknowledgment available as an argument, the listener container must have a MANUAL AckMode to populate the Acknowledgment.; nested exception is java.lang.IllegalStateException: No Acknowledgment available as an argument, the listener container must have a MANUAL AckMode to populate the Acknowledgment.
	at org.springframework.kafka.listener.KafkaMessageListenerContainer$ListenerConsumer.decorateException(KafkaMessageListenerContainer.java:2636)
	at org.springframework.kafka.listener.KafkaMessageListenerContainer$ListenerConsumer.doInvokeOnMessage(KafkaMessageListenerContainer.java:2606)
	at org.springframework.kafka.listener.KafkaMessageListenerContainer$ListenerConsumer.invokeOnMessage(KafkaMessageListenerContainer.java:2567)
	at org.springframework.kafka.listener.KafkaMessageListenerContainer$ListenerConsumer.doInvokeRecordListener(KafkaMessageListenerContainer.java:2481)
	at org.springframework.kafka.listener.KafkaMessageListenerContainer$ListenerConsumer.doInvokeWithRecords(KafkaMessageListenerContainer.java:2403)
	at org.springframework.kafka.listener.KafkaMessageListenerContainer$ListenerConsumer.invokeRecordListener(KafkaMessageListenerContainer.java:2282)
	at org.springframework.kafka.listener.KafkaMessageListenerContainer$ListenerConsumer.invokeListener(KafkaMessageListenerContainer.java:1956)
	at org.springframework.kafka.listener.KafkaMessageListenerContainer$ListenerConsumer.invokeIfHaveRecords(KafkaMessageListenerContainer.java:1351)
	at org.springframework.kafka.listener.KafkaMessageListenerContainer$ListenerConsumer.pollAndInvoke(KafkaMessageListenerContainer.java:1342)
	at org.springframework.kafka.listener.KafkaMessageListenerContainer$ListenerConsumer.run(KafkaMessageListenerContainer.java:1234)
	at java.base/java.util.concurrent.Executors$RunnableAdapter.call(Executors.java:515)
	at java.base/java.util.concurrent.FutureTask.run$$$capture(FutureTask.java:264)
	at java.base/java.util.concurrent.FutureTask.run(FutureTask.java)
	at java.base/java.lang.Thread.run(Thread.java:832)
	Suppressed: org.springframework.kafka.listener.ListenerExecutionFailedException: Restored Stack Trace
		at org.springframework.kafka.listener.adapter.MessagingMessageListenerAdapter.checkAckArg(MessagingMessageListenerAdapter.java:369)
		at org.springframework.kafka.listener.adapter.MessagingMessageListenerAdapter.invokeHandler(MessagingMessageListenerAdapter.java:355)
		at org.springframework.kafka.listener.adapter.RecordMessagingMessageListenerAdapter.onMessage(RecordMessagingMessageListenerAdapter.java:92)
		at org.springframework.kafka.listener.adapter.RecordMessagingMessageListenerAdapter.onMessage(RecordMessagingMessageListenerAdapter.java:53)
		at org.springframework.kafka.listener.KafkaMessageListenerContainer$ListenerConsumer.doInvokeOnMessage(KafkaMessageListenerContainer.java:2586)
Caused by: java.lang.IllegalStateException: No Acknowledgment available as an argument, the listener container must have a MANUAL AckMode to populate the Acknowledgment.
	at org.springframework.kafka.listener.adapter.MessagingMessageListenerAdapter.checkAckArg(MessagingMessageListenerAdapter.java:369)
	at org.springframework.kafka.listener.adapter.MessagingMessageListenerAdapter.invokeHandler(MessagingMessageListenerAdapter.java:355)
	at org.springframework.kafka.listener.adapter.RecordMessagingMessageListenerAdapter.onMessage(RecordMessagingMessageListenerAdapter.java:92)
	at org.springframework.kafka.listener.adapter.RecordMessagingMessageListenerAdapter.onMessage(RecordMessagingMessageListenerAdapter.java:53)
	at org.springframework.kafka.listener.KafkaMessageListenerContainer$ListenerConsumer.doInvokeOnMessage(KafkaMessageListenerContainer.java:2586)
	... 12 common frames omitted
Caused by: org.springframework.messaging.handler.annotation.support.MethodArgumentNotValidException: Could not resolve method parameter at index 1 in public void za.co.woolworths.itemkafka_poc.kafka.consumer.ItemConsumerService.listen(org.apache.kafka.clients.consumer.ConsumerRecord<java.lang.String, java.lang.String>,org.springframework.kafka.support.Acknowledgment): 1 error(s): [Error in object 'acknowledgment': codes []; arguments []; default message [Payload value must not be empty]] 
	at org.springframework.messaging.handler.annotation.support.PayloadMethodArgumentResolver.resolveArgument(PayloadMethodArgumentResolver.java:122)
	at org.springframework.kafka.annotation.KafkaNullAwarePayloadArgumentResolver.resolveArgument(KafkaNullAwarePayloadArgumentResolver.java:46)
	at org.springframework.messaging.handler.invocation.HandlerMethodArgumentResolverComposite.resolveArgument(HandlerMethodArgumentResolverComposite.java:118)
	at org.springframework.messaging.handler.invocation.InvocableHandlerMethod.getMethodArgumentValues(InvocableHandlerMethod.java:147)
	at org.springframework.messaging.handler.invocation.InvocableHandlerMethod.invoke(InvocableHandlerMethod.java:115)
	at org.springframework.kafka.listener.adapter.HandlerAdapter.invoke(HandlerAdapter.java:56)
	at org.springframework.kafka.listener.adapter.MessagingMessageListenerAdapter.invokeHandler(MessagingMessageListenerAdapter.java:347)
	... 15 common frames omitted

2025-01-13 16:20:06.790  INFO [org.apache.kafka.clients.consumer.KafkaConsumer:1585] [Consumer clientId=consumer-item_group-1, groupId=item_group] Seeking to offset 68 for partition Item_Topic-0 
2025-01-13 16:20:06.793  INFO [za.co.woolworths.itemkafka_poc.kafka.producer.ItemProducerService:39] *****Message sent successfully for itemId: 100039772***** 
2025-01-13 16:20:06.796 ERROR [org.springframework.kafka.listener.DefaultErrorHandler:149] Backoff none exhausted for Item_Topic-0@68 org.springframework.kafka.listener.ListenerExecutionFailedException: invokeHandler Failed; nested exception is java.lang.IllegalStateException: No Acknowledgment available as an argument, the listener container must have a MANUAL AckMode to populate the Acknowledgment.; nested exception is java.lang.IllegalStateException: No Acknowledgment available as an argument, the listener container must have a MANUAL AckMode to populate the Acknowledgment.
	at org.springframework.kafka.listener.KafkaMessageListenerContainer$ListenerConsumer.decorateException(KafkaMessageListenerContainer.java:2636)
	at org.springframework.kafka.listener.KafkaMessageListenerContainer$ListenerConsumer.doInvokeOnMessage(KafkaMessageListenerContainer.java:2606)
	at org.springframework.kafka.listener.KafkaMessageListenerContainer$ListenerConsumer.invokeOnMessage(KafkaMessageListenerContainer.java:2567)
	at org.springframework.kafka.listener.KafkaMessageListenerContainer$ListenerConsumer.doInvokeRecordListener(KafkaMessageListenerContainer.java:2481)
	at org.springframework.kafka.listener.KafkaMessageListenerContainer$ListenerConsumer.doInvokeWithRecords(KafkaMessageListenerContainer.java:2403)
	at org.springframework.kafka.listener.KafkaMessageListenerContainer$ListenerConsumer.invokeRecordListener(KafkaMessageListenerContainer.java:2282)
	at org.springframework.kafka.listener.KafkaMessageListenerContainer$ListenerConsumer.invokeListener(KafkaMessageListenerContainer.java:1956)
	at org.springframework.kafka.listener.KafkaMessageListenerContainer$ListenerConsumer.invokeIfHaveRecords(KafkaMessageListenerContainer.java:1351)
	at org.springframework.kafka.listener.KafkaMessageListenerContainer$ListenerConsumer.pollAndInvoke(KafkaMessageListenerContainer.java:1342)
	at org.springframework.kafka.listener.KafkaMessageListenerContainer$ListenerConsumer.run(KafkaMessageListenerContainer.java:1234)
	at java.base/java.util.concurrent.Executors$RunnableAdapter.call(Executors.java:515)
	at java.base/java.util.concurrent.FutureTask.run$$$capture(FutureTask.java:264)
	at java.base/java.util.concurrent.FutureTask.run(FutureTask.java)
	at java.base/java.lang.Thread.run(Thread.java:832)
	Suppressed: org.springframework.kafka.listener.ListenerExecutionFailedException: Restored Stack Trace
		at org.springframework.kafka.listener.adapter.MessagingMessageListenerAdapter.checkAckArg(MessagingMessageListenerAdapter.java:369)
		at org.springframework.kafka.listener.adapter.MessagingMessageListenerAdapter.invokeHandler(MessagingMessageListenerAdapter.java:355)
		at org.springframework.kafka.listener.adapter.RecordMessagingMessageListenerAdapter.onMessage(RecordMessagingMessageListenerAdapter.java:92)
		at org.springframework.kafka.listener.adapter.RecordMessagingMessageListenerAdapter.onMessage(RecordMessagingMessageListenerAdapter.java:53)
		at org.springframework.kafka.listener.KafkaMessageListenerContainer$ListenerConsumer.doInvokeOnMessage(KafkaMessageListenerContainer.java:2586)
Caused by: java.lang.IllegalStateException: No Acknowledgment available as an argument, the listener container must have a MANUAL AckMode to populate the Acknowledgment.
	at org.springframework.kafka.listener.adapter.MessagingMessageListenerAdapter.checkAckArg(MessagingMessageListenerAdapter.java:369)
	at org.springframework.kafka.listener.adapter.MessagingMessageListenerAdapter.invokeHandler(MessagingMessageListenerAdapter.java:355)
	at org.springframework.kafka.listener.adapter.RecordMessagingMessageListenerAdapter.onMessage(RecordMessagingMessageListenerAdapter.java:92)
	at org.springframework.kafka.listener.adapter.RecordMessagingMessageListenerAdapter.onMessage(RecordMessagingMessageListenerAdapter.java:53)
	at org.springframework.kafka.listener.KafkaMessageListenerContainer$ListenerConsumer.doInvokeOnMessage(KafkaMessageListenerContainer.java:2586)
	... 12 common frames omitted
Caused by: org.springframework.messaging.handler.annotation.support.MethodArgumentNotValidException: Could not resolve method parameter at index 1 in public void za.co.woolworths.itemkafka_poc.kafka.consumer.ItemConsumerService.listen(org.apache.kafka.clients.consumer.ConsumerRecord<java.lang.String, java.lang.String>,org.springframework.kafka.support.Acknowledgment): 1 error(s): [Error in object 'acknowledgment': codes []; arguments []; default message [Payload value must not be empty]] 
	at org.springframework.messaging.handler.annotation.support.PayloadMethodArgumentResolver.resolveArgument(PayloadMethodArgumentResolver.java:122)
	at org.springframework.kafka.annotation.KafkaNullAwarePayloadArgumentResolver.resolveArgument(KafkaNullAwarePayloadArgumentResolver.java:46)
	at org.springframework.messaging.handler.invocation.HandlerMethodArgumentResolverComposite.resolveArgument(HandlerMethodArgumentResolverComposite.java:118)
	at org.springframework.messaging.handler.invocation.InvocableHandlerMethod.getMethodArgumentValues(InvocableHandlerMethod.java:147)
	at org.springframework.messaging.handler.invocation.InvocableHandlerMethod.invoke(InvocableHandlerMethod.java:115)
	at org.springframework.kafka.listener.adapter.HandlerAdapter.invoke(HandlerAdapter.java:56)
	at org.springframework.kafka.listener.adapter.MessagingMessageListenerAdapter.invokeHandler(MessagingMessageListenerAdapter.java:347)
	... 15 common frames omitted

2025-01-13 16:20:06.796  INFO [org.apache.kafka.clients.consumer.KafkaConsumer:1585] [Consumer clientId=consumer-item_group-1, groupId=item_group] Seeking to offset 69 for partition Item_Topic-0 
2025-01-13 16:20:06.799  INFO [za.co.woolworths.itemkafka_poc.kafka.producer.ItemProducerService:39] *****Message sent successfully for itemId: 100039780***** 
2025-01-13 16:20:06.803 ERROR [org.springframework.kafka.listener.DefaultErrorHandler:149] Backoff none exhausted for Item_Topic-0@69 org.springframework.kafka.listener.ListenerExecutionFailedException: invokeHandler Failed; nested exception is java.lang.IllegalStateException: No Acknowledgment available as an argument, the listener container must have a MANUAL AckMode to populate the Acknowledgment.; nested exception is java.lang.IllegalStateException: No Acknowledgment available as an argument, the listener container must have a MANUAL AckMode to populate the Acknowledgment.
	at org.springframework.kafka.listener.KafkaMessageListenerContainer$ListenerConsumer.decorateException(KafkaMessageListenerContainer.java:2636)
	at org.springframework.kafka.listener.KafkaMessageListenerContainer$ListenerConsumer.doInvokeOnMessage(KafkaMessageListenerContainer.java:2606)
	at org.springframework.kafka.listener.KafkaMessageListenerContainer$ListenerConsumer.invokeOnMessage(KafkaMessageListenerContainer.java:2567)
	at org.springframework.kafka.listener.KafkaMessageListenerContainer$ListenerConsumer.doInvokeRecordListener(KafkaMessageListenerContainer.java:2481)
	at org.springframework.kafka.listener.KafkaMessageListenerContainer$ListenerConsumer.doInvokeWithRecords(KafkaMessageListenerContainer.java:2403)
	at org.springframework.kafka.listener.KafkaMessageListenerContainer$ListenerConsumer.invokeRecordListener(KafkaMessageListenerContainer.java:2282)
	at org.springframework.kafka.listener.KafkaMessageListenerContainer$ListenerConsumer.invokeListener(KafkaMessageListenerContainer.java:1956)
	at org.springframework.kafka.listener.KafkaMessageListenerContainer$ListenerConsumer.invokeIfHaveRecords(KafkaMessageListenerContainer.java:1351)
	at org.springframework.kafka.listener.KafkaMessageListenerContainer$ListenerConsumer.pollAndInvoke(KafkaMessageListenerContainer.java:1342)
	at org.springframework.kafka.listener.KafkaMessageListenerContainer$ListenerConsumer.run(KafkaMessageListenerContainer.java:1234)
	at java.base/java.util.concurrent.Executors$RunnableAdapter.call(Executors.java:515)
	at java.base/java.util.concurrent.FutureTask.run$$$capture(FutureTask.java:264)
	at java.base/java.util.concurrent.FutureTask.run(FutureTask.java)
	at java.base/java.lang.Thread.run(Thread.java:832)
	Suppressed: org.springframework.kafka.listener.ListenerExecutionFailedException: Restored Stack Trace
		at org.springframework.kafka.listener.adapter.MessagingMessageListenerAdapter.checkAckArg(MessagingMessageListenerAdapter.java:369)
		at org.springframework.kafka.listener.adapter.MessagingMessageListenerAdapter.invokeHandler(MessagingMessageListenerAdapter.java:355)
		at org.springframework.kafka.listener.adapter.RecordMessagingMessageListenerAdapter.onMessage(RecordMessagingMessageListenerAdapter.java:92)
		at org.springframework.kafka.listener.adapter.RecordMessagingMessageListenerAdapter.onMessage(RecordMessagingMessageListenerAdapter.java:53)
		at org.springframework.kafka.listener.KafkaMessageListenerContainer$ListenerConsumer.doInvokeOnMessage(KafkaMessageListenerContainer.java:2586)
Caused by: java.lang.IllegalStateException: No Acknowledgment available as an argument, the listener container must have a MANUAL AckMode to populate the Acknowledgment.
	at org.springframework.kafka.listener.adapter.MessagingMessageListenerAdapter.checkAckArg(MessagingMessageListenerAdapter.java:369)
	at org.springframework.kafka.listener.adapter.MessagingMessageListenerAdapter.invokeHandler(MessagingMessageListenerAdapter.java:355)
	at org.springframework.kafka.listener.adapter.RecordMessagingMessageListenerAdapter.onMessage(RecordMessagingMessageListenerAdapter.java:92)
	at org.springframework.kafka.listener.adapter.RecordMessagingMessageListenerAdapter.onMessage(RecordMessagingMessageListenerAdapter.java:53)
	at org.springframework.kafka.listener.KafkaMessageListenerContainer$ListenerConsumer.doInvokeOnMessage(KafkaMessageListenerContainer.java:2586)
	... 12 common frames omitted
Caused by: org.springframework.messaging.handler.annotation.support.MethodArgumentNotValidException: Could not resolve method parameter at index 1 in public void za.co.woolworths.itemkafka_poc.kafka.consumer.ItemConsumerService.listen(org.apache.kafka.clients.consumer.ConsumerRecord<java.lang.String, java.lang.String>,org.springframework.kafka.support.Acknowledgment): 1 error(s): [Error in object 'acknowledgment': codes []; arguments []; default message [Payload value must not be empty]] 
	at org.springframework.messaging.handler.annotation.support.PayloadMethodArgumentResolver.resolveArgument(PayloadMethodArgumentResolver.java:122)
	at org.springframework.kafka.annotation.KafkaNullAwarePayloadArgumentResolver.resolveArgument(KafkaNullAwarePayloadArgumentResolver.java:46)
	at org.springframework.messaging.handler.invocation.HandlerMethodArgumentResolverComposite.resolveArgument(HandlerMethodArgumentResolverComposite.java:118)
	at org.springframework.messaging.handler.invocation.InvocableHandlerMethod.getMethodArgumentValues(InvocableHandlerMethod.java:147)
	at org.springframework.messaging.handler.invocation.InvocableHandlerMethod.invoke(InvocableHandlerMethod.java:115)
	at org.springframework.kafka.listener.adapter.HandlerAdapter.invoke(HandlerAdapter.java:56)
	at org.springframework.kafka.listener.adapter.MessagingMessageListenerAdapter.invokeHandler(MessagingMessageListenerAdapter.java:347)
	... 15 common frames omitted

2025-01-13 16:20:06.803  INFO [org.apache.kafka.clients.consumer.KafkaConsumer:1585] [Consumer clientId=consumer-item_group-1, groupId=item_group] Seeking to offset 70 for partition Item_Topic-0 
2025-01-13 16:20:06.806  INFO [za.co.woolworths.itemkafka_poc.kafka.producer.ItemProducerService:39] *****Message sent successfully for itemId: 100040622***** 
2025-01-13 16:20:06.809 ERROR [org.springframework.kafka.listener.DefaultErrorHandler:149] Backoff none exhausted for Item_Topic-0@70 org.springframework.kafka.listener.ListenerExecutionFailedException: invokeHandler Failed; nested exception is java.lang.IllegalStateException: No Acknowledgment available as an argument, the listener container must have a MANUAL AckMode to populate the Acknowledgment.; nested exception is java.lang.IllegalStateException: No Acknowledgment available as an argument, the listener container must have a MANUAL AckMode to populate the Acknowledgment.
	at org.springframework.kafka.listener.KafkaMessageListenerContainer$ListenerConsumer.decorateException(KafkaMessageListenerContainer.java:2636)
	at org.springframework.kafka.listener.KafkaMessageListenerContainer$ListenerConsumer.doInvokeOnMessage(KafkaMessageListenerContainer.java:2606)
	at org.springframework.kafka.listener.KafkaMessageListenerContainer$ListenerConsumer.invokeOnMessage(KafkaMessageListenerContainer.java:2567)
	at org.springframework.kafka.listener.KafkaMessageListenerContainer$ListenerConsumer.doInvokeRecordListener(KafkaMessageListenerContainer.java:2481)
	at org.springframework.kafka.listener.KafkaMessageListenerContainer$ListenerConsumer.doInvokeWithRecords(KafkaMessageListenerContainer.java:2403)
	at org.springframework.kafka.listener.KafkaMessageListenerContainer$ListenerConsumer.invokeRecordListener(KafkaMessageListenerContainer.java:2282)
	at org.springframework.kafka.listener.KafkaMessageListenerContainer$ListenerConsumer.invokeListener(KafkaMessageListenerContainer.java:1956)
	at org.springframework.kafka.listener.KafkaMessageListenerContainer$ListenerConsumer.invokeIfHaveRecords(KafkaMessageListenerContainer.java:1351)
	at org.springframework.kafka.listener.KafkaMessageListenerContainer$ListenerConsumer.pollAndInvoke(KafkaMessageListenerContainer.java:1342)
	at org.springframework.kafka.listener.KafkaMessageListenerContainer$ListenerConsumer.run(KafkaMessageListenerContainer.java:1234)
	at java.base/java.util.concurrent.Executors$RunnableAdapter.call(Executors.java:515)
	at java.base/java.util.concurrent.FutureTask.run$$$capture(FutureTask.java:264)
	at java.base/java.util.concurrent.FutureTask.run(FutureTask.java)
	at java.base/java.lang.Thread.run(Thread.java:832)
	Suppressed: org.springframework.kafka.listener.ListenerExecutionFailedException: Restored Stack Trace
		at org.springframework.kafka.listener.adapter.MessagingMessageListenerAdapter.checkAckArg(MessagingMessageListenerAdapter.java:369)
		at org.springframework.kafka.listener.adapter.MessagingMessageListenerAdapter.invokeHandler(MessagingMessageListenerAdapter.java:355)
		at org.springframework.kafka.listener.adapter.RecordMessagingMessageListenerAdapter.onMessage(RecordMessagingMessageListenerAdapter.java:92)
		at org.springframework.kafka.listener.adapter.RecordMessagingMessageListenerAdapter.onMessage(RecordMessagingMessageListenerAdapter.java:53)
		at org.springframework.kafka.listener.KafkaMessageListenerContainer$ListenerConsumer.doInvokeOnMessage(KafkaMessageListenerContainer.java:2586)
Caused by: java.lang.IllegalStateException: No Acknowledgment available as an argument, the listener container must have a MANUAL AckMode to populate the Acknowledgment.
	at org.springframework.kafka.listener.adapter.MessagingMessageListenerAdapter.checkAckArg(MessagingMessageListenerAdapter.java:369)
	at org.springframework.kafka.listener.adapter.MessagingMessageListenerAdapter.invokeHandler(MessagingMessageListenerAdapter.java:355)
	at org.springframework.kafka.listener.adapter.RecordMessagingMessageListenerAdapter.onMessage(RecordMessagingMessageListenerAdapter.java:92)
	at org.springframework.kafka.listener.adapter.RecordMessagingMessageListenerAdapter.onMessage(RecordMessagingMessageListenerAdapter.java:53)
	at org.springframework.kafka.listener.KafkaMessageListenerContainer$ListenerConsumer.doInvokeOnMessage(KafkaMessageListenerContainer.java:2586)
	... 12 common frames omitted
Caused by: org.springframework.messaging.handler.annotation.support.MethodArgumentNotValidException: Could not resolve method parameter at index 1 in public void za.co.woolworths.itemkafka_poc.kafka.consumer.ItemConsumerService.listen(org.apache.kafka.clients.consumer.ConsumerRecord<java.lang.String, java.lang.String>,org.springframework.kafka.support.Acknowledgment): 1 error(s): [Error in object 'acknowledgment': codes []; arguments []; default message [Payload value must not be empty]] 
	at org.springframework.messaging.handler.annotation.support.PayloadMethodArgumentResolver.resolveArgument(PayloadMethodArgumentResolver.java:122)
	at org.springframework.kafka.annotation.KafkaNullAwarePayloadArgumentResolver.resolveArgument(KafkaNullAwarePayloadArgumentResolver.java:46)
	at org.springframework.messaging.handler.invocation.HandlerMethodArgumentResolverComposite.resolveArgument(HandlerMethodArgumentResolverComposite.java:118)
	at org.springframework.messaging.handler.invocation.InvocableHandlerMethod.getMethodArgumentValues(InvocableHandlerMethod.java:147)
	at org.springframework.messaging.handler.invocation.InvocableHandlerMethod.invoke(InvocableHandlerMethod.java:115)
	at org.springframework.kafka.listener.adapter.HandlerAdapter.invoke(HandlerAdapter.java:56)
	at org.springframework.kafka.listener.adapter.MessagingMessageListenerAdapter.invokeHandler(MessagingMessageListenerAdapter.java:347)
	... 15 common frames omitted

2025-01-13 16:20:06.809  INFO [org.apache.kafka.clients.consumer.KafkaConsumer:1585] [Consumer clientId=consumer-item_group-1, groupId=item_group] Seeking to offset 71 for partition Item_Topic-0 
2025-01-13 16:20:06.812  INFO [za.co.woolworths.itemkafka_poc.kafka.producer.ItemProducerService:39] *****Message sent successfully for itemId: 100040630***** 
2025-01-13 16:20:06.816 ERROR [org.springframework.kafka.listener.DefaultErrorHandler:149] Backoff none exhausted for Item_Topic-0@71 org.springframework.kafka.listener.ListenerExecutionFailedException: invokeHandler Failed; nested exception is java.lang.IllegalStateException: No Acknowledgment available as an argument, the listener container must have a MANUAL AckMode to populate the Acknowledgment.; nested exception is java.lang.IllegalStateException: No Acknowledgment available as an argument, the listener container must have a MANUAL AckMode to populate the Acknowledgment.
	at org.springframework.kafka.listener.KafkaMessageListenerContainer$ListenerConsumer.decorateException(KafkaMessageListenerContainer.java:2636)
	at org.springframework.kafka.listener.KafkaMessageListenerContainer$ListenerConsumer.doInvokeOnMessage(KafkaMessageListenerContainer.java:2606)
	at org.springframework.kafka.listener.KafkaMessageListenerContainer$ListenerConsumer.invokeOnMessage(KafkaMessageListenerContainer.java:2567)
	at org.springframework.kafka.listener.KafkaMessageListenerContainer$ListenerConsumer.doInvokeRecordListener(KafkaMessageListenerContainer.java:2481)
	at org.springframework.kafka.listener.KafkaMessageListenerContainer$ListenerConsumer.doInvokeWithRecords(KafkaMessageListenerContainer.java:2403)
	at org.springframework.kafka.listener.KafkaMessageListenerContainer$ListenerConsumer.invokeRecordListener(KafkaMessageListenerContainer.java:2282)
	at org.springframework.kafka.listener.KafkaMessageListenerContainer$ListenerConsumer.invokeListener(KafkaMessageListenerContainer.java:1956)
	at org.springframework.kafka.listener.KafkaMessageListenerContainer$ListenerConsumer.invokeIfHaveRecords(KafkaMessageListenerContainer.java:1351)
	at org.springframework.kafka.listener.KafkaMessageListenerContainer$ListenerConsumer.pollAndInvoke(KafkaMessageListenerContainer.java:1342)
	at org.springframework.kafka.listener.KafkaMessageListenerContainer$ListenerConsumer.run(KafkaMessageListenerContainer.java:1234)
	at java.base/java.util.concurrent.Executors$RunnableAdapter.call(Executors.java:515)
	at java.base/java.util.concurrent.FutureTask.run$$$capture(FutureTask.java:264)
	at java.base/java.util.concurrent.FutureTask.run(FutureTask.java)
	at java.base/java.lang.Thread.run(Thread.java:832)
	Suppressed: org.springframework.kafka.listener.ListenerExecutionFailedException: Restored Stack Trace
		at org.springframework.kafka.listener.adapter.MessagingMessageListenerAdapter.checkAckArg(MessagingMessageListenerAdapter.java:369)
		at org.springframework.kafka.listener.adapter.MessagingMessageListenerAdapter.invokeHandler(MessagingMessageListenerAdapter.java:355)
		at org.springframework.kafka.listener.adapter.RecordMessagingMessageListenerAdapter.onMessage(RecordMessagingMessageListenerAdapter.java:92)
		at org.springframework.kafka.listener.adapter.RecordMessagingMessageListenerAdapter.onMessage(RecordMessagingMessageListenerAdapter.java:53)
		at org.springframework.kafka.listener.KafkaMessageListenerContainer$ListenerConsumer.doInvokeOnMessage(KafkaMessageListenerContainer.java:2586)
Caused by: java.lang.IllegalStateException: No Acknowledgment available as an argument, the listener container must have a MANUAL AckMode to populate the Acknowledgment.
	at org.springframework.kafka.listener.adapter.MessagingMessageListenerAdapter.checkAckArg(MessagingMessageListenerAdapter.java:369)
	at org.springframework.kafka.listener.adapter.MessagingMessageListenerAdapter.invokeHandler(MessagingMessageListenerAdapter.java:355)
	at org.springframework.kafka.listener.adapter.RecordMessagingMessageListenerAdapter.onMessage(RecordMessagingMessageListenerAdapter.java:92)
	at org.springframework.kafka.listener.adapter.RecordMessagingMessageListenerAdapter.onMessage(RecordMessagingMessageListenerAdapter.java:53)
	at org.springframework.kafka.listener.KafkaMessageListenerContainer$ListenerConsumer.doInvokeOnMessage(KafkaMessageListenerContainer.java:2586)
	... 12 common frames omitted
Caused by: org.springframework.messaging.handler.annotation.support.MethodArgumentNotValidException: Could not resolve method parameter at index 1 in public void za.co.woolworths.itemkafka_poc.kafka.consumer.ItemConsumerService.listen(org.apache.kafka.clients.consumer.ConsumerRecord<java.lang.String, java.lang.String>,org.springframework.kafka.support.Acknowledgment): 1 error(s): [Error in object 'acknowledgment': codes []; arguments []; default message [Payload value must not be empty]] 
	at org.springframework.messaging.handler.annotation.support.PayloadMethodArgumentResolver.resolveArgument(PayloadMethodArgumentResolver.java:122)
	at org.springframework.kafka.annotation.KafkaNullAwarePayloadArgumentResolver.resolveArgument(KafkaNullAwarePayloadArgumentResolver.java:46)
	at org.springframework.messaging.handler.invocation.HandlerMethodArgumentResolverComposite.resolveArgument(HandlerMethodArgumentResolverComposite.java:118)
	at org.springframework.messaging.handler.invocation.InvocableHandlerMethod.getMethodArgumentValues(InvocableHandlerMethod.java:147)
	at org.springframework.messaging.handler.invocation.InvocableHandlerMethod.invoke(InvocableHandlerMethod.java:115)
	at org.springframework.kafka.listener.adapter.HandlerAdapter.invoke(HandlerAdapter.java:56)
	at org.springframework.kafka.listener.adapter.MessagingMessageListenerAdapter.invokeHandler(MessagingMessageListenerAdapter.java:347)
	... 15 common frames omitted

2025-01-13 16:20:06.817  INFO [org.apache.kafka.clients.consumer.KafkaConsumer:1585] [Consumer clientId=consumer-item_group-1, groupId=item_group] Seeking to offset 72 for partition Item_Topic-0 
2025-01-13 16:20:06.819  INFO [za.co.woolworths.itemkafka_poc.kafka.producer.ItemProducerService:39] *****Message sent successfully for itemId: 100040648***** 
2025-01-13 16:20:06.822 ERROR [org.springframework.kafka.listener.DefaultErrorHandler:149] Backoff none exhausted for Item_Topic-0@72 org.springframework.kafka.listener.ListenerExecutionFailedException: invokeHandler Failed; nested exception is java.lang.IllegalStateException: No Acknowledgment available as an argument, the listener container must have a MANUAL AckMode to populate the Acknowledgment.; nested exception is java.lang.IllegalStateException: No Acknowledgment available as an argument, the listener container must have a MANUAL AckMode to populate the Acknowledgment.
	at org.springframework.kafka.listener.KafkaMessageListenerContainer$ListenerConsumer.decorateException(KafkaMessageListenerContainer.java:2636)
	at org.springframework.kafka.listener.KafkaMessageListenerContainer$ListenerConsumer.doInvokeOnMessage(KafkaMessageListenerContainer.java:2606)
	at org.springframework.kafka.listener.KafkaMessageListenerContainer$ListenerConsumer.invokeOnMessage(KafkaMessageListenerContainer.java:2567)
	at org.springframework.kafka.listener.KafkaMessageListenerContainer$ListenerConsumer.doInvokeRecordListener(KafkaMessageListenerContainer.java:2481)
	at org.springframework.kafka.listener.KafkaMessageListenerContainer$ListenerConsumer.doInvokeWithRecords(KafkaMessageListenerContainer.java:2403)
	at org.springframework.kafka.listener.KafkaMessageListenerContainer$ListenerConsumer.invokeRecordListener(KafkaMessageListenerContainer.java:2282)
	at org.springframework.kafka.listener.KafkaMessageListenerContainer$ListenerConsumer.invokeListener(KafkaMessageListenerContainer.java:1956)
	at org.springframework.kafka.listener.KafkaMessageListenerContainer$ListenerConsumer.invokeIfHaveRecords(KafkaMessageListenerContainer.java:1351)
	at org.springframework.kafka.listener.KafkaMessageListenerContainer$ListenerConsumer.pollAndInvoke(KafkaMessageListenerContainer.java:1342)
	at org.springframework.kafka.listener.KafkaMessageListenerContainer$ListenerConsumer.run(KafkaMessageListenerContainer.java:1234)
	at java.base/java.util.concurrent.Executors$RunnableAdapter.call(Executors.java:515)
	at java.base/java.util.concurrent.FutureTask.run$$$capture(FutureTask.java:264)
	at java.base/java.util.concurrent.FutureTask.run(FutureTask.java)
	at java.base/java.lang.Thread.run(Thread.java:832)
	Suppressed: org.springframework.kafka.listener.ListenerExecutionFailedException: Restored Stack Trace
		at org.springframework.kafka.listener.adapter.MessagingMessageListenerAdapter.checkAckArg(MessagingMessageListenerAdapter.java:369)
		at org.springframework.kafka.listener.adapter.MessagingMessageListenerAdapter.invokeHandler(MessagingMessageListenerAdapter.java:355)
		at org.springframework.kafka.listener.adapter.RecordMessagingMessageListenerAdapter.onMessage(RecordMessagingMessageListenerAdapter.java:92)
		at org.springframework.kafka.listener.adapter.RecordMessagingMessageListenerAdapter.onMessage(RecordMessagingMessageListenerAdapter.java:53)
		at org.springframework.kafka.listener.KafkaMessageListenerContainer$ListenerConsumer.doInvokeOnMessage(KafkaMessageListenerContainer.java:2586)
Caused by: java.lang.IllegalStateException: No Acknowledgment available as an argument, the listener container must have a MANUAL AckMode to populate the Acknowledgment.
	at org.springframework.kafka.listener.adapter.MessagingMessageListenerAdapter.checkAckArg(MessagingMessageListenerAdapter.java:369)
	at org.springframework.kafka.listener.adapter.MessagingMessageListenerAdapter.invokeHandler(MessagingMessageListenerAdapter.java:355)
	at org.springframework.kafka.listener.adapter.RecordMessagingMessageListenerAdapter.onMessage(RecordMessagingMessageListenerAdapter.java:92)
	at org.springframework.kafka.listener.adapter.RecordMessagingMessageListenerAdapter.onMessage(RecordMessagingMessageListenerAdapter.java:53)
	at org.springframework.kafka.listener.KafkaMessageListenerContainer$ListenerConsumer.doInvokeOnMessage(KafkaMessageListenerContainer.java:2586)
	... 12 common frames omitted
Caused by: org.springframework.messaging.handler.annotation.support.MethodArgumentNotValidException: Could not resolve method parameter at index 1 in public void za.co.woolworths.itemkafka_poc.kafka.consumer.ItemConsumerService.listen(org.apache.kafka.clients.consumer.ConsumerRecord<java.lang.String, java.lang.String>,org.springframework.kafka.support.Acknowledgment): 1 error(s): [Error in object 'acknowledgment': codes []; arguments []; default message [Payload value must not be empty]] 
	at org.springframework.messaging.handler.annotation.support.PayloadMethodArgumentResolver.resolveArgument(PayloadMethodArgumentResolver.java:122)
	at org.springframework.kafka.annotation.KafkaNullAwarePayloadArgumentResolver.resolveArgument(KafkaNullAwarePayloadArgumentResolver.java:46)
	at org.springframework.messaging.handler.invocation.HandlerMethodArgumentResolverComposite.resolveArgument(HandlerMethodArgumentResolverComposite.java:118)
	at org.springframework.messaging.handler.invocation.InvocableHandlerMethod.getMethodArgumentValues(InvocableHandlerMethod.java:147)
	at org.springframework.messaging.handler.invocation.InvocableHandlerMethod.invoke(InvocableHandlerMethod.java:115)
	at org.springframework.kafka.listener.adapter.HandlerAdapter.invoke(HandlerAdapter.java:56)
	at org.springframework.kafka.listener.adapter.MessagingMessageListenerAdapter.invokeHandler(MessagingMessageListenerAdapter.java:347)
	... 15 common frames omitted

2025-01-13 16:20:06.823  INFO [org.apache.kafka.clients.consumer.KafkaConsumer:1585] [Consumer clientId=consumer-item_group-1, groupId=item_group] Seeking to offset 73 for partition Item_Topic-0 
2025-01-13 16:20:06.825  INFO [za.co.woolworths.itemkafka_poc.kafka.producer.ItemProducerService:39] *****Message sent successfully for itemId: 100040656***** 
2025-01-13 16:20:06.828 ERROR [org.springframework.kafka.listener.DefaultErrorHandler:149] Backoff none exhausted for Item_Topic-0@73 org.springframework.kafka.listener.ListenerExecutionFailedException: invokeHandler Failed; nested exception is java.lang.IllegalStateException: No Acknowledgment available as an argument, the listener container must have a MANUAL AckMode to populate the Acknowledgment.; nested exception is java.lang.IllegalStateException: No Acknowledgment available as an argument, the listener container must have a MANUAL AckMode to populate the Acknowledgment.
	at org.springframework.kafka.listener.KafkaMessageListenerContainer$ListenerConsumer.decorateException(KafkaMessageListenerContainer.java:2636)
	at org.springframework.kafka.listener.KafkaMessageListenerContainer$ListenerConsumer.doInvokeOnMessage(KafkaMessageListenerContainer.java:2606)
	at org.springframework.kafka.listener.KafkaMessageListenerContainer$ListenerConsumer.invokeOnMessage(KafkaMessageListenerContainer.java:2567)
	at org.springframework.kafka.listener.KafkaMessageListenerContainer$ListenerConsumer.doInvokeRecordListener(KafkaMessageListenerContainer.java:2481)
	at org.springframework.kafka.listener.KafkaMessageListenerContainer$ListenerConsumer.doInvokeWithRecords(KafkaMessageListenerContainer.java:2403)
	at org.springframework.kafka.listener.KafkaMessageListenerContainer$ListenerConsumer.invokeRecordListener(KafkaMessageListenerContainer.java:2282)
	at org.springframework.kafka.listener.KafkaMessageListenerContainer$ListenerConsumer.invokeListener(KafkaMessageListenerContainer.java:1956)
	at org.springframework.kafka.listener.KafkaMessageListenerContainer$ListenerConsumer.invokeIfHaveRecords(KafkaMessageListenerContainer.java:1351)
	at org.springframework.kafka.listener.KafkaMessageListenerContainer$ListenerConsumer.pollAndInvoke(KafkaMessageListenerContainer.java:1342)
	at org.springframework.kafka.listener.KafkaMessageListenerContainer$ListenerConsumer.run(KafkaMessageListenerContainer.java:1234)
	at java.base/java.util.concurrent.Executors$RunnableAdapter.call(Executors.java:515)
	at java.base/java.util.concurrent.FutureTask.run$$$capture(FutureTask.java:264)
	at java.base/java.util.concurrent.FutureTask.run(FutureTask.java)
	at java.base/java.lang.Thread.run(Thread.java:832)
	Suppressed: org.springframework.kafka.listener.ListenerExecutionFailedException: Restored Stack Trace
		at org.springframework.kafka.listener.adapter.MessagingMessageListenerAdapter.checkAckArg(MessagingMessageListenerAdapter.java:369)
		at org.springframework.kafka.listener.adapter.MessagingMessageListenerAdapter.invokeHandler(MessagingMessageListenerAdapter.java:355)
		at org.springframework.kafka.listener.adapter.RecordMessagingMessageListenerAdapter.onMessage(RecordMessagingMessageListenerAdapter.java:92)
		at org.springframework.kafka.listener.adapter.RecordMessagingMessageListenerAdapter.onMessage(RecordMessagingMessageListenerAdapter.java:53)
		at org.springframework.kafka.listener.KafkaMessageListenerContainer$ListenerConsumer.doInvokeOnMessage(KafkaMessageListenerContainer.java:2586)
Caused by: java.lang.IllegalStateException: No Acknowledgment available as an argument, the listener container must have a MANUAL AckMode to populate the Acknowledgment.
	at org.springframework.kafka.listener.adapter.MessagingMessageListenerAdapter.checkAckArg(MessagingMessageListenerAdapter.java:369)
	at org.springframework.kafka.listener.adapter.MessagingMessageListenerAdapter.invokeHandler(MessagingMessageListenerAdapter.java:355)
	at org.springframework.kafka.listener.adapter.RecordMessagingMessageListenerAdapter.onMessage(RecordMessagingMessageListenerAdapter.java:92)
	at org.springframework.kafka.listener.adapter.RecordMessagingMessageListenerAdapter.onMessage(RecordMessagingMessageListenerAdapter.java:53)
	at org.springframework.kafka.listener.KafkaMessageListenerContainer$ListenerConsumer.doInvokeOnMessage(KafkaMessageListenerContainer.java:2586)
	... 12 common frames omitted
Caused by: org.springframework.messaging.handler.annotation.support.MethodArgumentNotValidException: Could not resolve method parameter at index 1 in public void za.co.woolworths.itemkafka_poc.kafka.consumer.ItemConsumerService.listen(org.apache.kafka.clients.consumer.ConsumerRecord<java.lang.String, java.lang.String>,org.springframework.kafka.support.Acknowledgment): 1 error(s): [Error in object 'acknowledgment': codes []; arguments []; default message [Payload value must not be empty]] 
	at org.springframework.messaging.handler.annotation.support.PayloadMethodArgumentResolver.resolveArgument(PayloadMethodArgumentResolver.java:122)
	at org.springframework.kafka.annotation.KafkaNullAwarePayloadArgumentResolver.resolveArgument(KafkaNullAwarePayloadArgumentResolver.java:46)
	at org.springframework.messaging.handler.invocation.HandlerMethodArgumentResolverComposite.resolveArgument(HandlerMethodArgumentResolverComposite.java:118)
	at org.springframework.messaging.handler.invocation.InvocableHandlerMethod.getMethodArgumentValues(InvocableHandlerMethod.java:147)
	at org.springframework.messaging.handler.invocation.InvocableHandlerMethod.invoke(InvocableHandlerMethod.java:115)
	at org.springframework.kafka.listener.adapter.HandlerAdapter.invoke(HandlerAdapter.java:56)
	at org.springframework.kafka.listener.adapter.MessagingMessageListenerAdapter.invokeHandler(MessagingMessageListenerAdapter.java:347)
	... 15 common frames omitted

2025-01-13 16:20:06.828  INFO [org.apache.kafka.clients.consumer.KafkaConsumer:1585] [Consumer clientId=consumer-item_group-1, groupId=item_group] Seeking to offset 74 for partition Item_Topic-0 
2025-01-13 16:20:06.831  INFO [za.co.woolworths.itemkafka_poc.kafka.producer.ItemProducerService:39] *****Message sent successfully for itemId: 100040664***** 
2025-01-13 16:20:06.834 ERROR [org.springframework.kafka.listener.DefaultErrorHandler:149] Backoff none exhausted for Item_Topic-0@74 org.springframework.kafka.listener.ListenerExecutionFailedException: invokeHandler Failed; nested exception is java.lang.IllegalStateException: No Acknowledgment available as an argument, the listener container must have a MANUAL AckMode to populate the Acknowledgment.; nested exception is java.lang.IllegalStateException: No Acknowledgment available as an argument, the listener container must have a MANUAL AckMode to populate the Acknowledgment.
	at org.springframework.kafka.listener.KafkaMessageListenerContainer$ListenerConsumer.decorateException(KafkaMessageListenerContainer.java:2636)
	at org.springframework.kafka.listener.KafkaMessageListenerContainer$ListenerConsumer.doInvokeOnMessage(KafkaMessageListenerContainer.java:2606)
	at org.springframework.kafka.listener.KafkaMessageListenerContainer$ListenerConsumer.invokeOnMessage(KafkaMessageListenerContainer.java:2567)
	at org.springframework.kafka.listener.KafkaMessageListenerContainer$ListenerConsumer.doInvokeRecordListener(KafkaMessageListenerContainer.java:2481)
	at org.springframework.kafka.listener.KafkaMessageListenerContainer$ListenerConsumer.doInvokeWithRecords(KafkaMessageListenerContainer.java:2403)
	at org.springframework.kafka.listener.KafkaMessageListenerContainer$ListenerConsumer.invokeRecordListener(KafkaMessageListenerContainer.java:2282)
	at org.springframework.kafka.listener.KafkaMessageListenerContainer$ListenerConsumer.invokeListener(KafkaMessageListenerContainer.java:1956)
	at org.springframework.kafka.listener.KafkaMessageListenerContainer$ListenerConsumer.invokeIfHaveRecords(KafkaMessageListenerContainer.java:1351)
	at org.springframework.kafka.listener.KafkaMessageListenerContainer$ListenerConsumer.pollAndInvoke(KafkaMessageListenerContainer.java:1342)
	at org.springframework.kafka.listener.KafkaMessageListenerContainer$ListenerConsumer.run(KafkaMessageListenerContainer.java:1234)
	at java.base/java.util.concurrent.Executors$RunnableAdapter.call(Executors.java:515)
	at java.base/java.util.concurrent.FutureTask.run$$$capture(FutureTask.java:264)
	at java.base/java.util.concurrent.FutureTask.run(FutureTask.java)
	at java.base/java.lang.Thread.run(Thread.java:832)
	Suppressed: org.springframework.kafka.listener.ListenerExecutionFailedException: Restored Stack Trace
		at org.springframework.kafka.listener.adapter.MessagingMessageListenerAdapter.checkAckArg(MessagingMessageListenerAdapter.java:369)
		at org.springframework.kafka.listener.adapter.MessagingMessageListenerAdapter.invokeHandler(MessagingMessageListenerAdapter.java:355)
		at org.springframework.kafka.listener.adapter.RecordMessagingMessageListenerAdapter.onMessage(RecordMessagingMessageListenerAdapter.java:92)
		at org.springframework.kafka.listener.adapter.RecordMessagingMessageListenerAdapter.onMessage(RecordMessagingMessageListenerAdapter.java:53)
		at org.springframework.kafka.listener.KafkaMessageListenerContainer$ListenerConsumer.doInvokeOnMessage(KafkaMessageListenerContainer.java:2586)
Caused by: java.lang.IllegalStateException: No Acknowledgment available as an argument, the listener container must have a MANUAL AckMode to populate the Acknowledgment.
	at org.springframework.kafka.listener.adapter.MessagingMessageListenerAdapter.checkAckArg(MessagingMessageListenerAdapter.java:369)
	at org.springframework.kafka.listener.adapter.MessagingMessageListenerAdapter.invokeHandler(MessagingMessageListenerAdapter.java:355)
	at org.springframework.kafka.listener.adapter.RecordMessagingMessageListenerAdapter.onMessage(RecordMessagingMessageListenerAdapter.java:92)
	at org.springframework.kafka.listener.adapter.RecordMessagingMessageListenerAdapter.onMessage(RecordMessagingMessageListenerAdapter.java:53)
	at org.springframework.kafka.listener.KafkaMessageListenerContainer$ListenerConsumer.doInvokeOnMessage(KafkaMessageListenerContainer.java:2586)
	... 12 common frames omitted
Caused by: org.springframework.messaging.handler.annotation.support.MethodArgumentNotValidException: Could not resolve method parameter at index 1 in public void za.co.woolworths.itemkafka_poc.kafka.consumer.ItemConsumerService.listen(org.apache.kafka.clients.consumer.ConsumerRecord<java.lang.String, java.lang.String>,org.springframework.kafka.support.Acknowledgment): 1 error(s): [Error in object 'acknowledgment': codes []; arguments []; default message [Payload value must not be empty]] 
	at org.springframework.messaging.handler.annotation.support.PayloadMethodArgumentResolver.resolveArgument(PayloadMethodArgumentResolver.java:122)
	at org.springframework.kafka.annotation.KafkaNullAwarePayloadArgumentResolver.resolveArgument(KafkaNullAwarePayloadArgumentResolver.java:46)
	at org.springframework.messaging.handler.invocation.HandlerMethodArgumentResolverComposite.resolveArgument(HandlerMethodArgumentResolverComposite.java:118)
	at org.springframework.messaging.handler.invocation.InvocableHandlerMethod.getMethodArgumentValues(InvocableHandlerMethod.java:147)
	at org.springframework.messaging.handler.invocation.InvocableHandlerMethod.invoke(InvocableHandlerMethod.java:115)
	at org.springframework.kafka.listener.adapter.HandlerAdapter.invoke(HandlerAdapter.java:56)
	at org.springframework.kafka.listener.adapter.MessagingMessageListenerAdapter.invokeHandler(MessagingMessageListenerAdapter.java:347)
	... 15 common frames omitted

2025-01-13 16:20:06.834  INFO [org.apache.kafka.clients.consumer.KafkaConsumer:1585] [Consumer clientId=consumer-item_group-1, groupId=item_group] Seeking to offset 75 for partition Item_Topic-0 
2025-01-13 16:20:06.838  INFO [za.co.woolworths.itemkafka_poc.kafka.producer.ItemProducerService:39] *****Message sent successfully for itemId: 100040672***** 
2025-01-13 16:20:06.842 ERROR [org.springframework.kafka.listener.DefaultErrorHandler:149] Backoff none exhausted for Item_Topic-0@75 org.springframework.kafka.listener.ListenerExecutionFailedException: invokeHandler Failed; nested exception is java.lang.IllegalStateException: No Acknowledgment available as an argument, the listener container must have a MANUAL AckMode to populate the Acknowledgment.; nested exception is java.lang.IllegalStateException: No Acknowledgment available as an argument, the listener container must have a MANUAL AckMode to populate the Acknowledgment.
	at org.springframework.kafka.listener.KafkaMessageListenerContainer$ListenerConsumer.decorateException(KafkaMessageListenerContainer.java:2636)
	at org.springframework.kafka.listener.KafkaMessageListenerContainer$ListenerConsumer.doInvokeOnMessage(KafkaMessageListenerContainer.java:2606)
	at org.springframework.kafka.listener.KafkaMessageListenerContainer$ListenerConsumer.invokeOnMessage(KafkaMessageListenerContainer.java:2567)
	at org.springframework.kafka.listener.KafkaMessageListenerContainer$ListenerConsumer.doInvokeRecordListener(KafkaMessageListenerContainer.java:2481)
	at org.springframework.kafka.listener.KafkaMessageListenerContainer$ListenerConsumer.doInvokeWithRecords(KafkaMessageListenerContainer.java:2403)
	at org.springframework.kafka.listener.KafkaMessageListenerContainer$ListenerConsumer.invokeRecordListener(KafkaMessageListenerContainer.java:2282)
	at org.springframework.kafka.listener.KafkaMessageListenerContainer$ListenerConsumer.invokeListener(KafkaMessageListenerContainer.java:1956)
	at org.springframework.kafka.listener.KafkaMessageListenerContainer$ListenerConsumer.invokeIfHaveRecords(KafkaMessageListenerContainer.java:1351)
	at org.springframework.kafka.listener.KafkaMessageListenerContainer$ListenerConsumer.pollAndInvoke(KafkaMessageListenerContainer.java:1342)
	at org.springframework.kafka.listener.KafkaMessageListenerContainer$ListenerConsumer.run(KafkaMessageListenerContainer.java:1234)
	at java.base/java.util.concurrent.Executors$RunnableAdapter.call(Executors.java:515)
	at java.base/java.util.concurrent.FutureTask.run$$$capture(FutureTask.java:264)
	at java.base/java.util.concurrent.FutureTask.run(FutureTask.java)
	at java.base/java.lang.Thread.run(Thread.java:832)
	Suppressed: org.springframework.kafka.listener.ListenerExecutionFailedException: Restored Stack Trace
		at org.springframework.kafka.listener.adapter.MessagingMessageListenerAdapter.checkAckArg(MessagingMessageListenerAdapter.java:369)
		at org.springframework.kafka.listener.adapter.MessagingMessageListenerAdapter.invokeHandler(MessagingMessageListenerAdapter.java:355)
		at org.springframework.kafka.listener.adapter.RecordMessagingMessageListenerAdapter.onMessage(RecordMessagingMessageListenerAdapter.java:92)
		at org.springframework.kafka.listener.adapter.RecordMessagingMessageListenerAdapter.onMessage(RecordMessagingMessageListenerAdapter.java:53)
		at org.springframework.kafka.listener.KafkaMessageListenerContainer$ListenerConsumer.doInvokeOnMessage(KafkaMessageListenerContainer.java:2586)
Caused by: java.lang.IllegalStateException: No Acknowledgment available as an argument, the listener container must have a MANUAL AckMode to populate the Acknowledgment.
	at org.springframework.kafka.listener.adapter.MessagingMessageListenerAdapter.checkAckArg(MessagingMessageListenerAdapter.java:369)
	at org.springframework.kafka.listener.adapter.MessagingMessageListenerAdapter.invokeHandler(MessagingMessageListenerAdapter.java:355)
	at org.springframework.kafka.listener.adapter.RecordMessagingMessageListenerAdapter.onMessage(RecordMessagingMessageListenerAdapter.java:92)
	at org.springframework.kafka.listener.adapter.RecordMessagingMessageListenerAdapter.onMessage(RecordMessagingMessageListenerAdapter.java:53)
	at org.springframework.kafka.listener.KafkaMessageListenerContainer$ListenerConsumer.doInvokeOnMessage(KafkaMessageListenerContainer.java:2586)
	... 12 common frames omitted
Caused by: org.springframework.messaging.handler.annotation.support.MethodArgumentNotValidException: Could not resolve method parameter at index 1 in public void za.co.woolworths.itemkafka_poc.kafka.consumer.ItemConsumerService.listen(org.apache.kafka.clients.consumer.ConsumerRecord<java.lang.String, java.lang.String>,org.springframework.kafka.support.Acknowledgment): 1 error(s): [Error in object 'acknowledgment': codes []; arguments []; default message [Payload value must not be empty]] 
	at org.springframework.messaging.handler.annotation.support.PayloadMethodArgumentResolver.resolveArgument(PayloadMethodArgumentResolver.java:122)
	at org.springframework.kafka.annotation.KafkaNullAwarePayloadArgumentResolver.resolveArgument(KafkaNullAwarePayloadArgumentResolver.java:46)
	at org.springframework.messaging.handler.invocation.HandlerMethodArgumentResolverComposite.resolveArgument(HandlerMethodArgumentResolverComposite.java:118)
	at org.springframework.messaging.handler.invocation.InvocableHandlerMethod.getMethodArgumentValues(InvocableHandlerMethod.java:147)
	at org.springframework.messaging.handler.invocation.InvocableHandlerMethod.invoke(InvocableHandlerMethod.java:115)
	at org.springframework.kafka.listener.adapter.HandlerAdapter.invoke(HandlerAdapter.java:56)
	at org.springframework.kafka.listener.adapter.MessagingMessageListenerAdapter.invokeHandler(MessagingMessageListenerAdapter.java:347)
	... 15 common frames omitted

2025-01-13 16:20:06.843  INFO [org.apache.kafka.clients.consumer.KafkaConsumer:1585] [Consumer clientId=consumer-item_group-1, groupId=item_group] Seeking to offset 76 for partition Item_Topic-0 
2025-01-13 16:20:06.845  INFO [za.co.woolworths.itemkafka_poc.kafka.producer.ItemProducerService:39] *****Message sent successfully for itemId: 100040680***** 
2025-01-13 16:20:06.848 ERROR [org.springframework.kafka.listener.DefaultErrorHandler:149] Backoff none exhausted for Item_Topic-0@76 org.springframework.kafka.listener.ListenerExecutionFailedException: invokeHandler Failed; nested exception is java.lang.IllegalStateException: No Acknowledgment available as an argument, the listener container must have a MANUAL AckMode to populate the Acknowledgment.; nested exception is java.lang.IllegalStateException: No Acknowledgment available as an argument, the listener container must have a MANUAL AckMode to populate the Acknowledgment.
	at org.springframework.kafka.listener.KafkaMessageListenerContainer$ListenerConsumer.decorateException(KafkaMessageListenerContainer.java:2636)
	at org.springframework.kafka.listener.KafkaMessageListenerContainer$ListenerConsumer.doInvokeOnMessage(KafkaMessageListenerContainer.java:2606)
	at org.springframework.kafka.listener.KafkaMessageListenerContainer$ListenerConsumer.invokeOnMessage(KafkaMessageListenerContainer.java:2567)
	at org.springframework.kafka.listener.KafkaMessageListenerContainer$ListenerConsumer.doInvokeRecordListener(KafkaMessageListenerContainer.java:2481)
	at org.springframework.kafka.listener.KafkaMessageListenerContainer$ListenerConsumer.doInvokeWithRecords(KafkaMessageListenerContainer.java:2403)
	at org.springframework.kafka.listener.KafkaMessageListenerContainer$ListenerConsumer.invokeRecordListener(KafkaMessageListenerContainer.java:2282)
	at org.springframework.kafka.listener.KafkaMessageListenerContainer$ListenerConsumer.invokeListener(KafkaMessageListenerContainer.java:1956)
	at org.springframework.kafka.listener.KafkaMessageListenerContainer$ListenerConsumer.invokeIfHaveRecords(KafkaMessageListenerContainer.java:1351)
	at org.springframework.kafka.listener.KafkaMessageListenerContainer$ListenerConsumer.pollAndInvoke(KafkaMessageListenerContainer.java:1342)
	at org.springframework.kafka.listener.KafkaMessageListenerContainer$ListenerConsumer.run(KafkaMessageListenerContainer.java:1234)
	at java.base/java.util.concurrent.Executors$RunnableAdapter.call(Executors.java:515)
	at java.base/java.util.concurrent.FutureTask.run$$$capture(FutureTask.java:264)
	at java.base/java.util.concurrent.FutureTask.run(FutureTask.java)
	at java.base/java.lang.Thread.run(Thread.java:832)
	Suppressed: org.springframework.kafka.listener.ListenerExecutionFailedException: Restored Stack Trace
		at org.springframework.kafka.listener.adapter.MessagingMessageListenerAdapter.checkAckArg(MessagingMessageListenerAdapter.java:369)
		at org.springframework.kafka.listener.adapter.MessagingMessageListenerAdapter.invokeHandler(MessagingMessageListenerAdapter.java:355)
		at org.springframework.kafka.listener.adapter.RecordMessagingMessageListenerAdapter.onMessage(RecordMessagingMessageListenerAdapter.java:92)
		at org.springframework.kafka.listener.adapter.RecordMessagingMessageListenerAdapter.onMessage(RecordMessagingMessageListenerAdapter.java:53)
		at org.springframework.kafka.listener.KafkaMessageListenerContainer$ListenerConsumer.doInvokeOnMessage(KafkaMessageListenerContainer.java:2586)
Caused by: java.lang.IllegalStateException: No Acknowledgment available as an argument, the listener container must have a MANUAL AckMode to populate the Acknowledgment.
	at org.springframework.kafka.listener.adapter.MessagingMessageListenerAdapter.checkAckArg(MessagingMessageListenerAdapter.java:369)
	at org.springframework.kafka.listener.adapter.MessagingMessageListenerAdapter.invokeHandler(MessagingMessageListenerAdapter.java:355)
	at org.springframework.kafka.listener.adapter.RecordMessagingMessageListenerAdapter.onMessage(RecordMessagingMessageListenerAdapter.java:92)
	at org.springframework.kafka.listener.adapter.RecordMessagingMessageListenerAdapter.onMessage(RecordMessagingMessageListenerAdapter.java:53)
	at org.springframework.kafka.listener.KafkaMessageListenerContainer$ListenerConsumer.doInvokeOnMessage(KafkaMessageListenerContainer.java:2586)
	... 12 common frames omitted
Caused by: org.springframework.messaging.handler.annotation.support.MethodArgumentNotValidException: Could not resolve method parameter at index 1 in public void za.co.woolworths.itemkafka_poc.kafka.consumer.ItemConsumerService.listen(org.apache.kafka.clients.consumer.ConsumerRecord<java.lang.String, java.lang.String>,org.springframework.kafka.support.Acknowledgment): 1 error(s): [Error in object 'acknowledgment': codes []; arguments []; default message [Payload value must not be empty]] 
	at org.springframework.messaging.handler.annotation.support.PayloadMethodArgumentResolver.resolveArgument(PayloadMethodArgumentResolver.java:122)
	at org.springframework.kafka.annotation.KafkaNullAwarePayloadArgumentResolver.resolveArgument(KafkaNullAwarePayloadArgumentResolver.java:46)
	at org.springframework.messaging.handler.invocation.HandlerMethodArgumentResolverComposite.resolveArgument(HandlerMethodArgumentResolverComposite.java:118)
	at org.springframework.messaging.handler.invocation.InvocableHandlerMethod.getMethodArgumentValues(InvocableHandlerMethod.java:147)
	at org.springframework.messaging.handler.invocation.InvocableHandlerMethod.invoke(InvocableHandlerMethod.java:115)
	at org.springframework.kafka.listener.adapter.HandlerAdapter.invoke(HandlerAdapter.java:56)
	at org.springframework.kafka.listener.adapter.MessagingMessageListenerAdapter.invokeHandler(MessagingMessageListenerAdapter.java:347)
	... 15 common frames omitted

2025-01-13 16:20:06.848  INFO [org.apache.kafka.clients.consumer.KafkaConsumer:1585] [Consumer clientId=consumer-item_group-1, groupId=item_group] Seeking to offset 77 for partition Item_Topic-0 
2025-01-13 16:20:06.851  INFO [za.co.woolworths.itemkafka_poc.kafka.producer.ItemProducerService:39] *****Message sent successfully for itemId: 100041682***** 
2025-01-13 16:20:06.854 ERROR [org.springframework.kafka.listener.DefaultErrorHandler:149] Backoff none exhausted for Item_Topic-0@77 org.springframework.kafka.listener.ListenerExecutionFailedException: invokeHandler Failed; nested exception is java.lang.IllegalStateException: No Acknowledgment available as an argument, the listener container must have a MANUAL AckMode to populate the Acknowledgment.; nested exception is java.lang.IllegalStateException: No Acknowledgment available as an argument, the listener container must have a MANUAL AckMode to populate the Acknowledgment.
	at org.springframework.kafka.listener.KafkaMessageListenerContainer$ListenerConsumer.decorateException(KafkaMessageListenerContainer.java:2636)
	at org.springframework.kafka.listener.KafkaMessageListenerContainer$ListenerConsumer.doInvokeOnMessage(KafkaMessageListenerContainer.java:2606)
	at org.springframework.kafka.listener.KafkaMessageListenerContainer$ListenerConsumer.invokeOnMessage(KafkaMessageListenerContainer.java:2567)
	at org.springframework.kafka.listener.KafkaMessageListenerContainer$ListenerConsumer.doInvokeRecordListener(KafkaMessageListenerContainer.java:2481)
	at org.springframework.kafka.listener.KafkaMessageListenerContainer$ListenerConsumer.doInvokeWithRecords(KafkaMessageListenerContainer.java:2403)
	at org.springframework.kafka.listener.KafkaMessageListenerContainer$ListenerConsumer.invokeRecordListener(KafkaMessageListenerContainer.java:2282)
	at org.springframework.kafka.listener.KafkaMessageListenerContainer$ListenerConsumer.invokeListener(KafkaMessageListenerContainer.java:1956)
	at org.springframework.kafka.listener.KafkaMessageListenerContainer$ListenerConsumer.invokeIfHaveRecords(KafkaMessageListenerContainer.java:1351)
	at org.springframework.kafka.listener.KafkaMessageListenerContainer$ListenerConsumer.pollAndInvoke(KafkaMessageListenerContainer.java:1342)
	at org.springframework.kafka.listener.KafkaMessageListenerContainer$ListenerConsumer.run(KafkaMessageListenerContainer.java:1234)
	at java.base/java.util.concurrent.Executors$RunnableAdapter.call(Executors.java:515)
	at java.base/java.util.concurrent.FutureTask.run$$$capture(FutureTask.java:264)
	at java.base/java.util.concurrent.FutureTask.run(FutureTask.java)
	at java.base/java.lang.Thread.run(Thread.java:832)
	Suppressed: org.springframework.kafka.listener.ListenerExecutionFailedException: Restored Stack Trace
		at org.springframework.kafka.listener.adapter.MessagingMessageListenerAdapter.checkAckArg(MessagingMessageListenerAdapter.java:369)
		at org.springframework.kafka.listener.adapter.MessagingMessageListenerAdapter.invokeHandler(MessagingMessageListenerAdapter.java:355)
		at org.springframework.kafka.listener.adapter.RecordMessagingMessageListenerAdapter.onMessage(RecordMessagingMessageListenerAdapter.java:92)
		at org.springframework.kafka.listener.adapter.RecordMessagingMessageListenerAdapter.onMessage(RecordMessagingMessageListenerAdapter.java:53)
		at org.springframework.kafka.listener.KafkaMessageListenerContainer$ListenerConsumer.doInvokeOnMessage(KafkaMessageListenerContainer.java:2586)
Caused by: java.lang.IllegalStateException: No Acknowledgment available as an argument, the listener container must have a MANUAL AckMode to populate the Acknowledgment.
	at org.springframework.kafka.listener.adapter.MessagingMessageListenerAdapter.checkAckArg(MessagingMessageListenerAdapter.java:369)
	at org.springframework.kafka.listener.adapter.MessagingMessageListenerAdapter.invokeHandler(MessagingMessageListenerAdapter.java:355)
	at org.springframework.kafka.listener.adapter.RecordMessagingMessageListenerAdapter.onMessage(RecordMessagingMessageListenerAdapter.java:92)
	at org.springframework.kafka.listener.adapter.RecordMessagingMessageListenerAdapter.onMessage(RecordMessagingMessageListenerAdapter.java:53)
	at org.springframework.kafka.listener.KafkaMessageListenerContainer$ListenerConsumer.doInvokeOnMessage(KafkaMessageListenerContainer.java:2586)
	... 12 common frames omitted
Caused by: org.springframework.messaging.handler.annotation.support.MethodArgumentNotValidException: Could not resolve method parameter at index 1 in public void za.co.woolworths.itemkafka_poc.kafka.consumer.ItemConsumerService.listen(org.apache.kafka.clients.consumer.ConsumerRecord<java.lang.String, java.lang.String>,org.springframework.kafka.support.Acknowledgment): 1 error(s): [Error in object 'acknowledgment': codes []; arguments []; default message [Payload value must not be empty]] 
	at org.springframework.messaging.handler.annotation.support.PayloadMethodArgumentResolver.resolveArgument(PayloadMethodArgumentResolver.java:122)
	at org.springframework.kafka.annotation.KafkaNullAwarePayloadArgumentResolver.resolveArgument(KafkaNullAwarePayloadArgumentResolver.java:46)
	at org.springframework.messaging.handler.invocation.HandlerMethodArgumentResolverComposite.resolveArgument(HandlerMethodArgumentResolverComposite.java:118)
	at org.springframework.messaging.handler.invocation.InvocableHandlerMethod.getMethodArgumentValues(InvocableHandlerMethod.java:147)
	at org.springframework.messaging.handler.invocation.InvocableHandlerMethod.invoke(InvocableHandlerMethod.java:115)
	at org.springframework.kafka.listener.adapter.HandlerAdapter.invoke(HandlerAdapter.java:56)
	at org.springframework.kafka.listener.adapter.MessagingMessageListenerAdapter.invokeHandler(MessagingMessageListenerAdapter.java:347)
	... 15 common frames omitted

2025-01-13 16:20:06.855  INFO [org.apache.kafka.clients.consumer.KafkaConsumer:1585] [Consumer clientId=consumer-item_group-1, groupId=item_group] Seeking to offset 78 for partition Item_Topic-0 
2025-01-13 16:20:06.857  INFO [za.co.woolworths.itemkafka_poc.kafka.producer.ItemProducerService:39] *****Message sent successfully for itemId: 100041690***** 
2025-01-13 16:20:06.860 ERROR [org.springframework.kafka.listener.DefaultErrorHandler:149] Backoff none exhausted for Item_Topic-0@78 org.springframework.kafka.listener.ListenerExecutionFailedException: invokeHandler Failed; nested exception is java.lang.IllegalStateException: No Acknowledgment available as an argument, the listener container must have a MANUAL AckMode to populate the Acknowledgment.; nested exception is java.lang.IllegalStateException: No Acknowledgment available as an argument, the listener container must have a MANUAL AckMode to populate the Acknowledgment.
	at org.springframework.kafka.listener.KafkaMessageListenerContainer$ListenerConsumer.decorateException(KafkaMessageListenerContainer.java:2636)
	at org.springframework.kafka.listener.KafkaMessageListenerContainer$ListenerConsumer.doInvokeOnMessage(KafkaMessageListenerContainer.java:2606)
	at org.springframework.kafka.listener.KafkaMessageListenerContainer$ListenerConsumer.invokeOnMessage(KafkaMessageListenerContainer.java:2567)
	at org.springframework.kafka.listener.KafkaMessageListenerContainer$ListenerConsumer.doInvokeRecordListener(KafkaMessageListenerContainer.java:2481)
	at org.springframework.kafka.listener.KafkaMessageListenerContainer$ListenerConsumer.doInvokeWithRecords(KafkaMessageListenerContainer.java:2403)
	at org.springframework.kafka.listener.KafkaMessageListenerContainer$ListenerConsumer.invokeRecordListener(KafkaMessageListenerContainer.java:2282)
	at org.springframework.kafka.listener.KafkaMessageListenerContainer$ListenerConsumer.invokeListener(KafkaMessageListenerContainer.java:1956)
	at org.springframework.kafka.listener.KafkaMessageListenerContainer$ListenerConsumer.invokeIfHaveRecords(KafkaMessageListenerContainer.java:1351)
	at org.springframework.kafka.listener.KafkaMessageListenerContainer$ListenerConsumer.pollAndInvoke(KafkaMessageListenerContainer.java:1342)
	at org.springframework.kafka.listener.KafkaMessageListenerContainer$ListenerConsumer.run(KafkaMessageListenerContainer.java:1234)
	at java.base/java.util.concurrent.Executors$RunnableAdapter.call(Executors.java:515)
	at java.base/java.util.concurrent.FutureTask.run$$$capture(FutureTask.java:264)
	at java.base/java.util.concurrent.FutureTask.run(FutureTask.java)
	at java.base/java.lang.Thread.run(Thread.java:832)
	Suppressed: org.springframework.kafka.listener.ListenerExecutionFailedException: Restored Stack Trace
		at org.springframework.kafka.listener.adapter.MessagingMessageListenerAdapter.checkAckArg(MessagingMessageListenerAdapter.java:369)
		at org.springframework.kafka.listener.adapter.MessagingMessageListenerAdapter.invokeHandler(MessagingMessageListenerAdapter.java:355)
		at org.springframework.kafka.listener.adapter.RecordMessagingMessageListenerAdapter.onMessage(RecordMessagingMessageListenerAdapter.java:92)
		at org.springframework.kafka.listener.adapter.RecordMessagingMessageListenerAdapter.onMessage(RecordMessagingMessageListenerAdapter.java:53)
		at org.springframework.kafka.listener.KafkaMessageListenerContainer$ListenerConsumer.doInvokeOnMessage(KafkaMessageListenerContainer.java:2586)
Caused by: java.lang.IllegalStateException: No Acknowledgment available as an argument, the listener container must have a MANUAL AckMode to populate the Acknowledgment.
	at org.springframework.kafka.listener.adapter.MessagingMessageListenerAdapter.checkAckArg(MessagingMessageListenerAdapter.java:369)
	at org.springframework.kafka.listener.adapter.MessagingMessageListenerAdapter.invokeHandler(MessagingMessageListenerAdapter.java:355)
	at org.springframework.kafka.listener.adapter.RecordMessagingMessageListenerAdapter.onMessage(RecordMessagingMessageListenerAdapter.java:92)
	at org.springframework.kafka.listener.adapter.RecordMessagingMessageListenerAdapter.onMessage(RecordMessagingMessageListenerAdapter.java:53)
	at org.springframework.kafka.listener.KafkaMessageListenerContainer$ListenerConsumer.doInvokeOnMessage(KafkaMessageListenerContainer.java:2586)
	... 12 common frames omitted
Caused by: org.springframework.messaging.handler.annotation.support.MethodArgumentNotValidException: Could not resolve method parameter at index 1 in public void za.co.woolworths.itemkafka_poc.kafka.consumer.ItemConsumerService.listen(org.apache.kafka.clients.consumer.ConsumerRecord<java.lang.String, java.lang.String>,org.springframework.kafka.support.Acknowledgment): 1 error(s): [Error in object 'acknowledgment': codes []; arguments []; default message [Payload value must not be empty]] 
	at org.springframework.messaging.handler.annotation.support.PayloadMethodArgumentResolver.resolveArgument(PayloadMethodArgumentResolver.java:122)
	at org.springframework.kafka.annotation.KafkaNullAwarePayloadArgumentResolver.resolveArgument(KafkaNullAwarePayloadArgumentResolver.java:46)
	at org.springframework.messaging.handler.invocation.HandlerMethodArgumentResolverComposite.resolveArgument(HandlerMethodArgumentResolverComposite.java:118)
	at org.springframework.messaging.handler.invocation.InvocableHandlerMethod.getMethodArgumentValues(InvocableHandlerMethod.java:147)
	at org.springframework.messaging.handler.invocation.InvocableHandlerMethod.invoke(InvocableHandlerMethod.java:115)
	at org.springframework.kafka.listener.adapter.HandlerAdapter.invoke(HandlerAdapter.java:56)
	at org.springframework.kafka.listener.adapter.MessagingMessageListenerAdapter.invokeHandler(MessagingMessageListenerAdapter.java:347)
	... 15 common frames omitted

2025-01-13 16:20:06.860  INFO [org.apache.kafka.clients.consumer.KafkaConsumer:1585] [Consumer clientId=consumer-item_group-1, groupId=item_group] Seeking to offset 79 for partition Item_Topic-0 
2025-01-13 16:20:06.863  INFO [za.co.woolworths.itemkafka_poc.kafka.producer.ItemProducerService:39] *****Message sent successfully for itemId: 100041704***** 
2025-01-13 16:20:06.865 ERROR [org.springframework.kafka.listener.DefaultErrorHandler:149] Backoff none exhausted for Item_Topic-0@79 org.springframework.kafka.listener.ListenerExecutionFailedException: invokeHandler Failed; nested exception is java.lang.IllegalStateException: No Acknowledgment available as an argument, the listener container must have a MANUAL AckMode to populate the Acknowledgment.; nested exception is java.lang.IllegalStateException: No Acknowledgment available as an argument, the listener container must have a MANUAL AckMode to populate the Acknowledgment.
	at org.springframework.kafka.listener.KafkaMessageListenerContainer$ListenerConsumer.decorateException(KafkaMessageListenerContainer.java:2636)
	at org.springframework.kafka.listener.KafkaMessageListenerContainer$ListenerConsumer.doInvokeOnMessage(KafkaMessageListenerContainer.java:2606)
	at org.springframework.kafka.listener.KafkaMessageListenerContainer$ListenerConsumer.invokeOnMessage(KafkaMessageListenerContainer.java:2567)
	at org.springframework.kafka.listener.KafkaMessageListenerContainer$ListenerConsumer.doInvokeRecordListener(KafkaMessageListenerContainer.java:2481)
	at org.springframework.kafka.listener.KafkaMessageListenerContainer$ListenerConsumer.doInvokeWithRecords(KafkaMessageListenerContainer.java:2403)
	at org.springframework.kafka.listener.KafkaMessageListenerContainer$ListenerConsumer.invokeRecordListener(KafkaMessageListenerContainer.java:2282)
	at org.springframework.kafka.listener.KafkaMessageListenerContainer$ListenerConsumer.invokeListener(KafkaMessageListenerContainer.java:1956)
	at org.springframework.kafka.listener.KafkaMessageListenerContainer$ListenerConsumer.invokeIfHaveRecords(KafkaMessageListenerContainer.java:1351)
	at org.springframework.kafka.listener.KafkaMessageListenerContainer$ListenerConsumer.pollAndInvoke(KafkaMessageListenerContainer.java:1342)
	at org.springframework.kafka.listener.KafkaMessageListenerContainer$ListenerConsumer.run(KafkaMessageListenerContainer.java:1234)
	at java.base/java.util.concurrent.Executors$RunnableAdapter.call(Executors.java:515)
	at java.base/java.util.concurrent.FutureTask.run$$$capture(FutureTask.java:264)
	at java.base/java.util.concurrent.FutureTask.run(FutureTask.java)
	at java.base/java.lang.Thread.run(Thread.java:832)
	Suppressed: org.springframework.kafka.listener.ListenerExecutionFailedException: Restored Stack Trace
		at org.springframework.kafka.listener.adapter.MessagingMessageListenerAdapter.checkAckArg(MessagingMessageListenerAdapter.java:369)
		at org.springframework.kafka.listener.adapter.MessagingMessageListenerAdapter.invokeHandler(MessagingMessageListenerAdapter.java:355)
		at org.springframework.kafka.listener.adapter.RecordMessagingMessageListenerAdapter.onMessage(RecordMessagingMessageListenerAdapter.java:92)
		at org.springframework.kafka.listener.adapter.RecordMessagingMessageListenerAdapter.onMessage(RecordMessagingMessageListenerAdapter.java:53)
		at org.springframework.kafka.listener.KafkaMessageListenerContainer$ListenerConsumer.doInvokeOnMessage(KafkaMessageListenerContainer.java:2586)
Caused by: java.lang.IllegalStateException: No Acknowledgment available as an argument, the listener container must have a MANUAL AckMode to populate the Acknowledgment.
	at org.springframework.kafka.listener.adapter.MessagingMessageListenerAdapter.checkAckArg(MessagingMessageListenerAdapter.java:369)
	at org.springframework.kafka.listener.adapter.MessagingMessageListenerAdapter.invokeHandler(MessagingMessageListenerAdapter.java:355)
	at org.springframework.kafka.listener.adapter.RecordMessagingMessageListenerAdapter.onMessage(RecordMessagingMessageListenerAdapter.java:92)
	at org.springframework.kafka.listener.adapter.RecordMessagingMessageListenerAdapter.onMessage(RecordMessagingMessageListenerAdapter.java:53)
	at org.springframework.kafka.listener.KafkaMessageListenerContainer$ListenerConsumer.doInvokeOnMessage(KafkaMessageListenerContainer.java:2586)
	... 12 common frames omitted
Caused by: org.springframework.messaging.handler.annotation.support.MethodArgumentNotValidException: Could not resolve method parameter at index 1 in public void za.co.woolworths.itemkafka_poc.kafka.consumer.ItemConsumerService.listen(org.apache.kafka.clients.consumer.ConsumerRecord<java.lang.String, java.lang.String>,org.springframework.kafka.support.Acknowledgment): 1 error(s): [Error in object 'acknowledgment': codes []; arguments []; default message [Payload value must not be empty]] 
	at org.springframework.messaging.handler.annotation.support.PayloadMethodArgumentResolver.resolveArgument(PayloadMethodArgumentResolver.java:122)
	at org.springframework.kafka.annotation.KafkaNullAwarePayloadArgumentResolver.resolveArgument(KafkaNullAwarePayloadArgumentResolver.java:46)
	at org.springframework.messaging.handler.invocation.HandlerMethodArgumentResolverComposite.resolveArgument(HandlerMethodArgumentResolverComposite.java:118)
	at org.springframework.messaging.handler.invocation.InvocableHandlerMethod.getMethodArgumentValues(InvocableHandlerMethod.java:147)
	at org.springframework.messaging.handler.invocation.InvocableHandlerMethod.invoke(InvocableHandlerMethod.java:115)
	at org.springframework.kafka.listener.adapter.HandlerAdapter.invoke(HandlerAdapter.java:56)
	at org.springframework.kafka.listener.adapter.MessagingMessageListenerAdapter.invokeHandler(MessagingMessageListenerAdapter.java:347)
	... 15 common frames omitted

2025-01-13 16:20:06.866  INFO [org.apache.kafka.clients.consumer.KafkaConsumer:1585] [Consumer clientId=consumer-item_group-1, groupId=item_group] Seeking to offset 80 for partition Item_Topic-0 
2025-01-13 16:20:06.868  INFO [za.co.woolworths.itemkafka_poc.kafka.producer.ItemProducerService:39] *****Message sent successfully for itemId: 100041712***** 
2025-01-13 16:20:06.871 ERROR [org.springframework.kafka.listener.DefaultErrorHandler:149] Backoff none exhausted for Item_Topic-0@80 org.springframework.kafka.listener.ListenerExecutionFailedException: invokeHandler Failed; nested exception is java.lang.IllegalStateException: No Acknowledgment available as an argument, the listener container must have a MANUAL AckMode to populate the Acknowledgment.; nested exception is java.lang.IllegalStateException: No Acknowledgment available as an argument, the listener container must have a MANUAL AckMode to populate the Acknowledgment.
	at org.springframework.kafka.listener.KafkaMessageListenerContainer$ListenerConsumer.decorateException(KafkaMessageListenerContainer.java:2636)
	at org.springframework.kafka.listener.KafkaMessageListenerContainer$ListenerConsumer.doInvokeOnMessage(KafkaMessageListenerContainer.java:2606)
	at org.springframework.kafka.listener.KafkaMessageListenerContainer$ListenerConsumer.invokeOnMessage(KafkaMessageListenerContainer.java:2567)
	at org.springframework.kafka.listener.KafkaMessageListenerContainer$ListenerConsumer.doInvokeRecordListener(KafkaMessageListenerContainer.java:2481)
	at org.springframework.kafka.listener.KafkaMessageListenerContainer$ListenerConsumer.doInvokeWithRecords(KafkaMessageListenerContainer.java:2403)
	at org.springframework.kafka.listener.KafkaMessageListenerContainer$ListenerConsumer.invokeRecordListener(KafkaMessageListenerContainer.java:2282)
	at org.springframework.kafka.listener.KafkaMessageListenerContainer$ListenerConsumer.invokeListener(KafkaMessageListenerContainer.java:1956)
	at org.springframework.kafka.listener.KafkaMessageListenerContainer$ListenerConsumer.invokeIfHaveRecords(KafkaMessageListenerContainer.java:1351)
	at org.springframework.kafka.listener.KafkaMessageListenerContainer$ListenerConsumer.pollAndInvoke(KafkaMessageListenerContainer.java:1342)
	at org.springframework.kafka.listener.KafkaMessageListenerContainer$ListenerConsumer.run(KafkaMessageListenerContainer.java:1234)
	at java.base/java.util.concurrent.Executors$RunnableAdapter.call(Executors.java:515)
	at java.base/java.util.concurrent.FutureTask.run$$$capture(FutureTask.java:264)
	at java.base/java.util.concurrent.FutureTask.run(FutureTask.java)
	at java.base/java.lang.Thread.run(Thread.java:832)
	Suppressed: org.springframework.kafka.listener.ListenerExecutionFailedException: Restored Stack Trace
		at org.springframework.kafka.listener.adapter.MessagingMessageListenerAdapter.checkAckArg(MessagingMessageListenerAdapter.java:369)
		at org.springframework.kafka.listener.adapter.MessagingMessageListenerAdapter.invokeHandler(MessagingMessageListenerAdapter.java:355)
		at org.springframework.kafka.listener.adapter.RecordMessagingMessageListenerAdapter.onMessage(RecordMessagingMessageListenerAdapter.java:92)
		at org.springframework.kafka.listener.adapter.RecordMessagingMessageListenerAdapter.onMessage(RecordMessagingMessageListenerAdapter.java:53)
		at org.springframework.kafka.listener.KafkaMessageListenerContainer$ListenerConsumer.doInvokeOnMessage(KafkaMessageListenerContainer.java:2586)
Caused by: java.lang.IllegalStateException: No Acknowledgment available as an argument, the listener container must have a MANUAL AckMode to populate the Acknowledgment.
	at org.springframework.kafka.listener.adapter.MessagingMessageListenerAdapter.checkAckArg(MessagingMessageListenerAdapter.java:369)
	at org.springframework.kafka.listener.adapter.MessagingMessageListenerAdapter.invokeHandler(MessagingMessageListenerAdapter.java:355)
	at org.springframework.kafka.listener.adapter.RecordMessagingMessageListenerAdapter.onMessage(RecordMessagingMessageListenerAdapter.java:92)
	at org.springframework.kafka.listener.adapter.RecordMessagingMessageListenerAdapter.onMessage(RecordMessagingMessageListenerAdapter.java:53)
	at org.springframework.kafka.listener.KafkaMessageListenerContainer$ListenerConsumer.doInvokeOnMessage(KafkaMessageListenerContainer.java:2586)
	... 12 common frames omitted
Caused by: org.springframework.messaging.handler.annotation.support.MethodArgumentNotValidException: Could not resolve method parameter at index 1 in public void za.co.woolworths.itemkafka_poc.kafka.consumer.ItemConsumerService.listen(org.apache.kafka.clients.consumer.ConsumerRecord<java.lang.String, java.lang.String>,org.springframework.kafka.support.Acknowledgment): 1 error(s): [Error in object 'acknowledgment': codes []; arguments []; default message [Payload value must not be empty]] 
	at org.springframework.messaging.handler.annotation.support.PayloadMethodArgumentResolver.resolveArgument(PayloadMethodArgumentResolver.java:122)
	at org.springframework.kafka.annotation.KafkaNullAwarePayloadArgumentResolver.resolveArgument(KafkaNullAwarePayloadArgumentResolver.java:46)
	at org.springframework.messaging.handler.invocation.HandlerMethodArgumentResolverComposite.resolveArgument(HandlerMethodArgumentResolverComposite.java:118)
	at org.springframework.messaging.handler.invocation.InvocableHandlerMethod.getMethodArgumentValues(InvocableHandlerMethod.java:147)
	at org.springframework.messaging.handler.invocation.InvocableHandlerMethod.invoke(InvocableHandlerMethod.java:115)
	at org.springframework.kafka.listener.adapter.HandlerAdapter.invoke(HandlerAdapter.java:56)
	at org.springframework.kafka.listener.adapter.MessagingMessageListenerAdapter.invokeHandler(MessagingMessageListenerAdapter.java:347)
	... 15 common frames omitted

2025-01-13 16:20:06.871  INFO [org.apache.kafka.clients.consumer.KafkaConsumer:1585] [Consumer clientId=consumer-item_group-1, groupId=item_group] Seeking to offset 81 for partition Item_Topic-0 
2025-01-13 16:20:06.874  INFO [za.co.woolworths.itemkafka_poc.kafka.producer.ItemProducerService:39] *****Message sent successfully for itemId: 100042626***** 
2025-01-13 16:20:06.878 ERROR [org.springframework.kafka.listener.DefaultErrorHandler:149] Backoff none exhausted for Item_Topic-0@81 org.springframework.kafka.listener.ListenerExecutionFailedException: invokeHandler Failed; nested exception is java.lang.IllegalStateException: No Acknowledgment available as an argument, the listener container must have a MANUAL AckMode to populate the Acknowledgment.; nested exception is java.lang.IllegalStateException: No Acknowledgment available as an argument, the listener container must have a MANUAL AckMode to populate the Acknowledgment.
	at org.springframework.kafka.listener.KafkaMessageListenerContainer$ListenerConsumer.decorateException(KafkaMessageListenerContainer.java:2636)
	at org.springframework.kafka.listener.KafkaMessageListenerContainer$ListenerConsumer.doInvokeOnMessage(KafkaMessageListenerContainer.java:2606)
	at org.springframework.kafka.listener.KafkaMessageListenerContainer$ListenerConsumer.invokeOnMessage(KafkaMessageListenerContainer.java:2567)
	at org.springframework.kafka.listener.KafkaMessageListenerContainer$ListenerConsumer.doInvokeRecordListener(KafkaMessageListenerContainer.java:2481)
	at org.springframework.kafka.listener.KafkaMessageListenerContainer$ListenerConsumer.doInvokeWithRecords(KafkaMessageListenerContainer.java:2403)
	at org.springframework.kafka.listener.KafkaMessageListenerContainer$ListenerConsumer.invokeRecordListener(KafkaMessageListenerContainer.java:2282)
	at org.springframework.kafka.listener.KafkaMessageListenerContainer$ListenerConsumer.invokeListener(KafkaMessageListenerContainer.java:1956)
	at org.springframework.kafka.listener.KafkaMessageListenerContainer$ListenerConsumer.invokeIfHaveRecords(KafkaMessageListenerContainer.java:1351)
	at org.springframework.kafka.listener.KafkaMessageListenerContainer$ListenerConsumer.pollAndInvoke(KafkaMessageListenerContainer.java:1342)
	at org.springframework.kafka.listener.KafkaMessageListenerContainer$ListenerConsumer.run(KafkaMessageListenerContainer.java:1234)
	at java.base/java.util.concurrent.Executors$RunnableAdapter.call(Executors.java:515)
	at java.base/java.util.concurrent.FutureTask.run$$$capture(FutureTask.java:264)
	at java.base/java.util.concurrent.FutureTask.run(FutureTask.java)
	at java.base/java.lang.Thread.run(Thread.java:832)
	Suppressed: org.springframework.kafka.listener.ListenerExecutionFailedException: Restored Stack Trace
		at org.springframework.kafka.listener.adapter.MessagingMessageListenerAdapter.checkAckArg(MessagingMessageListenerAdapter.java:369)
		at org.springframework.kafka.listener.adapter.MessagingMessageListenerAdapter.invokeHandler(MessagingMessageListenerAdapter.java:355)
		at org.springframework.kafka.listener.adapter.RecordMessagingMessageListenerAdapter.onMessage(RecordMessagingMessageListenerAdapter.java:92)
		at org.springframework.kafka.listener.adapter.RecordMessagingMessageListenerAdapter.onMessage(RecordMessagingMessageListenerAdapter.java:53)
		at org.springframework.kafka.listener.KafkaMessageListenerContainer$ListenerConsumer.doInvokeOnMessage(KafkaMessageListenerContainer.java:2586)
Caused by: java.lang.IllegalStateException: No Acknowledgment available as an argument, the listener container must have a MANUAL AckMode to populate the Acknowledgment.
	at org.springframework.kafka.listener.adapter.MessagingMessageListenerAdapter.checkAckArg(MessagingMessageListenerAdapter.java:369)
	at org.springframework.kafka.listener.adapter.MessagingMessageListenerAdapter.invokeHandler(MessagingMessageListenerAdapter.java:355)
	at org.springframework.kafka.listener.adapter.RecordMessagingMessageListenerAdapter.onMessage(RecordMessagingMessageListenerAdapter.java:92)
	at org.springframework.kafka.listener.adapter.RecordMessagingMessageListenerAdapter.onMessage(RecordMessagingMessageListenerAdapter.java:53)
	at org.springframework.kafka.listener.KafkaMessageListenerContainer$ListenerConsumer.doInvokeOnMessage(KafkaMessageListenerContainer.java:2586)
	... 12 common frames omitted
Caused by: org.springframework.messaging.handler.annotation.support.MethodArgumentNotValidException: Could not resolve method parameter at index 1 in public void za.co.woolworths.itemkafka_poc.kafka.consumer.ItemConsumerService.listen(org.apache.kafka.clients.consumer.ConsumerRecord<java.lang.String, java.lang.String>,org.springframework.kafka.support.Acknowledgment): 1 error(s): [Error in object 'acknowledgment': codes []; arguments []; default message [Payload value must not be empty]] 
	at org.springframework.messaging.handler.annotation.support.PayloadMethodArgumentResolver.resolveArgument(PayloadMethodArgumentResolver.java:122)
	at org.springframework.kafka.annotation.KafkaNullAwarePayloadArgumentResolver.resolveArgument(KafkaNullAwarePayloadArgumentResolver.java:46)
	at org.springframework.messaging.handler.invocation.HandlerMethodArgumentResolverComposite.resolveArgument(HandlerMethodArgumentResolverComposite.java:118)
	at org.springframework.messaging.handler.invocation.InvocableHandlerMethod.getMethodArgumentValues(InvocableHandlerMethod.java:147)
	at org.springframework.messaging.handler.invocation.InvocableHandlerMethod.invoke(InvocableHandlerMethod.java:115)
	at org.springframework.kafka.listener.adapter.HandlerAdapter.invoke(HandlerAdapter.java:56)
	at org.springframework.kafka.listener.adapter.MessagingMessageListenerAdapter.invokeHandler(MessagingMessageListenerAdapter.java:347)
	... 15 common frames omitted

2025-01-13 16:20:06.878  INFO [org.apache.kafka.clients.consumer.KafkaConsumer:1585] [Consumer clientId=consumer-item_group-1, groupId=item_group] Seeking to offset 82 for partition Item_Topic-0 
2025-01-13 16:20:06.882  INFO [za.co.woolworths.itemkafka_poc.kafka.producer.ItemProducerService:39] *****Message sent successfully for itemId: 100042634***** 
2025-01-13 16:20:06.885 ERROR [org.springframework.kafka.listener.DefaultErrorHandler:149] Backoff none exhausted for Item_Topic-0@82 org.springframework.kafka.listener.ListenerExecutionFailedException: invokeHandler Failed; nested exception is java.lang.IllegalStateException: No Acknowledgment available as an argument, the listener container must have a MANUAL AckMode to populate the Acknowledgment.; nested exception is java.lang.IllegalStateException: No Acknowledgment available as an argument, the listener container must have a MANUAL AckMode to populate the Acknowledgment.
	at org.springframework.kafka.listener.KafkaMessageListenerContainer$ListenerConsumer.decorateException(KafkaMessageListenerContainer.java:2636)
	at org.springframework.kafka.listener.KafkaMessageListenerContainer$ListenerConsumer.doInvokeOnMessage(KafkaMessageListenerContainer.java:2606)
	at org.springframework.kafka.listener.KafkaMessageListenerContainer$ListenerConsumer.invokeOnMessage(KafkaMessageListenerContainer.java:2567)
	at org.springframework.kafka.listener.KafkaMessageListenerContainer$ListenerConsumer.doInvokeRecordListener(KafkaMessageListenerContainer.java:2481)
	at org.springframework.kafka.listener.KafkaMessageListenerContainer$ListenerConsumer.doInvokeWithRecords(KafkaMessageListenerContainer.java:2403)
	at org.springframework.kafka.listener.KafkaMessageListenerContainer$ListenerConsumer.invokeRecordListener(KafkaMessageListenerContainer.java:2282)
	at org.springframework.kafka.listener.KafkaMessageListenerContainer$ListenerConsumer.invokeListener(KafkaMessageListenerContainer.java:1956)
	at org.springframework.kafka.listener.KafkaMessageListenerContainer$ListenerConsumer.invokeIfHaveRecords(KafkaMessageListenerContainer.java:1351)
	at org.springframework.kafka.listener.KafkaMessageListenerContainer$ListenerConsumer.pollAndInvoke(KafkaMessageListenerContainer.java:1342)
	at org.springframework.kafka.listener.KafkaMessageListenerContainer$ListenerConsumer.run(KafkaMessageListenerContainer.java:1234)
	at java.base/java.util.concurrent.Executors$RunnableAdapter.call(Executors.java:515)
	at java.base/java.util.concurrent.FutureTask.run$$$capture(FutureTask.java:264)
	at java.base/java.util.concurrent.FutureTask.run(FutureTask.java)
	at java.base/java.lang.Thread.run(Thread.java:832)
	Suppressed: org.springframework.kafka.listener.ListenerExecutionFailedException: Restored Stack Trace
		at org.springframework.kafka.listener.adapter.MessagingMessageListenerAdapter.checkAckArg(MessagingMessageListenerAdapter.java:369)
		at org.springframework.kafka.listener.adapter.MessagingMessageListenerAdapter.invokeHandler(MessagingMessageListenerAdapter.java:355)
		at org.springframework.kafka.listener.adapter.RecordMessagingMessageListenerAdapter.onMessage(RecordMessagingMessageListenerAdapter.java:92)
		at org.springframework.kafka.listener.adapter.RecordMessagingMessageListenerAdapter.onMessage(RecordMessagingMessageListenerAdapter.java:53)
		at org.springframework.kafka.listener.KafkaMessageListenerContainer$ListenerConsumer.doInvokeOnMessage(KafkaMessageListenerContainer.java:2586)
Caused by: java.lang.IllegalStateException: No Acknowledgment available as an argument, the listener container must have a MANUAL AckMode to populate the Acknowledgment.
	at org.springframework.kafka.listener.adapter.MessagingMessageListenerAdapter.checkAckArg(MessagingMessageListenerAdapter.java:369)
	at org.springframework.kafka.listener.adapter.MessagingMessageListenerAdapter.invokeHandler(MessagingMessageListenerAdapter.java:355)
	at org.springframework.kafka.listener.adapter.RecordMessagingMessageListenerAdapter.onMessage(RecordMessagingMessageListenerAdapter.java:92)
	at org.springframework.kafka.listener.adapter.RecordMessagingMessageListenerAdapter.onMessage(RecordMessagingMessageListenerAdapter.java:53)
	at org.springframework.kafka.listener.KafkaMessageListenerContainer$ListenerConsumer.doInvokeOnMessage(KafkaMessageListenerContainer.java:2586)
	... 12 common frames omitted
Caused by: org.springframework.messaging.handler.annotation.support.MethodArgumentNotValidException: Could not resolve method parameter at index 1 in public void za.co.woolworths.itemkafka_poc.kafka.consumer.ItemConsumerService.listen(org.apache.kafka.clients.consumer.ConsumerRecord<java.lang.String, java.lang.String>,org.springframework.kafka.support.Acknowledgment): 1 error(s): [Error in object 'acknowledgment': codes []; arguments []; default message [Payload value must not be empty]] 
	at org.springframework.messaging.handler.annotation.support.PayloadMethodArgumentResolver.resolveArgument(PayloadMethodArgumentResolver.java:122)
	at org.springframework.kafka.annotation.KafkaNullAwarePayloadArgumentResolver.resolveArgument(KafkaNullAwarePayloadArgumentResolver.java:46)
	at org.springframework.messaging.handler.invocation.HandlerMethodArgumentResolverComposite.resolveArgument(HandlerMethodArgumentResolverComposite.java:118)
	at org.springframework.messaging.handler.invocation.InvocableHandlerMethod.getMethodArgumentValues(InvocableHandlerMethod.java:147)
	at org.springframework.messaging.handler.invocation.InvocableHandlerMethod.invoke(InvocableHandlerMethod.java:115)
	at org.springframework.kafka.listener.adapter.HandlerAdapter.invoke(HandlerAdapter.java:56)
	at org.springframework.kafka.listener.adapter.MessagingMessageListenerAdapter.invokeHandler(MessagingMessageListenerAdapter.java:347)
	... 15 common frames omitted

2025-01-13 16:20:06.886  INFO [org.apache.kafka.clients.consumer.KafkaConsumer:1585] [Consumer clientId=consumer-item_group-1, groupId=item_group] Seeking to offset 83 for partition Item_Topic-0 
2025-01-13 16:20:06.888  INFO [za.co.woolworths.itemkafka_poc.kafka.producer.ItemProducerService:39] *****Message sent successfully for itemId: 100042642***** 
2025-01-13 16:20:06.891 ERROR [org.springframework.kafka.listener.DefaultErrorHandler:149] Backoff none exhausted for Item_Topic-0@83 org.springframework.kafka.listener.ListenerExecutionFailedException: invokeHandler Failed; nested exception is java.lang.IllegalStateException: No Acknowledgment available as an argument, the listener container must have a MANUAL AckMode to populate the Acknowledgment.; nested exception is java.lang.IllegalStateException: No Acknowledgment available as an argument, the listener container must have a MANUAL AckMode to populate the Acknowledgment.
	at org.springframework.kafka.listener.KafkaMessageListenerContainer$ListenerConsumer.decorateException(KafkaMessageListenerContainer.java:2636)
	at org.springframework.kafka.listener.KafkaMessageListenerContainer$ListenerConsumer.doInvokeOnMessage(KafkaMessageListenerContainer.java:2606)
	at org.springframework.kafka.listener.KafkaMessageListenerContainer$ListenerConsumer.invokeOnMessage(KafkaMessageListenerContainer.java:2567)
	at org.springframework.kafka.listener.KafkaMessageListenerContainer$ListenerConsumer.doInvokeRecordListener(KafkaMessageListenerContainer.java:2481)
	at org.springframework.kafka.listener.KafkaMessageListenerContainer$ListenerConsumer.doInvokeWithRecords(KafkaMessageListenerContainer.java:2403)
	at org.springframework.kafka.listener.KafkaMessageListenerContainer$ListenerConsumer.invokeRecordListener(KafkaMessageListenerContainer.java:2282)
	at org.springframework.kafka.listener.KafkaMessageListenerContainer$ListenerConsumer.invokeListener(KafkaMessageListenerContainer.java:1956)
	at org.springframework.kafka.listener.KafkaMessageListenerContainer$ListenerConsumer.invokeIfHaveRecords(KafkaMessageListenerContainer.java:1351)
	at org.springframework.kafka.listener.KafkaMessageListenerContainer$ListenerConsumer.pollAndInvoke(KafkaMessageListenerContainer.java:1342)
	at org.springframework.kafka.listener.KafkaMessageListenerContainer$ListenerConsumer.run(KafkaMessageListenerContainer.java:1234)
	at java.base/java.util.concurrent.Executors$RunnableAdapter.call(Executors.java:515)
	at java.base/java.util.concurrent.FutureTask.run$$$capture(FutureTask.java:264)
	at java.base/java.util.concurrent.FutureTask.run(FutureTask.java)
	at java.base/java.lang.Thread.run(Thread.java:832)
	Suppressed: org.springframework.kafka.listener.ListenerExecutionFailedException: Restored Stack Trace
		at org.springframework.kafka.listener.adapter.MessagingMessageListenerAdapter.checkAckArg(MessagingMessageListenerAdapter.java:369)
		at org.springframework.kafka.listener.adapter.MessagingMessageListenerAdapter.invokeHandler(MessagingMessageListenerAdapter.java:355)
		at org.springframework.kafka.listener.adapter.RecordMessagingMessageListenerAdapter.onMessage(RecordMessagingMessageListenerAdapter.java:92)
		at org.springframework.kafka.listener.adapter.RecordMessagingMessageListenerAdapter.onMessage(RecordMessagingMessageListenerAdapter.java:53)
		at org.springframework.kafka.listener.KafkaMessageListenerContainer$ListenerConsumer.doInvokeOnMessage(KafkaMessageListenerContainer.java:2586)
Caused by: java.lang.IllegalStateException: No Acknowledgment available as an argument, the listener container must have a MANUAL AckMode to populate the Acknowledgment.
	at org.springframework.kafka.listener.adapter.MessagingMessageListenerAdapter.checkAckArg(MessagingMessageListenerAdapter.java:369)
	at org.springframework.kafka.listener.adapter.MessagingMessageListenerAdapter.invokeHandler(MessagingMessageListenerAdapter.java:355)
	at org.springframework.kafka.listener.adapter.RecordMessagingMessageListenerAdapter.onMessage(RecordMessagingMessageListenerAdapter.java:92)
	at org.springframework.kafka.listener.adapter.RecordMessagingMessageListenerAdapter.onMessage(RecordMessagingMessageListenerAdapter.java:53)
	at org.springframework.kafka.listener.KafkaMessageListenerContainer$ListenerConsumer.doInvokeOnMessage(KafkaMessageListenerContainer.java:2586)
	... 12 common frames omitted
Caused by: org.springframework.messaging.handler.annotation.support.MethodArgumentNotValidException: Could not resolve method parameter at index 1 in public void za.co.woolworths.itemkafka_poc.kafka.consumer.ItemConsumerService.listen(org.apache.kafka.clients.consumer.ConsumerRecord<java.lang.String, java.lang.String>,org.springframework.kafka.support.Acknowledgment): 1 error(s): [Error in object 'acknowledgment': codes []; arguments []; default message [Payload value must not be empty]] 
	at org.springframework.messaging.handler.annotation.support.PayloadMethodArgumentResolver.resolveArgument(PayloadMethodArgumentResolver.java:122)
	at org.springframework.kafka.annotation.KafkaNullAwarePayloadArgumentResolver.resolveArgument(KafkaNullAwarePayloadArgumentResolver.java:46)
	at org.springframework.messaging.handler.invocation.HandlerMethodArgumentResolverComposite.resolveArgument(HandlerMethodArgumentResolverComposite.java:118)
	at org.springframework.messaging.handler.invocation.InvocableHandlerMethod.getMethodArgumentValues(InvocableHandlerMethod.java:147)
	at org.springframework.messaging.handler.invocation.InvocableHandlerMethod.invoke(InvocableHandlerMethod.java:115)
	at org.springframework.kafka.listener.adapter.HandlerAdapter.invoke(HandlerAdapter.java:56)
	at org.springframework.kafka.listener.adapter.MessagingMessageListenerAdapter.invokeHandler(MessagingMessageListenerAdapter.java:347)
	... 15 common frames omitted

2025-01-13 16:20:06.891  INFO [org.apache.kafka.clients.consumer.KafkaConsumer:1585] [Consumer clientId=consumer-item_group-1, groupId=item_group] Seeking to offset 84 for partition Item_Topic-0 
2025-01-13 16:20:06.894  INFO [za.co.woolworths.itemkafka_poc.kafka.producer.ItemProducerService:39] *****Message sent successfully for itemId: 100042668***** 
2025-01-13 16:20:06.898 ERROR [org.springframework.kafka.listener.DefaultErrorHandler:149] Backoff none exhausted for Item_Topic-0@84 org.springframework.kafka.listener.ListenerExecutionFailedException: invokeHandler Failed; nested exception is java.lang.IllegalStateException: No Acknowledgment available as an argument, the listener container must have a MANUAL AckMode to populate the Acknowledgment.; nested exception is java.lang.IllegalStateException: No Acknowledgment available as an argument, the listener container must have a MANUAL AckMode to populate the Acknowledgment.
	at org.springframework.kafka.listener.KafkaMessageListenerContainer$ListenerConsumer.decorateException(KafkaMessageListenerContainer.java:2636)
	at org.springframework.kafka.listener.KafkaMessageListenerContainer$ListenerConsumer.doInvokeOnMessage(KafkaMessageListenerContainer.java:2606)
	at org.springframework.kafka.listener.KafkaMessageListenerContainer$ListenerConsumer.invokeOnMessage(KafkaMessageListenerContainer.java:2567)
	at org.springframework.kafka.listener.KafkaMessageListenerContainer$ListenerConsumer.doInvokeRecordListener(KafkaMessageListenerContainer.java:2481)
	at org.springframework.kafka.listener.KafkaMessageListenerContainer$ListenerConsumer.doInvokeWithRecords(KafkaMessageListenerContainer.java:2403)
	at org.springframework.kafka.listener.KafkaMessageListenerContainer$ListenerConsumer.invokeRecordListener(KafkaMessageListenerContainer.java:2282)
	at org.springframework.kafka.listener.KafkaMessageListenerContainer$ListenerConsumer.invokeListener(KafkaMessageListenerContainer.java:1956)
	at org.springframework.kafka.listener.KafkaMessageListenerContainer$ListenerConsumer.invokeIfHaveRecords(KafkaMessageListenerContainer.java:1351)
	at org.springframework.kafka.listener.KafkaMessageListenerContainer$ListenerConsumer.pollAndInvoke(KafkaMessageListenerContainer.java:1342)
	at org.springframework.kafka.listener.KafkaMessageListenerContainer$ListenerConsumer.run(KafkaMessageListenerContainer.java:1234)
	at java.base/java.util.concurrent.Executors$RunnableAdapter.call(Executors.java:515)
	at java.base/java.util.concurrent.FutureTask.run$$$capture(FutureTask.java:264)
	at java.base/java.util.concurrent.FutureTask.run(FutureTask.java)
	at java.base/java.lang.Thread.run(Thread.java:832)
	Suppressed: org.springframework.kafka.listener.ListenerExecutionFailedException: Restored Stack Trace
		at org.springframework.kafka.listener.adapter.MessagingMessageListenerAdapter.checkAckArg(MessagingMessageListenerAdapter.java:369)
		at org.springframework.kafka.listener.adapter.MessagingMessageListenerAdapter.invokeHandler(MessagingMessageListenerAdapter.java:355)
		at org.springframework.kafka.listener.adapter.RecordMessagingMessageListenerAdapter.onMessage(RecordMessagingMessageListenerAdapter.java:92)
		at org.springframework.kafka.listener.adapter.RecordMessagingMessageListenerAdapter.onMessage(RecordMessagingMessageListenerAdapter.java:53)
		at org.springframework.kafka.listener.KafkaMessageListenerContainer$ListenerConsumer.doInvokeOnMessage(KafkaMessageListenerContainer.java:2586)
Caused by: java.lang.IllegalStateException: No Acknowledgment available as an argument, the listener container must have a MANUAL AckMode to populate the Acknowledgment.
	at org.springframework.kafka.listener.adapter.MessagingMessageListenerAdapter.checkAckArg(MessagingMessageListenerAdapter.java:369)
	at org.springframework.kafka.listener.adapter.MessagingMessageListenerAdapter.invokeHandler(MessagingMessageListenerAdapter.java:355)
	at org.springframework.kafka.listener.adapter.RecordMessagingMessageListenerAdapter.onMessage(RecordMessagingMessageListenerAdapter.java:92)
	at org.springframework.kafka.listener.adapter.RecordMessagingMessageListenerAdapter.onMessage(RecordMessagingMessageListenerAdapter.java:53)
	at org.springframework.kafka.listener.KafkaMessageListenerContainer$ListenerConsumer.doInvokeOnMessage(KafkaMessageListenerContainer.java:2586)
	... 12 common frames omitted
Caused by: org.springframework.messaging.handler.annotation.support.MethodArgumentNotValidException: Could not resolve method parameter at index 1 in public void za.co.woolworths.itemkafka_poc.kafka.consumer.ItemConsumerService.listen(org.apache.kafka.clients.consumer.ConsumerRecord<java.lang.String, java.lang.String>,org.springframework.kafka.support.Acknowledgment): 1 error(s): [Error in object 'acknowledgment': codes []; arguments []; default message [Payload value must not be empty]] 
	at org.springframework.messaging.handler.annotation.support.PayloadMethodArgumentResolver.resolveArgument(PayloadMethodArgumentResolver.java:122)
	at org.springframework.kafka.annotation.KafkaNullAwarePayloadArgumentResolver.resolveArgument(KafkaNullAwarePayloadArgumentResolver.java:46)
	at org.springframework.messaging.handler.invocation.HandlerMethodArgumentResolverComposite.resolveArgument(HandlerMethodArgumentResolverComposite.java:118)
	at org.springframework.messaging.handler.invocation.InvocableHandlerMethod.getMethodArgumentValues(InvocableHandlerMethod.java:147)
	at org.springframework.messaging.handler.invocation.InvocableHandlerMethod.invoke(InvocableHandlerMethod.java:115)
	at org.springframework.kafka.listener.adapter.HandlerAdapter.invoke(HandlerAdapter.java:56)
	at org.springframework.kafka.listener.adapter.MessagingMessageListenerAdapter.invokeHandler(MessagingMessageListenerAdapter.java:347)
	... 15 common frames omitted

2025-01-13 16:20:06.898  INFO [org.apache.kafka.clients.consumer.KafkaConsumer:1585] [Consumer clientId=consumer-item_group-1, groupId=item_group] Seeking to offset 85 for partition Item_Topic-0 
2025-01-13 16:20:06.901  INFO [za.co.woolworths.itemkafka_poc.kafka.producer.ItemProducerService:39] *****Message sent successfully for itemId: 100042676***** 
2025-01-13 16:20:06.904 ERROR [org.springframework.kafka.listener.DefaultErrorHandler:149] Backoff none exhausted for Item_Topic-0@85 org.springframework.kafka.listener.ListenerExecutionFailedException: invokeHandler Failed; nested exception is java.lang.IllegalStateException: No Acknowledgment available as an argument, the listener container must have a MANUAL AckMode to populate the Acknowledgment.; nested exception is java.lang.IllegalStateException: No Acknowledgment available as an argument, the listener container must have a MANUAL AckMode to populate the Acknowledgment.
	at org.springframework.kafka.listener.KafkaMessageListenerContainer$ListenerConsumer.decorateException(KafkaMessageListenerContainer.java:2636)
	at org.springframework.kafka.listener.KafkaMessageListenerContainer$ListenerConsumer.doInvokeOnMessage(KafkaMessageListenerContainer.java:2606)
	at org.springframework.kafka.listener.KafkaMessageListenerContainer$ListenerConsumer.invokeOnMessage(KafkaMessageListenerContainer.java:2567)
	at org.springframework.kafka.listener.KafkaMessageListenerContainer$ListenerConsumer.doInvokeRecordListener(KafkaMessageListenerContainer.java:2481)
	at org.springframework.kafka.listener.KafkaMessageListenerContainer$ListenerConsumer.doInvokeWithRecords(KafkaMessageListenerContainer.java:2403)
	at org.springframework.kafka.listener.KafkaMessageListenerContainer$ListenerConsumer.invokeRecordListener(KafkaMessageListenerContainer.java:2282)
	at org.springframework.kafka.listener.KafkaMessageListenerContainer$ListenerConsumer.invokeListener(KafkaMessageListenerContainer.java:1956)
	at org.springframework.kafka.listener.KafkaMessageListenerContainer$ListenerConsumer.invokeIfHaveRecords(KafkaMessageListenerContainer.java:1351)
	at org.springframework.kafka.listener.KafkaMessageListenerContainer$ListenerConsumer.pollAndInvoke(KafkaMessageListenerContainer.java:1342)
	at org.springframework.kafka.listener.KafkaMessageListenerContainer$ListenerConsumer.run(KafkaMessageListenerContainer.java:1234)
	at java.base/java.util.concurrent.Executors$RunnableAdapter.call(Executors.java:515)
	at java.base/java.util.concurrent.FutureTask.run$$$capture(FutureTask.java:264)
	at java.base/java.util.concurrent.FutureTask.run(FutureTask.java)
	at java.base/java.lang.Thread.run(Thread.java:832)
	Suppressed: org.springframework.kafka.listener.ListenerExecutionFailedException: Restored Stack Trace
		at org.springframework.kafka.listener.adapter.MessagingMessageListenerAdapter.checkAckArg(MessagingMessageListenerAdapter.java:369)
		at org.springframework.kafka.listener.adapter.MessagingMessageListenerAdapter.invokeHandler(MessagingMessageListenerAdapter.java:355)
		at org.springframework.kafka.listener.adapter.RecordMessagingMessageListenerAdapter.onMessage(RecordMessagingMessageListenerAdapter.java:92)
		at org.springframework.kafka.listener.adapter.RecordMessagingMessageListenerAdapter.onMessage(RecordMessagingMessageListenerAdapter.java:53)
		at org.springframework.kafka.listener.KafkaMessageListenerContainer$ListenerConsumer.doInvokeOnMessage(KafkaMessageListenerContainer.java:2586)
Caused by: java.lang.IllegalStateException: No Acknowledgment available as an argument, the listener container must have a MANUAL AckMode to populate the Acknowledgment.
	at org.springframework.kafka.listener.adapter.MessagingMessageListenerAdapter.checkAckArg(MessagingMessageListenerAdapter.java:369)
	at org.springframework.kafka.listener.adapter.MessagingMessageListenerAdapter.invokeHandler(MessagingMessageListenerAdapter.java:355)
	at org.springframework.kafka.listener.adapter.RecordMessagingMessageListenerAdapter.onMessage(RecordMessagingMessageListenerAdapter.java:92)
	at org.springframework.kafka.listener.adapter.RecordMessagingMessageListenerAdapter.onMessage(RecordMessagingMessageListenerAdapter.java:53)
	at org.springframework.kafka.listener.KafkaMessageListenerContainer$ListenerConsumer.doInvokeOnMessage(KafkaMessageListenerContainer.java:2586)
	... 12 common frames omitted
Caused by: org.springframework.messaging.handler.annotation.support.MethodArgumentNotValidException: Could not resolve method parameter at index 1 in public void za.co.woolworths.itemkafka_poc.kafka.consumer.ItemConsumerService.listen(org.apache.kafka.clients.consumer.ConsumerRecord<java.lang.String, java.lang.String>,org.springframework.kafka.support.Acknowledgment): 1 error(s): [Error in object 'acknowledgment': codes []; arguments []; default message [Payload value must not be empty]] 
	at org.springframework.messaging.handler.annotation.support.PayloadMethodArgumentResolver.resolveArgument(PayloadMethodArgumentResolver.java:122)
	at org.springframework.kafka.annotation.KafkaNullAwarePayloadArgumentResolver.resolveArgument(KafkaNullAwarePayloadArgumentResolver.java:46)
	at org.springframework.messaging.handler.invocation.HandlerMethodArgumentResolverComposite.resolveArgument(HandlerMethodArgumentResolverComposite.java:118)
	at org.springframework.messaging.handler.invocation.InvocableHandlerMethod.getMethodArgumentValues(InvocableHandlerMethod.java:147)
	at org.springframework.messaging.handler.invocation.InvocableHandlerMethod.invoke(InvocableHandlerMethod.java:115)
	at org.springframework.kafka.listener.adapter.HandlerAdapter.invoke(HandlerAdapter.java:56)
	at org.springframework.kafka.listener.adapter.MessagingMessageListenerAdapter.invokeHandler(MessagingMessageListenerAdapter.java:347)
	... 15 common frames omitted

2025-01-13 16:20:06.905  INFO [org.apache.kafka.clients.consumer.KafkaConsumer:1585] [Consumer clientId=consumer-item_group-1, groupId=item_group] Seeking to offset 86 for partition Item_Topic-0 
2025-01-13 16:20:06.908  INFO [za.co.woolworths.itemkafka_poc.kafka.producer.ItemProducerService:39] *****Message sent successfully for itemId: 100042684***** 
2025-01-13 16:20:06.911 ERROR [org.springframework.kafka.listener.DefaultErrorHandler:149] Backoff none exhausted for Item_Topic-0@86 org.springframework.kafka.listener.ListenerExecutionFailedException: invokeHandler Failed; nested exception is java.lang.IllegalStateException: No Acknowledgment available as an argument, the listener container must have a MANUAL AckMode to populate the Acknowledgment.; nested exception is java.lang.IllegalStateException: No Acknowledgment available as an argument, the listener container must have a MANUAL AckMode to populate the Acknowledgment.
	at org.springframework.kafka.listener.KafkaMessageListenerContainer$ListenerConsumer.decorateException(KafkaMessageListenerContainer.java:2636)
	at org.springframework.kafka.listener.KafkaMessageListenerContainer$ListenerConsumer.doInvokeOnMessage(KafkaMessageListenerContainer.java:2606)
	at org.springframework.kafka.listener.KafkaMessageListenerContainer$ListenerConsumer.invokeOnMessage(KafkaMessageListenerContainer.java:2567)
	at org.springframework.kafka.listener.KafkaMessageListenerContainer$ListenerConsumer.doInvokeRecordListener(KafkaMessageListenerContainer.java:2481)
	at org.springframework.kafka.listener.KafkaMessageListenerContainer$ListenerConsumer.doInvokeWithRecords(KafkaMessageListenerContainer.java:2403)
	at org.springframework.kafka.listener.KafkaMessageListenerContainer$ListenerConsumer.invokeRecordListener(KafkaMessageListenerContainer.java:2282)
	at org.springframework.kafka.listener.KafkaMessageListenerContainer$ListenerConsumer.invokeListener(KafkaMessageListenerContainer.java:1956)
	at org.springframework.kafka.listener.KafkaMessageListenerContainer$ListenerConsumer.invokeIfHaveRecords(KafkaMessageListenerContainer.java:1351)
	at org.springframework.kafka.listener.KafkaMessageListenerContainer$ListenerConsumer.pollAndInvoke(KafkaMessageListenerContainer.java:1342)
	at org.springframework.kafka.listener.KafkaMessageListenerContainer$ListenerConsumer.run(KafkaMessageListenerContainer.java:1234)
	at java.base/java.util.concurrent.Executors$RunnableAdapter.call(Executors.java:515)
	at java.base/java.util.concurrent.FutureTask.run$$$capture(FutureTask.java:264)
	at java.base/java.util.concurrent.FutureTask.run(FutureTask.java)
	at java.base/java.lang.Thread.run(Thread.java:832)
	Suppressed: org.springframework.kafka.listener.ListenerExecutionFailedException: Restored Stack Trace
		at org.springframework.kafka.listener.adapter.MessagingMessageListenerAdapter.checkAckArg(MessagingMessageListenerAdapter.java:369)
		at org.springframework.kafka.listener.adapter.MessagingMessageListenerAdapter.invokeHandler(MessagingMessageListenerAdapter.java:355)
		at org.springframework.kafka.listener.adapter.RecordMessagingMessageListenerAdapter.onMessage(RecordMessagingMessageListenerAdapter.java:92)
		at org.springframework.kafka.listener.adapter.RecordMessagingMessageListenerAdapter.onMessage(RecordMessagingMessageListenerAdapter.java:53)
		at org.springframework.kafka.listener.KafkaMessageListenerContainer$ListenerConsumer.doInvokeOnMessage(KafkaMessageListenerContainer.java:2586)
Caused by: java.lang.IllegalStateException: No Acknowledgment available as an argument, the listener container must have a MANUAL AckMode to populate the Acknowledgment.
	at org.springframework.kafka.listener.adapter.MessagingMessageListenerAdapter.checkAckArg(MessagingMessageListenerAdapter.java:369)
	at org.springframework.kafka.listener.adapter.MessagingMessageListenerAdapter.invokeHandler(MessagingMessageListenerAdapter.java:355)
	at org.springframework.kafka.listener.adapter.RecordMessagingMessageListenerAdapter.onMessage(RecordMessagingMessageListenerAdapter.java:92)
	at org.springframework.kafka.listener.adapter.RecordMessagingMessageListenerAdapter.onMessage(RecordMessagingMessageListenerAdapter.java:53)
	at org.springframework.kafka.listener.KafkaMessageListenerContainer$ListenerConsumer.doInvokeOnMessage(KafkaMessageListenerContainer.java:2586)
	... 12 common frames omitted
Caused by: org.springframework.messaging.handler.annotation.support.MethodArgumentNotValidException: Could not resolve method parameter at index 1 in public void za.co.woolworths.itemkafka_poc.kafka.consumer.ItemConsumerService.listen(org.apache.kafka.clients.consumer.ConsumerRecord<java.lang.String, java.lang.String>,org.springframework.kafka.support.Acknowledgment): 1 error(s): [Error in object 'acknowledgment': codes []; arguments []; default message [Payload value must not be empty]] 
	at org.springframework.messaging.handler.annotation.support.PayloadMethodArgumentResolver.resolveArgument(PayloadMethodArgumentResolver.java:122)
	at org.springframework.kafka.annotation.KafkaNullAwarePayloadArgumentResolver.resolveArgument(KafkaNullAwarePayloadArgumentResolver.java:46)
	at org.springframework.messaging.handler.invocation.HandlerMethodArgumentResolverComposite.resolveArgument(HandlerMethodArgumentResolverComposite.java:118)
	at org.springframework.messaging.handler.invocation.InvocableHandlerMethod.getMethodArgumentValues(InvocableHandlerMethod.java:147)
	at org.springframework.messaging.handler.invocation.InvocableHandlerMethod.invoke(InvocableHandlerMethod.java:115)
	at org.springframework.kafka.listener.adapter.HandlerAdapter.invoke(HandlerAdapter.java:56)
	at org.springframework.kafka.listener.adapter.MessagingMessageListenerAdapter.invokeHandler(MessagingMessageListenerAdapter.java:347)
	... 15 common frames omitted

2025-01-13 16:20:06.911  INFO [org.apache.kafka.clients.consumer.KafkaConsumer:1585] [Consumer clientId=consumer-item_group-1, groupId=item_group] Seeking to offset 87 for partition Item_Topic-0 
2025-01-13 16:20:06.915  INFO [za.co.woolworths.itemkafka_poc.kafka.producer.ItemProducerService:39] *****Message sent successfully for itemId: 100042692***** 
2025-01-13 16:20:06.918 ERROR [org.springframework.kafka.listener.DefaultErrorHandler:149] Backoff none exhausted for Item_Topic-0@87 org.springframework.kafka.listener.ListenerExecutionFailedException: invokeHandler Failed; nested exception is java.lang.IllegalStateException: No Acknowledgment available as an argument, the listener container must have a MANUAL AckMode to populate the Acknowledgment.; nested exception is java.lang.IllegalStateException: No Acknowledgment available as an argument, the listener container must have a MANUAL AckMode to populate the Acknowledgment.
	at org.springframework.kafka.listener.KafkaMessageListenerContainer$ListenerConsumer.decorateException(KafkaMessageListenerContainer.java:2636)
	at org.springframework.kafka.listener.KafkaMessageListenerContainer$ListenerConsumer.doInvokeOnMessage(KafkaMessageListenerContainer.java:2606)
	at org.springframework.kafka.listener.KafkaMessageListenerContainer$ListenerConsumer.invokeOnMessage(KafkaMessageListenerContainer.java:2567)
	at org.springframework.kafka.listener.KafkaMessageListenerContainer$ListenerConsumer.doInvokeRecordListener(KafkaMessageListenerContainer.java:2481)
	at org.springframework.kafka.listener.KafkaMessageListenerContainer$ListenerConsumer.doInvokeWithRecords(KafkaMessageListenerContainer.java:2403)
	at org.springframework.kafka.listener.KafkaMessageListenerContainer$ListenerConsumer.invokeRecordListener(KafkaMessageListenerContainer.java:2282)
	at org.springframework.kafka.listener.KafkaMessageListenerContainer$ListenerConsumer.invokeListener(KafkaMessageListenerContainer.java:1956)
	at org.springframework.kafka.listener.KafkaMessageListenerContainer$ListenerConsumer.invokeIfHaveRecords(KafkaMessageListenerContainer.java:1351)
	at org.springframework.kafka.listener.KafkaMessageListenerContainer$ListenerConsumer.pollAndInvoke(KafkaMessageListenerContainer.java:1342)
	at org.springframework.kafka.listener.KafkaMessageListenerContainer$ListenerConsumer.run(KafkaMessageListenerContainer.java:1234)
	at java.base/java.util.concurrent.Executors$RunnableAdapter.call(Executors.java:515)
	at java.base/java.util.concurrent.FutureTask.run$$$capture(FutureTask.java:264)
	at java.base/java.util.concurrent.FutureTask.run(FutureTask.java)
	at java.base/java.lang.Thread.run(Thread.java:832)
	Suppressed: org.springframework.kafka.listener.ListenerExecutionFailedException: Restored Stack Trace
		at org.springframework.kafka.listener.adapter.MessagingMessageListenerAdapter.checkAckArg(MessagingMessageListenerAdapter.java:369)
		at org.springframework.kafka.listener.adapter.MessagingMessageListenerAdapter.invokeHandler(MessagingMessageListenerAdapter.java:355)
		at org.springframework.kafka.listener.adapter.RecordMessagingMessageListenerAdapter.onMessage(RecordMessagingMessageListenerAdapter.java:92)
		at org.springframework.kafka.listener.adapter.RecordMessagingMessageListenerAdapter.onMessage(RecordMessagingMessageListenerAdapter.java:53)
		at org.springframework.kafka.listener.KafkaMessageListenerContainer$ListenerConsumer.doInvokeOnMessage(KafkaMessageListenerContainer.java:2586)
Caused by: java.lang.IllegalStateException: No Acknowledgment available as an argument, the listener container must have a MANUAL AckMode to populate the Acknowledgment.
	at org.springframework.kafka.listener.adapter.MessagingMessageListenerAdapter.checkAckArg(MessagingMessageListenerAdapter.java:369)
	at org.springframework.kafka.listener.adapter.MessagingMessageListenerAdapter.invokeHandler(MessagingMessageListenerAdapter.java:355)
	at org.springframework.kafka.listener.adapter.RecordMessagingMessageListenerAdapter.onMessage(RecordMessagingMessageListenerAdapter.java:92)
	at org.springframework.kafka.listener.adapter.RecordMessagingMessageListenerAdapter.onMessage(RecordMessagingMessageListenerAdapter.java:53)
	at org.springframework.kafka.listener.KafkaMessageListenerContainer$ListenerConsumer.doInvokeOnMessage(KafkaMessageListenerContainer.java:2586)
	... 12 common frames omitted
Caused by: org.springframework.messaging.handler.annotation.support.MethodArgumentNotValidException: Could not resolve method parameter at index 1 in public void za.co.woolworths.itemkafka_poc.kafka.consumer.ItemConsumerService.listen(org.apache.kafka.clients.consumer.ConsumerRecord<java.lang.String, java.lang.String>,org.springframework.kafka.support.Acknowledgment): 1 error(s): [Error in object 'acknowledgment': codes []; arguments []; default message [Payload value must not be empty]] 
	at org.springframework.messaging.handler.annotation.support.PayloadMethodArgumentResolver.resolveArgument(PayloadMethodArgumentResolver.java:122)
	at org.springframework.kafka.annotation.KafkaNullAwarePayloadArgumentResolver.resolveArgument(KafkaNullAwarePayloadArgumentResolver.java:46)
	at org.springframework.messaging.handler.invocation.HandlerMethodArgumentResolverComposite.resolveArgument(HandlerMethodArgumentResolverComposite.java:118)
	at org.springframework.messaging.handler.invocation.InvocableHandlerMethod.getMethodArgumentValues(InvocableHandlerMethod.java:147)
	at org.springframework.messaging.handler.invocation.InvocableHandlerMethod.invoke(InvocableHandlerMethod.java:115)
	at org.springframework.kafka.listener.adapter.HandlerAdapter.invoke(HandlerAdapter.java:56)
	at org.springframework.kafka.listener.adapter.MessagingMessageListenerAdapter.invokeHandler(MessagingMessageListenerAdapter.java:347)
	... 15 common frames omitted

2025-01-13 16:20:06.919  INFO [org.apache.kafka.clients.consumer.KafkaConsumer:1585] [Consumer clientId=consumer-item_group-1, groupId=item_group] Seeking to offset 88 for partition Item_Topic-0 
2025-01-13 16:20:06.922  INFO [za.co.woolworths.itemkafka_poc.kafka.producer.ItemProducerService:39] *****Message sent successfully for itemId: 100044620***** 
2025-01-13 16:20:06.926 ERROR [org.springframework.kafka.listener.DefaultErrorHandler:149] Backoff none exhausted for Item_Topic-0@88 org.springframework.kafka.listener.ListenerExecutionFailedException: invokeHandler Failed; nested exception is java.lang.IllegalStateException: No Acknowledgment available as an argument, the listener container must have a MANUAL AckMode to populate the Acknowledgment.; nested exception is java.lang.IllegalStateException: No Acknowledgment available as an argument, the listener container must have a MANUAL AckMode to populate the Acknowledgment.
	at org.springframework.kafka.listener.KafkaMessageListenerContainer$ListenerConsumer.decorateException(KafkaMessageListenerContainer.java:2636)
	at org.springframework.kafka.listener.KafkaMessageListenerContainer$ListenerConsumer.doInvokeOnMessage(KafkaMessageListenerContainer.java:2606)
	at org.springframework.kafka.listener.KafkaMessageListenerContainer$ListenerConsumer.invokeOnMessage(KafkaMessageListenerContainer.java:2567)
	at org.springframework.kafka.listener.KafkaMessageListenerContainer$ListenerConsumer.doInvokeRecordListener(KafkaMessageListenerContainer.java:2481)
	at org.springframework.kafka.listener.KafkaMessageListenerContainer$ListenerConsumer.doInvokeWithRecords(KafkaMessageListenerContainer.java:2403)
	at org.springframework.kafka.listener.KafkaMessageListenerContainer$ListenerConsumer.invokeRecordListener(KafkaMessageListenerContainer.java:2282)
	at org.springframework.kafka.listener.KafkaMessageListenerContainer$ListenerConsumer.invokeListener(KafkaMessageListenerContainer.java:1956)
	at org.springframework.kafka.listener.KafkaMessageListenerContainer$ListenerConsumer.invokeIfHaveRecords(KafkaMessageListenerContainer.java:1351)
	at org.springframework.kafka.listener.KafkaMessageListenerContainer$ListenerConsumer.pollAndInvoke(KafkaMessageListenerContainer.java:1342)
	at org.springframework.kafka.listener.KafkaMessageListenerContainer$ListenerConsumer.run(KafkaMessageListenerContainer.java:1234)
	at java.base/java.util.concurrent.Executors$RunnableAdapter.call(Executors.java:515)
	at java.base/java.util.concurrent.FutureTask.run$$$capture(FutureTask.java:264)
	at java.base/java.util.concurrent.FutureTask.run(FutureTask.java)
	at java.base/java.lang.Thread.run(Thread.java:832)
	Suppressed: org.springframework.kafka.listener.ListenerExecutionFailedException: Restored Stack Trace
		at org.springframework.kafka.listener.adapter.MessagingMessageListenerAdapter.checkAckArg(MessagingMessageListenerAdapter.java:369)
		at org.springframework.kafka.listener.adapter.MessagingMessageListenerAdapter.invokeHandler(MessagingMessageListenerAdapter.java:355)
		at org.springframework.kafka.listener.adapter.RecordMessagingMessageListenerAdapter.onMessage(RecordMessagingMessageListenerAdapter.java:92)
		at org.springframework.kafka.listener.adapter.RecordMessagingMessageListenerAdapter.onMessage(RecordMessagingMessageListenerAdapter.java:53)
		at org.springframework.kafka.listener.KafkaMessageListenerContainer$ListenerConsumer.doInvokeOnMessage(KafkaMessageListenerContainer.java:2586)
Caused by: java.lang.IllegalStateException: No Acknowledgment available as an argument, the listener container must have a MANUAL AckMode to populate the Acknowledgment.
	at org.springframework.kafka.listener.adapter.MessagingMessageListenerAdapter.checkAckArg(MessagingMessageListenerAdapter.java:369)
	at org.springframework.kafka.listener.adapter.MessagingMessageListenerAdapter.invokeHandler(MessagingMessageListenerAdapter.java:355)
	at org.springframework.kafka.listener.adapter.RecordMessagingMessageListenerAdapter.onMessage(RecordMessagingMessageListenerAdapter.java:92)
	at org.springframework.kafka.listener.adapter.RecordMessagingMessageListenerAdapter.onMessage(RecordMessagingMessageListenerAdapter.java:53)
	at org.springframework.kafka.listener.KafkaMessageListenerContainer$ListenerConsumer.doInvokeOnMessage(KafkaMessageListenerContainer.java:2586)
	... 12 common frames omitted
Caused by: org.springframework.messaging.handler.annotation.support.MethodArgumentNotValidException: Could not resolve method parameter at index 1 in public void za.co.woolworths.itemkafka_poc.kafka.consumer.ItemConsumerService.listen(org.apache.kafka.clients.consumer.ConsumerRecord<java.lang.String, java.lang.String>,org.springframework.kafka.support.Acknowledgment): 1 error(s): [Error in object 'acknowledgment': codes []; arguments []; default message [Payload value must not be empty]] 
	at org.springframework.messaging.handler.annotation.support.PayloadMethodArgumentResolver.resolveArgument(PayloadMethodArgumentResolver.java:122)
	at org.springframework.kafka.annotation.KafkaNullAwarePayloadArgumentResolver.resolveArgument(KafkaNullAwarePayloadArgumentResolver.java:46)
	at org.springframework.messaging.handler.invocation.HandlerMethodArgumentResolverComposite.resolveArgument(HandlerMethodArgumentResolverComposite.java:118)
	at org.springframework.messaging.handler.invocation.InvocableHandlerMethod.getMethodArgumentValues(InvocableHandlerMethod.java:147)
	at org.springframework.messaging.handler.invocation.InvocableHandlerMethod.invoke(InvocableHandlerMethod.java:115)
	at org.springframework.kafka.listener.adapter.HandlerAdapter.invoke(HandlerAdapter.java:56)
	at org.springframework.kafka.listener.adapter.MessagingMessageListenerAdapter.invokeHandler(MessagingMessageListenerAdapter.java:347)
	... 15 common frames omitted

2025-01-13 16:20:06.927  INFO [org.apache.kafka.clients.consumer.KafkaConsumer:1585] [Consumer clientId=consumer-item_group-1, groupId=item_group] Seeking to offset 89 for partition Item_Topic-0 
2025-01-13 16:20:06.929  INFO [za.co.woolworths.itemkafka_poc.kafka.producer.ItemProducerService:39] *****Message sent successfully for itemId: 100044638***** 
2025-01-13 16:20:06.932 ERROR [org.springframework.kafka.listener.DefaultErrorHandler:149] Backoff none exhausted for Item_Topic-0@89 org.springframework.kafka.listener.ListenerExecutionFailedException: invokeHandler Failed; nested exception is java.lang.IllegalStateException: No Acknowledgment available as an argument, the listener container must have a MANUAL AckMode to populate the Acknowledgment.; nested exception is java.lang.IllegalStateException: No Acknowledgment available as an argument, the listener container must have a MANUAL AckMode to populate the Acknowledgment.
	at org.springframework.kafka.listener.KafkaMessageListenerContainer$ListenerConsumer.decorateException(KafkaMessageListenerContainer.java:2636)
	at org.springframework.kafka.listener.KafkaMessageListenerContainer$ListenerConsumer.doInvokeOnMessage(KafkaMessageListenerContainer.java:2606)
	at org.springframework.kafka.listener.KafkaMessageListenerContainer$ListenerConsumer.invokeOnMessage(KafkaMessageListenerContainer.java:2567)
	at org.springframework.kafka.listener.KafkaMessageListenerContainer$ListenerConsumer.doInvokeRecordListener(KafkaMessageListenerContainer.java:2481)
	at org.springframework.kafka.listener.KafkaMessageListenerContainer$ListenerConsumer.doInvokeWithRecords(KafkaMessageListenerContainer.java:2403)
	at org.springframework.kafka.listener.KafkaMessageListenerContainer$ListenerConsumer.invokeRecordListener(KafkaMessageListenerContainer.java:2282)
	at org.springframework.kafka.listener.KafkaMessageListenerContainer$ListenerConsumer.invokeListener(KafkaMessageListenerContainer.java:1956)
	at org.springframework.kafka.listener.KafkaMessageListenerContainer$ListenerConsumer.invokeIfHaveRecords(KafkaMessageListenerContainer.java:1351)
	at org.springframework.kafka.listener.KafkaMessageListenerContainer$ListenerConsumer.pollAndInvoke(KafkaMessageListenerContainer.java:1342)
	at org.springframework.kafka.listener.KafkaMessageListenerContainer$ListenerConsumer.run(KafkaMessageListenerContainer.java:1234)
	at java.base/java.util.concurrent.Executors$RunnableAdapter.call(Executors.java:515)
	at java.base/java.util.concurrent.FutureTask.run$$$capture(FutureTask.java:264)
	at java.base/java.util.concurrent.FutureTask.run(FutureTask.java)
	at java.base/java.lang.Thread.run(Thread.java:832)
	Suppressed: org.springframework.kafka.listener.ListenerExecutionFailedException: Restored Stack Trace
		at org.springframework.kafka.listener.adapter.MessagingMessageListenerAdapter.checkAckArg(MessagingMessageListenerAdapter.java:369)
		at org.springframework.kafka.listener.adapter.MessagingMessageListenerAdapter.invokeHandler(MessagingMessageListenerAdapter.java:355)
		at org.springframework.kafka.listener.adapter.RecordMessagingMessageListenerAdapter.onMessage(RecordMessagingMessageListenerAdapter.java:92)
		at org.springframework.kafka.listener.adapter.RecordMessagingMessageListenerAdapter.onMessage(RecordMessagingMessageListenerAdapter.java:53)
		at org.springframework.kafka.listener.KafkaMessageListenerContainer$ListenerConsumer.doInvokeOnMessage(KafkaMessageListenerContainer.java:2586)
Caused by: java.lang.IllegalStateException: No Acknowledgment available as an argument, the listener container must have a MANUAL AckMode to populate the Acknowledgment.
	at org.springframework.kafka.listener.adapter.MessagingMessageListenerAdapter.checkAckArg(MessagingMessageListenerAdapter.java:369)
	at org.springframework.kafka.listener.adapter.MessagingMessageListenerAdapter.invokeHandler(MessagingMessageListenerAdapter.java:355)
	at org.springframework.kafka.listener.adapter.RecordMessagingMessageListenerAdapter.onMessage(RecordMessagingMessageListenerAdapter.java:92)
	at org.springframework.kafka.listener.adapter.RecordMessagingMessageListenerAdapter.onMessage(RecordMessagingMessageListenerAdapter.java:53)
	at org.springframework.kafka.listener.KafkaMessageListenerContainer$ListenerConsumer.doInvokeOnMessage(KafkaMessageListenerContainer.java:2586)
	... 12 common frames omitted
Caused by: org.springframework.messaging.handler.annotation.support.MethodArgumentNotValidException: Could not resolve method parameter at index 1 in public void za.co.woolworths.itemkafka_poc.kafka.consumer.ItemConsumerService.listen(org.apache.kafka.clients.consumer.ConsumerRecord<java.lang.String, java.lang.String>,org.springframework.kafka.support.Acknowledgment): 1 error(s): [Error in object 'acknowledgment': codes []; arguments []; default message [Payload value must not be empty]] 
	at org.springframework.messaging.handler.annotation.support.PayloadMethodArgumentResolver.resolveArgument(PayloadMethodArgumentResolver.java:122)
	at org.springframework.kafka.annotation.KafkaNullAwarePayloadArgumentResolver.resolveArgument(KafkaNullAwarePayloadArgumentResolver.java:46)
	at org.springframework.messaging.handler.invocation.HandlerMethodArgumentResolverComposite.resolveArgument(HandlerMethodArgumentResolverComposite.java:118)
	at org.springframework.messaging.handler.invocation.InvocableHandlerMethod.getMethodArgumentValues(InvocableHandlerMethod.java:147)
	at org.springframework.messaging.handler.invocation.InvocableHandlerMethod.invoke(InvocableHandlerMethod.java:115)
	at org.springframework.kafka.listener.adapter.HandlerAdapter.invoke(HandlerAdapter.java:56)
	at org.springframework.kafka.listener.adapter.MessagingMessageListenerAdapter.invokeHandler(MessagingMessageListenerAdapter.java:347)
	... 15 common frames omitted

2025-01-13 16:20:06.932  INFO [org.apache.kafka.clients.consumer.KafkaConsumer:1585] [Consumer clientId=consumer-item_group-1, groupId=item_group] Seeking to offset 90 for partition Item_Topic-0 
2025-01-13 16:20:06.935  INFO [za.co.woolworths.itemkafka_poc.kafka.producer.ItemProducerService:39] *****Message sent successfully for itemId: 100044646***** 
2025-01-13 16:20:06.939 ERROR [org.springframework.kafka.listener.DefaultErrorHandler:149] Backoff none exhausted for Item_Topic-0@90 org.springframework.kafka.listener.ListenerExecutionFailedException: invokeHandler Failed; nested exception is java.lang.IllegalStateException: No Acknowledgment available as an argument, the listener container must have a MANUAL AckMode to populate the Acknowledgment.; nested exception is java.lang.IllegalStateException: No Acknowledgment available as an argument, the listener container must have a MANUAL AckMode to populate the Acknowledgment.
	at org.springframework.kafka.listener.KafkaMessageListenerContainer$ListenerConsumer.decorateException(KafkaMessageListenerContainer.java:2636)
	at org.springframework.kafka.listener.KafkaMessageListenerContainer$ListenerConsumer.doInvokeOnMessage(KafkaMessageListenerContainer.java:2606)
	at org.springframework.kafka.listener.KafkaMessageListenerContainer$ListenerConsumer.invokeOnMessage(KafkaMessageListenerContainer.java:2567)
	at org.springframework.kafka.listener.KafkaMessageListenerContainer$ListenerConsumer.doInvokeRecordListener(KafkaMessageListenerContainer.java:2481)
	at org.springframework.kafka.listener.KafkaMessageListenerContainer$ListenerConsumer.doInvokeWithRecords(KafkaMessageListenerContainer.java:2403)
	at org.springframework.kafka.listener.KafkaMessageListenerContainer$ListenerConsumer.invokeRecordListener(KafkaMessageListenerContainer.java:2282)
	at org.springframework.kafka.listener.KafkaMessageListenerContainer$ListenerConsumer.invokeListener(KafkaMessageListenerContainer.java:1956)
	at org.springframework.kafka.listener.KafkaMessageListenerContainer$ListenerConsumer.invokeIfHaveRecords(KafkaMessageListenerContainer.java:1351)
	at org.springframework.kafka.listener.KafkaMessageListenerContainer$ListenerConsumer.pollAndInvoke(KafkaMessageListenerContainer.java:1342)
	at org.springframework.kafka.listener.KafkaMessageListenerContainer$ListenerConsumer.run(KafkaMessageListenerContainer.java:1234)
	at java.base/java.util.concurrent.Executors$RunnableAdapter.call(Executors.java:515)
	at java.base/java.util.concurrent.FutureTask.run$$$capture(FutureTask.java:264)
	at java.base/java.util.concurrent.FutureTask.run(FutureTask.java)
	at java.base/java.lang.Thread.run(Thread.java:832)
	Suppressed: org.springframework.kafka.listener.ListenerExecutionFailedException: Restored Stack Trace
		at org.springframework.kafka.listener.adapter.MessagingMessageListenerAdapter.checkAckArg(MessagingMessageListenerAdapter.java:369)
		at org.springframework.kafka.listener.adapter.MessagingMessageListenerAdapter.invokeHandler(MessagingMessageListenerAdapter.java:355)
		at org.springframework.kafka.listener.adapter.RecordMessagingMessageListenerAdapter.onMessage(RecordMessagingMessageListenerAdapter.java:92)
		at org.springframework.kafka.listener.adapter.RecordMessagingMessageListenerAdapter.onMessage(RecordMessagingMessageListenerAdapter.java:53)
		at org.springframework.kafka.listener.KafkaMessageListenerContainer$ListenerConsumer.doInvokeOnMessage(KafkaMessageListenerContainer.java:2586)
Caused by: java.lang.IllegalStateException: No Acknowledgment available as an argument, the listener container must have a MANUAL AckMode to populate the Acknowledgment.
	at org.springframework.kafka.listener.adapter.MessagingMessageListenerAdapter.checkAckArg(MessagingMessageListenerAdapter.java:369)
	at org.springframework.kafka.listener.adapter.MessagingMessageListenerAdapter.invokeHandler(MessagingMessageListenerAdapter.java:355)
	at org.springframework.kafka.listener.adapter.RecordMessagingMessageListenerAdapter.onMessage(RecordMessagingMessageListenerAdapter.java:92)
	at org.springframework.kafka.listener.adapter.RecordMessagingMessageListenerAdapter.onMessage(RecordMessagingMessageListenerAdapter.java:53)
	at org.springframework.kafka.listener.KafkaMessageListenerContainer$ListenerConsumer.doInvokeOnMessage(KafkaMessageListenerContainer.java:2586)
	... 12 common frames omitted
Caused by: org.springframework.messaging.handler.annotation.support.MethodArgumentNotValidException: Could not resolve method parameter at index 1 in public void za.co.woolworths.itemkafka_poc.kafka.consumer.ItemConsumerService.listen(org.apache.kafka.clients.consumer.ConsumerRecord<java.lang.String, java.lang.String>,org.springframework.kafka.support.Acknowledgment): 1 error(s): [Error in object 'acknowledgment': codes []; arguments []; default message [Payload value must not be empty]] 
	at org.springframework.messaging.handler.annotation.support.PayloadMethodArgumentResolver.resolveArgument(PayloadMethodArgumentResolver.java:122)
	at org.springframework.kafka.annotation.KafkaNullAwarePayloadArgumentResolver.resolveArgument(KafkaNullAwarePayloadArgumentResolver.java:46)
	at org.springframework.messaging.handler.invocation.HandlerMethodArgumentResolverComposite.resolveArgument(HandlerMethodArgumentResolverComposite.java:118)
	at org.springframework.messaging.handler.invocation.InvocableHandlerMethod.getMethodArgumentValues(InvocableHandlerMethod.java:147)
	at org.springframework.messaging.handler.invocation.InvocableHandlerMethod.invoke(InvocableHandlerMethod.java:115)
	at org.springframework.kafka.listener.adapter.HandlerAdapter.invoke(HandlerAdapter.java:56)
	at org.springframework.kafka.listener.adapter.MessagingMessageListenerAdapter.invokeHandler(MessagingMessageListenerAdapter.java:347)
	... 15 common frames omitted

2025-01-13 16:20:06.939  INFO [org.apache.kafka.clients.consumer.KafkaConsumer:1585] [Consumer clientId=consumer-item_group-1, groupId=item_group] Seeking to offset 91 for partition Item_Topic-0 
2025-01-13 16:20:06.942  INFO [za.co.woolworths.itemkafka_poc.kafka.producer.ItemProducerService:39] *****Message sent successfully for itemId: 100044654***** 
2025-01-13 16:20:06.945 ERROR [org.springframework.kafka.listener.DefaultErrorHandler:149] Backoff none exhausted for Item_Topic-0@91 org.springframework.kafka.listener.ListenerExecutionFailedException: invokeHandler Failed; nested exception is java.lang.IllegalStateException: No Acknowledgment available as an argument, the listener container must have a MANUAL AckMode to populate the Acknowledgment.; nested exception is java.lang.IllegalStateException: No Acknowledgment available as an argument, the listener container must have a MANUAL AckMode to populate the Acknowledgment.
	at org.springframework.kafka.listener.KafkaMessageListenerContainer$ListenerConsumer.decorateException(KafkaMessageListenerContainer.java:2636)
	at org.springframework.kafka.listener.KafkaMessageListenerContainer$ListenerConsumer.doInvokeOnMessage(KafkaMessageListenerContainer.java:2606)
	at org.springframework.kafka.listener.KafkaMessageListenerContainer$ListenerConsumer.invokeOnMessage(KafkaMessageListenerContainer.java:2567)
	at org.springframework.kafka.listener.KafkaMessageListenerContainer$ListenerConsumer.doInvokeRecordListener(KafkaMessageListenerContainer.java:2481)
	at org.springframework.kafka.listener.KafkaMessageListenerContainer$ListenerConsumer.doInvokeWithRecords(KafkaMessageListenerContainer.java:2403)
	at org.springframework.kafka.listener.KafkaMessageListenerContainer$ListenerConsumer.invokeRecordListener(KafkaMessageListenerContainer.java:2282)
	at org.springframework.kafka.listener.KafkaMessageListenerContainer$ListenerConsumer.invokeListener(KafkaMessageListenerContainer.java:1956)
	at org.springframework.kafka.listener.KafkaMessageListenerContainer$ListenerConsumer.invokeIfHaveRecords(KafkaMessageListenerContainer.java:1351)
	at org.springframework.kafka.listener.KafkaMessageListenerContainer$ListenerConsumer.pollAndInvoke(KafkaMessageListenerContainer.java:1342)
	at org.springframework.kafka.listener.KafkaMessageListenerContainer$ListenerConsumer.run(KafkaMessageListenerContainer.java:1234)
	at java.base/java.util.concurrent.Executors$RunnableAdapter.call(Executors.java:515)
	at java.base/java.util.concurrent.FutureTask.run$$$capture(FutureTask.java:264)
	at java.base/java.util.concurrent.FutureTask.run(FutureTask.java)
	at java.base/java.lang.Thread.run(Thread.java:832)
	Suppressed: org.springframework.kafka.listener.ListenerExecutionFailedException: Restored Stack Trace
		at org.springframework.kafka.listener.adapter.MessagingMessageListenerAdapter.checkAckArg(MessagingMessageListenerAdapter.java:369)
		at org.springframework.kafka.listener.adapter.MessagingMessageListenerAdapter.invokeHandler(MessagingMessageListenerAdapter.java:355)
		at org.springframework.kafka.listener.adapter.RecordMessagingMessageListenerAdapter.onMessage(RecordMessagingMessageListenerAdapter.java:92)
		at org.springframework.kafka.listener.adapter.RecordMessagingMessageListenerAdapter.onMessage(RecordMessagingMessageListenerAdapter.java:53)
		at org.springframework.kafka.listener.KafkaMessageListenerContainer$ListenerConsumer.doInvokeOnMessage(KafkaMessageListenerContainer.java:2586)
Caused by: java.lang.IllegalStateException: No Acknowledgment available as an argument, the listener container must have a MANUAL AckMode to populate the Acknowledgment.
	at org.springframework.kafka.listener.adapter.MessagingMessageListenerAdapter.checkAckArg(MessagingMessageListenerAdapter.java:369)
	at org.springframework.kafka.listener.adapter.MessagingMessageListenerAdapter.invokeHandler(MessagingMessageListenerAdapter.java:355)
	at org.springframework.kafka.listener.adapter.RecordMessagingMessageListenerAdapter.onMessage(RecordMessagingMessageListenerAdapter.java:92)
	at org.springframework.kafka.listener.adapter.RecordMessagingMessageListenerAdapter.onMessage(RecordMessagingMessageListenerAdapter.java:53)
	at org.springframework.kafka.listener.KafkaMessageListenerContainer$ListenerConsumer.doInvokeOnMessage(KafkaMessageListenerContainer.java:2586)
	... 12 common frames omitted
Caused by: org.springframework.messaging.handler.annotation.support.MethodArgumentNotValidException: Could not resolve method parameter at index 1 in public void za.co.woolworths.itemkafka_poc.kafka.consumer.ItemConsumerService.listen(org.apache.kafka.clients.consumer.ConsumerRecord<java.lang.String, java.lang.String>,org.springframework.kafka.support.Acknowledgment): 1 error(s): [Error in object 'acknowledgment': codes []; arguments []; default message [Payload value must not be empty]] 
	at org.springframework.messaging.handler.annotation.support.PayloadMethodArgumentResolver.resolveArgument(PayloadMethodArgumentResolver.java:122)
	at org.springframework.kafka.annotation.KafkaNullAwarePayloadArgumentResolver.resolveArgument(KafkaNullAwarePayloadArgumentResolver.java:46)
	at org.springframework.messaging.handler.invocation.HandlerMethodArgumentResolverComposite.resolveArgument(HandlerMethodArgumentResolverComposite.java:118)
	at org.springframework.messaging.handler.invocation.InvocableHandlerMethod.getMethodArgumentValues(InvocableHandlerMethod.java:147)
	at org.springframework.messaging.handler.invocation.InvocableHandlerMethod.invoke(InvocableHandlerMethod.java:115)
	at org.springframework.kafka.listener.adapter.HandlerAdapter.invoke(HandlerAdapter.java:56)
	at org.springframework.kafka.listener.adapter.MessagingMessageListenerAdapter.invokeHandler(MessagingMessageListenerAdapter.java:347)
	... 15 common frames omitted

2025-01-13 16:20:06.945  INFO [org.apache.kafka.clients.consumer.KafkaConsumer:1585] [Consumer clientId=consumer-item_group-1, groupId=item_group] Seeking to offset 92 for partition Item_Topic-0 
2025-01-13 16:20:06.948  INFO [za.co.woolworths.itemkafka_poc.kafka.producer.ItemProducerService:39] *****Message sent successfully for itemId: 100044662***** 
2025-01-13 16:20:06.951 ERROR [org.springframework.kafka.listener.DefaultErrorHandler:149] Backoff none exhausted for Item_Topic-0@92 org.springframework.kafka.listener.ListenerExecutionFailedException: invokeHandler Failed; nested exception is java.lang.IllegalStateException: No Acknowledgment available as an argument, the listener container must have a MANUAL AckMode to populate the Acknowledgment.; nested exception is java.lang.IllegalStateException: No Acknowledgment available as an argument, the listener container must have a MANUAL AckMode to populate the Acknowledgment.
	at org.springframework.kafka.listener.KafkaMessageListenerContainer$ListenerConsumer.decorateException(KafkaMessageListenerContainer.java:2636)
	at org.springframework.kafka.listener.KafkaMessageListenerContainer$ListenerConsumer.doInvokeOnMessage(KafkaMessageListenerContainer.java:2606)
	at org.springframework.kafka.listener.KafkaMessageListenerContainer$ListenerConsumer.invokeOnMessage(KafkaMessageListenerContainer.java:2567)
	at org.springframework.kafka.listener.KafkaMessageListenerContainer$ListenerConsumer.doInvokeRecordListener(KafkaMessageListenerContainer.java:2481)
	at org.springframework.kafka.listener.KafkaMessageListenerContainer$ListenerConsumer.doInvokeWithRecords(KafkaMessageListenerContainer.java:2403)
	at org.springframework.kafka.listener.KafkaMessageListenerContainer$ListenerConsumer.invokeRecordListener(KafkaMessageListenerContainer.java:2282)
	at org.springframework.kafka.listener.KafkaMessageListenerContainer$ListenerConsumer.invokeListener(KafkaMessageListenerContainer.java:1956)
	at org.springframework.kafka.listener.KafkaMessageListenerContainer$ListenerConsumer.invokeIfHaveRecords(KafkaMessageListenerContainer.java:1351)
	at org.springframework.kafka.listener.KafkaMessageListenerContainer$ListenerConsumer.pollAndInvoke(KafkaMessageListenerContainer.java:1342)
	at org.springframework.kafka.listener.KafkaMessageListenerContainer$ListenerConsumer.run(KafkaMessageListenerContainer.java:1234)
	at java.base/java.util.concurrent.Executors$RunnableAdapter.call(Executors.java:515)
	at java.base/java.util.concurrent.FutureTask.run$$$capture(FutureTask.java:264)
	at java.base/java.util.concurrent.FutureTask.run(FutureTask.java)
	at java.base/java.lang.Thread.run(Thread.java:832)
	Suppressed: org.springframework.kafka.listener.ListenerExecutionFailedException: Restored Stack Trace
		at org.springframework.kafka.listener.adapter.MessagingMessageListenerAdapter.checkAckArg(MessagingMessageListenerAdapter.java:369)
		at org.springframework.kafka.listener.adapter.MessagingMessageListenerAdapter.invokeHandler(MessagingMessageListenerAdapter.java:355)
		at org.springframework.kafka.listener.adapter.RecordMessagingMessageListenerAdapter.onMessage(RecordMessagingMessageListenerAdapter.java:92)
		at org.springframework.kafka.listener.adapter.RecordMessagingMessageListenerAdapter.onMessage(RecordMessagingMessageListenerAdapter.java:53)
		at org.springframework.kafka.listener.KafkaMessageListenerContainer$ListenerConsumer.doInvokeOnMessage(KafkaMessageListenerContainer.java:2586)
Caused by: java.lang.IllegalStateException: No Acknowledgment available as an argument, the listener container must have a MANUAL AckMode to populate the Acknowledgment.
	at org.springframework.kafka.listener.adapter.MessagingMessageListenerAdapter.checkAckArg(MessagingMessageListenerAdapter.java:369)
	at org.springframework.kafka.listener.adapter.MessagingMessageListenerAdapter.invokeHandler(MessagingMessageListenerAdapter.java:355)
	at org.springframework.kafka.listener.adapter.RecordMessagingMessageListenerAdapter.onMessage(RecordMessagingMessageListenerAdapter.java:92)
	at org.springframework.kafka.listener.adapter.RecordMessagingMessageListenerAdapter.onMessage(RecordMessagingMessageListenerAdapter.java:53)
	at org.springframework.kafka.listener.KafkaMessageListenerContainer$ListenerConsumer.doInvokeOnMessage(KafkaMessageListenerContainer.java:2586)
	... 12 common frames omitted
Caused by: org.springframework.messaging.handler.annotation.support.MethodArgumentNotValidException: Could not resolve method parameter at index 1 in public void za.co.woolworths.itemkafka_poc.kafka.consumer.ItemConsumerService.listen(org.apache.kafka.clients.consumer.ConsumerRecord<java.lang.String, java.lang.String>,org.springframework.kafka.support.Acknowledgment): 1 error(s): [Error in object 'acknowledgment': codes []; arguments []; default message [Payload value must not be empty]] 
	at org.springframework.messaging.handler.annotation.support.PayloadMethodArgumentResolver.resolveArgument(PayloadMethodArgumentResolver.java:122)
	at org.springframework.kafka.annotation.KafkaNullAwarePayloadArgumentResolver.resolveArgument(KafkaNullAwarePayloadArgumentResolver.java:46)
	at org.springframework.messaging.handler.invocation.HandlerMethodArgumentResolverComposite.resolveArgument(HandlerMethodArgumentResolverComposite.java:118)
	at org.springframework.messaging.handler.invocation.InvocableHandlerMethod.getMethodArgumentValues(InvocableHandlerMethod.java:147)
	at org.springframework.messaging.handler.invocation.InvocableHandlerMethod.invoke(InvocableHandlerMethod.java:115)
	at org.springframework.kafka.listener.adapter.HandlerAdapter.invoke(HandlerAdapter.java:56)
	at org.springframework.kafka.listener.adapter.MessagingMessageListenerAdapter.invokeHandler(MessagingMessageListenerAdapter.java:347)
	... 15 common frames omitted

2025-01-13 16:20:06.952  INFO [org.apache.kafka.clients.consumer.KafkaConsumer:1585] [Consumer clientId=consumer-item_group-1, groupId=item_group] Seeking to offset 93 for partition Item_Topic-0 
2025-01-13 16:20:06.955  INFO [za.co.woolworths.itemkafka_poc.kafka.producer.ItemProducerService:39] *****Message sent successfully for itemId: 100044670***** 
2025-01-13 16:20:06.959 ERROR [org.springframework.kafka.listener.DefaultErrorHandler:149] Backoff none exhausted for Item_Topic-0@93 org.springframework.kafka.listener.ListenerExecutionFailedException: invokeHandler Failed; nested exception is java.lang.IllegalStateException: No Acknowledgment available as an argument, the listener container must have a MANUAL AckMode to populate the Acknowledgment.; nested exception is java.lang.IllegalStateException: No Acknowledgment available as an argument, the listener container must have a MANUAL AckMode to populate the Acknowledgment.
	at org.springframework.kafka.listener.KafkaMessageListenerContainer$ListenerConsumer.decorateException(KafkaMessageListenerContainer.java:2636)
	at org.springframework.kafka.listener.KafkaMessageListenerContainer$ListenerConsumer.doInvokeOnMessage(KafkaMessageListenerContainer.java:2606)
	at org.springframework.kafka.listener.KafkaMessageListenerContainer$ListenerConsumer.invokeOnMessage(KafkaMessageListenerContainer.java:2567)
	at org.springframework.kafka.listener.KafkaMessageListenerContainer$ListenerConsumer.doInvokeRecordListener(KafkaMessageListenerContainer.java:2481)
	at org.springframework.kafka.listener.KafkaMessageListenerContainer$ListenerConsumer.doInvokeWithRecords(KafkaMessageListenerContainer.java:2403)
	at org.springframework.kafka.listener.KafkaMessageListenerContainer$ListenerConsumer.invokeRecordListener(KafkaMessageListenerContainer.java:2282)
	at org.springframework.kafka.listener.KafkaMessageListenerContainer$ListenerConsumer.invokeListener(KafkaMessageListenerContainer.java:1956)
	at org.springframework.kafka.listener.KafkaMessageListenerContainer$ListenerConsumer.invokeIfHaveRecords(KafkaMessageListenerContainer.java:1351)
	at org.springframework.kafka.listener.KafkaMessageListenerContainer$ListenerConsumer.pollAndInvoke(KafkaMessageListenerContainer.java:1342)
	at org.springframework.kafka.listener.KafkaMessageListenerContainer$ListenerConsumer.run(KafkaMessageListenerContainer.java:1234)
	at java.base/java.util.concurrent.Executors$RunnableAdapter.call(Executors.java:515)
	at java.base/java.util.concurrent.FutureTask.run$$$capture(FutureTask.java:264)
	at java.base/java.util.concurrent.FutureTask.run(FutureTask.java)
	at java.base/java.lang.Thread.run(Thread.java:832)
	Suppressed: org.springframework.kafka.listener.ListenerExecutionFailedException: Restored Stack Trace
		at org.springframework.kafka.listener.adapter.MessagingMessageListenerAdapter.checkAckArg(MessagingMessageListenerAdapter.java:369)
		at org.springframework.kafka.listener.adapter.MessagingMessageListenerAdapter.invokeHandler(MessagingMessageListenerAdapter.java:355)
		at org.springframework.kafka.listener.adapter.RecordMessagingMessageListenerAdapter.onMessage(RecordMessagingMessageListenerAdapter.java:92)
		at org.springframework.kafka.listener.adapter.RecordMessagingMessageListenerAdapter.onMessage(RecordMessagingMessageListenerAdapter.java:53)
		at org.springframework.kafka.listener.KafkaMessageListenerContainer$ListenerConsumer.doInvokeOnMessage(KafkaMessageListenerContainer.java:2586)
Caused by: java.lang.IllegalStateException: No Acknowledgment available as an argument, the listener container must have a MANUAL AckMode to populate the Acknowledgment.
	at org.springframework.kafka.listener.adapter.MessagingMessageListenerAdapter.checkAckArg(MessagingMessageListenerAdapter.java:369)
	at org.springframework.kafka.listener.adapter.MessagingMessageListenerAdapter.invokeHandler(MessagingMessageListenerAdapter.java:355)
	at org.springframework.kafka.listener.adapter.RecordMessagingMessageListenerAdapter.onMessage(RecordMessagingMessageListenerAdapter.java:92)
	at org.springframework.kafka.listener.adapter.RecordMessagingMessageListenerAdapter.onMessage(RecordMessagingMessageListenerAdapter.java:53)
	at org.springframework.kafka.listener.KafkaMessageListenerContainer$ListenerConsumer.doInvokeOnMessage(KafkaMessageListenerContainer.java:2586)
	... 12 common frames omitted
Caused by: org.springframework.messaging.handler.annotation.support.MethodArgumentNotValidException: Could not resolve method parameter at index 1 in public void za.co.woolworths.itemkafka_poc.kafka.consumer.ItemConsumerService.listen(org.apache.kafka.clients.consumer.ConsumerRecord<java.lang.String, java.lang.String>,org.springframework.kafka.support.Acknowledgment): 1 error(s): [Error in object 'acknowledgment': codes []; arguments []; default message [Payload value must not be empty]] 
	at org.springframework.messaging.handler.annotation.support.PayloadMethodArgumentResolver.resolveArgument(PayloadMethodArgumentResolver.java:122)
	at org.springframework.kafka.annotation.KafkaNullAwarePayloadArgumentResolver.resolveArgument(KafkaNullAwarePayloadArgumentResolver.java:46)
	at org.springframework.messaging.handler.invocation.HandlerMethodArgumentResolverComposite.resolveArgument(HandlerMethodArgumentResolverComposite.java:118)
	at org.springframework.messaging.handler.invocation.InvocableHandlerMethod.getMethodArgumentValues(InvocableHandlerMethod.java:147)
	at org.springframework.messaging.handler.invocation.InvocableHandlerMethod.invoke(InvocableHandlerMethod.java:115)
	at org.springframework.kafka.listener.adapter.HandlerAdapter.invoke(HandlerAdapter.java:56)
	at org.springframework.kafka.listener.adapter.MessagingMessageListenerAdapter.invokeHandler(MessagingMessageListenerAdapter.java:347)
	... 15 common frames omitted

2025-01-13 16:20:06.960  INFO [org.apache.kafka.clients.consumer.KafkaConsumer:1585] [Consumer clientId=consumer-item_group-1, groupId=item_group] Seeking to offset 94 for partition Item_Topic-0 
2025-01-13 16:20:06.962  INFO [za.co.woolworths.itemkafka_poc.kafka.producer.ItemProducerService:39] *****Message sent successfully for itemId: 100044696***** 
2025-01-13 16:20:06.966 ERROR [org.springframework.kafka.listener.DefaultErrorHandler:149] Backoff none exhausted for Item_Topic-0@94 org.springframework.kafka.listener.ListenerExecutionFailedException: invokeHandler Failed; nested exception is java.lang.IllegalStateException: No Acknowledgment available as an argument, the listener container must have a MANUAL AckMode to populate the Acknowledgment.; nested exception is java.lang.IllegalStateException: No Acknowledgment available as an argument, the listener container must have a MANUAL AckMode to populate the Acknowledgment.
	at org.springframework.kafka.listener.KafkaMessageListenerContainer$ListenerConsumer.decorateException(KafkaMessageListenerContainer.java:2636)
	at org.springframework.kafka.listener.KafkaMessageListenerContainer$ListenerConsumer.doInvokeOnMessage(KafkaMessageListenerContainer.java:2606)
	at org.springframework.kafka.listener.KafkaMessageListenerContainer$ListenerConsumer.invokeOnMessage(KafkaMessageListenerContainer.java:2567)
	at org.springframework.kafka.listener.KafkaMessageListenerContainer$ListenerConsumer.doInvokeRecordListener(KafkaMessageListenerContainer.java:2481)
	at org.springframework.kafka.listener.KafkaMessageListenerContainer$ListenerConsumer.doInvokeWithRecords(KafkaMessageListenerContainer.java:2403)
	at org.springframework.kafka.listener.KafkaMessageListenerContainer$ListenerConsumer.invokeRecordListener(KafkaMessageListenerContainer.java:2282)
	at org.springframework.kafka.listener.KafkaMessageListenerContainer$ListenerConsumer.invokeListener(KafkaMessageListenerContainer.java:1956)
	at org.springframework.kafka.listener.KafkaMessageListenerContainer$ListenerConsumer.invokeIfHaveRecords(KafkaMessageListenerContainer.java:1351)
	at org.springframework.kafka.listener.KafkaMessageListenerContainer$ListenerConsumer.pollAndInvoke(KafkaMessageListenerContainer.java:1342)
	at org.springframework.kafka.listener.KafkaMessageListenerContainer$ListenerConsumer.run(KafkaMessageListenerContainer.java:1234)
	at java.base/java.util.concurrent.Executors$RunnableAdapter.call(Executors.java:515)
	at java.base/java.util.concurrent.FutureTask.run$$$capture(FutureTask.java:264)
	at java.base/java.util.concurrent.FutureTask.run(FutureTask.java)
	at java.base/java.lang.Thread.run(Thread.java:832)
	Suppressed: org.springframework.kafka.listener.ListenerExecutionFailedException: Restored Stack Trace
		at org.springframework.kafka.listener.adapter.MessagingMessageListenerAdapter.checkAckArg(MessagingMessageListenerAdapter.java:369)
		at org.springframework.kafka.listener.adapter.MessagingMessageListenerAdapter.invokeHandler(MessagingMessageListenerAdapter.java:355)
		at org.springframework.kafka.listener.adapter.RecordMessagingMessageListenerAdapter.onMessage(RecordMessagingMessageListenerAdapter.java:92)
		at org.springframework.kafka.listener.adapter.RecordMessagingMessageListenerAdapter.onMessage(RecordMessagingMessageListenerAdapter.java:53)
		at org.springframework.kafka.listener.KafkaMessageListenerContainer$ListenerConsumer.doInvokeOnMessage(KafkaMessageListenerContainer.java:2586)
Caused by: java.lang.IllegalStateException: No Acknowledgment available as an argument, the listener container must have a MANUAL AckMode to populate the Acknowledgment.
	at org.springframework.kafka.listener.adapter.MessagingMessageListenerAdapter.checkAckArg(MessagingMessageListenerAdapter.java:369)
	at org.springframework.kafka.listener.adapter.MessagingMessageListenerAdapter.invokeHandler(MessagingMessageListenerAdapter.java:355)
	at org.springframework.kafka.listener.adapter.RecordMessagingMessageListenerAdapter.onMessage(RecordMessagingMessageListenerAdapter.java:92)
	at org.springframework.kafka.listener.adapter.RecordMessagingMessageListenerAdapter.onMessage(RecordMessagingMessageListenerAdapter.java:53)
	at org.springframework.kafka.listener.KafkaMessageListenerContainer$ListenerConsumer.doInvokeOnMessage(KafkaMessageListenerContainer.java:2586)
	... 12 common frames omitted
Caused by: org.springframework.messaging.handler.annotation.support.MethodArgumentNotValidException: Could not resolve method parameter at index 1 in public void za.co.woolworths.itemkafka_poc.kafka.consumer.ItemConsumerService.listen(org.apache.kafka.clients.consumer.ConsumerRecord<java.lang.String, java.lang.String>,org.springframework.kafka.support.Acknowledgment): 1 error(s): [Error in object 'acknowledgment': codes []; arguments []; default message [Payload value must not be empty]] 
	at org.springframework.messaging.handler.annotation.support.PayloadMethodArgumentResolver.resolveArgument(PayloadMethodArgumentResolver.java:122)
	at org.springframework.kafka.annotation.KafkaNullAwarePayloadArgumentResolver.resolveArgument(KafkaNullAwarePayloadArgumentResolver.java:46)
	at org.springframework.messaging.handler.invocation.HandlerMethodArgumentResolverComposite.resolveArgument(HandlerMethodArgumentResolverComposite.java:118)
	at org.springframework.messaging.handler.invocation.InvocableHandlerMethod.getMethodArgumentValues(InvocableHandlerMethod.java:147)
	at org.springframework.messaging.handler.invocation.InvocableHandlerMethod.invoke(InvocableHandlerMethod.java:115)
	at org.springframework.kafka.listener.adapter.HandlerAdapter.invoke(HandlerAdapter.java:56)
	at org.springframework.kafka.listener.adapter.MessagingMessageListenerAdapter.invokeHandler(MessagingMessageListenerAdapter.java:347)
	... 15 common frames omitted

2025-01-13 16:20:06.967  INFO [org.apache.kafka.clients.consumer.KafkaConsumer:1585] [Consumer clientId=consumer-item_group-1, groupId=item_group] Seeking to offset 95 for partition Item_Topic-0 
2025-01-13 16:20:06.969  INFO [za.co.woolworths.itemkafka_poc.kafka.producer.ItemProducerService:39] *****Message sent successfully for itemId: 100044700***** 
2025-01-13 16:20:06.972 ERROR [org.springframework.kafka.listener.DefaultErrorHandler:149] Backoff none exhausted for Item_Topic-0@95 org.springframework.kafka.listener.ListenerExecutionFailedException: invokeHandler Failed; nested exception is java.lang.IllegalStateException: No Acknowledgment available as an argument, the listener container must have a MANUAL AckMode to populate the Acknowledgment.; nested exception is java.lang.IllegalStateException: No Acknowledgment available as an argument, the listener container must have a MANUAL AckMode to populate the Acknowledgment.
	at org.springframework.kafka.listener.KafkaMessageListenerContainer$ListenerConsumer.decorateException(KafkaMessageListenerContainer.java:2636)
	at org.springframework.kafka.listener.KafkaMessageListenerContainer$ListenerConsumer.doInvokeOnMessage(KafkaMessageListenerContainer.java:2606)
	at org.springframework.kafka.listener.KafkaMessageListenerContainer$ListenerConsumer.invokeOnMessage(KafkaMessageListenerContainer.java:2567)
	at org.springframework.kafka.listener.KafkaMessageListenerContainer$ListenerConsumer.doInvokeRecordListener(KafkaMessageListenerContainer.java:2481)
	at org.springframework.kafka.listener.KafkaMessageListenerContainer$ListenerConsumer.doInvokeWithRecords(KafkaMessageListenerContainer.java:2403)
	at org.springframework.kafka.listener.KafkaMessageListenerContainer$ListenerConsumer.invokeRecordListener(KafkaMessageListenerContainer.java:2282)
	at org.springframework.kafka.listener.KafkaMessageListenerContainer$ListenerConsumer.invokeListener(KafkaMessageListenerContainer.java:1956)
	at org.springframework.kafka.listener.KafkaMessageListenerContainer$ListenerConsumer.invokeIfHaveRecords(KafkaMessageListenerContainer.java:1351)
	at org.springframework.kafka.listener.KafkaMessageListenerContainer$ListenerConsumer.pollAndInvoke(KafkaMessageListenerContainer.java:1342)
	at org.springframework.kafka.listener.KafkaMessageListenerContainer$ListenerConsumer.run(KafkaMessageListenerContainer.java:1234)
	at java.base/java.util.concurrent.Executors$RunnableAdapter.call(Executors.java:515)
	at java.base/java.util.concurrent.FutureTask.run$$$capture(FutureTask.java:264)
	at java.base/java.util.concurrent.FutureTask.run(FutureTask.java)
	at java.base/java.lang.Thread.run(Thread.java:832)
	Suppressed: org.springframework.kafka.listener.ListenerExecutionFailedException: Restored Stack Trace
		at org.springframework.kafka.listener.adapter.MessagingMessageListenerAdapter.checkAckArg(MessagingMessageListenerAdapter.java:369)
		at org.springframework.kafka.listener.adapter.MessagingMessageListenerAdapter.invokeHandler(MessagingMessageListenerAdapter.java:355)
		at org.springframework.kafka.listener.adapter.RecordMessagingMessageListenerAdapter.onMessage(RecordMessagingMessageListenerAdapter.java:92)
		at org.springframework.kafka.listener.adapter.RecordMessagingMessageListenerAdapter.onMessage(RecordMessagingMessageListenerAdapter.java:53)
		at org.springframework.kafka.listener.KafkaMessageListenerContainer$ListenerConsumer.doInvokeOnMessage(KafkaMessageListenerContainer.java:2586)
Caused by: java.lang.IllegalStateException: No Acknowledgment available as an argument, the listener container must have a MANUAL AckMode to populate the Acknowledgment.
	at org.springframework.kafka.listener.adapter.MessagingMessageListenerAdapter.checkAckArg(MessagingMessageListenerAdapter.java:369)
	at org.springframework.kafka.listener.adapter.MessagingMessageListenerAdapter.invokeHandler(MessagingMessageListenerAdapter.java:355)
	at org.springframework.kafka.listener.adapter.RecordMessagingMessageListenerAdapter.onMessage(RecordMessagingMessageListenerAdapter.java:92)
	at org.springframework.kafka.listener.adapter.RecordMessagingMessageListenerAdapter.onMessage(RecordMessagingMessageListenerAdapter.java:53)
	at org.springframework.kafka.listener.KafkaMessageListenerContainer$ListenerConsumer.doInvokeOnMessage(KafkaMessageListenerContainer.java:2586)
	... 12 common frames omitted
Caused by: org.springframework.messaging.handler.annotation.support.MethodArgumentNotValidException: Could not resolve method parameter at index 1 in public void za.co.woolworths.itemkafka_poc.kafka.consumer.ItemConsumerService.listen(org.apache.kafka.clients.consumer.ConsumerRecord<java.lang.String, java.lang.String>,org.springframework.kafka.support.Acknowledgment): 1 error(s): [Error in object 'acknowledgment': codes []; arguments []; default message [Payload value must not be empty]] 
	at org.springframework.messaging.handler.annotation.support.PayloadMethodArgumentResolver.resolveArgument(PayloadMethodArgumentResolver.java:122)
	at org.springframework.kafka.annotation.KafkaNullAwarePayloadArgumentResolver.resolveArgument(KafkaNullAwarePayloadArgumentResolver.java:46)
	at org.springframework.messaging.handler.invocation.HandlerMethodArgumentResolverComposite.resolveArgument(HandlerMethodArgumentResolverComposite.java:118)
	at org.springframework.messaging.handler.invocation.InvocableHandlerMethod.getMethodArgumentValues(InvocableHandlerMethod.java:147)
	at org.springframework.messaging.handler.invocation.InvocableHandlerMethod.invoke(InvocableHandlerMethod.java:115)
	at org.springframework.kafka.listener.adapter.HandlerAdapter.invoke(HandlerAdapter.java:56)
	at org.springframework.kafka.listener.adapter.MessagingMessageListenerAdapter.invokeHandler(MessagingMessageListenerAdapter.java:347)
	... 15 common frames omitted

2025-01-13 16:20:06.973  INFO [org.apache.kafka.clients.consumer.KafkaConsumer:1585] [Consumer clientId=consumer-item_group-1, groupId=item_group] Seeking to offset 96 for partition Item_Topic-0 
2025-01-13 16:20:06.975  INFO [za.co.woolworths.itemkafka_poc.kafka.producer.ItemProducerService:39] *****Message sent successfully for itemId: 100044718***** 
2025-01-13 16:20:06.979 ERROR [org.springframework.kafka.listener.DefaultErrorHandler:149] Backoff none exhausted for Item_Topic-0@96 org.springframework.kafka.listener.ListenerExecutionFailedException: invokeHandler Failed; nested exception is java.lang.IllegalStateException: No Acknowledgment available as an argument, the listener container must have a MANUAL AckMode to populate the Acknowledgment.; nested exception is java.lang.IllegalStateException: No Acknowledgment available as an argument, the listener container must have a MANUAL AckMode to populate the Acknowledgment.
	at org.springframework.kafka.listener.KafkaMessageListenerContainer$ListenerConsumer.decorateException(KafkaMessageListenerContainer.java:2636)
	at org.springframework.kafka.listener.KafkaMessageListenerContainer$ListenerConsumer.doInvokeOnMessage(KafkaMessageListenerContainer.java:2606)
	at org.springframework.kafka.listener.KafkaMessageListenerContainer$ListenerConsumer.invokeOnMessage(KafkaMessageListenerContainer.java:2567)
	at org.springframework.kafka.listener.KafkaMessageListenerContainer$ListenerConsumer.doInvokeRecordListener(KafkaMessageListenerContainer.java:2481)
	at org.springframework.kafka.listener.KafkaMessageListenerContainer$ListenerConsumer.doInvokeWithRecords(KafkaMessageListenerContainer.java:2403)
	at org.springframework.kafka.listener.KafkaMessageListenerContainer$ListenerConsumer.invokeRecordListener(KafkaMessageListenerContainer.java:2282)
	at org.springframework.kafka.listener.KafkaMessageListenerContainer$ListenerConsumer.invokeListener(KafkaMessageListenerContainer.java:1956)
	at org.springframework.kafka.listener.KafkaMessageListenerContainer$ListenerConsumer.invokeIfHaveRecords(KafkaMessageListenerContainer.java:1351)
	at org.springframework.kafka.listener.KafkaMessageListenerContainer$ListenerConsumer.pollAndInvoke(KafkaMessageListenerContainer.java:1342)
	at org.springframework.kafka.listener.KafkaMessageListenerContainer$ListenerConsumer.run(KafkaMessageListenerContainer.java:1234)
	at java.base/java.util.concurrent.Executors$RunnableAdapter.call(Executors.java:515)
	at java.base/java.util.concurrent.FutureTask.run$$$capture(FutureTask.java:264)
	at java.base/java.util.concurrent.FutureTask.run(FutureTask.java)
	at java.base/java.lang.Thread.run(Thread.java:832)
	Suppressed: org.springframework.kafka.listener.ListenerExecutionFailedException: Restored Stack Trace
		at org.springframework.kafka.listener.adapter.MessagingMessageListenerAdapter.checkAckArg(MessagingMessageListenerAdapter.java:369)
		at org.springframework.kafka.listener.adapter.MessagingMessageListenerAdapter.invokeHandler(MessagingMessageListenerAdapter.java:355)
		at org.springframework.kafka.listener.adapter.RecordMessagingMessageListenerAdapter.onMessage(RecordMessagingMessageListenerAdapter.java:92)
		at org.springframework.kafka.listener.adapter.RecordMessagingMessageListenerAdapter.onMessage(RecordMessagingMessageListenerAdapter.java:53)
		at org.springframework.kafka.listener.KafkaMessageListenerContainer$ListenerConsumer.doInvokeOnMessage(KafkaMessageListenerContainer.java:2586)
Caused by: java.lang.IllegalStateException: No Acknowledgment available as an argument, the listener container must have a MANUAL AckMode to populate the Acknowledgment.
	at org.springframework.kafka.listener.adapter.MessagingMessageListenerAdapter.checkAckArg(MessagingMessageListenerAdapter.java:369)
	at org.springframework.kafka.listener.adapter.MessagingMessageListenerAdapter.invokeHandler(MessagingMessageListenerAdapter.java:355)
	at org.springframework.kafka.listener.adapter.RecordMessagingMessageListenerAdapter.onMessage(RecordMessagingMessageListenerAdapter.java:92)
	at org.springframework.kafka.listener.adapter.RecordMessagingMessageListenerAdapter.onMessage(RecordMessagingMessageListenerAdapter.java:53)
	at org.springframework.kafka.listener.KafkaMessageListenerContainer$ListenerConsumer.doInvokeOnMessage(KafkaMessageListenerContainer.java:2586)
	... 12 common frames omitted
Caused by: org.springframework.messaging.handler.annotation.support.MethodArgumentNotValidException: Could not resolve method parameter at index 1 in public void za.co.woolworths.itemkafka_poc.kafka.consumer.ItemConsumerService.listen(org.apache.kafka.clients.consumer.ConsumerRecord<java.lang.String, java.lang.String>,org.springframework.kafka.support.Acknowledgment): 1 error(s): [Error in object 'acknowledgment': codes []; arguments []; default message [Payload value must not be empty]] 
	at org.springframework.messaging.handler.annotation.support.PayloadMethodArgumentResolver.resolveArgument(PayloadMethodArgumentResolver.java:122)
	at org.springframework.kafka.annotation.KafkaNullAwarePayloadArgumentResolver.resolveArgument(KafkaNullAwarePayloadArgumentResolver.java:46)
	at org.springframework.messaging.handler.invocation.HandlerMethodArgumentResolverComposite.resolveArgument(HandlerMethodArgumentResolverComposite.java:118)
	at org.springframework.messaging.handler.invocation.InvocableHandlerMethod.getMethodArgumentValues(InvocableHandlerMethod.java:147)
	at org.springframework.messaging.handler.invocation.InvocableHandlerMethod.invoke(InvocableHandlerMethod.java:115)
	at org.springframework.kafka.listener.adapter.HandlerAdapter.invoke(HandlerAdapter.java:56)
	at org.springframework.kafka.listener.adapter.MessagingMessageListenerAdapter.invokeHandler(MessagingMessageListenerAdapter.java:347)
	... 15 common frames omitted

2025-01-13 16:20:06.980  INFO [org.apache.kafka.clients.consumer.KafkaConsumer:1585] [Consumer clientId=consumer-item_group-1, groupId=item_group] Seeking to offset 97 for partition Item_Topic-0 
2025-01-13 16:20:06.981  INFO [za.co.woolworths.itemkafka_poc.kafka.producer.ItemProducerService:39] *****Message sent successfully for itemId: 100046624***** 
2025-01-13 16:20:06.985 ERROR [org.springframework.kafka.listener.DefaultErrorHandler:149] Backoff none exhausted for Item_Topic-0@97 org.springframework.kafka.listener.ListenerExecutionFailedException: invokeHandler Failed; nested exception is java.lang.IllegalStateException: No Acknowledgment available as an argument, the listener container must have a MANUAL AckMode to populate the Acknowledgment.; nested exception is java.lang.IllegalStateException: No Acknowledgment available as an argument, the listener container must have a MANUAL AckMode to populate the Acknowledgment.
	at org.springframework.kafka.listener.KafkaMessageListenerContainer$ListenerConsumer.decorateException(KafkaMessageListenerContainer.java:2636)
	at org.springframework.kafka.listener.KafkaMessageListenerContainer$ListenerConsumer.doInvokeOnMessage(KafkaMessageListenerContainer.java:2606)
	at org.springframework.kafka.listener.KafkaMessageListenerContainer$ListenerConsumer.invokeOnMessage(KafkaMessageListenerContainer.java:2567)
	at org.springframework.kafka.listener.KafkaMessageListenerContainer$ListenerConsumer.doInvokeRecordListener(KafkaMessageListenerContainer.java:2481)
	at org.springframework.kafka.listener.KafkaMessageListenerContainer$ListenerConsumer.doInvokeWithRecords(KafkaMessageListenerContainer.java:2403)
	at org.springframework.kafka.listener.KafkaMessageListenerContainer$ListenerConsumer.invokeRecordListener(KafkaMessageListenerContainer.java:2282)
	at org.springframework.kafka.listener.KafkaMessageListenerContainer$ListenerConsumer.invokeListener(KafkaMessageListenerContainer.java:1956)
	at org.springframework.kafka.listener.KafkaMessageListenerContainer$ListenerConsumer.invokeIfHaveRecords(KafkaMessageListenerContainer.java:1351)
	at org.springframework.kafka.listener.KafkaMessageListenerContainer$ListenerConsumer.pollAndInvoke(KafkaMessageListenerContainer.java:1342)
	at org.springframework.kafka.listener.KafkaMessageListenerContainer$ListenerConsumer.run(KafkaMessageListenerContainer.java:1234)
	at java.base/java.util.concurrent.Executors$RunnableAdapter.call(Executors.java:515)
	at java.base/java.util.concurrent.FutureTask.run$$$capture(FutureTask.java:264)
	at java.base/java.util.concurrent.FutureTask.run(FutureTask.java)
	at java.base/java.lang.Thread.run(Thread.java:832)
	Suppressed: org.springframework.kafka.listener.ListenerExecutionFailedException: Restored Stack Trace
		at org.springframework.kafka.listener.adapter.MessagingMessageListenerAdapter.checkAckArg(MessagingMessageListenerAdapter.java:369)
		at org.springframework.kafka.listener.adapter.MessagingMessageListenerAdapter.invokeHandler(MessagingMessageListenerAdapter.java:355)
		at org.springframework.kafka.listener.adapter.RecordMessagingMessageListenerAdapter.onMessage(RecordMessagingMessageListenerAdapter.java:92)
		at org.springframework.kafka.listener.adapter.RecordMessagingMessageListenerAdapter.onMessage(RecordMessagingMessageListenerAdapter.java:53)
		at org.springframework.kafka.listener.KafkaMessageListenerContainer$ListenerConsumer.doInvokeOnMessage(KafkaMessageListenerContainer.java:2586)
Caused by: java.lang.IllegalStateException: No Acknowledgment available as an argument, the listener container must have a MANUAL AckMode to populate the Acknowledgment.
	at org.springframework.kafka.listener.adapter.MessagingMessageListenerAdapter.checkAckArg(MessagingMessageListenerAdapter.java:369)
	at org.springframework.kafka.listener.adapter.MessagingMessageListenerAdapter.invokeHandler(MessagingMessageListenerAdapter.java:355)
	at org.springframework.kafka.listener.adapter.RecordMessagingMessageListenerAdapter.onMessage(RecordMessagingMessageListenerAdapter.java:92)
	at org.springframework.kafka.listener.adapter.RecordMessagingMessageListenerAdapter.onMessage(RecordMessagingMessageListenerAdapter.java:53)
	at org.springframework.kafka.listener.KafkaMessageListenerContainer$ListenerConsumer.doInvokeOnMessage(KafkaMessageListenerContainer.java:2586)
	... 12 common frames omitted
Caused by: org.springframework.messaging.handler.annotation.support.MethodArgumentNotValidException: Could not resolve method parameter at index 1 in public void za.co.woolworths.itemkafka_poc.kafka.consumer.ItemConsumerService.listen(org.apache.kafka.clients.consumer.ConsumerRecord<java.lang.String, java.lang.String>,org.springframework.kafka.support.Acknowledgment): 1 error(s): [Error in object 'acknowledgment': codes []; arguments []; default message [Payload value must not be empty]] 
	at org.springframework.messaging.handler.annotation.support.PayloadMethodArgumentResolver.resolveArgument(PayloadMethodArgumentResolver.java:122)
	at org.springframework.kafka.annotation.KafkaNullAwarePayloadArgumentResolver.resolveArgument(KafkaNullAwarePayloadArgumentResolver.java:46)
	at org.springframework.messaging.handler.invocation.HandlerMethodArgumentResolverComposite.resolveArgument(HandlerMethodArgumentResolverComposite.java:118)
	at org.springframework.messaging.handler.invocation.InvocableHandlerMethod.getMethodArgumentValues(InvocableHandlerMethod.java:147)
	at org.springframework.messaging.handler.invocation.InvocableHandlerMethod.invoke(InvocableHandlerMethod.java:115)
	at org.springframework.kafka.listener.adapter.HandlerAdapter.invoke(HandlerAdapter.java:56)
	at org.springframework.kafka.listener.adapter.MessagingMessageListenerAdapter.invokeHandler(MessagingMessageListenerAdapter.java:347)
	... 15 common frames omitted

2025-01-13 16:20:06.986  INFO [org.apache.kafka.clients.consumer.KafkaConsumer:1585] [Consumer clientId=consumer-item_group-1, groupId=item_group] Seeking to offset 98 for partition Item_Topic-0 
2025-01-13 16:20:06.988  INFO [za.co.woolworths.itemkafka_poc.kafka.producer.ItemProducerService:39] *****Message sent successfully for itemId: 100046632***** 
2025-01-13 16:20:25.195 ERROR [org.springframework.kafka.listener.DefaultErrorHandler:149] Backoff none exhausted for Item_Topic-0@98 org.springframework.kafka.listener.ListenerExecutionFailedException: invokeHandler Failed; nested exception is java.lang.IllegalStateException: No Acknowledgment available as an argument, the listener container must have a MANUAL AckMode to populate the Acknowledgment.; nested exception is java.lang.IllegalStateException: No Acknowledgment available as an argument, the listener container must have a MANUAL AckMode to populate the Acknowledgment.
	at org.springframework.kafka.listener.KafkaMessageListenerContainer$ListenerConsumer.decorateException(KafkaMessageListenerContainer.java:2636)
	at org.springframework.kafka.listener.KafkaMessageListenerContainer$ListenerConsumer.doInvokeOnMessage(KafkaMessageListenerContainer.java:2606)
	at org.springframework.kafka.listener.KafkaMessageListenerContainer$ListenerConsumer.invokeOnMessage(KafkaMessageListenerContainer.java:2567)
	at org.springframework.kafka.listener.KafkaMessageListenerContainer$ListenerConsumer.doInvokeRecordListener(KafkaMessageListenerContainer.java:2481)
	at org.springframework.kafka.listener.KafkaMessageListenerContainer$ListenerConsumer.doInvokeWithRecords(KafkaMessageListenerContainer.java:2403)
	at org.springframework.kafka.listener.KafkaMessageListenerContainer$ListenerConsumer.invokeRecordListener(KafkaMessageListenerContainer.java:2282)
	at org.springframework.kafka.listener.KafkaMessageListenerContainer$ListenerConsumer.invokeListener(KafkaMessageListenerContainer.java:1956)
	at org.springframework.kafka.listener.KafkaMessageListenerContainer$ListenerConsumer.invokeIfHaveRecords(KafkaMessageListenerContainer.java:1351)
	at org.springframework.kafka.listener.KafkaMessageListenerContainer$ListenerConsumer.pollAndInvoke(KafkaMessageListenerContainer.java:1342)
	at org.springframework.kafka.listener.KafkaMessageListenerContainer$ListenerConsumer.run(KafkaMessageListenerContainer.java:1234)
	at java.base/java.util.concurrent.Executors$RunnableAdapter.call(Executors.java:515)
	at java.base/java.util.concurrent.FutureTask.run$$$capture(FutureTask.java:264)
	at java.base/java.util.concurrent.FutureTask.run(FutureTask.java)
	at java.base/java.lang.Thread.run(Thread.java:832)
	Suppressed: org.springframework.kafka.listener.ListenerExecutionFailedException: Restored Stack Trace
		at org.springframework.kafka.listener.adapter.MessagingMessageListenerAdapter.checkAckArg(MessagingMessageListenerAdapter.java:369)
		at org.springframework.kafka.listener.adapter.MessagingMessageListenerAdapter.invokeHandler(MessagingMessageListenerAdapter.java:355)
		at org.springframework.kafka.listener.adapter.RecordMessagingMessageListenerAdapter.onMessage(RecordMessagingMessageListenerAdapter.java:92)
		at org.springframework.kafka.listener.adapter.RecordMessagingMessageListenerAdapter.onMessage(RecordMessagingMessageListenerAdapter.java:53)
		at org.springframework.kafka.listener.KafkaMessageListenerContainer$ListenerConsumer.doInvokeOnMessage(KafkaMessageListenerContainer.java:2586)
Caused by: java.lang.IllegalStateException: No Acknowledgment available as an argument, the listener container must have a MANUAL AckMode to populate the Acknowledgment.
	at org.springframework.kafka.listener.adapter.MessagingMessageListenerAdapter.checkAckArg(MessagingMessageListenerAdapter.java:369)
	at org.springframework.kafka.listener.adapter.MessagingMessageListenerAdapter.invokeHandler(MessagingMessageListenerAdapter.java:355)
	at org.springframework.kafka.listener.adapter.RecordMessagingMessageListenerAdapter.onMessage(RecordMessagingMessageListenerAdapter.java:92)
	at org.springframework.kafka.listener.adapter.RecordMessagingMessageListenerAdapter.onMessage(RecordMessagingMessageListenerAdapter.java:53)
	at org.springframework.kafka.listener.KafkaMessageListenerContainer$ListenerConsumer.doInvokeOnMessage(KafkaMessageListenerContainer.java:2586)
	... 12 common frames omitted
Caused by: org.springframework.messaging.handler.annotation.support.MethodArgumentNotValidException: Could not resolve method parameter at index 1 in public void za.co.woolworths.itemkafka_poc.kafka.consumer.ItemConsumerService.listen(org.apache.kafka.clients.consumer.ConsumerRecord<java.lang.String, java.lang.String>,org.springframework.kafka.support.Acknowledgment): 1 error(s): [Error in object 'acknowledgment': codes []; arguments []; default message [Payload value must not be empty]] 
	at org.springframework.messaging.handler.annotation.support.PayloadMethodArgumentResolver.resolveArgument(PayloadMethodArgumentResolver.java:122)
	at org.springframework.kafka.annotation.KafkaNullAwarePayloadArgumentResolver.resolveArgument(KafkaNullAwarePayloadArgumentResolver.java:46)
	at org.springframework.messaging.handler.invocation.HandlerMethodArgumentResolverComposite.resolveArgument(HandlerMethodArgumentResolverComposite.java:118)
	at org.springframework.messaging.handler.invocation.InvocableHandlerMethod.getMethodArgumentValues(InvocableHandlerMethod.java:147)
	at org.springframework.messaging.handler.invocation.InvocableHandlerMethod.invoke(InvocableHandlerMethod.java:115)
	at org.springframework.kafka.listener.adapter.HandlerAdapter.invoke(HandlerAdapter.java:56)
	at org.springframework.kafka.listener.adapter.MessagingMessageListenerAdapter.invokeHandler(MessagingMessageListenerAdapter.java:347)
	... 15 common frames omitted

2025-01-13 16:20:25.196  INFO [org.apache.kafka.clients.consumer.KafkaConsumer:1585] [Consumer clientId=consumer-item_group-1, groupId=item_group] Seeking to offset 99 for partition Item_Topic-0 
2025-01-13 16:20:25.203 DEBUG [org.springframework.web.servlet.mvc.method.annotation.RequestResponseBodyMethodProcessor:268] Using 'application/text', given [application/text] and supported [application/text] 
2025-01-13 16:20:25.205 DEBUG [org.springframework.web.servlet.mvc.method.annotation.RequestResponseBodyMethodProcessor:119] Writing ["Items sent to Kafka Topic successfully!"] 
2025-01-13 16:20:25.214 DEBUG [org.springframework.web.servlet.DispatcherServlet:1131] Completed 200 OK 
2025-01-13 16:20:25.714 ERROR [org.springframework.kafka.listener.DefaultErrorHandler:149] Backoff none exhausted for Item_Topic-0@99 org.springframework.kafka.listener.ListenerExecutionFailedException: invokeHandler Failed; nested exception is java.lang.IllegalStateException: No Acknowledgment available as an argument, the listener container must have a MANUAL AckMode to populate the Acknowledgment.; nested exception is java.lang.IllegalStateException: No Acknowledgment available as an argument, the listener container must have a MANUAL AckMode to populate the Acknowledgment.
	at org.springframework.kafka.listener.KafkaMessageListenerContainer$ListenerConsumer.decorateException(KafkaMessageListenerContainer.java:2636)
	at org.springframework.kafka.listener.KafkaMessageListenerContainer$ListenerConsumer.doInvokeOnMessage(KafkaMessageListenerContainer.java:2606)
	at org.springframework.kafka.listener.KafkaMessageListenerContainer$ListenerConsumer.invokeOnMessage(KafkaMessageListenerContainer.java:2567)
	at org.springframework.kafka.listener.KafkaMessageListenerContainer$ListenerConsumer.doInvokeRecordListener(KafkaMessageListenerContainer.java:2481)
	at org.springframework.kafka.listener.KafkaMessageListenerContainer$ListenerConsumer.doInvokeWithRecords(KafkaMessageListenerContainer.java:2403)
	at org.springframework.kafka.listener.KafkaMessageListenerContainer$ListenerConsumer.invokeRecordListener(KafkaMessageListenerContainer.java:2282)
	at org.springframework.kafka.listener.KafkaMessageListenerContainer$ListenerConsumer.invokeListener(KafkaMessageListenerContainer.java:1956)
	at org.springframework.kafka.listener.KafkaMessageListenerContainer$ListenerConsumer.invokeIfHaveRecords(KafkaMessageListenerContainer.java:1351)
	at org.springframework.kafka.listener.KafkaMessageListenerContainer$ListenerConsumer.pollAndInvoke(KafkaMessageListenerContainer.java:1342)
	at org.springframework.kafka.listener.KafkaMessageListenerContainer$ListenerConsumer.run(KafkaMessageListenerContainer.java:1234)
	at java.base/java.util.concurrent.Executors$RunnableAdapter.call(Executors.java:515)
	at java.base/java.util.concurrent.FutureTask.run$$$capture(FutureTask.java:264)
	at java.base/java.util.concurrent.FutureTask.run(FutureTask.java)
	at java.base/java.lang.Thread.run(Thread.java:832)
	Suppressed: org.springframework.kafka.listener.ListenerExecutionFailedException: Restored Stack Trace
		at org.springframework.kafka.listener.adapter.MessagingMessageListenerAdapter.checkAckArg(MessagingMessageListenerAdapter.java:369)
		at org.springframework.kafka.listener.adapter.MessagingMessageListenerAdapter.invokeHandler(MessagingMessageListenerAdapter.java:355)
		at org.springframework.kafka.listener.adapter.RecordMessagingMessageListenerAdapter.onMessage(RecordMessagingMessageListenerAdapter.java:92)
		at org.springframework.kafka.listener.adapter.RecordMessagingMessageListenerAdapter.onMessage(RecordMessagingMessageListenerAdapter.java:53)
		at org.springframework.kafka.listener.KafkaMessageListenerContainer$ListenerConsumer.doInvokeOnMessage(KafkaMessageListenerContainer.java:2586)
Caused by: java.lang.IllegalStateException: No Acknowledgment available as an argument, the listener container must have a MANUAL AckMode to populate the Acknowledgment.
	at org.springframework.kafka.listener.adapter.MessagingMessageListenerAdapter.checkAckArg(MessagingMessageListenerAdapter.java:369)
	at org.springframework.kafka.listener.adapter.MessagingMessageListenerAdapter.invokeHandler(MessagingMessageListenerAdapter.java:355)
	at org.springframework.kafka.listener.adapter.RecordMessagingMessageListenerAdapter.onMessage(RecordMessagingMessageListenerAdapter.java:92)
	at org.springframework.kafka.listener.adapter.RecordMessagingMessageListenerAdapter.onMessage(RecordMessagingMessageListenerAdapter.java:53)
	at org.springframework.kafka.listener.KafkaMessageListenerContainer$ListenerConsumer.doInvokeOnMessage(KafkaMessageListenerContainer.java:2586)
	... 12 common frames omitted
Caused by: org.springframework.messaging.handler.annotation.support.MethodArgumentNotValidException: Could not resolve method parameter at index 1 in public void za.co.woolworths.itemkafka_poc.kafka.consumer.ItemConsumerService.listen(org.apache.kafka.clients.consumer.ConsumerRecord<java.lang.String, java.lang.String>,org.springframework.kafka.support.Acknowledgment): 1 error(s): [Error in object 'acknowledgment': codes []; arguments []; default message [Payload value must not be empty]] 
	at org.springframework.messaging.handler.annotation.support.PayloadMethodArgumentResolver.resolveArgument(PayloadMethodArgumentResolver.java:122)
	at org.springframework.kafka.annotation.KafkaNullAwarePayloadArgumentResolver.resolveArgument(KafkaNullAwarePayloadArgumentResolver.java:46)
	at org.springframework.messaging.handler.invocation.HandlerMethodArgumentResolverComposite.resolveArgument(HandlerMethodArgumentResolverComposite.java:118)
	at org.springframework.messaging.handler.invocation.InvocableHandlerMethod.getMethodArgumentValues(InvocableHandlerMethod.java:147)
	at org.springframework.messaging.handler.invocation.InvocableHandlerMethod.invoke(InvocableHandlerMethod.java:115)
	at org.springframework.kafka.listener.adapter.HandlerAdapter.invoke(HandlerAdapter.java:56)
	at org.springframework.kafka.listener.adapter.MessagingMessageListenerAdapter.invokeHandler(MessagingMessageListenerAdapter.java:347)
	... 15 common frames omitted

2025-01-13 16:22:54.316  INFO [org.apache.kafka.clients.consumer.internals.ConsumerCoordinator:310] [Consumer clientId=consumer-item_group-1, groupId=item_group] Revoke previously assigned partitions Item_Topic-0 
2025-01-13 16:22:54.317  INFO [org.springframework.kafka.listener.KafkaMessageListenerContainer:292] item_group: partitions revoked: [Item_Topic-0] 
2025-01-13 16:22:54.318  INFO [org.apache.kafka.clients.consumer.internals.ConsumerCoordinator:1060] [Consumer clientId=consumer-item_group-1, groupId=item_group] Member consumer-item_group-1-61cac57a-c6f6-423f-88d3-4cd47983144c sending LeaveGroup request to coordinator localhost:9092 (id: 2147483647 rack: null) due to the consumer unsubscribed from all topics 
2025-01-13 16:22:54.319  INFO [org.apache.kafka.clients.consumer.internals.ConsumerCoordinator:972] [Consumer clientId=consumer-item_group-1, groupId=item_group] Resetting generation due to: consumer pro-actively leaving the group 
2025-01-13 16:22:54.319  INFO [org.apache.kafka.clients.consumer.internals.ConsumerCoordinator:1000] [Consumer clientId=consumer-item_group-1, groupId=item_group] Request joining group due to: consumer pro-actively leaving the group 
2025-01-13 16:22:54.319  INFO [org.apache.kafka.clients.consumer.KafkaConsumer:1075] [Consumer clientId=consumer-item_group-1, groupId=item_group] Unsubscribed all topics or patterns and assigned partitions 
2025-01-13 16:22:54.321  INFO [org.apache.kafka.clients.consumer.internals.ConsumerCoordinator:972] [Consumer clientId=consumer-item_group-1, groupId=item_group] Resetting generation due to: consumer pro-actively leaving the group 
2025-01-13 16:22:54.322  INFO [org.apache.kafka.clients.consumer.internals.ConsumerCoordinator:1000] [Consumer clientId=consumer-item_group-1, groupId=item_group] Request joining group due to: consumer pro-actively leaving the group 
2025-01-13 16:22:54.346  INFO [org.apache.kafka.common.metrics.Metrics:659] Metrics scheduler closed 
2025-01-13 16:22:54.347  INFO [org.apache.kafka.common.metrics.Metrics:663] Closing reporter org.apache.kafka.common.metrics.JmxReporter 
2025-01-13 16:22:54.347  INFO [org.apache.kafka.common.metrics.Metrics:669] Metrics reporters closed 
2025-01-13 16:22:54.350  INFO [org.apache.kafka.common.utils.AppInfoParser:83] App info kafka.consumer for consumer-item_group-1 unregistered 
2025-01-13 16:22:54.351  INFO [org.springframework.kafka.listener.KafkaMessageListenerContainer:292] item_group: Consumer stopped 
2025-01-13 16:22:54.357  INFO [org.apache.kafka.clients.producer.KafkaProducer:1249] [Producer clientId=producer-1] Closing the Kafka producer with timeoutMillis = 30000 ms. 
2025-01-13 16:22:54.363  INFO [org.apache.kafka.common.metrics.Metrics:659] Metrics scheduler closed 
2025-01-13 16:22:54.364  INFO [org.apache.kafka.common.metrics.Metrics:663] Closing reporter org.apache.kafka.common.metrics.JmxReporter 
2025-01-13 16:22:54.365  INFO [org.apache.kafka.common.metrics.Metrics:669] Metrics reporters closed 
2025-01-13 16:22:54.365  INFO [org.apache.kafka.common.utils.AppInfoParser:83] App info kafka.producer for producer-1 unregistered 
2025-01-13 16:22:54.367  INFO [org.springframework.orm.jpa.LocalContainerEntityManagerFactoryBean:651] Closing JPA EntityManagerFactory for persistence unit 'default' 
2025-01-13 16:22:54.372  INFO [com.zaxxer.hikari.HikariDataSource:350] HikariPool-1 - Shutdown initiated... 
2025-01-13 16:22:54.375  INFO [com.zaxxer.hikari.HikariDataSource:352] HikariPool-1 - Shutdown completed. 
2025-01-13 16:40:12.760  INFO [za.co.woolworths.itemkafka_poc.KafkaItemProducerPocApplication:55] Starting KafkaItemProducerPocApplication using Java 15.0.2 on W49204302 with PID 22204 (C:\Workspaces\Item-Kafka-Producer-POC\Item-Kafka-Producer-POC\target\classes started by W7178930 in C:\Workspaces\Item-Kafka-Producer-POC\Item-Kafka-Producer-POC) 
2025-01-13 16:40:12.762  INFO [za.co.woolworths.itemkafka_poc.KafkaItemProducerPocApplication:640] The following 2 profiles are active: "swagger", "dev" 
2025-01-13 16:40:13.602  INFO [org.springframework.data.repository.config.RepositoryConfigurationDelegate:132] Bootstrapping Spring Data JPA repositories in DEFAULT mode. 
2025-01-13 16:40:13.676  INFO [org.springframework.data.repository.config.RepositoryConfigurationDelegate:201] Finished Spring Data repository scanning in 63 ms. Found 1 JPA repository interfaces. 
2025-01-13 16:40:14.408  INFO [org.springframework.boot.web.embedded.tomcat.TomcatWebServer:108] Tomcat initialized with port(s): 8081 (http) 
2025-01-13 16:40:14.422  INFO [org.apache.coyote.http11.Http11NioProtocol:173] Initializing ProtocolHandler ["http-nio-8081"] 
2025-01-13 16:40:14.422  INFO [org.apache.catalina.core.StandardService:173] Starting service [Tomcat] 
2025-01-13 16:40:14.422  INFO [org.apache.catalina.core.StandardEngine:173] Starting Servlet engine: [Apache Tomcat/9.0.64] 
2025-01-13 16:40:14.560  INFO [org.apache.catalina.core.ContainerBase.[Tomcat].[localhost].[/]:173] Initializing Spring embedded WebApplicationContext 
2025-01-13 16:40:14.560  INFO [org.springframework.boot.web.servlet.context.ServletWebServerApplicationContext:292] Root WebApplicationContext: initialization completed in 1756 ms 
2025-01-13 16:40:14.952  INFO [com.zaxxer.hikari.HikariDataSource:110] HikariPool-1 - Starting... 
2025-01-13 16:40:15.934  INFO [com.zaxxer.hikari.HikariDataSource:123] HikariPool-1 - Start completed. 
2025-01-13 16:40:15.978  INFO [org.hibernate.jpa.internal.util.LogHelper:31] HHH000204: Processing PersistenceUnitInfo [name: default] 
2025-01-13 16:40:16.030  INFO [org.hibernate.Version:44] HHH000412: Hibernate ORM core version 5.6.9.Final 
2025-01-13 16:40:16.221  INFO [org.hibernate.annotations.common.Version:56] HCANN000001: Hibernate Commons Annotations {5.1.2.Final} 
2025-01-13 16:40:16.366  INFO [org.hibernate.dialect.Dialect:175] HHH000400: Using dialect: org.hibernate.dialect.SQLServer2016Dialect 
2025-01-13 16:40:16.922  INFO [org.hibernate.engine.transaction.jta.platform.internal.JtaPlatformInitiator:52] HHH000490: Using JtaPlatform implementation: [org.hibernate.engine.transaction.jta.platform.internal.NoJtaPlatform] 
2025-01-13 16:40:16.930  INFO [org.springframework.orm.jpa.LocalContainerEntityManagerFactoryBean:437] Initialized JPA EntityManagerFactory for persistence unit 'default' 
2025-01-13 16:40:17.657  WARN [org.springframework.boot.autoconfigure.orm.jpa.JpaBaseConfiguration$JpaWebConfiguration:219] spring.jpa.open-in-view is enabled by default. Therefore, database queries may be performed during view rendering. Explicitly configure spring.jpa.open-in-view to disable this warning 
2025-01-13 16:40:17.795 DEBUG [org.springframework.web.servlet.mvc.method.annotation.RequestMappingHandlerMapping:367] 10 mappings in 'requestMappingHandlerMapping' 
2025-01-13 16:40:18.330 DEBUG [org.springframework.web.servlet.handler.SimpleUrlHandlerMapping:188] Patterns [/agent/swagger-ui*/**] in 'resourceHandlerMapping' 
2025-01-13 16:40:18.385 DEBUG [org.springframework.web.servlet.mvc.method.annotation.RequestMappingHandlerAdapter:625] ControllerAdvice beans: 0 @ModelAttribute, 0 @InitBinder, 1 RequestBodyAdvice, 1 ResponseBodyAdvice 
2025-01-13 16:40:18.446 DEBUG [org.springframework.web.servlet.mvc.method.annotation.ExceptionHandlerExceptionResolver:307] ControllerAdvice beans: 1 @ExceptionHandler, 1 ResponseBodyAdvice 
2025-01-13 16:40:18.916  INFO [org.springframework.boot.actuate.endpoint.web.EndpointLinksResolver:58] Exposing 1 endpoint(s) beneath base path '/actuator' 
2025-01-13 16:40:19.078  INFO [org.apache.kafka.clients.consumer.ConsumerConfig:376] ConsumerConfig values: 
	allow.auto.create.topics = true
	auto.commit.interval.ms = 5000
	auto.offset.reset = latest
	bootstrap.servers = [localhost:9092]
	check.crcs = true
	client.dns.lookup = use_all_dns_ips
	client.id = consumer-item_group-1
	client.rack = 
	connections.max.idle.ms = 540000
	default.api.timeout.ms = 60000
	enable.auto.commit = false
	exclude.internal.topics = true
	fetch.max.bytes = 52428800
	fetch.max.wait.ms = 500
	fetch.min.bytes = 1
	group.id = item_group
	group.instance.id = null
	heartbeat.interval.ms = 3000
	interceptor.classes = []
	internal.leave.group.on.close = true
	internal.throw.on.fetch.stable.offset.unsupported = false
	isolation.level = read_uncommitted
	key.deserializer = class org.apache.kafka.common.serialization.StringDeserializer
	max.partition.fetch.bytes = 1048576
	max.poll.interval.ms = 300000
	max.poll.records = 500
	metadata.max.age.ms = 300000
	metric.reporters = []
	metrics.num.samples = 2
	metrics.recording.level = INFO
	metrics.sample.window.ms = 30000
	partition.assignment.strategy = [class org.apache.kafka.clients.consumer.RangeAssignor, class org.apache.kafka.clients.consumer.CooperativeStickyAssignor]
	receive.buffer.bytes = 65536
	reconnect.backoff.max.ms = 1000
	reconnect.backoff.ms = 50
	request.timeout.ms = 30000
	retry.backoff.ms = 100
	sasl.client.callback.handler.class = null
	sasl.jaas.config = null
	sasl.kerberos.kinit.cmd = /usr/bin/kinit
	sasl.kerberos.min.time.before.relogin = 60000
	sasl.kerberos.service.name = null
	sasl.kerberos.ticket.renew.jitter = 0.05
	sasl.kerberos.ticket.renew.window.factor = 0.8
	sasl.login.callback.handler.class = null
	sasl.login.class = null
	sasl.login.connect.timeout.ms = null
	sasl.login.read.timeout.ms = null
	sasl.login.refresh.buffer.seconds = 300
	sasl.login.refresh.min.period.seconds = 60
	sasl.login.refresh.window.factor = 0.8
	sasl.login.refresh.window.jitter = 0.05
	sasl.login.retry.backoff.max.ms = 10000
	sasl.login.retry.backoff.ms = 100
	sasl.mechanism = GSSAPI
	sasl.oauthbearer.clock.skew.seconds = 30
	sasl.oauthbearer.expected.audience = null
	sasl.oauthbearer.expected.issuer = null
	sasl.oauthbearer.jwks.endpoint.refresh.ms = 3600000
	sasl.oauthbearer.jwks.endpoint.retry.backoff.max.ms = 10000
	sasl.oauthbearer.jwks.endpoint.retry.backoff.ms = 100
	sasl.oauthbearer.jwks.endpoint.url = null
	sasl.oauthbearer.scope.claim.name = scope
	sasl.oauthbearer.sub.claim.name = sub
	sasl.oauthbearer.token.endpoint.url = null
	security.protocol = PLAINTEXT
	security.providers = null
	send.buffer.bytes = 131072
	session.timeout.ms = 45000
	socket.connection.setup.timeout.max.ms = 30000
	socket.connection.setup.timeout.ms = 10000
	ssl.cipher.suites = null
	ssl.enabled.protocols = [TLSv1.2, TLSv1.3]
	ssl.endpoint.identification.algorithm = https
	ssl.engine.factory.class = null
	ssl.key.password = null
	ssl.keymanager.algorithm = SunX509
	ssl.keystore.certificate.chain = null
	ssl.keystore.key = null
	ssl.keystore.location = null
	ssl.keystore.password = null
	ssl.keystore.type = JKS
	ssl.protocol = TLSv1.3
	ssl.provider = null
	ssl.secure.random.implementation = null
	ssl.trustmanager.algorithm = PKIX
	ssl.truststore.certificates = null
	ssl.truststore.location = null
	ssl.truststore.password = null
	ssl.truststore.type = JKS
	value.deserializer = class org.apache.kafka.common.serialization.StringDeserializer
 
2025-01-13 16:40:19.358  INFO [org.apache.kafka.common.utils.AppInfoParser:119] Kafka version: 3.1.1 
2025-01-13 16:40:19.358  INFO [org.apache.kafka.common.utils.AppInfoParser:120] Kafka commitId: 97671528ba54a138 
2025-01-13 16:40:19.359  INFO [org.apache.kafka.common.utils.AppInfoParser:121] Kafka startTimeMs: 1736779219355 
2025-01-13 16:40:19.391  INFO [org.apache.kafka.clients.consumer.KafkaConsumer:966] [Consumer clientId=consumer-item_group-1, groupId=item_group] Subscribed to topic(s): Item_Topic 
2025-01-13 16:40:19.412  INFO [org.apache.coyote.http11.Http11NioProtocol:173] Starting ProtocolHandler ["http-nio-8081"] 
2025-01-13 16:40:19.435  INFO [org.springframework.boot.web.embedded.tomcat.TomcatWebServer:220] Tomcat started on port(s): 8081 (http) with context path '' 
2025-01-13 16:40:19.460  INFO [za.co.woolworths.itemkafka_poc.KafkaItemProducerPocApplication:61] Started KafkaItemProducerPocApplication in 7.066 seconds (JVM running for 7.498) 
2025-01-13 16:40:19.906  INFO [org.apache.kafka.clients.Metadata:402] [Consumer clientId=consumer-item_group-1, groupId=item_group] Resetting the last seen epoch of partition Item_Topic-0 to 0 since the associated topicId changed from null to n5fOtsYxRb2vBQHSBR0CaA 
2025-01-13 16:40:19.911  INFO [org.apache.kafka.clients.Metadata:287] [Consumer clientId=consumer-item_group-1, groupId=item_group] Cluster ID: _oI7wiO6SAGqIAOx5vtYxw 
2025-01-13 16:40:19.914  INFO [org.apache.kafka.clients.consumer.internals.ConsumerCoordinator:853] [Consumer clientId=consumer-item_group-1, groupId=item_group] Discovered group coordinator localhost:9092 (id: 2147483647 rack: null) 
2025-01-13 16:40:19.919  INFO [org.apache.kafka.clients.consumer.internals.ConsumerCoordinator:535] [Consumer clientId=consumer-item_group-1, groupId=item_group] (Re-)joining group 
2025-01-13 16:40:19.942  INFO [org.apache.kafka.clients.consumer.internals.ConsumerCoordinator:1000] [Consumer clientId=consumer-item_group-1, groupId=item_group] Request joining group due to: need to re-join with the given member-id 
2025-01-13 16:40:19.944  INFO [org.apache.kafka.clients.consumer.internals.ConsumerCoordinator:535] [Consumer clientId=consumer-item_group-1, groupId=item_group] (Re-)joining group 
2025-01-13 16:40:19.956  INFO [org.apache.kafka.clients.consumer.internals.ConsumerCoordinator:595] [Consumer clientId=consumer-item_group-1, groupId=item_group] Successfully joined group with generation Generation{generationId=3, memberId='consumer-item_group-1-a26f1fc6-9a73-48a5-9356-5103c047de53', protocol='range'} 
2025-01-13 16:40:19.960  INFO [org.apache.kafka.clients.consumer.internals.ConsumerCoordinator:654] [Consumer clientId=consumer-item_group-1, groupId=item_group] Finished assignment for group at generation 3: {consumer-item_group-1-a26f1fc6-9a73-48a5-9356-5103c047de53=Assignment(partitions=[Item_Topic-0])} 
2025-01-13 16:40:19.971  INFO [org.apache.kafka.clients.consumer.internals.ConsumerCoordinator:761] [Consumer clientId=consumer-item_group-1, groupId=item_group] Successfully synced group in generation Generation{generationId=3, memberId='consumer-item_group-1-a26f1fc6-9a73-48a5-9356-5103c047de53', protocol='range'} 
2025-01-13 16:40:19.972  INFO [org.apache.kafka.clients.consumer.internals.ConsumerCoordinator:279] [Consumer clientId=consumer-item_group-1, groupId=item_group] Notifying assignor about the new Assignment(partitions=[Item_Topic-0]) 
2025-01-13 16:40:19.977  INFO [org.apache.kafka.clients.consumer.internals.ConsumerCoordinator:291] [Consumer clientId=consumer-item_group-1, groupId=item_group] Adding newly assigned partitions: Item_Topic-0 
2025-01-13 16:40:19.999  INFO [org.apache.kafka.clients.consumer.internals.ConsumerCoordinator:846] [Consumer clientId=consumer-item_group-1, groupId=item_group] Setting offset for partition Item_Topic-0 to the committed offset FetchPosition{offset=100, offsetEpoch=Optional.empty, currentLeader=LeaderAndEpoch{leader=Optional[localhost:9092 (id: 0 rack: null)], epoch=0}} 
2025-01-13 16:40:20.001  INFO [org.springframework.kafka.listener.KafkaMessageListenerContainer:292] item_group: partitions assigned: [Item_Topic-0] 
2025-01-13 16:40:27.244  INFO [org.apache.catalina.core.ContainerBase.[Tomcat].[localhost].[/]:173] Initializing Spring DispatcherServlet 'dispatcherServlet' 
2025-01-13 16:40:27.244  INFO [org.springframework.web.servlet.DispatcherServlet:525] Initializing Servlet 'dispatcherServlet' 
2025-01-13 16:40:27.244 DEBUG [org.springframework.web.servlet.DispatcherServlet:520] Detected StandardServletMultipartResolver 
2025-01-13 16:40:27.244 DEBUG [org.springframework.web.servlet.DispatcherServlet:544] Detected AcceptHeaderLocaleResolver 
2025-01-13 16:40:27.244 DEBUG [org.springframework.web.servlet.DispatcherServlet:569] Detected FixedThemeResolver 
2025-01-13 16:40:27.245 DEBUG [org.springframework.web.servlet.DispatcherServlet:719] Detected org.springframework.web.servlet.view.DefaultRequestToViewNameTranslator@6779af40 
2025-01-13 16:40:27.246 DEBUG [org.springframework.web.servlet.DispatcherServlet:783] Detected org.springframework.web.servlet.support.SessionFlashMapManager@5418a659 
2025-01-13 16:40:27.246 DEBUG [org.springframework.web.servlet.DispatcherServlet:542] enableLoggingRequestDetails='false': request parameters and headers will be masked to prevent unsafe logging of potentially sensitive data 
2025-01-13 16:40:27.246  INFO [org.springframework.web.servlet.DispatcherServlet:547] Completed initialization in 2 ms 
2025-01-13 16:40:27.251 DEBUG [org.springframework.web.servlet.DispatcherServlet:119] POST "/item-kafka/app/publish-items/v1", parameters={} 
2025-01-13 16:40:27.256 DEBUG [org.springframework.web.servlet.mvc.method.annotation.RequestMappingHandlerMapping:522] Mapped to za.co.woolworths.itemkafka_poc.controller.ItemProducerController#createItemKafkaTopic() 
2025-01-13 16:40:27.605  INFO [org.apache.kafka.clients.producer.ProducerConfig:376] ProducerConfig values: 
	acks = -1
	batch.size = 16384
	bootstrap.servers = [localhost:9092]
	buffer.memory = 33554432
	client.dns.lookup = use_all_dns_ips
	client.id = producer-1
	compression.type = none
	connections.max.idle.ms = 540000
	delivery.timeout.ms = 120000
	enable.idempotence = true
	interceptor.classes = []
	key.serializer = class org.apache.kafka.common.serialization.StringSerializer
	linger.ms = 0
	max.block.ms = 60000
	max.in.flight.requests.per.connection = 5
	max.request.size = 1048576
	metadata.max.age.ms = 300000
	metadata.max.idle.ms = 300000
	metric.reporters = []
	metrics.num.samples = 2
	metrics.recording.level = INFO
	metrics.sample.window.ms = 30000
	partitioner.class = class org.apache.kafka.clients.producer.internals.DefaultPartitioner
	receive.buffer.bytes = 32768
	reconnect.backoff.max.ms = 1000
	reconnect.backoff.ms = 50
	request.timeout.ms = 120000
	retries = 3
	retry.backoff.ms = 100
	sasl.client.callback.handler.class = null
	sasl.jaas.config = null
	sasl.kerberos.kinit.cmd = /usr/bin/kinit
	sasl.kerberos.min.time.before.relogin = 60000
	sasl.kerberos.service.name = null
	sasl.kerberos.ticket.renew.jitter = 0.05
	sasl.kerberos.ticket.renew.window.factor = 0.8
	sasl.login.callback.handler.class = null
	sasl.login.class = null
	sasl.login.connect.timeout.ms = null
	sasl.login.read.timeout.ms = null
	sasl.login.refresh.buffer.seconds = 300
	sasl.login.refresh.min.period.seconds = 60
	sasl.login.refresh.window.factor = 0.8
	sasl.login.refresh.window.jitter = 0.05
	sasl.login.retry.backoff.max.ms = 10000
	sasl.login.retry.backoff.ms = 100
	sasl.mechanism = GSSAPI
	sasl.oauthbearer.clock.skew.seconds = 30
	sasl.oauthbearer.expected.audience = null
	sasl.oauthbearer.expected.issuer = null
	sasl.oauthbearer.jwks.endpoint.refresh.ms = 3600000
	sasl.oauthbearer.jwks.endpoint.retry.backoff.max.ms = 10000
	sasl.oauthbearer.jwks.endpoint.retry.backoff.ms = 100
	sasl.oauthbearer.jwks.endpoint.url = null
	sasl.oauthbearer.scope.claim.name = scope
	sasl.oauthbearer.sub.claim.name = sub
	sasl.oauthbearer.token.endpoint.url = null
	security.protocol = PLAINTEXT
	security.providers = null
	send.buffer.bytes = 131072
	socket.connection.setup.timeout.max.ms = 30000
	socket.connection.setup.timeout.ms = 10000
	ssl.cipher.suites = null
	ssl.enabled.protocols = [TLSv1.2, TLSv1.3]
	ssl.endpoint.identification.algorithm = https
	ssl.engine.factory.class = null
	ssl.key.password = null
	ssl.keymanager.algorithm = SunX509
	ssl.keystore.certificate.chain = null
	ssl.keystore.key = null
	ssl.keystore.location = null
	ssl.keystore.password = null
	ssl.keystore.type = JKS
	ssl.protocol = TLSv1.3
	ssl.provider = null
	ssl.secure.random.implementation = null
	ssl.trustmanager.algorithm = PKIX
	ssl.truststore.certificates = null
	ssl.truststore.location = null
	ssl.truststore.password = null
	ssl.truststore.type = JKS
	transaction.timeout.ms = 60000
	transactional.id = null
	value.serializer = class org.apache.kafka.common.serialization.StringSerializer
 
2025-01-13 16:40:27.612  INFO [org.apache.kafka.clients.producer.KafkaProducer:572] [Producer clientId=producer-1] Instantiated an idempotent producer. 
2025-01-13 16:40:27.621  INFO [org.apache.kafka.common.utils.AppInfoParser:119] Kafka version: 3.1.1 
2025-01-13 16:40:27.621  INFO [org.apache.kafka.common.utils.AppInfoParser:120] Kafka commitId: 97671528ba54a138 
2025-01-13 16:40:27.622  INFO [org.apache.kafka.common.utils.AppInfoParser:121] Kafka startTimeMs: 1736779227621 
2025-01-13 16:40:27.628  INFO [org.apache.kafka.clients.Metadata:287] [Producer clientId=producer-1] Cluster ID: _oI7wiO6SAGqIAOx5vtYxw 
2025-01-13 16:40:27.629  INFO [org.apache.kafka.clients.producer.internals.TransactionManager:554] [Producer clientId=producer-1] ProducerId set to 1 with epoch 0 
2025-01-13 16:40:27.634  INFO [org.apache.kafka.clients.Metadata:402] [Producer clientId=producer-1] Resetting the last seen epoch of partition Item_Topic-0 to 0 since the associated topicId changed from null to n5fOtsYxRb2vBQHSBR0CaA 
2025-01-13 16:40:27.654  INFO [za.co.woolworths.itemkafka_poc.kafka.producer.ItemProducerService:39] *****Message sent successfully for itemId: 100***** 
2025-01-13 16:40:41.182  INFO [za.co.woolworths.itemkafka_poc.kafka.producer.ItemProducerService:39] *****Message sent successfully for itemId: 100027628***** 
2025-01-13 16:40:41.188  INFO [za.co.woolworths.itemkafka_poc.kafka.producer.ItemProducerService:39] *****Message sent successfully for itemId: 100027636***** 
2025-01-13 16:40:41.191  INFO [za.co.woolworths.itemkafka_poc.kafka.producer.ItemProducerService:39] *****Message sent successfully for itemId: 100028638***** 
2025-01-13 16:40:41.194  INFO [za.co.woolworths.itemkafka_poc.kafka.producer.ItemProducerService:39] *****Message sent successfully for itemId: 100028646***** 
2025-01-13 16:40:41.197  INFO [za.co.woolworths.itemkafka_poc.kafka.producer.ItemProducerService:39] *****Message sent successfully for itemId: 100029622***** 
2025-01-13 16:40:42.292  INFO [za.co.woolworths.itemkafka_poc.kafka.producer.ItemProducerService:39] *****Message sent successfully for itemId: 100031620***** 
2025-01-13 16:40:45.967  INFO [za.co.woolworths.itemkafka_poc.kafka.producer.ItemProducerService:39] *****Message sent successfully for itemId: 100031654***** 
2025-01-13 16:40:45.972  INFO [za.co.woolworths.itemkafka_poc.kafka.producer.ItemProducerService:39] *****Message sent successfully for itemId: 100031662***** 
2025-01-13 16:40:50.522  INFO [za.co.woolworths.itemkafka_poc.kafka.producer.ItemProducerService:39] *****Message sent successfully for itemId: 100031670***** 
2025-01-13 16:40:50.529  INFO [za.co.woolworths.itemkafka_poc.kafka.producer.ItemProducerService:39] *****Message sent successfully for itemId: 100031872***** 
2025-01-13 16:40:50.531  INFO [za.co.woolworths.itemkafka_poc.kafka.producer.ItemProducerService:39] *****Message sent successfully for itemId: 100032622***** 
2025-01-13 16:40:50.534  INFO [za.co.woolworths.itemkafka_poc.kafka.producer.ItemProducerService:39] *****Message sent successfully for itemId: 100032630***** 
2025-01-13 16:40:50.538  INFO [za.co.woolworths.itemkafka_poc.kafka.producer.ItemProducerService:39] *****Message sent successfully for itemId: 100032648***** 
2025-01-13 16:40:50.540  INFO [za.co.woolworths.itemkafka_poc.kafka.producer.ItemProducerService:39] *****Message sent successfully for itemId: 100032656***** 
2025-01-13 16:40:50.542  INFO [za.co.woolworths.itemkafka_poc.kafka.producer.ItemProducerService:39] *****Message sent successfully for itemId: 100033624***** 
2025-01-13 16:40:50.544  INFO [za.co.woolworths.itemkafka_poc.kafka.producer.ItemProducerService:39] *****Message sent successfully for itemId: 100034626***** 
2025-01-13 16:40:50.546  INFO [za.co.woolworths.itemkafka_poc.kafka.producer.ItemProducerService:39] *****Message sent successfully for itemId: 100034634***** 
2025-01-13 16:40:50.549  INFO [za.co.woolworths.itemkafka_poc.kafka.producer.ItemProducerService:39] *****Message sent successfully for itemId: 100034642***** 
2025-01-13 16:40:50.559  INFO [za.co.woolworths.itemkafka_poc.kafka.producer.ItemProducerService:39] *****Message sent successfully for itemId: 100035628***** 
2025-01-13 16:40:50.564  INFO [za.co.woolworths.itemkafka_poc.kafka.producer.ItemProducerService:39] *****Message sent successfully for itemId: 100035644***** 
2025-01-13 16:40:50.567  INFO [za.co.woolworths.itemkafka_poc.kafka.producer.ItemProducerService:39] *****Message sent successfully for itemId: 100036620***** 
2025-01-13 16:40:50.572  INFO [za.co.woolworths.itemkafka_poc.kafka.producer.ItemProducerService:39] *****Message sent successfully for itemId: 100036638***** 
2025-01-13 16:40:50.577  INFO [za.co.woolworths.itemkafka_poc.kafka.producer.ItemProducerService:39] *****Message sent successfully for itemId: 100036646***** 
2025-01-13 16:40:50.580  INFO [za.co.woolworths.itemkafka_poc.kafka.producer.ItemProducerService:39] *****Message sent successfully for itemId: 100036654***** 
2025-01-13 16:40:50.583  INFO [za.co.woolworths.itemkafka_poc.kafka.producer.ItemProducerService:39] *****Message sent successfully for itemId: 100036662***** 
2025-01-13 16:40:50.589  INFO [za.co.woolworths.itemkafka_poc.kafka.producer.ItemProducerService:39] *****Message sent successfully for itemId: 100037622***** 
2025-01-13 16:40:50.594  INFO [za.co.woolworths.itemkafka_poc.kafka.producer.ItemProducerService:39] *****Message sent successfully for itemId: 100037648***** 
2025-01-13 16:40:50.600  INFO [za.co.woolworths.itemkafka_poc.kafka.producer.ItemProducerService:39] *****Message sent successfully for itemId: 100037664***** 
2025-01-13 16:40:50.605  INFO [za.co.woolworths.itemkafka_poc.kafka.producer.ItemProducerService:39] *****Message sent successfully for itemId: 100037672***** 
2025-01-13 16:40:50.609  INFO [za.co.woolworths.itemkafka_poc.kafka.producer.ItemProducerService:39] *****Message sent successfully for itemId: 100038624***** 
2025-01-13 16:40:50.613  INFO [za.co.woolworths.itemkafka_poc.kafka.producer.ItemProducerService:39] *****Message sent successfully for itemId: 100038632***** 
2025-01-13 16:40:50.616  INFO [za.co.woolworths.itemkafka_poc.kafka.producer.ItemProducerService:39] *****Message sent successfully for itemId: 100038658***** 
2025-01-13 16:40:50.619  INFO [za.co.woolworths.itemkafka_poc.kafka.producer.ItemProducerService:39] *****Message sent successfully for itemId: 100038666***** 
2025-01-13 16:40:50.621  INFO [za.co.woolworths.itemkafka_poc.kafka.producer.ItemProducerService:39] *****Message sent successfully for itemId: 100038674***** 
2025-01-13 16:40:50.624  INFO [za.co.woolworths.itemkafka_poc.kafka.producer.ItemProducerService:39] *****Message sent successfully for itemId: 100038682***** 
2025-01-13 16:40:50.627  INFO [za.co.woolworths.itemkafka_poc.kafka.producer.ItemProducerService:39] *****Message sent successfully for itemId: 100038690***** 
2025-01-13 16:40:50.630  INFO [za.co.woolworths.itemkafka_poc.kafka.producer.ItemProducerService:39] *****Message sent successfully for itemId: 100038704***** 
2025-01-13 16:40:50.633  INFO [za.co.woolworths.itemkafka_poc.kafka.producer.ItemProducerService:39] *****Message sent successfully for itemId: 100038712***** 
2025-01-13 16:40:50.636  INFO [za.co.woolworths.itemkafka_poc.kafka.producer.ItemProducerService:39] *****Message sent successfully for itemId: 100038720***** 
2025-01-13 16:40:50.640  INFO [za.co.woolworths.itemkafka_poc.kafka.producer.ItemProducerService:39] *****Message sent successfully for itemId: 100038738***** 
2025-01-13 16:40:50.643  INFO [za.co.woolworths.itemkafka_poc.kafka.producer.ItemProducerService:39] *****Message sent successfully for itemId: 100038746***** 
2025-01-13 16:40:50.646  INFO [za.co.woolworths.itemkafka_poc.kafka.producer.ItemProducerService:39] *****Message sent successfully for itemId: 100038762***** 
2025-01-13 16:40:50.649  INFO [za.co.woolworths.itemkafka_poc.kafka.producer.ItemProducerService:39] *****Message sent successfully for itemId: 100038788***** 
2025-01-13 16:40:50.651  INFO [za.co.woolworths.itemkafka_poc.kafka.producer.ItemProducerService:39] *****Message sent successfully for itemId: 100038796***** 
2025-01-13 16:40:50.654  INFO [za.co.woolworths.itemkafka_poc.kafka.producer.ItemProducerService:39] *****Message sent successfully for itemId: 100038800***** 
2025-01-13 16:40:50.656  INFO [za.co.woolworths.itemkafka_poc.kafka.producer.ItemProducerService:39] *****Message sent successfully for itemId: 100038818***** 
2025-01-13 16:40:50.658  INFO [za.co.woolworths.itemkafka_poc.kafka.producer.ItemProducerService:39] *****Message sent successfully for itemId: 100038826***** 
2025-01-13 16:40:50.661  INFO [za.co.woolworths.itemkafka_poc.kafka.producer.ItemProducerService:39] *****Message sent successfully for itemId: 100038834***** 
2025-01-13 16:40:50.663  INFO [za.co.woolworths.itemkafka_poc.kafka.producer.ItemProducerService:39] *****Message sent successfully for itemId: 100038842***** 
2025-01-13 16:40:50.666  INFO [za.co.woolworths.itemkafka_poc.kafka.producer.ItemProducerService:39] *****Message sent successfully for itemId: 100038850***** 
2025-01-13 16:40:50.669  INFO [za.co.woolworths.itemkafka_poc.kafka.producer.ItemProducerService:39] *****Message sent successfully for itemId: 100038868***** 
2025-01-13 16:40:50.672  INFO [za.co.woolworths.itemkafka_poc.kafka.producer.ItemProducerService:39] *****Message sent successfully for itemId: 100038876***** 
2025-01-13 16:40:50.675  INFO [za.co.woolworths.itemkafka_poc.kafka.producer.ItemProducerService:39] *****Message sent successfully for itemId: 100038884***** 
2025-01-13 16:40:50.677  INFO [za.co.woolworths.itemkafka_poc.kafka.producer.ItemProducerService:39] *****Message sent successfully for itemId: 100038892***** 
2025-01-13 16:40:50.679  INFO [za.co.woolworths.itemkafka_poc.kafka.producer.ItemProducerService:39] *****Message sent successfully for itemId: 100038906***** 
2025-01-13 16:40:50.682  INFO [za.co.woolworths.itemkafka_poc.kafka.producer.ItemProducerService:39] *****Message sent successfully for itemId: 100038914***** 
2025-01-13 16:40:50.685  INFO [za.co.woolworths.itemkafka_poc.kafka.producer.ItemProducerService:39] *****Message sent successfully for itemId: 100038922***** 
2025-01-13 16:40:50.687  INFO [za.co.woolworths.itemkafka_poc.kafka.producer.ItemProducerService:39] *****Message sent successfully for itemId: 100038930***** 
2025-01-13 16:40:50.689  INFO [za.co.woolworths.itemkafka_poc.kafka.producer.ItemProducerService:39] *****Message sent successfully for itemId: 100039626***** 
2025-01-13 16:40:50.692  INFO [za.co.woolworths.itemkafka_poc.kafka.producer.ItemProducerService:39] *****Message sent successfully for itemId: 100039650***** 
2025-01-13 16:40:50.694  INFO [za.co.woolworths.itemkafka_poc.kafka.producer.ItemProducerService:39] *****Message sent successfully for itemId: 100039684***** 
2025-01-13 16:40:50.697  INFO [za.co.woolworths.itemkafka_poc.kafka.producer.ItemProducerService:39] *****Message sent successfully for itemId: 100039692***** 
2025-01-13 16:40:50.699  INFO [za.co.woolworths.itemkafka_poc.kafka.producer.ItemProducerService:39] *****Message sent successfully for itemId: 100039706***** 
2025-01-13 16:40:50.702  INFO [za.co.woolworths.itemkafka_poc.kafka.producer.ItemProducerService:39] *****Message sent successfully for itemId: 100039714***** 
2025-01-13 16:40:50.705  INFO [za.co.woolworths.itemkafka_poc.kafka.producer.ItemProducerService:39] *****Message sent successfully for itemId: 100039722***** 
2025-01-13 16:40:50.708  INFO [za.co.woolworths.itemkafka_poc.kafka.producer.ItemProducerService:39] *****Message sent successfully for itemId: 100039730***** 
2025-01-13 16:40:50.711  INFO [za.co.woolworths.itemkafka_poc.kafka.producer.ItemProducerService:39] *****Message sent successfully for itemId: 100039756***** 
2025-01-13 16:40:50.713  INFO [za.co.woolworths.itemkafka_poc.kafka.producer.ItemProducerService:39] *****Message sent successfully for itemId: 100039764***** 
2025-01-13 16:40:50.716  INFO [za.co.woolworths.itemkafka_poc.kafka.producer.ItemProducerService:39] *****Message sent successfully for itemId: 100039772***** 
2025-01-13 16:40:50.718  INFO [za.co.woolworths.itemkafka_poc.kafka.producer.ItemProducerService:39] *****Message sent successfully for itemId: 100039780***** 
2025-01-13 16:40:50.721  INFO [za.co.woolworths.itemkafka_poc.kafka.producer.ItemProducerService:39] *****Message sent successfully for itemId: 100040622***** 
2025-01-13 16:40:50.724  INFO [za.co.woolworths.itemkafka_poc.kafka.producer.ItemProducerService:39] *****Message sent successfully for itemId: 100040630***** 
2025-01-13 16:40:50.727  INFO [za.co.woolworths.itemkafka_poc.kafka.producer.ItemProducerService:39] *****Message sent successfully for itemId: 100040648***** 
2025-01-13 16:40:50.729  INFO [za.co.woolworths.itemkafka_poc.kafka.producer.ItemProducerService:39] *****Message sent successfully for itemId: 100040656***** 
2025-01-13 16:40:50.732  INFO [za.co.woolworths.itemkafka_poc.kafka.producer.ItemProducerService:39] *****Message sent successfully for itemId: 100040664***** 
2025-01-13 16:40:50.734  INFO [za.co.woolworths.itemkafka_poc.kafka.producer.ItemProducerService:39] *****Message sent successfully for itemId: 100040672***** 
2025-01-13 16:40:50.736  INFO [za.co.woolworths.itemkafka_poc.kafka.producer.ItemProducerService:39] *****Message sent successfully for itemId: 100040680***** 
2025-01-13 16:40:50.738  INFO [za.co.woolworths.itemkafka_poc.kafka.producer.ItemProducerService:39] *****Message sent successfully for itemId: 100041682***** 
2025-01-13 16:40:50.740  INFO [za.co.woolworths.itemkafka_poc.kafka.producer.ItemProducerService:39] *****Message sent successfully for itemId: 100041690***** 
2025-01-13 16:40:50.743  INFO [za.co.woolworths.itemkafka_poc.kafka.producer.ItemProducerService:39] *****Message sent successfully for itemId: 100041704***** 
2025-01-13 16:40:50.746  INFO [za.co.woolworths.itemkafka_poc.kafka.producer.ItemProducerService:39] *****Message sent successfully for itemId: 100041712***** 
2025-01-13 16:40:50.749  INFO [za.co.woolworths.itemkafka_poc.kafka.producer.ItemProducerService:39] *****Message sent successfully for itemId: 100042626***** 
2025-01-13 16:40:50.752  INFO [za.co.woolworths.itemkafka_poc.kafka.producer.ItemProducerService:39] *****Message sent successfully for itemId: 100042634***** 
2025-01-13 16:40:50.755  INFO [za.co.woolworths.itemkafka_poc.kafka.producer.ItemProducerService:39] *****Message sent successfully for itemId: 100042642***** 
2025-01-13 16:40:50.757  INFO [za.co.woolworths.itemkafka_poc.kafka.producer.ItemProducerService:39] *****Message sent successfully for itemId: 100042668***** 
2025-01-13 16:40:50.759  INFO [za.co.woolworths.itemkafka_poc.kafka.producer.ItemProducerService:39] *****Message sent successfully for itemId: 100042676***** 
2025-01-13 16:40:50.761  INFO [za.co.woolworths.itemkafka_poc.kafka.producer.ItemProducerService:39] *****Message sent successfully for itemId: 100042684***** 
2025-01-13 16:40:50.764  INFO [za.co.woolworths.itemkafka_poc.kafka.producer.ItemProducerService:39] *****Message sent successfully for itemId: 100042692***** 
2025-01-13 16:40:50.767  INFO [za.co.woolworths.itemkafka_poc.kafka.producer.ItemProducerService:39] *****Message sent successfully for itemId: 100044620***** 
2025-01-13 16:40:50.770  INFO [za.co.woolworths.itemkafka_poc.kafka.producer.ItemProducerService:39] *****Message sent successfully for itemId: 100044638***** 
2025-01-13 16:40:50.773  INFO [za.co.woolworths.itemkafka_poc.kafka.producer.ItemProducerService:39] *****Message sent successfully for itemId: 100044646***** 
2025-01-13 16:40:50.776  INFO [za.co.woolworths.itemkafka_poc.kafka.producer.ItemProducerService:39] *****Message sent successfully for itemId: 100044654***** 
2025-01-13 16:40:50.778  INFO [za.co.woolworths.itemkafka_poc.kafka.producer.ItemProducerService:39] *****Message sent successfully for itemId: 100044662***** 
2025-01-13 16:40:50.781  INFO [za.co.woolworths.itemkafka_poc.kafka.producer.ItemProducerService:39] *****Message sent successfully for itemId: 100044670***** 
2025-01-13 16:40:50.784  INFO [za.co.woolworths.itemkafka_poc.kafka.producer.ItemProducerService:39] *****Message sent successfully for itemId: 100044696***** 
2025-01-13 16:40:50.786  INFO [za.co.woolworths.itemkafka_poc.kafka.producer.ItemProducerService:39] *****Message sent successfully for itemId: 100044700***** 
2025-01-13 16:40:50.789  INFO [za.co.woolworths.itemkafka_poc.kafka.producer.ItemProducerService:39] *****Message sent successfully for itemId: 100044718***** 
2025-01-13 16:40:50.792  INFO [za.co.woolworths.itemkafka_poc.kafka.producer.ItemProducerService:39] *****Message sent successfully for itemId: 100046624***** 
2025-01-13 16:40:50.795  INFO [za.co.woolworths.itemkafka_poc.kafka.producer.ItemProducerService:39] *****Message sent successfully for itemId: 100046632***** 
2025-01-13 16:40:50.802 DEBUG [org.springframework.web.servlet.mvc.method.annotation.RequestResponseBodyMethodProcessor:268] Using 'application/text', given [application/text] and supported [application/text] 
2025-01-13 16:40:50.803 DEBUG [org.springframework.web.servlet.mvc.method.annotation.RequestResponseBodyMethodProcessor:119] Writing ["Items sent to Kafka Topic successfully!"] 
2025-01-13 16:40:50.814 DEBUG [org.springframework.web.servlet.DispatcherServlet:1131] Completed 200 OK 
2025-01-13 16:41:01.826  INFO [org.apache.kafka.clients.consumer.internals.ConsumerCoordinator:310] [Consumer clientId=consumer-item_group-1, groupId=item_group] Revoke previously assigned partitions Item_Topic-0 
2025-01-13 16:41:01.827  INFO [org.springframework.kafka.listener.KafkaMessageListenerContainer:292] item_group: partitions revoked: [Item_Topic-0] 
2025-01-13 16:41:01.828  INFO [org.apache.kafka.clients.consumer.internals.ConsumerCoordinator:1060] [Consumer clientId=consumer-item_group-1, groupId=item_group] Member consumer-item_group-1-a26f1fc6-9a73-48a5-9356-5103c047de53 sending LeaveGroup request to coordinator localhost:9092 (id: 2147483647 rack: null) due to the consumer unsubscribed from all topics 
2025-01-13 16:41:01.828  INFO [org.apache.kafka.clients.consumer.internals.ConsumerCoordinator:972] [Consumer clientId=consumer-item_group-1, groupId=item_group] Resetting generation due to: consumer pro-actively leaving the group 
2025-01-13 16:41:01.829  INFO [org.apache.kafka.clients.consumer.internals.ConsumerCoordinator:1000] [Consumer clientId=consumer-item_group-1, groupId=item_group] Request joining group due to: consumer pro-actively leaving the group 
2025-01-13 16:41:01.829  INFO [org.apache.kafka.clients.consumer.KafkaConsumer:1075] [Consumer clientId=consumer-item_group-1, groupId=item_group] Unsubscribed all topics or patterns and assigned partitions 
2025-01-13 16:41:01.830  INFO [org.apache.kafka.clients.consumer.internals.ConsumerCoordinator:972] [Consumer clientId=consumer-item_group-1, groupId=item_group] Resetting generation due to: consumer pro-actively leaving the group 
2025-01-13 16:41:01.830  INFO [org.apache.kafka.clients.consumer.internals.ConsumerCoordinator:1000] [Consumer clientId=consumer-item_group-1, groupId=item_group] Request joining group due to: consumer pro-actively leaving the group 
2025-01-13 16:41:01.836  INFO [org.apache.kafka.common.metrics.Metrics:659] Metrics scheduler closed 
2025-01-13 16:41:01.836  INFO [org.apache.kafka.common.metrics.Metrics:663] Closing reporter org.apache.kafka.common.metrics.JmxReporter 
2025-01-13 16:41:01.837  INFO [org.apache.kafka.common.metrics.Metrics:669] Metrics reporters closed 
2025-01-13 16:41:01.842  INFO [org.apache.kafka.common.utils.AppInfoParser:83] App info kafka.consumer for consumer-item_group-1 unregistered 
2025-01-13 16:41:01.843  INFO [org.springframework.kafka.listener.KafkaMessageListenerContainer:292] item_group: Consumer stopped 
2025-01-13 16:41:01.847  INFO [org.apache.kafka.clients.producer.KafkaProducer:1249] [Producer clientId=producer-1] Closing the Kafka producer with timeoutMillis = 30000 ms. 
2025-01-13 16:41:01.850  INFO [org.apache.kafka.common.metrics.Metrics:659] Metrics scheduler closed 
2025-01-13 16:41:01.850  INFO [org.apache.kafka.common.metrics.Metrics:663] Closing reporter org.apache.kafka.common.metrics.JmxReporter 
2025-01-13 16:41:01.850  INFO [org.apache.kafka.common.metrics.Metrics:669] Metrics reporters closed 
2025-01-13 16:41:01.851  INFO [org.apache.kafka.common.utils.AppInfoParser:83] App info kafka.producer for producer-1 unregistered 
2025-01-13 16:41:01.852  INFO [org.springframework.orm.jpa.LocalContainerEntityManagerFactoryBean:651] Closing JPA EntityManagerFactory for persistence unit 'default' 
2025-01-13 16:41:01.854  INFO [com.zaxxer.hikari.HikariDataSource:350] HikariPool-1 - Shutdown initiated... 
2025-01-13 16:41:01.857  INFO [com.zaxxer.hikari.HikariDataSource:352] HikariPool-1 - Shutdown completed. 
