2025-01-07 12:31:09.396  INFO [za.co.woolworths.itemkafka_poc.KafkaItemProducerPocApplication:55] Starting KafkaItemProducerPocApplication using Java 15.0.2 on W49204302 with PID 13124 (C:\Workspaces\Item-Kafka-Producer-POC\Item-Kafka-Producer-POC\target\classes started by W7178930 in C:\Workspaces\Item-Kafka-Producer-POC\Item-Kafka-Producer-POC) 
2025-01-07 12:31:09.399  INFO [za.co.woolworths.itemkafka_poc.KafkaItemProducerPocApplication:640] The following 2 profiles are active: "swagger", "dev" 
2025-01-07 12:31:10.473  INFO [org.springframework.data.repository.config.RepositoryConfigurationDelegate:132] Bootstrapping Spring Data JPA repositories in DEFAULT mode. 
2025-01-07 12:31:10.538  INFO [org.springframework.data.repository.config.RepositoryConfigurationDelegate:201] Finished Spring Data repository scanning in 50 ms. Found 1 JPA repository interfaces. 
2025-01-07 12:31:11.626  INFO [org.springframework.boot.web.embedded.tomcat.TomcatWebServer:108] Tomcat initialized with port(s): 8081 (http) 
2025-01-07 12:31:11.635  INFO [org.apache.coyote.http11.Http11NioProtocol:173] Initializing ProtocolHandler ["http-nio-8081"] 
2025-01-07 12:31:11.635  INFO [org.apache.catalina.core.StandardService:173] Starting service [Tomcat] 
2025-01-07 12:31:11.636  INFO [org.apache.catalina.core.StandardEngine:173] Starting Servlet engine: [Apache Tomcat/9.0.64] 
2025-01-07 12:31:11.812  INFO [org.apache.catalina.core.ContainerBase.[Tomcat].[localhost].[/]:173] Initializing Spring embedded WebApplicationContext 
2025-01-07 12:31:11.812  INFO [org.springframework.boot.web.servlet.context.ServletWebServerApplicationContext:292] Root WebApplicationContext: initialization completed in 2369 ms 
2025-01-07 12:31:12.342  INFO [com.zaxxer.hikari.HikariDataSource:110] HikariPool-1 - Starting... 
2025-01-07 12:31:12.991  INFO [com.zaxxer.hikari.HikariDataSource:123] HikariPool-1 - Start completed. 
2025-01-07 12:31:13.041  INFO [org.hibernate.jpa.internal.util.LogHelper:31] HHH000204: Processing PersistenceUnitInfo [name: default] 
2025-01-07 12:31:13.145  INFO [org.hibernate.Version:44] HHH000412: Hibernate ORM core version 5.6.9.Final 
2025-01-07 12:31:13.496  INFO [org.hibernate.annotations.common.Version:56] HCANN000001: Hibernate Commons Annotations {5.1.2.Final} 
2025-01-07 12:31:13.694  INFO [org.hibernate.dialect.Dialect:175] HHH000400: Using dialect: org.hibernate.dialect.SQLServer2016Dialect 
2025-01-07 12:31:14.367  INFO [org.hibernate.engine.transaction.jta.platform.internal.JtaPlatformInitiator:52] HHH000490: Using JtaPlatform implementation: [org.hibernate.engine.transaction.jta.platform.internal.NoJtaPlatform] 
2025-01-07 12:31:14.375  INFO [org.springframework.orm.jpa.LocalContainerEntityManagerFactoryBean:437] Initialized JPA EntityManagerFactory for persistence unit 'default' 
2025-01-07 12:31:15.234  WARN [org.springframework.boot.autoconfigure.orm.jpa.JpaBaseConfiguration$JpaWebConfiguration:219] spring.jpa.open-in-view is enabled by default. Therefore, database queries may be performed during view rendering. Explicitly configure spring.jpa.open-in-view to disable this warning 
2025-01-07 12:31:15.374 DEBUG [org.springframework.web.servlet.mvc.method.annotation.RequestMappingHandlerMapping:367] 10 mappings in 'requestMappingHandlerMapping' 
2025-01-07 12:31:15.741 DEBUG [org.springframework.web.servlet.handler.SimpleUrlHandlerMapping:188] Patterns [/agent/swagger-ui*/**] in 'resourceHandlerMapping' 
2025-01-07 12:31:15.798 DEBUG [org.springframework.web.servlet.mvc.method.annotation.RequestMappingHandlerAdapter:625] ControllerAdvice beans: 0 @ModelAttribute, 0 @InitBinder, 1 RequestBodyAdvice, 1 ResponseBodyAdvice 
2025-01-07 12:31:15.851 DEBUG [org.springframework.web.servlet.mvc.method.annotation.ExceptionHandlerExceptionResolver:307] ControllerAdvice beans: 1 @ExceptionHandler, 1 ResponseBodyAdvice 
2025-01-07 12:31:16.299  INFO [org.springframework.boot.actuate.endpoint.web.EndpointLinksResolver:58] Exposing 1 endpoint(s) beneath base path '/actuator' 
2025-01-07 12:31:16.449  INFO [org.apache.kafka.clients.consumer.ConsumerConfig:376] ConsumerConfig values: 
	allow.auto.create.topics = true
	auto.commit.interval.ms = 5000
	auto.offset.reset = latest
	bootstrap.servers = [localhost:9092]
	check.crcs = true
	client.dns.lookup = use_all_dns_ips
	client.id = consumer-item_group-1
	client.rack = 
	connections.max.idle.ms = 540000
	default.api.timeout.ms = 60000
	enable.auto.commit = false
	exclude.internal.topics = true
	fetch.max.bytes = 52428800
	fetch.max.wait.ms = 500
	fetch.min.bytes = 1
	group.id = item_group
	group.instance.id = null
	heartbeat.interval.ms = 3000
	interceptor.classes = []
	internal.leave.group.on.close = true
	internal.throw.on.fetch.stable.offset.unsupported = false
	isolation.level = read_uncommitted
	key.deserializer = class org.apache.kafka.common.serialization.StringDeserializer
	max.partition.fetch.bytes = 1048576
	max.poll.interval.ms = 300000
	max.poll.records = 500
	metadata.max.age.ms = 300000
	metric.reporters = []
	metrics.num.samples = 2
	metrics.recording.level = INFO
	metrics.sample.window.ms = 30000
	partition.assignment.strategy = [class org.apache.kafka.clients.consumer.RangeAssignor, class org.apache.kafka.clients.consumer.CooperativeStickyAssignor]
	receive.buffer.bytes = 65536
	reconnect.backoff.max.ms = 1000
	reconnect.backoff.ms = 50
	request.timeout.ms = 30000
	retry.backoff.ms = 100
	sasl.client.callback.handler.class = null
	sasl.jaas.config = null
	sasl.kerberos.kinit.cmd = /usr/bin/kinit
	sasl.kerberos.min.time.before.relogin = 60000
	sasl.kerberos.service.name = null
	sasl.kerberos.ticket.renew.jitter = 0.05
	sasl.kerberos.ticket.renew.window.factor = 0.8
	sasl.login.callback.handler.class = null
	sasl.login.class = null
	sasl.login.connect.timeout.ms = null
	sasl.login.read.timeout.ms = null
	sasl.login.refresh.buffer.seconds = 300
	sasl.login.refresh.min.period.seconds = 60
	sasl.login.refresh.window.factor = 0.8
	sasl.login.refresh.window.jitter = 0.05
	sasl.login.retry.backoff.max.ms = 10000
	sasl.login.retry.backoff.ms = 100
	sasl.mechanism = GSSAPI
	sasl.oauthbearer.clock.skew.seconds = 30
	sasl.oauthbearer.expected.audience = null
	sasl.oauthbearer.expected.issuer = null
	sasl.oauthbearer.jwks.endpoint.refresh.ms = 3600000
	sasl.oauthbearer.jwks.endpoint.retry.backoff.max.ms = 10000
	sasl.oauthbearer.jwks.endpoint.retry.backoff.ms = 100
	sasl.oauthbearer.jwks.endpoint.url = null
	sasl.oauthbearer.scope.claim.name = scope
	sasl.oauthbearer.sub.claim.name = sub
	sasl.oauthbearer.token.endpoint.url = null
	security.protocol = PLAINTEXT
	security.providers = null
	send.buffer.bytes = 131072
	session.timeout.ms = 45000
	socket.connection.setup.timeout.max.ms = 30000
	socket.connection.setup.timeout.ms = 10000
	ssl.cipher.suites = null
	ssl.enabled.protocols = [TLSv1.2, TLSv1.3]
	ssl.endpoint.identification.algorithm = https
	ssl.engine.factory.class = null
	ssl.key.password = null
	ssl.keymanager.algorithm = SunX509
	ssl.keystore.certificate.chain = null
	ssl.keystore.key = null
	ssl.keystore.location = null
	ssl.keystore.password = null
	ssl.keystore.type = JKS
	ssl.protocol = TLSv1.3
	ssl.provider = null
	ssl.secure.random.implementation = null
	ssl.trustmanager.algorithm = PKIX
	ssl.truststore.certificates = null
	ssl.truststore.location = null
	ssl.truststore.password = null
	ssl.truststore.type = JKS
	value.deserializer = class org.apache.kafka.common.serialization.StringDeserializer
 
2025-01-07 12:31:16.619  INFO [org.apache.kafka.common.utils.AppInfoParser:119] Kafka version: 3.1.1 
2025-01-07 12:31:16.619  INFO [org.apache.kafka.common.utils.AppInfoParser:120] Kafka commitId: 97671528ba54a138 
2025-01-07 12:31:16.619  INFO [org.apache.kafka.common.utils.AppInfoParser:121] Kafka startTimeMs: 1736245876617 
2025-01-07 12:31:16.648  INFO [org.apache.kafka.clients.consumer.KafkaConsumer:966] [Consumer clientId=consumer-item_group-1, groupId=item_group] Subscribed to topic(s): Item_Topic 
2025-01-07 12:31:16.665  INFO [org.apache.coyote.http11.Http11NioProtocol:173] Starting ProtocolHandler ["http-nio-8081"] 
2025-01-07 12:31:16.683  INFO [org.springframework.boot.web.embedded.tomcat.TomcatWebServer:220] Tomcat started on port(s): 8081 (http) with context path '' 
2025-01-07 12:31:16.702  INFO [za.co.woolworths.itemkafka_poc.KafkaItemProducerPocApplication:61] Started KafkaItemProducerPocApplication in 7.936 seconds (JVM running for 9.07) 
2025-01-07 12:31:17.178  INFO [org.apache.kafka.clients.Metadata:402] [Consumer clientId=consumer-item_group-1, groupId=item_group] Resetting the last seen epoch of partition Item_Topic-0 to 0 since the associated topicId changed from null to lncACV4PTO-QzmY7TGKExg 
2025-01-07 12:31:17.181  INFO [org.apache.kafka.clients.Metadata:287] [Consumer clientId=consumer-item_group-1, groupId=item_group] Cluster ID: IdFmegt5SVqKpmFnoQXPDA 
2025-01-07 12:31:17.182  INFO [org.apache.kafka.clients.consumer.internals.ConsumerCoordinator:853] [Consumer clientId=consumer-item_group-1, groupId=item_group] Discovered group coordinator localhost:9092 (id: 2147483647 rack: null) 
2025-01-07 12:31:17.185  INFO [org.apache.kafka.clients.consumer.internals.ConsumerCoordinator:535] [Consumer clientId=consumer-item_group-1, groupId=item_group] (Re-)joining group 
2025-01-07 12:31:17.201  INFO [org.apache.kafka.clients.consumer.internals.ConsumerCoordinator:1000] [Consumer clientId=consumer-item_group-1, groupId=item_group] Request joining group due to: need to re-join with the given member-id 
2025-01-07 12:31:17.201  INFO [org.apache.kafka.clients.consumer.internals.ConsumerCoordinator:535] [Consumer clientId=consumer-item_group-1, groupId=item_group] (Re-)joining group 
2025-01-07 12:31:17.205  INFO [org.apache.kafka.clients.consumer.internals.ConsumerCoordinator:595] [Consumer clientId=consumer-item_group-1, groupId=item_group] Successfully joined group with generation Generation{generationId=1, memberId='consumer-item_group-1-fc0a04ba-1083-4449-b65d-c9561ae4731e', protocol='range'} 
2025-01-07 12:31:17.210  INFO [org.apache.kafka.clients.consumer.internals.ConsumerCoordinator:654] [Consumer clientId=consumer-item_group-1, groupId=item_group] Finished assignment for group at generation 1: {consumer-item_group-1-fc0a04ba-1083-4449-b65d-c9561ae4731e=Assignment(partitions=[Item_Topic-0])} 
2025-01-07 12:31:17.221  INFO [org.apache.kafka.clients.consumer.internals.ConsumerCoordinator:761] [Consumer clientId=consumer-item_group-1, groupId=item_group] Successfully synced group in generation Generation{generationId=1, memberId='consumer-item_group-1-fc0a04ba-1083-4449-b65d-c9561ae4731e', protocol='range'} 
2025-01-07 12:31:17.222  INFO [org.apache.kafka.clients.consumer.internals.ConsumerCoordinator:279] [Consumer clientId=consumer-item_group-1, groupId=item_group] Notifying assignor about the new Assignment(partitions=[Item_Topic-0]) 
2025-01-07 12:31:17.227  INFO [org.apache.kafka.clients.consumer.internals.ConsumerCoordinator:291] [Consumer clientId=consumer-item_group-1, groupId=item_group] Adding newly assigned partitions: Item_Topic-0 
2025-01-07 12:31:17.232  INFO [org.apache.kafka.clients.consumer.internals.ConsumerCoordinator:1390] [Consumer clientId=consumer-item_group-1, groupId=item_group] Found no committed offset for partition Item_Topic-0 
2025-01-07 12:31:17.237  INFO [org.apache.kafka.clients.consumer.internals.ConsumerCoordinator:1390] [Consumer clientId=consumer-item_group-1, groupId=item_group] Found no committed offset for partition Item_Topic-0 
2025-01-07 12:31:17.254  INFO [org.apache.kafka.clients.consumer.internals.SubscriptionState:398] [Consumer clientId=consumer-item_group-1, groupId=item_group] Resetting offset for partition Item_Topic-0 to position FetchPosition{offset=2, offsetEpoch=Optional.empty, currentLeader=LeaderAndEpoch{leader=Optional[localhost:9092 (id: 0 rack: null)], epoch=0}}. 
2025-01-07 12:31:17.272  INFO [org.springframework.kafka.listener.KafkaMessageListenerContainer:292] item_group: partitions assigned: [Item_Topic-0] 
2025-01-07 12:32:30.824  INFO [org.apache.catalina.core.ContainerBase.[Tomcat].[localhost].[/]:173] Initializing Spring DispatcherServlet 'dispatcherServlet' 
2025-01-07 12:32:30.825  INFO [org.springframework.web.servlet.DispatcherServlet:525] Initializing Servlet 'dispatcherServlet' 
2025-01-07 12:32:30.825 DEBUG [org.springframework.web.servlet.DispatcherServlet:520] Detected StandardServletMultipartResolver 
2025-01-07 12:32:30.825 DEBUG [org.springframework.web.servlet.DispatcherServlet:544] Detected AcceptHeaderLocaleResolver 
2025-01-07 12:32:30.826 DEBUG [org.springframework.web.servlet.DispatcherServlet:569] Detected FixedThemeResolver 
2025-01-07 12:32:30.827 DEBUG [org.springframework.web.servlet.DispatcherServlet:719] Detected org.springframework.web.servlet.view.DefaultRequestToViewNameTranslator@769b1d1c 
2025-01-07 12:32:30.828 DEBUG [org.springframework.web.servlet.DispatcherServlet:783] Detected org.springframework.web.servlet.support.SessionFlashMapManager@4cd079fe 
2025-01-07 12:32:30.828 DEBUG [org.springframework.web.servlet.DispatcherServlet:542] enableLoggingRequestDetails='false': request parameters and headers will be masked to prevent unsafe logging of potentially sensitive data 
2025-01-07 12:32:30.828  INFO [org.springframework.web.servlet.DispatcherServlet:547] Completed initialization in 3 ms 
2025-01-07 12:32:30.851 DEBUG [org.springframework.web.servlet.DispatcherServlet:119] POST "/item-kafka/app/publish-items/v1", parameters={} 
2025-01-07 12:32:30.872 DEBUG [org.springframework.web.servlet.mvc.method.annotation.RequestMappingHandlerMapping:522] Mapped to za.co.woolworths.itemkafka_poc.controller.ItemProducerController#createItemKafkaTopic() 
2025-01-07 12:33:01.955  WARN [com.zaxxer.hikari.pool.HikariPool:788] HikariPool-1 - Thread starvation or clock leap detected (housekeeper delta=48s831ms447µs600ns). 
2025-01-07 12:33:08.666  INFO [org.apache.kafka.clients.producer.ProducerConfig:376] ProducerConfig values: 
	acks = -1
	batch.size = 16384
	bootstrap.servers = [localhost:9092]
	buffer.memory = 33554432
	client.dns.lookup = use_all_dns_ips
	client.id = producer-1
	compression.type = none
	connections.max.idle.ms = 540000
	delivery.timeout.ms = 120000
	enable.idempotence = true
	interceptor.classes = []
	key.serializer = class org.apache.kafka.common.serialization.StringSerializer
	linger.ms = 0
	max.block.ms = 60000
	max.in.flight.requests.per.connection = 5
	max.request.size = 1048576
	metadata.max.age.ms = 300000
	metadata.max.idle.ms = 300000
	metric.reporters = []
	metrics.num.samples = 2
	metrics.recording.level = INFO
	metrics.sample.window.ms = 30000
	partitioner.class = class org.apache.kafka.clients.producer.internals.DefaultPartitioner
	receive.buffer.bytes = 32768
	reconnect.backoff.max.ms = 1000
	reconnect.backoff.ms = 50
	request.timeout.ms = 120000
	retries = 3
	retry.backoff.ms = 100
	sasl.client.callback.handler.class = null
	sasl.jaas.config = null
	sasl.kerberos.kinit.cmd = /usr/bin/kinit
	sasl.kerberos.min.time.before.relogin = 60000
	sasl.kerberos.service.name = null
	sasl.kerberos.ticket.renew.jitter = 0.05
	sasl.kerberos.ticket.renew.window.factor = 0.8
	sasl.login.callback.handler.class = null
	sasl.login.class = null
	sasl.login.connect.timeout.ms = null
	sasl.login.read.timeout.ms = null
	sasl.login.refresh.buffer.seconds = 300
	sasl.login.refresh.min.period.seconds = 60
	sasl.login.refresh.window.factor = 0.8
	sasl.login.refresh.window.jitter = 0.05
	sasl.login.retry.backoff.max.ms = 10000
	sasl.login.retry.backoff.ms = 100
	sasl.mechanism = GSSAPI
	sasl.oauthbearer.clock.skew.seconds = 30
	sasl.oauthbearer.expected.audience = null
	sasl.oauthbearer.expected.issuer = null
	sasl.oauthbearer.jwks.endpoint.refresh.ms = 3600000
	sasl.oauthbearer.jwks.endpoint.retry.backoff.max.ms = 10000
	sasl.oauthbearer.jwks.endpoint.retry.backoff.ms = 100
	sasl.oauthbearer.jwks.endpoint.url = null
	sasl.oauthbearer.scope.claim.name = scope
	sasl.oauthbearer.sub.claim.name = sub
	sasl.oauthbearer.token.endpoint.url = null
	security.protocol = PLAINTEXT
	security.providers = null
	send.buffer.bytes = 131072
	socket.connection.setup.timeout.max.ms = 30000
	socket.connection.setup.timeout.ms = 10000
	ssl.cipher.suites = null
	ssl.enabled.protocols = [TLSv1.2, TLSv1.3]
	ssl.endpoint.identification.algorithm = https
	ssl.engine.factory.class = null
	ssl.key.password = null
	ssl.keymanager.algorithm = SunX509
	ssl.keystore.certificate.chain = null
	ssl.keystore.key = null
	ssl.keystore.location = null
	ssl.keystore.password = null
	ssl.keystore.type = JKS
	ssl.protocol = TLSv1.3
	ssl.provider = null
	ssl.secure.random.implementation = null
	ssl.trustmanager.algorithm = PKIX
	ssl.truststore.certificates = null
	ssl.truststore.location = null
	ssl.truststore.password = null
	ssl.truststore.type = JKS
	transaction.timeout.ms = 60000
	transactional.id = null
	value.serializer = class org.apache.kafka.common.serialization.StringSerializer
 
2025-01-07 12:33:08.709  INFO [org.apache.kafka.clients.producer.KafkaProducer:572] [Producer clientId=producer-1] Instantiated an idempotent producer. 
2025-01-07 12:33:08.771  INFO [org.apache.kafka.common.utils.AppInfoParser:119] Kafka version: 3.1.1 
2025-01-07 12:33:08.771  INFO [org.apache.kafka.common.utils.AppInfoParser:120] Kafka commitId: 97671528ba54a138 
2025-01-07 12:33:08.772  INFO [org.apache.kafka.common.utils.AppInfoParser:121] Kafka startTimeMs: 1736245988770 
2025-01-07 12:33:08.782  INFO [org.apache.kafka.clients.Metadata:287] [Producer clientId=producer-1] Cluster ID: IdFmegt5SVqKpmFnoQXPDA 
2025-01-07 12:33:08.783  INFO [org.apache.kafka.clients.producer.internals.TransactionManager:554] [Producer clientId=producer-1] ProducerId set to 1 with epoch 0 
2025-01-07 12:33:08.819  INFO [org.apache.kafka.clients.Metadata:402] [Producer clientId=producer-1] Resetting the last seen epoch of partition Item_Topic-0 to 0 since the associated topicId changed from null to lncACV4PTO-QzmY7TGKExg 
2025-01-07 12:35:07.649  WARN [com.zaxxer.hikari.pool.HikariPool:788] HikariPool-1 - Thread starvation or clock leap detected (housekeeper delta=1m35s375ms34µs100ns). 
2025-01-07 12:35:07.651  INFO [org.apache.kafka.clients.NetworkClient:797] [Consumer clientId=consumer-item_group-1, groupId=item_group] Disconnecting from node 2147483647 due to request timeout. 
2025-01-07 12:35:07.653  INFO [org.apache.kafka.clients.NetworkClient:341] [Consumer clientId=consumer-item_group-1, groupId=item_group] Cancelled in-flight HEARTBEAT request with correlation id 194 due to node 2147483647 being disconnected (elapsed time since creation: 79695ms, elapsed time since send: 79695ms, request timeout: 30000ms) 
2025-01-07 12:35:07.654  INFO [org.apache.kafka.clients.consumer.internals.ConsumerCoordinator:916] [Consumer clientId=consumer-item_group-1, groupId=item_group] Group coordinator localhost:9092 (id: 2147483647 rack: null) is unavailable or invalid due to cause: null.isDisconnected: true. Rediscovery will be attempted. 
2025-01-07 12:44:43.726 ERROR [za.co.woolworths.itemkafka_poc.kafka.consumer.ItemConsumerService:48] Error while consuming item from Kafka: {"itemId":"100","itemLevel":1,"itemNumberType":"PLU","businessUnitId":70,"catchWeightInd":"N","classId":9970,"companyId":1,"createDte":{"date":{"year":2009,"month":3,"day":24},"time":{"hour":0,"minute":0,"second":0,"nano":0}},"deptId":573,"forecastInd":"N","groupId":9969,"orderableInd":"Y","packInd":"N","primaryRefItemInd":"N","productId":"10568968","referenceItemInd":"N","sellableInd":"Y","shortDsc":"ITB DELIVERY FEE","simplePackInd":"N","standardUom":"EA","status":"A","subGroupId":1032,"subclassId":9971,"supplierNo":99555,"tranInd":"Y","tranLevel":1,"wwColour":"NO CL1","wwSize":"NO SZ","wwStyle":"100","wwStyleColour":"101006130","actionInd":"U","extractSeqNo":16400,"vatCde":"S","vatRate":15.0000000000,"sourceSystem":"RMS","itemLongDesc":"ITB DELIVERY FEE","lastUpdateDte":{"date":{"year":2022,"month":8,"day":2},"time":{"hour":23,"minute":2,"second":2,"nano":640925800}}}. Exception: JsonObject 
2025-01-07 12:44:43.727  INFO [org.apache.kafka.clients.NetworkClient:935] [Consumer clientId=consumer-item_group-1, groupId=item_group] Node 0 disconnected. 
2025-01-07 12:44:43.729  INFO [org.apache.kafka.clients.NetworkClient:935] [Producer clientId=producer-1] Node -1 disconnected. 
2025-01-07 12:44:43.734  INFO [org.apache.kafka.clients.NetworkClient:341] [Consumer clientId=consumer-item_group-1, groupId=item_group] Cancelled in-flight METADATA request with correlation id 196 due to node 0 being disconnected (elapsed time since creation: 576072ms, elapsed time since send: 576072ms, request timeout: 30000ms) 
2025-01-07 12:44:43.735  INFO [org.apache.kafka.clients.NetworkClient:935] [Consumer clientId=consumer-item_group-1, groupId=item_group] Node -1 disconnected. 
2025-01-07 12:44:43.736  WARN [com.zaxxer.hikari.pool.HikariPool:788] HikariPool-1 - Thread starvation or clock leap detected (housekeeper delta=9m36s84ms736µs900ns). 
2025-01-07 12:44:43.835  INFO [org.apache.kafka.clients.consumer.internals.ConsumerCoordinator:853] [Consumer clientId=consumer-item_group-1, groupId=item_group] Discovered group coordinator localhost:9092 (id: 2147483647 rack: null) 
2025-01-07 12:44:43.837  WARN [org.apache.kafka.clients.consumer.internals.ConsumerCoordinator:1408] [Consumer clientId=consumer-item_group-1, groupId=item_group] consumer poll timeout has expired. This means the time between subsequent calls to poll() was longer than the configured max.poll.interval.ms, which typically implies that the poll loop is spending too much time processing messages. You can address this either by increasing max.poll.interval.ms or by reducing the maximum size of batches returned in poll() with max.poll.records. 
2025-01-07 12:44:43.838  INFO [org.apache.kafka.clients.consumer.internals.ConsumerCoordinator:1060] [Consumer clientId=consumer-item_group-1, groupId=item_group] Member consumer-item_group-1-fc0a04ba-1083-4449-b65d-c9561ae4731e sending LeaveGroup request to coordinator localhost:9092 (id: 2147483647 rack: null) due to consumer poll timeout has expired. 
2025-01-07 12:44:43.840  INFO [org.apache.kafka.clients.consumer.internals.ConsumerCoordinator:972] [Consumer clientId=consumer-item_group-1, groupId=item_group] Resetting generation due to: consumer pro-actively leaving the group 
2025-01-07 12:44:43.840  INFO [org.apache.kafka.clients.consumer.internals.ConsumerCoordinator:1000] [Consumer clientId=consumer-item_group-1, groupId=item_group] Request joining group due to: consumer pro-actively leaving the group 
2025-01-07 12:44:43.840 ERROR [org.apache.kafka.clients.consumer.internals.ConsumerCoordinator:1216] [Consumer clientId=consumer-item_group-1, groupId=item_group] Offset commit failed on partition Item_Topic-0 at offset 3: The coordinator is not aware of this member. 
2025-01-07 12:44:43.841  INFO [org.apache.kafka.clients.consumer.internals.ConsumerCoordinator:1276] [Consumer clientId=consumer-item_group-1, groupId=item_group] OffsetCommit failed with Generation{generationId=1, memberId='consumer-item_group-1-fc0a04ba-1083-4449-b65d-c9561ae4731e', protocol='range'}: The coordinator is not aware of this member. 
2025-01-07 12:44:43.841  INFO [org.apache.kafka.clients.consumer.internals.ConsumerCoordinator:972] [Consumer clientId=consumer-item_group-1, groupId=item_group] Resetting generation due to: encountered UNKNOWN_MEMBER_ID from OFFSET_COMMIT response 
2025-01-07 12:44:43.841  INFO [org.apache.kafka.clients.consumer.internals.ConsumerCoordinator:1000] [Consumer clientId=consumer-item_group-1, groupId=item_group] Request joining group due to: encountered UNKNOWN_MEMBER_ID from OFFSET_COMMIT response 
2025-01-07 12:44:43.861 ERROR [org.springframework.kafka.listener.KafkaMessageListenerContainer:149] Consumer exception java.lang.IllegalStateException: This error handler cannot process 'org.apache.kafka.clients.consumer.CommitFailedException's; no record information is available
	at org.springframework.kafka.listener.DefaultErrorHandler.handleOtherException(DefaultErrorHandler.java:155)
	at org.springframework.kafka.listener.KafkaMessageListenerContainer$ListenerConsumer.handleConsumerException(KafkaMessageListenerContainer.java:1760)
	at org.springframework.kafka.listener.KafkaMessageListenerContainer$ListenerConsumer.run(KafkaMessageListenerContainer.java:1283)
	at java.base/java.util.concurrent.Executors$RunnableAdapter.call(Executors.java:515)
	at java.base/java.util.concurrent.FutureTask.run$$$capture(FutureTask.java:264)
	at java.base/java.util.concurrent.FutureTask.run(FutureTask.java)
	at java.base/java.lang.Thread.run(Thread.java:832)
Caused by: org.apache.kafka.clients.consumer.CommitFailedException: Commit cannot be completed since the group has already rebalanced and assigned the partitions to another member. This means that the time between subsequent calls to poll() was longer than the configured max.poll.interval.ms, which typically implies that the poll loop is spending too much time message processing. You can address this either by increasing max.poll.interval.ms or by reducing the maximum size of batches returned in poll() with max.poll.records.
	at org.apache.kafka.clients.consumer.internals.ConsumerCoordinator$OffsetCommitResponseHandler.handle(ConsumerCoordinator.java:1288)
	at org.apache.kafka.clients.consumer.internals.ConsumerCoordinator$OffsetCommitResponseHandler.handle(ConsumerCoordinator.java:1189)
	at org.apache.kafka.clients.consumer.internals.AbstractCoordinator$CoordinatorResponseHandler.onSuccess(AbstractCoordinator.java:1196)
	at org.apache.kafka.clients.consumer.internals.AbstractCoordinator$CoordinatorResponseHandler.onSuccess(AbstractCoordinator.java:1171)
	at org.apache.kafka.clients.consumer.internals.RequestFuture$1.onSuccess(RequestFuture.java:206)
	at org.apache.kafka.clients.consumer.internals.RequestFuture.fireSuccess(RequestFuture.java:169)
	at org.apache.kafka.clients.consumer.internals.RequestFuture.complete(RequestFuture.java:129)
	at org.apache.kafka.clients.consumer.internals.ConsumerNetworkClient$RequestFutureCompletionHandler.fireCompletion(ConsumerNetworkClient.java:602)
	at org.apache.kafka.clients.consumer.internals.ConsumerNetworkClient.firePendingCompletedRequests(ConsumerNetworkClient.java:412)
	at org.apache.kafka.clients.consumer.internals.ConsumerNetworkClient.poll(ConsumerNetworkClient.java:297)
	at org.apache.kafka.clients.consumer.internals.ConsumerNetworkClient.poll(ConsumerNetworkClient.java:236)
	at org.apache.kafka.clients.consumer.internals.ConsumerNetworkClient.poll(ConsumerNetworkClient.java:215)
	at org.apache.kafka.clients.consumer.internals.ConsumerCoordinator.commitOffsetsSync(ConsumerCoordinator.java:1031)
	at org.apache.kafka.clients.consumer.KafkaConsumer.commitSync(KafkaConsumer.java:1492)
	at java.base/jdk.internal.reflect.NativeMethodAccessorImpl.invoke0(Native Method)
	at java.base/jdk.internal.reflect.NativeMethodAccessorImpl.invoke(NativeMethodAccessorImpl.java:64)
	at java.base/jdk.internal.reflect.DelegatingMethodAccessorImpl.invoke(DelegatingMethodAccessorImpl.java:43)
	at java.base/java.lang.reflect.Method.invoke(Method.java:564)
	at org.springframework.aop.support.AopUtils.invokeJoinpointUsingReflection(AopUtils.java:344)
	at org.springframework.aop.framework.JdkDynamicAopProxy.invoke(JdkDynamicAopProxy.java:208)
	at com.sun.proxy.$Proxy152.commitSync(Unknown Source)
	at org.springframework.kafka.listener.KafkaMessageListenerContainer$ListenerConsumer.doCommitSync(KafkaMessageListenerContainer.java:2981)
	at org.springframework.kafka.listener.KafkaMessageListenerContainer$ListenerConsumer.commitSync(KafkaMessageListenerContainer.java:2976)
	at org.springframework.kafka.listener.KafkaMessageListenerContainer$ListenerConsumer.commitIfNecessary(KafkaMessageListenerContainer.java:2962)
	at org.springframework.kafka.listener.KafkaMessageListenerContainer$ListenerConsumer.processCommits(KafkaMessageListenerContainer.java:2754)
	at org.springframework.kafka.listener.KafkaMessageListenerContainer$ListenerConsumer.pollAndInvoke(KafkaMessageListenerContainer.java:1311)
	at org.springframework.kafka.listener.KafkaMessageListenerContainer$ListenerConsumer.run(KafkaMessageListenerContainer.java:1234)
	... 4 common frames omitted

2025-01-07 12:44:43.862  INFO [org.apache.kafka.clients.consumer.internals.ConsumerCoordinator:719] [Consumer clientId=consumer-item_group-1, groupId=item_group] Giving away all assigned partitions as lost since generation has been reset,indicating that consumer is no longer part of the group 
2025-01-07 12:44:43.862  INFO [org.apache.kafka.clients.consumer.internals.ConsumerCoordinator:329] [Consumer clientId=consumer-item_group-1, groupId=item_group] Lost previously assigned partitions Item_Topic-0 
2025-01-07 12:44:43.863  INFO [org.springframework.kafka.listener.KafkaMessageListenerContainer:292] item_group: partitions lost: [Item_Topic-0] 
2025-01-07 12:44:43.864  INFO [org.springframework.kafka.listener.KafkaMessageListenerContainer:292] item_group: partitions revoked: [Item_Topic-0] 
2025-01-07 12:44:43.865  INFO [org.apache.kafka.clients.consumer.internals.ConsumerCoordinator:535] [Consumer clientId=consumer-item_group-1, groupId=item_group] (Re-)joining group 
2025-01-07 12:44:43.868 ERROR [org.apache.kafka.clients.consumer.internals.ConsumerCoordinator:1098] [Consumer clientId=consumer-item_group-1, groupId=item_group] LeaveGroup request with Generation{generationId=1, memberId='consumer-item_group-1-fc0a04ba-1083-4449-b65d-c9561ae4731e', protocol='range'} failed with error: The coordinator is not aware of this member. 
2025-01-07 12:44:43.869  INFO [org.apache.kafka.clients.consumer.internals.ConsumerCoordinator:1000] [Consumer clientId=consumer-item_group-1, groupId=item_group] Request joining group due to: need to re-join with the given member-id 
2025-01-07 12:44:43.870  INFO [org.apache.kafka.clients.consumer.internals.ConsumerCoordinator:535] [Consumer clientId=consumer-item_group-1, groupId=item_group] (Re-)joining group 
2025-01-07 12:44:43.874  INFO [org.apache.kafka.clients.consumer.internals.ConsumerCoordinator:595] [Consumer clientId=consumer-item_group-1, groupId=item_group] Successfully joined group with generation Generation{generationId=3, memberId='consumer-item_group-1-1b7af024-4b86-425e-bab1-8789709e92b2', protocol='range'} 
2025-01-07 12:44:43.874  INFO [org.apache.kafka.clients.consumer.internals.ConsumerCoordinator:654] [Consumer clientId=consumer-item_group-1, groupId=item_group] Finished assignment for group at generation 3: {consumer-item_group-1-1b7af024-4b86-425e-bab1-8789709e92b2=Assignment(partitions=[Item_Topic-0])} 
2025-01-07 12:44:43.877  INFO [org.apache.kafka.clients.consumer.internals.ConsumerCoordinator:761] [Consumer clientId=consumer-item_group-1, groupId=item_group] Successfully synced group in generation Generation{generationId=3, memberId='consumer-item_group-1-1b7af024-4b86-425e-bab1-8789709e92b2', protocol='range'} 
2025-01-07 12:44:43.878  INFO [org.apache.kafka.clients.consumer.internals.ConsumerCoordinator:279] [Consumer clientId=consumer-item_group-1, groupId=item_group] Notifying assignor about the new Assignment(partitions=[Item_Topic-0]) 
2025-01-07 12:44:43.878  INFO [org.apache.kafka.clients.consumer.internals.ConsumerCoordinator:291] [Consumer clientId=consumer-item_group-1, groupId=item_group] Adding newly assigned partitions: Item_Topic-0 
2025-01-07 12:44:43.881  INFO [org.apache.kafka.clients.consumer.internals.ConsumerCoordinator:846] [Consumer clientId=consumer-item_group-1, groupId=item_group] Setting offset for partition Item_Topic-0 to the committed offset FetchPosition{offset=2, offsetEpoch=Optional.empty, currentLeader=LeaderAndEpoch{leader=Optional[localhost:9092 (id: 0 rack: null)], epoch=0}} 
2025-01-07 12:44:43.882  INFO [org.springframework.kafka.listener.KafkaMessageListenerContainer:292] item_group: partitions assigned: [Item_Topic-0] 
2025-01-07 12:44:54.187 ERROR [za.co.woolworths.itemkafka_poc.kafka.consumer.ItemConsumerService:48] Error while consuming item from Kafka: {"itemId":"100","itemLevel":1,"itemNumberType":"PLU","businessUnitId":70,"catchWeightInd":"N","classId":9970,"companyId":1,"createDte":{"date":{"year":2009,"month":3,"day":24},"time":{"hour":0,"minute":0,"second":0,"nano":0}},"deptId":573,"forecastInd":"N","groupId":9969,"orderableInd":"Y","packInd":"N","primaryRefItemInd":"N","productId":"10568968","referenceItemInd":"N","sellableInd":"Y","shortDsc":"ITB DELIVERY FEE","simplePackInd":"N","standardUom":"EA","status":"A","subGroupId":1032,"subclassId":9971,"supplierNo":99555,"tranInd":"Y","tranLevel":1,"wwColour":"NO CL1","wwSize":"NO SZ","wwStyle":"100","wwStyleColour":"101006130","actionInd":"U","extractSeqNo":16400,"vatCde":"S","vatRate":15.0000000000,"sourceSystem":"RMS","itemLongDesc":"ITB DELIVERY FEE","lastUpdateDte":{"date":{"year":2022,"month":8,"day":2},"time":{"hour":23,"minute":2,"second":2,"nano":640925800}}}. Exception: JsonObject 
2025-01-07 12:44:54.941 ERROR [za.co.woolworths.itemkafka_poc.kafka.consumer.ItemConsumerService:48] Error while consuming item from Kafka: {"itemId":"100027628","itemLevel":1,"itemNumberType":"ITEM","allocatorSystem":"MA","businessUnitId":51,"catchWeightInd":"N","classId":1521,"colourGroupId":"C","colourId":"CLOTH_HOME","companyId":1,"createDte":{"date":{"year":2006,"month":4,"day":10},"time":{"hour":0,"minute":0,"second":0,"nano":0}},"deptId":511,"forecastInd":"N","groupId":11,"orderableInd":"Y","packInd":"N","phaseId":1,"priceMarkInd":"Y","primaryRefItemInd":"N","primarySizeGroupId":"PS","primarySizeId":"CLOTHING1","referenceItemInd":"N","seasonId":14,"sellableInd":"Y","shortDsc":"pearl button shirt","simplePackInd":"N","sizeProfileInd":"Y","standardUom":"EA","status":"A","subGroupId":285,"subclassId":3883,"supplierNo":13327,"tranInd":"N","tranLevel":2,"wwStyle":"100027628","actionInd":"U","extractSeqNo":16400,"vatCde":"S","vatRate":15.0000000000,"sourceSystem":"RMS","itemLongDesc":"pearl button shirt","lastUpdateDte":{"date":{"year":2022,"month":8,"day":2},"time":{"hour":23,"minute":2,"second":2,"nano":640925800}}}. Exception: JsonObject 
2025-01-07 12:44:56.065 ERROR [za.co.woolworths.itemkafka_poc.kafka.consumer.ItemConsumerService:48] Error while consuming item from Kafka: {"itemId":"100027636","itemLevel":1,"itemNumberType":"ITEM","allocatorSystem":"RP","businessUnitId":51,"catchWeightInd":"N","classId":9198,"colourGroupId":"C","colourId":"CLOTH_HOME","companyId":1,"createDte":{"date":{"year":2006,"month":4,"day":10},"time":{"hour":0,"minute":0,"second":0,"nano":0}},"deptId":551,"forecastInd":"N","groupId":11,"orderableInd":"Y","packInd":"N","phaseId":1,"priceMarkInd":"Y","primaryRefItemInd":"N","referenceItemInd":"N","seasonId":402,"sellableInd":"Y","shortDsc":"polka dot tie","simplePackInd":"N","standardUom":"EA","status":"A","subGroupId":419,"subclassId":9244,"supplierNo":11316,"tranInd":"N","tranLevel":2,"wwStyle":"100027636","actionInd":"U","extractSeqNo":11949,"vatCde":"S","vatRate":15.0000000000,"sourceSystem":"RMS","lastUpdateDte":{"date":{"year":2018,"month":10,"day":24},"time":{"hour":17,"minute":5,"second":59,"nano":388655400}}}. Exception: JsonObject 
2025-01-07 12:44:56.555 ERROR [za.co.woolworths.itemkafka_poc.kafka.consumer.ItemConsumerService:48] Error while consuming item from Kafka: {"itemId":"100028638","itemLevel":1,"itemNumberType":"ITEM","allocatorSystem":"MA","businessUnitId":51,"catchWeightInd":"N","classId":1521,"colourGroupId":"C","colourId":"CLOTH_HOME","companyId":1,"createDte":{"date":{"year":2006,"month":4,"day":24},"time":{"hour":0,"minute":0,"second":0,"nano":0}},"deptId":511,"forecastInd":"N","groupId":11,"orderableInd":"Y","packInd":"N","phaseId":1,"priceMarkInd":"Y","primaryRefItemInd":"N","referenceItemInd":"N","seasonId":6,"sellableInd":"Y","shortDsc":"PAISLEY PRINT TIE","simplePackInd":"N","standardUom":"EA","status":"A","subGroupId":285,"subclassId":3883,"supplierNo":11316,"tranInd":"N","tranLevel":2,"wwStyle":"100028638","actionInd":"U","extractSeqNo":16400,"vatCde":"S","vatRate":15.0000000000,"sourceSystem":"RMS","itemLongDesc":"PAISLEY PRINT TIE","lastUpdateDte":{"date":{"year":2022,"month":8,"day":2},"time":{"hour":23,"minute":2,"second":2,"nano":640925800}}}. Exception: JsonObject 
2025-01-07 12:44:56.924 ERROR [za.co.woolworths.itemkafka_poc.kafka.consumer.ItemConsumerService:48] Error while consuming item from Kafka: {"itemId":"100028646","itemLevel":1,"itemNumberType":"ITEM","allocatorSystem":"MA","businessUnitId":51,"catchWeightInd":"N","classId":1521,"colourGroupId":"C","colourId":"CLOTH_HOME","companyId":1,"createDte":{"date":{"year":2006,"month":4,"day":24},"time":{"hour":0,"minute":0,"second":0,"nano":0}},"deptId":511,"forecastInd":"N","groupId":11,"orderableInd":"Y","packInd":"N","phaseId":1,"priceMarkInd":"Y","primaryRefItemInd":"N","primarySizeGroupId":"PS","primarySizeId":"CLOTHING10","referenceItemInd":"N","seasonId":6,"sellableInd":"Y","shortDsc":"CASUAL STRIPE SHIRT","simplePackInd":"N","sizeProfileInd":"Y","standardUom":"EA","status":"A","subGroupId":285,"subclassId":3883,"supplierNo":13327,"tranInd":"N","tranLevel":2,"wwStyle":"100028646","actionInd":"U","extractSeqNo":16400,"vatCde":"S","vatRate":15.0000000000,"sourceSystem":"RMS","itemLongDesc":"CASUAL STRIPE SHIRT","lastUpdateDte":{"date":{"year":2022,"month":8,"day":2},"time":{"hour":23,"minute":2,"second":2,"nano":640925800}}}. Exception: JsonObject 
2025-01-07 12:45:01.489 ERROR [za.co.woolworths.itemkafka_poc.kafka.consumer.ItemConsumerService:48] Error while consuming item from Kafka: {"itemId":"100029622","itemLevel":1,"itemNumberType":"ITEM","allocatorSystem":"MA","businessUnitId":51,"catchWeightInd":"N","classId":1521,"colourGroupId":"C","colourId":"CLOTH_HOME","companyId":1,"createDte":{"date":{"year":2006,"month":5,"day":24},"time":{"hour":0,"minute":0,"second":0,"nano":0}},"deptId":511,"forecastInd":"N","groupId":11,"orderableInd":"Y","packInd":"N","phaseId":1,"priceMarkInd":"Y","primaryRefItemInd":"N","primarySizeGroupId":"PS","primarySizeId":"CLOTHING1","referenceItemInd":"N","seasonId":6,"sellableInd":"Y","shortDsc":"RMS Quest Shirt","simplePackInd":"N","sizeProfileInd":"Y","standardUom":"EA","status":"A","subGroupId":285,"subclassId":3883,"supplierNo":13327,"tranInd":"N","tranLevel":2,"wwStyle":"100029622","actionInd":"U","extractSeqNo":16400,"vatCde":"S","vatRate":15.0000000000,"sourceSystem":"RMS","extRefNo":"0000006420","itemLongDesc":"RMS Quest Shirt","lastUpdateDte":{"date":{"year":2022,"month":8,"day":2},"time":{"hour":23,"minute":2,"second":2,"nano":640925800}}}. Exception: JsonObject 
2025-01-07 12:45:01.490 ERROR [za.co.woolworths.itemkafka_poc.kafka.consumer.ItemConsumerService:48] Error while consuming item from Kafka: {"itemId":"100031620","itemLevel":1,"itemNumberType":"ITEM","allocatorSystem":"MA","businessUnitId":51,"catchWeightInd":"N","classId":2559,"colourGroupId":"C","colourId":"CLOTH_HOME","companyId":1,"createDte":{"date":{"year":2006,"month":6,"day":1},"time":{"hour":0,"minute":0,"second":0,"nano":0}},"deptId":119,"forecastInd":"N","groupId":11,"orderableInd":"Y","packInd":"N","phaseId":1,"priceMarkInd":"Y","primaryRefItemInd":"N","primarySizeGroupId":"PS","primarySizeId":"CLOTHING2","referenceItemInd":"N","seasonId":6,"sellableInd":"Y","shortDsc":"lace trim wrap","simplePackInd":"N","sizeProfileInd":"Y","standardUom":"EA","status":"A","subGroupId":204,"subclassId":2560,"supplierNo":11219,"tranInd":"N","tranLevel":2,"wwStyle":"100031620","actionInd":"U","extractSeqNo":16400,"vatCde":"S","vatRate":15.0000000000,"sourceSystem":"RMS","extRefNo":"0000005170","itemLongDesc":"lace trim wrap","lastUpdateDte":{"date":{"year":2022,"month":8,"day":2},"time":{"hour":23,"minute":2,"second":2,"nano":640925800}}}. Exception: JsonObject 
2025-01-07 12:45:01.491 ERROR [za.co.woolworths.itemkafka_poc.kafka.consumer.ItemConsumerService:48] Error while consuming item from Kafka: {"itemId":"100031654","itemLevel":1,"itemNumberType":"ITEM","allocatorSystem":"MA","businessUnitId":51,"catchWeightInd":"N","classId":1521,"colourGroupId":"C","colourId":"CLOTH_HOME","companyId":1,"createDte":{"date":{"year":2006,"month":6,"day":1},"time":{"hour":0,"minute":0,"second":0,"nano":0}},"deptId":511,"forecastInd":"N","groupId":11,"orderableInd":"Y","packInd":"N","phaseId":1,"priceMarkInd":"Y","primaryRefItemInd":"N","primarySizeGroupId":"PS","primarySizeId":"CLOTHING1","referenceItemInd":"N","seasonId":6,"sellableInd":"Y","shortDsc":"TEST DIRECT IMPO","simplePackInd":"N","sizeProfileInd":"Y","standardUom":"EA","status":"A","subGroupId":285,"subclassId":3883,"supplierNo":10183,"tranInd":"N","tranLevel":2,"wwStyle":"100031654","actionInd":"U","extractSeqNo":16400,"vatCde":"S","vatRate":15.0000000000,"sourceSystem":"RMS","itemLongDesc":"RMS TEST DIRECT IMPORT","lastUpdateDte":{"date":{"year":2022,"month":8,"day":2},"time":{"hour":23,"minute":2,"second":2,"nano":640925800}}}. Exception: JsonObject 
2025-01-07 12:45:01.492 ERROR [za.co.woolworths.itemkafka_poc.kafka.consumer.ItemConsumerService:48] Error while consuming item from Kafka: {"itemId":"100031662","itemLevel":1,"itemNumberType":"ITEM","allocatorSystem":"MA","businessUnitId":51,"catchWeightInd":"N","classId":1544,"colourGroupId":"C","colourId":"CLOTH_HOME","companyId":1,"createDte":{"date":{"year":2006,"month":6,"day":1},"time":{"hour":0,"minute":0,"second":0,"nano":0}},"deptId":121,"forecastInd":"N","groupId":11,"orderableInd":"Y","packInd":"N","phaseId":1,"priceMarkInd":"Y","primaryRefItemInd":"N","primarySizeGroupId":"PS","primarySizeId":"CLOTHING2","referenceItemInd":"N","seasonId":6,"sellableInd":"Y","shortDsc":"underbust tie","simplePackInd":"N","sizeProfileInd":"Y","standardUom":"EA","status":"A","subGroupId":204,"subclassId":3623,"supplierNo":10329,"tranInd":"N","tranLevel":2,"wwStyle":"100031662","actionInd":"U","extractSeqNo":16400,"vatCde":"S","vatRate":15.0000000000,"sourceSystem":"RMS","extRefNo":"0000006231","itemLongDesc":"underbust tie","lastUpdateDte":{"date":{"year":2022,"month":8,"day":2},"time":{"hour":23,"minute":2,"second":2,"nano":640925800}}}. Exception: JsonObject 
2025-01-07 12:45:01.493 ERROR [za.co.woolworths.itemkafka_poc.kafka.consumer.ItemConsumerService:48] Error while consuming item from Kafka: {"itemId":"100031670","itemLevel":1,"itemNumberType":"ITEM","allocatorSystem":"MA","businessUnitId":51,"catchWeightInd":"N","classId":2573,"colourGroupId":"C","colourId":"CLOTH_HOME","companyId":1,"createDte":{"date":{"year":2006,"month":6,"day":2},"time":{"hour":0,"minute":0,"second":0,"nano":0}},"deptId":119,"forecastInd":"N","groupId":11,"orderableInd":"Y","packInd":"N","phaseId":1,"priceMarkInd":"Y","primaryRefItemInd":"N","primarySizeGroupId":"PS","primarySizeId":"CLOTHING2","referenceItemInd":"N","seasonId":6,"sellableInd":"Y","shortDsc":"linen shirtdress","simplePackInd":"N","sizeProfileInd":"Y","standardUom":"EA","status":"A","subGroupId":204,"subclassId":2574,"supplierNo":11109,"tranInd":"N","tranLevel":2,"wwStyle":"100031670","actionInd":"U","extractSeqNo":16400,"vatCde":"S","vatRate":15.0000000000,"sourceSystem":"RMS","extRefNo":"0000006917","itemLongDesc":"linen shirt dress","lastUpdateDte":{"date":{"year":2022,"month":8,"day":2},"time":{"hour":23,"minute":2,"second":2,"nano":640925800}}}. Exception: JsonObject 
2025-01-07 12:45:01.493 ERROR [za.co.woolworths.itemkafka_poc.kafka.consumer.ItemConsumerService:48] Error while consuming item from Kafka: {"itemId":"100031872","itemLevel":1,"itemNumberType":"ITEM","allocatorSystem":"MA","businessUnitId":51,"catchWeightInd":"N","classId":2579,"colourGroupId":"C","colourId":"CLOTH_HOME","companyId":1,"createDte":{"date":{"year":2006,"month":6,"day":7},"time":{"hour":0,"minute":0,"second":0,"nano":0}},"deptId":121,"forecastInd":"N","groupId":11,"orderableInd":"Y","packInd":"N","phaseId":1,"priceMarkInd":"Y","primaryRefItemInd":"N","primarySizeGroupId":"PS","primarySizeId":"CLOTHING2","referenceItemInd":"N","seasonId":6,"sellableInd":"Y","shortDsc":"Robby Linen Pant","simplePackInd":"N","sizeProfileInd":"Y","standardUom":"EA","status":"A","subGroupId":204,"subclassId":2581,"supplierNo":11109,"tranInd":"N","tranLevel":2,"wwStyle":"100031872","actionInd":"U","extractSeqNo":16400,"vatCde":"S","vatRate":15.0000000000,"sourceSystem":"RMS","extRefNo":"0000006967","itemLongDesc":"Robby Linen Pant","lastUpdateDte":{"date":{"year":2022,"month":8,"day":2},"time":{"hour":23,"minute":2,"second":2,"nano":640925800}}}. Exception: JsonObject 
2025-01-07 12:45:01.494 ERROR [za.co.woolworths.itemkafka_poc.kafka.consumer.ItemConsumerService:48] Error while consuming item from Kafka: {"itemId":"100032622","itemLevel":1,"itemNumberType":"ITEM","allocatorSystem":"MA","businessUnitId":51,"catchWeightInd":"N","classId":2568,"colourGroupId":"C","colourId":"CLOTH_HOME","companyId":1,"createDte":{"date":{"year":2006,"month":6,"day":8},"time":{"hour":0,"minute":0,"second":0,"nano":0}},"deptId":119,"forecastInd":"N","groupId":11,"orderableInd":"Y","packInd":"N","phaseId":1,"priceMarkInd":"Y","primaryRefItemInd":"N","primarySizeGroupId":"PS","primarySizeId":"CLOTHING2","referenceItemInd":"N","seasonId":6,"sellableInd":"Y","shortDsc":"Tod Linen Jacket","simplePackInd":"N","sizeProfileInd":"Y","standardUom":"EA","status":"A","subGroupId":204,"subclassId":2570,"supplierNo":11109,"tranInd":"N","tranLevel":2,"wwStyle":"100032622","actionInd":"U","extractSeqNo":16400,"vatCde":"S","vatRate":15.0000000000,"sourceSystem":"RMS","extRefNo":"0000005192","itemLongDesc":"Tod Linen Jacket","lastUpdateDte":{"date":{"year":2022,"month":8,"day":2},"time":{"hour":23,"minute":2,"second":2,"nano":640925800}}}. Exception: JsonObject 
2025-01-07 12:45:01.495 ERROR [za.co.woolworths.itemkafka_poc.kafka.consumer.ItemConsumerService:48] Error while consuming item from Kafka: {"itemId":"100032630","itemLevel":1,"itemNumberType":"ITEM","allocatorSystem":"MA","businessUnitId":51,"catchWeightInd":"N","classId":2563,"colourGroupId":"C","colourId":"CLOTH_HOME","companyId":1,"createDte":{"date":{"year":2006,"month":6,"day":8},"time":{"hour":0,"minute":0,"second":0,"nano":0}},"deptId":119,"forecastInd":"N","groupId":11,"orderableInd":"Y","packInd":"N","phaseId":1,"priceMarkInd":"Y","primaryRefItemInd":"N","primarySizeGroupId":"PS","primarySizeId":"CLOTHING2","referenceItemInd":"N","seasonId":6,"sellableInd":"Y","shortDsc":"Tod Crop Pant","simplePackInd":"N","sizeProfileInd":"Y","standardUom":"EA","status":"A","subGroupId":204,"subclassId":2565,"supplierNo":11109,"tranInd":"N","tranLevel":2,"wwStyle":"100032630","actionInd":"U","extractSeqNo":16400,"vatCde":"S","vatRate":15.0000000000,"sourceSystem":"RMS","extRefNo":"0000005204","itemLongDesc":"Tod Crop Pant","lastUpdateDte":{"date":{"year":2022,"month":8,"day":2},"time":{"hour":23,"minute":2,"second":2,"nano":640925800}}}. Exception: JsonObject 
2025-01-07 12:45:01.496 ERROR [za.co.woolworths.itemkafka_poc.kafka.consumer.ItemConsumerService:48] Error while consuming item from Kafka: {"itemId":"100032648","itemLevel":1,"itemNumberType":"ITEM","allocatorSystem":"MA","businessUnitId":51,"catchWeightInd":"N","classId":2559,"colourGroupId":"C","colourId":"CLOTH_HOME","companyId":1,"createDte":{"date":{"year":2006,"month":6,"day":9},"time":{"hour":0,"minute":0,"second":0,"nano":0}},"deptId":119,"forecastInd":"N","groupId":11,"orderableInd":"Y","packInd":"N","phaseId":1,"priceMarkInd":"Y","primaryRefItemInd":"N","primarySizeGroupId":"PS","primarySizeId":"CLOTHING2","referenceItemInd":"N","seasonId":6,"sellableInd":"Y","shortDsc":"pretty vest","simplePackInd":"N","sizeProfileInd":"Y","standardUom":"EA","status":"A","subGroupId":204,"subclassId":2560,"supplierNo":10329,"tranInd":"N","tranLevel":2,"wwStyle":"100032648","actionInd":"U","extractSeqNo":16400,"vatCde":"S","vatRate":15.0000000000,"sourceSystem":"RMS","extRefNo":"0000005213","itemLongDesc":"pretty vest","lastUpdateDte":{"date":{"year":2022,"month":8,"day":2},"time":{"hour":23,"minute":2,"second":2,"nano":640925800}}}. Exception: JsonObject 
2025-01-07 12:45:01.498 ERROR [za.co.woolworths.itemkafka_poc.kafka.consumer.ItemConsumerService:48] Error while consuming item from Kafka: {"itemId":"100032656","itemLevel":1,"itemNumberType":"ITEM","allocatorSystem":"MA","businessUnitId":51,"catchWeightInd":"N","classId":2559,"colourGroupId":"C","colourId":"CLOTH_HOME","companyId":1,"createDte":{"date":{"year":2006,"month":6,"day":9},"time":{"hour":0,"minute":0,"second":0,"nano":0}},"deptId":119,"forecastInd":"N","groupId":11,"orderableInd":"Y","packInd":"N","phaseId":1,"priceMarkInd":"Y","primaryRefItemInd":"N","primarySizeGroupId":"PS","primarySizeId":"CLOTHING2","referenceItemInd":"N","seasonId":6,"sellableInd":"Y","shortDsc":"printed vest","simplePackInd":"N","sizeProfileInd":"Y","standardUom":"EA","status":"A","subGroupId":204,"subclassId":2560,"supplierNo":11882,"tranInd":"N","tranLevel":2,"wwStyle":"100032656","actionInd":"U","extractSeqNo":16400,"vatCde":"S","vatRate":15.0000000000,"sourceSystem":"RMS","extRefNo":"0000006724","itemLongDesc":"printed pretty vest","lastUpdateDte":{"date":{"year":2022,"month":8,"day":2},"time":{"hour":23,"minute":2,"second":2,"nano":640925800}}}. Exception: JsonObject 
2025-01-07 12:45:01.499 ERROR [za.co.woolworths.itemkafka_poc.kafka.consumer.ItemConsumerService:48] Error while consuming item from Kafka: {"itemId":"100033624","itemLevel":1,"itemNumberType":"ITEM","allocatorSystem":"MA","businessUnitId":51,"catchWeightInd":"N","classId":2563,"colourGroupId":"C","colourId":"CLOTH_HOME","companyId":1,"createDte":{"date":{"year":2006,"month":6,"day":13},"time":{"hour":0,"minute":0,"second":0,"nano":0}},"deptId":119,"forecastInd":"N","groupId":11,"orderableInd":"Y","packInd":"N","phaseId":1,"priceMarkInd":"Y","primaryRefItemInd":"N","primarySizeGroupId":"PS","primarySizeId":"CLOTHING2","referenceItemInd":"N","seasonId":6,"sellableInd":"Y","shortDsc":"Tod Skirt","simplePackInd":"N","sizeProfileInd":"Y","standardUom":"EA","status":"A","subGroupId":204,"subclassId":2564,"supplierNo":11109,"tranInd":"N","tranLevel":2,"wwStyle":"100033624","actionInd":"U","extractSeqNo":16400,"vatCde":"S","vatRate":15.0000000000,"sourceSystem":"RMS","extRefNo":"0000007213","itemLongDesc":"Tod Skirt","lastUpdateDte":{"date":{"year":2022,"month":8,"day":2},"time":{"hour":23,"minute":2,"second":2,"nano":640925800}}}. Exception: JsonObject 
2025-01-07 12:45:01.500 ERROR [za.co.woolworths.itemkafka_poc.kafka.consumer.ItemConsumerService:48] Error while consuming item from Kafka: {"itemId":"100034626","itemLevel":1,"itemNumberType":"ITEM","allocatorSystem":"MA","businessUnitId":51,"catchWeightInd":"N","classId":1544,"colourGroupId":"C","colourId":"CLOTH_HOME","companyId":1,"createDte":{"date":{"year":2006,"month":6,"day":14},"time":{"hour":0,"minute":0,"second":0,"nano":0}},"deptId":121,"forecastInd":"N","groupId":11,"orderableInd":"Y","packInd":"N","phaseId":1,"priceMarkInd":"Y","primaryRefItemInd":"N","primarySizeGroupId":"PS","primarySizeId":"CLOTHING2","referenceItemInd":"N","seasonId":6,"sellableInd":"Y","shortDsc":"TWISTED BOATNEK","simplePackInd":"N","sizeProfileInd":"Y","standardUom":"EA","status":"A","subGroupId":204,"subclassId":3623,"supplierNo":10245,"tranInd":"N","tranLevel":2,"wwStyle":"100034626","actionInd":"U","extractSeqNo":16400,"vatCde":"S","vatRate":15.0000000000,"sourceSystem":"RMS","extRefNo":"0000007267","itemLongDesc":"Twisted Boatneck","lastUpdateDte":{"date":{"year":2022,"month":8,"day":2},"time":{"hour":23,"minute":2,"second":2,"nano":640925800}}}. Exception: JsonObject 
2025-01-07 12:45:01.500 ERROR [za.co.woolworths.itemkafka_poc.kafka.consumer.ItemConsumerService:48] Error while consuming item from Kafka: {"itemId":"100034634","itemLevel":1,"itemNumberType":"ITEM","allocatorSystem":"MA","businessUnitId":51,"catchWeightInd":"N","classId":2563,"colourGroupId":"C","colourId":"CLOTH_HOME","companyId":1,"createDte":{"date":{"year":2006,"month":6,"day":14},"time":{"hour":0,"minute":0,"second":0,"nano":0}},"deptId":119,"forecastInd":"N","groupId":11,"orderableInd":"Y","packInd":"N","phaseId":1,"priceMarkInd":"Y","primaryRefItemInd":"N","primarySizeGroupId":"PS","primarySizeId":"CLOTHING2","referenceItemInd":"N","seasonId":6,"sellableInd":"Y","shortDsc":"poplin crop","simplePackInd":"N","sizeProfileInd":"Y","standardUom":"EA","status":"A","subGroupId":204,"subclassId":2565,"supplierNo":12043,"tranInd":"N","tranLevel":2,"wwStyle":"100034634","actionInd":"U","extractSeqNo":16400,"vatCde":"S","vatRate":15.0000000000,"sourceSystem":"RMS","extRefNo":"0000007252","itemLongDesc":"poplin crop","lastUpdateDte":{"date":{"year":2022,"month":8,"day":2},"time":{"hour":23,"minute":2,"second":2,"nano":640925800}}}. Exception: JsonObject 
2025-01-07 12:45:01.501 ERROR [za.co.woolworths.itemkafka_poc.kafka.consumer.ItemConsumerService:48] Error while consuming item from Kafka: {"itemId":"100034642","itemLevel":1,"itemNumberType":"ITEM","allocatorSystem":"MA","businessUnitId":51,"catchWeightInd":"N","classId":1544,"colourGroupId":"C","colourId":"CLOTH_HOME","companyId":1,"createDte":{"date":{"year":2006,"month":6,"day":15},"time":{"hour":0,"minute":0,"second":0,"nano":0}},"deptId":121,"forecastInd":"N","groupId":11,"orderableInd":"Y","packInd":"N","phaseId":1,"priceMarkInd":"Y","primaryRefItemInd":"N","primarySizeGroupId":"PS","primarySizeId":"CLOTHING2","referenceItemInd":"N","seasonId":6,"sellableInd":"Y","shortDsc":"Tie V-neck","simplePackInd":"N","sizeProfileInd":"Y","standardUom":"EA","status":"A","subGroupId":204,"subclassId":3623,"supplierNo":10245,"tranInd":"N","tranLevel":2,"wwStyle":"100034642","actionInd":"U","extractSeqNo":16400,"vatCde":"S","vatRate":15.0000000000,"sourceSystem":"RMS","extRefNo":"0000007279","itemLongDesc":"Tie V-neck","lastUpdateDte":{"date":{"year":2022,"month":8,"day":2},"time":{"hour":23,"minute":2,"second":2,"nano":640925800}}}. Exception: JsonObject 
2025-01-07 12:45:01.501 ERROR [za.co.woolworths.itemkafka_poc.kafka.consumer.ItemConsumerService:48] Error while consuming item from Kafka: {"itemId":"100035628","itemLevel":1,"itemNumberType":"ITEM","allocatorSystem":"MA","businessUnitId":51,"catchWeightInd":"N","classId":2563,"colourGroupId":"C","colourId":"CLOTH_HOME","companyId":1,"createDte":{"date":{"year":2006,"month":6,"day":20},"time":{"hour":0,"minute":0,"second":0,"nano":0}},"deptId":119,"forecastInd":"N","groupId":11,"orderableInd":"Y","packInd":"N","phaseId":1,"priceMarkInd":"Y","primaryRefItemInd":"N","primarySizeGroupId":"PS","primarySizeId":"CLOTHING2","referenceItemInd":"N","seasonId":6,"sellableInd":"Y","shortDsc":"Linen Cargo Pat","simplePackInd":"N","sizeProfileInd":"Y","standardUom":"EA","status":"A","subGroupId":204,"subclassId":2565,"supplierNo":11690,"tranInd":"N","tranLevel":2,"wwStyle":"100035628","actionInd":"U","extractSeqNo":16400,"vatCde":"S","vatRate":15.0000000000,"sourceSystem":"RMS","extRefNo":"0000004528","itemLongDesc":"Linen Cargo Pant","lastUpdateDte":{"date":{"year":2022,"month":8,"day":2},"time":{"hour":23,"minute":2,"second":2,"nano":640925800}}}. Exception: JsonObject 
2025-01-07 12:45:01.501 ERROR [za.co.woolworths.itemkafka_poc.kafka.consumer.ItemConsumerService:48] Error while consuming item from Kafka: {"itemId":"100035644","itemLevel":1,"itemNumberType":"ITEM","allocatorSystem":"MA","businessUnitId":51,"catchWeightInd":"N","classId":2563,"colourGroupId":"C","colourId":"CLOTH_HOME","companyId":1,"createDte":{"date":{"year":2006,"month":6,"day":20},"time":{"hour":0,"minute":0,"second":0,"nano":0}},"deptId":119,"forecastInd":"N","groupId":11,"orderableInd":"Y","packInd":"N","phaseId":1,"priceMarkInd":"Y","primaryRefItemInd":"N","primarySizeGroupId":"PS","primarySizeId":"CLOTHING2","referenceItemInd":"N","seasonId":6,"sellableInd":"Y","shortDsc":"linen pant","simplePackInd":"N","sizeProfileInd":"Y","standardUom":"EA","status":"A","subGroupId":204,"subclassId":2565,"supplierNo":11109,"tranInd":"N","tranLevel":2,"wwStyle":"100035644","actionInd":"U","extractSeqNo":16400,"vatCde":"S","vatRate":15.0000000000,"sourceSystem":"RMS","extRefNo":"0000007146","itemLongDesc":"white linen pant","lastUpdateDte":{"date":{"year":2022,"month":8,"day":2},"time":{"hour":23,"minute":2,"second":2,"nano":640925800}}}. Exception: JsonObject 
2025-01-07 12:45:01.502 ERROR [za.co.woolworths.itemkafka_poc.kafka.consumer.ItemConsumerService:48] Error while consuming item from Kafka: {"itemId":"100036620","itemLevel":1,"itemNumberType":"ITEM","allocatorSystem":"MA","businessUnitId":51,"catchWeightInd":"N","classId":2563,"colourGroupId":"C","colourId":"CLOTH_HOME","companyId":1,"createDte":{"date":{"year":2006,"month":6,"day":23},"time":{"hour":0,"minute":0,"second":0,"nano":0}},"deptId":119,"forecastInd":"N","groupId":11,"orderableInd":"Y","packInd":"N","phaseId":1,"priceMarkInd":"Y","primaryRefItemInd":"N","primarySizeGroupId":"PS","primarySizeId":"CLOTHING2","referenceItemInd":"N","seasonId":6,"sellableInd":"Y","shortDsc":"lace godet skt","simplePackInd":"N","sizeProfileInd":"Y","standardUom":"EA","status":"A","subGroupId":204,"subclassId":2564,"supplierNo":12043,"tranInd":"N","tranLevel":2,"wwStyle":"100036620","actionInd":"U","extractSeqNo":16400,"vatCde":"S","vatRate":15.0000000000,"sourceSystem":"RMS","extRefNo":"0000007092","itemLongDesc":"lace godet skirt","lastUpdateDte":{"date":{"year":2022,"month":8,"day":2},"time":{"hour":23,"minute":2,"second":2,"nano":640925800}}}. Exception: JsonObject 
2025-01-07 12:45:01.503 ERROR [za.co.woolworths.itemkafka_poc.kafka.consumer.ItemConsumerService:48] Error while consuming item from Kafka: {"itemId":"100036638","itemLevel":1,"itemNumberType":"ITEM","allocatorSystem":"MA","businessUnitId":51,"catchWeightInd":"N","classId":1544,"colourGroupId":"C","colourId":"CLOTH_HOME","companyId":1,"createDte":{"date":{"year":2006,"month":6,"day":23},"time":{"hour":0,"minute":0,"second":0,"nano":0}},"deptId":121,"forecastInd":"N","groupId":11,"orderableInd":"Y","packInd":"N","phaseId":1,"priceMarkInd":"Y","primaryRefItemInd":"N","primarySizeGroupId":"PS","primarySizeId":"CLOTHING2","referenceItemInd":"N","seasonId":6,"sellableInd":"Y","shortDsc":"Cap Slv Top","simplePackInd":"N","sizeProfileInd":"Y","standardUom":"EA","status":"A","subGroupId":204,"subclassId":3623,"supplierNo":10245,"tranInd":"N","tranLevel":2,"wwStyle":"100036638","actionInd":"U","extractSeqNo":16400,"vatCde":"S","vatRate":15.0000000000,"sourceSystem":"RMS","extRefNo":"0000007507","itemLongDesc":"Cap Slv Top","lastUpdateDte":{"date":{"year":2022,"month":8,"day":2},"time":{"hour":23,"minute":2,"second":2,"nano":640925800}}}. Exception: JsonObject 
2025-01-07 12:45:01.504 ERROR [za.co.woolworths.itemkafka_poc.kafka.consumer.ItemConsumerService:48] Error while consuming item from Kafka: {"itemId":"100036646","itemLevel":1,"itemNumberType":"ITEM","allocatorSystem":"MA","businessUnitId":51,"catchWeightInd":"N","classId":2579,"colourGroupId":"C","colourId":"CLOTH_HOME","companyId":1,"createDte":{"date":{"year":2006,"month":6,"day":26},"time":{"hour":0,"minute":0,"second":0,"nano":0}},"deptId":121,"forecastInd":"N","groupId":11,"orderableInd":"Y","packInd":"N","phaseId":1,"priceMarkInd":"Y","primaryRefItemInd":"N","primarySizeGroupId":"PS","primarySizeId":"CLOTHING2","referenceItemInd":"N","seasonId":6,"sellableInd":"Y","shortDsc":"Piper Linen Short","simplePackInd":"N","sizeProfileInd":"Y","standardUom":"EA","status":"A","subGroupId":204,"subclassId":2581,"supplierNo":11109,"tranInd":"N","tranLevel":2,"wwStyle":"100036646","actionInd":"U","extractSeqNo":16400,"vatCde":"S","vatRate":15.0000000000,"sourceSystem":"RMS","extRefNo":"0000007169","itemLongDesc":"Piper Linen Short","lastUpdateDte":{"date":{"year":2022,"month":8,"day":2},"time":{"hour":23,"minute":2,"second":2,"nano":640925800}}}. Exception: JsonObject 
2025-01-07 12:45:01.505 ERROR [za.co.woolworths.itemkafka_poc.kafka.consumer.ItemConsumerService:48] Error while consuming item from Kafka: {"itemId":"100036654","itemLevel":1,"itemNumberType":"ITEM","allocatorSystem":"MA","businessUnitId":51,"catchWeightInd":"N","classId":2579,"colourGroupId":"C","colourId":"CLOTH_HOME","companyId":1,"createDte":{"date":{"year":2006,"month":6,"day":26},"time":{"hour":0,"minute":0,"second":0,"nano":0}},"deptId":121,"forecastInd":"N","groupId":11,"orderableInd":"Y","packInd":"N","phaseId":1,"priceMarkInd":"Y","primaryRefItemInd":"N","primarySizeGroupId":"PS","primarySizeId":"CLOTHING2","referenceItemInd":"N","seasonId":6,"sellableInd":"Y","shortDsc":"Carnation Skirt","simplePackInd":"N","sizeProfileInd":"Y","standardUom":"EA","status":"A","subGroupId":204,"subclassId":2580,"supplierNo":12043,"tranInd":"N","tranLevel":2,"wwStyle":"100036654","actionInd":"U","extractSeqNo":16400,"vatCde":"S","vatRate":15.0000000000,"sourceSystem":"RMS","extRefNo":"0000005179","itemLongDesc":"Silk Carnation Skirt","lastUpdateDte":{"date":{"year":2022,"month":8,"day":2},"time":{"hour":23,"minute":2,"second":2,"nano":640925800}}}. Exception: JsonObject 
2025-01-07 12:45:01.506 ERROR [za.co.woolworths.itemkafka_poc.kafka.consumer.ItemConsumerService:48] Error while consuming item from Kafka: {"itemId":"100036662","itemLevel":1,"itemNumberType":"ITEM","allocatorSystem":"MA","businessUnitId":51,"catchWeightInd":"N","classId":2571,"colourGroupId":"C","colourId":"CLOTH_HOME","companyId":1,"createDte":{"date":{"year":2006,"month":6,"day":26},"time":{"hour":0,"minute":0,"second":0,"nano":0}},"deptId":119,"forecastInd":"N","groupId":11,"orderableInd":"Y","packInd":"N","phaseId":1,"priceMarkInd":"Y","primaryRefItemInd":"N","primarySizeGroupId":"PS","primarySizeId":"CLOTHING1","referenceItemInd":"N","seasonId":6,"sellableInd":"Y","shortDsc":"lace trim cardi","simplePackInd":"N","sizeProfileInd":"Y","standardUom":"EA","status":"A","subGroupId":204,"subclassId":2572,"supplierNo":10245,"tranInd":"N","tranLevel":2,"wwStyle":"100036662","actionInd":"U","extractSeqNo":16400,"vatCde":"S","vatRate":15.0000000000,"sourceSystem":"RMS","extRefNo":"0000007167","itemLongDesc":"lace trim cardi","lastUpdateDte":{"date":{"year":2022,"month":8,"day":2},"time":{"hour":23,"minute":2,"second":2,"nano":640925800}}}. Exception: JsonObject 
2025-01-07 12:45:01.507 ERROR [za.co.woolworths.itemkafka_poc.kafka.consumer.ItemConsumerService:48] Error while consuming item from Kafka: {"itemId":"100037622","itemLevel":1,"itemNumberType":"ITEM","allocatorSystem":"MA","businessUnitId":51,"catchWeightInd":"N","classId":2573,"colourGroupId":"C","colourId":"CLOTH_HOME","companyId":1,"createDte":{"date":{"year":2006,"month":6,"day":28},"time":{"hour":0,"minute":0,"second":0,"nano":0}},"deptId":119,"forecastInd":"N","groupId":11,"orderableInd":"Y","packInd":"N","phaseId":1,"priceMarkInd":"Y","primaryRefItemInd":"N","primarySizeGroupId":"PS","primarySizeId":"CLOTHING2","referenceItemInd":"N","seasonId":6,"sellableInd":"Y","shortDsc":"embr wrap dress","simplePackInd":"N","sizeProfileInd":"Y","standardUom":"EA","status":"A","subGroupId":204,"subclassId":2574,"supplierNo":12043,"tranInd":"N","tranLevel":2,"wwStyle":"100037622","actionInd":"U","extractSeqNo":16400,"vatCde":"S","vatRate":15.0000000000,"sourceSystem":"RMS","extRefNo":"0000005187","itemLongDesc":"embr. wrap dress","lastUpdateDte":{"date":{"year":2022,"month":8,"day":2},"time":{"hour":23,"minute":2,"second":2,"nano":640925800}}}. Exception: JsonObject 
2025-01-07 12:45:01.508 ERROR [za.co.woolworths.itemkafka_poc.kafka.consumer.ItemConsumerService:48] Error while consuming item from Kafka: {"itemId":"100037648","itemLevel":1,"itemNumberType":"ITEM","allocatorSystem":"MA","businessUnitId":51,"catchWeightInd":"N","classId":1521,"colourGroupId":"C","colourId":"CLOTH_HOME","companyId":1,"createDte":{"date":{"year":2006,"month":6,"day":29},"time":{"hour":0,"minute":0,"second":0,"nano":0}},"deptId":511,"forecastInd":"N","groupId":11,"orderableInd":"Y","packInd":"N","phaseId":1,"priceMarkInd":"Y","primaryRefItemInd":"N","primarySizeGroupId":"PS","primarySizeId":"KIDS2","referenceItemInd":"N","seasonId":6,"sellableInd":"Y","shortDsc":"stainless steel pot","simplePackInd":"N","sizeProfileInd":"Y","standardUom":"EA","status":"A","subGroupId":285,"subclassId":3883,"supplierNo":13327,"tranInd":"N","tranLevel":2,"wwStyle":"100037648","actionInd":"U","extractSeqNo":16400,"vatCde":"S","vatRate":15.0000000000,"sourceSystem":"RMS","itemLongDesc":"stainless steel pot","lastUpdateDte":{"date":{"year":2022,"month":8,"day":2},"time":{"hour":23,"minute":2,"second":2,"nano":640925800}}}. Exception: JsonObject 
2025-01-07 12:45:01.509 ERROR [za.co.woolworths.itemkafka_poc.kafka.consumer.ItemConsumerService:48] Error while consuming item from Kafka: {"itemId":"100037664","itemLevel":1,"itemNumberType":"ITEM","allocatorSystem":"MA","businessUnitId":51,"catchWeightInd":"N","classId":1521,"colourGroupId":"C","colourId":"CLOTH_HOME","companyId":1,"createDte":{"date":{"year":2006,"month":6,"day":29},"time":{"hour":0,"minute":0,"second":0,"nano":0}},"deptId":511,"forecastInd":"N","groupId":11,"orderableInd":"Y","packInd":"N","phaseId":1,"priceMarkInd":"Y","primaryRefItemInd":"N","primarySizeGroupId":"PS","primarySizeId":"CLOTHING1","referenceItemInd":"N","seasonId":6,"sellableInd":"Y","shortDsc":"Varbl RSP same CP","simplePackInd":"N","sizeProfileInd":"Y","standardUom":"EA","status":"A","subGroupId":285,"subclassId":3883,"supplierNo":13327,"tranInd":"N","tranLevel":2,"wwStyle":"100037664","actionInd":"U","extractSeqNo":16400,"vatCde":"S","vatRate":15.0000000000,"sourceSystem":"RMS","itemLongDesc":"Varbl RSP same CP","lastUpdateDte":{"date":{"year":2022,"month":8,"day":2},"time":{"hour":23,"minute":2,"second":2,"nano":640925800}}}. Exception: JsonObject 
2025-01-07 12:45:01.510 ERROR [za.co.woolworths.itemkafka_poc.kafka.consumer.ItemConsumerService:48] Error while consuming item from Kafka: {"itemId":"100037672","itemLevel":1,"itemNumberType":"ITEM","allocatorSystem":"MA","businessUnitId":51,"catchWeightInd":"N","classId":1521,"colourGroupId":"C","colourId":"CLOTH_HOME","companyId":1,"createDte":{"date":{"year":2006,"month":6,"day":29},"time":{"hour":0,"minute":0,"second":0,"nano":0}},"deptId":511,"forecastInd":"N","groupId":11,"orderableInd":"Y","packInd":"N","phaseId":1,"priceMarkInd":"Y","primaryRefItemInd":"N","primarySizeGroupId":"PS","primarySizeId":"CLOTHING1","referenceItemInd":"N","seasonId":6,"sellableInd":"Y","shortDsc":"Variable CP and RSP","simplePackInd":"N","sizeProfileInd":"Y","standardUom":"EA","status":"A","subGroupId":285,"subclassId":3883,"supplierNo":13327,"tranInd":"N","tranLevel":2,"wwStyle":"100037672","actionInd":"U","extractSeqNo":16400,"vatCde":"S","vatRate":15.0000000000,"sourceSystem":"RMS","itemLongDesc":"Variable CP and RSP","lastUpdateDte":{"date":{"year":2022,"month":8,"day":2},"time":{"hour":23,"minute":2,"second":2,"nano":640925800}}}. Exception: JsonObject 
2025-01-07 12:45:01.511 ERROR [za.co.woolworths.itemkafka_poc.kafka.consumer.ItemConsumerService:48] Error while consuming item from Kafka: {"itemId":"100038624","itemLevel":1,"itemNumberType":"ITEM","allocatorSystem":"MA","businessUnitId":51,"catchWeightInd":"N","classId":1521,"colourGroupId":"C","colourId":"CLOTH_HOME","companyId":1,"createDte":{"date":{"year":2006,"month":7,"day":3},"time":{"hour":0,"minute":0,"second":0,"nano":0}},"deptId":511,"forecastInd":"N","groupId":11,"orderableInd":"Y","packInd":"N","phaseId":1,"priceMarkInd":"Y","primaryRefItemInd":"N","primarySizeGroupId":"PS","primarySizeId":"CLOTHING1","referenceItemInd":"N","seasonId":6,"sellableInd":"Y","shortDsc":"Variable C.P Same R.","simplePackInd":"N","sizeProfileInd":"Y","standardUom":"EA","status":"A","subGroupId":285,"subclassId":3883,"supplierNo":13327,"tranInd":"N","tranLevel":2,"wwStyle":"100038624","actionInd":"U","extractSeqNo":16400,"vatCde":"S","vatRate":15.0000000000,"sourceSystem":"RMS","itemLongDesc":"Variable C.P Same R.S.P","lastUpdateDte":{"date":{"year":2022,"month":8,"day":2},"time":{"hour":23,"minute":2,"second":2,"nano":640925800}}}. Exception: JsonObject 
2025-01-07 12:45:01.512 ERROR [za.co.woolworths.itemkafka_poc.kafka.consumer.ItemConsumerService:48] Error while consuming item from Kafka: {"itemId":"100038632","itemLevel":1,"itemNumberType":"ITEM","allocatorSystem":"MA","businessUnitId":51,"catchWeightInd":"N","classId":2571,"colourGroupId":"C","colourId":"CLOTH_HOME","companyId":1,"createDte":{"date":{"year":2006,"month":7,"day":3},"time":{"hour":0,"minute":0,"second":0,"nano":0}},"deptId":119,"forecastInd":"N","groupId":11,"orderableInd":"Y","packInd":"N","phaseId":1,"priceMarkInd":"Y","primaryRefItemInd":"N","primarySizeGroupId":"PS","primarySizeId":"CLOTHING1","referenceItemInd":"N","seasonId":6,"sellableInd":"Y","shortDsc":"linen shawl cardi","simplePackInd":"N","sizeProfileInd":"Y","standardUom":"EA","status":"A","subGroupId":204,"subclassId":2572,"supplierNo":10329,"tranInd":"N","tranLevel":2,"wwStyle":"100038632","actionInd":"U","extractSeqNo":16400,"vatCde":"S","vatRate":15.0000000000,"sourceSystem":"RMS","extRefNo":"0000005181","itemLongDesc":"linen shawl cardi","lastUpdateDte":{"date":{"year":2022,"month":8,"day":2},"time":{"hour":23,"minute":2,"second":2,"nano":640925800}}}. Exception: JsonObject 
2025-01-07 12:45:01.513 ERROR [za.co.woolworths.itemkafka_poc.kafka.consumer.ItemConsumerService:48] Error while consuming item from Kafka: {"itemId":"100038658","itemLevel":1,"itemNumberType":"ITEM","allocatorSystem":"MA","businessUnitId":51,"catchWeightInd":"N","classId":1521,"colourGroupId":"C","colourId":"CLOTH_HOME","companyId":1,"createDte":{"date":{"year":2006,"month":7,"day":3},"time":{"hour":0,"minute":0,"second":0,"nano":0}},"deptId":511,"forecastInd":"N","groupId":11,"orderableInd":"Y","packInd":"N","phaseId":1,"priceMarkInd":"Y","primaryRefItemInd":"N","referenceItemInd":"N","seasonId":14,"sellableInd":"Y","shortDsc":"Purple Stripe Tie","simplePackInd":"N","standardUom":"EA","status":"A","subGroupId":285,"subclassId":3883,"supplierNo":11316,"tranInd":"N","tranLevel":2,"wwStyle":"100038658","actionInd":"U","extractSeqNo":16400,"vatCde":"S","vatRate":15.0000000000,"sourceSystem":"RMS","itemLongDesc":"Purple Stripe Tie","lastUpdateDte":{"date":{"year":2022,"month":8,"day":2},"time":{"hour":23,"minute":2,"second":2,"nano":640925800}}}. Exception: JsonObject 
2025-01-07 12:45:01.514 ERROR [za.co.woolworths.itemkafka_poc.kafka.consumer.ItemConsumerService:48] Error while consuming item from Kafka: {"itemId":"100038666","itemLevel":1,"itemNumberType":"ITEM","allocatorSystem":"MA","businessUnitId":51,"catchWeightInd":"N","classId":1723,"colourGroupId":"C","colourId":"CLOTH_HOME","companyId":1,"createDte":{"date":{"year":2006,"month":7,"day":3},"time":{"hour":0,"minute":0,"second":0,"nano":0}},"deptId":511,"forecastInd":"N","groupId":11,"orderableInd":"Y","packInd":"N","phaseId":1,"priceMarkInd":"Y","primaryRefItemInd":"N","referenceItemInd":"N","seasonId":14,"sellableInd":"Y","shortDsc":"Green Stripe Tie","simplePackInd":"N","standardUom":"EA","status":"A","subGroupId":285,"subclassId":4409,"supplierNo":11316,"tranInd":"N","tranLevel":2,"wwStyle":"100038666","actionInd":"U","extractSeqNo":16400,"vatCde":"S","vatRate":15.0000000000,"sourceSystem":"RMS","itemLongDesc":"Green Stripe Tie","lastUpdateDte":{"date":{"year":2022,"month":8,"day":2},"time":{"hour":23,"minute":2,"second":2,"nano":640925800}}}. Exception: JsonObject 
2025-01-07 12:45:01.515 ERROR [za.co.woolworths.itemkafka_poc.kafka.consumer.ItemConsumerService:48] Error while consuming item from Kafka: {"itemId":"100038674","itemLevel":1,"itemNumberType":"ITEM","allocatorSystem":"MA","businessUnitId":51,"catchWeightInd":"N","classId":2559,"colourGroupId":"C","colourId":"CLOTH_HOME","companyId":1,"createDte":{"date":{"year":2006,"month":7,"day":3},"time":{"hour":0,"minute":0,"second":0,"nano":0}},"deptId":119,"forecastInd":"N","groupId":11,"orderableInd":"Y","packInd":"N","phaseId":1,"priceMarkInd":"Y","primaryRefItemInd":"N","primarySizeGroupId":"PS","primarySizeId":"CLOTHING2","referenceItemInd":"N","seasonId":6,"sellableInd":"Y","shortDsc":"indigo floral","simplePackInd":"N","sizeProfileInd":"Y","standardUom":"EA","status":"A","subGroupId":204,"subclassId":2561,"supplierNo":11219,"tranInd":"N","tranLevel":2,"wwStyle":"100038674","actionInd":"U","extractSeqNo":16400,"vatCde":"S","vatRate":15.0000000000,"sourceSystem":"RMS","extRefNo":"0000007196","itemLongDesc":"indigo floral blouse","lastUpdateDte":{"date":{"year":2022,"month":8,"day":2},"time":{"hour":23,"minute":2,"second":2,"nano":640925800}}}. Exception: JsonObject 
2025-01-07 12:45:01.516 ERROR [za.co.woolworths.itemkafka_poc.kafka.consumer.ItemConsumerService:48] Error while consuming item from Kafka: {"itemId":"100038682","itemLevel":1,"itemNumberType":"ITEM","allocatorSystem":"MA","businessUnitId":51,"catchWeightInd":"N","classId":2559,"colourGroupId":"C","colourId":"CLOTH_HOME","companyId":1,"createDte":{"date":{"year":2006,"month":7,"day":3},"time":{"hour":0,"minute":0,"second":0,"nano":0}},"deptId":119,"forecastInd":"N","groupId":11,"orderableInd":"Y","packInd":"N","phaseId":1,"priceMarkInd":"Y","primaryRefItemInd":"N","primarySizeGroupId":"PS","primarySizeId":"CLOTHING2","referenceItemInd":"N","seasonId":6,"sellableInd":"Y","shortDsc":"Embroid strappy","simplePackInd":"N","sizeProfileInd":"Y","standardUom":"EA","status":"A","subGroupId":204,"subclassId":2560,"supplierNo":11219,"tranInd":"N","tranLevel":2,"wwStyle":"100038682","actionInd":"U","extractSeqNo":16400,"vatCde":"S","vatRate":15.0000000000,"sourceSystem":"RMS","extRefNo":"0000007247","itemLongDesc":"Embroidered Strappy","lastUpdateDte":{"date":{"year":2022,"month":8,"day":2},"time":{"hour":23,"minute":2,"second":2,"nano":640925800}}}. Exception: JsonObject 
2025-01-07 12:45:01.518 ERROR [za.co.woolworths.itemkafka_poc.kafka.consumer.ItemConsumerService:48] Error while consuming item from Kafka: {"itemId":"100038690","itemLevel":1,"itemNumberType":"ITEM","allocatorSystem":"MA","businessUnitId":51,"catchWeightInd":"N","classId":2559,"colourGroupId":"C","colourId":"CLOTH_HOME","companyId":1,"createDte":{"date":{"year":2006,"month":7,"day":3},"time":{"hour":0,"minute":0,"second":0,"nano":0}},"deptId":119,"forecastInd":"N","groupId":11,"orderableInd":"Y","packInd":"N","phaseId":1,"priceMarkInd":"Y","primaryRefItemInd":"N","primarySizeGroupId":"PS","primarySizeId":"CLOTHING2","referenceItemInd":"N","seasonId":6,"sellableInd":"Y","shortDsc":"low wrap","simplePackInd":"N","sizeProfileInd":"Y","standardUom":"EA","status":"A","subGroupId":204,"subclassId":2560,"supplierNo":11882,"tranInd":"N","tranLevel":2,"wwStyle":"100038690","actionInd":"U","extractSeqNo":16400,"vatCde":"S","vatRate":15.0000000000,"sourceSystem":"RMS","extRefNo":"0000006906","itemLongDesc":"low wrap","lastUpdateDte":{"date":{"year":2022,"month":8,"day":2},"time":{"hour":23,"minute":2,"second":2,"nano":640925800}}}. Exception: JsonObject 
2025-01-07 12:45:01.519 ERROR [za.co.woolworths.itemkafka_poc.kafka.consumer.ItemConsumerService:48] Error while consuming item from Kafka: {"itemId":"100038704","itemLevel":1,"itemNumberType":"ITEM","allocatorSystem":"MA","businessUnitId":51,"catchWeightInd":"N","classId":1544,"colourGroupId":"C","colourId":"CLOTH_HOME","companyId":1,"createDte":{"date":{"year":2006,"month":7,"day":4},"time":{"hour":0,"minute":0,"second":0,"nano":0}},"deptId":121,"forecastInd":"N","groupId":11,"orderableInd":"Y","packInd":"N","phaseId":1,"priceMarkInd":"Y","primaryRefItemInd":"N","primarySizeGroupId":"PS","primarySizeId":"CLOTHING2","referenceItemInd":"N","seasonId":6,"sellableInd":"Y","shortDsc":"Drape Scoop","simplePackInd":"N","sizeProfileInd":"Y","standardUom":"EA","status":"A","subGroupId":204,"subclassId":3623,"supplierNo":11882,"tranInd":"N","tranLevel":2,"wwStyle":"100038704","actionInd":"U","extractSeqNo":16400,"vatCde":"S","vatRate":15.0000000000,"sourceSystem":"RMS","extRefNo":"0000005454","itemLongDesc":"Drape Scoop","lastUpdateDte":{"date":{"year":2022,"month":8,"day":2},"time":{"hour":23,"minute":2,"second":2,"nano":640925800}}}. Exception: JsonObject 
2025-01-07 12:45:01.520 ERROR [za.co.woolworths.itemkafka_poc.kafka.consumer.ItemConsumerService:48] Error while consuming item from Kafka: {"itemId":"100038712","itemLevel":1,"itemNumberType":"ITEM","allocatorSystem":"MA","businessUnitId":51,"catchWeightInd":"N","classId":1544,"colourGroupId":"C","colourId":"BEAUTY","companyId":1,"createDte":{"date":{"year":2006,"month":7,"day":4},"time":{"hour":0,"minute":0,"second":0,"nano":0}},"deptId":121,"forecastInd":"N","groupId":11,"orderableInd":"Y","packInd":"N","phaseId":1,"priceMarkInd":"Y","primaryRefItemInd":"N","primarySizeGroupId":"PS","primarySizeId":"CLOTHING2","referenceItemInd":"N","seasonId":6,"sellableInd":"Y","shortDsc":"Striped Tunic","simplePackInd":"N","sizeProfileInd":"Y","standardUom":"EA","status":"A","subGroupId":204,"subclassId":9165,"supplierNo":11468,"tranInd":"N","tranLevel":2,"wwStyle":"100038712","actionInd":"U","extractSeqNo":16400,"vatCde":"S","vatRate":15.0000000000,"sourceSystem":"RMS","extRefNo":"0000006718","itemLongDesc":"Striped Tunic","lastUpdateDte":{"date":{"year":2022,"month":8,"day":2},"time":{"hour":23,"minute":2,"second":2,"nano":640925800}}}. Exception: JsonObject 
2025-01-07 12:45:01.521 ERROR [za.co.woolworths.itemkafka_poc.kafka.consumer.ItemConsumerService:48] Error while consuming item from Kafka: {"itemId":"100038720","itemLevel":1,"itemNumberType":"ITEM","allocatorSystem":"MA","businessUnitId":51,"catchWeightInd":"N","classId":2582,"colourGroupId":"C","colourId":"CLOTH_HOME","companyId":1,"createDte":{"date":{"year":2006,"month":7,"day":4},"time":{"hour":0,"minute":0,"second":0,"nano":0}},"deptId":121,"forecastInd":"N","groupId":11,"orderableInd":"Y","packInd":"N","phaseId":1,"priceMarkInd":"Y","primaryRefItemInd":"N","primarySizeGroupId":"PS","primarySizeId":"CLOTHING2","referenceItemInd":"N","seasonId":6,"sellableInd":"Y","shortDsc":"Chan Shacket","simplePackInd":"N","sizeProfileInd":"Y","standardUom":"EA","status":"A","subGroupId":204,"subclassId":2584,"supplierNo":11109,"tranInd":"N","tranLevel":2,"wwStyle":"100038720","actionInd":"U","extractSeqNo":16400,"vatCde":"S","vatRate":15.0000000000,"sourceSystem":"RMS","extRefNo":"0000005131","itemLongDesc":"Chan Shacket","lastUpdateDte":{"date":{"year":2022,"month":8,"day":2},"time":{"hour":23,"minute":2,"second":2,"nano":640925800}}}. Exception: JsonObject 
2025-01-07 12:45:01.522 ERROR [za.co.woolworths.itemkafka_poc.kafka.consumer.ItemConsumerService:48] Error while consuming item from Kafka: {"itemId":"100038738","itemLevel":1,"itemNumberType":"ITEM","allocatorSystem":"MA","businessUnitId":51,"catchWeightInd":"N","classId":2579,"colourGroupId":"C","colourId":"CLOTH_HOME","companyId":1,"createDte":{"date":{"year":2006,"month":7,"day":4},"time":{"hour":0,"minute":0,"second":0,"nano":0}},"deptId":121,"forecastInd":"N","groupId":11,"orderableInd":"Y","packInd":"N","phaseId":1,"priceMarkInd":"Y","primaryRefItemInd":"N","primarySizeGroupId":"PS","primarySizeId":"CLOTHING2","referenceItemInd":"N","seasonId":6,"sellableInd":"Y","shortDsc":"Chan Pant","simplePackInd":"N","sizeProfileInd":"Y","standardUom":"EA","status":"A","subGroupId":204,"subclassId":2581,"supplierNo":11109,"tranInd":"N","tranLevel":2,"wwStyle":"100038738","actionInd":"U","extractSeqNo":16400,"vatCde":"S","vatRate":15.0000000000,"sourceSystem":"RMS","extRefNo":"0000007577","itemLongDesc":"Chan Pant","lastUpdateDte":{"date":{"year":2022,"month":8,"day":2},"time":{"hour":23,"minute":2,"second":2,"nano":640925800}}}. Exception: JsonObject 
2025-01-07 12:45:01.522 ERROR [za.co.woolworths.itemkafka_poc.kafka.consumer.ItemConsumerService:48] Error while consuming item from Kafka: {"itemId":"100038746","itemLevel":1,"itemNumberType":"ITEM","allocatorSystem":"MA","businessUnitId":51,"catchWeightInd":"N","classId":2588,"colourGroupId":"C","colourId":"CLOTH_HOME","companyId":1,"createDte":{"date":{"year":2006,"month":7,"day":4},"time":{"hour":0,"minute":0,"second":0,"nano":0}},"deptId":121,"forecastInd":"N","groupId":11,"orderableInd":"Y","packInd":"N","phaseId":1,"priceMarkInd":"Y","primaryRefItemInd":"N","primarySizeGroupId":"PS","primarySizeId":"CLOTHING2","referenceItemInd":"N","seasonId":6,"sellableInd":"Y","shortDsc":"Wie Dress","simplePackInd":"N","sizeProfileInd":"Y","standardUom":"EA","status":"A","subGroupId":204,"subclassId":2589,"supplierNo":11109,"tranInd":"N","tranLevel":2,"wwStyle":"100038746","actionInd":"U","extractSeqNo":16400,"vatCde":"S","vatRate":15.0000000000,"sourceSystem":"RMS","extRefNo":"0000005165","itemLongDesc":"Wie Dress","lastUpdateDte":{"date":{"year":2022,"month":8,"day":2},"time":{"hour":23,"minute":2,"second":2,"nano":640925800}}}. Exception: JsonObject 
2025-01-07 12:45:01.523 ERROR [za.co.woolworths.itemkafka_poc.kafka.consumer.ItemConsumerService:48] Error while consuming item from Kafka: {"itemId":"100038762","itemLevel":1,"itemNumberType":"ITEM","allocatorSystem":"MA","businessUnitId":51,"catchWeightInd":"N","classId":2579,"colourGroupId":"C","colourId":"CLOTH_HOME","companyId":1,"createDte":{"date":{"year":2006,"month":7,"day":4},"time":{"hour":0,"minute":0,"second":0,"nano":0}},"deptId":121,"forecastInd":"N","groupId":11,"orderableInd":"Y","packInd":"N","phaseId":1,"priceMarkInd":"Y","primaryRefItemInd":"N","primarySizeGroupId":"PS","primarySizeId":"CLOTHING2","referenceItemInd":"N","seasonId":6,"sellableInd":"Y","shortDsc":"Patrice Pant","simplePackInd":"N","sizeProfileInd":"Y","standardUom":"EA","status":"A","subGroupId":204,"subclassId":2581,"supplierNo":11109,"tranInd":"N","tranLevel":2,"wwStyle":"100038762","actionInd":"U","extractSeqNo":16400,"vatCde":"S","vatRate":15.0000000000,"sourceSystem":"RMS","extRefNo":"0000005190","itemLongDesc":"Patrice Pant","lastUpdateDte":{"date":{"year":2022,"month":8,"day":2},"time":{"hour":23,"minute":2,"second":2,"nano":640925800}}}. Exception: JsonObject 
2025-01-07 12:45:01.524 ERROR [za.co.woolworths.itemkafka_poc.kafka.consumer.ItemConsumerService:48] Error while consuming item from Kafka: {"itemId":"100038788","itemLevel":1,"itemNumberType":"ITEM","allocatorSystem":"MA","businessUnitId":51,"catchWeightInd":"N","classId":2571,"colourGroupId":"C","colourId":"CLOTH_HOME","companyId":1,"createDte":{"date":{"year":2006,"month":7,"day":4},"time":{"hour":0,"minute":0,"second":0,"nano":0}},"deptId":119,"forecastInd":"N","groupId":11,"orderableInd":"Y","packInd":"N","phaseId":1,"priceMarkInd":"Y","primaryRefItemInd":"N","primarySizeGroupId":"PS","primarySizeId":"CLOTHING1","referenceItemInd":"N","seasonId":6,"sellableInd":"Y","shortDsc":"cotton shrug","simplePackInd":"N","sizeProfileInd":"Y","standardUom":"EA","status":"A","subGroupId":204,"subclassId":2572,"supplierNo":10245,"tranInd":"N","tranLevel":2,"wwStyle":"100038788","actionInd":"U","extractSeqNo":16400,"vatCde":"S","vatRate":15.0000000000,"sourceSystem":"RMS","extRefNo":"0000005434","itemLongDesc":"cotton shrug","lastUpdateDte":{"date":{"year":2022,"month":8,"day":2},"time":{"hour":23,"minute":2,"second":2,"nano":640925800}}}. Exception: JsonObject 
2025-01-07 12:45:01.525 ERROR [za.co.woolworths.itemkafka_poc.kafka.consumer.ItemConsumerService:48] Error while consuming item from Kafka: {"itemId":"100038796","itemLevel":1,"itemNumberType":"ITEM","allocatorSystem":"MA","businessUnitId":51,"catchWeightInd":"N","classId":2571,"colourGroupId":"C","colourId":"CLOTH_HOME","companyId":1,"createDte":{"date":{"year":2006,"month":7,"day":4},"time":{"hour":0,"minute":0,"second":0,"nano":0}},"deptId":119,"forecastInd":"N","groupId":11,"orderableInd":"Y","packInd":"N","phaseId":1,"priceMarkInd":"Y","primaryRefItemInd":"N","primarySizeGroupId":"PS","primarySizeId":"CLOTHING1","referenceItemInd":"N","seasonId":6,"sellableInd":"Y","shortDsc":"linen shawl","simplePackInd":"N","sizeProfileInd":"Y","standardUom":"EA","status":"A","subGroupId":204,"subclassId":2572,"supplierNo":10245,"tranInd":"N","tranLevel":2,"wwStyle":"100038796","actionInd":"U","extractSeqNo":16400,"vatCde":"S","vatRate":15.0000000000,"sourceSystem":"RMS","extRefNo":"0000005433","itemLongDesc":"linen shawl cardi","lastUpdateDte":{"date":{"year":2022,"month":8,"day":2},"time":{"hour":23,"minute":2,"second":2,"nano":640925800}}}. Exception: JsonObject 
2025-01-07 12:45:01.525 ERROR [za.co.woolworths.itemkafka_poc.kafka.consumer.ItemConsumerService:48] Error while consuming item from Kafka: {"itemId":"100038800","itemLevel":1,"itemNumberType":"ITEM","allocatorSystem":"MA","businessUnitId":51,"catchWeightInd":"N","classId":1544,"colourGroupId":"C","colourId":"CLOTH_HOME","companyId":1,"createDte":{"date":{"year":2006,"month":7,"day":4},"time":{"hour":0,"minute":0,"second":0,"nano":0}},"deptId":121,"forecastInd":"N","groupId":11,"orderableInd":"Y","packInd":"N","phaseId":1,"priceMarkInd":"Y","primaryRefItemInd":"N","primarySizeGroupId":"PS","primarySizeId":"CLOTHING2","referenceItemInd":"N","seasonId":6,"sellableInd":"Y","shortDsc":"Printed Shell","simplePackInd":"N","sizeProfileInd":"Y","standardUom":"EA","status":"A","subGroupId":204,"subclassId":9165,"supplierNo":11219,"tranInd":"N","tranLevel":2,"wwStyle":"100038800","actionInd":"U","extractSeqNo":16400,"vatCde":"S","vatRate":15.0000000000,"sourceSystem":"RMS","extRefNo":"0000007946","itemLongDesc":"Printed Shell","lastUpdateDte":{"date":{"year":2022,"month":8,"day":2},"time":{"hour":23,"minute":2,"second":2,"nano":640925800}}}. Exception: JsonObject 
2025-01-07 12:45:01.526 ERROR [za.co.woolworths.itemkafka_poc.kafka.consumer.ItemConsumerService:48] Error while consuming item from Kafka: {"itemId":"100038818","itemLevel":1,"itemNumberType":"ITEM","allocatorSystem":"MA","businessUnitId":51,"catchWeightInd":"N","classId":1544,"colourGroupId":"C","colourId":"CLOTH_HOME","companyId":1,"createDte":{"date":{"year":2006,"month":7,"day":4},"time":{"hour":0,"minute":0,"second":0,"nano":0}},"deptId":121,"forecastInd":"N","groupId":11,"orderableInd":"Y","packInd":"N","phaseId":1,"priceMarkInd":"Y","primaryRefItemInd":"N","primarySizeGroupId":"PS","primarySizeId":"CLOTHING2","referenceItemInd":"N","seasonId":6,"sellableInd":"Y","shortDsc":"Knit Shell","simplePackInd":"N","sizeProfileInd":"Y","standardUom":"EA","status":"A","subGroupId":204,"subclassId":3623,"supplierNo":11882,"tranInd":"N","tranLevel":2,"wwStyle":"100038818","actionInd":"U","extractSeqNo":16400,"vatCde":"S","vatRate":15.0000000000,"sourceSystem":"RMS","extRefNo":"0000007944","itemLongDesc":"Knit Shell","lastUpdateDte":{"date":{"year":2022,"month":8,"day":2},"time":{"hour":23,"minute":2,"second":2,"nano":640925800}}}. Exception: JsonObject 
2025-01-07 12:45:01.526 ERROR [za.co.woolworths.itemkafka_poc.kafka.consumer.ItemConsumerService:48] Error while consuming item from Kafka: {"itemId":"100038826","itemLevel":1,"itemNumberType":"ITEM","allocatorSystem":"MA","businessUnitId":51,"catchWeightInd":"N","classId":2582,"colourGroupId":"C","colourId":"CLOTH_HOME","companyId":1,"createDte":{"date":{"year":2006,"month":7,"day":4},"time":{"hour":0,"minute":0,"second":0,"nano":0}},"deptId":121,"forecastInd":"N","groupId":11,"orderableInd":"Y","packInd":"N","phaseId":1,"priceMarkInd":"Y","primaryRefItemInd":"N","primarySizeGroupId":"PS","primarySizeId":"CLOTHING2","referenceItemInd":"N","seasonId":6,"sellableInd":"Y","shortDsc":"Evette Jacket","simplePackInd":"N","sizeProfileInd":"Y","standardUom":"EA","status":"A","subGroupId":204,"subclassId":2584,"supplierNo":11109,"tranInd":"N","tranLevel":2,"wwStyle":"100038826","actionInd":"U","extractSeqNo":16400,"vatCde":"S","vatRate":15.0000000000,"sourceSystem":"RMS","extRefNo":"0000007922","itemLongDesc":"Evette Jacket","lastUpdateDte":{"date":{"year":2022,"month":8,"day":2},"time":{"hour":23,"minute":2,"second":2,"nano":640925800}}}. Exception: JsonObject 
2025-01-07 12:45:01.527 ERROR [za.co.woolworths.itemkafka_poc.kafka.consumer.ItemConsumerService:48] Error while consuming item from Kafka: {"itemId":"100038834","itemLevel":1,"itemNumberType":"ITEM","allocatorSystem":"RP","businessUnitId":51,"catchWeightInd":"N","classId":1521,"colourGroupId":"C","colourId":"CLOTH_HOME","companyId":1,"createDte":{"date":{"year":2006,"month":7,"day":4},"time":{"hour":0,"minute":0,"second":0,"nano":0}},"deptId":511,"forecastInd":"N","groupId":11,"orderableInd":"Y","packInd":"N","phaseId":1,"priceMarkInd":"Y","primaryRefItemInd":"N","primarySizeGroupId":"PS","primarySizeId":"CLOTHING1","referenceItemInd":"N","seasonId":14,"sellableInd":"Y","shortDsc":"Fast to Rpl Conv","simplePackInd":"N","sizeProfileInd":"Y","standardUom":"EA","status":"A","subGroupId":285,"subclassId":3883,"supplierNo":13327,"tranInd":"N","tranLevel":2,"wwStyle":"100038834","actionInd":"U","extractSeqNo":16400,"vatCde":"S","vatRate":15.0000000000,"sourceSystem":"RMS","itemLongDesc":"Fast to Rpl Conv","lastUpdateDte":{"date":{"year":2022,"month":8,"day":2},"time":{"hour":23,"minute":2,"second":2,"nano":640925800}}}. Exception: JsonObject 
2025-01-07 12:45:01.527 ERROR [za.co.woolworths.itemkafka_poc.kafka.consumer.ItemConsumerService:48] Error while consuming item from Kafka: {"itemId":"100038842","itemLevel":1,"itemNumberType":"ITEM","allocatorSystem":"RP","businessUnitId":51,"catchWeightInd":"N","classId":1521,"colourGroupId":"C","colourId":"CLOTH_HOME","companyId":1,"createDte":{"date":{"year":2006,"month":7,"day":4},"time":{"hour":0,"minute":0,"second":0,"nano":0}},"deptId":511,"forecastInd":"N","groupId":11,"orderableInd":"Y","packInd":"N","phaseId":1,"priceMarkInd":"Y","primaryRefItemInd":"N","primarySizeGroupId":"PS","primarySizeId":"CLOTHING1","referenceItemInd":"N","seasonId":14,"sellableInd":"Y","shortDsc":"Rpl - Fast Conv","simplePackInd":"N","sizeProfileInd":"Y","standardUom":"EA","status":"A","subGroupId":285,"subclassId":3883,"supplierNo":13327,"tranInd":"N","tranLevel":2,"wwStyle":"100038842","actionInd":"U","extractSeqNo":16400,"vatCde":"S","vatRate":15.0000000000,"sourceSystem":"RMS","itemLongDesc":"Rpl - Fast Conv","lastUpdateDte":{"date":{"year":2022,"month":8,"day":2},"time":{"hour":23,"minute":2,"second":2,"nano":640925800}}}. Exception: JsonObject 
2025-01-07 12:45:01.528 ERROR [za.co.woolworths.itemkafka_poc.kafka.consumer.ItemConsumerService:48] Error while consuming item from Kafka: {"itemId":"100038850","itemLevel":1,"itemNumberType":"ITEM","allocatorSystem":"MA","businessUnitId":51,"catchWeightInd":"N","classId":1544,"colourGroupId":"C","colourId":"CLOTH_HOME","companyId":1,"createDte":{"date":{"year":2006,"month":7,"day":4},"time":{"hour":0,"minute":0,"second":0,"nano":0}},"deptId":121,"forecastInd":"N","groupId":11,"orderableInd":"Y","packInd":"N","phaseId":1,"priceMarkInd":"Y","primaryRefItemInd":"N","primarySizeGroupId":"PS","primarySizeId":"CLOTHING2","referenceItemInd":"N","seasonId":6,"sellableInd":"Y","shortDsc":"Rouched Cami","simplePackInd":"N","sizeProfileInd":"Y","standardUom":"EA","status":"A","subGroupId":204,"subclassId":3623,"supplierNo":11882,"tranInd":"N","tranLevel":2,"wwStyle":"100038850","actionInd":"U","extractSeqNo":16400,"vatCde":"S","vatRate":15.0000000000,"sourceSystem":"RMS","extRefNo":"0000007174","itemLongDesc":"Rouched Cami","lastUpdateDte":{"date":{"year":2022,"month":8,"day":2},"time":{"hour":23,"minute":2,"second":2,"nano":640925800}}}. Exception: JsonObject 
2025-01-07 12:45:01.528 ERROR [za.co.woolworths.itemkafka_poc.kafka.consumer.ItemConsumerService:48] Error while consuming item from Kafka: {"itemId":"100038868","itemLevel":1,"itemNumberType":"ITEM","allocatorSystem":"MA","businessUnitId":51,"catchWeightInd":"N","classId":2579,"colourGroupId":"C","colourId":"CLOTH_HOME","companyId":1,"createDte":{"date":{"year":2006,"month":7,"day":4},"time":{"hour":0,"minute":0,"second":0,"nano":0}},"deptId":121,"forecastInd":"N","groupId":11,"orderableInd":"Y","packInd":"N","phaseId":1,"priceMarkInd":"Y","primaryRefItemInd":"N","primarySizeGroupId":"PS","primarySizeId":"CLOTHING2","referenceItemInd":"N","seasonId":6,"sellableInd":"Y","shortDsc":"Evette Pant","simplePackInd":"N","sizeProfileInd":"Y","standardUom":"EA","status":"A","subGroupId":204,"subclassId":2581,"supplierNo":11109,"tranInd":"N","tranLevel":2,"wwStyle":"100038868","actionInd":"U","extractSeqNo":16400,"vatCde":"S","vatRate":15.0000000000,"sourceSystem":"RMS","extRefNo":"0000007884","itemLongDesc":"Evette cropped Pant","lastUpdateDte":{"date":{"year":2022,"month":8,"day":2},"time":{"hour":23,"minute":2,"second":2,"nano":640925800}}}. Exception: JsonObject 
2025-01-07 12:45:01.528 ERROR [za.co.woolworths.itemkafka_poc.kafka.consumer.ItemConsumerService:48] Error while consuming item from Kafka: {"itemId":"100038876","itemLevel":1,"itemNumberType":"ITEM","allocatorSystem":"MA","businessUnitId":51,"catchWeightInd":"N","classId":2579,"colourGroupId":"C","colourId":"CLOTH_HOME","companyId":1,"createDte":{"date":{"year":2006,"month":7,"day":4},"time":{"hour":0,"minute":0,"second":0,"nano":0}},"deptId":121,"forecastInd":"N","groupId":11,"orderableInd":"Y","packInd":"N","phaseId":1,"priceMarkInd":"Y","primaryRefItemInd":"N","primarySizeGroupId":"PS","primarySizeId":"CLOTHING2","referenceItemInd":"N","seasonId":6,"sellableInd":"Y","shortDsc":"Noah Linen Pant","simplePackInd":"N","sizeProfileInd":"Y","standardUom":"EA","status":"A","subGroupId":204,"subclassId":2581,"supplierNo":11109,"tranInd":"N","tranLevel":2,"wwStyle":"100038876","actionInd":"U","extractSeqNo":16400,"vatCde":"S","vatRate":15.0000000000,"sourceSystem":"RMS","extRefNo":"0000007144","itemLongDesc":"Noah Linen Pant","lastUpdateDte":{"date":{"year":2022,"month":8,"day":2},"time":{"hour":23,"minute":2,"second":2,"nano":640925800}}}. Exception: JsonObject 
2025-01-07 12:45:01.529 ERROR [za.co.woolworths.itemkafka_poc.kafka.consumer.ItemConsumerService:48] Error while consuming item from Kafka: {"itemId":"100038884","itemLevel":1,"itemNumberType":"ITEM","allocatorSystem":"MA","businessUnitId":51,"catchWeightInd":"N","classId":1544,"colourGroupId":"C","colourId":"CLOTH_HOME","companyId":1,"createDte":{"date":{"year":2006,"month":7,"day":4},"time":{"hour":0,"minute":0,"second":0,"nano":0}},"deptId":121,"forecastInd":"N","groupId":11,"orderableInd":"Y","packInd":"N","phaseId":1,"priceMarkInd":"Y","primaryRefItemInd":"N","primarySizeGroupId":"PS","primarySizeId":"CLOTHING2","referenceItemInd":"N","seasonId":6,"sellableInd":"Y","shortDsc":"Silk Cami","simplePackInd":"N","sizeProfileInd":"Y","standardUom":"EA","status":"A","subGroupId":204,"subclassId":9165,"supplierNo":11219,"tranInd":"N","tranLevel":2,"wwStyle":"100038884","actionInd":"U","extractSeqNo":16400,"vatCde":"S","vatRate":15.0000000000,"sourceSystem":"RMS","extRefNo":"0000007155","itemLongDesc":"Silk Cami","lastUpdateDte":{"date":{"year":2022,"month":8,"day":2},"time":{"hour":23,"minute":2,"second":2,"nano":640925800}}}. Exception: JsonObject 
2025-01-07 12:45:01.530 ERROR [za.co.woolworths.itemkafka_poc.kafka.consumer.ItemConsumerService:48] Error while consuming item from Kafka: {"itemId":"100038892","itemLevel":1,"itemNumberType":"ITEM","allocatorSystem":"MA","businessUnitId":51,"catchWeightInd":"N","classId":2582,"colourGroupId":"C","colourId":"CLOTH_HOME","companyId":1,"createDte":{"date":{"year":2006,"month":7,"day":4},"time":{"hour":0,"minute":0,"second":0,"nano":0}},"deptId":121,"forecastInd":"N","groupId":11,"orderableInd":"Y","packInd":"N","phaseId":1,"priceMarkInd":"Y","primaryRefItemInd":"N","primarySizeGroupId":"PS","primarySizeId":"CLOTHING2","referenceItemInd":"N","seasonId":6,"sellableInd":"Y","shortDsc":"Noa Jacket","simplePackInd":"N","sizeProfileInd":"Y","standardUom":"EA","status":"A","subGroupId":204,"subclassId":2584,"supplierNo":11109,"tranInd":"N","tranLevel":2,"wwStyle":"100038892","actionInd":"U","extractSeqNo":16400,"vatCde":"S","vatRate":15.0000000000,"sourceSystem":"RMS","extRefNo":"0000007142","itemLongDesc":"Noa Jacket","lastUpdateDte":{"date":{"year":2022,"month":8,"day":2},"time":{"hour":23,"minute":2,"second":2,"nano":640925800}}}. Exception: JsonObject 
2025-01-07 12:45:01.531 ERROR [za.co.woolworths.itemkafka_poc.kafka.consumer.ItemConsumerService:48] Error while consuming item from Kafka: {"itemId":"100038906","itemLevel":1,"itemNumberType":"ITEM","allocatorSystem":"MA","businessUnitId":51,"catchWeightInd":"N","classId":2579,"colourGroupId":"C","colourId":"CLOTH_HOME","companyId":1,"createDte":{"date":{"year":2006,"month":7,"day":4},"time":{"hour":0,"minute":0,"second":0,"nano":0}},"deptId":121,"forecastInd":"N","groupId":11,"orderableInd":"Y","packInd":"N","phaseId":1,"priceMarkInd":"Y","primaryRefItemInd":"N","primarySizeGroupId":"PS","primarySizeId":"CLOTHING2","referenceItemInd":"N","seasonId":6,"sellableInd":"Y","shortDsc":"Noa Pant","simplePackInd":"N","sizeProfileInd":"Y","standardUom":"EA","status":"A","subGroupId":204,"subclassId":2581,"supplierNo":11109,"tranInd":"N","tranLevel":2,"wwStyle":"100038906","actionInd":"U","extractSeqNo":16400,"vatCde":"S","vatRate":15.0000000000,"sourceSystem":"RMS","extRefNo":"0000007145","itemLongDesc":"Noa Pant","lastUpdateDte":{"date":{"year":2022,"month":8,"day":2},"time":{"hour":23,"minute":2,"second":2,"nano":640925800}}}. Exception: JsonObject 
2025-01-07 12:45:01.532 ERROR [za.co.woolworths.itemkafka_poc.kafka.consumer.ItemConsumerService:48] Error while consuming item from Kafka: {"itemId":"100038914","itemLevel":1,"itemNumberType":"ITEM","allocatorSystem":"MA","businessUnitId":51,"catchWeightInd":"N","classId":2588,"colourGroupId":"C","colourId":"CLOTH_HOME","companyId":1,"createDte":{"date":{"year":2006,"month":7,"day":4},"time":{"hour":0,"minute":0,"second":0,"nano":0}},"deptId":121,"forecastInd":"N","groupId":11,"orderableInd":"Y","packInd":"N","phaseId":1,"priceMarkInd":"Y","primaryRefItemInd":"N","primarySizeGroupId":"PS","primarySizeId":"CLOTHING2","referenceItemInd":"N","seasonId":6,"sellableInd":"Y","shortDsc":"Crushed Dress","simplePackInd":"N","sizeProfileInd":"Y","standardUom":"EA","status":"A","subGroupId":204,"subclassId":2589,"supplierNo":11219,"tranInd":"N","tranLevel":2,"wwStyle":"100038914","actionInd":"U","extractSeqNo":16400,"vatCde":"S","vatRate":15.0000000000,"sourceSystem":"RMS","extRefNo":"0000007156","itemLongDesc":"Crushed Silk Dress","lastUpdateDte":{"date":{"year":2022,"month":8,"day":2},"time":{"hour":23,"minute":2,"second":2,"nano":640925800}}}. Exception: JsonObject 
2025-01-07 12:45:01.532 ERROR [za.co.woolworths.itemkafka_poc.kafka.consumer.ItemConsumerService:48] Error while consuming item from Kafka: {"itemId":"100038922","itemLevel":1,"itemNumberType":"ITEM","allocatorSystem":"MA","businessUnitId":51,"catchWeightInd":"N","classId":2579,"colourGroupId":"C","colourId":"CLOTH_HOME","companyId":1,"createDte":{"date":{"year":2006,"month":7,"day":4},"time":{"hour":0,"minute":0,"second":0,"nano":0}},"deptId":121,"forecastInd":"N","groupId":11,"orderableInd":"Y","packInd":"N","phaseId":1,"priceMarkInd":"Y","primaryRefItemInd":"N","primarySizeGroupId":"PS","primarySizeId":"CLOTHING2","referenceItemInd":"N","seasonId":6,"sellableInd":"Y","shortDsc":"Paris Pant","simplePackInd":"N","sizeProfileInd":"Y","standardUom":"EA","status":"A","subGroupId":204,"subclassId":2581,"supplierNo":11109,"tranInd":"N","tranLevel":2,"wwStyle":"100038922","actionInd":"U","extractSeqNo":16400,"vatCde":"S","vatRate":15.0000000000,"sourceSystem":"RMS","extRefNo":"0000007148","itemLongDesc":"Paris Pant","lastUpdateDte":{"date":{"year":2022,"month":8,"day":2},"time":{"hour":23,"minute":2,"second":2,"nano":640925800}}}. Exception: JsonObject 
2025-01-07 12:45:01.533 ERROR [za.co.woolworths.itemkafka_poc.kafka.consumer.ItemConsumerService:48] Error while consuming item from Kafka: {"itemId":"100038930","itemLevel":1,"itemNumberType":"ITEM","allocatorSystem":"MA","businessUnitId":51,"catchWeightInd":"N","classId":1544,"colourGroupId":"C","colourId":"CLOTH_HOME","companyId":1,"createDte":{"date":{"year":2006,"month":7,"day":4},"time":{"hour":0,"minute":0,"second":0,"nano":0}},"deptId":121,"forecastInd":"N","groupId":11,"orderableInd":"Y","packInd":"N","phaseId":1,"priceMarkInd":"Y","primaryRefItemInd":"N","primarySizeGroupId":"PS","primarySizeId":"CLOTHING2","referenceItemInd":"N","seasonId":6,"sellableInd":"Y","shortDsc":"Short slv silk tunic","simplePackInd":"N","sizeProfileInd":"Y","standardUom":"EA","status":"A","subGroupId":204,"subclassId":9165,"supplierNo":11219,"tranInd":"N","tranLevel":2,"wwStyle":"100038930","actionInd":"U","extractSeqNo":16400,"vatCde":"S","vatRate":15.0000000000,"sourceSystem":"RMS","extRefNo":"0000007158","itemLongDesc":"Short slv silk tunic","lastUpdateDte":{"date":{"year":2022,"month":8,"day":2},"time":{"hour":23,"minute":2,"second":2,"nano":640925800}}}. Exception: JsonObject 
2025-01-07 12:45:01.534 ERROR [za.co.woolworths.itemkafka_poc.kafka.consumer.ItemConsumerService:48] Error while consuming item from Kafka: {"itemId":"100039626","itemLevel":1,"itemNumberType":"ITEM","allocatorSystem":"MA","businessUnitId":51,"catchWeightInd":"N","classId":2563,"colourGroupId":"C","colourId":"CLOTH_HOME","companyId":1,"createDte":{"date":{"year":2006,"month":7,"day":5},"time":{"hour":0,"minute":0,"second":0,"nano":0}},"deptId":119,"forecastInd":"N","groupId":11,"orderableInd":"Y","packInd":"N","phaseId":1,"priceMarkInd":"Y","primaryRefItemInd":"N","primarySizeGroupId":"PS","primarySizeId":"CLOTHING2","referenceItemInd":"N","seasonId":6,"sellableInd":"Y","shortDsc":"Ela short","simplePackInd":"N","sizeProfileInd":"Y","standardUom":"EA","status":"A","subGroupId":204,"subclassId":2565,"supplierNo":11109,"tranInd":"N","tranLevel":2,"wwStyle":"100039626","actionInd":"U","extractSeqNo":16400,"vatCde":"S","vatRate":15.0000000000,"sourceSystem":"RMS","extRefNo":"0000007130","itemLongDesc":"Ela short","lastUpdateDte":{"date":{"year":2022,"month":8,"day":2},"time":{"hour":23,"minute":2,"second":2,"nano":640925800}}}. Exception: JsonObject 
2025-01-07 12:45:01.534 ERROR [za.co.woolworths.itemkafka_poc.kafka.consumer.ItemConsumerService:48] Error while consuming item from Kafka: {"itemId":"100039650","itemLevel":1,"itemNumberType":"ITEM","allocatorSystem":"MA","businessUnitId":51,"catchWeightInd":"N","classId":2568,"colourGroupId":"C","colourId":"CLOTH_HOME","companyId":1,"createDte":{"date":{"year":2006,"month":7,"day":6},"time":{"hour":0,"minute":0,"second":0,"nano":0}},"deptId":119,"forecastInd":"N","groupId":11,"orderableInd":"Y","packInd":"N","phaseId":1,"priceMarkInd":"Y","primaryRefItemInd":"N","primarySizeGroupId":"PS","primarySizeId":"CLOTHING2","referenceItemInd":"N","seasonId":6,"sellableInd":"Y","shortDsc":"Norwich Linen Jacket","simplePackInd":"N","sizeProfileInd":"Y","standardUom":"EA","status":"A","subGroupId":204,"subclassId":2570,"supplierNo":11109,"tranInd":"N","tranLevel":2,"wwStyle":"100039650","actionInd":"U","extractSeqNo":16400,"vatCde":"S","vatRate":15.0000000000,"sourceSystem":"RMS","extRefNo":"0000007143","itemLongDesc":"Norwich Linen Jacket","lastUpdateDte":{"date":{"year":2022,"month":8,"day":2},"time":{"hour":23,"minute":2,"second":2,"nano":640925800}}}. Exception: JsonObject 
2025-01-07 12:45:01.535 ERROR [za.co.woolworths.itemkafka_poc.kafka.consumer.ItemConsumerService:48] Error while consuming item from Kafka: {"itemId":"100039684","itemLevel":1,"itemNumberType":"ITEM","allocatorSystem":"MA","businessUnitId":51,"catchWeightInd":"N","classId":1521,"colourGroupId":"C","colourId":"CLOTH_HOME","companyId":1,"createDte":{"date":{"year":2006,"month":7,"day":6},"time":{"hour":0,"minute":0,"second":0,"nano":0}},"deptId":511,"forecastInd":"N","groupId":11,"orderableInd":"Y","packInd":"N","phaseId":1,"priceMarkInd":"Y","primaryRefItemInd":"N","primarySizeGroupId":"PS","primarySizeId":"CLOTHING1","referenceItemInd":"N","seasonId":6,"sellableInd":"Y","shortDsc":"Multi Ticket Adhesiv","simplePackInd":"N","sizeProfileInd":"Y","standardUom":"EA","status":"A","subGroupId":285,"subclassId":3883,"supplierNo":13327,"tranInd":"N","tranLevel":2,"wwStyle":"100039684","actionInd":"U","extractSeqNo":16400,"vatCde":"S","vatRate":15.0000000000,"sourceSystem":"RMS","itemLongDesc":"Multi Ticket Adhesive","lastUpdateDte":{"date":{"year":2022,"month":8,"day":2},"time":{"hour":23,"minute":2,"second":2,"nano":640925800}}}. Exception: JsonObject 
2025-01-07 12:45:01.535 ERROR [za.co.woolworths.itemkafka_poc.kafka.consumer.ItemConsumerService:48] Error while consuming item from Kafka: {"itemId":"100039692","itemLevel":1,"itemNumberType":"ITEM","allocatorSystem":"MA","businessUnitId":51,"catchWeightInd":"N","classId":1521,"colourGroupId":"C","colourId":"CLOTH_HOME","companyId":1,"createDte":{"date":{"year":2006,"month":7,"day":6},"time":{"hour":0,"minute":0,"second":0,"nano":0}},"deptId":511,"forecastInd":"N","groupId":11,"orderableInd":"Y","packInd":"N","phaseId":1,"priceMarkInd":"Y","primaryRefItemInd":"N","primarySizeGroupId":"PS","primarySizeId":"CLOTHING1","referenceItemInd":"N","seasonId":6,"sellableInd":"Y","shortDsc":"Multi Ticket Swing","simplePackInd":"N","sizeProfileInd":"Y","standardUom":"EA","status":"A","subGroupId":285,"subclassId":3883,"supplierNo":13327,"tranInd":"N","tranLevel":2,"wwStyle":"100039692","actionInd":"U","extractSeqNo":16400,"vatCde":"S","vatRate":15.0000000000,"sourceSystem":"RMS","itemLongDesc":"Multi Ticket Swing","lastUpdateDte":{"date":{"year":2022,"month":8,"day":2},"time":{"hour":23,"minute":2,"second":2,"nano":640925800}}}. Exception: JsonObject 
2025-01-07 12:45:01.536 ERROR [za.co.woolworths.itemkafka_poc.kafka.consumer.ItemConsumerService:48] Error while consuming item from Kafka: {"itemId":"100039706","itemLevel":1,"itemNumberType":"ITEM","allocatorSystem":"MA","businessUnitId":51,"catchWeightInd":"N","classId":1521,"colourGroupId":"C","colourId":"CLOTH_HOME","companyId":1,"createDte":{"date":{"year":2006,"month":7,"day":6},"time":{"hour":0,"minute":0,"second":0,"nano":0}},"deptId":511,"forecastInd":"N","groupId":11,"orderableInd":"Y","packInd":"N","phaseId":1,"priceMarkInd":"Y","primaryRefItemInd":"N","primarySizeGroupId":"PS","primarySizeId":"CLOTHING1","referenceItemInd":"N","seasonId":14,"sellableInd":"Y","shortDsc":"Multi Ticket Mix","simplePackInd":"N","sizeProfileInd":"Y","standardUom":"EA","status":"A","subGroupId":285,"subclassId":3883,"supplierNo":13327,"tranInd":"N","tranLevel":2,"wwStyle":"100039706","actionInd":"U","extractSeqNo":16400,"vatCde":"S","vatRate":15.0000000000,"sourceSystem":"RMS","itemLongDesc":"Multi Ticket Mix","lastUpdateDte":{"date":{"year":2022,"month":8,"day":2},"time":{"hour":23,"minute":2,"second":2,"nano":640925800}}}. Exception: JsonObject 
2025-01-07 12:45:01.536 ERROR [za.co.woolworths.itemkafka_poc.kafka.consumer.ItemConsumerService:48] Error while consuming item from Kafka: {"itemId":"100039714","itemLevel":1,"itemNumberType":"ITEM","allocatorSystem":"MA","businessUnitId":51,"catchWeightInd":"N","classId":1521,"colourGroupId":"C","colourId":"CLOTH_HOME","companyId":1,"createDte":{"date":{"year":2006,"month":7,"day":7},"time":{"hour":0,"minute":0,"second":0,"nano":0}},"deptId":511,"forecastInd":"N","groupId":11,"orderableInd":"Y","packInd":"N","phaseId":1,"priceMarkInd":"Y","primaryRefItemInd":"N","primarySizeGroupId":"PS","primarySizeId":"CLOTHING1","referenceItemInd":"N","seasonId":6,"sellableInd":"Y","shortDsc":"Variable CP and RSP","simplePackInd":"N","sizeProfileInd":"Y","standardUom":"EA","status":"A","subGroupId":285,"subclassId":3883,"supplierNo":13327,"tranInd":"N","tranLevel":2,"wwStyle":"100039714","actionInd":"U","extractSeqNo":16400,"vatCde":"S","vatRate":15.0000000000,"sourceSystem":"RMS","itemLongDesc":"Variable CP and RSP","lastUpdateDte":{"date":{"year":2022,"month":8,"day":2},"time":{"hour":23,"minute":2,"second":2,"nano":640925800}}}. Exception: JsonObject 
2025-01-07 12:45:01.536 ERROR [za.co.woolworths.itemkafka_poc.kafka.consumer.ItemConsumerService:48] Error while consuming item from Kafka: {"itemId":"100039722","itemLevel":1,"itemNumberType":"ITEM","allocatorSystem":"MA","businessUnitId":51,"catchWeightInd":"N","classId":2563,"colourGroupId":"C","colourId":"CLOTH_HOME","companyId":1,"createDte":{"date":{"year":2006,"month":7,"day":7},"time":{"hour":0,"minute":0,"second":0,"nano":0}},"deptId":119,"forecastInd":"N","groupId":11,"orderableInd":"Y","packInd":"N","phaseId":1,"priceMarkInd":"Y","primaryRefItemInd":"N","primarySizeGroupId":"PS","primarySizeId":"CLOTHING2","referenceItemInd":"N","seasonId":6,"sellableInd":"Y","shortDsc":" printed skirt","simplePackInd":"N","sizeProfileInd":"Y","standardUom":"EA","status":"A","subGroupId":204,"subclassId":2564,"supplierNo":11219,"tranInd":"N","tranLevel":2,"wwStyle":"100039722","actionInd":"U","extractSeqNo":16400,"vatCde":"S","vatRate":15.0000000000,"sourceSystem":"RMS","extRefNo":"0000007202","itemLongDesc":"printed skirt","lastUpdateDte":{"date":{"year":2022,"month":8,"day":2},"time":{"hour":23,"minute":2,"second":2,"nano":640925800}}}. Exception: JsonObject 
2025-01-07 12:45:01.537 ERROR [za.co.woolworths.itemkafka_poc.kafka.consumer.ItemConsumerService:48] Error while consuming item from Kafka: {"itemId":"100039730","itemLevel":1,"itemNumberType":"ITEM","allocatorSystem":"MA","businessUnitId":51,"catchWeightInd":"N","classId":2559,"colourGroupId":"C","colourId":"CLOTH_HOME","companyId":1,"createDte":{"date":{"year":2006,"month":7,"day":7},"time":{"hour":0,"minute":0,"second":0,"nano":0}},"deptId":119,"forecastInd":"N","groupId":11,"orderableInd":"Y","packInd":"N","phaseId":1,"priceMarkInd":"Y","primaryRefItemInd":"N","primarySizeGroupId":"PS","primarySizeId":"CLOTHING2","referenceItemInd":"N","seasonId":6,"sellableInd":"Y","shortDsc":"embroidered strappy","simplePackInd":"N","sizeProfileInd":"Y","standardUom":"EA","status":"A","subGroupId":204,"subclassId":2560,"supplierNo":10329,"tranInd":"N","tranLevel":2,"wwStyle":"100039730","actionInd":"U","extractSeqNo":16400,"vatCde":"S","vatRate":15.0000000000,"sourceSystem":"RMS","extRefNo":"0000007149","itemLongDesc":"embroidered strappy","lastUpdateDte":{"date":{"year":2022,"month":8,"day":2},"time":{"hour":23,"minute":2,"second":2,"nano":640925800}}}. Exception: JsonObject 
2025-01-07 12:45:01.537 ERROR [za.co.woolworths.itemkafka_poc.kafka.consumer.ItemConsumerService:48] Error while consuming item from Kafka: {"itemId":"100039756","itemLevel":1,"itemNumberType":"ITEM","allocatorSystem":"MA","businessUnitId":51,"catchWeightInd":"N","classId":2559,"colourGroupId":"C","colourId":"CLOTH_HOME","companyId":1,"createDte":{"date":{"year":2006,"month":7,"day":7},"time":{"hour":0,"minute":0,"second":0,"nano":0}},"deptId":119,"forecastInd":"N","groupId":11,"orderableInd":"Y","packInd":"N","phaseId":1,"priceMarkInd":"Y","primaryRefItemInd":"N","primarySizeGroupId":"PS","primarySizeId":"CLOTHING2","referenceItemInd":"N","seasonId":6,"sellableInd":"Y","shortDsc":"Twisted Cami","simplePackInd":"N","sizeProfileInd":"Y","standardUom":"EA","status":"A","subGroupId":204,"subclassId":2560,"supplierNo":11882,"tranInd":"N","tranLevel":2,"wwStyle":"100039756","actionInd":"U","extractSeqNo":16400,"vatCde":"S","vatRate":15.0000000000,"sourceSystem":"RMS","extRefNo":"0000007119","itemLongDesc":"Twisted Cami","lastUpdateDte":{"date":{"year":2022,"month":8,"day":2},"time":{"hour":23,"minute":2,"second":2,"nano":640925800}}}. Exception: JsonObject 
2025-01-07 12:45:01.537 ERROR [za.co.woolworths.itemkafka_poc.kafka.consumer.ItemConsumerService:48] Error while consuming item from Kafka: {"itemId":"100039764","itemLevel":1,"itemNumberType":"ITEM","allocatorSystem":"MA","businessUnitId":51,"catchWeightInd":"N","classId":2559,"colourGroupId":"C","colourId":"CLOTH_HOME","companyId":1,"createDte":{"date":{"year":2006,"month":7,"day":7},"time":{"hour":0,"minute":0,"second":0,"nano":0}},"deptId":119,"forecastInd":"N","groupId":11,"orderableInd":"Y","packInd":"N","phaseId":1,"priceMarkInd":"Y","primaryRefItemInd":"N","primarySizeGroupId":"PS","primarySizeId":"CLOTHING2","referenceItemInd":"N","seasonId":6,"sellableInd":"Y","shortDsc":"double strappy","simplePackInd":"N","sizeProfileInd":"Y","standardUom":"EA","status":"A","subGroupId":204,"subclassId":2560,"supplierNo":11882,"tranInd":"N","tranLevel":2,"wwStyle":"100039764","actionInd":"U","extractSeqNo":16400,"vatCde":"S","vatRate":15.0000000000,"sourceSystem":"RMS","extRefNo":"0000007122","itemLongDesc":"double strappy","lastUpdateDte":{"date":{"year":2022,"month":8,"day":2},"time":{"hour":23,"minute":2,"second":2,"nano":640925800}}}. Exception: JsonObject 
2025-01-07 12:45:01.542 ERROR [za.co.woolworths.itemkafka_poc.kafka.consumer.ItemConsumerService:48] Error while consuming item from Kafka: {"itemId":"100039772","itemLevel":1,"itemNumberType":"ITEM","allocatorSystem":"MA","businessUnitId":51,"catchWeightInd":"N","classId":2559,"colourGroupId":"C","colourId":"CLOTH_HOME","companyId":1,"createDte":{"date":{"year":2006,"month":7,"day":7},"time":{"hour":0,"minute":0,"second":0,"nano":0}},"deptId":119,"forecastInd":"N","groupId":11,"orderableInd":"Y","packInd":"N","phaseId":1,"priceMarkInd":"Y","primaryRefItemInd":"N","primarySizeGroupId":"PS","primarySizeId":"CLOTHING2","referenceItemInd":"N","seasonId":6,"sellableInd":"Y","shortDsc":"Double Layer Vest","simplePackInd":"N","sizeProfileInd":"Y","standardUom":"EA","status":"A","subGroupId":204,"subclassId":2560,"supplierNo":11882,"tranInd":"N","tranLevel":2,"wwStyle":"100039772","actionInd":"U","extractSeqNo":16400,"vatCde":"S","vatRate":15.0000000000,"sourceSystem":"RMS","extRefNo":"0000007153","itemLongDesc":"Double Layer Vest","lastUpdateDte":{"date":{"year":2022,"month":8,"day":2},"time":{"hour":23,"minute":2,"second":2,"nano":640925800}}}. Exception: JsonObject 
2025-01-07 12:45:01.549 ERROR [za.co.woolworths.itemkafka_poc.kafka.consumer.ItemConsumerService:48] Error while consuming item from Kafka: {"itemId":"100039780","itemLevel":1,"itemNumberType":"ITEM","allocatorSystem":"MA","businessUnitId":51,"catchWeightInd":"N","classId":2563,"colourGroupId":"C","colourId":"CLOTH_HOME","companyId":1,"createDte":{"date":{"year":2006,"month":7,"day":7},"time":{"hour":0,"minute":0,"second":0,"nano":0}},"deptId":119,"forecastInd":"N","groupId":11,"orderableInd":"Y","packInd":"N","phaseId":1,"priceMarkInd":"Y","primaryRefItemInd":"N","primarySizeGroupId":"PS","primarySizeId":"CLOTHING2","referenceItemInd":"N","seasonId":6,"sellableInd":"Y","shortDsc":"printed skirt","simplePackInd":"N","sizeProfileInd":"Y","standardUom":"EA","status":"A","subGroupId":204,"subclassId":2564,"supplierNo":11219,"tranInd":"N","tranLevel":2,"wwStyle":"100039780","actionInd":"U","extractSeqNo":16400,"vatCde":"S","vatRate":15.0000000000,"sourceSystem":"RMS","extRefNo":"0000007200","itemLongDesc":" taupe printed skirt","lastUpdateDte":{"date":{"year":2022,"month":8,"day":2},"time":{"hour":23,"minute":2,"second":2,"nano":640925800}}}. Exception: JsonObject 
2025-01-07 12:45:01.550 ERROR [za.co.woolworths.itemkafka_poc.kafka.consumer.ItemConsumerService:48] Error while consuming item from Kafka: {"itemId":"100040622","itemLevel":1,"itemNumberType":"ITEM","allocatorSystem":"MA","businessUnitId":51,"catchWeightInd":"N","classId":2559,"colourGroupId":"C","colourId":"CLOTH_HOME","companyId":1,"createDte":{"date":{"year":2006,"month":7,"day":10},"time":{"hour":0,"minute":0,"second":0,"nano":0}},"deptId":119,"forecastInd":"N","groupId":11,"orderableInd":"Y","packInd":"N","phaseId":1,"priceMarkInd":"Y","primaryRefItemInd":"N","primarySizeGroupId":"PS","primarySizeId":"CLOTHING2","referenceItemInd":"N","seasonId":6,"sellableInd":"Y","shortDsc":"embr. kimono","simplePackInd":"N","sizeProfileInd":"Y","standardUom":"EA","status":"A","subGroupId":204,"subclassId":2561,"supplierNo":12043,"tranInd":"N","tranLevel":2,"wwStyle":"100040622","actionInd":"U","extractSeqNo":16400,"vatCde":"S","vatRate":15.0000000000,"sourceSystem":"RMS","extRefNo":"0000007140","itemLongDesc":"embroidered kimono","lastUpdateDte":{"date":{"year":2022,"month":8,"day":2},"time":{"hour":23,"minute":2,"second":2,"nano":640925800}}}. Exception: JsonObject 
2025-01-07 12:45:01.550 ERROR [za.co.woolworths.itemkafka_poc.kafka.consumer.ItemConsumerService:48] Error while consuming item from Kafka: {"itemId":"100040630","itemLevel":1,"itemNumberType":"ITEM","allocatorSystem":"MA","businessUnitId":51,"catchWeightInd":"N","classId":2573,"colourGroupId":"C","colourId":"CLOTH_HOME","companyId":1,"createDte":{"date":{"year":2006,"month":7,"day":11},"time":{"hour":0,"minute":0,"second":0,"nano":0}},"deptId":119,"forecastInd":"N","groupId":11,"orderableInd":"Y","packInd":"N","phaseId":1,"priceMarkInd":"Y","primaryRefItemInd":"N","primarySizeGroupId":"PS","primarySizeId":"CLOTHING2","referenceItemInd":"N","seasonId":6,"sellableInd":"Y","shortDsc":"Bloom Linen Dress","simplePackInd":"N","sizeProfileInd":"Y","standardUom":"EA","status":"A","subGroupId":204,"subclassId":2574,"supplierNo":11109,"tranInd":"N","tranLevel":2,"wwStyle":"100040630","actionInd":"U","extractSeqNo":16400,"vatCde":"S","vatRate":15.0000000000,"sourceSystem":"RMS","extRefNo":"0000007170","itemLongDesc":"Bloom Linen Dress","lastUpdateDte":{"date":{"year":2022,"month":8,"day":2},"time":{"hour":23,"minute":2,"second":2,"nano":640925800}}}. Exception: JsonObject 
2025-01-07 12:45:01.550 ERROR [za.co.woolworths.itemkafka_poc.kafka.consumer.ItemConsumerService:48] Error while consuming item from Kafka: {"itemId":"100040648","itemLevel":1,"itemNumberType":"ITEM","allocatorSystem":"MA","businessUnitId":51,"catchWeightInd":"N","classId":2563,"colourGroupId":"C","colourId":"CLOTH_HOME","companyId":1,"createDte":{"date":{"year":2006,"month":7,"day":11},"time":{"hour":0,"minute":0,"second":0,"nano":0}},"deptId":119,"forecastInd":"N","groupId":11,"orderableInd":"Y","packInd":"N","phaseId":1,"priceMarkInd":"Y","primaryRefItemInd":"N","primarySizeGroupId":"PS","primarySizeId":"CLOTHING2","referenceItemInd":"N","seasonId":6,"sellableInd":"Y","shortDsc":"Ethan Linen Godette","simplePackInd":"N","sizeProfileInd":"Y","standardUom":"EA","status":"A","subGroupId":204,"subclassId":2564,"supplierNo":11109,"tranInd":"N","tranLevel":2,"wwStyle":"100040648","actionInd":"U","extractSeqNo":16400,"vatCde":"S","vatRate":15.0000000000,"sourceSystem":"RMS","extRefNo":"0000005886","itemLongDesc":"Ethan Linen Godette Skirt","lastUpdateDte":{"date":{"year":2022,"month":8,"day":2},"time":{"hour":23,"minute":2,"second":2,"nano":640925800}}}. Exception: JsonObject 
2025-01-07 12:45:01.550 ERROR [za.co.woolworths.itemkafka_poc.kafka.consumer.ItemConsumerService:48] Error while consuming item from Kafka: {"itemId":"100040656","itemLevel":1,"itemNumberType":"ITEM","allocatorSystem":"MA","businessUnitId":51,"catchWeightInd":"N","classId":2563,"colourGroupId":"C","colourId":"CLOTH_HOME","companyId":1,"createDte":{"date":{"year":2006,"month":7,"day":11},"time":{"hour":0,"minute":0,"second":0,"nano":0}},"deptId":119,"forecastInd":"N","groupId":11,"orderableInd":"Y","packInd":"N","phaseId":1,"priceMarkInd":"Y","primaryRefItemInd":"N","primarySizeGroupId":"PS","primarySizeId":"CLOTHING2","referenceItemInd":"N","seasonId":6,"sellableInd":"Y","shortDsc":"Avril linen capri","simplePackInd":"N","sizeProfileInd":"Y","standardUom":"EA","status":"A","subGroupId":204,"subclassId":2565,"supplierNo":11109,"tranInd":"N","tranLevel":2,"wwStyle":"100040656","actionInd":"U","extractSeqNo":16400,"vatCde":"S","vatRate":15.0000000000,"sourceSystem":"RMS","extRefNo":"0000007161","itemLongDesc":"Avril linen capri","lastUpdateDte":{"date":{"year":2022,"month":8,"day":2},"time":{"hour":23,"minute":2,"second":2,"nano":640925800}}}. Exception: JsonObject 
2025-01-07 12:45:01.550 ERROR [za.co.woolworths.itemkafka_poc.kafka.consumer.ItemConsumerService:48] Error while consuming item from Kafka: {"itemId":"100040664","itemLevel":1,"itemNumberType":"ITEM","allocatorSystem":"MA","businessUnitId":51,"catchWeightInd":"N","classId":2568,"colourGroupId":"C","colourId":"CLOTH_HOME","companyId":1,"createDte":{"date":{"year":2006,"month":7,"day":11},"time":{"hour":0,"minute":0,"second":0,"nano":0}},"deptId":119,"forecastInd":"N","groupId":11,"orderableInd":"Y","packInd":"N","phaseId":1,"priceMarkInd":"Y","primaryRefItemInd":"N","primarySizeGroupId":"PS","primarySizeId":"CLOTHING2","referenceItemInd":"N","seasonId":6,"sellableInd":"Y","shortDsc":"kyle jacket","simplePackInd":"N","sizeProfileInd":"Y","standardUom":"EA","status":"A","subGroupId":204,"subclassId":2570,"supplierNo":11109,"tranInd":"N","tranLevel":2,"wwStyle":"100040664","actionInd":"U","extractSeqNo":16400,"vatCde":"S","vatRate":15.0000000000,"sourceSystem":"RMS","extRefNo":"0000007205","itemLongDesc":"kyle jacket","lastUpdateDte":{"date":{"year":2022,"month":8,"day":2},"time":{"hour":23,"minute":2,"second":2,"nano":640925800}}}. Exception: JsonObject 
2025-01-07 12:45:01.551 ERROR [za.co.woolworths.itemkafka_poc.kafka.consumer.ItemConsumerService:48] Error while consuming item from Kafka: {"itemId":"100040672","itemLevel":1,"itemNumberType":"ITEM","allocatorSystem":"MA","businessUnitId":51,"catchWeightInd":"N","classId":2559,"colourGroupId":"C","colourId":"CLOTH_HOME","companyId":1,"createDte":{"date":{"year":2006,"month":7,"day":11},"time":{"hour":0,"minute":0,"second":0,"nano":0}},"deptId":119,"forecastInd":"N","groupId":11,"orderableInd":"Y","packInd":"N","phaseId":1,"priceMarkInd":"Y","primaryRefItemInd":"N","primarySizeGroupId":"PS","primarySizeId":"CLOTHING2","referenceItemInd":"N","seasonId":6,"sellableInd":"Y","shortDsc":"linen shell","simplePackInd":"N","sizeProfileInd":"Y","standardUom":"EA","status":"A","subGroupId":204,"subclassId":2561,"supplierNo":11109,"tranInd":"N","tranLevel":2,"wwStyle":"100040672","actionInd":"U","extractSeqNo":16400,"vatCde":"S","vatRate":15.0000000000,"sourceSystem":"RMS","extRefNo":"0000007234","itemLongDesc":"linen shell","lastUpdateDte":{"date":{"year":2022,"month":8,"day":2},"time":{"hour":23,"minute":2,"second":2,"nano":640925800}}}. Exception: JsonObject 
2025-01-07 12:45:01.551 ERROR [za.co.woolworths.itemkafka_poc.kafka.consumer.ItemConsumerService:48] Error while consuming item from Kafka: {"itemId":"100040680","itemLevel":1,"itemNumberType":"ITEM","allocatorSystem":"MA","businessUnitId":51,"catchWeightInd":"N","classId":2563,"colourGroupId":"C","colourId":"CLOTH_HOME","companyId":1,"createDte":{"date":{"year":2006,"month":7,"day":11},"time":{"hour":0,"minute":0,"second":0,"nano":0}},"deptId":119,"forecastInd":"N","groupId":11,"orderableInd":"Y","packInd":"N","phaseId":1,"priceMarkInd":"Y","primaryRefItemInd":"N","primarySizeGroupId":"PS","primarySizeId":"CLOTHING2","referenceItemInd":"N","seasonId":6,"sellableInd":"Y","shortDsc":"kyle pant","simplePackInd":"N","sizeProfileInd":"Y","standardUom":"EA","status":"A","subGroupId":204,"subclassId":2565,"supplierNo":11109,"tranInd":"N","tranLevel":2,"wwStyle":"100040680","actionInd":"U","extractSeqNo":16400,"vatCde":"S","vatRate":15.0000000000,"sourceSystem":"RMS","extRefNo":"0000007206","itemLongDesc":"kyle pant","lastUpdateDte":{"date":{"year":2022,"month":8,"day":2},"time":{"hour":23,"minute":2,"second":2,"nano":640925800}}}. Exception: JsonObject 
2025-01-07 12:45:01.551 ERROR [za.co.woolworths.itemkafka_poc.kafka.consumer.ItemConsumerService:48] Error while consuming item from Kafka: {"itemId":"100041682","itemLevel":1,"itemNumberType":"ITEM","allocatorSystem":"MA","businessUnitId":51,"catchWeightInd":"N","classId":2559,"colourGroupId":"C","colourId":"CLOTH_HOME","companyId":1,"createDte":{"date":{"year":2006,"month":7,"day":17},"time":{"hour":0,"minute":0,"second":0,"nano":0}},"deptId":119,"forecastInd":"N","groupId":11,"orderableInd":"Y","packInd":"N","phaseId":1,"priceMarkInd":"Y","primaryRefItemInd":"N","primarySizeGroupId":"PS","primarySizeId":"CLOTHING2","referenceItemInd":"N","seasonId":13,"sellableInd":"Y","shortDsc":"pintuck blouse","simplePackInd":"N","sizeProfileInd":"Y","standardUom":"EA","status":"A","subGroupId":204,"subclassId":2561,"supplierNo":12043,"tranInd":"N","tranLevel":2,"wwStyle":"100041682","actionInd":"U","extractSeqNo":16400,"vatCde":"S","vatRate":15.0000000000,"sourceSystem":"RMS","extRefNo":"0000008376","itemLongDesc":"pintuck blouse","lastUpdateDte":{"date":{"year":2022,"month":8,"day":2},"time":{"hour":23,"minute":2,"second":2,"nano":640925800}}}. Exception: JsonObject 
2025-01-07 12:45:01.551 ERROR [za.co.woolworths.itemkafka_poc.kafka.consumer.ItemConsumerService:48] Error while consuming item from Kafka: {"itemId":"100041690","itemLevel":1,"itemNumberType":"ITEM","allocatorSystem":"MA","businessUnitId":51,"catchWeightInd":"N","classId":2571,"colourGroupId":"C","colourId":"CLOTH_HOME","companyId":1,"createDte":{"date":{"year":2006,"month":7,"day":18},"time":{"hour":0,"minute":0,"second":0,"nano":0}},"deptId":119,"forecastInd":"N","groupId":11,"orderableInd":"Y","packInd":"N","phaseId":1,"priceMarkInd":"Y","primaryRefItemInd":"N","primarySizeGroupId":"PS","primarySizeId":"CLOTHING1","referenceItemInd":"N","seasonId":6,"sellableInd":"Y","shortDsc":"Linen v neck","simplePackInd":"N","sizeProfileInd":"Y","standardUom":"EA","status":"A","subGroupId":204,"subclassId":2572,"supplierNo":10245,"tranInd":"N","tranLevel":2,"wwStyle":"100041690","actionInd":"U","extractSeqNo":16400,"vatCde":"S","vatRate":15.0000000000,"sourceSystem":"RMS","extRefNo":"0000007238","itemLongDesc":"Linen v neck","lastUpdateDte":{"date":{"year":2022,"month":8,"day":2},"time":{"hour":23,"minute":2,"second":2,"nano":640925800}}}. Exception: JsonObject 
2025-01-07 12:45:01.551 ERROR [za.co.woolworths.itemkafka_poc.kafka.consumer.ItemConsumerService:48] Error while consuming item from Kafka: {"itemId":"100041704","itemLevel":1,"itemNumberType":"ITEM","allocatorSystem":"MA","businessUnitId":51,"catchWeightInd":"N","classId":2559,"colourGroupId":"C","colourId":"CLOTH_HOME","companyId":1,"createDte":{"date":{"year":2006,"month":7,"day":18},"time":{"hour":0,"minute":0,"second":0,"nano":0}},"deptId":119,"forecastInd":"N","groupId":11,"orderableInd":"Y","packInd":"N","phaseId":1,"priceMarkInd":"Y","primaryRefItemInd":"N","primarySizeGroupId":"PS","primarySizeId":"CLOTHING2","referenceItemInd":"N","seasonId":6,"sellableInd":"Y","shortDsc":"organic   vest","simplePackInd":"N","sizeProfileInd":"Y","standardUom":"EA","status":"A","subGroupId":204,"subclassId":2560,"supplierNo":10245,"tranInd":"N","tranLevel":2,"wwStyle":"100041704","actionInd":"U","extractSeqNo":16400,"vatCde":"S","vatRate":15.0000000000,"sourceSystem":"RMS","extRefNo":"0000007935","itemLongDesc":"organic   vest","lastUpdateDte":{"date":{"year":2022,"month":8,"day":2},"time":{"hour":23,"minute":2,"second":2,"nano":640925800}}}. Exception: JsonObject 
2025-01-07 12:45:01.551 ERROR [za.co.woolworths.itemkafka_poc.kafka.consumer.ItemConsumerService:48] Error while consuming item from Kafka: {"itemId":"100041712","itemLevel":1,"itemNumberType":"ITEM","allocatorSystem":"MA","businessUnitId":51,"catchWeightInd":"N","classId":2571,"colourGroupId":"C","colourId":"CLOTH_HOME","companyId":1,"createDte":{"date":{"year":2006,"month":7,"day":18},"time":{"hour":0,"minute":0,"second":0,"nano":0}},"deptId":119,"forecastInd":"N","groupId":11,"orderableInd":"Y","packInd":"N","phaseId":1,"priceMarkInd":"Y","primaryRefItemInd":"N","primarySizeGroupId":"PS","primarySizeId":"CLOTHING1","referenceItemInd":"N","seasonId":6,"sellableInd":"Y","shortDsc":"linen bolero","simplePackInd":"N","sizeProfileInd":"Y","standardUom":"EA","status":"A","subGroupId":204,"subclassId":2572,"supplierNo":10245,"tranInd":"N","tranLevel":2,"wwStyle":"100041712","actionInd":"U","extractSeqNo":16400,"vatCde":"S","vatRate":15.0000000000,"sourceSystem":"RMS","extRefNo":"0000007235","itemLongDesc":"   Linen Bolero","lastUpdateDte":{"date":{"year":2022,"month":8,"day":2},"time":{"hour":23,"minute":2,"second":2,"nano":640925800}}}. Exception: JsonObject 
2025-01-07 12:45:01.552 ERROR [za.co.woolworths.itemkafka_poc.kafka.consumer.ItemConsumerService:48] Error while consuming item from Kafka: {"itemId":"100042626","itemLevel":1,"itemNumberType":"ITEM","allocatorSystem":"MA","businessUnitId":51,"catchWeightInd":"N","classId":2582,"colourGroupId":"C","colourId":"CLOTH_HOME","companyId":1,"createDte":{"date":{"year":2006,"month":7,"day":19},"time":{"hour":0,"minute":0,"second":0,"nano":0}},"deptId":121,"forecastInd":"N","groupId":11,"orderableInd":"Y","packInd":"N","phaseId":1,"priceMarkInd":"Y","primaryRefItemInd":"N","primarySizeGroupId":"PS","primarySizeId":"CLOTHING2","referenceItemInd":"N","seasonId":6,"sellableInd":"Y","shortDsc":"Patrice Jacket","simplePackInd":"N","sizeProfileInd":"Y","standardUom":"EA","status":"A","subGroupId":204,"subclassId":2584,"supplierNo":11109,"tranInd":"N","tranLevel":2,"wwStyle":"100042626","actionInd":"U","extractSeqNo":16400,"vatCde":"S","vatRate":15.0000000000,"sourceSystem":"RMS","extRefNo":"0000005186","itemLongDesc":"Patrice Jacket","lastUpdateDte":{"date":{"year":2022,"month":8,"day":2},"time":{"hour":23,"minute":2,"second":2,"nano":640925800}}}. Exception: JsonObject 
2025-01-07 12:45:01.552 ERROR [za.co.woolworths.itemkafka_poc.kafka.consumer.ItemConsumerService:48] Error while consuming item from Kafka: {"itemId":"100042634","itemLevel":1,"itemNumberType":"ITEM","allocatorSystem":"MA","businessUnitId":51,"catchWeightInd":"N","classId":2582,"colourGroupId":"C","colourId":"CLOTH_HOME","companyId":1,"createDte":{"date":{"year":2006,"month":7,"day":19},"time":{"hour":0,"minute":0,"second":0,"nano":0}},"deptId":121,"forecastInd":"N","groupId":11,"orderableInd":"Y","packInd":"N","phaseId":1,"priceMarkInd":"Y","primaryRefItemInd":"N","primarySizeGroupId":"PS","primarySizeId":"CLOTHING2","referenceItemInd":"N","seasonId":6,"sellableInd":"Y","shortDsc":"Lia Jacket","simplePackInd":"N","sizeProfileInd":"Y","standardUom":"EA","status":"A","subGroupId":204,"subclassId":2584,"supplierNo":11109,"tranInd":"N","tranLevel":2,"wwStyle":"100042634","actionInd":"U","extractSeqNo":16400,"vatCde":"S","vatRate":15.0000000000,"sourceSystem":"RMS","extRefNo":"0000007407","itemLongDesc":"Lia Jacket","lastUpdateDte":{"date":{"year":2022,"month":8,"day":2},"time":{"hour":23,"minute":2,"second":2,"nano":640925800}}}. Exception: JsonObject 
2025-01-07 12:45:01.552 ERROR [za.co.woolworths.itemkafka_poc.kafka.consumer.ItemConsumerService:48] Error while consuming item from Kafka: {"itemId":"100042642","itemLevel":1,"itemNumberType":"ITEM","allocatorSystem":"MA","businessUnitId":51,"catchWeightInd":"N","classId":2579,"colourGroupId":"C","colourId":"CLOTH_HOME","companyId":1,"createDte":{"date":{"year":2006,"month":7,"day":19},"time":{"hour":0,"minute":0,"second":0,"nano":0}},"deptId":121,"forecastInd":"N","groupId":11,"orderableInd":"Y","packInd":"N","phaseId":1,"priceMarkInd":"Y","primaryRefItemInd":"N","primarySizeGroupId":"PS","primarySizeId":"CLOTHING2","referenceItemInd":"N","seasonId":6,"sellableInd":"Y","shortDsc":"Lia Cropped Pant","simplePackInd":"N","sizeProfileInd":"Y","standardUom":"EA","status":"A","subGroupId":204,"subclassId":2581,"supplierNo":11109,"tranInd":"N","tranLevel":2,"wwStyle":"100042642","actionInd":"U","extractSeqNo":16400,"vatCde":"S","vatRate":15.0000000000,"sourceSystem":"RMS","extRefNo":"0000007411","itemLongDesc":"Lia Cropped Pant","lastUpdateDte":{"date":{"year":2022,"month":8,"day":2},"time":{"hour":23,"minute":2,"second":2,"nano":640925800}}}. Exception: JsonObject 
2025-01-07 12:45:01.555 ERROR [za.co.woolworths.itemkafka_poc.kafka.consumer.ItemConsumerService:48] Error while consuming item from Kafka: {"itemId":"100042668","itemLevel":1,"itemNumberType":"ITEM","allocatorSystem":"MA","businessUnitId":51,"catchWeightInd":"N","classId":2588,"colourGroupId":"C","colourId":"CLOTH_HOME","companyId":1,"createDte":{"date":{"year":2006,"month":7,"day":19},"time":{"hour":0,"minute":0,"second":0,"nano":0}},"deptId":121,"forecastInd":"N","groupId":11,"orderableInd":"Y","packInd":"N","phaseId":1,"priceMarkInd":"Y","primaryRefItemInd":"N","primarySizeGroupId":"PS","primarySizeId":"CLOTHING2","referenceItemInd":"N","seasonId":6,"sellableInd":"Y","shortDsc":"Pleated Dress","simplePackInd":"N","sizeProfileInd":"Y","standardUom":"EA","status":"A","subGroupId":204,"subclassId":2589,"supplierNo":12043,"tranInd":"N","tranLevel":2,"wwStyle":"100042668","actionInd":"U","extractSeqNo":16400,"vatCde":"S","vatRate":15.0000000000,"sourceSystem":"RMS","extRefNo":"0000007927","itemLongDesc":"Pleated Dress","lastUpdateDte":{"date":{"year":2022,"month":8,"day":2},"time":{"hour":23,"minute":2,"second":2,"nano":640925800}}}. Exception: JsonObject 
2025-01-07 12:45:01.556 ERROR [za.co.woolworths.itemkafka_poc.kafka.consumer.ItemConsumerService:48] Error while consuming item from Kafka: {"itemId":"100042676","itemLevel":1,"itemNumberType":"ITEM","allocatorSystem":"MA","businessUnitId":51,"catchWeightInd":"N","classId":1544,"colourGroupId":"C","colourId":"CLOTH_HOME","companyId":1,"createDte":{"date":{"year":2006,"month":7,"day":19},"time":{"hour":0,"minute":0,"second":0,"nano":0}},"deptId":121,"forecastInd":"N","groupId":11,"orderableInd":"Y","packInd":"N","phaseId":1,"priceMarkInd":"Y","primaryRefItemInd":"N","primarySizeGroupId":"PS","primarySizeId":"CLOTHING2","referenceItemInd":"N","seasonId":6,"sellableInd":"Y","shortDsc":"Printed Tunic","simplePackInd":"N","sizeProfileInd":"Y","standardUom":"EA","status":"A","subGroupId":204,"subclassId":9165,"supplierNo":11219,"tranInd":"N","tranLevel":2,"wwStyle":"100042676","actionInd":"U","extractSeqNo":16400,"vatCde":"S","vatRate":15.0000000000,"sourceSystem":"RMS","extRefNo":"0000007947","itemLongDesc":"Printed Tunic","lastUpdateDte":{"date":{"year":2022,"month":8,"day":2},"time":{"hour":23,"minute":2,"second":2,"nano":640925800}}}. Exception: JsonObject 
2025-01-07 12:45:01.560 ERROR [za.co.woolworths.itemkafka_poc.kafka.consumer.ItemConsumerService:48] Error while consuming item from Kafka: {"itemId":"100042684","itemLevel":1,"itemNumberType":"ITEM","allocatorSystem":"MA","businessUnitId":51,"catchWeightInd":"N","classId":1544,"colourGroupId":"C","colourId":"CLOTH_HOME","companyId":1,"createDte":{"date":{"year":2006,"month":7,"day":19},"time":{"hour":0,"minute":0,"second":0,"nano":0}},"deptId":121,"forecastInd":"N","groupId":11,"orderableInd":"Y","packInd":"N","phaseId":1,"priceMarkInd":"Y","primaryRefItemInd":"N","primarySizeGroupId":"PS","primarySizeId":"CLOTHING2","referenceItemInd":"N","seasonId":6,"sellableInd":"Y","shortDsc":"Cap Slv Spot","simplePackInd":"N","sizeProfileInd":"Y","standardUom":"EA","status":"A","subGroupId":204,"subclassId":9165,"supplierNo":11219,"tranInd":"N","tranLevel":2,"wwStyle":"100042684","actionInd":"U","extractSeqNo":16400,"vatCde":"S","vatRate":15.0000000000,"sourceSystem":"RMS","extRefNo":"0000007948","itemLongDesc":"Cap Slv Spot","lastUpdateDte":{"date":{"year":2022,"month":8,"day":2},"time":{"hour":23,"minute":2,"second":2,"nano":640925800}}}. Exception: JsonObject 
2025-01-07 12:45:01.560 ERROR [za.co.woolworths.itemkafka_poc.kafka.consumer.ItemConsumerService:48] Error while consuming item from Kafka: {"itemId":"100042692","itemLevel":1,"itemNumberType":"ITEM","allocatorSystem":"MA","businessUnitId":51,"catchWeightInd":"N","classId":1544,"colourGroupId":"C","colourId":"CLOTH_HOME","companyId":1,"createDte":{"date":{"year":2006,"month":7,"day":19},"time":{"hour":0,"minute":0,"second":0,"nano":0}},"deptId":121,"forecastInd":"N","groupId":11,"orderableInd":"Y","packInd":"N","phaseId":1,"priceMarkInd":"Y","primaryRefItemInd":"N","primarySizeGroupId":"PS","primarySizeId":"CLOTHING2","referenceItemInd":"N","seasonId":6,"sellableInd":"Y","shortDsc":"Printed Tunic","simplePackInd":"N","sizeProfileInd":"Y","standardUom":"EA","status":"A","subGroupId":204,"subclassId":9165,"supplierNo":11219,"tranInd":"N","tranLevel":2,"wwStyle":"100042692","actionInd":"U","extractSeqNo":16400,"vatCde":"S","vatRate":15.0000000000,"sourceSystem":"RMS","extRefNo":"0000005839","itemLongDesc":"Printed Tunic","lastUpdateDte":{"date":{"year":2022,"month":8,"day":2},"time":{"hour":23,"minute":2,"second":2,"nano":640925800}}}. Exception: JsonObject 
2025-01-07 12:45:01.564 ERROR [za.co.woolworths.itemkafka_poc.kafka.consumer.ItemConsumerService:48] Error while consuming item from Kafka: {"itemId":"100044620","itemLevel":1,"itemNumberType":"ITEM","allocatorSystem":"MA","businessUnitId":51,"catchWeightInd":"N","classId":1544,"colourGroupId":"C","colourId":"CLOTH_HOME","companyId":1,"createDte":{"date":{"year":2006,"month":7,"day":27},"time":{"hour":0,"minute":0,"second":0,"nano":0}},"deptId":121,"forecastInd":"N","groupId":11,"orderableInd":"Y","packInd":"N","phaseId":1,"priceMarkInd":"Y","primaryRefItemInd":"N","primarySizeGroupId":"PS","primarySizeId":"CLOTHING2","referenceItemInd":"N","seasonId":6,"sellableInd":"Y","shortDsc":"Tina Shacket","simplePackInd":"N","sizeProfileInd":"Y","standardUom":"EA","status":"A","subGroupId":204,"subclassId":9165,"supplierNo":11109,"tranInd":"N","tranLevel":2,"wwStyle":"100044620","actionInd":"U","extractSeqNo":16400,"vatCde":"S","vatRate":15.0000000000,"sourceSystem":"RMS","extRefNo":"0000006036","itemLongDesc":"Tina Shacket","lastUpdateDte":{"date":{"year":2022,"month":8,"day":2},"time":{"hour":23,"minute":2,"second":2,"nano":640925800}}}. Exception: JsonObject 
2025-01-07 12:45:01.567 ERROR [za.co.woolworths.itemkafka_poc.kafka.consumer.ItemConsumerService:48] Error while consuming item from Kafka: {"itemId":"100044638","itemLevel":1,"itemNumberType":"ITEM","allocatorSystem":"MA","businessUnitId":51,"catchWeightInd":"N","classId":9198,"colourGroupId":"C","colourId":"HOMEWARE","companyId":1,"createDte":{"date":{"year":2006,"month":7,"day":27},"time":{"hour":0,"minute":0,"second":0,"nano":0}},"deptId":551,"forecastInd":"N","groupId":11,"orderableInd":"Y","packInd":"N","phaseId":1,"priceMarkInd":"Y","primaryRefItemInd":"N","referenceItemInd":"N","seasonId":6,"sellableInd":"Y","shortDsc":"epoxy bowls","simplePackInd":"N","standardUom":"EA","status":"A","subGroupId":419,"subclassId":9242,"supplierNo":10036,"tranInd":"N","tranLevel":2,"wwStyle":"100044638","actionInd":"U","extractSeqNo":6766,"vatCde":"S","vatRate":15.0000000000,"sourceSystem":"RMS","itemLongDesc":"epoxy bowls                                                                                         ","lastUpdateDte":{"date":{"year":2016,"month":1,"day":1},"time":{"hour":0,"minute":0,"second":0,"nano":100000000}}}. Exception: JsonObject 
2025-01-07 12:45:01.571 ERROR [za.co.woolworths.itemkafka_poc.kafka.consumer.ItemConsumerService:48] Error while consuming item from Kafka: {"itemId":"100044646","itemLevel":1,"itemNumberType":"ITEM","allocatorSystem":"MA","businessUnitId":51,"catchWeightInd":"N","classId":1742,"colourGroupId":"C","colourId":"HOMEWARE","companyId":1,"createDte":{"date":{"year":2006,"month":7,"day":27},"time":{"hour":0,"minute":0,"second":0,"nano":0}},"deptId":524,"forecastInd":"N","groupId":11,"orderableInd":"Y","packInd":"N","phaseId":1,"priceMarkInd":"N","primaryRefItemInd":"N","referenceItemInd":"N","seasonId":402,"sellableInd":"Y","shortDsc":"plain linen 9538","simplePackInd":"N","standardUom":"EA","status":"A","subGroupId":753,"subclassId":4492,"supplierNo":10453,"tranInd":"N","tranLevel":2,"wwStyle":"100044646","actionInd":"U","extractSeqNo":16400,"vatCde":"S","vatRate":15.0000000000,"sourceSystem":"RMS","itemLongDesc":"plain linen 9538","lastUpdateDte":{"date":{"year":2022,"month":8,"day":2},"time":{"hour":23,"minute":2,"second":2,"nano":640925800}}}. Exception: JsonObject 
2025-01-07 12:45:01.572 ERROR [za.co.woolworths.itemkafka_poc.kafka.consumer.ItemConsumerService:48] Error while consuming item from Kafka: {"itemId":"100044654","itemLevel":1,"itemNumberType":"ITEM","allocatorSystem":"MA","businessUnitId":51,"catchWeightInd":"N","classId":1742,"colourGroupId":"C","colourId":"HOMEWARE","companyId":1,"createDte":{"date":{"year":2006,"month":7,"day":27},"time":{"hour":0,"minute":0,"second":0,"nano":0}},"deptId":524,"forecastInd":"N","groupId":11,"orderableInd":"Y","packInd":"N","phaseId":1,"priceMarkInd":"N","primaryRefItemInd":"N","referenceItemInd":"N","seasonId":402,"sellableInd":"Y","shortDsc":"linen dobby","simplePackInd":"N","standardUom":"EA","status":"A","subGroupId":753,"subclassId":4492,"supplierNo":10453,"tranInd":"N","tranLevel":2,"wwStyle":"100044654","actionInd":"U","extractSeqNo":16400,"vatCde":"S","vatRate":15.0000000000,"sourceSystem":"RMS","itemLongDesc":"linen dobby","lastUpdateDte":{"date":{"year":2022,"month":8,"day":2},"time":{"hour":23,"minute":2,"second":2,"nano":640925800}}}. Exception: JsonObject 
2025-01-07 12:45:01.576 ERROR [za.co.woolworths.itemkafka_poc.kafka.consumer.ItemConsumerService:48] Error while consuming item from Kafka: {"itemId":"100044662","itemLevel":1,"itemNumberType":"ITEM","allocatorSystem":"MA","businessUnitId":51,"catchWeightInd":"N","classId":1742,"colourGroupId":"C","colourId":"HOMEWARE","companyId":1,"createDte":{"date":{"year":2006,"month":7,"day":27},"time":{"hour":0,"minute":0,"second":0,"nano":0}},"deptId":524,"forecastInd":"N","groupId":11,"orderableInd":"Y","packInd":"N","phaseId":1,"priceMarkInd":"N","primaryRefItemInd":"N","referenceItemInd":"N","seasonId":402,"sellableInd":"Y","shortDsc":"gingham","simplePackInd":"N","standardUom":"EA","status":"A","subGroupId":753,"subclassId":4492,"supplierNo":10453,"tranInd":"N","tranLevel":2,"wwStyle":"100044662","actionInd":"U","extractSeqNo":16400,"vatCde":"S","vatRate":15.0000000000,"sourceSystem":"RMS","itemLongDesc":"gingham","lastUpdateDte":{"date":{"year":2022,"month":8,"day":2},"time":{"hour":23,"minute":2,"second":2,"nano":640925800}}}. Exception: JsonObject 
2025-01-07 12:45:01.577 ERROR [za.co.woolworths.itemkafka_poc.kafka.consumer.ItemConsumerService:48] Error while consuming item from Kafka: {"itemId":"100044670","itemLevel":1,"itemNumberType":"ITEM","allocatorSystem":"MA","businessUnitId":51,"catchWeightInd":"N","classId":1742,"colourGroupId":"C","colourId":"HOMEWARE","companyId":1,"createDte":{"date":{"year":2006,"month":7,"day":27},"time":{"hour":0,"minute":0,"second":0,"nano":0}},"deptId":524,"forecastInd":"N","groupId":11,"orderableInd":"Y","packInd":"N","phaseId":1,"priceMarkInd":"N","primaryRefItemInd":"N","referenceItemInd":"N","seasonId":402,"sellableInd":"Y","shortDsc":"dobby stripe","simplePackInd":"N","standardUom":"EA","status":"A","subGroupId":753,"subclassId":4492,"supplierNo":10453,"tranInd":"N","tranLevel":2,"wwStyle":"100044670","actionInd":"U","extractSeqNo":16400,"vatCde":"S","vatRate":15.0000000000,"sourceSystem":"RMS","itemLongDesc":"dobby stripe","lastUpdateDte":{"date":{"year":2022,"month":8,"day":2},"time":{"hour":23,"minute":2,"second":2,"nano":640925800}}}. Exception: JsonObject 
2025-01-07 12:45:01.577 ERROR [za.co.woolworths.itemkafka_poc.kafka.consumer.ItemConsumerService:48] Error while consuming item from Kafka: {"itemId":"100044696","itemLevel":1,"itemNumberType":"ITEM","allocatorSystem":"MA","businessUnitId":51,"catchWeightInd":"N","classId":1742,"colourGroupId":"C","colourId":"HOMEWARE","companyId":1,"createDte":{"date":{"year":2006,"month":7,"day":28},"time":{"hour":0,"minute":0,"second":0,"nano":0}},"deptId":524,"forecastInd":"N","groupId":11,"orderableInd":"Y","packInd":"N","phaseId":1,"priceMarkInd":"N","primaryRefItemInd":"N","referenceItemInd":"N","seasonId":402,"sellableInd":"Y","shortDsc":"beach stripe","simplePackInd":"N","standardUom":"EA","status":"A","subGroupId":753,"subclassId":4492,"supplierNo":10453,"tranInd":"N","tranLevel":2,"wwStyle":"100044696","actionInd":"U","extractSeqNo":16400,"vatCde":"S","vatRate":15.0000000000,"sourceSystem":"RMS","itemLongDesc":"beach stripe","lastUpdateDte":{"date":{"year":2022,"month":8,"day":2},"time":{"hour":23,"minute":2,"second":2,"nano":640925800}}}. Exception: JsonObject 
2025-01-07 12:45:10.962 ERROR [za.co.woolworths.itemkafka_poc.kafka.consumer.ItemConsumerService:48] Error while consuming item from Kafka: {"itemId":"100044700","itemLevel":1,"itemNumberType":"ITEM","allocatorSystem":"MA","businessUnitId":51,"catchWeightInd":"N","classId":1742,"colourGroupId":"C","colourId":"HOMEWARE","companyId":1,"createDte":{"date":{"year":2006,"month":7,"day":28},"time":{"hour":0,"minute":0,"second":0,"nano":0}},"deptId":524,"forecastInd":"N","groupId":11,"orderableInd":"Y","packInd":"N","phaseId":1,"priceMarkInd":"N","primaryRefItemInd":"N","referenceItemInd":"N","seasonId":402,"sellableInd":"Y","shortDsc":"glam","simplePackInd":"N","standardUom":"EA","status":"A","subGroupId":753,"subclassId":4492,"supplierNo":10453,"tranInd":"N","tranLevel":2,"wwStyle":"100044700","actionInd":"U","extractSeqNo":16400,"vatCde":"S","vatRate":15.0000000000,"sourceSystem":"RMS","itemLongDesc":"glam","lastUpdateDte":{"date":{"year":2022,"month":8,"day":2},"time":{"hour":23,"minute":2,"second":2,"nano":640925800}}}. Exception: JsonObject 
2025-01-07 12:45:10.963 ERROR [za.co.woolworths.itemkafka_poc.kafka.consumer.ItemConsumerService:48] Error while consuming item from Kafka: {"itemId":"100044718","itemLevel":1,"itemNumberType":"ITEM","allocatorSystem":"MA","businessUnitId":51,"catchWeightInd":"N","classId":1742,"colourGroupId":"C","colourId":"HOMEWARE","companyId":1,"createDte":{"date":{"year":2006,"month":7,"day":28},"time":{"hour":0,"minute":0,"second":0,"nano":0}},"deptId":524,"forecastInd":"N","groupId":11,"orderableInd":"Y","packInd":"N","phaseId":1,"priceMarkInd":"N","primaryRefItemInd":"N","referenceItemInd":"N","seasonId":402,"sellableInd":"Y","shortDsc":"glam","simplePackInd":"N","standardUom":"EA","status":"A","subGroupId":753,"subclassId":4492,"supplierNo":10453,"tranInd":"N","tranLevel":2,"wwStyle":"100044718","actionInd":"U","extractSeqNo":16400,"vatCde":"S","vatRate":15.0000000000,"sourceSystem":"RMS","itemLongDesc":"glam","lastUpdateDte":{"date":{"year":2022,"month":8,"day":2},"time":{"hour":23,"minute":2,"second":2,"nano":640925800}}}. Exception: JsonObject 
2025-01-07 12:45:10.963 ERROR [za.co.woolworths.itemkafka_poc.kafka.consumer.ItemConsumerService:48] Error while consuming item from Kafka: {"itemId":"100046624","itemLevel":1,"itemNumberType":"ITEM","allocatorSystem":"RP","businessUnitId":51,"catchWeightInd":"N","classId":9198,"colourGroupId":"C","colourId":"HOMEWARE","companyId":1,"createDte":{"date":{"year":2006,"month":8,"day":3},"time":{"hour":0,"minute":0,"second":0,"nano":0}},"deptId":551,"forecastInd":"N","groupId":11,"orderableInd":"Y","packInd":"N","phaseId":1,"priceMarkInd":"Y","primaryRefItemInd":"N","referenceItemInd":"N","seasonId":403,"sellableInd":"Y","shortDsc":"G/R SPAGHETTI.LIFTER","simplePackInd":"N","standardUom":"EA","status":"A","subGroupId":419,"subclassId":9242,"supplierNo":11374,"tranInd":"N","tranLevel":2,"wwStyle":"100046624","actionInd":"U","extractSeqNo":6766,"vatCde":"S","vatRate":15.0000000000,"sourceSystem":"RMS","itemLongDesc":"GORDON RAMSAY SPAGHETTI LIFTER                                                                      ","lastUpdateDte":{"date":{"year":2016,"month":1,"day":1},"time":{"hour":0,"minute":0,"second":0,"nano":100000000}}}. Exception: JsonObject 
2025-01-07 12:45:10.970 ERROR [za.co.woolworths.itemkafka_poc.kafka.consumer.ItemConsumerService:48] Error while consuming item from Kafka: {"itemId":"100046632","itemLevel":1,"itemNumberType":"ITEM","allocatorSystem":"RP","businessUnitId":51,"catchWeightInd":"N","classId":9198,"colourGroupId":"C","colourId":"HOMEWARE","companyId":1,"createDte":{"date":{"year":2006,"month":8,"day":3},"time":{"hour":0,"minute":0,"second":0,"nano":0}},"deptId":551,"forecastInd":"N","groupId":11,"orderableInd":"Y","packInd":"N","phaseId":1,"priceMarkInd":"Y","primaryRefItemInd":"N","referenceItemInd":"N","seasonId":403,"sellableInd":"Y","shortDsc":"G/R MESH SKIMMER","simplePackInd":"N","standardUom":"EA","status":"A","subGroupId":419,"subclassId":9242,"supplierNo":11374,"tranInd":"N","tranLevel":2,"wwStyle":"100046632","actionInd":"U","extractSeqNo":6766,"vatCde":"S","vatRate":15.0000000000,"sourceSystem":"RMS","itemLongDesc":"GORDON RAMSAY MESH SKIMMER                                                                          ","lastUpdateDte":{"date":{"year":2016,"month":1,"day":1},"time":{"hour":0,"minute":0,"second":0,"nano":100000000}}}. Exception: JsonObject 
2025-01-07 12:45:11.004 DEBUG [org.springframework.web.servlet.mvc.method.annotation.RequestResponseBodyMethodProcessor:268] Using 'application/text', given [application/text] and supported [application/text] 
2025-01-07 12:45:11.006 DEBUG [org.springframework.web.servlet.mvc.method.annotation.RequestResponseBodyMethodProcessor:119] Writing ["Items sent to Kafka Topic successfully!"] 
2025-01-07 12:45:11.024 DEBUG [org.springframework.web.servlet.DispatcherServlet:1131] Completed 200 OK 
2025-01-07 12:45:19.092  INFO [org.apache.kafka.clients.consumer.internals.ConsumerCoordinator:310] [Consumer clientId=consumer-item_group-1, groupId=item_group] Revoke previously assigned partitions Item_Topic-0 
2025-01-07 12:45:19.092  INFO [org.springframework.kafka.listener.KafkaMessageListenerContainer:292] item_group: partitions revoked: [Item_Topic-0] 
2025-01-07 12:45:19.092  INFO [org.apache.kafka.clients.consumer.internals.ConsumerCoordinator:1060] [Consumer clientId=consumer-item_group-1, groupId=item_group] Member consumer-item_group-1-1b7af024-4b86-425e-bab1-8789709e92b2 sending LeaveGroup request to coordinator localhost:9092 (id: 2147483647 rack: null) due to the consumer unsubscribed from all topics 
2025-01-07 12:45:19.093  INFO [org.apache.kafka.clients.consumer.internals.ConsumerCoordinator:972] [Consumer clientId=consumer-item_group-1, groupId=item_group] Resetting generation due to: consumer pro-actively leaving the group 
2025-01-07 12:45:19.093  INFO [org.apache.kafka.clients.consumer.internals.ConsumerCoordinator:1000] [Consumer clientId=consumer-item_group-1, groupId=item_group] Request joining group due to: consumer pro-actively leaving the group 
2025-01-07 12:45:19.093  INFO [org.apache.kafka.clients.consumer.KafkaConsumer:1075] [Consumer clientId=consumer-item_group-1, groupId=item_group] Unsubscribed all topics or patterns and assigned partitions 
2025-01-07 12:45:19.094  INFO [org.apache.kafka.clients.consumer.internals.ConsumerCoordinator:972] [Consumer clientId=consumer-item_group-1, groupId=item_group] Resetting generation due to: consumer pro-actively leaving the group 
2025-01-07 12:45:19.094  INFO [org.apache.kafka.clients.consumer.internals.ConsumerCoordinator:1000] [Consumer clientId=consumer-item_group-1, groupId=item_group] Request joining group due to: consumer pro-actively leaving the group 
2025-01-07 12:45:19.097  INFO [org.apache.kafka.common.metrics.Metrics:659] Metrics scheduler closed 
2025-01-07 12:45:19.097  INFO [org.apache.kafka.common.metrics.Metrics:663] Closing reporter org.apache.kafka.common.metrics.JmxReporter 
2025-01-07 12:45:19.098  INFO [org.apache.kafka.common.metrics.Metrics:669] Metrics reporters closed 
2025-01-07 12:45:19.108  INFO [org.apache.kafka.common.utils.AppInfoParser:83] App info kafka.consumer for consumer-item_group-1 unregistered 
2025-01-07 12:45:19.109  INFO [org.springframework.kafka.listener.KafkaMessageListenerContainer:292] item_group: Consumer stopped 
2025-01-07 12:45:19.112  INFO [org.apache.kafka.clients.producer.KafkaProducer:1249] [Producer clientId=producer-1] Closing the Kafka producer with timeoutMillis = 30000 ms. 
2025-01-07 12:45:19.116  INFO [org.apache.kafka.common.metrics.Metrics:659] Metrics scheduler closed 
2025-01-07 12:45:19.116  INFO [org.apache.kafka.common.metrics.Metrics:663] Closing reporter org.apache.kafka.common.metrics.JmxReporter 
2025-01-07 12:45:19.117  INFO [org.apache.kafka.common.metrics.Metrics:669] Metrics reporters closed 
2025-01-07 12:45:19.117  INFO [org.apache.kafka.common.utils.AppInfoParser:83] App info kafka.producer for producer-1 unregistered 
2025-01-07 12:45:19.119  INFO [org.springframework.orm.jpa.LocalContainerEntityManagerFactoryBean:651] Closing JPA EntityManagerFactory for persistence unit 'default' 
2025-01-07 12:45:19.123  INFO [com.zaxxer.hikari.HikariDataSource:350] HikariPool-1 - Shutdown initiated... 
2025-01-07 12:45:19.126  INFO [com.zaxxer.hikari.HikariDataSource:352] HikariPool-1 - Shutdown completed. 
