2025-02-14 13:11:44.614  INFO [za.co.woolworths.itemkafka_poc.KafkaItemProducerPocApplication:55] Starting KafkaItemProducerPocApplication using Java 15.0.2 on W49204302 with PID 10508 (C:\Workspaces\Item-Kafka-Producer-POC\Item-Kafka-Producer-POC\target\classes started by W7178930 in C:\Workspaces\Item-Kafka-Producer-POC\Item-Kafka-Producer-POC) 
2025-02-14 13:11:44.617  INFO [za.co.woolworths.itemkafka_poc.KafkaItemProducerPocApplication:640] The following 2 profiles are active: "swagger", "dev" 
2025-02-14 13:11:45.654  INFO [org.springframework.data.repository.config.RepositoryConfigurationDelegate:132] Bootstrapping Spring Data JPA repositories in DEFAULT mode. 
2025-02-14 13:11:45.718  INFO [org.springframework.data.repository.config.RepositoryConfigurationDelegate:201] Finished Spring Data repository scanning in 52 ms. Found 1 JPA repository interfaces. 
2025-02-14 13:11:46.532  INFO [org.springframework.boot.web.embedded.tomcat.TomcatWebServer:108] Tomcat initialized with port(s): 8081 (http) 
2025-02-14 13:11:46.540  INFO [org.apache.coyote.http11.Http11NioProtocol:173] Initializing ProtocolHandler ["http-nio-8081"] 
2025-02-14 13:11:46.541  INFO [org.apache.catalina.core.StandardService:173] Starting service [Tomcat] 
2025-02-14 13:11:46.541  INFO [org.apache.catalina.core.StandardEngine:173] Starting Servlet engine: [Apache Tomcat/9.0.64] 
2025-02-14 13:11:46.705  INFO [org.apache.catalina.core.ContainerBase.[Tomcat].[localhost].[/]:173] Initializing Spring embedded WebApplicationContext 
2025-02-14 13:11:46.705  INFO [org.springframework.boot.web.servlet.context.ServletWebServerApplicationContext:292] Root WebApplicationContext: initialization completed in 2042 ms 
2025-02-14 13:11:47.177  INFO [com.zaxxer.hikari.HikariDataSource:110] HikariPool-1 - Starting... 
2025-02-14 13:11:49.694  INFO [com.zaxxer.hikari.HikariDataSource:123] HikariPool-1 - Start completed. 
2025-02-14 13:11:49.763  INFO [org.hibernate.jpa.internal.util.LogHelper:31] HHH000204: Processing PersistenceUnitInfo [name: default] 
2025-02-14 13:11:49.851  INFO [org.hibernate.Version:44] HHH000412: Hibernate ORM core version 5.6.9.Final 
2025-02-14 13:11:50.160  INFO [org.hibernate.annotations.common.Version:56] HCANN000001: Hibernate Commons Annotations {5.1.2.Final} 
2025-02-14 13:11:50.594  INFO [org.hibernate.dialect.Dialect:175] HHH000400: Using dialect: org.hibernate.dialect.SQLServer2016Dialect 
2025-02-14 13:11:51.397  INFO [org.hibernate.engine.transaction.jta.platform.internal.JtaPlatformInitiator:52] HHH000490: Using JtaPlatform implementation: [org.hibernate.engine.transaction.jta.platform.internal.NoJtaPlatform] 
2025-02-14 13:11:51.406  INFO [org.springframework.orm.jpa.LocalContainerEntityManagerFactoryBean:437] Initialized JPA EntityManagerFactory for persistence unit 'default' 
2025-02-14 13:11:52.393  WARN [org.springframework.boot.autoconfigure.orm.jpa.JpaBaseConfiguration$JpaWebConfiguration:219] spring.jpa.open-in-view is enabled by default. Therefore, database queries may be performed during view rendering. Explicitly configure spring.jpa.open-in-view to disable this warning 
2025-02-14 13:11:52.533 DEBUG [org.springframework.web.servlet.mvc.method.annotation.RequestMappingHandlerMapping:367] 13 mappings in 'requestMappingHandlerMapping' 
2025-02-14 13:11:52.948 DEBUG [org.springframework.web.servlet.handler.SimpleUrlHandlerMapping:188] Patterns [/agent/swagger-ui*/**] in 'resourceHandlerMapping' 
2025-02-14 13:11:53.003 DEBUG [org.springframework.web.servlet.mvc.method.annotation.RequestMappingHandlerAdapter:625] ControllerAdvice beans: 0 @ModelAttribute, 0 @InitBinder, 1 RequestBodyAdvice, 1 ResponseBodyAdvice 
2025-02-14 13:11:53.051 DEBUG [org.springframework.web.servlet.mvc.method.annotation.ExceptionHandlerExceptionResolver:307] ControllerAdvice beans: 1 @ExceptionHandler, 1 ResponseBodyAdvice 
2025-02-14 13:11:53.433  INFO [org.springframework.boot.actuate.endpoint.web.EndpointLinksResolver:58] Exposing 1 endpoint(s) beneath base path '/actuator' 
2025-02-14 13:11:53.595  INFO [org.apache.kafka.clients.consumer.ConsumerConfig:369] ConsumerConfig values: 
	allow.auto.create.topics = true
	auto.commit.interval.ms = 5000
	auto.include.jmx.reporter = true
	auto.offset.reset = latest
	bootstrap.servers = [localhost:9092]
	check.crcs = true
	client.dns.lookup = use_all_dns_ips
	client.id = consumer-item_group-1
	client.rack = 
	connections.max.idle.ms = 540000
	default.api.timeout.ms = 60000
	enable.auto.commit = false
	exclude.internal.topics = true
	fetch.max.bytes = 52428800
	fetch.max.wait.ms = 500
	fetch.min.bytes = 1
	group.id = item_group
	group.instance.id = null
	heartbeat.interval.ms = 3000
	interceptor.classes = []
	internal.leave.group.on.close = true
	internal.throw.on.fetch.stable.offset.unsupported = false
	isolation.level = read_uncommitted
	key.deserializer = class org.apache.kafka.common.serialization.StringDeserializer
	max.partition.fetch.bytes = 1048576
	max.poll.interval.ms = 300000
	max.poll.records = 500
	metadata.max.age.ms = 300000
	metric.reporters = []
	metrics.num.samples = 2
	metrics.recording.level = INFO
	metrics.sample.window.ms = 30000
	partition.assignment.strategy = [class org.apache.kafka.clients.consumer.RangeAssignor, class org.apache.kafka.clients.consumer.CooperativeStickyAssignor]
	receive.buffer.bytes = 65536
	reconnect.backoff.max.ms = 1000
	reconnect.backoff.ms = 50
	request.timeout.ms = 30000
	retry.backoff.ms = 100
	sasl.client.callback.handler.class = null
	sasl.jaas.config = null
	sasl.kerberos.kinit.cmd = /usr/bin/kinit
	sasl.kerberos.min.time.before.relogin = 60000
	sasl.kerberos.service.name = null
	sasl.kerberos.ticket.renew.jitter = 0.05
	sasl.kerberos.ticket.renew.window.factor = 0.8
	sasl.login.callback.handler.class = null
	sasl.login.class = null
	sasl.login.connect.timeout.ms = null
	sasl.login.read.timeout.ms = null
	sasl.login.refresh.buffer.seconds = 300
	sasl.login.refresh.min.period.seconds = 60
	sasl.login.refresh.window.factor = 0.8
	sasl.login.refresh.window.jitter = 0.05
	sasl.login.retry.backoff.max.ms = 10000
	sasl.login.retry.backoff.ms = 100
	sasl.mechanism = GSSAPI
	sasl.oauthbearer.clock.skew.seconds = 30
	sasl.oauthbearer.expected.audience = null
	sasl.oauthbearer.expected.issuer = null
	sasl.oauthbearer.jwks.endpoint.refresh.ms = 3600000
	sasl.oauthbearer.jwks.endpoint.retry.backoff.max.ms = 10000
	sasl.oauthbearer.jwks.endpoint.retry.backoff.ms = 100
	sasl.oauthbearer.jwks.endpoint.url = null
	sasl.oauthbearer.scope.claim.name = scope
	sasl.oauthbearer.sub.claim.name = sub
	sasl.oauthbearer.token.endpoint.url = null
	security.protocol = PLAINTEXT
	security.providers = null
	send.buffer.bytes = 131072
	session.timeout.ms = 45000
	socket.connection.setup.timeout.max.ms = 30000
	socket.connection.setup.timeout.ms = 10000
	ssl.cipher.suites = null
	ssl.enabled.protocols = [TLSv1.2, TLSv1.3]
	ssl.endpoint.identification.algorithm = https
	ssl.engine.factory.class = null
	ssl.key.password = null
	ssl.keymanager.algorithm = SunX509
	ssl.keystore.certificate.chain = null
	ssl.keystore.key = null
	ssl.keystore.location = null
	ssl.keystore.password = null
	ssl.keystore.type = JKS
	ssl.protocol = TLSv1.3
	ssl.provider = null
	ssl.secure.random.implementation = null
	ssl.trustmanager.algorithm = PKIX
	ssl.truststore.certificates = null
	ssl.truststore.location = null
	ssl.truststore.password = null
	ssl.truststore.type = JKS
	value.deserializer = class org.apache.kafka.common.serialization.StringDeserializer
 
2025-02-14 13:11:53.849  INFO [org.apache.kafka.common.utils.AppInfoParser:119] Kafka version: 3.5.1 
2025-02-14 13:11:53.850  INFO [org.apache.kafka.common.utils.AppInfoParser:120] Kafka commitId: 2c6fb6c54472e90a 
2025-02-14 13:11:53.850  INFO [org.apache.kafka.common.utils.AppInfoParser:121] Kafka startTimeMs: 1739531513848 
2025-02-14 13:11:53.853  INFO [org.apache.kafka.clients.consumer.KafkaConsumer:980] [Consumer clientId=consumer-item_group-1, groupId=item_group] Subscribed to topic(s): Item_Topic 
2025-02-14 13:11:53.868  INFO [org.apache.kafka.clients.consumer.ConsumerConfig:369] ConsumerConfig values: 
	allow.auto.create.topics = true
	auto.commit.interval.ms = 5000
	auto.include.jmx.reporter = true
	auto.offset.reset = latest
	bootstrap.servers = [localhost:9092]
	check.crcs = true
	client.dns.lookup = use_all_dns_ips
	client.id = consumer-item_group-2
	client.rack = 
	connections.max.idle.ms = 540000
	default.api.timeout.ms = 60000
	enable.auto.commit = false
	exclude.internal.topics = true
	fetch.max.bytes = 52428800
	fetch.max.wait.ms = 500
	fetch.min.bytes = 1
	group.id = item_group
	group.instance.id = null
	heartbeat.interval.ms = 3000
	interceptor.classes = []
	internal.leave.group.on.close = true
	internal.throw.on.fetch.stable.offset.unsupported = false
	isolation.level = read_uncommitted
	key.deserializer = class org.apache.kafka.common.serialization.StringDeserializer
	max.partition.fetch.bytes = 1048576
	max.poll.interval.ms = 300000
	max.poll.records = 500
	metadata.max.age.ms = 300000
	metric.reporters = []
	metrics.num.samples = 2
	metrics.recording.level = INFO
	metrics.sample.window.ms = 30000
	partition.assignment.strategy = [class org.apache.kafka.clients.consumer.RangeAssignor, class org.apache.kafka.clients.consumer.CooperativeStickyAssignor]
	receive.buffer.bytes = 65536
	reconnect.backoff.max.ms = 1000
	reconnect.backoff.ms = 50
	request.timeout.ms = 30000
	retry.backoff.ms = 100
	sasl.client.callback.handler.class = null
	sasl.jaas.config = null
	sasl.kerberos.kinit.cmd = /usr/bin/kinit
	sasl.kerberos.min.time.before.relogin = 60000
	sasl.kerberos.service.name = null
	sasl.kerberos.ticket.renew.jitter = 0.05
	sasl.kerberos.ticket.renew.window.factor = 0.8
	sasl.login.callback.handler.class = null
	sasl.login.class = null
	sasl.login.connect.timeout.ms = null
	sasl.login.read.timeout.ms = null
	sasl.login.refresh.buffer.seconds = 300
	sasl.login.refresh.min.period.seconds = 60
	sasl.login.refresh.window.factor = 0.8
	sasl.login.refresh.window.jitter = 0.05
	sasl.login.retry.backoff.max.ms = 10000
	sasl.login.retry.backoff.ms = 100
	sasl.mechanism = GSSAPI
	sasl.oauthbearer.clock.skew.seconds = 30
	sasl.oauthbearer.expected.audience = null
	sasl.oauthbearer.expected.issuer = null
	sasl.oauthbearer.jwks.endpoint.refresh.ms = 3600000
	sasl.oauthbearer.jwks.endpoint.retry.backoff.max.ms = 10000
	sasl.oauthbearer.jwks.endpoint.retry.backoff.ms = 100
	sasl.oauthbearer.jwks.endpoint.url = null
	sasl.oauthbearer.scope.claim.name = scope
	sasl.oauthbearer.sub.claim.name = sub
	sasl.oauthbearer.token.endpoint.url = null
	security.protocol = PLAINTEXT
	security.providers = null
	send.buffer.bytes = 131072
	session.timeout.ms = 45000
	socket.connection.setup.timeout.max.ms = 30000
	socket.connection.setup.timeout.ms = 10000
	ssl.cipher.suites = null
	ssl.enabled.protocols = [TLSv1.2, TLSv1.3]
	ssl.endpoint.identification.algorithm = https
	ssl.engine.factory.class = null
	ssl.key.password = null
	ssl.keymanager.algorithm = SunX509
	ssl.keystore.certificate.chain = null
	ssl.keystore.key = null
	ssl.keystore.location = null
	ssl.keystore.password = null
	ssl.keystore.type = JKS
	ssl.protocol = TLSv1.3
	ssl.provider = null
	ssl.secure.random.implementation = null
	ssl.trustmanager.algorithm = PKIX
	ssl.truststore.certificates = null
	ssl.truststore.location = null
	ssl.truststore.password = null
	ssl.truststore.type = JKS
	value.deserializer = class org.apache.kafka.common.serialization.StringDeserializer
 
2025-02-14 13:11:53.883  INFO [org.apache.kafka.common.utils.AppInfoParser:119] Kafka version: 3.5.1 
2025-02-14 13:11:53.883  INFO [org.apache.kafka.common.utils.AppInfoParser:120] Kafka commitId: 2c6fb6c54472e90a 
2025-02-14 13:11:53.883  INFO [org.apache.kafka.common.utils.AppInfoParser:121] Kafka startTimeMs: 1739531513883 
2025-02-14 13:11:53.884  INFO [org.apache.kafka.clients.consumer.KafkaConsumer:980] [Consumer clientId=consumer-item_group-2, groupId=item_group] Subscribed to topic(s): Item_Topic 
2025-02-14 13:11:53.888  INFO [org.apache.kafka.clients.consumer.ConsumerConfig:369] ConsumerConfig values: 
	allow.auto.create.topics = true
	auto.commit.interval.ms = 5000
	auto.include.jmx.reporter = true
	auto.offset.reset = latest
	bootstrap.servers = [localhost:9092]
	check.crcs = true
	client.dns.lookup = use_all_dns_ips
	client.id = consumer-item_group-3
	client.rack = 
	connections.max.idle.ms = 540000
	default.api.timeout.ms = 60000
	enable.auto.commit = false
	exclude.internal.topics = true
	fetch.max.bytes = 52428800
	fetch.max.wait.ms = 500
	fetch.min.bytes = 1
	group.id = item_group
	group.instance.id = null
	heartbeat.interval.ms = 3000
	interceptor.classes = []
	internal.leave.group.on.close = true
	internal.throw.on.fetch.stable.offset.unsupported = false
	isolation.level = read_uncommitted
	key.deserializer = class org.apache.kafka.common.serialization.StringDeserializer
	max.partition.fetch.bytes = 1048576
	max.poll.interval.ms = 300000
	max.poll.records = 500
	metadata.max.age.ms = 300000
	metric.reporters = []
	metrics.num.samples = 2
	metrics.recording.level = INFO
	metrics.sample.window.ms = 30000
	partition.assignment.strategy = [class org.apache.kafka.clients.consumer.RangeAssignor, class org.apache.kafka.clients.consumer.CooperativeStickyAssignor]
	receive.buffer.bytes = 65536
	reconnect.backoff.max.ms = 1000
	reconnect.backoff.ms = 50
	request.timeout.ms = 30000
	retry.backoff.ms = 100
	sasl.client.callback.handler.class = null
	sasl.jaas.config = null
	sasl.kerberos.kinit.cmd = /usr/bin/kinit
	sasl.kerberos.min.time.before.relogin = 60000
	sasl.kerberos.service.name = null
	sasl.kerberos.ticket.renew.jitter = 0.05
	sasl.kerberos.ticket.renew.window.factor = 0.8
	sasl.login.callback.handler.class = null
	sasl.login.class = null
	sasl.login.connect.timeout.ms = null
	sasl.login.read.timeout.ms = null
	sasl.login.refresh.buffer.seconds = 300
	sasl.login.refresh.min.period.seconds = 60
	sasl.login.refresh.window.factor = 0.8
	sasl.login.refresh.window.jitter = 0.05
	sasl.login.retry.backoff.max.ms = 10000
	sasl.login.retry.backoff.ms = 100
	sasl.mechanism = GSSAPI
	sasl.oauthbearer.clock.skew.seconds = 30
	sasl.oauthbearer.expected.audience = null
	sasl.oauthbearer.expected.issuer = null
	sasl.oauthbearer.jwks.endpoint.refresh.ms = 3600000
	sasl.oauthbearer.jwks.endpoint.retry.backoff.max.ms = 10000
	sasl.oauthbearer.jwks.endpoint.retry.backoff.ms = 100
	sasl.oauthbearer.jwks.endpoint.url = null
	sasl.oauthbearer.scope.claim.name = scope
	sasl.oauthbearer.sub.claim.name = sub
	sasl.oauthbearer.token.endpoint.url = null
	security.protocol = PLAINTEXT
	security.providers = null
	send.buffer.bytes = 131072
	session.timeout.ms = 45000
	socket.connection.setup.timeout.max.ms = 30000
	socket.connection.setup.timeout.ms = 10000
	ssl.cipher.suites = null
	ssl.enabled.protocols = [TLSv1.2, TLSv1.3]
	ssl.endpoint.identification.algorithm = https
	ssl.engine.factory.class = null
	ssl.key.password = null
	ssl.keymanager.algorithm = SunX509
	ssl.keystore.certificate.chain = null
	ssl.keystore.key = null
	ssl.keystore.location = null
	ssl.keystore.password = null
	ssl.keystore.type = JKS
	ssl.protocol = TLSv1.3
	ssl.provider = null
	ssl.secure.random.implementation = null
	ssl.trustmanager.algorithm = PKIX
	ssl.truststore.certificates = null
	ssl.truststore.location = null
	ssl.truststore.password = null
	ssl.truststore.type = JKS
	value.deserializer = class org.apache.kafka.common.serialization.StringDeserializer
 
2025-02-14 13:11:53.898  INFO [org.apache.kafka.common.utils.AppInfoParser:119] Kafka version: 3.5.1 
2025-02-14 13:11:53.899  INFO [org.apache.kafka.common.utils.AppInfoParser:120] Kafka commitId: 2c6fb6c54472e90a 
2025-02-14 13:11:53.904  INFO [org.apache.kafka.common.utils.AppInfoParser:121] Kafka startTimeMs: 1739531513898 
2025-02-14 13:11:53.904  INFO [org.apache.kafka.clients.consumer.KafkaConsumer:980] [Consumer clientId=consumer-item_group-3, groupId=item_group] Subscribed to topic(s): Item_Topic 
2025-02-14 13:11:53.907  INFO [org.apache.coyote.http11.Http11NioProtocol:173] Starting ProtocolHandler ["http-nio-8081"] 
2025-02-14 13:11:53.925  INFO [org.springframework.boot.web.embedded.tomcat.TomcatWebServer:220] Tomcat started on port(s): 8081 (http) with context path '' 
2025-02-14 13:11:53.941  INFO [za.co.woolworths.itemkafka_poc.KafkaItemProducerPocApplication:61] Started KafkaItemProducerPocApplication in 9.826 seconds (JVM running for 10.734) 
2025-02-14 13:11:54.400  INFO [org.apache.kafka.clients.Metadata:287] [Consumer clientId=consumer-item_group-1, groupId=item_group] Cluster ID: 241EXJnpTO6SXdisTDqE6g 
2025-02-14 13:11:54.400  INFO [org.apache.kafka.clients.Metadata:287] [Consumer clientId=consumer-item_group-3, groupId=item_group] Cluster ID: 241EXJnpTO6SXdisTDqE6g 
2025-02-14 13:11:54.401  INFO [org.apache.kafka.clients.Metadata:287] [Consumer clientId=consumer-item_group-2, groupId=item_group] Cluster ID: 241EXJnpTO6SXdisTDqE6g 
2025-02-14 13:11:54.402  INFO [org.apache.kafka.clients.consumer.internals.ConsumerCoordinator:906] [Consumer clientId=consumer-item_group-1, groupId=item_group] Discovered group coordinator W49204302.woolworths.co.za:9092 (id: 2147483647 rack: null) 
2025-02-14 13:11:54.402  INFO [org.apache.kafka.clients.consumer.internals.ConsumerCoordinator:906] [Consumer clientId=consumer-item_group-3, groupId=item_group] Discovered group coordinator W49204302.woolworths.co.za:9092 (id: 2147483647 rack: null) 
2025-02-14 13:11:54.402  INFO [org.apache.kafka.clients.consumer.internals.ConsumerCoordinator:906] [Consumer clientId=consumer-item_group-2, groupId=item_group] Discovered group coordinator W49204302.woolworths.co.za:9092 (id: 2147483647 rack: null) 
2025-02-14 13:11:54.406  INFO [org.apache.kafka.clients.consumer.internals.ConsumerCoordinator:576] [Consumer clientId=consumer-item_group-3, groupId=item_group] (Re-)joining group 
2025-02-14 13:11:54.406  INFO [org.apache.kafka.clients.consumer.internals.ConsumerCoordinator:576] [Consumer clientId=consumer-item_group-1, groupId=item_group] (Re-)joining group 
2025-02-14 13:11:54.407  INFO [org.apache.kafka.clients.consumer.internals.ConsumerCoordinator:576] [Consumer clientId=consumer-item_group-2, groupId=item_group] (Re-)joining group 
2025-02-14 13:11:54.447  INFO [org.apache.kafka.clients.consumer.internals.ConsumerCoordinator:1072] [Consumer clientId=consumer-item_group-2, groupId=item_group] Request joining group due to: need to re-join with the given member-id: consumer-item_group-2-8fce730f-b813-4927-b8e7-e7d7e7f9e0b7 
2025-02-14 13:11:54.447  INFO [org.apache.kafka.clients.consumer.internals.ConsumerCoordinator:1072] [Consumer clientId=consumer-item_group-1, groupId=item_group] Request joining group due to: need to re-join with the given member-id: consumer-item_group-1-7cec1aff-6205-4082-8556-088bc643d29e 
2025-02-14 13:11:54.447  INFO [org.apache.kafka.clients.consumer.internals.ConsumerCoordinator:1072] [Consumer clientId=consumer-item_group-3, groupId=item_group] Request joining group due to: need to re-join with the given member-id: consumer-item_group-3-f09e64d9-3bc4-42c3-a418-86e9a20fb364 
2025-02-14 13:11:54.448  INFO [org.apache.kafka.clients.consumer.internals.ConsumerCoordinator:1072] [Consumer clientId=consumer-item_group-3, groupId=item_group] Request joining group due to: rebalance failed due to 'The group member needs to have a valid member id before actually entering a consumer group.' (MemberIdRequiredException) 
2025-02-14 13:11:54.448  INFO [org.apache.kafka.clients.consumer.internals.ConsumerCoordinator:1072] [Consumer clientId=consumer-item_group-2, groupId=item_group] Request joining group due to: rebalance failed due to 'The group member needs to have a valid member id before actually entering a consumer group.' (MemberIdRequiredException) 
2025-02-14 13:11:54.448  INFO [org.apache.kafka.clients.consumer.internals.ConsumerCoordinator:1072] [Consumer clientId=consumer-item_group-1, groupId=item_group] Request joining group due to: rebalance failed due to 'The group member needs to have a valid member id before actually entering a consumer group.' (MemberIdRequiredException) 
2025-02-14 13:11:54.449  INFO [org.apache.kafka.clients.consumer.internals.ConsumerCoordinator:576] [Consumer clientId=consumer-item_group-3, groupId=item_group] (Re-)joining group 
2025-02-14 13:11:54.449  INFO [org.apache.kafka.clients.consumer.internals.ConsumerCoordinator:576] [Consumer clientId=consumer-item_group-2, groupId=item_group] (Re-)joining group 
2025-02-14 13:11:54.449  INFO [org.apache.kafka.clients.consumer.internals.ConsumerCoordinator:576] [Consumer clientId=consumer-item_group-1, groupId=item_group] (Re-)joining group 
2025-02-14 13:11:54.468  INFO [org.apache.kafka.clients.consumer.internals.ConsumerCoordinator:637] [Consumer clientId=consumer-item_group-1, groupId=item_group] Successfully joined group with generation Generation{generationId=3, memberId='consumer-item_group-1-7cec1aff-6205-4082-8556-088bc643d29e', protocol='range'} 
2025-02-14 13:11:54.471  INFO [org.apache.kafka.clients.consumer.internals.ConsumerCoordinator:637] [Consumer clientId=consumer-item_group-2, groupId=item_group] Successfully joined group with generation Generation{generationId=3, memberId='consumer-item_group-2-8fce730f-b813-4927-b8e7-e7d7e7f9e0b7', protocol='range'} 
2025-02-14 13:11:54.471  INFO [org.apache.kafka.clients.consumer.internals.ConsumerCoordinator:637] [Consumer clientId=consumer-item_group-3, groupId=item_group] Successfully joined group with generation Generation{generationId=3, memberId='consumer-item_group-3-f09e64d9-3bc4-42c3-a418-86e9a20fb364', protocol='range'} 
2025-02-14 13:11:54.479  INFO [org.apache.kafka.clients.consumer.internals.ConsumerCoordinator:712] [Consumer clientId=consumer-item_group-2, groupId=item_group] Finished assignment for group at generation 3: {consumer-item_group-1-7cec1aff-6205-4082-8556-088bc643d29e=Assignment(partitions=[Item_Topic-0]), consumer-item_group-2-8fce730f-b813-4927-b8e7-e7d7e7f9e0b7=Assignment(partitions=[]), consumer-item_group-3-f09e64d9-3bc4-42c3-a418-86e9a20fb364=Assignment(partitions=[])} 
2025-02-14 13:11:54.532  INFO [org.apache.kafka.clients.consumer.internals.ConsumerCoordinator:812] [Consumer clientId=consumer-item_group-2, groupId=item_group] Successfully synced group in generation Generation{generationId=3, memberId='consumer-item_group-2-8fce730f-b813-4927-b8e7-e7d7e7f9e0b7', protocol='range'} 
2025-02-14 13:11:54.534  INFO [org.apache.kafka.clients.consumer.internals.ConsumerCoordinator:307] [Consumer clientId=consumer-item_group-2, groupId=item_group] Notifying assignor about the new Assignment(partitions=[]) 
2025-02-14 13:11:54.535  INFO [org.apache.kafka.clients.consumer.internals.ConsumerCoordinator:319] [Consumer clientId=consumer-item_group-2, groupId=item_group] Adding newly assigned partitions:  
2025-02-14 13:11:54.536  INFO [org.apache.kafka.clients.consumer.internals.ConsumerCoordinator:812] [Consumer clientId=consumer-item_group-3, groupId=item_group] Successfully synced group in generation Generation{generationId=3, memberId='consumer-item_group-3-f09e64d9-3bc4-42c3-a418-86e9a20fb364', protocol='range'} 
2025-02-14 13:11:54.532  INFO [org.apache.kafka.clients.consumer.internals.ConsumerCoordinator:812] [Consumer clientId=consumer-item_group-1, groupId=item_group] Successfully synced group in generation Generation{generationId=3, memberId='consumer-item_group-1-7cec1aff-6205-4082-8556-088bc643d29e', protocol='range'} 
2025-02-14 13:11:54.537  INFO [org.apache.kafka.clients.consumer.internals.ConsumerCoordinator:307] [Consumer clientId=consumer-item_group-3, groupId=item_group] Notifying assignor about the new Assignment(partitions=[]) 
2025-02-14 13:11:54.538  INFO [org.apache.kafka.clients.consumer.internals.ConsumerCoordinator:319] [Consumer clientId=consumer-item_group-3, groupId=item_group] Adding newly assigned partitions:  
2025-02-14 13:11:54.538  INFO [org.apache.kafka.clients.consumer.internals.ConsumerCoordinator:307] [Consumer clientId=consumer-item_group-1, groupId=item_group] Notifying assignor about the new Assignment(partitions=[Item_Topic-0]) 
2025-02-14 13:11:54.539  INFO [org.springframework.kafka.listener.KafkaMessageListenerContainer:292] item_group: partitions assigned: [] 
2025-02-14 13:11:54.539  INFO [org.springframework.kafka.listener.KafkaMessageListenerContainer:292] item_group: partitions assigned: [] 
2025-02-14 13:11:54.542  INFO [org.apache.kafka.clients.consumer.internals.ConsumerCoordinator:319] [Consumer clientId=consumer-item_group-1, groupId=item_group] Adding newly assigned partitions: Item_Topic-0 
2025-02-14 13:11:54.565  INFO [org.apache.kafka.clients.consumer.internals.ConsumerCoordinator:975] [Consumer clientId=consumer-item_group-1, groupId=item_group] Setting offset for partition Item_Topic-0 to the committed offset FetchPosition{offset=0, offsetEpoch=Optional.empty, currentLeader=LeaderAndEpoch{leader=Optional[W49204302.woolworths.co.za:9092 (id: 0 rack: null)], epoch=0}} 
2025-02-14 13:11:54.567  INFO [org.springframework.kafka.listener.KafkaMessageListenerContainer:292] item_group: partitions assigned: [Item_Topic-0] 
2025-02-14 13:12:04.313  INFO [org.apache.catalina.core.ContainerBase.[Tomcat].[localhost].[/]:173] Initializing Spring DispatcherServlet 'dispatcherServlet' 
2025-02-14 13:12:04.314  INFO [org.springframework.web.servlet.DispatcherServlet:525] Initializing Servlet 'dispatcherServlet' 
2025-02-14 13:12:04.314 DEBUG [org.springframework.web.servlet.DispatcherServlet:520] Detected StandardServletMultipartResolver 
2025-02-14 13:12:04.315 DEBUG [org.springframework.web.servlet.DispatcherServlet:544] Detected AcceptHeaderLocaleResolver 
2025-02-14 13:12:04.315 DEBUG [org.springframework.web.servlet.DispatcherServlet:569] Detected FixedThemeResolver 
2025-02-14 13:12:04.316 DEBUG [org.springframework.web.servlet.DispatcherServlet:719] Detected org.springframework.web.servlet.view.DefaultRequestToViewNameTranslator@46f041cb 
2025-02-14 13:12:04.317 DEBUG [org.springframework.web.servlet.DispatcherServlet:783] Detected org.springframework.web.servlet.support.SessionFlashMapManager@53570fff 
2025-02-14 13:12:04.317 DEBUG [org.springframework.web.servlet.DispatcherServlet:542] enableLoggingRequestDetails='false': request parameters and headers will be masked to prevent unsafe logging of potentially sensitive data 
2025-02-14 13:12:04.317  INFO [org.springframework.web.servlet.DispatcherServlet:547] Completed initialization in 3 ms 
2025-02-14 13:12:04.326 DEBUG [org.springframework.web.servlet.DispatcherServlet:119] POST "/flink/start-job1", parameters={} 
2025-02-14 13:12:04.335 DEBUG [org.springframework.web.servlet.mvc.method.annotation.RequestMappingHandlerMapping:522] Mapped to za.co.woolworths.itemkafka_poc.controller.FlinkJobController#triggerFlinkJob1() 
2025-02-14 13:13:03.882 DEBUG [org.springframework.web.servlet.mvc.method.annotation.HttpEntityMethodProcessor:268] Using 'text/plain', given [*/*] and supported [text/plain, */*, application/json, application/*+json] 
2025-02-14 13:13:03.884 DEBUG [org.springframework.web.servlet.mvc.method.annotation.HttpEntityMethodProcessor:119] Writing ["Flink Job 1 started successfully."] 
2025-02-14 13:13:03.901 DEBUG [org.springframework.web.servlet.DispatcherServlet:1131] Completed 200 OK 
2025-02-14 13:18:54.895  INFO [org.apache.kafka.clients.consumer.internals.ConsumerCoordinator:338] [Consumer clientId=consumer-item_group-1, groupId=item_group] Revoke previously assigned partitions Item_Topic-0 
2025-02-14 13:18:54.895  INFO [org.apache.kafka.clients.consumer.internals.ConsumerCoordinator:1133] [Consumer clientId=consumer-item_group-3, groupId=item_group] Member consumer-item_group-3-f09e64d9-3bc4-42c3-a418-86e9a20fb364 sending LeaveGroup request to coordinator W49204302.woolworths.co.za:9092 (id: 2147483647 rack: null) due to the consumer unsubscribed from all topics 
2025-02-14 13:18:54.895  INFO [org.apache.kafka.clients.consumer.internals.ConsumerCoordinator:1133] [Consumer clientId=consumer-item_group-2, groupId=item_group] Member consumer-item_group-2-8fce730f-b813-4927-b8e7-e7d7e7f9e0b7 sending LeaveGroup request to coordinator W49204302.woolworths.co.za:9092 (id: 2147483647 rack: null) due to the consumer unsubscribed from all topics 
2025-02-14 13:18:54.896  INFO [org.springframework.kafka.listener.KafkaMessageListenerContainer:292] item_group: partitions revoked: [Item_Topic-0] 
2025-02-14 13:18:54.896  INFO [org.apache.kafka.clients.consumer.internals.ConsumerCoordinator:1025] [Consumer clientId=consumer-item_group-2, groupId=item_group] Resetting generation and member id due to: consumer pro-actively leaving the group 
2025-02-14 13:18:54.896  INFO [org.apache.kafka.clients.consumer.internals.ConsumerCoordinator:1025] [Consumer clientId=consumer-item_group-3, groupId=item_group] Resetting generation and member id due to: consumer pro-actively leaving the group 
2025-02-14 13:18:54.896  INFO [org.apache.kafka.clients.consumer.internals.ConsumerCoordinator:1072] [Consumer clientId=consumer-item_group-2, groupId=item_group] Request joining group due to: consumer pro-actively leaving the group 
2025-02-14 13:18:54.896  INFO [org.apache.kafka.clients.consumer.internals.ConsumerCoordinator:1072] [Consumer clientId=consumer-item_group-3, groupId=item_group] Request joining group due to: consumer pro-actively leaving the group 
2025-02-14 13:18:54.896  INFO [org.apache.kafka.clients.consumer.KafkaConsumer:1089] [Consumer clientId=consumer-item_group-2, groupId=item_group] Unsubscribed all topics or patterns and assigned partitions 
2025-02-14 13:18:54.896  INFO [org.apache.kafka.clients.consumer.KafkaConsumer:1089] [Consumer clientId=consumer-item_group-3, groupId=item_group] Unsubscribed all topics or patterns and assigned partitions 
2025-02-14 13:18:54.896  INFO [org.apache.kafka.clients.consumer.internals.ConsumerCoordinator:1133] [Consumer clientId=consumer-item_group-1, groupId=item_group] Member consumer-item_group-1-7cec1aff-6205-4082-8556-088bc643d29e sending LeaveGroup request to coordinator W49204302.woolworths.co.za:9092 (id: 2147483647 rack: null) due to the consumer unsubscribed from all topics 
2025-02-14 13:18:54.897  INFO [org.apache.kafka.clients.consumer.internals.ConsumerCoordinator:1025] [Consumer clientId=consumer-item_group-1, groupId=item_group] Resetting generation and member id due to: consumer pro-actively leaving the group 
2025-02-14 13:18:54.897  INFO [org.apache.kafka.clients.consumer.internals.ConsumerCoordinator:1072] [Consumer clientId=consumer-item_group-1, groupId=item_group] Request joining group due to: consumer pro-actively leaving the group 
2025-02-14 13:18:54.897  INFO [org.apache.kafka.clients.consumer.KafkaConsumer:1089] [Consumer clientId=consumer-item_group-1, groupId=item_group] Unsubscribed all topics or patterns and assigned partitions 
2025-02-14 13:18:54.898  INFO [org.apache.kafka.clients.consumer.internals.ConsumerCoordinator:1025] [Consumer clientId=consumer-item_group-2, groupId=item_group] Resetting generation and member id due to: consumer pro-actively leaving the group 
2025-02-14 13:18:54.898  INFO [org.apache.kafka.clients.consumer.internals.ConsumerCoordinator:1025] [Consumer clientId=consumer-item_group-1, groupId=item_group] Resetting generation and member id due to: consumer pro-actively leaving the group 
2025-02-14 13:18:54.898  INFO [org.apache.kafka.clients.consumer.internals.ConsumerCoordinator:1025] [Consumer clientId=consumer-item_group-3, groupId=item_group] Resetting generation and member id due to: consumer pro-actively leaving the group 
2025-02-14 13:18:54.898  INFO [org.apache.kafka.clients.consumer.internals.ConsumerCoordinator:1072] [Consumer clientId=consumer-item_group-2, groupId=item_group] Request joining group due to: consumer pro-actively leaving the group 
2025-02-14 13:18:54.898  INFO [org.apache.kafka.clients.consumer.internals.ConsumerCoordinator:1072] [Consumer clientId=consumer-item_group-1, groupId=item_group] Request joining group due to: consumer pro-actively leaving the group 
2025-02-14 13:18:54.898  INFO [org.apache.kafka.clients.consumer.internals.ConsumerCoordinator:1072] [Consumer clientId=consumer-item_group-3, groupId=item_group] Request joining group due to: consumer pro-actively leaving the group 
2025-02-14 13:18:54.910  INFO [org.apache.kafka.common.metrics.Metrics:693] Metrics scheduler closed 
2025-02-14 13:18:54.911  INFO [org.apache.kafka.common.metrics.Metrics:697] Closing reporter org.apache.kafka.common.metrics.JmxReporter 
2025-02-14 13:18:54.911  INFO [org.apache.kafka.common.metrics.Metrics:703] Metrics reporters closed 
2025-02-14 13:18:54.915  INFO [org.apache.kafka.common.utils.AppInfoParser:83] App info kafka.consumer for consumer-item_group-2 unregistered 
2025-02-14 13:18:54.916  INFO [org.springframework.kafka.listener.KafkaMessageListenerContainer:292] item_group: Consumer stopped 
2025-02-14 13:18:54.918  INFO [org.apache.kafka.common.metrics.Metrics:693] Metrics scheduler closed 
2025-02-14 13:18:54.918  INFO [org.apache.kafka.common.metrics.Metrics:697] Closing reporter org.apache.kafka.common.metrics.JmxReporter 
2025-02-14 13:18:54.919  INFO [org.apache.kafka.common.metrics.Metrics:703] Metrics reporters closed 
2025-02-14 13:18:54.922  INFO [org.apache.kafka.common.utils.AppInfoParser:83] App info kafka.consumer for consumer-item_group-3 unregistered 
2025-02-14 13:18:54.923  INFO [org.springframework.kafka.listener.KafkaMessageListenerContainer:292] item_group: Consumer stopped 
2025-02-14 13:18:54.972  INFO [org.apache.kafka.common.metrics.Metrics:693] Metrics scheduler closed 
2025-02-14 13:18:54.972  INFO [org.apache.kafka.common.metrics.Metrics:697] Closing reporter org.apache.kafka.common.metrics.JmxReporter 
2025-02-14 13:18:54.973  INFO [org.apache.kafka.common.metrics.Metrics:703] Metrics reporters closed 
2025-02-14 13:18:54.975  INFO [org.apache.kafka.common.utils.AppInfoParser:83] App info kafka.consumer for consumer-item_group-1 unregistered 
2025-02-14 13:18:54.975  INFO [org.springframework.kafka.listener.KafkaMessageListenerContainer:292] item_group: Consumer stopped 
2025-02-14 13:18:54.980  INFO [org.springframework.orm.jpa.LocalContainerEntityManagerFactoryBean:651] Closing JPA EntityManagerFactory for persistence unit 'default' 
2025-02-14 13:18:54.984  INFO [com.zaxxer.hikari.HikariDataSource:350] HikariPool-1 - Shutdown initiated... 
2025-02-14 13:18:54.986  INFO [com.zaxxer.hikari.HikariDataSource:352] HikariPool-1 - Shutdown completed. 
2025-02-14 13:21:42.705  INFO [za.co.woolworths.itemkafka_poc.KafkaItemProducerPocApplication:55] Starting KafkaItemProducerPocApplication using Java 15.0.2 on W49204302 with PID 7948 (C:\Workspaces\Item-Kafka-Producer-POC\Item-Kafka-Producer-POC\target\classes started by W7178930 in C:\Workspaces\Item-Kafka-Producer-POC\Item-Kafka-Producer-POC) 
2025-02-14 13:21:42.708  INFO [za.co.woolworths.itemkafka_poc.KafkaItemProducerPocApplication:640] The following 2 profiles are active: "swagger", "dev" 
2025-02-14 13:21:43.529  INFO [org.springframework.data.repository.config.RepositoryConfigurationDelegate:132] Bootstrapping Spring Data JPA repositories in DEFAULT mode. 
2025-02-14 13:21:43.581  INFO [org.springframework.data.repository.config.RepositoryConfigurationDelegate:201] Finished Spring Data repository scanning in 45 ms. Found 1 JPA repository interfaces. 
2025-02-14 13:21:44.264  INFO [org.springframework.boot.web.embedded.tomcat.TomcatWebServer:108] Tomcat initialized with port(s): 8081 (http) 
2025-02-14 13:21:44.270  INFO [org.apache.coyote.http11.Http11NioProtocol:173] Initializing ProtocolHandler ["http-nio-8081"] 
2025-02-14 13:21:44.270  INFO [org.apache.catalina.core.StandardService:173] Starting service [Tomcat] 
2025-02-14 13:21:44.271  INFO [org.apache.catalina.core.StandardEngine:173] Starting Servlet engine: [Apache Tomcat/9.0.64] 
2025-02-14 13:21:44.397  INFO [org.apache.catalina.core.ContainerBase.[Tomcat].[localhost].[/]:173] Initializing Spring embedded WebApplicationContext 
2025-02-14 13:21:44.397  INFO [org.springframework.boot.web.servlet.context.ServletWebServerApplicationContext:292] Root WebApplicationContext: initialization completed in 1651 ms 
2025-02-14 13:21:44.829  INFO [com.zaxxer.hikari.HikariDataSource:110] HikariPool-1 - Starting... 
2025-02-14 13:21:45.754  INFO [com.zaxxer.hikari.HikariDataSource:123] HikariPool-1 - Start completed. 
2025-02-14 13:21:45.796  INFO [org.hibernate.jpa.internal.util.LogHelper:31] HHH000204: Processing PersistenceUnitInfo [name: default] 
2025-02-14 13:21:45.837  INFO [org.hibernate.Version:44] HHH000412: Hibernate ORM core version 5.6.9.Final 
2025-02-14 13:21:46.017  INFO [org.hibernate.annotations.common.Version:56] HCANN000001: Hibernate Commons Annotations {5.1.2.Final} 
2025-02-14 13:21:46.157  INFO [org.hibernate.dialect.Dialect:175] HHH000400: Using dialect: org.hibernate.dialect.SQLServer2016Dialect 
2025-02-14 13:21:46.859  INFO [org.hibernate.engine.transaction.jta.platform.internal.JtaPlatformInitiator:52] HHH000490: Using JtaPlatform implementation: [org.hibernate.engine.transaction.jta.platform.internal.NoJtaPlatform] 
2025-02-14 13:21:46.865  INFO [org.springframework.orm.jpa.LocalContainerEntityManagerFactoryBean:437] Initialized JPA EntityManagerFactory for persistence unit 'default' 
2025-02-14 13:21:47.601  WARN [org.springframework.boot.autoconfigure.orm.jpa.JpaBaseConfiguration$JpaWebConfiguration:219] spring.jpa.open-in-view is enabled by default. Therefore, database queries may be performed during view rendering. Explicitly configure spring.jpa.open-in-view to disable this warning 
2025-02-14 13:21:47.705 DEBUG [org.springframework.web.servlet.mvc.method.annotation.RequestMappingHandlerMapping:367] 13 mappings in 'requestMappingHandlerMapping' 
2025-02-14 13:21:48.125 DEBUG [org.springframework.web.servlet.handler.SimpleUrlHandlerMapping:188] Patterns [/agent/swagger-ui*/**] in 'resourceHandlerMapping' 
2025-02-14 13:21:48.168 DEBUG [org.springframework.web.servlet.mvc.method.annotation.RequestMappingHandlerAdapter:625] ControllerAdvice beans: 0 @ModelAttribute, 0 @InitBinder, 1 RequestBodyAdvice, 1 ResponseBodyAdvice 
2025-02-14 13:21:48.203 DEBUG [org.springframework.web.servlet.mvc.method.annotation.ExceptionHandlerExceptionResolver:307] ControllerAdvice beans: 1 @ExceptionHandler, 1 ResponseBodyAdvice 
2025-02-14 13:21:48.491  INFO [org.springframework.boot.actuate.endpoint.web.EndpointLinksResolver:58] Exposing 1 endpoint(s) beneath base path '/actuator' 
2025-02-14 13:21:48.608  INFO [org.apache.kafka.clients.consumer.ConsumerConfig:369] ConsumerConfig values: 
	allow.auto.create.topics = true
	auto.commit.interval.ms = 5000
	auto.include.jmx.reporter = true
	auto.offset.reset = latest
	bootstrap.servers = [localhost:9092]
	check.crcs = true
	client.dns.lookup = use_all_dns_ips
	client.id = consumer-item_group-1
	client.rack = 
	connections.max.idle.ms = 540000
	default.api.timeout.ms = 60000
	enable.auto.commit = false
	exclude.internal.topics = true
	fetch.max.bytes = 52428800
	fetch.max.wait.ms = 500
	fetch.min.bytes = 1
	group.id = item_group
	group.instance.id = null
	heartbeat.interval.ms = 3000
	interceptor.classes = []
	internal.leave.group.on.close = true
	internal.throw.on.fetch.stable.offset.unsupported = false
	isolation.level = read_uncommitted
	key.deserializer = class org.apache.kafka.common.serialization.StringDeserializer
	max.partition.fetch.bytes = 1048576
	max.poll.interval.ms = 300000
	max.poll.records = 500
	metadata.max.age.ms = 300000
	metric.reporters = []
	metrics.num.samples = 2
	metrics.recording.level = INFO
	metrics.sample.window.ms = 30000
	partition.assignment.strategy = [class org.apache.kafka.clients.consumer.RangeAssignor, class org.apache.kafka.clients.consumer.CooperativeStickyAssignor]
	receive.buffer.bytes = 65536
	reconnect.backoff.max.ms = 1000
	reconnect.backoff.ms = 50
	request.timeout.ms = 30000
	retry.backoff.ms = 100
	sasl.client.callback.handler.class = null
	sasl.jaas.config = null
	sasl.kerberos.kinit.cmd = /usr/bin/kinit
	sasl.kerberos.min.time.before.relogin = 60000
	sasl.kerberos.service.name = null
	sasl.kerberos.ticket.renew.jitter = 0.05
	sasl.kerberos.ticket.renew.window.factor = 0.8
	sasl.login.callback.handler.class = null
	sasl.login.class = null
	sasl.login.connect.timeout.ms = null
	sasl.login.read.timeout.ms = null
	sasl.login.refresh.buffer.seconds = 300
	sasl.login.refresh.min.period.seconds = 60
	sasl.login.refresh.window.factor = 0.8
	sasl.login.refresh.window.jitter = 0.05
	sasl.login.retry.backoff.max.ms = 10000
	sasl.login.retry.backoff.ms = 100
	sasl.mechanism = GSSAPI
	sasl.oauthbearer.clock.skew.seconds = 30
	sasl.oauthbearer.expected.audience = null
	sasl.oauthbearer.expected.issuer = null
	sasl.oauthbearer.jwks.endpoint.refresh.ms = 3600000
	sasl.oauthbearer.jwks.endpoint.retry.backoff.max.ms = 10000
	sasl.oauthbearer.jwks.endpoint.retry.backoff.ms = 100
	sasl.oauthbearer.jwks.endpoint.url = null
	sasl.oauthbearer.scope.claim.name = scope
	sasl.oauthbearer.sub.claim.name = sub
	sasl.oauthbearer.token.endpoint.url = null
	security.protocol = PLAINTEXT
	security.providers = null
	send.buffer.bytes = 131072
	session.timeout.ms = 45000
	socket.connection.setup.timeout.max.ms = 30000
	socket.connection.setup.timeout.ms = 10000
	ssl.cipher.suites = null
	ssl.enabled.protocols = [TLSv1.2, TLSv1.3]
	ssl.endpoint.identification.algorithm = https
	ssl.engine.factory.class = null
	ssl.key.password = null
	ssl.keymanager.algorithm = SunX509
	ssl.keystore.certificate.chain = null
	ssl.keystore.key = null
	ssl.keystore.location = null
	ssl.keystore.password = null
	ssl.keystore.type = JKS
	ssl.protocol = TLSv1.3
	ssl.provider = null
	ssl.secure.random.implementation = null
	ssl.trustmanager.algorithm = PKIX
	ssl.truststore.certificates = null
	ssl.truststore.location = null
	ssl.truststore.password = null
	ssl.truststore.type = JKS
	value.deserializer = class org.apache.kafka.common.serialization.StringDeserializer
 
2025-02-14 13:21:48.822  INFO [org.apache.kafka.common.utils.AppInfoParser:119] Kafka version: 3.5.1 
2025-02-14 13:21:48.822  INFO [org.apache.kafka.common.utils.AppInfoParser:120] Kafka commitId: 2c6fb6c54472e90a 
2025-02-14 13:21:48.822  INFO [org.apache.kafka.common.utils.AppInfoParser:121] Kafka startTimeMs: 1739532108818 
2025-02-14 13:21:48.829  INFO [org.apache.kafka.clients.consumer.KafkaConsumer:980] [Consumer clientId=consumer-item_group-1, groupId=item_group] Subscribed to topic(s): Item_Topic 
2025-02-14 13:21:48.848  INFO [org.apache.kafka.clients.consumer.ConsumerConfig:369] ConsumerConfig values: 
	allow.auto.create.topics = true
	auto.commit.interval.ms = 5000
	auto.include.jmx.reporter = true
	auto.offset.reset = latest
	bootstrap.servers = [localhost:9092]
	check.crcs = true
	client.dns.lookup = use_all_dns_ips
	client.id = consumer-item_group-2
	client.rack = 
	connections.max.idle.ms = 540000
	default.api.timeout.ms = 60000
	enable.auto.commit = false
	exclude.internal.topics = true
	fetch.max.bytes = 52428800
	fetch.max.wait.ms = 500
	fetch.min.bytes = 1
	group.id = item_group
	group.instance.id = null
	heartbeat.interval.ms = 3000
	interceptor.classes = []
	internal.leave.group.on.close = true
	internal.throw.on.fetch.stable.offset.unsupported = false
	isolation.level = read_uncommitted
	key.deserializer = class org.apache.kafka.common.serialization.StringDeserializer
	max.partition.fetch.bytes = 1048576
	max.poll.interval.ms = 300000
	max.poll.records = 500
	metadata.max.age.ms = 300000
	metric.reporters = []
	metrics.num.samples = 2
	metrics.recording.level = INFO
	metrics.sample.window.ms = 30000
	partition.assignment.strategy = [class org.apache.kafka.clients.consumer.RangeAssignor, class org.apache.kafka.clients.consumer.CooperativeStickyAssignor]
	receive.buffer.bytes = 65536
	reconnect.backoff.max.ms = 1000
	reconnect.backoff.ms = 50
	request.timeout.ms = 30000
	retry.backoff.ms = 100
	sasl.client.callback.handler.class = null
	sasl.jaas.config = null
	sasl.kerberos.kinit.cmd = /usr/bin/kinit
	sasl.kerberos.min.time.before.relogin = 60000
	sasl.kerberos.service.name = null
	sasl.kerberos.ticket.renew.jitter = 0.05
	sasl.kerberos.ticket.renew.window.factor = 0.8
	sasl.login.callback.handler.class = null
	sasl.login.class = null
	sasl.login.connect.timeout.ms = null
	sasl.login.read.timeout.ms = null
	sasl.login.refresh.buffer.seconds = 300
	sasl.login.refresh.min.period.seconds = 60
	sasl.login.refresh.window.factor = 0.8
	sasl.login.refresh.window.jitter = 0.05
	sasl.login.retry.backoff.max.ms = 10000
	sasl.login.retry.backoff.ms = 100
	sasl.mechanism = GSSAPI
	sasl.oauthbearer.clock.skew.seconds = 30
	sasl.oauthbearer.expected.audience = null
	sasl.oauthbearer.expected.issuer = null
	sasl.oauthbearer.jwks.endpoint.refresh.ms = 3600000
	sasl.oauthbearer.jwks.endpoint.retry.backoff.max.ms = 10000
	sasl.oauthbearer.jwks.endpoint.retry.backoff.ms = 100
	sasl.oauthbearer.jwks.endpoint.url = null
	sasl.oauthbearer.scope.claim.name = scope
	sasl.oauthbearer.sub.claim.name = sub
	sasl.oauthbearer.token.endpoint.url = null
	security.protocol = PLAINTEXT
	security.providers = null
	send.buffer.bytes = 131072
	session.timeout.ms = 45000
	socket.connection.setup.timeout.max.ms = 30000
	socket.connection.setup.timeout.ms = 10000
	ssl.cipher.suites = null
	ssl.enabled.protocols = [TLSv1.2, TLSv1.3]
	ssl.endpoint.identification.algorithm = https
	ssl.engine.factory.class = null
	ssl.key.password = null
	ssl.keymanager.algorithm = SunX509
	ssl.keystore.certificate.chain = null
	ssl.keystore.key = null
	ssl.keystore.location = null
	ssl.keystore.password = null
	ssl.keystore.type = JKS
	ssl.protocol = TLSv1.3
	ssl.provider = null
	ssl.secure.random.implementation = null
	ssl.trustmanager.algorithm = PKIX
	ssl.truststore.certificates = null
	ssl.truststore.location = null
	ssl.truststore.password = null
	ssl.truststore.type = JKS
	value.deserializer = class org.apache.kafka.common.serialization.StringDeserializer
 
2025-02-14 13:21:48.858  INFO [org.apache.kafka.common.utils.AppInfoParser:119] Kafka version: 3.5.1 
2025-02-14 13:21:48.858  INFO [org.apache.kafka.common.utils.AppInfoParser:120] Kafka commitId: 2c6fb6c54472e90a 
2025-02-14 13:21:48.859  INFO [org.apache.kafka.common.utils.AppInfoParser:121] Kafka startTimeMs: 1739532108858 
2025-02-14 13:21:48.859  INFO [org.apache.kafka.clients.consumer.KafkaConsumer:980] [Consumer clientId=consumer-item_group-2, groupId=item_group] Subscribed to topic(s): Item_Topic 
2025-02-14 13:21:48.863  INFO [org.apache.kafka.clients.consumer.ConsumerConfig:369] ConsumerConfig values: 
	allow.auto.create.topics = true
	auto.commit.interval.ms = 5000
	auto.include.jmx.reporter = true
	auto.offset.reset = latest
	bootstrap.servers = [localhost:9092]
	check.crcs = true
	client.dns.lookup = use_all_dns_ips
	client.id = consumer-item_group-3
	client.rack = 
	connections.max.idle.ms = 540000
	default.api.timeout.ms = 60000
	enable.auto.commit = false
	exclude.internal.topics = true
	fetch.max.bytes = 52428800
	fetch.max.wait.ms = 500
	fetch.min.bytes = 1
	group.id = item_group
	group.instance.id = null
	heartbeat.interval.ms = 3000
	interceptor.classes = []
	internal.leave.group.on.close = true
	internal.throw.on.fetch.stable.offset.unsupported = false
	isolation.level = read_uncommitted
	key.deserializer = class org.apache.kafka.common.serialization.StringDeserializer
	max.partition.fetch.bytes = 1048576
	max.poll.interval.ms = 300000
	max.poll.records = 500
	metadata.max.age.ms = 300000
	metric.reporters = []
	metrics.num.samples = 2
	metrics.recording.level = INFO
	metrics.sample.window.ms = 30000
	partition.assignment.strategy = [class org.apache.kafka.clients.consumer.RangeAssignor, class org.apache.kafka.clients.consumer.CooperativeStickyAssignor]
	receive.buffer.bytes = 65536
	reconnect.backoff.max.ms = 1000
	reconnect.backoff.ms = 50
	request.timeout.ms = 30000
	retry.backoff.ms = 100
	sasl.client.callback.handler.class = null
	sasl.jaas.config = null
	sasl.kerberos.kinit.cmd = /usr/bin/kinit
	sasl.kerberos.min.time.before.relogin = 60000
	sasl.kerberos.service.name = null
	sasl.kerberos.ticket.renew.jitter = 0.05
	sasl.kerberos.ticket.renew.window.factor = 0.8
	sasl.login.callback.handler.class = null
	sasl.login.class = null
	sasl.login.connect.timeout.ms = null
	sasl.login.read.timeout.ms = null
	sasl.login.refresh.buffer.seconds = 300
	sasl.login.refresh.min.period.seconds = 60
	sasl.login.refresh.window.factor = 0.8
	sasl.login.refresh.window.jitter = 0.05
	sasl.login.retry.backoff.max.ms = 10000
	sasl.login.retry.backoff.ms = 100
	sasl.mechanism = GSSAPI
	sasl.oauthbearer.clock.skew.seconds = 30
	sasl.oauthbearer.expected.audience = null
	sasl.oauthbearer.expected.issuer = null
	sasl.oauthbearer.jwks.endpoint.refresh.ms = 3600000
	sasl.oauthbearer.jwks.endpoint.retry.backoff.max.ms = 10000
	sasl.oauthbearer.jwks.endpoint.retry.backoff.ms = 100
	sasl.oauthbearer.jwks.endpoint.url = null
	sasl.oauthbearer.scope.claim.name = scope
	sasl.oauthbearer.sub.claim.name = sub
	sasl.oauthbearer.token.endpoint.url = null
	security.protocol = PLAINTEXT
	security.providers = null
	send.buffer.bytes = 131072
	session.timeout.ms = 45000
	socket.connection.setup.timeout.max.ms = 30000
	socket.connection.setup.timeout.ms = 10000
	ssl.cipher.suites = null
	ssl.enabled.protocols = [TLSv1.2, TLSv1.3]
	ssl.endpoint.identification.algorithm = https
	ssl.engine.factory.class = null
	ssl.key.password = null
	ssl.keymanager.algorithm = SunX509
	ssl.keystore.certificate.chain = null
	ssl.keystore.key = null
	ssl.keystore.location = null
	ssl.keystore.password = null
	ssl.keystore.type = JKS
	ssl.protocol = TLSv1.3
	ssl.provider = null
	ssl.secure.random.implementation = null
	ssl.trustmanager.algorithm = PKIX
	ssl.truststore.certificates = null
	ssl.truststore.location = null
	ssl.truststore.password = null
	ssl.truststore.type = JKS
	value.deserializer = class org.apache.kafka.common.serialization.StringDeserializer
 
2025-02-14 13:21:48.872  INFO [org.apache.kafka.common.utils.AppInfoParser:119] Kafka version: 3.5.1 
2025-02-14 13:21:48.872  INFO [org.apache.kafka.common.utils.AppInfoParser:120] Kafka commitId: 2c6fb6c54472e90a 
2025-02-14 13:21:48.873  INFO [org.apache.kafka.common.utils.AppInfoParser:121] Kafka startTimeMs: 1739532108872 
2025-02-14 13:21:48.873  INFO [org.apache.kafka.clients.consumer.KafkaConsumer:980] [Consumer clientId=consumer-item_group-3, groupId=item_group] Subscribed to topic(s): Item_Topic 
2025-02-14 13:21:48.875  INFO [org.apache.coyote.http11.Http11NioProtocol:173] Starting ProtocolHandler ["http-nio-8081"] 
2025-02-14 13:21:48.890  INFO [org.springframework.boot.web.embedded.tomcat.TomcatWebServer:220] Tomcat started on port(s): 8081 (http) with context path '' 
2025-02-14 13:21:48.906  INFO [za.co.woolworths.itemkafka_poc.KafkaItemProducerPocApplication:61] Started KafkaItemProducerPocApplication in 6.588 seconds (JVM running for 7.093) 
2025-02-14 13:21:49.215  INFO [org.apache.kafka.clients.Metadata:287] [Consumer clientId=consumer-item_group-3, groupId=item_group] Cluster ID: 241EXJnpTO6SXdisTDqE6g 
2025-02-14 13:21:49.215  INFO [org.apache.kafka.clients.Metadata:287] [Consumer clientId=consumer-item_group-2, groupId=item_group] Cluster ID: 241EXJnpTO6SXdisTDqE6g 
2025-02-14 13:21:49.215  INFO [org.apache.kafka.clients.Metadata:287] [Consumer clientId=consumer-item_group-1, groupId=item_group] Cluster ID: 241EXJnpTO6SXdisTDqE6g 
2025-02-14 13:21:49.217  INFO [org.apache.kafka.clients.consumer.internals.ConsumerCoordinator:906] [Consumer clientId=consumer-item_group-2, groupId=item_group] Discovered group coordinator W49204302.woolworths.co.za:9092 (id: 2147483647 rack: null) 
2025-02-14 13:21:49.217  INFO [org.apache.kafka.clients.consumer.internals.ConsumerCoordinator:906] [Consumer clientId=consumer-item_group-1, groupId=item_group] Discovered group coordinator W49204302.woolworths.co.za:9092 (id: 2147483647 rack: null) 
2025-02-14 13:21:49.217  INFO [org.apache.kafka.clients.consumer.internals.ConsumerCoordinator:906] [Consumer clientId=consumer-item_group-3, groupId=item_group] Discovered group coordinator W49204302.woolworths.co.za:9092 (id: 2147483647 rack: null) 
2025-02-14 13:21:49.221  INFO [org.apache.kafka.clients.consumer.internals.ConsumerCoordinator:576] [Consumer clientId=consumer-item_group-2, groupId=item_group] (Re-)joining group 
2025-02-14 13:21:49.221  INFO [org.apache.kafka.clients.consumer.internals.ConsumerCoordinator:576] [Consumer clientId=consumer-item_group-3, groupId=item_group] (Re-)joining group 
2025-02-14 13:21:49.222  INFO [org.apache.kafka.clients.consumer.internals.ConsumerCoordinator:576] [Consumer clientId=consumer-item_group-1, groupId=item_group] (Re-)joining group 
2025-02-14 13:21:49.246  INFO [org.apache.kafka.clients.consumer.internals.ConsumerCoordinator:1072] [Consumer clientId=consumer-item_group-3, groupId=item_group] Request joining group due to: need to re-join with the given member-id: consumer-item_group-3-0ade61ea-d62d-4b71-ae8e-b08b2f8e82c0 
2025-02-14 13:21:49.248  INFO [org.apache.kafka.clients.consumer.internals.ConsumerCoordinator:1072] [Consumer clientId=consumer-item_group-3, groupId=item_group] Request joining group due to: rebalance failed due to 'The group member needs to have a valid member id before actually entering a consumer group.' (MemberIdRequiredException) 
2025-02-14 13:21:49.248  INFO [org.apache.kafka.clients.consumer.internals.ConsumerCoordinator:1072] [Consumer clientId=consumer-item_group-2, groupId=item_group] Request joining group due to: need to re-join with the given member-id: consumer-item_group-2-38398bc3-a011-4fa9-a605-50350b594b3f 
2025-02-14 13:21:49.248  INFO [org.apache.kafka.clients.consumer.internals.ConsumerCoordinator:576] [Consumer clientId=consumer-item_group-3, groupId=item_group] (Re-)joining group 
2025-02-14 13:21:49.248  INFO [org.apache.kafka.clients.consumer.internals.ConsumerCoordinator:1072] [Consumer clientId=consumer-item_group-1, groupId=item_group] Request joining group due to: need to re-join with the given member-id: consumer-item_group-1-e1038893-ad51-4f56-ad37-35836c82c6b0 
2025-02-14 13:21:49.249  INFO [org.apache.kafka.clients.consumer.internals.ConsumerCoordinator:1072] [Consumer clientId=consumer-item_group-2, groupId=item_group] Request joining group due to: rebalance failed due to 'The group member needs to have a valid member id before actually entering a consumer group.' (MemberIdRequiredException) 
2025-02-14 13:21:49.249  INFO [org.apache.kafka.clients.consumer.internals.ConsumerCoordinator:1072] [Consumer clientId=consumer-item_group-1, groupId=item_group] Request joining group due to: rebalance failed due to 'The group member needs to have a valid member id before actually entering a consumer group.' (MemberIdRequiredException) 
2025-02-14 13:21:49.249  INFO [org.apache.kafka.clients.consumer.internals.ConsumerCoordinator:576] [Consumer clientId=consumer-item_group-2, groupId=item_group] (Re-)joining group 
2025-02-14 13:21:49.249  INFO [org.apache.kafka.clients.consumer.internals.ConsumerCoordinator:576] [Consumer clientId=consumer-item_group-1, groupId=item_group] (Re-)joining group 
2025-02-14 13:21:49.252  INFO [org.apache.kafka.clients.consumer.internals.ConsumerCoordinator:637] [Consumer clientId=consumer-item_group-3, groupId=item_group] Successfully joined group with generation Generation{generationId=5, memberId='consumer-item_group-3-0ade61ea-d62d-4b71-ae8e-b08b2f8e82c0', protocol='range'} 
2025-02-14 13:21:49.252  INFO [org.apache.kafka.clients.consumer.internals.ConsumerCoordinator:637] [Consumer clientId=consumer-item_group-2, groupId=item_group] Successfully joined group with generation Generation{generationId=5, memberId='consumer-item_group-2-38398bc3-a011-4fa9-a605-50350b594b3f', protocol='range'} 
2025-02-14 13:21:49.252  INFO [org.apache.kafka.clients.consumer.internals.ConsumerCoordinator:637] [Consumer clientId=consumer-item_group-1, groupId=item_group] Successfully joined group with generation Generation{generationId=5, memberId='consumer-item_group-1-e1038893-ad51-4f56-ad37-35836c82c6b0', protocol='range'} 
2025-02-14 13:21:49.262  INFO [org.apache.kafka.clients.consumer.internals.ConsumerCoordinator:712] [Consumer clientId=consumer-item_group-3, groupId=item_group] Finished assignment for group at generation 5: {consumer-item_group-2-38398bc3-a011-4fa9-a605-50350b594b3f=Assignment(partitions=[]), consumer-item_group-3-0ade61ea-d62d-4b71-ae8e-b08b2f8e82c0=Assignment(partitions=[]), consumer-item_group-1-e1038893-ad51-4f56-ad37-35836c82c6b0=Assignment(partitions=[Item_Topic-0])} 
2025-02-14 13:21:49.268  INFO [org.apache.kafka.clients.consumer.internals.ConsumerCoordinator:812] [Consumer clientId=consumer-item_group-2, groupId=item_group] Successfully synced group in generation Generation{generationId=5, memberId='consumer-item_group-2-38398bc3-a011-4fa9-a605-50350b594b3f', protocol='range'} 
2025-02-14 13:21:49.268  INFO [org.apache.kafka.clients.consumer.internals.ConsumerCoordinator:812] [Consumer clientId=consumer-item_group-1, groupId=item_group] Successfully synced group in generation Generation{generationId=5, memberId='consumer-item_group-1-e1038893-ad51-4f56-ad37-35836c82c6b0', protocol='range'} 
2025-02-14 13:21:49.268  INFO [org.apache.kafka.clients.consumer.internals.ConsumerCoordinator:812] [Consumer clientId=consumer-item_group-3, groupId=item_group] Successfully synced group in generation Generation{generationId=5, memberId='consumer-item_group-3-0ade61ea-d62d-4b71-ae8e-b08b2f8e82c0', protocol='range'} 
2025-02-14 13:21:49.269  INFO [org.apache.kafka.clients.consumer.internals.ConsumerCoordinator:307] [Consumer clientId=consumer-item_group-3, groupId=item_group] Notifying assignor about the new Assignment(partitions=[]) 
2025-02-14 13:21:49.269  INFO [org.apache.kafka.clients.consumer.internals.ConsumerCoordinator:307] [Consumer clientId=consumer-item_group-1, groupId=item_group] Notifying assignor about the new Assignment(partitions=[Item_Topic-0]) 
2025-02-14 13:21:49.269  INFO [org.apache.kafka.clients.consumer.internals.ConsumerCoordinator:307] [Consumer clientId=consumer-item_group-2, groupId=item_group] Notifying assignor about the new Assignment(partitions=[]) 
2025-02-14 13:21:49.269  INFO [org.apache.kafka.clients.consumer.internals.ConsumerCoordinator:319] [Consumer clientId=consumer-item_group-3, groupId=item_group] Adding newly assigned partitions:  
2025-02-14 13:21:49.270  INFO [org.apache.kafka.clients.consumer.internals.ConsumerCoordinator:319] [Consumer clientId=consumer-item_group-2, groupId=item_group] Adding newly assigned partitions:  
2025-02-14 13:21:49.271  INFO [org.springframework.kafka.listener.KafkaMessageListenerContainer:292] item_group: partitions assigned: [] 
2025-02-14 13:21:49.271  INFO [org.springframework.kafka.listener.KafkaMessageListenerContainer:292] item_group: partitions assigned: [] 
2025-02-14 13:21:49.273  INFO [org.apache.kafka.clients.consumer.internals.ConsumerCoordinator:319] [Consumer clientId=consumer-item_group-1, groupId=item_group] Adding newly assigned partitions: Item_Topic-0 
2025-02-14 13:21:49.283  INFO [org.apache.kafka.clients.consumer.internals.ConsumerCoordinator:975] [Consumer clientId=consumer-item_group-1, groupId=item_group] Setting offset for partition Item_Topic-0 to the committed offset FetchPosition{offset=0, offsetEpoch=Optional.empty, currentLeader=LeaderAndEpoch{leader=Optional[W49204302.woolworths.co.za:9092 (id: 0 rack: null)], epoch=0}} 
2025-02-14 13:21:49.284  INFO [org.springframework.kafka.listener.KafkaMessageListenerContainer:292] item_group: partitions assigned: [Item_Topic-0] 
2025-02-14 13:21:54.925  INFO [org.apache.catalina.core.ContainerBase.[Tomcat].[localhost].[/]:173] Initializing Spring DispatcherServlet 'dispatcherServlet' 
2025-02-14 13:21:54.925  INFO [org.springframework.web.servlet.DispatcherServlet:525] Initializing Servlet 'dispatcherServlet' 
2025-02-14 13:21:54.925 DEBUG [org.springframework.web.servlet.DispatcherServlet:520] Detected StandardServletMultipartResolver 
2025-02-14 13:21:54.925 DEBUG [org.springframework.web.servlet.DispatcherServlet:544] Detected AcceptHeaderLocaleResolver 
2025-02-14 13:21:54.925 DEBUG [org.springframework.web.servlet.DispatcherServlet:569] Detected FixedThemeResolver 
2025-02-14 13:21:54.926 DEBUG [org.springframework.web.servlet.DispatcherServlet:719] Detected org.springframework.web.servlet.view.DefaultRequestToViewNameTranslator@4fe9fb65 
2025-02-14 13:21:54.927 DEBUG [org.springframework.web.servlet.DispatcherServlet:783] Detected org.springframework.web.servlet.support.SessionFlashMapManager@684eb4a0 
2025-02-14 13:21:54.927 DEBUG [org.springframework.web.servlet.DispatcherServlet:542] enableLoggingRequestDetails='false': request parameters and headers will be masked to prevent unsafe logging of potentially sensitive data 
2025-02-14 13:21:54.927  INFO [org.springframework.web.servlet.DispatcherServlet:547] Completed initialization in 2 ms 
2025-02-14 13:21:54.938 DEBUG [org.springframework.web.servlet.DispatcherServlet:119] POST "/flink/start-job1", parameters={} 
2025-02-14 13:21:54.943 DEBUG [org.springframework.web.servlet.mvc.method.annotation.RequestMappingHandlerMapping:522] Mapped to za.co.woolworths.itemkafka_poc.controller.FlinkJobController#triggerFlinkJob1() 
2025-02-14 13:27:53.481  WARN [com.zaxxer.hikari.pool.HikariPool:788] HikariPool-1 - Thread starvation or clock leap detected (housekeeper delta=6m7s614ms55µs). 
2025-02-14 13:27:53.484  INFO [org.apache.kafka.clients.consumer.internals.ConsumerCoordinator:969] [Consumer clientId=consumer-item_group-3, groupId=item_group] Group coordinator W49204302.woolworths.co.za:9092 (id: 2147483647 rack: null) is unavailable or invalid due to cause: session timed out without receiving a heartbeat response. isDisconnected: false. Rediscovery will be attempted. 
2025-02-14 13:27:53.485  INFO [org.apache.kafka.clients.consumer.internals.ConsumerCoordinator:982] [Consumer clientId=consumer-item_group-3, groupId=item_group] Requesting disconnect from last known coordinator W49204302.woolworths.co.za:9092 (id: 2147483647 rack: null) 
2025-02-14 13:27:53.485  INFO [org.apache.kafka.clients.consumer.internals.ConsumerCoordinator:969] [Consumer clientId=consumer-item_group-1, groupId=item_group] Group coordinator W49204302.woolworths.co.za:9092 (id: 2147483647 rack: null) is unavailable or invalid due to cause: session timed out without receiving a heartbeat response. isDisconnected: false. Rediscovery will be attempted. 
2025-02-14 13:27:53.486  INFO [org.apache.kafka.clients.consumer.internals.ConsumerCoordinator:982] [Consumer clientId=consumer-item_group-1, groupId=item_group] Requesting disconnect from last known coordinator W49204302.woolworths.co.za:9092 (id: 2147483647 rack: null) 
2025-02-14 13:27:53.486  INFO [org.apache.kafka.clients.NetworkClient:324] [Consumer clientId=consumer-item_group-1, groupId=item_group] Client requested disconnect from node 2147483647 
2025-02-14 13:27:53.485  INFO [org.apache.kafka.clients.NetworkClient:324] [Consumer clientId=consumer-item_group-3, groupId=item_group] Client requested disconnect from node 2147483647 
2025-02-14 13:27:53.489  INFO [org.apache.kafka.clients.consumer.internals.ConsumerCoordinator:969] [Consumer clientId=consumer-item_group-2, groupId=item_group] Group coordinator W49204302.woolworths.co.za:9092 (id: 2147483647 rack: null) is unavailable or invalid due to cause: session timed out without receiving a heartbeat response. isDisconnected: false. Rediscovery will be attempted. 
2025-02-14 13:27:53.490  INFO [org.apache.kafka.clients.consumer.internals.ConsumerCoordinator:982] [Consumer clientId=consumer-item_group-2, groupId=item_group] Requesting disconnect from last known coordinator W49204302.woolworths.co.za:9092 (id: 2147483647 rack: null) 
2025-02-14 13:27:53.490  INFO [org.apache.kafka.clients.NetworkClient:324] [Consumer clientId=consumer-item_group-2, groupId=item_group] Client requested disconnect from node 2147483647 
2025-02-14 13:27:53.499  INFO [org.apache.kafka.clients.consumer.internals.ConsumerCoordinator:906] [Consumer clientId=consumer-item_group-1, groupId=item_group] Discovered group coordinator W49204302.woolworths.co.za:9092 (id: 2147483647 rack: null) 
2025-02-14 13:27:53.499  INFO [org.apache.kafka.clients.consumer.internals.ConsumerCoordinator:906] [Consumer clientId=consumer-item_group-2, groupId=item_group] Discovered group coordinator W49204302.woolworths.co.za:9092 (id: 2147483647 rack: null) 
2025-02-14 13:27:53.499  INFO [org.apache.kafka.clients.consumer.internals.ConsumerCoordinator:969] [Consumer clientId=consumer-item_group-1, groupId=item_group] Group coordinator W49204302.woolworths.co.za:9092 (id: 2147483647 rack: null) is unavailable or invalid due to cause: coordinator unavailable. isDisconnected: false. Rediscovery will be attempted. 
2025-02-14 13:27:53.500  INFO [org.apache.kafka.clients.consumer.internals.ConsumerCoordinator:982] [Consumer clientId=consumer-item_group-1, groupId=item_group] Requesting disconnect from last known coordinator W49204302.woolworths.co.za:9092 (id: 2147483647 rack: null) 
2025-02-14 13:27:53.500  INFO [org.apache.kafka.clients.consumer.internals.ConsumerCoordinator:969] [Consumer clientId=consumer-item_group-2, groupId=item_group] Group coordinator W49204302.woolworths.co.za:9092 (id: 2147483647 rack: null) is unavailable or invalid due to cause: coordinator unavailable. isDisconnected: false. Rediscovery will be attempted. 
2025-02-14 13:27:53.500  INFO [org.apache.kafka.clients.consumer.internals.ConsumerCoordinator:982] [Consumer clientId=consumer-item_group-2, groupId=item_group] Requesting disconnect from last known coordinator W49204302.woolworths.co.za:9092 (id: 2147483647 rack: null) 
2025-02-14 13:27:53.502  INFO [org.apache.kafka.clients.consumer.internals.ConsumerCoordinator:906] [Consumer clientId=consumer-item_group-3, groupId=item_group] Discovered group coordinator W49204302.woolworths.co.za:9092 (id: 2147483647 rack: null) 
2025-02-14 13:27:53.503  INFO [org.apache.kafka.clients.consumer.internals.ConsumerCoordinator:969] [Consumer clientId=consumer-item_group-3, groupId=item_group] Group coordinator W49204302.woolworths.co.za:9092 (id: 2147483647 rack: null) is unavailable or invalid due to cause: coordinator unavailable. isDisconnected: false. Rediscovery will be attempted. 
2025-02-14 13:27:53.503  INFO [org.apache.kafka.clients.consumer.internals.ConsumerCoordinator:982] [Consumer clientId=consumer-item_group-3, groupId=item_group] Requesting disconnect from last known coordinator W49204302.woolworths.co.za:9092 (id: 2147483647 rack: null) 
2025-02-14 13:27:53.505 DEBUG [org.springframework.web.servlet.mvc.method.annotation.HttpEntityMethodProcessor:268] Using 'text/plain', given [*/*] and supported [text/plain, */*, application/json, application/*+json] 
2025-02-14 13:27:53.506 DEBUG [org.springframework.web.servlet.mvc.method.annotation.HttpEntityMethodProcessor:119] Writing ["Flink Job 1 started successfully."] 
2025-02-14 13:27:53.510 DEBUG [org.springframework.web.servlet.DispatcherServlet:1131] Completed 200 OK 
2025-02-14 13:27:53.608  INFO [org.apache.kafka.clients.consumer.internals.ConsumerCoordinator:906] [Consumer clientId=consumer-item_group-2, groupId=item_group] Discovered group coordinator W49204302.woolworths.co.za:9092 (id: 2147483647 rack: null) 
2025-02-14 13:27:53.608  INFO [org.apache.kafka.clients.consumer.internals.ConsumerCoordinator:906] [Consumer clientId=consumer-item_group-1, groupId=item_group] Discovered group coordinator W49204302.woolworths.co.za:9092 (id: 2147483647 rack: null) 
2025-02-14 13:27:53.608  INFO [org.apache.kafka.clients.consumer.internals.ConsumerCoordinator:906] [Consumer clientId=consumer-item_group-3, groupId=item_group] Discovered group coordinator W49204302.woolworths.co.za:9092 (id: 2147483647 rack: null) 
2025-02-14 13:27:53.617  INFO [org.apache.kafka.clients.consumer.internals.ConsumerCoordinator:1226] [Consumer clientId=consumer-item_group-2, groupId=item_group] Attempt to heartbeat with Generation{generationId=5, memberId='consumer-item_group-2-38398bc3-a011-4fa9-a605-50350b594b3f', protocol='range'} and group instance id Optional.empty failed due to UNKNOWN_MEMBER_ID, resetting generation 
2025-02-14 13:27:53.618  INFO [org.apache.kafka.clients.consumer.internals.ConsumerCoordinator:1226] [Consumer clientId=consumer-item_group-1, groupId=item_group] Attempt to heartbeat with Generation{generationId=5, memberId='consumer-item_group-1-e1038893-ad51-4f56-ad37-35836c82c6b0', protocol='range'} and group instance id Optional.empty failed due to UNKNOWN_MEMBER_ID, resetting generation 
2025-02-14 13:27:53.618  INFO [org.apache.kafka.clients.consumer.internals.ConsumerCoordinator:1226] [Consumer clientId=consumer-item_group-3, groupId=item_group] Attempt to heartbeat with Generation{generationId=5, memberId='consumer-item_group-3-0ade61ea-d62d-4b71-ae8e-b08b2f8e82c0', protocol='range'} and group instance id Optional.empty failed due to UNKNOWN_MEMBER_ID, resetting generation 
2025-02-14 13:27:53.619  INFO [org.apache.kafka.clients.consumer.internals.ConsumerCoordinator:1025] [Consumer clientId=consumer-item_group-2, groupId=item_group] Resetting generation and member id due to: encountered UNKNOWN_MEMBER_ID from HEARTBEAT response 
2025-02-14 13:27:53.619  INFO [org.apache.kafka.clients.consumer.internals.ConsumerCoordinator:1025] [Consumer clientId=consumer-item_group-3, groupId=item_group] Resetting generation and member id due to: encountered UNKNOWN_MEMBER_ID from HEARTBEAT response 
2025-02-14 13:27:53.619  INFO [org.apache.kafka.clients.consumer.internals.ConsumerCoordinator:1025] [Consumer clientId=consumer-item_group-1, groupId=item_group] Resetting generation and member id due to: encountered UNKNOWN_MEMBER_ID from HEARTBEAT response 
2025-02-14 13:27:53.620  INFO [org.apache.kafka.clients.consumer.internals.ConsumerCoordinator:1072] [Consumer clientId=consumer-item_group-2, groupId=item_group] Request joining group due to: encountered UNKNOWN_MEMBER_ID from HEARTBEAT response 
2025-02-14 13:27:53.620  INFO [org.apache.kafka.clients.consumer.internals.ConsumerCoordinator:1072] [Consumer clientId=consumer-item_group-3, groupId=item_group] Request joining group due to: encountered UNKNOWN_MEMBER_ID from HEARTBEAT response 
2025-02-14 13:27:53.620  INFO [org.apache.kafka.clients.consumer.internals.ConsumerCoordinator:1072] [Consumer clientId=consumer-item_group-1, groupId=item_group] Request joining group due to: encountered UNKNOWN_MEMBER_ID from HEARTBEAT response 
2025-02-14 13:27:53.621  INFO [org.apache.kafka.clients.consumer.internals.ConsumerCoordinator:576] [Consumer clientId=consumer-item_group-2, groupId=item_group] (Re-)joining group 
2025-02-14 13:27:53.622  INFO [org.apache.kafka.clients.consumer.internals.ConsumerCoordinator:576] [Consumer clientId=consumer-item_group-3, groupId=item_group] (Re-)joining group 
2025-02-14 13:27:53.622  INFO [org.apache.kafka.clients.consumer.internals.ConsumerCoordinator:826] [Consumer clientId=consumer-item_group-1, groupId=item_group] Giving away all assigned partitions as lost since generation/memberID has been reset,indicating that consumer is in old state or no longer part of the group 
2025-02-14 13:27:53.623  INFO [org.apache.kafka.clients.consumer.internals.ConsumerCoordinator:361] [Consumer clientId=consumer-item_group-1, groupId=item_group] Lost previously assigned partitions Item_Topic-0 
2025-02-14 13:27:53.625  INFO [org.springframework.kafka.listener.KafkaMessageListenerContainer:292] item_group: partitions lost: [Item_Topic-0] 
2025-02-14 13:27:53.627  INFO [org.springframework.kafka.listener.KafkaMessageListenerContainer:292] item_group: partitions revoked: [Item_Topic-0] 
2025-02-14 13:27:53.628  INFO [org.apache.kafka.clients.consumer.internals.ConsumerCoordinator:1072] [Consumer clientId=consumer-item_group-2, groupId=item_group] Request joining group due to: need to re-join with the given member-id: consumer-item_group-2-08281bdd-c78e-467d-b05c-c892ddf532f1 
2025-02-14 13:27:53.629  INFO [org.apache.kafka.clients.consumer.internals.ConsumerCoordinator:576] [Consumer clientId=consumer-item_group-1, groupId=item_group] (Re-)joining group 
2025-02-14 13:27:53.630  INFO [org.apache.kafka.clients.consumer.internals.ConsumerCoordinator:1072] [Consumer clientId=consumer-item_group-2, groupId=item_group] Request joining group due to: rebalance failed due to 'The group member needs to have a valid member id before actually entering a consumer group.' (MemberIdRequiredException) 
2025-02-14 13:27:53.631  INFO [org.apache.kafka.clients.consumer.internals.ConsumerCoordinator:576] [Consumer clientId=consumer-item_group-2, groupId=item_group] (Re-)joining group 
2025-02-14 13:27:53.633  INFO [org.apache.kafka.clients.consumer.internals.ConsumerCoordinator:1072] [Consumer clientId=consumer-item_group-3, groupId=item_group] Request joining group due to: need to re-join with the given member-id: consumer-item_group-3-2f3765c8-5551-47bf-89d3-48e7c81c1dfd 
2025-02-14 13:27:53.635  INFO [org.apache.kafka.clients.consumer.internals.ConsumerCoordinator:1072] [Consumer clientId=consumer-item_group-3, groupId=item_group] Request joining group due to: rebalance failed due to 'The group member needs to have a valid member id before actually entering a consumer group.' (MemberIdRequiredException) 
2025-02-14 13:27:53.636  INFO [org.apache.kafka.clients.consumer.internals.ConsumerCoordinator:576] [Consumer clientId=consumer-item_group-3, groupId=item_group] (Re-)joining group 
2025-02-14 13:27:53.637  INFO [org.apache.kafka.clients.consumer.internals.ConsumerCoordinator:1072] [Consumer clientId=consumer-item_group-1, groupId=item_group] Request joining group due to: need to re-join with the given member-id: consumer-item_group-1-2bd5cabe-69c8-4112-a6fa-c159ba87b39d 
2025-02-14 13:27:53.638  INFO [org.apache.kafka.clients.consumer.internals.ConsumerCoordinator:1072] [Consumer clientId=consumer-item_group-1, groupId=item_group] Request joining group due to: rebalance failed due to 'The group member needs to have a valid member id before actually entering a consumer group.' (MemberIdRequiredException) 
2025-02-14 13:27:53.639  INFO [org.apache.kafka.clients.consumer.internals.ConsumerCoordinator:576] [Consumer clientId=consumer-item_group-1, groupId=item_group] (Re-)joining group 
2025-02-14 13:27:53.642  INFO [org.apache.kafka.clients.consumer.internals.ConsumerCoordinator:637] [Consumer clientId=consumer-item_group-3, groupId=item_group] Successfully joined group with generation Generation{generationId=7, memberId='consumer-item_group-3-2f3765c8-5551-47bf-89d3-48e7c81c1dfd', protocol='range'} 
2025-02-14 13:27:53.642  INFO [org.apache.kafka.clients.consumer.internals.ConsumerCoordinator:637] [Consumer clientId=consumer-item_group-2, groupId=item_group] Successfully joined group with generation Generation{generationId=7, memberId='consumer-item_group-2-08281bdd-c78e-467d-b05c-c892ddf532f1', protocol='range'} 
2025-02-14 13:27:53.643  INFO [org.apache.kafka.clients.consumer.internals.ConsumerCoordinator:712] [Consumer clientId=consumer-item_group-2, groupId=item_group] Finished assignment for group at generation 7: {consumer-item_group-2-08281bdd-c78e-467d-b05c-c892ddf532f1=Assignment(partitions=[Item_Topic-0]), consumer-item_group-3-2f3765c8-5551-47bf-89d3-48e7c81c1dfd=Assignment(partitions=[])} 
2025-02-14 13:27:53.647  INFO [org.apache.kafka.clients.consumer.internals.ConsumerCoordinator:836] [Consumer clientId=consumer-item_group-3, groupId=item_group] SyncGroup failed: The group began another rebalance. Need to re-join the group. Sent generation was Generation{generationId=7, memberId='consumer-item_group-3-2f3765c8-5551-47bf-89d3-48e7c81c1dfd', protocol='range'} 
2025-02-14 13:27:53.647  INFO [org.apache.kafka.clients.consumer.internals.ConsumerCoordinator:836] [Consumer clientId=consumer-item_group-2, groupId=item_group] SyncGroup failed: The group began another rebalance. Need to re-join the group. Sent generation was Generation{generationId=7, memberId='consumer-item_group-2-08281bdd-c78e-467d-b05c-c892ddf532f1', protocol='range'} 
2025-02-14 13:27:53.647  INFO [org.apache.kafka.clients.consumer.internals.ConsumerCoordinator:1072] [Consumer clientId=consumer-item_group-3, groupId=item_group] Request joining group due to: rebalance failed due to 'The group is rebalancing, so a rejoin is needed.' (RebalanceInProgressException) 
2025-02-14 13:27:53.647  INFO [org.apache.kafka.clients.consumer.internals.ConsumerCoordinator:1072] [Consumer clientId=consumer-item_group-2, groupId=item_group] Request joining group due to: rebalance failed due to 'The group is rebalancing, so a rejoin is needed.' (RebalanceInProgressException) 
2025-02-14 13:27:53.648  INFO [org.apache.kafka.clients.consumer.internals.ConsumerCoordinator:576] [Consumer clientId=consumer-item_group-3, groupId=item_group] (Re-)joining group 
2025-02-14 13:27:53.648  INFO [org.apache.kafka.clients.consumer.internals.ConsumerCoordinator:576] [Consumer clientId=consumer-item_group-2, groupId=item_group] (Re-)joining group 
2025-02-14 13:27:53.651  INFO [org.apache.kafka.clients.consumer.internals.ConsumerCoordinator:637] [Consumer clientId=consumer-item_group-3, groupId=item_group] Successfully joined group with generation Generation{generationId=8, memberId='consumer-item_group-3-2f3765c8-5551-47bf-89d3-48e7c81c1dfd', protocol='range'} 
2025-02-14 13:27:53.651  INFO [org.apache.kafka.clients.consumer.internals.ConsumerCoordinator:637] [Consumer clientId=consumer-item_group-1, groupId=item_group] Successfully joined group with generation Generation{generationId=8, memberId='consumer-item_group-1-2bd5cabe-69c8-4112-a6fa-c159ba87b39d', protocol='range'} 
2025-02-14 13:27:53.651  INFO [org.apache.kafka.clients.consumer.internals.ConsumerCoordinator:637] [Consumer clientId=consumer-item_group-2, groupId=item_group] Successfully joined group with generation Generation{generationId=8, memberId='consumer-item_group-2-08281bdd-c78e-467d-b05c-c892ddf532f1', protocol='range'} 
2025-02-14 13:27:53.653  INFO [org.apache.kafka.clients.consumer.internals.ConsumerCoordinator:712] [Consumer clientId=consumer-item_group-2, groupId=item_group] Finished assignment for group at generation 8: {consumer-item_group-2-08281bdd-c78e-467d-b05c-c892ddf532f1=Assignment(partitions=[]), consumer-item_group-3-2f3765c8-5551-47bf-89d3-48e7c81c1dfd=Assignment(partitions=[]), consumer-item_group-1-2bd5cabe-69c8-4112-a6fa-c159ba87b39d=Assignment(partitions=[Item_Topic-0])} 
2025-02-14 13:27:53.658  INFO [org.apache.kafka.clients.consumer.internals.ConsumerCoordinator:812] [Consumer clientId=consumer-item_group-1, groupId=item_group] Successfully synced group in generation Generation{generationId=8, memberId='consumer-item_group-1-2bd5cabe-69c8-4112-a6fa-c159ba87b39d', protocol='range'} 
2025-02-14 13:27:53.658  INFO [org.apache.kafka.clients.consumer.internals.ConsumerCoordinator:812] [Consumer clientId=consumer-item_group-3, groupId=item_group] Successfully synced group in generation Generation{generationId=8, memberId='consumer-item_group-3-2f3765c8-5551-47bf-89d3-48e7c81c1dfd', protocol='range'} 
2025-02-14 13:27:53.658  INFO [org.apache.kafka.clients.consumer.internals.ConsumerCoordinator:812] [Consumer clientId=consumer-item_group-2, groupId=item_group] Successfully synced group in generation Generation{generationId=8, memberId='consumer-item_group-2-08281bdd-c78e-467d-b05c-c892ddf532f1', protocol='range'} 
2025-02-14 13:27:53.659  INFO [org.apache.kafka.clients.consumer.internals.ConsumerCoordinator:307] [Consumer clientId=consumer-item_group-1, groupId=item_group] Notifying assignor about the new Assignment(partitions=[Item_Topic-0]) 
2025-02-14 13:27:53.659  INFO [org.apache.kafka.clients.consumer.internals.ConsumerCoordinator:307] [Consumer clientId=consumer-item_group-3, groupId=item_group] Notifying assignor about the new Assignment(partitions=[]) 
2025-02-14 13:27:53.659  INFO [org.apache.kafka.clients.consumer.internals.ConsumerCoordinator:319] [Consumer clientId=consumer-item_group-1, groupId=item_group] Adding newly assigned partitions: Item_Topic-0 
2025-02-14 13:27:53.659  INFO [org.apache.kafka.clients.consumer.internals.ConsumerCoordinator:307] [Consumer clientId=consumer-item_group-2, groupId=item_group] Notifying assignor about the new Assignment(partitions=[]) 
2025-02-14 13:27:53.659  INFO [org.apache.kafka.clients.consumer.internals.ConsumerCoordinator:319] [Consumer clientId=consumer-item_group-3, groupId=item_group] Adding newly assigned partitions:  
2025-02-14 13:27:53.659  INFO [org.apache.kafka.clients.consumer.internals.ConsumerCoordinator:319] [Consumer clientId=consumer-item_group-2, groupId=item_group] Adding newly assigned partitions:  
2025-02-14 13:27:53.660  INFO [org.springframework.kafka.listener.KafkaMessageListenerContainer:292] item_group: partitions assigned: [] 
2025-02-14 13:27:53.660  INFO [org.springframework.kafka.listener.KafkaMessageListenerContainer:292] item_group: partitions assigned: [] 
2025-02-14 13:27:53.662  INFO [org.apache.kafka.clients.consumer.internals.ConsumerCoordinator:975] [Consumer clientId=consumer-item_group-1, groupId=item_group] Setting offset for partition Item_Topic-0 to the committed offset FetchPosition{offset=0, offsetEpoch=Optional.empty, currentLeader=LeaderAndEpoch{leader=Optional[W49204302.woolworths.co.za:9092 (id: 0 rack: null)], epoch=0}} 
2025-02-14 13:27:53.662  INFO [org.springframework.kafka.listener.KafkaMessageListenerContainer:292] item_group: partitions assigned: [Item_Topic-0] 
2025-02-14 13:27:56.035  INFO [org.apache.kafka.clients.consumer.internals.ConsumerCoordinator:1133] [Consumer clientId=consumer-item_group-3, groupId=item_group] Member consumer-item_group-3-2f3765c8-5551-47bf-89d3-48e7c81c1dfd sending LeaveGroup request to coordinator W49204302.woolworths.co.za:9092 (id: 2147483647 rack: null) due to the consumer unsubscribed from all topics 
2025-02-14 13:27:56.035  INFO [org.apache.kafka.clients.consumer.internals.ConsumerCoordinator:1133] [Consumer clientId=consumer-item_group-2, groupId=item_group] Member consumer-item_group-2-08281bdd-c78e-467d-b05c-c892ddf532f1 sending LeaveGroup request to coordinator W49204302.woolworths.co.za:9092 (id: 2147483647 rack: null) due to the consumer unsubscribed from all topics 
2025-02-14 13:27:56.035  INFO [org.apache.kafka.clients.consumer.internals.ConsumerCoordinator:338] [Consumer clientId=consumer-item_group-1, groupId=item_group] Revoke previously assigned partitions Item_Topic-0 
2025-02-14 13:27:56.035  INFO [org.springframework.kafka.listener.KafkaMessageListenerContainer:292] item_group: partitions revoked: [Item_Topic-0] 
2025-02-14 13:27:56.035  INFO [org.apache.kafka.clients.consumer.internals.ConsumerCoordinator:1025] [Consumer clientId=consumer-item_group-3, groupId=item_group] Resetting generation and member id due to: consumer pro-actively leaving the group 
2025-02-14 13:27:56.036  INFO [org.apache.kafka.clients.consumer.internals.ConsumerCoordinator:1025] [Consumer clientId=consumer-item_group-2, groupId=item_group] Resetting generation and member id due to: consumer pro-actively leaving the group 
2025-02-14 13:27:56.036  INFO [org.apache.kafka.clients.consumer.internals.ConsumerCoordinator:1072] [Consumer clientId=consumer-item_group-3, groupId=item_group] Request joining group due to: consumer pro-actively leaving the group 
2025-02-14 13:27:56.036  INFO [org.apache.kafka.clients.consumer.internals.ConsumerCoordinator:1133] [Consumer clientId=consumer-item_group-1, groupId=item_group] Member consumer-item_group-1-2bd5cabe-69c8-4112-a6fa-c159ba87b39d sending LeaveGroup request to coordinator W49204302.woolworths.co.za:9092 (id: 2147483647 rack: null) due to the consumer unsubscribed from all topics 
2025-02-14 13:27:56.036  INFO [org.apache.kafka.clients.consumer.internals.ConsumerCoordinator:1072] [Consumer clientId=consumer-item_group-2, groupId=item_group] Request joining group due to: consumer pro-actively leaving the group 
2025-02-14 13:27:56.036  INFO [org.apache.kafka.clients.consumer.KafkaConsumer:1089] [Consumer clientId=consumer-item_group-3, groupId=item_group] Unsubscribed all topics or patterns and assigned partitions 
2025-02-14 13:27:56.036  INFO [org.apache.kafka.clients.consumer.KafkaConsumer:1089] [Consumer clientId=consumer-item_group-2, groupId=item_group] Unsubscribed all topics or patterns and assigned partitions 
2025-02-14 13:27:56.036  INFO [org.apache.kafka.clients.consumer.internals.ConsumerCoordinator:1025] [Consumer clientId=consumer-item_group-1, groupId=item_group] Resetting generation and member id due to: consumer pro-actively leaving the group 
2025-02-14 13:27:56.036  INFO [org.apache.kafka.clients.consumer.internals.ConsumerCoordinator:1072] [Consumer clientId=consumer-item_group-1, groupId=item_group] Request joining group due to: consumer pro-actively leaving the group 
2025-02-14 13:27:56.037  INFO [org.apache.kafka.clients.consumer.KafkaConsumer:1089] [Consumer clientId=consumer-item_group-1, groupId=item_group] Unsubscribed all topics or patterns and assigned partitions 
2025-02-14 13:27:56.037  INFO [org.apache.kafka.clients.consumer.internals.ConsumerCoordinator:1025] [Consumer clientId=consumer-item_group-2, groupId=item_group] Resetting generation and member id due to: consumer pro-actively leaving the group 
2025-02-14 13:27:56.037  INFO [org.apache.kafka.clients.consumer.internals.ConsumerCoordinator:1025] [Consumer clientId=consumer-item_group-3, groupId=item_group] Resetting generation and member id due to: consumer pro-actively leaving the group 
2025-02-14 13:27:56.037  INFO [org.apache.kafka.clients.consumer.internals.ConsumerCoordinator:1025] [Consumer clientId=consumer-item_group-1, groupId=item_group] Resetting generation and member id due to: consumer pro-actively leaving the group 
2025-02-14 13:27:56.037  INFO [org.apache.kafka.clients.consumer.internals.ConsumerCoordinator:1072] [Consumer clientId=consumer-item_group-2, groupId=item_group] Request joining group due to: consumer pro-actively leaving the group 
2025-02-14 13:27:56.037  INFO [org.apache.kafka.clients.consumer.internals.ConsumerCoordinator:1072] [Consumer clientId=consumer-item_group-3, groupId=item_group] Request joining group due to: consumer pro-actively leaving the group 
2025-02-14 13:27:56.038  INFO [org.apache.kafka.clients.consumer.internals.ConsumerCoordinator:1072] [Consumer clientId=consumer-item_group-1, groupId=item_group] Request joining group due to: consumer pro-actively leaving the group 
2025-02-14 13:27:56.042  INFO [org.apache.kafka.common.metrics.Metrics:693] Metrics scheduler closed 
2025-02-14 13:27:56.043  INFO [org.apache.kafka.common.metrics.Metrics:697] Closing reporter org.apache.kafka.common.metrics.JmxReporter 
2025-02-14 13:27:56.043  INFO [org.apache.kafka.common.metrics.Metrics:703] Metrics reporters closed 
2025-02-14 13:27:56.046  INFO [org.apache.kafka.common.metrics.Metrics:693] Metrics scheduler closed 
2025-02-14 13:27:56.046  INFO [org.apache.kafka.common.metrics.Metrics:697] Closing reporter org.apache.kafka.common.metrics.JmxReporter 
2025-02-14 13:27:56.047  INFO [org.apache.kafka.common.metrics.Metrics:703] Metrics reporters closed 
2025-02-14 13:27:56.047  INFO [org.apache.kafka.common.utils.AppInfoParser:83] App info kafka.consumer for consumer-item_group-2 unregistered 
2025-02-14 13:27:56.047  INFO [org.springframework.kafka.listener.KafkaMessageListenerContainer:292] item_group: Consumer stopped 
2025-02-14 13:27:56.050  INFO [org.apache.kafka.common.utils.AppInfoParser:83] App info kafka.consumer for consumer-item_group-3 unregistered 
2025-02-14 13:27:56.050  INFO [org.springframework.kafka.listener.KafkaMessageListenerContainer:292] item_group: Consumer stopped 
2025-02-14 13:27:56.178  INFO [org.apache.kafka.common.metrics.Metrics:693] Metrics scheduler closed 
2025-02-14 13:27:56.179  INFO [org.apache.kafka.common.metrics.Metrics:697] Closing reporter org.apache.kafka.common.metrics.JmxReporter 
2025-02-14 13:27:56.180  INFO [org.apache.kafka.common.metrics.Metrics:703] Metrics reporters closed 
2025-02-14 13:27:56.184  INFO [org.apache.kafka.common.utils.AppInfoParser:83] App info kafka.consumer for consumer-item_group-1 unregistered 
2025-02-14 13:27:56.185  INFO [org.springframework.kafka.listener.KafkaMessageListenerContainer:292] item_group: Consumer stopped 
2025-02-14 13:27:56.187  INFO [org.springframework.orm.jpa.LocalContainerEntityManagerFactoryBean:651] Closing JPA EntityManagerFactory for persistence unit 'default' 
2025-02-14 13:27:56.192  INFO [com.zaxxer.hikari.HikariDataSource:350] HikariPool-1 - Shutdown initiated... 
2025-02-14 13:27:56.196  INFO [com.zaxxer.hikari.HikariDataSource:352] HikariPool-1 - Shutdown completed. 
2025-02-14 13:34:46.943  INFO [za.co.woolworths.itemkafka_poc.KafkaItemProducerPocApplication:55] Starting KafkaItemProducerPocApplication using Java 15.0.2 on W49204302 with PID 19796 (C:\Workspaces\Item-Kafka-Producer-POC\Item-Kafka-Producer-POC\target\classes started by W7178930 in C:\Workspaces\Item-Kafka-Producer-POC\Item-Kafka-Producer-POC) 
2025-02-14 13:34:46.945  INFO [za.co.woolworths.itemkafka_poc.KafkaItemProducerPocApplication:640] The following 2 profiles are active: "swagger", "dev" 
2025-02-14 13:34:47.796  INFO [org.springframework.data.repository.config.RepositoryConfigurationDelegate:132] Bootstrapping Spring Data JPA repositories in DEFAULT mode. 
2025-02-14 13:34:47.855  INFO [org.springframework.data.repository.config.RepositoryConfigurationDelegate:201] Finished Spring Data repository scanning in 47 ms. Found 1 JPA repository interfaces. 
2025-02-14 13:34:48.568  INFO [org.springframework.boot.web.embedded.tomcat.TomcatWebServer:108] Tomcat initialized with port(s): 8081 (http) 
2025-02-14 13:34:48.574  INFO [org.apache.coyote.http11.Http11NioProtocol:173] Initializing ProtocolHandler ["http-nio-8081"] 
2025-02-14 13:34:48.575  INFO [org.apache.catalina.core.StandardService:173] Starting service [Tomcat] 
2025-02-14 13:34:48.575  INFO [org.apache.catalina.core.StandardEngine:173] Starting Servlet engine: [Apache Tomcat/9.0.64] 
2025-02-14 13:34:48.720  INFO [org.apache.catalina.core.ContainerBase.[Tomcat].[localhost].[/]:173] Initializing Spring embedded WebApplicationContext 
2025-02-14 13:34:48.720  INFO [org.springframework.boot.web.servlet.context.ServletWebServerApplicationContext:292] Root WebApplicationContext: initialization completed in 1731 ms 
2025-02-14 13:34:49.109  INFO [com.zaxxer.hikari.HikariDataSource:110] HikariPool-1 - Starting... 
2025-02-14 13:34:50.518  INFO [com.zaxxer.hikari.HikariDataSource:123] HikariPool-1 - Start completed. 
2025-02-14 13:34:50.555  INFO [org.hibernate.jpa.internal.util.LogHelper:31] HHH000204: Processing PersistenceUnitInfo [name: default] 
2025-02-14 13:34:50.597  INFO [org.hibernate.Version:44] HHH000412: Hibernate ORM core version 5.6.9.Final 
2025-02-14 13:34:50.803  INFO [org.hibernate.annotations.common.Version:56] HCANN000001: Hibernate Commons Annotations {5.1.2.Final} 
2025-02-14 13:34:50.956  INFO [org.hibernate.dialect.Dialect:175] HHH000400: Using dialect: org.hibernate.dialect.SQLServer2016Dialect 
2025-02-14 13:34:51.664  INFO [org.hibernate.engine.transaction.jta.platform.internal.JtaPlatformInitiator:52] HHH000490: Using JtaPlatform implementation: [org.hibernate.engine.transaction.jta.platform.internal.NoJtaPlatform] 
2025-02-14 13:34:51.676  INFO [org.springframework.orm.jpa.LocalContainerEntityManagerFactoryBean:437] Initialized JPA EntityManagerFactory for persistence unit 'default' 
2025-02-14 13:34:52.410  WARN [org.springframework.boot.autoconfigure.orm.jpa.JpaBaseConfiguration$JpaWebConfiguration:219] spring.jpa.open-in-view is enabled by default. Therefore, database queries may be performed during view rendering. Explicitly configure spring.jpa.open-in-view to disable this warning 
2025-02-14 13:34:52.509 DEBUG [org.springframework.web.servlet.mvc.method.annotation.RequestMappingHandlerMapping:367] 13 mappings in 'requestMappingHandlerMapping' 
2025-02-14 13:34:53.030 DEBUG [org.springframework.web.servlet.handler.SimpleUrlHandlerMapping:188] Patterns [/agent/swagger-ui*/**] in 'resourceHandlerMapping' 
2025-02-14 13:34:53.076 DEBUG [org.springframework.web.servlet.mvc.method.annotation.RequestMappingHandlerAdapter:625] ControllerAdvice beans: 0 @ModelAttribute, 0 @InitBinder, 1 RequestBodyAdvice, 1 ResponseBodyAdvice 
2025-02-14 13:34:53.114 DEBUG [org.springframework.web.servlet.mvc.method.annotation.ExceptionHandlerExceptionResolver:307] ControllerAdvice beans: 1 @ExceptionHandler, 1 ResponseBodyAdvice 
2025-02-14 13:34:53.425  INFO [org.springframework.boot.actuate.endpoint.web.EndpointLinksResolver:58] Exposing 1 endpoint(s) beneath base path '/actuator' 
2025-02-14 13:34:53.549  INFO [org.apache.kafka.clients.consumer.ConsumerConfig:369] ConsumerConfig values: 
	allow.auto.create.topics = true
	auto.commit.interval.ms = 5000
	auto.include.jmx.reporter = true
	auto.offset.reset = latest
	bootstrap.servers = [localhost:9092]
	check.crcs = true
	client.dns.lookup = use_all_dns_ips
	client.id = consumer-item_group-1
	client.rack = 
	connections.max.idle.ms = 540000
	default.api.timeout.ms = 60000
	enable.auto.commit = false
	exclude.internal.topics = true
	fetch.max.bytes = 52428800
	fetch.max.wait.ms = 500
	fetch.min.bytes = 1
	group.id = item_group
	group.instance.id = null
	heartbeat.interval.ms = 3000
	interceptor.classes = []
	internal.leave.group.on.close = true
	internal.throw.on.fetch.stable.offset.unsupported = false
	isolation.level = read_uncommitted
	key.deserializer = class org.apache.kafka.common.serialization.StringDeserializer
	max.partition.fetch.bytes = 1048576
	max.poll.interval.ms = 300000
	max.poll.records = 500
	metadata.max.age.ms = 300000
	metric.reporters = []
	metrics.num.samples = 2
	metrics.recording.level = INFO
	metrics.sample.window.ms = 30000
	partition.assignment.strategy = [class org.apache.kafka.clients.consumer.RangeAssignor, class org.apache.kafka.clients.consumer.CooperativeStickyAssignor]
	receive.buffer.bytes = 65536
	reconnect.backoff.max.ms = 1000
	reconnect.backoff.ms = 50
	request.timeout.ms = 30000
	retry.backoff.ms = 100
	sasl.client.callback.handler.class = null
	sasl.jaas.config = null
	sasl.kerberos.kinit.cmd = /usr/bin/kinit
	sasl.kerberos.min.time.before.relogin = 60000
	sasl.kerberos.service.name = null
	sasl.kerberos.ticket.renew.jitter = 0.05
	sasl.kerberos.ticket.renew.window.factor = 0.8
	sasl.login.callback.handler.class = null
	sasl.login.class = null
	sasl.login.connect.timeout.ms = null
	sasl.login.read.timeout.ms = null
	sasl.login.refresh.buffer.seconds = 300
	sasl.login.refresh.min.period.seconds = 60
	sasl.login.refresh.window.factor = 0.8
	sasl.login.refresh.window.jitter = 0.05
	sasl.login.retry.backoff.max.ms = 10000
	sasl.login.retry.backoff.ms = 100
	sasl.mechanism = GSSAPI
	sasl.oauthbearer.clock.skew.seconds = 30
	sasl.oauthbearer.expected.audience = null
	sasl.oauthbearer.expected.issuer = null
	sasl.oauthbearer.jwks.endpoint.refresh.ms = 3600000
	sasl.oauthbearer.jwks.endpoint.retry.backoff.max.ms = 10000
	sasl.oauthbearer.jwks.endpoint.retry.backoff.ms = 100
	sasl.oauthbearer.jwks.endpoint.url = null
	sasl.oauthbearer.scope.claim.name = scope
	sasl.oauthbearer.sub.claim.name = sub
	sasl.oauthbearer.token.endpoint.url = null
	security.protocol = PLAINTEXT
	security.providers = null
	send.buffer.bytes = 131072
	session.timeout.ms = 45000
	socket.connection.setup.timeout.max.ms = 30000
	socket.connection.setup.timeout.ms = 10000
	ssl.cipher.suites = null
	ssl.enabled.protocols = [TLSv1.2, TLSv1.3]
	ssl.endpoint.identification.algorithm = https
	ssl.engine.factory.class = null
	ssl.key.password = null
	ssl.keymanager.algorithm = SunX509
	ssl.keystore.certificate.chain = null
	ssl.keystore.key = null
	ssl.keystore.location = null
	ssl.keystore.password = null
	ssl.keystore.type = JKS
	ssl.protocol = TLSv1.3
	ssl.provider = null
	ssl.secure.random.implementation = null
	ssl.trustmanager.algorithm = PKIX
	ssl.truststore.certificates = null
	ssl.truststore.location = null
	ssl.truststore.password = null
	ssl.truststore.type = JKS
	value.deserializer = class org.apache.kafka.common.serialization.StringDeserializer
 
2025-02-14 13:34:53.680  INFO [org.apache.kafka.common.utils.AppInfoParser:119] Kafka version: 3.5.1 
2025-02-14 13:34:53.680  INFO [org.apache.kafka.common.utils.AppInfoParser:120] Kafka commitId: 2c6fb6c54472e90a 
2025-02-14 13:34:53.680  INFO [org.apache.kafka.common.utils.AppInfoParser:121] Kafka startTimeMs: 1739532893679 
2025-02-14 13:34:53.683  INFO [org.apache.kafka.clients.consumer.KafkaConsumer:980] [Consumer clientId=consumer-item_group-1, groupId=item_group] Subscribed to topic(s): Item_Topic 
2025-02-14 13:34:53.697  INFO [org.apache.kafka.clients.consumer.ConsumerConfig:369] ConsumerConfig values: 
	allow.auto.create.topics = true
	auto.commit.interval.ms = 5000
	auto.include.jmx.reporter = true
	auto.offset.reset = latest
	bootstrap.servers = [localhost:9092]
	check.crcs = true
	client.dns.lookup = use_all_dns_ips
	client.id = consumer-item_group-2
	client.rack = 
	connections.max.idle.ms = 540000
	default.api.timeout.ms = 60000
	enable.auto.commit = false
	exclude.internal.topics = true
	fetch.max.bytes = 52428800
	fetch.max.wait.ms = 500
	fetch.min.bytes = 1
	group.id = item_group
	group.instance.id = null
	heartbeat.interval.ms = 3000
	interceptor.classes = []
	internal.leave.group.on.close = true
	internal.throw.on.fetch.stable.offset.unsupported = false
	isolation.level = read_uncommitted
	key.deserializer = class org.apache.kafka.common.serialization.StringDeserializer
	max.partition.fetch.bytes = 1048576
	max.poll.interval.ms = 300000
	max.poll.records = 500
	metadata.max.age.ms = 300000
	metric.reporters = []
	metrics.num.samples = 2
	metrics.recording.level = INFO
	metrics.sample.window.ms = 30000
	partition.assignment.strategy = [class org.apache.kafka.clients.consumer.RangeAssignor, class org.apache.kafka.clients.consumer.CooperativeStickyAssignor]
	receive.buffer.bytes = 65536
	reconnect.backoff.max.ms = 1000
	reconnect.backoff.ms = 50
	request.timeout.ms = 30000
	retry.backoff.ms = 100
	sasl.client.callback.handler.class = null
	sasl.jaas.config = null
	sasl.kerberos.kinit.cmd = /usr/bin/kinit
	sasl.kerberos.min.time.before.relogin = 60000
	sasl.kerberos.service.name = null
	sasl.kerberos.ticket.renew.jitter = 0.05
	sasl.kerberos.ticket.renew.window.factor = 0.8
	sasl.login.callback.handler.class = null
	sasl.login.class = null
	sasl.login.connect.timeout.ms = null
	sasl.login.read.timeout.ms = null
	sasl.login.refresh.buffer.seconds = 300
	sasl.login.refresh.min.period.seconds = 60
	sasl.login.refresh.window.factor = 0.8
	sasl.login.refresh.window.jitter = 0.05
	sasl.login.retry.backoff.max.ms = 10000
	sasl.login.retry.backoff.ms = 100
	sasl.mechanism = GSSAPI
	sasl.oauthbearer.clock.skew.seconds = 30
	sasl.oauthbearer.expected.audience = null
	sasl.oauthbearer.expected.issuer = null
	sasl.oauthbearer.jwks.endpoint.refresh.ms = 3600000
	sasl.oauthbearer.jwks.endpoint.retry.backoff.max.ms = 10000
	sasl.oauthbearer.jwks.endpoint.retry.backoff.ms = 100
	sasl.oauthbearer.jwks.endpoint.url = null
	sasl.oauthbearer.scope.claim.name = scope
	sasl.oauthbearer.sub.claim.name = sub
	sasl.oauthbearer.token.endpoint.url = null
	security.protocol = PLAINTEXT
	security.providers = null
	send.buffer.bytes = 131072
	session.timeout.ms = 45000
	socket.connection.setup.timeout.max.ms = 30000
	socket.connection.setup.timeout.ms = 10000
	ssl.cipher.suites = null
	ssl.enabled.protocols = [TLSv1.2, TLSv1.3]
	ssl.endpoint.identification.algorithm = https
	ssl.engine.factory.class = null
	ssl.key.password = null
	ssl.keymanager.algorithm = SunX509
	ssl.keystore.certificate.chain = null
	ssl.keystore.key = null
	ssl.keystore.location = null
	ssl.keystore.password = null
	ssl.keystore.type = JKS
	ssl.protocol = TLSv1.3
	ssl.provider = null
	ssl.secure.random.implementation = null
	ssl.trustmanager.algorithm = PKIX
	ssl.truststore.certificates = null
	ssl.truststore.location = null
	ssl.truststore.password = null
	ssl.truststore.type = JKS
	value.deserializer = class org.apache.kafka.common.serialization.StringDeserializer
 
2025-02-14 13:34:53.703  INFO [org.apache.kafka.common.utils.AppInfoParser:119] Kafka version: 3.5.1 
2025-02-14 13:34:53.703  INFO [org.apache.kafka.common.utils.AppInfoParser:120] Kafka commitId: 2c6fb6c54472e90a 
2025-02-14 13:34:53.703  INFO [org.apache.kafka.common.utils.AppInfoParser:121] Kafka startTimeMs: 1739532893703 
2025-02-14 13:34:53.704  INFO [org.apache.kafka.clients.consumer.KafkaConsumer:980] [Consumer clientId=consumer-item_group-2, groupId=item_group] Subscribed to topic(s): Item_Topic 
2025-02-14 13:34:53.707  INFO [org.apache.kafka.clients.consumer.ConsumerConfig:369] ConsumerConfig values: 
	allow.auto.create.topics = true
	auto.commit.interval.ms = 5000
	auto.include.jmx.reporter = true
	auto.offset.reset = latest
	bootstrap.servers = [localhost:9092]
	check.crcs = true
	client.dns.lookup = use_all_dns_ips
	client.id = consumer-item_group-3
	client.rack = 
	connections.max.idle.ms = 540000
	default.api.timeout.ms = 60000
	enable.auto.commit = false
	exclude.internal.topics = true
	fetch.max.bytes = 52428800
	fetch.max.wait.ms = 500
	fetch.min.bytes = 1
	group.id = item_group
	group.instance.id = null
	heartbeat.interval.ms = 3000
	interceptor.classes = []
	internal.leave.group.on.close = true
	internal.throw.on.fetch.stable.offset.unsupported = false
	isolation.level = read_uncommitted
	key.deserializer = class org.apache.kafka.common.serialization.StringDeserializer
	max.partition.fetch.bytes = 1048576
	max.poll.interval.ms = 300000
	max.poll.records = 500
	metadata.max.age.ms = 300000
	metric.reporters = []
	metrics.num.samples = 2
	metrics.recording.level = INFO
	metrics.sample.window.ms = 30000
	partition.assignment.strategy = [class org.apache.kafka.clients.consumer.RangeAssignor, class org.apache.kafka.clients.consumer.CooperativeStickyAssignor]
	receive.buffer.bytes = 65536
	reconnect.backoff.max.ms = 1000
	reconnect.backoff.ms = 50
	request.timeout.ms = 30000
	retry.backoff.ms = 100
	sasl.client.callback.handler.class = null
	sasl.jaas.config = null
	sasl.kerberos.kinit.cmd = /usr/bin/kinit
	sasl.kerberos.min.time.before.relogin = 60000
	sasl.kerberos.service.name = null
	sasl.kerberos.ticket.renew.jitter = 0.05
	sasl.kerberos.ticket.renew.window.factor = 0.8
	sasl.login.callback.handler.class = null
	sasl.login.class = null
	sasl.login.connect.timeout.ms = null
	sasl.login.read.timeout.ms = null
	sasl.login.refresh.buffer.seconds = 300
	sasl.login.refresh.min.period.seconds = 60
	sasl.login.refresh.window.factor = 0.8
	sasl.login.refresh.window.jitter = 0.05
	sasl.login.retry.backoff.max.ms = 10000
	sasl.login.retry.backoff.ms = 100
	sasl.mechanism = GSSAPI
	sasl.oauthbearer.clock.skew.seconds = 30
	sasl.oauthbearer.expected.audience = null
	sasl.oauthbearer.expected.issuer = null
	sasl.oauthbearer.jwks.endpoint.refresh.ms = 3600000
	sasl.oauthbearer.jwks.endpoint.retry.backoff.max.ms = 10000
	sasl.oauthbearer.jwks.endpoint.retry.backoff.ms = 100
	sasl.oauthbearer.jwks.endpoint.url = null
	sasl.oauthbearer.scope.claim.name = scope
	sasl.oauthbearer.sub.claim.name = sub
	sasl.oauthbearer.token.endpoint.url = null
	security.protocol = PLAINTEXT
	security.providers = null
	send.buffer.bytes = 131072
	session.timeout.ms = 45000
	socket.connection.setup.timeout.max.ms = 30000
	socket.connection.setup.timeout.ms = 10000
	ssl.cipher.suites = null
	ssl.enabled.protocols = [TLSv1.2, TLSv1.3]
	ssl.endpoint.identification.algorithm = https
	ssl.engine.factory.class = null
	ssl.key.password = null
	ssl.keymanager.algorithm = SunX509
	ssl.keystore.certificate.chain = null
	ssl.keystore.key = null
	ssl.keystore.location = null
	ssl.keystore.password = null
	ssl.keystore.type = JKS
	ssl.protocol = TLSv1.3
	ssl.provider = null
	ssl.secure.random.implementation = null
	ssl.trustmanager.algorithm = PKIX
	ssl.truststore.certificates = null
	ssl.truststore.location = null
	ssl.truststore.password = null
	ssl.truststore.type = JKS
	value.deserializer = class org.apache.kafka.common.serialization.StringDeserializer
 
2025-02-14 13:34:53.718  INFO [org.apache.kafka.common.utils.AppInfoParser:119] Kafka version: 3.5.1 
2025-02-14 13:34:53.719  INFO [org.apache.kafka.common.utils.AppInfoParser:120] Kafka commitId: 2c6fb6c54472e90a 
2025-02-14 13:34:53.719  INFO [org.apache.kafka.common.utils.AppInfoParser:121] Kafka startTimeMs: 1739532893718 
2025-02-14 13:34:53.720  INFO [org.apache.kafka.clients.consumer.KafkaConsumer:980] [Consumer clientId=consumer-item_group-3, groupId=item_group] Subscribed to topic(s): Item_Topic 
2025-02-14 13:34:53.722  INFO [org.apache.coyote.http11.Http11NioProtocol:173] Starting ProtocolHandler ["http-nio-8081"] 
2025-02-14 13:34:53.741  INFO [org.springframework.boot.web.embedded.tomcat.TomcatWebServer:220] Tomcat started on port(s): 8081 (http) with context path '' 
2025-02-14 13:34:53.756  INFO [za.co.woolworths.itemkafka_poc.KafkaItemProducerPocApplication:61] Started KafkaItemProducerPocApplication in 7.179 seconds (JVM running for 7.631) 
2025-02-14 13:34:54.017  INFO [org.apache.kafka.clients.Metadata:287] [Consumer clientId=consumer-item_group-1, groupId=item_group] Cluster ID: 241EXJnpTO6SXdisTDqE6g 
2025-02-14 13:34:54.017  INFO [org.apache.kafka.clients.Metadata:287] [Consumer clientId=consumer-item_group-3, groupId=item_group] Cluster ID: 241EXJnpTO6SXdisTDqE6g 
2025-02-14 13:34:54.017  INFO [org.apache.kafka.clients.Metadata:287] [Consumer clientId=consumer-item_group-2, groupId=item_group] Cluster ID: 241EXJnpTO6SXdisTDqE6g 
2025-02-14 13:34:54.019  INFO [org.apache.kafka.clients.consumer.internals.ConsumerCoordinator:906] [Consumer clientId=consumer-item_group-1, groupId=item_group] Discovered group coordinator W49204302.woolworths.co.za:9092 (id: 2147483647 rack: null) 
2025-02-14 13:34:54.019  INFO [org.apache.kafka.clients.consumer.internals.ConsumerCoordinator:906] [Consumer clientId=consumer-item_group-2, groupId=item_group] Discovered group coordinator W49204302.woolworths.co.za:9092 (id: 2147483647 rack: null) 
2025-02-14 13:34:54.019  INFO [org.apache.kafka.clients.consumer.internals.ConsumerCoordinator:906] [Consumer clientId=consumer-item_group-3, groupId=item_group] Discovered group coordinator W49204302.woolworths.co.za:9092 (id: 2147483647 rack: null) 
2025-02-14 13:34:54.022  INFO [org.apache.kafka.clients.consumer.internals.ConsumerCoordinator:576] [Consumer clientId=consumer-item_group-1, groupId=item_group] (Re-)joining group 
2025-02-14 13:34:54.022  INFO [org.apache.kafka.clients.consumer.internals.ConsumerCoordinator:576] [Consumer clientId=consumer-item_group-2, groupId=item_group] (Re-)joining group 
2025-02-14 13:34:54.022  INFO [org.apache.kafka.clients.consumer.internals.ConsumerCoordinator:576] [Consumer clientId=consumer-item_group-3, groupId=item_group] (Re-)joining group 
2025-02-14 13:34:54.044  INFO [org.apache.kafka.clients.consumer.internals.ConsumerCoordinator:1072] [Consumer clientId=consumer-item_group-3, groupId=item_group] Request joining group due to: need to re-join with the given member-id: consumer-item_group-3-364b5f58-0b61-4508-a3d3-6f733fd75032 
2025-02-14 13:34:54.045  INFO [org.apache.kafka.clients.consumer.internals.ConsumerCoordinator:1072] [Consumer clientId=consumer-item_group-3, groupId=item_group] Request joining group due to: rebalance failed due to 'The group member needs to have a valid member id before actually entering a consumer group.' (MemberIdRequiredException) 
2025-02-14 13:34:54.045  INFO [org.apache.kafka.clients.consumer.internals.ConsumerCoordinator:576] [Consumer clientId=consumer-item_group-3, groupId=item_group] (Re-)joining group 
2025-02-14 13:34:54.047  INFO [org.apache.kafka.clients.consumer.internals.ConsumerCoordinator:1072] [Consumer clientId=consumer-item_group-2, groupId=item_group] Request joining group due to: need to re-join with the given member-id: consumer-item_group-2-dd1ecf55-831c-48d8-8834-5138c2c41e75 
2025-02-14 13:34:54.047  INFO [org.apache.kafka.clients.consumer.internals.ConsumerCoordinator:1072] [Consumer clientId=consumer-item_group-1, groupId=item_group] Request joining group due to: need to re-join with the given member-id: consumer-item_group-1-6701953d-1178-45b8-a7a7-10ade5db7223 
2025-02-14 13:34:54.047  INFO [org.apache.kafka.clients.consumer.internals.ConsumerCoordinator:1072] [Consumer clientId=consumer-item_group-2, groupId=item_group] Request joining group due to: rebalance failed due to 'The group member needs to have a valid member id before actually entering a consumer group.' (MemberIdRequiredException) 
2025-02-14 13:34:54.047  INFO [org.apache.kafka.clients.consumer.internals.ConsumerCoordinator:1072] [Consumer clientId=consumer-item_group-1, groupId=item_group] Request joining group due to: rebalance failed due to 'The group member needs to have a valid member id before actually entering a consumer group.' (MemberIdRequiredException) 
2025-02-14 13:34:54.048  INFO [org.apache.kafka.clients.consumer.internals.ConsumerCoordinator:576] [Consumer clientId=consumer-item_group-2, groupId=item_group] (Re-)joining group 
2025-02-14 13:34:54.048  INFO [org.apache.kafka.clients.consumer.internals.ConsumerCoordinator:576] [Consumer clientId=consumer-item_group-1, groupId=item_group] (Re-)joining group 
2025-02-14 13:34:54.049  INFO [org.apache.kafka.clients.consumer.internals.ConsumerCoordinator:637] [Consumer clientId=consumer-item_group-3, groupId=item_group] Successfully joined group with generation Generation{generationId=10, memberId='consumer-item_group-3-364b5f58-0b61-4508-a3d3-6f733fd75032', protocol='range'} 
2025-02-14 13:34:54.057  INFO [org.apache.kafka.clients.consumer.internals.ConsumerCoordinator:712] [Consumer clientId=consumer-item_group-3, groupId=item_group] Finished assignment for group at generation 10: {consumer-item_group-3-364b5f58-0b61-4508-a3d3-6f733fd75032=Assignment(partitions=[Item_Topic-0])} 
2025-02-14 13:34:54.063  INFO [org.apache.kafka.clients.consumer.internals.ConsumerCoordinator:836] [Consumer clientId=consumer-item_group-3, groupId=item_group] SyncGroup failed: The group began another rebalance. Need to re-join the group. Sent generation was Generation{generationId=10, memberId='consumer-item_group-3-364b5f58-0b61-4508-a3d3-6f733fd75032', protocol='range'} 
2025-02-14 13:34:54.064  INFO [org.apache.kafka.clients.consumer.internals.ConsumerCoordinator:1072] [Consumer clientId=consumer-item_group-3, groupId=item_group] Request joining group due to: rebalance failed due to 'The group is rebalancing, so a rejoin is needed.' (RebalanceInProgressException) 
2025-02-14 13:34:54.065  INFO [org.apache.kafka.clients.consumer.internals.ConsumerCoordinator:576] [Consumer clientId=consumer-item_group-3, groupId=item_group] (Re-)joining group 
2025-02-14 13:34:54.067  INFO [org.apache.kafka.clients.consumer.internals.ConsumerCoordinator:637] [Consumer clientId=consumer-item_group-3, groupId=item_group] Successfully joined group with generation Generation{generationId=11, memberId='consumer-item_group-3-364b5f58-0b61-4508-a3d3-6f733fd75032', protocol='range'} 
2025-02-14 13:34:54.067  INFO [org.apache.kafka.clients.consumer.internals.ConsumerCoordinator:637] [Consumer clientId=consumer-item_group-2, groupId=item_group] Successfully joined group with generation Generation{generationId=11, memberId='consumer-item_group-2-dd1ecf55-831c-48d8-8834-5138c2c41e75', protocol='range'} 
2025-02-14 13:34:54.067  INFO [org.apache.kafka.clients.consumer.internals.ConsumerCoordinator:637] [Consumer clientId=consumer-item_group-1, groupId=item_group] Successfully joined group with generation Generation{generationId=11, memberId='consumer-item_group-1-6701953d-1178-45b8-a7a7-10ade5db7223', protocol='range'} 
2025-02-14 13:34:54.068  INFO [org.apache.kafka.clients.consumer.internals.ConsumerCoordinator:712] [Consumer clientId=consumer-item_group-3, groupId=item_group] Finished assignment for group at generation 11: {consumer-item_group-2-dd1ecf55-831c-48d8-8834-5138c2c41e75=Assignment(partitions=[]), consumer-item_group-3-364b5f58-0b61-4508-a3d3-6f733fd75032=Assignment(partitions=[]), consumer-item_group-1-6701953d-1178-45b8-a7a7-10ade5db7223=Assignment(partitions=[Item_Topic-0])} 
2025-02-14 13:34:54.073  INFO [org.apache.kafka.clients.consumer.internals.ConsumerCoordinator:812] [Consumer clientId=consumer-item_group-3, groupId=item_group] Successfully synced group in generation Generation{generationId=11, memberId='consumer-item_group-3-364b5f58-0b61-4508-a3d3-6f733fd75032', protocol='range'} 
2025-02-14 13:34:54.073  INFO [org.apache.kafka.clients.consumer.internals.ConsumerCoordinator:812] [Consumer clientId=consumer-item_group-2, groupId=item_group] Successfully synced group in generation Generation{generationId=11, memberId='consumer-item_group-2-dd1ecf55-831c-48d8-8834-5138c2c41e75', protocol='range'} 
2025-02-14 13:34:54.073  INFO [org.apache.kafka.clients.consumer.internals.ConsumerCoordinator:812] [Consumer clientId=consumer-item_group-1, groupId=item_group] Successfully synced group in generation Generation{generationId=11, memberId='consumer-item_group-1-6701953d-1178-45b8-a7a7-10ade5db7223', protocol='range'} 
2025-02-14 13:34:54.074  INFO [org.apache.kafka.clients.consumer.internals.ConsumerCoordinator:307] [Consumer clientId=consumer-item_group-2, groupId=item_group] Notifying assignor about the new Assignment(partitions=[]) 
2025-02-14 13:34:54.074  INFO [org.apache.kafka.clients.consumer.internals.ConsumerCoordinator:307] [Consumer clientId=consumer-item_group-3, groupId=item_group] Notifying assignor about the new Assignment(partitions=[]) 
2025-02-14 13:34:54.074  INFO [org.apache.kafka.clients.consumer.internals.ConsumerCoordinator:307] [Consumer clientId=consumer-item_group-1, groupId=item_group] Notifying assignor about the new Assignment(partitions=[Item_Topic-0]) 
2025-02-14 13:34:54.074  INFO [org.apache.kafka.clients.consumer.internals.ConsumerCoordinator:319] [Consumer clientId=consumer-item_group-2, groupId=item_group] Adding newly assigned partitions:  
2025-02-14 13:34:54.074  INFO [org.apache.kafka.clients.consumer.internals.ConsumerCoordinator:319] [Consumer clientId=consumer-item_group-3, groupId=item_group] Adding newly assigned partitions:  
2025-02-14 13:34:54.076  INFO [org.springframework.kafka.listener.KafkaMessageListenerContainer:292] item_group: partitions assigned: [] 
2025-02-14 13:34:54.076  INFO [org.springframework.kafka.listener.KafkaMessageListenerContainer:292] item_group: partitions assigned: [] 
2025-02-14 13:34:54.077  INFO [org.apache.kafka.clients.consumer.internals.ConsumerCoordinator:319] [Consumer clientId=consumer-item_group-1, groupId=item_group] Adding newly assigned partitions: Item_Topic-0 
2025-02-14 13:34:54.088  INFO [org.apache.kafka.clients.consumer.internals.ConsumerCoordinator:975] [Consumer clientId=consumer-item_group-1, groupId=item_group] Setting offset for partition Item_Topic-0 to the committed offset FetchPosition{offset=0, offsetEpoch=Optional.empty, currentLeader=LeaderAndEpoch{leader=Optional[W49204302.woolworths.co.za:9092 (id: 0 rack: null)], epoch=0}} 
2025-02-14 13:34:54.089  INFO [org.springframework.kafka.listener.KafkaMessageListenerContainer:292] item_group: partitions assigned: [Item_Topic-0] 
2025-02-14 13:35:00.472  INFO [org.apache.catalina.core.ContainerBase.[Tomcat].[localhost].[/]:173] Initializing Spring DispatcherServlet 'dispatcherServlet' 
2025-02-14 13:35:00.473  INFO [org.springframework.web.servlet.DispatcherServlet:525] Initializing Servlet 'dispatcherServlet' 
2025-02-14 13:35:00.473 DEBUG [org.springframework.web.servlet.DispatcherServlet:520] Detected StandardServletMultipartResolver 
2025-02-14 13:35:00.473 DEBUG [org.springframework.web.servlet.DispatcherServlet:544] Detected AcceptHeaderLocaleResolver 
2025-02-14 13:35:00.473 DEBUG [org.springframework.web.servlet.DispatcherServlet:569] Detected FixedThemeResolver 
2025-02-14 13:35:00.475 DEBUG [org.springframework.web.servlet.DispatcherServlet:719] Detected org.springframework.web.servlet.view.DefaultRequestToViewNameTranslator@434a2a10 
2025-02-14 13:35:00.476 DEBUG [org.springframework.web.servlet.DispatcherServlet:783] Detected org.springframework.web.servlet.support.SessionFlashMapManager@45e68fac 
2025-02-14 13:35:00.477 DEBUG [org.springframework.web.servlet.DispatcherServlet:542] enableLoggingRequestDetails='false': request parameters and headers will be masked to prevent unsafe logging of potentially sensitive data 
2025-02-14 13:35:00.478  INFO [org.springframework.web.servlet.DispatcherServlet:547] Completed initialization in 5 ms 
2025-02-14 13:35:00.490 DEBUG [org.springframework.web.servlet.DispatcherServlet:119] POST "/flink/start-job1", parameters={} 
2025-02-14 13:35:00.494 DEBUG [org.springframework.web.servlet.mvc.method.annotation.RequestMappingHandlerMapping:522] Mapped to za.co.woolworths.itemkafka_poc.controller.FlinkJobController#triggerFlinkJob1() 
2025-02-14 13:37:11.902 DEBUG [org.springframework.web.servlet.DispatcherServlet:1101] Failed to complete request: org.springframework.web.util.NestedServletException: Handler dispatch failed; nested exception is java.lang.NoClassDefFoundError: org/apache/flink/connector/base/DeliveryGuarantee 
2025-02-14 13:37:11.914 ERROR [org.apache.catalina.core.ContainerBase.[Tomcat].[localhost].[/].[dispatcherServlet]:175] Servlet.service() for servlet [dispatcherServlet] in context with path [] threw exception [Handler dispatch failed; nested exception is java.lang.NoClassDefFoundError: org/apache/flink/connector/base/DeliveryGuarantee] with root cause java.lang.ClassNotFoundException: org.apache.flink.connector.base.DeliveryGuarantee
	at java.base/jdk.internal.loader.BuiltinClassLoader.loadClass(BuiltinClassLoader.java:606)
	at java.base/jdk.internal.loader.ClassLoaders$AppClassLoader.loadClass(ClassLoaders.java:168)
	at java.base/java.lang.ClassLoader.loadClass(ClassLoader.java:522)
	at org.apache.flink.connector.kafka.sink.KafkaSinkBuilder.<init>(KafkaSinkBuilder.java:72)
	at org.apache.flink.connector.kafka.sink.KafkaSink.builder(KafkaSink.java:95)
	at za.co.woolworths.itemkafka_poc.flink.jobs.FlinkJob1.main(FlinkJob1.java:62)
	at za.co.woolworths.itemkafka_poc.controller.FlinkJobController.triggerFlinkJob1(FlinkJobController.java:18)
	at java.base/jdk.internal.reflect.NativeMethodAccessorImpl.invoke0(Native Method)
	at java.base/jdk.internal.reflect.NativeMethodAccessorImpl.invoke(NativeMethodAccessorImpl.java:64)
	at java.base/jdk.internal.reflect.DelegatingMethodAccessorImpl.invoke(DelegatingMethodAccessorImpl.java:43)
	at java.base/java.lang.reflect.Method.invoke(Method.java:564)
	at org.springframework.web.method.support.InvocableHandlerMethod.doInvoke(InvocableHandlerMethod.java:205)
	at org.springframework.web.method.support.InvocableHandlerMethod.invokeForRequest(InvocableHandlerMethod.java:150)
	at org.springframework.web.servlet.mvc.method.annotation.ServletInvocableHandlerMethod.invokeAndHandle(ServletInvocableHandlerMethod.java:117)
	at org.springframework.web.servlet.mvc.method.annotation.RequestMappingHandlerAdapter.invokeHandlerMethod(RequestMappingHandlerAdapter.java:895)
	at org.springframework.web.servlet.mvc.method.annotation.RequestMappingHandlerAdapter.handleInternal(RequestMappingHandlerAdapter.java:808)
	at org.springframework.web.servlet.mvc.method.AbstractHandlerMethodAdapter.handle(AbstractHandlerMethodAdapter.java:87)
	at org.springframework.web.servlet.DispatcherServlet.doDispatch(DispatcherServlet.java:1067)
	at org.springframework.web.servlet.DispatcherServlet.doService(DispatcherServlet.java:963)
	at org.springframework.web.servlet.FrameworkServlet.processRequest(FrameworkServlet.java:1006)
	at org.springframework.web.servlet.FrameworkServlet.doPost(FrameworkServlet.java:909)
	at javax.servlet.http.HttpServlet.service(HttpServlet.java:681)
	at org.springframework.web.servlet.FrameworkServlet.service(FrameworkServlet.java:883)
	at javax.servlet.http.HttpServlet.service(HttpServlet.java:764)
	at org.apache.catalina.core.ApplicationFilterChain.internalDoFilter(ApplicationFilterChain.java:227)
	at org.apache.catalina.core.ApplicationFilterChain.doFilter(ApplicationFilterChain.java:162)
	at org.apache.tomcat.websocket.server.WsFilter.doFilter(WsFilter.java:53)
	at org.apache.catalina.core.ApplicationFilterChain.internalDoFilter(ApplicationFilterChain.java:189)
	at org.apache.catalina.core.ApplicationFilterChain.doFilter(ApplicationFilterChain.java:162)
	at org.springframework.boot.actuate.metrics.web.servlet.WebMvcMetricsFilter.doFilterInternal(WebMvcMetricsFilter.java:96)
	at org.springframework.web.filter.OncePerRequestFilter.doFilter(OncePerRequestFilter.java:117)
	at org.apache.catalina.core.ApplicationFilterChain.internalDoFilter(ApplicationFilterChain.java:189)
	at org.apache.catalina.core.ApplicationFilterChain.doFilter(ApplicationFilterChain.java:162)
	at org.springframework.web.filter.CharacterEncodingFilter.doFilterInternal(CharacterEncodingFilter.java:201)
	at org.springframework.web.filter.OncePerRequestFilter.doFilter(OncePerRequestFilter.java:117)
	at org.apache.catalina.core.ApplicationFilterChain.internalDoFilter(ApplicationFilterChain.java:189)
	at org.apache.catalina.core.ApplicationFilterChain.doFilter(ApplicationFilterChain.java:162)
	at org.apache.catalina.core.StandardWrapperValve.invoke(StandardWrapperValve.java:197)
	at org.apache.catalina.core.StandardContextValve.invoke(StandardContextValve.java:97)
	at org.apache.catalina.authenticator.AuthenticatorBase.invoke(AuthenticatorBase.java:541)
	at org.apache.catalina.core.StandardHostValve.invoke(StandardHostValve.java:135)
	at org.apache.catalina.valves.ErrorReportValve.invoke(ErrorReportValve.java:92)
	at org.apache.catalina.core.StandardEngineValve.invoke(StandardEngineValve.java:78)
	at org.apache.catalina.connector.CoyoteAdapter.service(CoyoteAdapter.java:360)
	at org.apache.coyote.http11.Http11Processor.service(Http11Processor.java:399)
	at org.apache.coyote.AbstractProcessorLight.process(AbstractProcessorLight.java:65)
	at org.apache.coyote.AbstractProtocol$ConnectionHandler.process(AbstractProtocol.java:890)
	at org.apache.tomcat.util.net.NioEndpoint$SocketProcessor.doRun(NioEndpoint.java:1787)
	at org.apache.tomcat.util.net.SocketProcessorBase.run(SocketProcessorBase.java:49)
	at org.apache.tomcat.util.threads.ThreadPoolExecutor.runWorker(ThreadPoolExecutor.java:1191)
	at org.apache.tomcat.util.threads.ThreadPoolExecutor$Worker.run(ThreadPoolExecutor.java:659)
	at org.apache.tomcat.util.threads.TaskThread$WrappingRunnable.run(TaskThread.java:61)
	at java.base/java.lang.Thread.run(Thread.java:832)

2025-02-14 13:37:11.918 DEBUG [org.springframework.web.servlet.DispatcherServlet:119] "ERROR" dispatch for POST "/error", parameters={} 
2025-02-14 13:37:11.920 DEBUG [org.springframework.web.servlet.mvc.method.annotation.RequestMappingHandlerMapping:522] Mapped to org.springframework.boot.autoconfigure.web.servlet.error.BasicErrorController#error(HttpServletRequest) 
2025-02-14 13:37:11.932 DEBUG [org.springframework.web.servlet.mvc.method.annotation.HttpEntityMethodProcessor:268] Using 'application/json', given [*/*] and supported [application/json, application/*+json] 
2025-02-14 13:37:11.934 DEBUG [org.springframework.web.servlet.mvc.method.annotation.HttpEntityMethodProcessor:119] Writing [{timestamp=Fri Feb 14 13:37:11 SAST 2025, status=500, error=Internal Server Error, path=/flink/start (truncated)...] 
2025-02-14 13:37:11.962 DEBUG [org.springframework.web.servlet.DispatcherServlet:1127] Exiting from "ERROR" dispatch, status 500 
2025-02-14 13:37:35.528 DEBUG [org.springframework.web.servlet.DispatcherServlet:119] POST "/flink/start-job1", parameters={} 
2025-02-14 13:37:35.529 DEBUG [org.springframework.web.servlet.mvc.method.annotation.RequestMappingHandlerMapping:522] Mapped to za.co.woolworths.itemkafka_poc.controller.FlinkJobController#triggerFlinkJob1() 
2025-02-14 13:38:06.858 DEBUG [org.springframework.web.servlet.DispatcherServlet:1101] Failed to complete request: org.springframework.web.util.NestedServletException: Handler dispatch failed; nested exception is java.lang.NoClassDefFoundError: org/apache/flink/connector/base/DeliveryGuarantee 
2025-02-14 13:38:06.860 ERROR [org.apache.catalina.core.ContainerBase.[Tomcat].[localhost].[/].[dispatcherServlet]:175] Servlet.service() for servlet [dispatcherServlet] in context with path [] threw exception [Handler dispatch failed; nested exception is java.lang.NoClassDefFoundError: org/apache/flink/connector/base/DeliveryGuarantee] with root cause java.lang.NoClassDefFoundError: org/apache/flink/connector/base/DeliveryGuarantee
	at org.apache.flink.connector.kafka.sink.KafkaSinkBuilder.<init>(KafkaSinkBuilder.java:72)
	at org.apache.flink.connector.kafka.sink.KafkaSink.builder(KafkaSink.java:95)
	at za.co.woolworths.itemkafka_poc.flink.jobs.FlinkJob1.main(FlinkJob1.java:62)
	at za.co.woolworths.itemkafka_poc.controller.FlinkJobController.triggerFlinkJob1(FlinkJobController.java:18)
	at java.base/jdk.internal.reflect.NativeMethodAccessorImpl.invoke0(Native Method)
	at java.base/jdk.internal.reflect.NativeMethodAccessorImpl.invoke(NativeMethodAccessorImpl.java:64)
	at java.base/jdk.internal.reflect.DelegatingMethodAccessorImpl.invoke(DelegatingMethodAccessorImpl.java:43)
	at java.base/java.lang.reflect.Method.invoke(Method.java:564)
	at org.springframework.web.method.support.InvocableHandlerMethod.doInvoke(InvocableHandlerMethod.java:205)
	at org.springframework.web.method.support.InvocableHandlerMethod.invokeForRequest(InvocableHandlerMethod.java:150)
	at org.springframework.web.servlet.mvc.method.annotation.ServletInvocableHandlerMethod.invokeAndHandle(ServletInvocableHandlerMethod.java:117)
	at org.springframework.web.servlet.mvc.method.annotation.RequestMappingHandlerAdapter.invokeHandlerMethod(RequestMappingHandlerAdapter.java:895)
	at org.springframework.web.servlet.mvc.method.annotation.RequestMappingHandlerAdapter.handleInternal(RequestMappingHandlerAdapter.java:808)
	at org.springframework.web.servlet.mvc.method.AbstractHandlerMethodAdapter.handle(AbstractHandlerMethodAdapter.java:87)
	at org.springframework.web.servlet.DispatcherServlet.doDispatch(DispatcherServlet.java:1067)
	at org.springframework.web.servlet.DispatcherServlet.doService(DispatcherServlet.java:963)
	at org.springframework.web.servlet.FrameworkServlet.processRequest(FrameworkServlet.java:1006)
	at org.springframework.web.servlet.FrameworkServlet.doPost(FrameworkServlet.java:909)
	at javax.servlet.http.HttpServlet.service(HttpServlet.java:681)
	at org.springframework.web.servlet.FrameworkServlet.service(FrameworkServlet.java:883)
	at javax.servlet.http.HttpServlet.service(HttpServlet.java:764)
	at org.apache.catalina.core.ApplicationFilterChain.internalDoFilter(ApplicationFilterChain.java:227)
	at org.apache.catalina.core.ApplicationFilterChain.doFilter(ApplicationFilterChain.java:162)
	at org.apache.tomcat.websocket.server.WsFilter.doFilter(WsFilter.java:53)
	at org.apache.catalina.core.ApplicationFilterChain.internalDoFilter(ApplicationFilterChain.java:189)
	at org.apache.catalina.core.ApplicationFilterChain.doFilter(ApplicationFilterChain.java:162)
	at org.springframework.boot.actuate.metrics.web.servlet.WebMvcMetricsFilter.doFilterInternal(WebMvcMetricsFilter.java:96)
	at org.springframework.web.filter.OncePerRequestFilter.doFilter(OncePerRequestFilter.java:117)
	at org.apache.catalina.core.ApplicationFilterChain.internalDoFilter(ApplicationFilterChain.java:189)
	at org.apache.catalina.core.ApplicationFilterChain.doFilter(ApplicationFilterChain.java:162)
	at org.springframework.web.filter.CharacterEncodingFilter.doFilterInternal(CharacterEncodingFilter.java:201)
	at org.springframework.web.filter.OncePerRequestFilter.doFilter(OncePerRequestFilter.java:117)
	at org.apache.catalina.core.ApplicationFilterChain.internalDoFilter(ApplicationFilterChain.java:189)
	at org.apache.catalina.core.ApplicationFilterChain.doFilter(ApplicationFilterChain.java:162)
	at org.apache.catalina.core.StandardWrapperValve.invoke(StandardWrapperValve.java:197)
	at org.apache.catalina.core.StandardContextValve.invoke(StandardContextValve.java:97)
	at org.apache.catalina.authenticator.AuthenticatorBase.invoke(AuthenticatorBase.java:541)
	at org.apache.catalina.core.StandardHostValve.invoke(StandardHostValve.java:135)
	at org.apache.catalina.valves.ErrorReportValve.invoke(ErrorReportValve.java:92)
	at org.apache.catalina.core.StandardEngineValve.invoke(StandardEngineValve.java:78)
	at org.apache.catalina.connector.CoyoteAdapter.service(CoyoteAdapter.java:360)
	at org.apache.coyote.http11.Http11Processor.service(Http11Processor.java:399)
	at org.apache.coyote.AbstractProcessorLight.process(AbstractProcessorLight.java:65)
	at org.apache.coyote.AbstractProtocol$ConnectionHandler.process(AbstractProtocol.java:890)
	at org.apache.tomcat.util.net.NioEndpoint$SocketProcessor.doRun(NioEndpoint.java:1787)
	at org.apache.tomcat.util.net.SocketProcessorBase.run(SocketProcessorBase.java:49)
	at org.apache.tomcat.util.threads.ThreadPoolExecutor.runWorker(ThreadPoolExecutor.java:1191)
	at org.apache.tomcat.util.threads.ThreadPoolExecutor$Worker.run(ThreadPoolExecutor.java:659)
	at org.apache.tomcat.util.threads.TaskThread$WrappingRunnable.run(TaskThread.java:61)
	at java.base/java.lang.Thread.run(Thread.java:832)

2025-02-14 13:38:06.863 DEBUG [org.springframework.web.servlet.DispatcherServlet:119] "ERROR" dispatch for POST "/error", parameters={} 
2025-02-14 13:38:06.865 DEBUG [org.springframework.web.servlet.mvc.method.annotation.RequestMappingHandlerMapping:522] Mapped to org.springframework.boot.autoconfigure.web.servlet.error.BasicErrorController#error(HttpServletRequest) 
2025-02-14 13:38:06.870 DEBUG [org.springframework.web.servlet.mvc.method.annotation.HttpEntityMethodProcessor:268] Using 'application/json', given [*/*] and supported [application/json, application/*+json] 
2025-02-14 13:38:06.871 DEBUG [org.springframework.web.servlet.mvc.method.annotation.HttpEntityMethodProcessor:119] Writing [{timestamp=Fri Feb 14 13:38:06 SAST 2025, status=500, error=Internal Server Error, path=/flink/start (truncated)...] 
2025-02-14 13:38:06.873 DEBUG [org.springframework.web.servlet.DispatcherServlet:1127] Exiting from "ERROR" dispatch, status 500 
2025-02-14 13:43:54.024  INFO [org.apache.kafka.clients.NetworkClient:977] [Consumer clientId=consumer-item_group-2, groupId=item_group] Node -1 disconnected. 
2025-02-14 13:43:54.035  INFO [org.apache.kafka.clients.NetworkClient:977] [Consumer clientId=consumer-item_group-3, groupId=item_group] Node -1 disconnected. 
2025-02-14 13:43:54.084  INFO [org.apache.kafka.clients.NetworkClient:977] [Consumer clientId=consumer-item_group-1, groupId=item_group] Node -1 disconnected. 
2025-02-14 13:44:21.558  INFO [org.apache.kafka.clients.consumer.internals.ConsumerCoordinator:338] [Consumer clientId=consumer-item_group-1, groupId=item_group] Revoke previously assigned partitions Item_Topic-0 
2025-02-14 13:44:21.558  INFO [org.apache.kafka.clients.consumer.internals.ConsumerCoordinator:1133] [Consumer clientId=consumer-item_group-2, groupId=item_group] Member consumer-item_group-2-dd1ecf55-831c-48d8-8834-5138c2c41e75 sending LeaveGroup request to coordinator W49204302.woolworths.co.za:9092 (id: 2147483647 rack: null) due to the consumer unsubscribed from all topics 
2025-02-14 13:44:21.558  INFO [org.apache.kafka.clients.consumer.internals.ConsumerCoordinator:1133] [Consumer clientId=consumer-item_group-3, groupId=item_group] Member consumer-item_group-3-364b5f58-0b61-4508-a3d3-6f733fd75032 sending LeaveGroup request to coordinator W49204302.woolworths.co.za:9092 (id: 2147483647 rack: null) due to the consumer unsubscribed from all topics 
2025-02-14 13:44:21.559  INFO [org.apache.kafka.clients.consumer.internals.ConsumerCoordinator:1025] [Consumer clientId=consumer-item_group-2, groupId=item_group] Resetting generation and member id due to: consumer pro-actively leaving the group 
2025-02-14 13:44:21.559  INFO [org.apache.kafka.clients.consumer.internals.ConsumerCoordinator:1025] [Consumer clientId=consumer-item_group-3, groupId=item_group] Resetting generation and member id due to: consumer pro-actively leaving the group 
2025-02-14 13:44:21.559  INFO [org.apache.kafka.clients.consumer.internals.ConsumerCoordinator:1072] [Consumer clientId=consumer-item_group-2, groupId=item_group] Request joining group due to: consumer pro-actively leaving the group 
2025-02-14 13:44:21.559  INFO [org.apache.kafka.clients.consumer.internals.ConsumerCoordinator:1072] [Consumer clientId=consumer-item_group-3, groupId=item_group] Request joining group due to: consumer pro-actively leaving the group 
2025-02-14 13:44:21.559  INFO [org.springframework.kafka.listener.KafkaMessageListenerContainer:292] item_group: partitions revoked: [Item_Topic-0] 
2025-02-14 13:44:21.559  INFO [org.apache.kafka.clients.consumer.KafkaConsumer:1089] [Consumer clientId=consumer-item_group-2, groupId=item_group] Unsubscribed all topics or patterns and assigned partitions 
2025-02-14 13:44:21.559  INFO [org.apache.kafka.clients.consumer.KafkaConsumer:1089] [Consumer clientId=consumer-item_group-3, groupId=item_group] Unsubscribed all topics or patterns and assigned partitions 
2025-02-14 13:44:21.559  INFO [org.apache.kafka.clients.consumer.internals.ConsumerCoordinator:1133] [Consumer clientId=consumer-item_group-1, groupId=item_group] Member consumer-item_group-1-6701953d-1178-45b8-a7a7-10ade5db7223 sending LeaveGroup request to coordinator W49204302.woolworths.co.za:9092 (id: 2147483647 rack: null) due to the consumer unsubscribed from all topics 
2025-02-14 13:44:21.560  INFO [org.apache.kafka.clients.consumer.internals.ConsumerCoordinator:1025] [Consumer clientId=consumer-item_group-1, groupId=item_group] Resetting generation and member id due to: consumer pro-actively leaving the group 
2025-02-14 13:44:21.560  INFO [org.apache.kafka.clients.consumer.internals.ConsumerCoordinator:1072] [Consumer clientId=consumer-item_group-1, groupId=item_group] Request joining group due to: consumer pro-actively leaving the group 
2025-02-14 13:44:21.560  INFO [org.apache.kafka.clients.consumer.internals.ConsumerCoordinator:1025] [Consumer clientId=consumer-item_group-2, groupId=item_group] Resetting generation and member id due to: consumer pro-actively leaving the group 
2025-02-14 13:44:21.560  INFO [org.apache.kafka.clients.consumer.KafkaConsumer:1089] [Consumer clientId=consumer-item_group-1, groupId=item_group] Unsubscribed all topics or patterns and assigned partitions 
2025-02-14 13:44:21.560  INFO [org.apache.kafka.clients.consumer.internals.ConsumerCoordinator:1025] [Consumer clientId=consumer-item_group-3, groupId=item_group] Resetting generation and member id due to: consumer pro-actively leaving the group 
2025-02-14 13:44:21.560  INFO [org.apache.kafka.clients.consumer.internals.ConsumerCoordinator:1072] [Consumer clientId=consumer-item_group-2, groupId=item_group] Request joining group due to: consumer pro-actively leaving the group 
2025-02-14 13:44:21.560  INFO [org.apache.kafka.clients.consumer.internals.ConsumerCoordinator:1072] [Consumer clientId=consumer-item_group-3, groupId=item_group] Request joining group due to: consumer pro-actively leaving the group 
2025-02-14 13:44:21.561  INFO [org.apache.kafka.clients.consumer.internals.ConsumerCoordinator:1025] [Consumer clientId=consumer-item_group-1, groupId=item_group] Resetting generation and member id due to: consumer pro-actively leaving the group 
2025-02-14 13:44:21.561  INFO [org.apache.kafka.clients.consumer.internals.ConsumerCoordinator:1072] [Consumer clientId=consumer-item_group-1, groupId=item_group] Request joining group due to: consumer pro-actively leaving the group 
2025-02-14 13:44:21.564  INFO [org.apache.kafka.common.metrics.Metrics:693] Metrics scheduler closed 
2025-02-14 13:44:21.565  INFO [org.apache.kafka.common.metrics.Metrics:697] Closing reporter org.apache.kafka.common.metrics.JmxReporter 
2025-02-14 13:44:21.565  INFO [org.apache.kafka.common.metrics.Metrics:703] Metrics reporters closed 
2025-02-14 13:44:21.567  INFO [org.apache.kafka.common.utils.AppInfoParser:83] App info kafka.consumer for consumer-item_group-3 unregistered 
2025-02-14 13:44:21.567  INFO [org.springframework.kafka.listener.KafkaMessageListenerContainer:292] item_group: Consumer stopped 
2025-02-14 13:44:21.569  INFO [org.apache.kafka.common.metrics.Metrics:693] Metrics scheduler closed 
2025-02-14 13:44:21.569  INFO [org.apache.kafka.common.metrics.Metrics:697] Closing reporter org.apache.kafka.common.metrics.JmxReporter 
2025-02-14 13:44:21.569  INFO [org.apache.kafka.common.metrics.Metrics:703] Metrics reporters closed 
2025-02-14 13:44:21.572  INFO [org.apache.kafka.common.utils.AppInfoParser:83] App info kafka.consumer for consumer-item_group-2 unregistered 
2025-02-14 13:44:21.572  INFO [org.springframework.kafka.listener.KafkaMessageListenerContainer:292] item_group: Consumer stopped 
2025-02-14 13:44:21.782  INFO [org.apache.kafka.common.metrics.Metrics:693] Metrics scheduler closed 
2025-02-14 13:44:21.783  INFO [org.apache.kafka.common.metrics.Metrics:697] Closing reporter org.apache.kafka.common.metrics.JmxReporter 
2025-02-14 13:44:21.783  INFO [org.apache.kafka.common.metrics.Metrics:703] Metrics reporters closed 
2025-02-14 13:44:21.785  INFO [org.apache.kafka.common.utils.AppInfoParser:83] App info kafka.consumer for consumer-item_group-1 unregistered 
2025-02-14 13:44:21.785  INFO [org.springframework.kafka.listener.KafkaMessageListenerContainer:292] item_group: Consumer stopped 
2025-02-14 13:44:21.789  INFO [org.springframework.orm.jpa.LocalContainerEntityManagerFactoryBean:651] Closing JPA EntityManagerFactory for persistence unit 'default' 
2025-02-14 13:44:21.791  INFO [com.zaxxer.hikari.HikariDataSource:350] HikariPool-1 - Shutdown initiated... 
2025-02-14 13:44:21.793  INFO [com.zaxxer.hikari.HikariDataSource:352] HikariPool-1 - Shutdown completed. 
